,regime
1970-01-01 00:00:00.801797400,1
1970-01-01 00:00:00.801883800,3
1970-01-01 00:00:00.801970200,3
1970-01-01 00:00:00.802056600,3
1970-01-01 00:00:00.802315800,3
1970-01-01 00:00:00.802402200,3
1970-01-01 00:00:00.802488600,3
1970-01-01 00:00:00.802575000,3
1970-01-01 00:00:00.802661400,3
1970-01-01 00:00:00.802920600,3
1970-01-01 00:00:00.803007000,3
1970-01-01 00:00:00.803093400,3
1970-01-01 00:00:00.803179800,3
1970-01-01 00:00:00.803266200,3
1970-01-01 00:00:00.803525400,3
1970-01-01 00:00:00.803611800,3
1970-01-01 00:00:00.803698200,3
1970-01-01 00:00:00.803784600,3
1970-01-01 00:00:00.803871000,3
1970-01-01 00:00:00.804130200,3
1970-01-01 00:00:00.804216600,3
1970-01-01 00:00:00.804303000,3
1970-01-01 00:00:00.804389400,3
1970-01-01 00:00:00.804475800,3
1970-01-01 00:00:00.804735000,3
1970-01-01 00:00:00.804821400,3
1970-01-01 00:00:00.804907800,3
1970-01-01 00:00:00.804994200,3
1970-01-01 00:00:00.805080600,3
1970-01-01 00:00:00.805339800,3
1970-01-01 00:00:00.805426200,3
1970-01-01 00:00:00.805512600,3
1970-01-01 00:00:00.805599000,3
1970-01-01 00:00:00.805685400,3
1970-01-01 00:00:00.805944600,3
1970-01-01 00:00:00.806031000,3
1970-01-01 00:00:00.806117400,3
1970-01-01 00:00:00.806203800,3
1970-01-01 00:00:00.806290200,3
1970-01-01 00:00:00.806549400,3
1970-01-01 00:00:00.806635800,3
1970-01-01 00:00:00.806722200,3
1970-01-01 00:00:00.806808600,3
1970-01-01 00:00:00.806895000,3
1970-01-01 00:00:00.807154200,3
1970-01-01 00:00:00.807240600,3
1970-01-01 00:00:00.807327000,3
1970-01-01 00:00:00.807413400,3
1970-01-01 00:00:00.807499800,3
1970-01-01 00:00:00.807759000,3
1970-01-01 00:00:00.807845400,3
1970-01-01 00:00:00.807931800,3
1970-01-01 00:00:00.808018200,3
1970-01-01 00:00:00.808104600,3
1970-01-01 00:00:00.808363800,3
1970-01-01 00:00:00.808450200,3
1970-01-01 00:00:00.808536600,3
1970-01-01 00:00:00.808623000,3
1970-01-01 00:00:00.808709400,3
1970-01-01 00:00:00.808968600,3
1970-01-01 00:00:00.809055000,3
1970-01-01 00:00:00.809141400,3
1970-01-01 00:00:00.809227800,3
1970-01-01 00:00:00.809314200,3
1970-01-01 00:00:00.809573400,3
1970-01-01 00:00:00.809659800,3
1970-01-01 00:00:00.809746200,3
1970-01-01 00:00:00.809832600,3
1970-01-01 00:00:00.809919000,3
1970-01-01 00:00:00.810178200,3
1970-01-01 00:00:00.810264600,3
1970-01-01 00:00:00.810351000,3
1970-01-01 00:00:00.810437400,3
1970-01-01 00:00:00.810523800,3
1970-01-01 00:00:00.810783000,3
1970-01-01 00:00:00.810869400,3
1970-01-01 00:00:00.810955800,3
1970-01-01 00:00:00.811042200,3
1970-01-01 00:00:00.811128600,3
1970-01-01 00:00:00.811387800,3
1970-01-01 00:00:00.811474200,3
1970-01-01 00:00:00.811560600,3
1970-01-01 00:00:00.811647000,3
1970-01-01 00:00:00.811733400,3
1970-01-01 00:00:00.811992600,3
1970-01-01 00:00:00.812079000,3
1970-01-01 00:00:00.812165400,3
1970-01-01 00:00:00.812251800,3
1970-01-01 00:00:00.812338200,3
1970-01-01 00:00:00.812770200,3
1970-01-01 00:00:00.812856600,3
1970-01-01 00:00:00.812943000,3
1970-01-01 00:00:00.813202200,3
1970-01-01 00:00:00.813288600,3
1970-01-01 00:00:00.813375000,3
1970-01-01 00:00:00.813461400,3
1970-01-01 00:00:00.813547800,3
1970-01-01 00:00:00.813807000,3
1970-01-01 00:00:00.813893400,3
1970-01-01 00:00:00.813979800,3
1970-01-01 00:00:00.814066200,3
1970-01-01 00:00:00.814152600,3
1970-01-01 00:00:00.814411800,3
1970-01-01 00:00:00.814498200,3
1970-01-01 00:00:00.814584600,3
1970-01-01 00:00:00.814671000,3
1970-01-01 00:00:00.814757400,3
1970-01-01 00:00:00.815016600,3
1970-01-01 00:00:00.815103000,3
1970-01-01 00:00:00.815189400,3
1970-01-01 00:00:00.815275800,3
1970-01-01 00:00:00.815362200,3
1970-01-01 00:00:00.815621400,3
1970-01-01 00:00:00.815707800,3
1970-01-01 00:00:00.815794200,3
1970-01-01 00:00:00.815880600,3
1970-01-01 00:00:00.815967000,3
1970-01-01 00:00:00.816226200,3
1970-01-01 00:00:00.816312600,3
1970-01-01 00:00:00.816399000,3
1970-01-01 00:00:00.816485400,3
1970-01-01 00:00:00.816571800,3
1970-01-01 00:00:00.816831000,3
1970-01-01 00:00:00.816917400,3
1970-01-01 00:00:00.817003800,3
1970-01-01 00:00:00.817090200,3
1970-01-01 00:00:00.817176600,3
1970-01-01 00:00:00.817435800,3
1970-01-01 00:00:00.817522200,3
1970-01-01 00:00:00.817608600,3
1970-01-01 00:00:00.817695000,3
1970-01-01 00:00:00.817781400,3
1970-01-01 00:00:00.818040600,3
1970-01-01 00:00:00.818127000,3
1970-01-01 00:00:00.818213400,3
1970-01-01 00:00:00.818299800,3
1970-01-01 00:00:00.818386200,3
1970-01-01 00:00:00.818645400,3
1970-01-01 00:00:00.818731800,3
1970-01-01 00:00:00.818818200,3
1970-01-01 00:00:00.818904600,3
1970-01-01 00:00:00.818991000,3
1970-01-01 00:00:00.828322200,1
1970-01-01 00:00:00.828408600,1
1970-01-01 00:00:00.828495000,1
1970-01-01 00:00:00.828581400,1
1970-01-01 00:00:00.828667800,1
1970-01-01 00:00:00.828927000,1
1970-01-01 00:00:00.829013400,1
1970-01-01 00:00:00.829099800,1
1970-01-01 00:00:00.829186200,1
1970-01-01 00:00:00.829272600,1
1970-01-01 00:00:00.829531800,1
1970-01-01 00:00:00.829618200,1
1970-01-01 00:00:00.829704600,1
1970-01-01 00:00:00.829791000,1
1970-01-01 00:00:00.829877400,1
1970-01-01 00:00:00.830136600,1
1970-01-01 00:00:00.830223000,1
1970-01-01 00:00:00.830309400,1
1970-01-01 00:00:00.830395800,1
1970-01-01 00:00:00.830482200,1
1970-01-01 00:00:00.830741400,1
1970-01-01 00:00:00.830827800,1
1970-01-01 00:00:00.831000600,1
1970-01-01 00:00:00.831087000,1
1970-01-01 00:00:00.831346200,1
1970-01-01 00:00:00.831432600,1
1970-01-01 00:00:00.831519000,1
1970-01-01 00:00:00.831605400,1
1970-01-01 00:00:00.831691800,1
1970-01-01 00:00:00.831951000,1
1970-01-01 00:00:00.832037400,1
1970-01-01 00:00:00.832123800,1
1970-01-01 00:00:00.832210200,1
1970-01-01 00:00:00.832296600,1
1970-01-01 00:00:00.832555800,1
1970-01-01 00:00:00.832642200,1
1970-01-01 00:00:00.832728600,1
1970-01-01 00:00:00.832815000,1
1970-01-01 00:00:00.832901400,1
1970-01-01 00:00:00.833160600,1
1970-01-01 00:00:00.833247000,1
1970-01-01 00:00:00.833333400,1
1970-01-01 00:00:00.833419800,1
1970-01-01 00:00:00.833506200,1
1970-01-01 00:00:00.833765400,1
1970-01-01 00:00:00.833851800,1
1970-01-01 00:00:00.833938200,1
1970-01-01 00:00:00.834024600,1
1970-01-01 00:00:00.834111000,1
1970-01-01 00:00:00.834370200,1
1970-01-01 00:00:00.834456600,1
1970-01-01 00:00:00.834543000,1
1970-01-01 00:00:00.834629400,1
1970-01-01 00:00:00.834715800,1
1970-01-01 00:00:00.834975000,1
1970-01-01 00:00:00.835061400,1
1970-01-01 00:00:00.835147800,1
1970-01-01 00:00:00.835234200,1
1970-01-01 00:00:00.835320600,1
1970-01-01 00:00:00.835579800,1
1970-01-01 00:00:00.835666200,1
1970-01-01 00:00:00.835752600,1
1970-01-01 00:00:00.835839000,1
1970-01-01 00:00:00.835925400,3
1970-01-01 00:00:00.836184600,3
1970-01-01 00:00:00.836271000,3
1970-01-01 00:00:00.836357400,3
1970-01-01 00:00:00.836443800,3
1970-01-01 00:00:00.836530200,3
1970-01-01 00:00:00.836789400,3
1970-01-01 00:00:00.836875800,3
1970-01-01 00:00:00.836962200,3
1970-01-01 00:00:00.837048600,3
1970-01-01 00:00:00.837135000,3
1970-01-01 00:00:00.837394200,3
1970-01-01 00:00:00.837480600,3
1970-01-01 00:00:00.837567000,3
1970-01-01 00:00:00.837653400,3
1970-01-01 00:00:00.837739800,3
1970-01-01 00:00:00.837999000,3
1970-01-01 00:00:00.838085400,3
1970-01-01 00:00:00.838171800,3
1970-01-01 00:00:00.838258200,3
1970-01-01 00:00:00.838344600,3
1970-01-01 00:00:00.838603800,3
1970-01-01 00:00:00.838690200,3
1970-01-01 00:00:00.838776600,3
1970-01-01 00:00:00.838863000,3
1970-01-01 00:00:00.838949400,3
1970-01-01 00:00:00.839208600,3
1970-01-01 00:00:00.839295000,3
1970-01-01 00:00:00.839381400,3
1970-01-01 00:00:00.839467800,3
1970-01-01 00:00:00.839554200,3
1970-01-01 00:00:00.839813400,3
1970-01-01 00:00:00.839899800,3
1970-01-01 00:00:00.839986200,3
1970-01-01 00:00:00.840072600,3
1970-01-01 00:00:00.840159000,3
1970-01-01 00:00:00.840418200,3
1970-01-01 00:00:00.840504600,3
1970-01-01 00:00:00.840591000,3
1970-01-01 00:00:00.840677400,3
1970-01-01 00:00:00.840763800,3
1970-01-01 00:00:00.841023000,3
1970-01-01 00:00:00.841109400,3
1970-01-01 00:00:00.841195800,3
1970-01-01 00:00:00.841282200,3
1970-01-01 00:00:00.841368600,3
1970-01-01 00:00:00.841627800,3
1970-01-01 00:00:00.841714200,3
1970-01-01 00:00:00.841800600,3
1970-01-01 00:00:00.841887000,3
1970-01-01 00:00:00.841973400,3
1970-01-01 00:00:00.842232600,3
1970-01-01 00:00:00.842319000,3
1970-01-01 00:00:00.842405400,3
1970-01-01 00:00:00.842491800,3
1970-01-01 00:00:00.842578200,3
1970-01-01 00:00:00.842837400,3
1970-01-01 00:00:00.842923800,3
1970-01-01 00:00:00.843010200,3
1970-01-01 00:00:00.843096600,3
1970-01-01 00:00:00.881631000,1
1970-01-01 00:00:00.881717400,1
1970-01-01 00:00:00.881803800,1
1970-01-01 00:00:00.881890200,1
1970-01-01 00:00:00.882149400,1
1970-01-01 00:00:00.882235800,1
1970-01-01 00:00:00.882322200,1
1970-01-01 00:00:00.882408600,1
1970-01-01 00:00:00.882495000,1
1970-01-01 00:00:00.882754200,1
1970-01-01 00:00:00.882840600,1
1970-01-01 00:00:00.882927000,1
1970-01-01 00:00:00.883013400,1
1970-01-01 00:00:00.883099800,1
1970-01-01 00:00:00.883359000,1
1970-01-01 00:00:00.883445400,1
1970-01-01 00:00:00.883531800,1
1970-01-01 00:00:00.883963800,1
1970-01-01 00:00:00.884050200,1
1970-01-01 00:00:00.884136600,1
1970-01-01 00:00:00.884223000,1
1970-01-01 00:00:00.884309400,1
1970-01-01 00:00:00.884568600,1
1970-01-01 00:00:00.884655000,1
1970-01-01 00:00:00.884741400,1
1970-01-01 00:00:00.884827800,1
1970-01-01 00:00:00.884914200,1
1970-01-01 00:00:00.885173400,1
1970-01-01 00:00:00.885259800,1
1970-01-01 00:00:00.885346200,1
1970-01-01 00:00:00.885432600,1
1970-01-01 00:00:00.885519000,1
1970-01-01 00:00:00.886987800,1
1970-01-01 00:00:00.887074200,1
1970-01-01 00:00:00.887160600,1
1970-01-01 00:00:00.887247000,1
1970-01-01 00:00:00.887333400,1
1970-01-01 00:00:00.887592600,1
1970-01-01 00:00:00.887679000,1
1970-01-01 00:00:00.887765400,1
1970-01-01 00:00:00.887851800,1
1970-01-01 00:00:00.887938200,1
1970-01-01 00:00:00.888197400,1
1970-01-01 00:00:00.888283800,1
1970-01-01 00:00:00.888370200,1
1970-01-01 00:00:00.888456600,1
1970-01-01 00:00:00.888543000,1
1970-01-01 00:00:00.888802200,1
1970-01-01 00:00:00.888888600,1
1970-01-01 00:00:00.888975000,1
1970-01-01 00:00:00.889061400,1
1970-01-01 00:00:00.889147800,1
1970-01-01 00:00:00.889407000,1
1970-01-01 00:00:00.889493400,1
1970-01-01 00:00:00.889579800,1
1970-01-01 00:00:00.889666200,1
1970-01-01 00:00:00.889752600,1
1970-01-01 00:00:00.890011800,1
1970-01-01 00:00:00.890098200,1
1970-01-01 00:00:00.890184600,1
1970-01-01 00:00:00.890271000,1
1970-01-01 00:00:00.890357400,1
1970-01-01 00:00:00.890616600,1
1970-01-01 00:00:00.890703000,1
1970-01-01 00:00:00.890789400,1
1970-01-01 00:00:00.890875800,1
1970-01-01 00:00:00.890962200,1
1970-01-01 00:00:00.891221400,1
1970-01-01 00:00:00.891307800,1
1970-01-01 00:00:00.891394200,1
1970-01-01 00:00:00.891480600,1
1970-01-01 00:00:00.891567000,1
1970-01-01 00:00:00.891826200,1
1970-01-01 00:00:00.891912600,1
1970-01-01 00:00:00.891999000,1
1970-01-01 00:00:00.892085400,1
1970-01-01 00:00:00.892171800,1
1970-01-01 00:00:00.892431000,1
1970-01-01 00:00:00.892517400,1
1970-01-01 00:00:00.892603800,1
1970-01-01 00:00:00.892690200,1
1970-01-01 00:00:00.892776600,1
1970-01-01 00:00:00.893035800,1
1970-01-01 00:00:00.893122200,1
1970-01-01 00:00:00.893208600,1
1970-01-01 00:00:00.893295000,1
1970-01-01 00:00:00.893381400,1
1970-01-01 00:00:00.893640600,1
1970-01-01 00:00:00.893727000,1
1970-01-01 00:00:00.893813400,1
1970-01-01 00:00:00.893899800,1
1970-01-01 00:00:00.894245400,1
1970-01-01 00:00:00.894331800,1
1970-01-01 00:00:00.894418200,1
1970-01-01 00:00:00.894504600,1
1970-01-01 00:00:00.894591000,1
1970-01-01 00:00:00.894850200,1
1970-01-01 00:00:00.894936600,1
1970-01-01 00:00:00.895023000,1
1970-01-01 00:00:00.895109400,1
1970-01-01 00:00:00.895195800,1
1970-01-01 00:00:00.895455000,1
1970-01-01 00:00:00.895541400,1
1970-01-01 00:00:00.895627800,1
1970-01-01 00:00:00.895714200,1
1970-01-01 00:00:00.895800600,1
1970-01-01 00:00:00.896059800,1
1970-01-01 00:00:00.896146200,1
1970-01-01 00:00:00.896232600,1
1970-01-01 00:00:00.896319000,1
1970-01-01 00:00:00.896405400,1
1970-01-01 00:00:00.896664600,1
1970-01-01 00:00:00.896751000,1
1970-01-01 00:00:00.896837400,1
1970-01-01 00:00:00.896923800,1
1970-01-01 00:00:00.897010200,1
1970-01-01 00:00:00.897269400,1
1970-01-01 00:00:00.897355800,1
1970-01-01 00:00:00.897442200,1
1970-01-01 00:00:00.897528600,1
1970-01-01 00:00:00.897615000,1
1970-01-01 00:00:00.897874200,1
1970-01-01 00:00:00.897960600,1
1970-01-01 00:00:00.898047000,1
1970-01-01 00:00:00.898133400,1
1970-01-01 00:00:00.898219800,1
1970-01-01 00:00:00.898479000,1
1970-01-01 00:00:00.898565400,1
1970-01-01 00:00:00.898651800,1
1970-01-01 00:00:00.898738200,1
1970-01-01 00:00:00.898824600,1
1970-01-01 00:00:00.899083800,1
1970-01-01 00:00:00.899170200,1
1970-01-01 00:00:00.899256600,1
1970-01-01 00:00:00.899343000,1
1970-01-01 00:00:00.899429400,1
1970-01-01 00:00:00.899688600,1
1970-01-01 00:00:00.899775000,1
1970-01-01 00:00:00.899861400,1
1970-01-01 00:00:00.899947800,1
1970-01-01 00:00:00.900034200,1
1970-01-01 00:00:00.900293400,1
1970-01-01 00:00:00.908415000,0
1970-01-01 00:00:00.908501400,0
1970-01-01 00:00:00.908760600,0
1970-01-01 00:00:00.908847000,0
1970-01-01 00:00:00.908933400,0
1970-01-01 00:00:00.909019800,0
1970-01-01 00:00:00.909106200,0
1970-01-01 00:00:00.909365400,0
1970-01-01 00:00:00.909451800,0
1970-01-01 00:00:00.909538200,0
1970-01-01 00:00:00.909624600,0
1970-01-01 00:00:00.909711000,0
1970-01-01 00:00:00.909970200,0
1970-01-01 00:00:00.910056600,0
1970-01-01 00:00:00.910143000,0
1970-01-01 00:00:00.910229400,0
1970-01-01 00:00:00.910315800,0
1970-01-01 00:00:00.910575000,0
1970-01-01 00:00:00.910661400,0
1970-01-01 00:00:00.910747800,0
1970-01-01 00:00:00.910834200,0
1970-01-01 00:00:00.910920600,0
1970-01-01 00:00:00.911179800,0
1970-01-01 00:00:00.911266200,1
1970-01-01 00:00:00.911352600,1
1970-01-01 00:00:00.911439000,1
1970-01-01 00:00:00.911525400,1
1970-01-01 00:00:00.911784600,1
1970-01-01 00:00:00.911871000,1
1970-01-01 00:00:00.911957400,1
1970-01-01 00:00:00.912043800,1
1970-01-01 00:00:00.912130200,1
1970-01-01 00:00:00.912389400,1
1970-01-01 00:00:00.912475800,1
1970-01-01 00:00:00.912562200,1
1970-01-01 00:00:00.912648600,1
1970-01-01 00:00:00.912735000,1
1970-01-01 00:00:00.912994200,1
1970-01-01 00:00:00.913080600,1
1970-01-01 00:00:00.913167000,1
1970-01-01 00:00:00.913253400,1
1970-01-01 00:00:00.913339800,1
1970-01-01 00:00:00.913599000,1
1970-01-01 00:00:00.913685400,1
1970-01-01 00:00:00.913771800,1
1970-01-01 00:00:00.913858200,1
1970-01-01 00:00:00.913944600,1
1970-01-01 00:00:00.914203800,1
1970-01-01 00:00:00.914290200,1
1970-01-01 00:00:00.914376600,1
1970-01-01 00:00:00.914463000,1
1970-01-01 00:00:00.914549400,1
1970-01-01 00:00:00.914808600,1
1970-01-01 00:00:00.914895000,1
1970-01-01 00:00:00.914981400,1
1970-01-01 00:00:00.915067800,1
1970-01-01 00:00:00.915413400,1
1970-01-01 00:00:00.915499800,1
1970-01-01 00:00:00.915586200,1
1970-01-01 00:00:00.915672600,1
1970-01-01 00:00:00.915759000,1
1970-01-01 00:00:00.916018200,1
1970-01-01 00:00:00.916104600,1
1970-01-01 00:00:00.916191000,1
1970-01-01 00:00:00.916277400,1
1970-01-01 00:00:00.916363800,1
1970-01-01 00:00:00.916623000,1
1970-01-01 00:00:00.916709400,1
1970-01-01 00:00:00.916795800,1
1970-01-01 00:00:00.916882200,1
1970-01-01 00:00:00.916968600,1
1970-01-01 00:00:00.917227800,1
1970-01-01 00:00:00.917314200,1
1970-01-01 00:00:00.917400600,1
1970-01-01 00:00:00.917487000,1
1970-01-01 00:00:00.917573400,1
1970-01-01 00:00:00.917832600,1
1970-01-01 00:00:00.917919000,1
1970-01-01 00:00:00.918005400,1
1970-01-01 00:00:00.918091800,1
1970-01-01 00:00:00.918178200,1
1970-01-01 00:00:00.918437400,1
1970-01-01 00:00:00.918523800,1
1970-01-01 00:00:00.920251800,1
1970-01-01 00:00:00.920338200,1
1970-01-01 00:00:00.920424600,1
1970-01-01 00:00:00.920511000,1
1970-01-01 00:00:00.920597400,1
1970-01-01 00:00:00.920856600,1
1970-01-01 00:00:00.920943000,1
1970-01-01 00:00:00.921029400,1
1970-01-01 00:00:00.921115800,1
1970-01-01 00:00:00.921202200,1
1970-01-01 00:00:00.921461400,1
1970-01-01 00:00:00.921547800,1
1970-01-01 00:00:00.921634200,1
1970-01-01 00:00:00.921720600,1
1970-01-01 00:00:00.921807000,1
1970-01-01 00:00:00.922066200,1
1970-01-01 00:00:00.922152600,1
1970-01-01 00:00:00.922239000,1
1970-01-01 00:00:00.922325400,1
1970-01-01 00:00:00.922411800,1
1970-01-01 00:00:00.922671000,1
1970-01-01 00:00:00.922757400,1
1970-01-01 00:00:00.922843800,1
1970-01-01 00:00:00.922930200,1
1970-01-01 00:00:00.923016600,1
1970-01-01 00:00:00.923275800,1
1970-01-01 00:00:00.923362200,1
1970-01-01 00:00:00.923448600,1
1970-01-01 00:00:00.923535000,1
1970-01-01 00:00:00.923621400,1
1970-01-01 00:00:00.923880600,1
1970-01-01 00:00:00.923967000,1
1970-01-01 00:00:00.924053400,1
1970-01-01 00:00:00.924139800,1
1970-01-01 00:00:00.924226200,1
1970-01-01 00:00:00.924485400,1
1970-01-01 00:00:00.924571800,1
1970-01-01 00:00:00.924658200,1
1970-01-01 00:00:00.924744600,1
1970-01-01 00:00:00.924831000,1
1970-01-01 00:00:00.925090200,1
1970-01-01 00:00:00.925176600,1
1970-01-01 00:00:00.925263000,1
1970-01-01 00:00:00.925349400,1
1970-01-01 00:00:00.925435800,1
1970-01-01 00:00:00.925781400,1
1970-01-01 00:00:00.925867800,1
1970-01-01 00:00:00.925954200,1
1970-01-01 00:00:00.926040600,1
1970-01-01 00:00:00.926299800,1
1970-01-01 00:00:00.926386200,1
1970-01-01 00:00:00.926472600,1
1970-01-01 00:00:00.926559000,1
1970-01-01 00:00:00.926645400,1
1970-01-01 00:00:00.926904600,1
1970-01-01 00:00:00.926991000,1
1970-01-01 00:00:00.927077400,1
1970-01-01 00:00:00.927163800,1
1970-01-01 00:00:00.927250200,1
1970-01-01 00:00:00.927509400,1
1970-01-01 00:00:00.927595800,1
1970-01-01 00:00:00.927682200,1
1970-01-01 00:00:00.927768600,1
1970-01-01 00:00:00.927855000,1
1970-01-01 00:00:00.928114200,1
1970-01-01 00:00:00.928200600,1
1970-01-01 00:00:00.928287000,1
1970-01-01 00:00:00.928373400,1
1970-01-01 00:00:00.928459800,1
1970-01-01 00:00:00.928719000,1
1970-01-01 00:00:00.928805400,1
1970-01-01 00:00:00.928891800,1
1970-01-01 00:00:00.928978200,1
1970-01-01 00:00:00.929064600,1
1970-01-01 00:00:00.929323800,1
1970-01-01 00:00:00.929410200,1
1970-01-01 00:00:00.929496600,1
1970-01-01 00:00:00.929583000,1
1970-01-01 00:00:00.929669400,1
1970-01-01 00:00:00.929928600,1
1970-01-01 00:00:00.930015000,1
1970-01-01 00:00:00.930101400,1
1970-01-01 00:00:00.930187800,1
1970-01-01 00:00:00.930274200,1
1970-01-01 00:00:00.930533400,1
1970-01-01 00:00:00.930619800,1
1970-01-01 00:00:00.930706200,1
1970-01-01 00:00:00.930792600,0
1970-01-01 00:00:00.930879000,0
1970-01-01 00:00:00.931138200,0
1970-01-01 00:00:00.931224600,0
1970-01-01 00:00:00.931311000,0
1970-01-01 00:00:00.931397400,0
1970-01-01 00:00:00.931483800,0
1970-01-01 00:00:00.931743000,0
1970-01-01 00:00:00.931829400,0
1970-01-01 00:00:00.931915800,0
1970-01-01 00:00:00.932002200,0
1970-01-01 00:00:00.932088600,0
1970-01-01 00:00:00.932347800,0
1970-01-01 00:00:00.932434200,0
1970-01-01 00:00:00.932520600,0
1970-01-01 00:00:00.932607000,0
1970-01-01 00:00:00.932693400,0
1970-01-01 00:00:00.932952600,0
1970-01-01 00:00:00.933039000,0
1970-01-01 00:00:00.933125400,0
1970-01-01 00:00:00.933211800,0
1970-01-01 00:00:00.933298200,0
1970-01-01 00:00:00.933557400,0
1970-01-01 00:00:00.933643800,0
1970-01-01 00:00:00.933730200,0
1970-01-01 00:00:00.933816600,0
1970-01-01 00:00:00.933903000,0
1970-01-01 00:00:00.934162200,0
1970-01-01 00:00:00.934248600,0
1970-01-01 00:00:00.934335000,0
1970-01-01 00:00:00.934421400,0
1970-01-01 00:00:00.934507800,0
1970-01-01 00:00:00.934767000,0
1970-01-01 00:00:00.934853400,0
1970-01-01 00:00:00.934939800,0
1970-01-01 00:00:00.935026200,0
1970-01-01 00:00:00.935112600,0
1970-01-01 00:00:00.935371800,0
1970-01-01 00:00:00.935458200,0
1970-01-01 00:00:00.935544600,0
1970-01-01 00:00:00.935631000,0
1970-01-01 00:00:00.935717400,0
1970-01-01 00:00:00.935976600,0
1970-01-01 00:00:00.936063000,0
1970-01-01 00:00:00.936149400,0
1970-01-01 00:00:00.936235800,0
1970-01-01 00:00:00.936322200,0
1970-01-01 00:00:00.936581400,0
1970-01-01 00:00:00.936667800,0
1970-01-01 00:00:00.936754200,0
1970-01-01 00:00:00.936840600,1
1970-01-01 00:00:00.936927000,1
1970-01-01 00:00:00.937186200,1
1970-01-01 00:00:00.937272600,1
1970-01-01 00:00:00.937359000,1
1970-01-01 00:00:00.937445400,1
1970-01-01 00:00:00.937531800,1
1970-01-01 00:00:00.937791000,1
1970-01-01 00:00:00.937877400,1
1970-01-01 00:00:00.937963800,1
1970-01-01 00:00:00.938050200,1
1970-01-01 00:00:00.938136600,1
1970-01-01 00:00:00.938395800,1
1970-01-01 00:00:00.938482200,1
1970-01-01 00:00:00.938568600,1
1970-01-01 00:00:00.938655000,1
1970-01-01 00:00:00.939346200,1
1970-01-01 00:00:00.939605400,1
1970-01-01 00:00:00.939691800,1
1970-01-01 00:00:00.939778200,1
1970-01-01 00:00:00.939864600,1
1970-01-01 00:00:00.939951000,1
1970-01-01 00:00:00.940210200,1
1970-01-01 00:00:00.940296600,1
1970-01-01 00:00:00.940383000,1
1970-01-01 00:00:00.940469400,1
1970-01-01 00:00:00.940555800,1
1970-01-01 00:00:00.940815000,1
1970-01-01 00:00:00.940901400,1
1970-01-01 00:00:00.940987800,1
1970-01-01 00:00:00.941074200,1
1970-01-01 00:00:00.941160600,1
1970-01-01 00:00:00.941419800,1
1970-01-01 00:00:00.941506200,1
1970-01-01 00:00:00.941592600,1
1970-01-01 00:00:00.941679000,1
1970-01-01 00:00:00.941765400,1
1970-01-01 00:00:00.942024600,1
1970-01-01 00:00:00.942111000,1
1970-01-01 00:00:00.942197400,1
1970-01-01 00:00:00.942283800,1
1970-01-01 00:00:00.942370200,1
1970-01-01 00:00:00.942629400,1
1970-01-01 00:00:00.942715800,1
1970-01-01 00:00:00.942802200,1
1970-01-01 00:00:00.942888600,1
1970-01-01 00:00:00.942975000,1
1970-01-01 00:00:00.943234200,1
1970-01-01 00:00:00.943320600,1
1970-01-01 00:00:00.943407000,1
1970-01-01 00:00:00.943493400,1
1970-01-01 00:00:00.943579800,1
1970-01-01 00:00:00.943839000,1
1970-01-01 00:00:00.943925400,1
1970-01-01 00:00:00.944011800,1
1970-01-01 00:00:00.944098200,1
1970-01-01 00:00:00.944184600,1
1970-01-01 00:00:00.944443800,1
1970-01-01 00:00:00.944530200,1
1970-01-01 00:00:00.944616600,1
1970-01-01 00:00:00.944703000,1
1970-01-01 00:00:00.944789400,1
1970-01-01 00:00:00.945048600,1
1970-01-01 00:00:00.945135000,1
1970-01-01 00:00:00.945221400,1
1970-01-01 00:00:00.945307800,1
1970-01-01 00:00:00.945394200,1
1970-01-01 00:00:00.945739800,1
1970-01-01 00:00:00.945826200,1
1970-01-01 00:00:00.945912600,1
1970-01-01 00:00:00.945999000,1
1970-01-01 00:00:00.946258200,1
1970-01-01 00:00:00.946344600,1
1970-01-01 00:00:00.946431000,1
1970-01-01 00:00:00.946517400,1
1970-01-01 00:00:00.946949400,1
1970-01-01 00:00:00.947035800,1
1970-01-01 00:00:00.947122200,1
1970-01-01 00:00:00.947208600,1
1970-01-01 00:00:00.947467800,1
1970-01-01 00:00:00.947554200,1
1970-01-01 00:00:00.947640600,1
1970-01-01 00:00:00.947727000,1
1970-01-01 00:00:00.947813400,1
1970-01-01 00:00:00.948072600,1
1970-01-01 00:00:00.948159000,1
1970-01-01 00:00:00.948245400,1
1970-01-01 00:00:00.948331800,1
1970-01-01 00:00:00.948418200,1
1970-01-01 00:00:00.948677400,1
1970-01-01 00:00:00.948763800,1
1970-01-01 00:00:00.948850200,1
1970-01-01 00:00:00.948936600,1
1970-01-01 00:00:00.949023000,1
1970-01-01 00:00:00.950491800,1
1970-01-01 00:00:00.950578200,1
1970-01-01 00:00:00.950664600,1
1970-01-01 00:00:00.950751000,1
1970-01-01 00:00:00.950837400,1
1970-01-01 00:00:00.951096600,1
1970-01-01 00:00:00.951183000,1
1970-01-01 00:00:00.951269400,1
1970-01-01 00:00:00.951355800,1
1970-01-01 00:00:00.951442200,1
1970-01-01 00:00:00.951701400,1
1970-01-01 00:00:00.951787800,1
1970-01-01 00:00:00.951874200,1
1970-01-01 00:00:00.951960600,1
1970-01-01 00:00:00.952047000,1
1970-01-01 00:00:00.952306200,1
1970-01-01 00:00:00.952392600,1
1970-01-01 00:00:00.952479000,1
1970-01-01 00:00:00.952565400,1
1970-01-01 00:00:00.952651800,1
1970-01-01 00:00:00.952911000,1
1970-01-01 00:00:00.952997400,1
1970-01-01 00:00:00.953083800,1
1970-01-01 00:00:00.953170200,1
1970-01-01 00:00:00.953256600,1
1970-01-01 00:00:00.953515800,1
1970-01-01 00:00:00.953602200,1
1970-01-01 00:00:00.953688600,1
1970-01-01 00:00:00.953775000,1
1970-01-01 00:00:00.953861400,1
1970-01-01 00:00:00.954120600,1
1970-01-01 00:00:00.954207000,1
1970-01-01 00:00:00.954293400,1
1970-01-01 00:00:00.954379800,1
1970-01-01 00:00:00.954466200,1
1970-01-01 00:00:00.954725400,1
1970-01-01 00:00:00.954811800,1
1970-01-01 00:00:00.954898200,1
1970-01-01 00:00:00.954984600,1
1970-01-01 00:00:00.955071000,1
1970-01-01 00:00:00.955330200,1
1970-01-01 00:00:00.955416600,1
1970-01-01 00:00:00.955503000,1
1970-01-01 00:00:00.955589400,1
1970-01-01 00:00:00.955675800,0
1970-01-01 00:00:00.955935000,0
1970-01-01 00:00:00.956021400,0
1970-01-01 00:00:00.956107800,0
1970-01-01 00:00:00.956194200,0
1970-01-01 00:00:00.956280600,0
1970-01-01 00:00:00.956539800,0
1970-01-01 00:00:00.956626200,0
1970-01-01 00:00:00.956712600,0
1970-01-01 00:00:00.956799000,0
1970-01-01 00:00:00.956885400,0
1970-01-01 00:00:00.957749400,0
1970-01-01 00:00:00.957835800,0
1970-01-01 00:00:00.957922200,0
1970-01-01 00:00:00.958008600,0
1970-01-01 00:00:00.958095000,0
1970-01-01 00:00:00.958354200,0
1970-01-01 00:00:00.958440600,0
1970-01-01 00:00:00.958527000,0
1970-01-01 00:00:00.958613400,1
1970-01-01 00:00:00.958699800,1
1970-01-01 00:00:00.958959000,1
1970-01-01 00:00:00.959045400,1
1970-01-01 00:00:00.959131800,1
1970-01-01 00:00:00.959218200,1
1970-01-01 00:00:00.959304600,1
1970-01-01 00:00:00.959563800,1
1970-01-01 00:00:00.959650200,1
1970-01-01 00:00:00.959736600,1
1970-01-01 00:00:00.959823000,1
1970-01-01 00:00:00.959909400,1
1970-01-01 00:00:00.960168600,1
1970-01-01 00:00:00.960255000,1
1970-01-01 00:00:00.960341400,1
1970-01-01 00:00:00.960427800,1
1970-01-01 00:00:00.960514200,1
1970-01-01 00:00:00.960773400,1
1970-01-01 00:00:00.960859800,1
1970-01-01 00:00:00.960946200,1
1970-01-01 00:00:00.961032600,1
1970-01-01 00:00:00.961119000,1
1970-01-01 00:00:00.961378200,1
1970-01-01 00:00:00.961464600,1
1970-01-01 00:00:00.961551000,1
1970-01-01 00:00:00.961637400,1
1970-01-01 00:00:00.961723800,1
1970-01-01 00:00:00.961983000,1
1970-01-01 00:00:00.962069400,1
1970-01-01 00:00:00.962155800,1
1970-01-01 00:00:00.962242200,1
1970-01-01 00:00:00.962328600,1
1970-01-01 00:00:00.962587800,1
1970-01-01 00:00:00.962674200,1
1970-01-01 00:00:00.962760600,1
1970-01-01 00:00:00.962847000,1
1970-01-01 00:00:00.962933400,1
1970-01-01 00:00:00.963192600,1
1970-01-01 00:00:00.963279000,1
1970-01-01 00:00:00.963365400,1
1970-01-01 00:00:00.963451800,1
1970-01-01 00:00:00.963538200,1
1970-01-01 00:00:00.963797400,1
1970-01-01 00:00:00.963883800,1
1970-01-01 00:00:00.963970200,1
1970-01-01 00:00:00.964056600,1
1970-01-01 00:00:00.964143000,1
1970-01-01 00:00:00.964402200,1
1970-01-01 00:00:00.964488600,1
1970-01-01 00:00:00.964575000,1
1970-01-01 00:00:00.964661400,1
1970-01-01 00:00:00.964747800,1
1970-01-01 00:00:00.965007000,1
1970-01-01 00:00:00.965093400,1
1970-01-01 00:00:00.965179800,1
1970-01-01 00:00:00.965266200,1
1970-01-01 00:00:00.965352600,1
1970-01-01 00:00:00.965611800,1
1970-01-01 00:00:00.965698200,1
1970-01-01 00:00:00.965784600,1
1970-01-01 00:00:00.965871000,1
1970-01-01 00:00:00.965957400,1
1970-01-01 00:00:00.966216600,1
1970-01-01 00:00:00.966303000,1
1970-01-01 00:00:00.966389400,1
1970-01-01 00:00:00.966475800,1
1970-01-01 00:00:00.966562200,1
1970-01-01 00:00:00.966821400,1
1970-01-01 00:00:00.966907800,1
1970-01-01 00:00:00.966994200,1
1970-01-01 00:00:00.967080600,1
1970-01-01 00:00:00.967167000,1
1970-01-01 00:00:00.967426200,1
1970-01-01 00:00:00.967512600,1
1970-01-01 00:00:00.967599000,1
1970-01-01 00:00:00.967685400,1
1970-01-01 00:00:00.967771800,1
1970-01-01 00:00:00.968031000,1
1970-01-01 00:00:00.968117400,1
1970-01-01 00:00:00.968203800,1
1970-01-01 00:00:00.968290200,1
1970-01-01 00:00:00.968376600,1
1970-01-01 00:00:00.968635800,1
1970-01-01 00:00:00.968722200,1
1970-01-01 00:00:00.968808600,1
1970-01-01 00:00:00.968895000,1
1970-01-01 00:00:00.968981400,1
1970-01-01 00:00:00.969240600,1
1970-01-01 00:00:00.969327000,1
1970-01-01 00:00:00.969413400,1
1970-01-01 00:00:00.969499800,1
1970-01-01 00:00:00.969586200,1
1970-01-01 00:00:00.969845400,1
1970-01-01 00:00:00.969931800,1
1970-01-01 00:00:00.970018200,1
1970-01-01 00:00:00.970104600,1
1970-01-01 00:00:00.970191000,1
1970-01-01 00:00:00.971055000,1
1970-01-01 00:00:00.971141400,1
1970-01-01 00:00:00.971227800,1
1970-01-01 00:00:00.971314200,1
1970-01-01 00:00:00.971400600,1
1970-01-01 00:00:00.971659800,1
1970-01-01 00:00:00.971746200,1
1970-01-01 00:00:00.971832600,1
1970-01-01 00:00:00.971919000,1
1970-01-01 00:00:00.972005400,1
1970-01-01 00:00:00.972264600,1
1970-01-01 00:00:00.972351000,1
1970-01-01 00:00:00.972437400,1
1970-01-01 00:00:00.972523800,1
1970-01-01 00:00:00.972610200,1
1970-01-01 00:00:00.972869400,1
1970-01-01 00:00:00.972955800,1
1970-01-01 00:00:00.973042200,1
1970-01-01 00:00:00.973128600,1
1970-01-01 00:00:00.973215000,1
1970-01-01 00:00:00.973474200,1
1970-01-01 00:00:00.973560600,1
1970-01-01 00:00:00.973647000,1
1970-01-01 00:00:00.973733400,1
1970-01-01 00:00:00.973819800,1
1970-01-01 00:00:00.974079000,1
1970-01-01 00:00:00.974165400,1
1970-01-01 00:00:00.974251800,1
1970-01-01 00:00:00.974338200,1
1970-01-01 00:00:00.974424600,1
1970-01-01 00:00:00.974683800,1
1970-01-01 00:00:00.974770200,1
1970-01-01 00:00:00.974856600,1
1970-01-01 00:00:00.974943000,1
1970-01-01 00:00:00.975029400,1
1970-01-01 00:00:00.975288600,1
1970-01-01 00:00:00.975375000,1
1970-01-01 00:00:00.975461400,1
1970-01-01 00:00:00.975547800,1
1970-01-01 00:00:00.975634200,1
1970-01-01 00:00:00.975893400,1
1970-01-01 00:00:00.975979800,1
1970-01-01 00:00:00.976066200,1
1970-01-01 00:00:00.976152600,1
1970-01-01 00:00:00.976239000,1
1970-01-01 00:00:00.976498200,1
1970-01-01 00:00:00.976584600,1
1970-01-01 00:00:00.976671000,1
1970-01-01 00:00:00.976757400,1
1970-01-01 00:00:00.976843800,1
1970-01-01 00:00:00.977103000,1
1970-01-01 00:00:00.977189400,1
1970-01-01 00:00:00.977275800,1
1970-01-01 00:00:00.977362200,1
1970-01-01 00:00:00.977448600,1
1970-01-01 00:00:00.977707800,1
1970-01-01 00:00:00.977794200,1
1970-01-01 00:00:00.977880600,1
1970-01-01 00:00:00.977967000,1
1970-01-01 00:00:00.978053400,1
1970-01-01 00:00:00.978399000,1
1970-01-01 00:00:00.978485400,1
1970-01-01 00:00:00.978571800,1
1970-01-01 00:00:00.978658200,1
1970-01-01 00:00:00.978917400,1
1970-01-01 00:00:00.979003800,1
1970-01-01 00:00:00.979090200,1
1970-01-01 00:00:00.979176600,1
1970-01-01 00:00:00.979263000,1
1970-01-01 00:00:00.979522200,1
1970-01-01 00:00:00.979608600,1
1970-01-01 00:00:00.979695000,1
1970-01-01 00:00:00.979781400,1
1970-01-01 00:00:00.979867800,1
1970-01-01 00:00:00.981336600,1
1970-01-01 00:00:00.981423000,1
1970-01-01 00:00:00.981509400,1
1970-01-01 00:00:00.981595800,1
1970-01-01 00:00:00.981682200,1
1970-01-01 00:00:00.981941400,1
1970-01-01 00:00:00.982027800,1
1970-01-01 00:00:00.982114200,1
1970-01-01 00:00:00.982200600,1
1970-01-01 00:00:00.982287000,1
1970-01-01 00:00:00.982546200,1
1970-01-01 00:00:00.982632600,1
1970-01-01 00:00:00.982719000,1
1970-01-01 00:00:00.982805400,1
1970-01-01 00:00:00.982891800,1
1970-01-01 00:00:00.983151000,1
1970-01-01 00:00:00.983237400,1
1970-01-01 00:00:00.983323800,1
1970-01-01 00:00:00.983410200,1
1970-01-01 00:00:00.983496600,1
1970-01-01 00:00:00.983755800,1
1970-01-01 00:00:00.983842200,1
1970-01-01 00:00:00.983928600,1
1970-01-01 00:00:00.984015000,1
1970-01-01 00:00:00.984101400,1
1970-01-01 00:00:00.984360600,1
1970-01-01 00:00:00.984447000,1
1970-01-01 00:00:00.984533400,1
1970-01-01 00:00:00.984619800,1
1970-01-01 00:00:00.984706200,1
1970-01-01 00:00:00.984965400,1
1970-01-01 00:00:00.985051800,1
1970-01-01 00:00:00.985138200,1
1970-01-01 00:00:00.985224600,1
1970-01-01 00:00:00.985311000,1
1970-01-01 00:00:00.985570200,1
1970-01-01 00:00:00.985656600,1
1970-01-01 00:00:00.985743000,1
1970-01-01 00:00:00.985829400,1
1970-01-01 00:00:00.985915800,1
1970-01-01 00:00:00.986175000,1
1970-01-01 00:00:00.986261400,1
1970-01-01 00:00:00.986347800,1
1970-01-01 00:00:00.986434200,1
1970-01-01 00:00:00.986520600,1
1970-01-01 00:00:00.986779800,1
1970-01-01 00:00:00.986866200,1
1970-01-01 00:00:00.986952600,1
1970-01-01 00:00:00.987039000,1
1970-01-01 00:00:00.987125400,1
1970-01-01 00:00:00.987384600,1
1970-01-01 00:00:00.987471000,1
1970-01-01 00:00:00.987557400,1
1970-01-01 00:00:00.987643800,1
1970-01-01 00:00:00.987730200,1
1970-01-01 00:00:00.987989400,1
1970-01-01 00:00:00.988075800,1
1970-01-01 00:00:00.988162200,1
1970-01-01 00:00:00.988248600,1
1970-01-01 00:00:00.988335000,1
1970-01-01 00:00:00.988594200,1
1970-01-01 00:00:00.989285400,1
1970-01-01 00:00:00.989371800,1
1970-01-01 00:00:00.989458200,1
1970-01-01 00:00:00.989544600,1
1970-01-01 00:00:00.989803800,1
1970-01-01 00:00:00.989890200,1
1970-01-01 00:00:00.989976600,1
1970-01-01 00:00:00.990063000,1
1970-01-01 00:00:00.990149400,1
1970-01-01 00:00:00.990408600,1
1970-01-01 00:00:00.990495000,1
1970-01-01 00:00:00.990581400,1
1970-01-01 00:00:00.990667800,1
1970-01-01 00:00:00.990754200,1
1970-01-01 00:00:00.991013400,1
1970-01-01 00:00:00.991099800,1
1970-01-01 00:00:00.991186200,1
1970-01-01 00:00:00.991272600,1
1970-01-01 00:00:00.991359000,1
1970-01-01 00:00:00.991618200,1
1970-01-01 00:00:00.991704600,1
1970-01-01 00:00:00.991791000,1
1970-01-01 00:00:00.991877400,1
1970-01-01 00:00:00.991963800,1
1970-01-01 00:00:00.992223000,1
1970-01-01 00:00:00.992309400,1
1970-01-01 00:00:00.992395800,1
1970-01-01 00:00:00.992482200,1
1970-01-01 00:00:00.992568600,1
1970-01-01 00:00:00.992827800,1
1970-01-01 00:00:00.992914200,1
1970-01-01 00:00:00.993000600,1
1970-01-01 00:00:00.993087000,1
1970-01-01 00:00:00.993173400,1
1970-01-01 00:00:00.993432600,1
1970-01-01 00:00:00.993519000,1
1970-01-01 00:00:00.993605400,1
1970-01-01 00:00:00.993691800,1
1970-01-01 00:00:00.993778200,1
1970-01-01 00:00:00.994037400,1
1970-01-01 00:00:00.994123800,1
1970-01-01 00:00:00.994210200,1
1970-01-01 00:00:00.994296600,1
1970-01-01 00:00:00.994383000,1
1970-01-01 00:00:00.994642200,1
1970-01-01 00:00:00.994728600,1
1970-01-01 00:00:00.994815000,1
1970-01-01 00:00:00.994901400,1
1970-01-01 00:00:00.994987800,1
1970-01-01 00:00:00.995247000,1
1970-01-01 00:00:00.995333400,1
1970-01-01 00:00:00.995419800,1
1970-01-01 00:00:00.995506200,1
1970-01-01 00:00:00.995592600,1
1970-01-01 00:00:00.995851800,1
1970-01-01 00:00:00.995938200,1
1970-01-01 00:00:00.996024600,1
1970-01-01 00:00:00.996111000,1
1970-01-01 00:00:00.996197400,1
1970-01-01 00:00:00.996456600,1
1970-01-01 00:00:00.996543000,1
1970-01-01 00:00:00.996629400,1
1970-01-01 00:00:00.996715800,1
1970-01-01 00:00:00.996802200,1
1970-01-01 00:00:00.997061400,1
1970-01-01 00:00:00.997147800,1
1970-01-01 00:00:00.997234200,1
1970-01-01 00:00:00.997320600,1
1970-01-01 00:00:00.997407000,1
1970-01-01 00:00:00.997666200,1
1970-01-01 00:00:00.997752600,1
1970-01-01 00:00:00.997839000,1
1970-01-01 00:00:00.997925400,1
1970-01-01 00:00:00.998011800,1
1970-01-01 00:00:00.998271000,1
1970-01-01 00:00:00.998357400,1
1970-01-01 00:00:00.998443800,1
1970-01-01 00:00:00.998530200,1
1970-01-01 00:00:00.998616600,1
1970-01-01 00:00:00.998875800,1
1970-01-01 00:00:00.998962200,1
1970-01-01 00:00:00.999048600,1
1970-01-01 00:00:00.999135000,1
1970-01-01 00:00:00.999221400,1
1970-01-01 00:00:00.999480600,1
1970-01-01 00:00:00.999567000,1
1970-01-01 00:00:00.999653400,1
1970-01-01 00:00:00.999739800,1
1970-01-01 00:00:00.999826200,1
1970-01-01 00:00:01.000085400,1
1970-01-01 00:00:01.000171800,1
1970-01-01 00:00:01.000258200,1
1970-01-01 00:00:01.000344600,1
1970-01-01 00:00:01.000431000,1
1970-01-01 00:00:01.000690200,1
1970-01-01 00:00:01.000776600,1
1970-01-01 00:00:01.000863000,1
1970-01-01 00:00:01.000949400,1
1970-01-01 00:00:01.001035800,1
1970-01-01 00:00:01.001295000,1
1970-01-01 00:00:01.001381400,1
1970-01-01 00:00:01.001467800,1
1970-01-01 00:00:01.001554200,1
1970-01-01 00:00:01.001640600,1
1970-01-01 00:00:01.002504600,1
1970-01-01 00:00:01.002591000,1
1970-01-01 00:00:01.002677400,1
1970-01-01 00:00:01.002763800,1
1970-01-01 00:00:01.002850200,1
1970-01-01 00:00:01.003109400,1
1970-01-01 00:00:01.003195800,1
1970-01-01 00:00:01.003282200,1
1970-01-01 00:00:01.003368600,1
1970-01-01 00:00:01.003455000,1
1970-01-01 00:00:01.003714200,1
1970-01-01 00:00:01.003800600,1
1970-01-01 00:00:01.003887000,1
1970-01-01 00:00:01.003973400,1
1970-01-01 00:00:01.004059800,1
1970-01-01 00:00:01.004319000,1
1970-01-01 00:00:01.004405400,1
1970-01-01 00:00:01.004491800,1
1970-01-01 00:00:01.004578200,1
1970-01-01 00:00:01.004664600,1
1970-01-01 00:00:01.004923800,1
1970-01-01 00:00:01.005010200,1
1970-01-01 00:00:01.005096600,1
1970-01-01 00:00:01.005183000,1
1970-01-01 00:00:01.005269400,1
1970-01-01 00:00:01.005528600,1
1970-01-01 00:00:01.005615000,1
1970-01-01 00:00:01.005701400,1
1970-01-01 00:00:01.005787800,1
1970-01-01 00:00:01.005874200,1
1970-01-01 00:00:01.006133400,3
1970-01-01 00:00:01.006219800,3
1970-01-01 00:00:01.006306200,3
1970-01-01 00:00:01.006392600,3
1970-01-01 00:00:01.006479000,3
1970-01-01 00:00:01.006738200,3
1970-01-01 00:00:01.006824600,3
1970-01-01 00:00:01.006911000,3
1970-01-01 00:00:01.006997400,3
1970-01-01 00:00:01.007083800,3
1970-01-01 00:00:01.007343000,3
1970-01-01 00:00:01.007429400,3
1970-01-01 00:00:01.007515800,3
1970-01-01 00:00:01.007602200,3
1970-01-01 00:00:01.007688600,3
1970-01-01 00:00:01.007947800,3
1970-01-01 00:00:01.008034200,3
1970-01-01 00:00:01.008120600,3
1970-01-01 00:00:01.008207000,3
1970-01-01 00:00:01.008293400,3
1970-01-01 00:00:01.008552600,3
1970-01-01 00:00:01.008639000,3
1970-01-01 00:00:01.008725400,3
1970-01-01 00:00:01.008811800,3
1970-01-01 00:00:01.008898200,3
1970-01-01 00:00:01.009157400,3
1970-01-01 00:00:01.009243800,3
1970-01-01 00:00:01.009330200,3
1970-01-01 00:00:01.009416600,3
1970-01-01 00:00:01.009503000,3
1970-01-01 00:00:01.009762200,3
1970-01-01 00:00:01.010107800,3
1970-01-01 00:00:01.010367000,3
1970-01-01 00:00:01.010453400,3
1970-01-01 00:00:01.010539800,3
1970-01-01 00:00:01.010626200,3
1970-01-01 00:00:01.010712600,3
1970-01-01 00:00:01.010971800,3
1970-01-01 00:00:01.011058200,3
1970-01-01 00:00:01.011144600,3
1970-01-01 00:00:01.011231000,3
1970-01-01 00:00:01.011317400,3
1970-01-01 00:00:01.011576600,3
1970-01-01 00:00:01.011663000,3
1970-01-01 00:00:01.011749400,3
1970-01-01 00:00:01.011835800,3
1970-01-01 00:00:01.011922200,3
1970-01-01 00:00:01.012181400,3
1970-01-01 00:00:01.012267800,3
1970-01-01 00:00:01.012354200,3
1970-01-01 00:00:01.012440600,3
1970-01-01 00:00:01.012527000,3
1970-01-01 00:00:01.012786200,3
1970-01-01 00:00:01.012872600,3
1970-01-01 00:00:01.012959000,3
1970-01-01 00:00:01.013045400,3
1970-01-01 00:00:01.013131800,3
1970-01-01 00:00:01.014600600,3
1970-01-01 00:00:01.014687000,3
1970-01-01 00:00:01.014773400,3
1970-01-01 00:00:01.014859800,3
1970-01-01 00:00:01.014946200,3
1970-01-01 00:00:01.015205400,3
1970-01-01 00:00:01.015291800,3
1970-01-01 00:00:01.015378200,3
1970-01-01 00:00:01.015464600,3
1970-01-01 00:00:01.015551000,3
1970-01-01 00:00:01.015810200,3
1970-01-01 00:00:01.015896600,3
1970-01-01 00:00:01.015983000,3
1970-01-01 00:00:01.016069400,3
1970-01-01 00:00:01.016155800,3
1970-01-01 00:00:01.016415000,3
1970-01-01 00:00:01.016501400,3
1970-01-01 00:00:01.016587800,3
1970-01-01 00:00:01.016674200,3
1970-01-01 00:00:01.016760600,3
1970-01-01 00:00:01.017019800,3
1970-01-01 00:00:01.017106200,3
1970-01-01 00:00:01.017192600,3
1970-01-01 00:00:01.017279000,3
1970-01-01 00:00:01.017365400,3
1970-01-01 00:00:01.017624600,3
1970-01-01 00:00:01.017711000,3
1970-01-01 00:00:01.017797400,3
1970-01-01 00:00:01.017883800,3
1970-01-01 00:00:01.017970200,3
1970-01-01 00:00:01.018229400,3
1970-01-01 00:00:01.018315800,3
1970-01-01 00:00:01.018402200,3
1970-01-01 00:00:01.018488600,3
1970-01-01 00:00:01.018575000,3
1970-01-01 00:00:01.018834200,3
1970-01-01 00:00:01.018920600,3
1970-01-01 00:00:01.019007000,3
1970-01-01 00:00:01.019093400,3
1970-01-01 00:00:01.019179800,3
1970-01-01 00:00:01.019439000,3
1970-01-01 00:00:01.019525400,3
1970-01-01 00:00:01.019611800,3
1970-01-01 00:00:01.019698200,3
1970-01-01 00:00:01.019784600,3
1970-01-01 00:00:01.020043800,3
1970-01-01 00:00:01.020130200,3
1970-01-01 00:00:01.020821400,3
1970-01-01 00:00:01.020907800,3
1970-01-01 00:00:01.020994200,3
1970-01-01 00:00:01.021253400,3
1970-01-01 00:00:01.021339800,3
1970-01-01 00:00:01.021426200,3
1970-01-01 00:00:01.021512600,3
1970-01-01 00:00:01.021599000,3
1970-01-01 00:00:01.021858200,3
1970-01-01 00:00:01.021944600,3
1970-01-01 00:00:01.022031000,3
1970-01-01 00:00:01.022117400,3
1970-01-01 00:00:01.022203800,3
1970-01-01 00:00:01.022463000,3
1970-01-01 00:00:01.022549400,3
1970-01-01 00:00:01.022635800,3
1970-01-01 00:00:01.022722200,3
1970-01-01 00:00:01.022808600,3
1970-01-01 00:00:01.023067800,3
1970-01-01 00:00:01.023154200,3
1970-01-01 00:00:01.023240600,3
1970-01-01 00:00:01.023327000,3
1970-01-01 00:00:01.023413400,1
1970-01-01 00:00:01.023672600,1
1970-01-01 00:00:01.023759000,1
1970-01-01 00:00:01.023845400,1
1970-01-01 00:00:01.023931800,1
1970-01-01 00:00:01.024018200,1
1970-01-01 00:00:01.024277400,1
1970-01-01 00:00:01.024363800,1
1970-01-01 00:00:01.024450200,1
1970-01-01 00:00:01.024536600,1
1970-01-01 00:00:01.024623000,3
1970-01-01 00:00:01.024882200,3
1970-01-01 00:00:01.024968600,3
1970-01-01 00:00:01.025055000,3
1970-01-01 00:00:01.025141400,3
1970-01-01 00:00:01.025227800,3
1970-01-01 00:00:01.025487000,3
1970-01-01 00:00:01.025573400,3
1970-01-01 00:00:01.025659800,3
1970-01-01 00:00:01.025746200,3
1970-01-01 00:00:01.025832600,3
1970-01-01 00:00:01.026091800,3
1970-01-01 00:00:01.026178200,3
1970-01-01 00:00:01.026264600,3
1970-01-01 00:00:01.026351000,3
1970-01-01 00:00:01.026437400,3
1970-01-01 00:00:01.026696600,3
1970-01-01 00:00:01.026783000,3
1970-01-01 00:00:01.026869400,3
1970-01-01 00:00:01.026955800,3
1970-01-01 00:00:01.027042200,3
1970-01-01 00:00:01.027301400,3
1970-01-01 00:00:01.027387800,3
1970-01-01 00:00:01.027474200,3
1970-01-01 00:00:01.027560600,3
1970-01-01 00:00:01.027647000,3
1970-01-01 00:00:01.027906200,3
1970-01-01 00:00:01.027992600,3
1970-01-01 00:00:01.028079000,3
1970-01-01 00:00:01.028165400,3
1970-01-01 00:00:01.028251800,3
1970-01-01 00:00:01.028511000,3
1970-01-01 00:00:01.028597400,3
1970-01-01 00:00:01.028683800,3
1970-01-01 00:00:01.028770200,3
1970-01-01 00:00:01.028856600,3
1970-01-01 00:00:01.029115800,3
1970-01-01 00:00:01.029202200,3
1970-01-01 00:00:01.029288600,3
1970-01-01 00:00:01.029375000,3
1970-01-01 00:00:01.029461400,3
1970-01-01 00:00:01.029720600,3
1970-01-01 00:00:01.029807000,3
1970-01-01 00:00:01.029893400,3
1970-01-01 00:00:01.029979800,3
1970-01-01 00:00:01.030066200,3
1970-01-01 00:00:01.030325400,3
1970-01-01 00:00:01.030411800,3
1970-01-01 00:00:01.030498200,3
1970-01-01 00:00:01.030584600,3
1970-01-01 00:00:01.030671000,3
1970-01-01 00:00:01.030930200,3
1970-01-01 00:00:01.031016600,3
1970-01-01 00:00:01.031103000,3
1970-01-01 00:00:01.031189400,3
1970-01-01 00:00:01.031275800,3
1970-01-01 00:00:01.031535000,3
1970-01-01 00:00:01.031621400,3
1970-01-01 00:00:01.031707800,3
1970-01-01 00:00:01.031794200,3
1970-01-01 00:00:01.031880600,3
1970-01-01 00:00:01.032139800,3
1970-01-01 00:00:01.032226200,3
1970-01-01 00:00:01.032312600,3
1970-01-01 00:00:01.032399000,1
1970-01-01 00:00:01.032485400,1
1970-01-01 00:00:01.032744600,1
1970-01-01 00:00:01.032831000,1
1970-01-01 00:00:01.032917400,1
1970-01-01 00:00:01.033003800,1
1970-01-01 00:00:01.033090200,1
1970-01-01 00:00:01.034040600,1
1970-01-01 00:00:01.034127000,3
1970-01-01 00:00:01.034213400,3
1970-01-01 00:00:01.034299800,3
1970-01-01 00:00:01.034559000,3
1970-01-01 00:00:01.034645400,3
1970-01-01 00:00:01.034731800,3
1970-01-01 00:00:01.034818200,3
1970-01-01 00:00:01.034904600,3
1970-01-01 00:00:01.035163800,3
1970-01-01 00:00:01.035250200,3
1970-01-01 00:00:01.035336600,3
1970-01-01 00:00:01.035423000,3
1970-01-01 00:00:01.035509400,3
1970-01-01 00:00:01.035768600,3
1970-01-01 00:00:01.035855000,3
1970-01-01 00:00:01.035941400,3
1970-01-01 00:00:01.036027800,3
1970-01-01 00:00:01.036114200,3
1970-01-01 00:00:01.036373400,3
1970-01-01 00:00:01.036459800,3
1970-01-01 00:00:01.036546200,3
1970-01-01 00:00:01.036632600,3
1970-01-01 00:00:01.036719000,3
1970-01-01 00:00:01.036978200,3
1970-01-01 00:00:01.037064600,3
1970-01-01 00:00:01.037151000,3
1970-01-01 00:00:01.037237400,3
1970-01-01 00:00:01.037323800,3
1970-01-01 00:00:01.037583000,3
1970-01-01 00:00:01.037669400,3
1970-01-01 00:00:01.037755800,3
1970-01-01 00:00:01.037842200,3
1970-01-01 00:00:01.037928600,3
1970-01-01 00:00:01.038187800,3
1970-01-01 00:00:01.038274200,3
1970-01-01 00:00:01.038360600,3
1970-01-01 00:00:01.038447000,3
1970-01-01 00:00:01.038533400,3
1970-01-01 00:00:01.038792600,3
1970-01-01 00:00:01.038879000,3
1970-01-01 00:00:01.038965400,3
1970-01-01 00:00:01.039051800,3
1970-01-01 00:00:01.039138200,3
1970-01-01 00:00:01.039397400,3
1970-01-01 00:00:01.039483800,3
1970-01-01 00:00:01.039570200,3
1970-01-01 00:00:01.039656600,3
1970-01-01 00:00:01.039743000,3
1970-01-01 00:00:01.040002200,3
1970-01-01 00:00:01.040088600,3
1970-01-01 00:00:01.040175000,3
1970-01-01 00:00:01.040261400,3
1970-01-01 00:00:01.040347800,3
1970-01-01 00:00:01.040607000,3
1970-01-01 00:00:01.040693400,3
1970-01-01 00:00:01.040779800,3
1970-01-01 00:00:01.040866200,3
1970-01-01 00:00:01.040952600,3
1970-01-01 00:00:01.041211800,3
1970-01-01 00:00:01.041298200,3
1970-01-01 00:00:01.041471000,3
1970-01-01 00:00:01.041557400,3
1970-01-01 00:00:01.041816600,3
1970-01-01 00:00:01.041903000,3
1970-01-01 00:00:01.041989400,3
1970-01-01 00:00:01.042075800,3
1970-01-01 00:00:01.042162200,3
1970-01-01 00:00:01.042421400,3
1970-01-01 00:00:01.042507800,3
1970-01-01 00:00:01.042594200,3
1970-01-01 00:00:01.042680600,3
1970-01-01 00:00:01.042767000,3
1970-01-01 00:00:01.043026200,3
1970-01-01 00:00:01.043112600,3
1970-01-01 00:00:01.043199000,3
1970-01-01 00:00:01.043285400,3
1970-01-01 00:00:01.043371800,3
1970-01-01 00:00:01.043631000,3
1970-01-01 00:00:01.043717400,3
1970-01-01 00:00:01.043803800,3
1970-01-01 00:00:01.044840600,3
1970-01-01 00:00:01.044927000,3
1970-01-01 00:00:01.045013400,3
1970-01-01 00:00:01.045099800,3
1970-01-01 00:00:01.045186200,3
1970-01-01 00:00:01.045445400,3
1970-01-01 00:00:01.045531800,3
1970-01-01 00:00:01.045618200,3
1970-01-01 00:00:01.045704600,3
1970-01-01 00:00:01.045791000,3
1970-01-01 00:00:01.046050200,3
1970-01-01 00:00:01.046136600,3
1970-01-01 00:00:01.046223000,3
1970-01-01 00:00:01.046309400,3
1970-01-01 00:00:01.046395800,3
1970-01-01 00:00:01.046655000,3
1970-01-01 00:00:01.046741400,3
1970-01-01 00:00:01.046827800,3
1970-01-01 00:00:01.046914200,3
1970-01-01 00:00:01.047000600,3
1970-01-01 00:00:01.047259800,3
1970-01-01 00:00:01.047346200,3
1970-01-01 00:00:01.047432600,3
1970-01-01 00:00:01.047519000,3
1970-01-01 00:00:01.047605400,3
1970-01-01 00:00:01.047864600,3
1970-01-01 00:00:01.047951000,3
1970-01-01 00:00:01.048037400,3
1970-01-01 00:00:01.048123800,3
1970-01-01 00:00:01.048210200,3
1970-01-01 00:00:01.048469400,3
1970-01-01 00:00:01.048555800,3
1970-01-01 00:00:01.048642200,3
1970-01-01 00:00:01.048728600,3
1970-01-01 00:00:01.048815000,3
1970-01-01 00:00:01.049074200,3
1970-01-01 00:00:01.049160600,3
1970-01-01 00:00:01.049247000,3
1970-01-01 00:00:01.049333400,3
1970-01-01 00:00:01.049419800,3
1970-01-01 00:00:01.049679000,3
1970-01-01 00:00:01.049765400,3
1970-01-01 00:00:01.049851800,3
1970-01-01 00:00:01.049938200,3
1970-01-01 00:00:01.050024600,3
1970-01-01 00:00:01.050283800,3
1970-01-01 00:00:01.050370200,3
1970-01-01 00:00:01.050456600,1
1970-01-01 00:00:01.050543000,1
1970-01-01 00:00:01.050629400,1
1970-01-01 00:00:01.050888600,1
1970-01-01 00:00:01.050975000,1
1970-01-01 00:00:01.051061400,1
1970-01-01 00:00:01.051147800,1
1970-01-01 00:00:01.051234200,1
1970-01-01 00:00:01.051493400,1
1970-01-01 00:00:01.051579800,1
1970-01-01 00:00:01.051666200,1
1970-01-01 00:00:01.052703000,1
1970-01-01 00:00:01.052789400,1
1970-01-01 00:00:01.052875800,1
1970-01-01 00:00:01.052962200,1
1970-01-01 00:00:01.053048600,1
1970-01-01 00:00:01.053307800,1
1970-01-01 00:00:01.053394200,1
1970-01-01 00:00:01.053480600,1
1970-01-01 00:00:01.053567000,1
1970-01-01 00:00:01.053653400,1
1970-01-01 00:00:01.053912600,1
1970-01-01 00:00:01.053999000,1
1970-01-01 00:00:01.054085400,1
1970-01-01 00:00:01.054171800,1
1970-01-01 00:00:01.054258200,1
1970-01-01 00:00:01.054517400,1
1970-01-01 00:00:01.054603800,1
1970-01-01 00:00:01.054690200,1
1970-01-01 00:00:01.054776600,1
1970-01-01 00:00:01.054863000,1
1970-01-01 00:00:01.055122200,1
1970-01-01 00:00:01.055208600,1
1970-01-01 00:00:01.055295000,1
1970-01-01 00:00:01.055381400,1
1970-01-01 00:00:01.055467800,1
1970-01-01 00:00:01.055727000,1
1970-01-01 00:00:01.055813400,1
1970-01-01 00:00:01.055899800,1
1970-01-01 00:00:01.055986200,1
1970-01-01 00:00:01.056072600,1
1970-01-01 00:00:01.056331800,1
1970-01-01 00:00:01.056418200,1
1970-01-01 00:00:01.056504600,1
1970-01-01 00:00:01.056591000,1
1970-01-01 00:00:01.056677400,1
1970-01-01 00:00:01.056936600,1
1970-01-01 00:00:01.057023000,1
1970-01-01 00:00:01.057109400,1
1970-01-01 00:00:01.057195800,1
1970-01-01 00:00:01.057282200,1
1970-01-01 00:00:01.057541400,1
1970-01-01 00:00:01.057627800,1
1970-01-01 00:00:01.057714200,1
1970-01-01 00:00:01.057800600,1
1970-01-01 00:00:01.057887000,1
1970-01-01 00:00:01.058146200,1
1970-01-01 00:00:01.058232600,1
1970-01-01 00:00:01.058319000,1
1970-01-01 00:00:01.058405400,1
1970-01-01 00:00:01.058491800,1
1970-01-01 00:00:01.058751000,1
1970-01-01 00:00:01.058837400,1
1970-01-01 00:00:01.058923800,1
1970-01-01 00:00:01.059010200,1
1970-01-01 00:00:01.059096600,1
1970-01-01 00:00:01.059355800,1
1970-01-01 00:00:01.059442200,1
1970-01-01 00:00:01.059528600,1
1970-01-01 00:00:01.059615000,1
1970-01-01 00:00:01.059701400,1
1970-01-01 00:00:01.059960600,1
1970-01-01 00:00:01.060047000,1
1970-01-01 00:00:01.060133400,1
1970-01-01 00:00:01.060219800,1
1970-01-01 00:00:01.060306200,1
1970-01-01 00:00:01.060565400,1
1970-01-01 00:00:01.060651800,1
1970-01-01 00:00:01.060738200,1
1970-01-01 00:00:01.060824600,1
1970-01-01 00:00:01.060911000,1
1970-01-01 00:00:01.061170200,1
1970-01-01 00:00:01.061256600,1
1970-01-01 00:00:01.061343000,1
1970-01-01 00:00:01.061429400,1
1970-01-01 00:00:01.061515800,1
1970-01-01 00:00:01.061775000,1
1970-01-01 00:00:01.061861400,1
1970-01-01 00:00:01.061947800,1
1970-01-01 00:00:01.062034200,1
1970-01-01 00:00:01.062120600,1
1970-01-01 00:00:01.062379800,1
1970-01-01 00:00:01.062466200,1
1970-01-01 00:00:01.062552600,1
1970-01-01 00:00:01.062639000,1
1970-01-01 00:00:01.062725400,1
1970-01-01 00:00:01.062984600,1
1970-01-01 00:00:01.063071000,1
1970-01-01 00:00:01.063157400,1
1970-01-01 00:00:01.063243800,1
1970-01-01 00:00:01.063330200,1
1970-01-01 00:00:01.063589400,1
1970-01-01 00:00:01.063675800,1
1970-01-01 00:00:01.063762200,1
1970-01-01 00:00:01.063848600,1
1970-01-01 00:00:01.063935000,1
1970-01-01 00:00:01.064194200,1
1970-01-01 00:00:01.064280600,1
1970-01-01 00:00:01.064367000,1
1970-01-01 00:00:01.064453400,1
1970-01-01 00:00:01.064539800,1
1970-01-01 00:00:01.064799000,1
1970-01-01 00:00:01.064885400,1
1970-01-01 00:00:01.065576600,1
1970-01-01 00:00:01.065663000,1
1970-01-01 00:00:01.065749400,1
1970-01-01 00:00:01.066008600,1
1970-01-01 00:00:01.066095000,1
1970-01-01 00:00:01.066181400,1
1970-01-01 00:00:01.066267800,1
1970-01-01 00:00:01.066354200,1
1970-01-01 00:00:01.066613400,1
1970-01-01 00:00:01.066699800,1
1970-01-01 00:00:01.066786200,1
1970-01-01 00:00:01.066872600,1
1970-01-01 00:00:01.066959000,1
1970-01-01 00:00:01.067218200,1
1970-01-01 00:00:01.067304600,1
1970-01-01 00:00:01.067391000,1
1970-01-01 00:00:01.067477400,1
1970-01-01 00:00:01.067563800,1
1970-01-01 00:00:01.067823000,1
1970-01-01 00:00:01.067909400,1
1970-01-01 00:00:01.067995800,1
1970-01-01 00:00:01.068082200,1
1970-01-01 00:00:01.068168600,1
1970-01-01 00:00:01.068427800,1
1970-01-01 00:00:01.068514200,1
1970-01-01 00:00:01.068600600,1
1970-01-01 00:00:01.068687000,1
1970-01-01 00:00:01.068773400,1
1970-01-01 00:00:01.069032600,1
1970-01-01 00:00:01.069119000,1
1970-01-01 00:00:01.069205400,1
1970-01-01 00:00:01.069291800,1
1970-01-01 00:00:01.069378200,1
1970-01-01 00:00:01.069637400,1
1970-01-01 00:00:01.069723800,1
1970-01-01 00:00:01.069810200,1
1970-01-01 00:00:01.069896600,1
1970-01-01 00:00:01.069983000,1
1970-01-01 00:00:01.070242200,1
1970-01-01 00:00:01.070328600,1
1970-01-01 00:00:01.070415000,1
1970-01-01 00:00:01.070501400,1
1970-01-01 00:00:01.070587800,1
1970-01-01 00:00:01.070847000,1
1970-01-01 00:00:01.070933400,1
1970-01-01 00:00:01.071019800,1
1970-01-01 00:00:01.071106200,1
1970-01-01 00:00:01.071192600,1
1970-01-01 00:00:01.071451800,1
1970-01-01 00:00:01.071538200,1
1970-01-01 00:00:01.071624600,1
1970-01-01 00:00:01.071711000,1
1970-01-01 00:00:01.071797400,1
1970-01-01 00:00:01.072056600,1
1970-01-01 00:00:01.072143000,1
1970-01-01 00:00:01.072229400,1
1970-01-01 00:00:01.072315800,1
1970-01-01 00:00:01.072402200,1
1970-01-01 00:00:01.072661400,1
1970-01-01 00:00:01.072747800,1
1970-01-01 00:00:01.072834200,1
1970-01-01 00:00:01.073007000,1
1970-01-01 00:00:01.073266200,1
1970-01-01 00:00:01.073352600,1
1970-01-01 00:00:01.073439000,1
1970-01-01 00:00:01.073525400,1
1970-01-01 00:00:01.073611800,1
1970-01-01 00:00:01.073871000,1
1970-01-01 00:00:01.073957400,1
1970-01-01 00:00:01.074043800,1
1970-01-01 00:00:01.074130200,1
1970-01-01 00:00:01.074216600,1
1970-01-01 00:00:01.075339800,1
1970-01-01 00:00:01.075426200,1
1970-01-01 00:00:01.075685400,1
1970-01-01 00:00:01.075771800,1
1970-01-01 00:00:01.075858200,1
1970-01-01 00:00:01.075944600,1
1970-01-01 00:00:01.076031000,1
1970-01-01 00:00:01.076290200,1
1970-01-01 00:00:01.076376600,1
1970-01-01 00:00:01.076463000,1
1970-01-01 00:00:01.076549400,1
1970-01-01 00:00:01.076635800,1
1970-01-01 00:00:01.076895000,1
1970-01-01 00:00:01.076981400,1
1970-01-01 00:00:01.077067800,1
1970-01-01 00:00:01.077154200,1
1970-01-01 00:00:01.077240600,1
1970-01-01 00:00:01.077499800,1
1970-01-01 00:00:01.077586200,1
1970-01-01 00:00:01.077672600,1
1970-01-01 00:00:01.077759000,1
1970-01-01 00:00:01.077845400,1
1970-01-01 00:00:01.078104600,1
1970-01-01 00:00:01.078191000,1
1970-01-01 00:00:01.078277400,1
1970-01-01 00:00:01.078363800,1
1970-01-01 00:00:01.078450200,1
1970-01-01 00:00:01.078709400,1
1970-01-01 00:00:01.078795800,1
1970-01-01 00:00:01.078882200,1
1970-01-01 00:00:01.078968600,1
1970-01-01 00:00:01.079055000,1
1970-01-01 00:00:01.079314200,1
1970-01-01 00:00:01.079400600,1
1970-01-01 00:00:01.079487000,1
1970-01-01 00:00:01.079573400,1
1970-01-01 00:00:01.079659800,1
1970-01-01 00:00:01.079919000,1
1970-01-01 00:00:01.080005400,1
1970-01-01 00:00:01.080091800,1
1970-01-01 00:00:01.080178200,1
1970-01-01 00:00:01.080264600,1
1970-01-01 00:00:01.080523800,1
1970-01-01 00:00:01.080610200,1
1970-01-01 00:00:01.080696600,1
1970-01-01 00:00:01.080783000,1
1970-01-01 00:00:01.080869400,1
1970-01-01 00:00:01.081128600,1
1970-01-01 00:00:01.081215000,1
1970-01-01 00:00:01.081301400,1
1970-01-01 00:00:01.081387800,1
1970-01-01 00:00:01.081474200,1
1970-01-01 00:00:01.081733400,1
1970-01-01 00:00:01.081819800,1
1970-01-01 00:00:01.081906200,1
1970-01-01 00:00:01.081992600,1
1970-01-01 00:00:01.082079000,1
1970-01-01 00:00:01.082338200,1
1970-01-01 00:00:01.082424600,1
1970-01-01 00:00:01.082511000,1
1970-01-01 00:00:01.082597400,1
1970-01-01 00:00:01.082683800,1
1970-01-01 00:00:01.082943000,1
1970-01-01 00:00:01.083029400,1
1970-01-01 00:00:01.083115800,1
1970-01-01 00:00:01.083202200,1
1970-01-01 00:00:01.083288600,1
1970-01-01 00:00:01.084152600,1
1970-01-01 00:00:01.084239000,1
1970-01-01 00:00:01.084325400,1
1970-01-01 00:00:01.084411800,1
1970-01-01 00:00:01.084498200,1
1970-01-01 00:00:01.084757400,1
1970-01-01 00:00:01.084843800,1
1970-01-01 00:00:01.084930200,1
1970-01-01 00:00:01.085016600,1
1970-01-01 00:00:01.085103000,1
1970-01-01 00:00:01.085362200,1
1970-01-01 00:00:01.085448600,1
1970-01-01 00:00:01.085535000,1
1970-01-01 00:00:01.085621400,1
1970-01-01 00:00:01.085707800,1
1970-01-01 00:00:01.085967000,1
1970-01-01 00:00:01.086053400,1
1970-01-01 00:00:01.086139800,1
1970-01-01 00:00:01.086226200,1
1970-01-01 00:00:01.086312600,1
1970-01-01 00:00:01.086571800,1
1970-01-01 00:00:01.086658200,1
1970-01-01 00:00:01.086744600,1
1970-01-01 00:00:01.086831000,1
1970-01-01 00:00:01.086917400,1
1970-01-01 00:00:01.087176600,1
1970-01-01 00:00:01.087263000,1
1970-01-01 00:00:01.087349400,1
1970-01-01 00:00:01.087435800,1
1970-01-01 00:00:01.087522200,1
1970-01-01 00:00:01.087781400,1
1970-01-01 00:00:01.087867800,1
1970-01-01 00:00:01.087954200,1
1970-01-01 00:00:01.088040600,1
1970-01-01 00:00:01.088127000,1
1970-01-01 00:00:01.088386200,1
1970-01-01 00:00:01.088472600,1
1970-01-01 00:00:01.088559000,1
1970-01-01 00:00:01.088645400,1
1970-01-01 00:00:01.088731800,1
1970-01-01 00:00:01.088991000,1
1970-01-01 00:00:01.089077400,1
1970-01-01 00:00:01.089163800,1
1970-01-01 00:00:01.089250200,1
1970-01-01 00:00:01.089336600,1
1970-01-01 00:00:01.089595800,1
1970-01-01 00:00:01.089682200,1
1970-01-01 00:00:01.089768600,1
1970-01-01 00:00:01.089855000,1
1970-01-01 00:00:01.089941400,1
1970-01-01 00:00:01.090200600,1
1970-01-01 00:00:01.090287000,1
1970-01-01 00:00:01.090373400,1
1970-01-01 00:00:01.090459800,1
1970-01-01 00:00:01.090546200,1
1970-01-01 00:00:01.090805400,1
1970-01-01 00:00:01.090891800,1
1970-01-01 00:00:01.090978200,1
1970-01-01 00:00:01.091064600,1
1970-01-01 00:00:01.091151000,1
1970-01-01 00:00:01.091410200,1
1970-01-01 00:00:01.091496600,1
1970-01-01 00:00:01.091583000,1
1970-01-01 00:00:01.091669400,1
1970-01-01 00:00:01.091755800,1
1970-01-01 00:00:01.092015000,1
1970-01-01 00:00:01.092101400,1
1970-01-01 00:00:01.092187800,1
1970-01-01 00:00:01.092274200,1
1970-01-01 00:00:01.092360600,1
1970-01-01 00:00:01.092619800,1
1970-01-01 00:00:01.092706200,1
1970-01-01 00:00:01.092792600,1
1970-01-01 00:00:01.092879000,1
1970-01-01 00:00:01.092965400,1
1970-01-01 00:00:01.093224600,1
1970-01-01 00:00:01.093311000,1
1970-01-01 00:00:01.093397400,1
1970-01-01 00:00:01.093483800,1
1970-01-01 00:00:01.093570200,1
1970-01-01 00:00:01.093829400,1
1970-01-01 00:00:01.093915800,1
1970-01-01 00:00:01.094002200,1
1970-01-01 00:00:01.094088600,1
1970-01-01 00:00:01.094175000,1
1970-01-01 00:00:01.094434200,1
1970-01-01 00:00:01.094520600,1
1970-01-01 00:00:01.094607000,1
1970-01-01 00:00:01.094693400,1
1970-01-01 00:00:01.094779800,1
1970-01-01 00:00:01.095039000,1
1970-01-01 00:00:01.095125400,1
1970-01-01 00:00:01.095211800,1
1970-01-01 00:00:01.095298200,1
1970-01-01 00:00:01.095384600,1
1970-01-01 00:00:01.095643800,1
1970-01-01 00:00:01.095730200,1
1970-01-01 00:00:01.095816600,1
1970-01-01 00:00:01.095903000,1
1970-01-01 00:00:01.095989400,1
1970-01-01 00:00:01.096248600,1
1970-01-01 00:00:01.096335000,1
1970-01-01 00:00:01.096421400,1
1970-01-01 00:00:01.096507800,1
1970-01-01 00:00:01.097199000,1
1970-01-01 00:00:01.097458200,1
1970-01-01 00:00:01.097544600,1
1970-01-01 00:00:01.097631000,1
1970-01-01 00:00:01.097717400,1
1970-01-01 00:00:01.097803800,1
1970-01-01 00:00:01.098063000,1
1970-01-01 00:00:01.098149400,1
1970-01-01 00:00:01.098235800,1
1970-01-01 00:00:01.098322200,1
1970-01-01 00:00:01.098408600,1
1970-01-01 00:00:01.098667800,1
1970-01-01 00:00:01.098754200,1
1970-01-01 00:00:01.098840600,1
1970-01-01 00:00:01.098927000,1
1970-01-01 00:00:01.099013400,1
1970-01-01 00:00:01.099272600,1
1970-01-01 00:00:01.099359000,1
1970-01-01 00:00:01.099445400,1
1970-01-01 00:00:01.099531800,1
1970-01-01 00:00:01.099618200,1
1970-01-01 00:00:01.099877400,1
1970-01-01 00:00:01.099963800,1
1970-01-01 00:00:01.100050200,1
1970-01-01 00:00:01.100136600,1
1970-01-01 00:00:01.100223000,1
1970-01-01 00:00:01.100482200,1
1970-01-01 00:00:01.100568600,1
1970-01-01 00:00:01.100655000,1
1970-01-01 00:00:01.100741400,1
1970-01-01 00:00:01.100827800,1
1970-01-01 00:00:01.101087000,1
1970-01-01 00:00:01.101173400,1
1970-01-01 00:00:01.101259800,1
1970-01-01 00:00:01.101346200,1
1970-01-01 00:00:01.101432600,1
1970-01-01 00:00:01.101691800,1
1970-01-01 00:00:01.101778200,1
1970-01-01 00:00:01.101864600,1
1970-01-01 00:00:01.101951000,1
1970-01-01 00:00:01.102037400,1
1970-01-01 00:00:01.102296600,1
1970-01-01 00:00:01.102383000,1
1970-01-01 00:00:01.102469400,1
1970-01-01 00:00:01.102555800,1
1970-01-01 00:00:01.102642200,1
1970-01-01 00:00:01.102901400,1
1970-01-01 00:00:01.102987800,1
1970-01-01 00:00:01.103074200,1
1970-01-01 00:00:01.103160600,1
1970-01-01 00:00:01.103247000,1
1970-01-01 00:00:01.103506200,1
1970-01-01 00:00:01.103592600,1
1970-01-01 00:00:01.103679000,1
1970-01-01 00:00:01.103765400,1
1970-01-01 00:00:01.103851800,1
1970-01-01 00:00:01.104111000,1
1970-01-01 00:00:01.104197400,1
1970-01-01 00:00:01.104283800,1
1970-01-01 00:00:01.104370200,1
1970-01-01 00:00:01.104456600,1
1970-01-01 00:00:01.104802200,1
1970-01-01 00:00:01.104888600,1
1970-01-01 00:00:01.104975000,1
1970-01-01 00:00:01.105061400,1
1970-01-01 00:00:01.105320600,1
1970-01-01 00:00:01.105407000,1
1970-01-01 00:00:01.105493400,1
1970-01-01 00:00:01.105579800,1
1970-01-01 00:00:01.105666200,1
1970-01-01 00:00:01.105925400,1
1970-01-01 00:00:01.106011800,1
1970-01-01 00:00:01.106098200,1
1970-01-01 00:00:01.106184600,1
1970-01-01 00:00:01.106271000,1
1970-01-01 00:00:01.106530200,1
1970-01-01 00:00:01.106616600,1
1970-01-01 00:00:01.106703000,1
1970-01-01 00:00:01.106789400,1
1970-01-01 00:00:01.106875800,1
1970-01-01 00:00:01.107135000,1
1970-01-01 00:00:01.107221400,1
1970-01-01 00:00:01.107307800,1
1970-01-01 00:00:01.107394200,1
1970-01-01 00:00:01.107480600,1
1970-01-01 00:00:01.108517400,1
1970-01-01 00:00:01.108603800,1
1970-01-01 00:00:01.108690200,1
1970-01-01 00:00:01.108949400,1
1970-01-01 00:00:01.109035800,1
1970-01-01 00:00:01.109122200,1
1970-01-01 00:00:01.109208600,1
1970-01-01 00:00:01.109295000,1
1970-01-01 00:00:01.109554200,1
1970-01-01 00:00:01.109640600,1
1970-01-01 00:00:01.109727000,1
1970-01-01 00:00:01.109813400,1
1970-01-01 00:00:01.109899800,1
1970-01-01 00:00:01.110159000,1
1970-01-01 00:00:01.110245400,1
1970-01-01 00:00:01.110331800,1
1970-01-01 00:00:01.110418200,1
1970-01-01 00:00:01.110504600,1
1970-01-01 00:00:01.110763800,1
1970-01-01 00:00:01.110850200,1
1970-01-01 00:00:01.110936600,1
1970-01-01 00:00:01.111023000,1
1970-01-01 00:00:01.111109400,1
1970-01-01 00:00:01.111368600,1
1970-01-01 00:00:01.111455000,1
1970-01-01 00:00:01.111541400,1
1970-01-01 00:00:01.111627800,1
1970-01-01 00:00:01.111714200,1
1970-01-01 00:00:01.111973400,1
1970-01-01 00:00:01.112059800,1
1970-01-01 00:00:01.112146200,1
1970-01-01 00:00:01.112232600,1
1970-01-01 00:00:01.112319000,1
1970-01-01 00:00:01.112578200,1
1970-01-01 00:00:01.112664600,1
1970-01-01 00:00:01.112751000,1
1970-01-01 00:00:01.112837400,1
1970-01-01 00:00:01.112923800,1
1970-01-01 00:00:01.113183000,1
1970-01-01 00:00:01.113269400,1
1970-01-01 00:00:01.113355800,1
1970-01-01 00:00:01.113442200,1
1970-01-01 00:00:01.113528600,1
1970-01-01 00:00:01.113787800,1
1970-01-01 00:00:01.113874200,1
1970-01-01 00:00:01.113960600,1
1970-01-01 00:00:01.114047000,1
1970-01-01 00:00:01.114133400,1
1970-01-01 00:00:01.114392600,1
1970-01-01 00:00:01.114479000,1
1970-01-01 00:00:01.114565400,1
1970-01-01 00:00:01.114651800,1
1970-01-01 00:00:01.114738200,1
1970-01-01 00:00:01.115602200,1
1970-01-01 00:00:01.115688600,1
1970-01-01 00:00:01.115775000,1
1970-01-01 00:00:01.115861400,1
1970-01-01 00:00:01.115947800,1
1970-01-01 00:00:01.116207000,1
1970-01-01 00:00:01.116293400,1
1970-01-01 00:00:01.116379800,1
1970-01-01 00:00:01.116466200,1
1970-01-01 00:00:01.116552600,1
1970-01-01 00:00:01.116811800,1
1970-01-01 00:00:01.116898200,1
1970-01-01 00:00:01.116984600,1
1970-01-01 00:00:01.117071000,1
1970-01-01 00:00:01.117157400,1
1970-01-01 00:00:01.117416600,1
1970-01-01 00:00:01.117503000,1
1970-01-01 00:00:01.117589400,1
1970-01-01 00:00:01.117675800,1
1970-01-01 00:00:01.117762200,1
1970-01-01 00:00:01.118021400,1
1970-01-01 00:00:01.118107800,1
1970-01-01 00:00:01.118194200,1
1970-01-01 00:00:01.118280600,1
1970-01-01 00:00:01.118367000,1
1970-01-01 00:00:01.118626200,1
1970-01-01 00:00:01.118712600,1
1970-01-01 00:00:01.118799000,1
1970-01-01 00:00:01.118885400,1
1970-01-01 00:00:01.118971800,1
1970-01-01 00:00:01.119231000,1
1970-01-01 00:00:01.119317400,1
1970-01-01 00:00:01.119403800,1
1970-01-01 00:00:01.119490200,1
1970-01-01 00:00:01.119576600,1
1970-01-01 00:00:01.119835800,1
1970-01-01 00:00:01.119922200,1
1970-01-01 00:00:01.120008600,1
1970-01-01 00:00:01.120095000,1
1970-01-01 00:00:01.120181400,1
1970-01-01 00:00:01.120440600,1
1970-01-01 00:00:01.120527000,1
1970-01-01 00:00:01.120613400,1
1970-01-01 00:00:01.120699800,1
1970-01-01 00:00:01.120786200,1
1970-01-01 00:00:01.121045400,1
1970-01-01 00:00:01.121131800,1
1970-01-01 00:00:01.121218200,1
1970-01-01 00:00:01.121304600,1
1970-01-01 00:00:01.121391000,1
1970-01-01 00:00:01.121650200,1
1970-01-01 00:00:01.121736600,1
1970-01-01 00:00:01.121823000,1
1970-01-01 00:00:01.121909400,1
1970-01-01 00:00:01.121995800,1
1970-01-01 00:00:01.122255000,1
1970-01-01 00:00:01.122341400,1
1970-01-01 00:00:01.122427800,1
1970-01-01 00:00:01.122514200,1
1970-01-01 00:00:01.122600600,1
1970-01-01 00:00:01.122859800,1
1970-01-01 00:00:01.122946200,1
1970-01-01 00:00:01.123032600,1
1970-01-01 00:00:01.123119000,1
1970-01-01 00:00:01.123205400,1
1970-01-01 00:00:01.123464600,1
1970-01-01 00:00:01.123551000,1
1970-01-01 00:00:01.123637400,1
1970-01-01 00:00:01.123723800,1
1970-01-01 00:00:01.123810200,1
1970-01-01 00:00:01.124069400,1
1970-01-01 00:00:01.124155800,1
1970-01-01 00:00:01.124242200,1
1970-01-01 00:00:01.124328600,1
1970-01-01 00:00:01.124415000,1
1970-01-01 00:00:01.124674200,1
1970-01-01 00:00:01.124760600,1
1970-01-01 00:00:01.124847000,1
1970-01-01 00:00:01.124933400,1
1970-01-01 00:00:01.125019800,1
1970-01-01 00:00:01.125279000,1
1970-01-01 00:00:01.125365400,1
1970-01-01 00:00:01.125451800,1
1970-01-01 00:00:01.125538200,1
1970-01-01 00:00:01.125624600,1
1970-01-01 00:00:01.125883800,1
1970-01-01 00:00:01.125970200,1
1970-01-01 00:00:01.126056600,1
1970-01-01 00:00:01.126143000,1
1970-01-01 00:00:01.126229400,1
1970-01-01 00:00:01.126488600,1
1970-01-01 00:00:01.126575000,1
1970-01-01 00:00:01.126661400,1
1970-01-01 00:00:01.126747800,1
1970-01-01 00:00:01.126834200,1
1970-01-01 00:00:01.127093400,1
1970-01-01 00:00:01.127179800,1
1970-01-01 00:00:01.127266200,1
1970-01-01 00:00:01.127352600,1
1970-01-01 00:00:01.127439000,1
1970-01-01 00:00:01.127698200,1
1970-01-01 00:00:01.127784600,1
1970-01-01 00:00:01.127871000,1
1970-01-01 00:00:01.127957400,1
1970-01-01 00:00:01.128043800,1
1970-01-01 00:00:01.128907800,1
1970-01-01 00:00:01.128994200,1
1970-01-01 00:00:01.129080600,1
1970-01-01 00:00:01.129167000,1
1970-01-01 00:00:01.129253400,1
1970-01-01 00:00:01.129512600,1
1970-01-01 00:00:01.129599000,1
1970-01-01 00:00:01.129685400,1
1970-01-01 00:00:01.129771800,1
1970-01-01 00:00:01.129858200,1
1970-01-01 00:00:01.130117400,1
1970-01-01 00:00:01.130203800,1
1970-01-01 00:00:01.130290200,1
1970-01-01 00:00:01.130376600,1
1970-01-01 00:00:01.130463000,1
1970-01-01 00:00:01.130722200,1
1970-01-01 00:00:01.130808600,1
1970-01-01 00:00:01.130895000,1
1970-01-01 00:00:01.130981400,1
1970-01-01 00:00:01.131067800,1
1970-01-01 00:00:01.131327000,1
1970-01-01 00:00:01.131413400,1
1970-01-01 00:00:01.131499800,1
1970-01-01 00:00:01.131586200,1
1970-01-01 00:00:01.131672600,1
1970-01-01 00:00:01.131931800,1
1970-01-01 00:00:01.132018200,1
1970-01-01 00:00:01.132104600,1
1970-01-01 00:00:01.132191000,1
1970-01-01 00:00:01.132277400,1
1970-01-01 00:00:01.132536600,1
1970-01-01 00:00:01.132623000,1
1970-01-01 00:00:01.132709400,1
1970-01-01 00:00:01.132795800,1
1970-01-01 00:00:01.132882200,1
1970-01-01 00:00:01.133141400,1
1970-01-01 00:00:01.133227800,1
1970-01-01 00:00:01.133314200,1
1970-01-01 00:00:01.133400600,1
1970-01-01 00:00:01.133487000,1
1970-01-01 00:00:01.133746200,1
1970-01-01 00:00:01.133832600,1
1970-01-01 00:00:01.133919000,1
1970-01-01 00:00:01.134005400,1
1970-01-01 00:00:01.134091800,1
1970-01-01 00:00:01.134351000,1
1970-01-01 00:00:01.134437400,1
1970-01-01 00:00:01.134523800,1
1970-01-01 00:00:01.134610200,1
1970-01-01 00:00:01.134696600,1
1970-01-01 00:00:01.134955800,1
1970-01-01 00:00:01.135042200,1
1970-01-01 00:00:01.135128600,1
1970-01-01 00:00:01.135215000,1
1970-01-01 00:00:01.135301400,1
1970-01-01 00:00:01.135560600,1
1970-01-01 00:00:01.135647000,1
1970-01-01 00:00:01.135733400,1
1970-01-01 00:00:01.135819800,1
1970-01-01 00:00:01.135906200,1
1970-01-01 00:00:01.136251800,3
1970-01-01 00:00:01.136338200,3
1970-01-01 00:00:01.136424600,3
1970-01-01 00:00:01.136511000,3
1970-01-01 00:00:01.136770200,3
1970-01-01 00:00:01.136856600,3
1970-01-01 00:00:01.136943000,3
1970-01-01 00:00:01.137029400,3
1970-01-01 00:00:01.137115800,3
1970-01-01 00:00:01.137375000,3
1970-01-01 00:00:01.137461400,3
1970-01-01 00:00:01.137547800,3
1970-01-01 00:00:01.137634200,3
1970-01-01 00:00:01.137720600,3
1970-01-01 00:00:01.137979800,3
1970-01-01 00:00:01.138066200,3
1970-01-01 00:00:01.138152600,3
1970-01-01 00:00:01.139189400,3
1970-01-01 00:00:01.139275800,3
1970-01-01 00:00:01.139362200,3
1970-01-01 00:00:01.139448600,3
1970-01-01 00:00:01.139535000,3
1970-01-01 00:00:01.139794200,3
1970-01-01 00:00:01.139880600,3
1970-01-01 00:00:01.139967000,3
1970-01-01 00:00:01.140053400,3
1970-01-01 00:00:01.140139800,3
1970-01-01 00:00:01.140399000,3
1970-01-01 00:00:01.140485400,3
1970-01-01 00:00:01.140571800,3
1970-01-01 00:00:01.140658200,3
1970-01-01 00:00:01.140744600,3
1970-01-01 00:00:01.141003800,3
1970-01-01 00:00:01.141090200,3
1970-01-01 00:00:01.141176600,3
1970-01-01 00:00:01.141263000,3
1970-01-01 00:00:01.141349400,3
1970-01-01 00:00:01.141608600,3
1970-01-01 00:00:01.141695000,3
1970-01-01 00:00:01.141781400,3
1970-01-01 00:00:01.141867800,3
1970-01-01 00:00:01.141954200,3
1970-01-01 00:00:01.142213400,3
1970-01-01 00:00:01.142299800,3
1970-01-01 00:00:01.142386200,3
1970-01-01 00:00:01.142472600,3
1970-01-01 00:00:01.142559000,3
1970-01-01 00:00:01.142818200,3
1970-01-01 00:00:01.142904600,3
1970-01-01 00:00:01.142991000,3
1970-01-01 00:00:01.143077400,3
1970-01-01 00:00:01.143163800,3
1970-01-01 00:00:01.143423000,3
1970-01-01 00:00:01.143509400,3
1970-01-01 00:00:01.143595800,3
1970-01-01 00:00:01.143682200,3
1970-01-01 00:00:01.143768600,3
1970-01-01 00:00:01.144027800,3
1970-01-01 00:00:01.144114200,3
1970-01-01 00:00:01.144200600,3
1970-01-01 00:00:01.144287000,3
1970-01-01 00:00:01.144373400,3
1970-01-01 00:00:01.144632600,3
1970-01-01 00:00:01.144719000,3
1970-01-01 00:00:01.144805400,3
1970-01-01 00:00:01.144891800,3
1970-01-01 00:00:01.144978200,3
1970-01-01 00:00:01.145237400,3
1970-01-01 00:00:01.145323800,3
1970-01-01 00:00:01.145410200,3
1970-01-01 00:00:01.145496600,3
1970-01-01 00:00:01.145583000,3
1970-01-01 00:00:01.145842200,3
1970-01-01 00:00:01.145928600,3
1970-01-01 00:00:01.146015000,3
1970-01-01 00:00:01.146101400,3
1970-01-01 00:00:01.146187800,3
1970-01-01 00:00:01.147051800,3
1970-01-01 00:00:01.147138200,3
1970-01-01 00:00:01.147224600,3
1970-01-01 00:00:01.147311000,3
1970-01-01 00:00:01.147397400,3
1970-01-01 00:00:01.147656600,3
1970-01-01 00:00:01.147743000,3
1970-01-01 00:00:01.147829400,3
1970-01-01 00:00:01.147915800,3
1970-01-01 00:00:01.148002200,3
1970-01-01 00:00:01.148261400,3
1970-01-01 00:00:01.148347800,3
1970-01-01 00:00:01.148434200,3
1970-01-01 00:00:01.148520600,3
1970-01-01 00:00:01.148607000,3
1970-01-01 00:00:01.148866200,3
1970-01-01 00:00:01.148952600,3
1970-01-01 00:00:01.149039000,3
1970-01-01 00:00:01.149125400,3
1970-01-01 00:00:01.149211800,3
1970-01-01 00:00:01.149471000,3
1970-01-01 00:00:01.149557400,3
1970-01-01 00:00:01.149643800,3
1970-01-01 00:00:01.149730200,3
1970-01-01 00:00:01.149816600,3
1970-01-01 00:00:01.150075800,3
1970-01-01 00:00:01.150162200,3
1970-01-01 00:00:01.150248600,3
1970-01-01 00:00:01.150335000,3
1970-01-01 00:00:01.150421400,3
1970-01-01 00:00:01.150680600,3
1970-01-01 00:00:01.150767000,3
1970-01-01 00:00:01.150853400,3
1970-01-01 00:00:01.150939800,3
1970-01-01 00:00:01.151026200,3
1970-01-01 00:00:01.151285400,3
1970-01-01 00:00:01.151371800,3
1970-01-01 00:00:01.151458200,3
1970-01-01 00:00:01.151544600,3
1970-01-01 00:00:01.151631000,3
1970-01-01 00:00:01.151890200,3
1970-01-01 00:00:01.151976600,3
1970-01-01 00:00:01.152063000,3
1970-01-01 00:00:01.152149400,3
1970-01-01 00:00:01.152235800,3
1970-01-01 00:00:01.152495000,3
1970-01-01 00:00:01.152581400,3
1970-01-01 00:00:01.152667800,3
1970-01-01 00:00:01.152754200,3
1970-01-01 00:00:01.152840600,3
1970-01-01 00:00:01.153099800,0
1970-01-01 00:00:01.153186200,0
1970-01-01 00:00:01.153272600,0
1970-01-01 00:00:01.153359000,0
1970-01-01 00:00:01.153445400,0
1970-01-01 00:00:01.153704600,0
1970-01-01 00:00:01.153791000,0
1970-01-01 00:00:01.153877400,0
1970-01-01 00:00:01.153963800,0
1970-01-01 00:00:01.154050200,0
1970-01-01 00:00:01.154309400,0
1970-01-01 00:00:01.154395800,0
1970-01-01 00:00:01.154482200,0
1970-01-01 00:00:01.154568600,0
1970-01-01 00:00:01.154655000,0
1970-01-01 00:00:01.154914200,0
1970-01-01 00:00:01.155000600,0
1970-01-01 00:00:01.155087000,0
1970-01-01 00:00:01.155173400,0
1970-01-01 00:00:01.155259800,0
1970-01-01 00:00:01.155519000,0
1970-01-01 00:00:01.155605400,0
1970-01-01 00:00:01.155691800,0
1970-01-01 00:00:01.155778200,0
1970-01-01 00:00:01.155864600,0
1970-01-01 00:00:01.156123800,0
1970-01-01 00:00:01.156210200,0
1970-01-01 00:00:01.156296600,0
1970-01-01 00:00:01.156383000,0
1970-01-01 00:00:01.156469400,1
1970-01-01 00:00:01.156728600,1
1970-01-01 00:00:01.156815000,1
1970-01-01 00:00:01.156901400,1
1970-01-01 00:00:01.156987800,1
1970-01-01 00:00:01.157074200,1
1970-01-01 00:00:01.157333400,1
1970-01-01 00:00:01.157419800,1
1970-01-01 00:00:01.157506200,1
1970-01-01 00:00:01.157592600,1
1970-01-01 00:00:01.157679000,1
1970-01-01 00:00:01.157938200,1
1970-01-01 00:00:01.158024600,1
1970-01-01 00:00:01.158111000,1
1970-01-01 00:00:01.158197400,1
1970-01-01 00:00:01.158283800,1
1970-01-01 00:00:01.158543000,1
1970-01-01 00:00:01.158629400,1
1970-01-01 00:00:01.158715800,1
1970-01-01 00:00:01.158802200,1
1970-01-01 00:00:01.158888600,1
1970-01-01 00:00:01.159147800,1
1970-01-01 00:00:01.159234200,1
1970-01-01 00:00:01.159320600,1
1970-01-01 00:00:01.159407000,1
1970-01-01 00:00:01.159493400,1
1970-01-01 00:00:01.176082200,1
1970-01-01 00:00:01.176168600,2
1970-01-01 00:00:01.176255000,2
1970-01-01 00:00:01.176341400,0
1970-01-01 00:00:01.176427800,0
1970-01-01 00:00:01.176687000,0
1970-01-01 00:00:01.176773400,0
1970-01-01 00:00:01.176859800,0
1970-01-01 00:00:01.176946200,0
1970-01-01 00:00:01.177032600,0
1970-01-01 00:00:01.177291800,0
1970-01-01 00:00:01.177378200,0
1970-01-01 00:00:01.177464600,0
1970-01-01 00:00:01.177551000,0
1970-01-01 00:00:01.177637400,0
1970-01-01 00:00:01.177896600,0
1970-01-01 00:00:01.178587800,0
1970-01-01 00:00:01.178674200,0
1970-01-01 00:00:01.178760600,0
1970-01-01 00:00:01.178847000,0
1970-01-01 00:00:01.179106200,0
1970-01-01 00:00:01.179192600,0
1970-01-01 00:00:01.179279000,0
1970-01-01 00:00:01.179365400,0
1970-01-01 00:00:01.179451800,0
1970-01-01 00:00:01.179711000,0
1970-01-01 00:00:01.179797400,0
1970-01-01 00:00:01.179883800,0
1970-01-01 00:00:01.179970200,0
1970-01-01 00:00:01.180056600,0
1970-01-01 00:00:01.180315800,0
1970-01-01 00:00:01.180402200,0
1970-01-01 00:00:01.180488600,0
1970-01-01 00:00:01.180575000,0
1970-01-01 00:00:01.180661400,0
1970-01-01 00:00:01.180920600,0
1970-01-01 00:00:01.181007000,0
1970-01-01 00:00:01.181093400,0
1970-01-01 00:00:01.181179800,0
1970-01-01 00:00:01.181266200,0
1970-01-01 00:00:01.181525400,0
1970-01-01 00:00:01.181611800,0
1970-01-01 00:00:01.181698200,0
1970-01-01 00:00:01.181784600,0
1970-01-01 00:00:01.181871000,0
1970-01-01 00:00:01.182130200,0
1970-01-01 00:00:01.182216600,0
1970-01-01 00:00:01.182303000,0
1970-01-01 00:00:01.182389400,0
1970-01-01 00:00:01.182475800,0
1970-01-01 00:00:01.182735000,0
1970-01-01 00:00:01.182821400,0
1970-01-01 00:00:01.182907800,0
1970-01-01 00:00:01.182994200,0
1970-01-01 00:00:01.183080600,0
1970-01-01 00:00:01.183339800,2
1970-01-01 00:00:01.183426200,2
1970-01-01 00:00:01.183512600,2
1970-01-01 00:00:01.183599000,2
1970-01-01 00:00:01.183685400,2
1970-01-01 00:00:01.183944600,2
1970-01-01 00:00:01.184031000,2
1970-01-01 00:00:01.184117400,2
1970-01-01 00:00:01.184203800,2
1970-01-01 00:00:01.184290200,2
1970-01-01 00:00:01.184549400,2
1970-01-01 00:00:01.184635800,2
1970-01-01 00:00:01.184722200,2
1970-01-01 00:00:01.184808600,2
1970-01-01 00:00:01.184895000,0
1970-01-01 00:00:01.185154200,0
1970-01-01 00:00:01.185240600,0
1970-01-01 00:00:01.185327000,0
1970-01-01 00:00:01.185413400,0
1970-01-01 00:00:01.185499800,0
1970-01-01 00:00:01.185759000,0
1970-01-01 00:00:01.185845400,0
1970-01-01 00:00:01.185931800,0
1970-01-01 00:00:01.186018200,0
1970-01-01 00:00:01.186104600,0
1970-01-01 00:00:01.186363800,0
1970-01-01 00:00:01.186450200,0
1970-01-01 00:00:01.186536600,0
1970-01-01 00:00:01.186623000,0
1970-01-01 00:00:01.186709400,0
1970-01-01 00:00:01.186968600,0
1970-01-01 00:00:01.187055000,0
1970-01-01 00:00:01.187141400,0
1970-01-01 00:00:01.187227800,0
1970-01-01 00:00:01.187314200,0
1970-01-01 00:00:01.187573400,0
1970-01-01 00:00:01.187659800,0
1970-01-01 00:00:01.187746200,0
1970-01-01 00:00:01.187832600,0
1970-01-01 00:00:01.187919000,0
1970-01-01 00:00:01.188178200,0
1970-01-01 00:00:01.188264600,0
1970-01-01 00:00:01.188351000,0
1970-01-01 00:00:01.188437400,0
1970-01-01 00:00:01.188523800,0
1970-01-01 00:00:01.188783000,0
1970-01-01 00:00:01.188869400,0
1970-01-01 00:00:01.188955800,0
1970-01-01 00:00:01.189042200,0
1970-01-01 00:00:01.189128600,0
1970-01-01 00:00:01.189387800,0
1970-01-01 00:00:01.189474200,0
1970-01-01 00:00:01.189560600,0
1970-01-01 00:00:01.189647000,0
1970-01-01 00:00:01.189733400,0
1970-01-01 00:00:01.189992600,0
1970-01-01 00:00:01.190079000,0
1970-01-01 00:00:01.190165400,0
1970-01-01 00:00:01.190251800,0
1970-01-01 00:00:01.190338200,0
1970-01-01 00:00:01.190597400,0
1970-01-01 00:00:01.190683800,0
1970-01-01 00:00:01.190770200,0
1970-01-01 00:00:01.190856600,0
1970-01-01 00:00:01.190943000,0
1970-01-01 00:00:01.191807000,0
1970-01-01 00:00:01.191893400,0
1970-01-01 00:00:01.191979800,0
1970-01-01 00:00:01.192066200,0
1970-01-01 00:00:01.192152600,0
1970-01-01 00:00:01.192411800,0
1970-01-01 00:00:01.192498200,0
1970-01-01 00:00:01.192584600,0
1970-01-01 00:00:01.192671000,0
1970-01-01 00:00:01.192757400,0
1970-01-01 00:00:01.193016600,0
1970-01-01 00:00:01.193103000,0
1970-01-01 00:00:01.193189400,0
1970-01-01 00:00:01.193275800,0
1970-01-01 00:00:01.193362200,0
1970-01-01 00:00:01.193621400,0
1970-01-01 00:00:01.193707800,0
1970-01-01 00:00:01.193794200,0
1970-01-01 00:00:01.193880600,0
1970-01-01 00:00:01.193967000,0
1970-01-01 00:00:01.194226200,0
1970-01-01 00:00:01.194312600,0
1970-01-01 00:00:01.194399000,0
1970-01-01 00:00:01.194485400,0
1970-01-01 00:00:01.194571800,0
1970-01-01 00:00:01.194831000,0
1970-01-01 00:00:01.194917400,0
1970-01-01 00:00:01.195003800,0
1970-01-01 00:00:01.195090200,0
1970-01-01 00:00:01.195176600,0
1970-01-01 00:00:01.195435800,0
1970-01-01 00:00:01.195522200,0
1970-01-01 00:00:01.195608600,0
1970-01-01 00:00:01.195695000,0
1970-01-01 00:00:01.195781400,0
1970-01-01 00:00:01.196040600,0
1970-01-01 00:00:01.196127000,0
1970-01-01 00:00:01.196213400,0
1970-01-01 00:00:01.196299800,0
1970-01-01 00:00:01.196386200,0
1970-01-01 00:00:01.196645400,0
1970-01-01 00:00:01.196731800,0
1970-01-01 00:00:01.196818200,0
1970-01-01 00:00:01.196904600,0
1970-01-01 00:00:01.196991000,0
1970-01-01 00:00:01.197250200,0
1970-01-01 00:00:01.197336600,0
1970-01-01 00:00:01.197423000,0
1970-01-01 00:00:01.197509400,0
1970-01-01 00:00:01.197595800,0
1970-01-01 00:00:01.197855000,0
1970-01-01 00:00:01.197941400,0
1970-01-01 00:00:01.198027800,0
1970-01-01 00:00:01.198114200,0
1970-01-01 00:00:01.198200600,0
1970-01-01 00:00:01.198459800,0
1970-01-01 00:00:01.198546200,0
1970-01-01 00:00:01.198632600,0
1970-01-01 00:00:01.198719000,0
1970-01-01 00:00:01.198805400,0
1970-01-01 00:00:01.207618200,0
1970-01-01 00:00:01.207704600,0
1970-01-01 00:00:01.207791000,0
1970-01-01 00:00:01.207877400,0
1970-01-01 00:00:01.208136600,0
1970-01-01 00:00:01.208223000,0
1970-01-01 00:00:01.208309400,0
1970-01-01 00:00:01.208395800,0
1970-01-01 00:00:01.208482200,0
1970-01-01 00:00:01.208741400,0
1970-01-01 00:00:01.208827800,0
1970-01-01 00:00:01.208914200,0
1970-01-01 00:00:01.209000600,0
1970-01-01 00:00:01.209087000,0
1970-01-01 00:00:01.209346200,0
1970-01-01 00:00:01.209432600,0
1970-01-01 00:00:01.209519000,0
1970-01-01 00:00:01.209951000,0
1970-01-01 00:00:01.210037400,0
1970-01-01 00:00:01.210123800,0
1970-01-01 00:00:01.210210200,0
1970-01-01 00:00:01.210296600,0
1970-01-01 00:00:01.210555800,0
1970-01-01 00:00:01.210642200,0
1970-01-01 00:00:01.210728600,0
1970-01-01 00:00:01.210815000,0
1970-01-01 00:00:01.210901400,0
1970-01-01 00:00:01.211160600,0
1970-01-01 00:00:01.211247000,0
1970-01-01 00:00:01.211333400,0
1970-01-01 00:00:01.211419800,0
1970-01-01 00:00:01.211506200,0
1970-01-01 00:00:01.211765400,0
1970-01-01 00:00:01.211851800,0
1970-01-01 00:00:01.211938200,0
1970-01-01 00:00:01.212024600,0
1970-01-01 00:00:01.212111000,0
1970-01-01 00:00:01.212370200,0
1970-01-01 00:00:01.212456600,0
1970-01-01 00:00:01.212543000,0
1970-01-01 00:00:01.212629400,0
1970-01-01 00:00:01.212715800,0
1970-01-01 00:00:01.213061400,0
1970-01-01 00:00:01.213147800,0
1970-01-01 00:00:01.213234200,0
1970-01-01 00:00:01.213320600,0
1970-01-01 00:00:01.213579800,0
1970-01-01 00:00:01.213666200,0
1970-01-01 00:00:01.213752600,0
1970-01-01 00:00:01.213839000,0
1970-01-01 00:00:01.213925400,0
1970-01-01 00:00:01.214184600,0
1970-01-01 00:00:01.214271000,0
1970-01-01 00:00:01.214357400,0
1970-01-01 00:00:01.214443800,0
1970-01-01 00:00:01.214530200,0
1970-01-01 00:00:01.214789400,0
1970-01-01 00:00:01.214875800,0
1970-01-01 00:00:01.214962200,0
1970-01-01 00:00:01.215048600,0
1970-01-01 00:00:01.215135000,0
1970-01-01 00:00:01.215394200,0
1970-01-01 00:00:01.215480600,0
1970-01-01 00:00:01.215567000,0
1970-01-01 00:00:01.215653400,0
1970-01-01 00:00:01.215739800,0
1970-01-01 00:00:01.215999000,0
1970-01-01 00:00:01.216085400,0
1970-01-01 00:00:01.216171800,0
1970-01-01 00:00:01.216258200,0
1970-01-01 00:00:01.216344600,0
1970-01-01 00:00:01.216603800,0
1970-01-01 00:00:01.216690200,0
1970-01-01 00:00:01.216776600,0
1970-01-01 00:00:01.216863000,0
1970-01-01 00:00:01.216949400,0
1970-01-01 00:00:01.217208600,0
1970-01-01 00:00:01.217295000,0
1970-01-01 00:00:01.217381400,0
1970-01-01 00:00:01.217467800,0
1970-01-01 00:00:01.217554200,0
1970-01-01 00:00:01.217813400,0
1970-01-01 00:00:01.217899800,0
1970-01-01 00:00:01.217986200,0
1970-01-01 00:00:01.218072600,0
1970-01-01 00:00:01.218159000,0
1970-01-01 00:00:01.218418200,0
1970-01-01 00:00:01.218504600,0
1970-01-01 00:00:01.218591000,0
1970-01-01 00:00:01.218677400,0
1970-01-01 00:00:01.218763800,0
1970-01-01 00:00:01.219023000,0
1970-01-01 00:00:01.219109400,0
1970-01-01 00:00:01.219195800,0
1970-01-01 00:00:01.219282200,0
1970-01-01 00:00:01.219368600,0
1970-01-01 00:00:01.219627800,0
1970-01-01 00:00:01.219714200,0
1970-01-01 00:00:01.219800600,0
1970-01-01 00:00:01.219887000,0
1970-01-01 00:00:01.219973400,0
1970-01-01 00:00:01.220232600,0
1970-01-01 00:00:01.220319000,0
1970-01-01 00:00:01.220405400,0
1970-01-01 00:00:01.220491800,0
1970-01-01 00:00:01.220578200,1
1970-01-01 00:00:01.220837400,1
1970-01-01 00:00:01.220923800,1
1970-01-01 00:00:01.221010200,1
1970-01-01 00:00:01.221096600,1
1970-01-01 00:00:01.221183000,1
1970-01-01 00:00:01.221528600,1
1970-01-01 00:00:01.221615000,1
1970-01-01 00:00:01.221701400,1
1970-01-01 00:00:01.221787800,0
1970-01-01 00:00:01.222047000,0
1970-01-01 00:00:01.222133400,0
1970-01-01 00:00:01.222219800,0
1970-01-01 00:00:01.222306200,0
1970-01-01 00:00:01.222392600,0
1970-01-01 00:00:01.223256600,0
1970-01-01 00:00:01.223343000,0
1970-01-01 00:00:01.223429400,0
1970-01-01 00:00:01.223515800,0
1970-01-01 00:00:01.223602200,0
1970-01-01 00:00:01.223861400,0
1970-01-01 00:00:01.223947800,0
1970-01-01 00:00:01.224034200,0
1970-01-01 00:00:01.224120600,0
1970-01-01 00:00:01.224207000,0
1970-01-01 00:00:01.224466200,0
1970-01-01 00:00:01.224552600,0
1970-01-01 00:00:01.224639000,0
1970-01-01 00:00:01.224725400,0
1970-01-01 00:00:01.224811800,0
1970-01-01 00:00:01.225071000,0
1970-01-01 00:00:01.225157400,0
1970-01-01 00:00:01.225243800,0
1970-01-01 00:00:01.225330200,0
1970-01-01 00:00:01.225416600,0
1970-01-01 00:00:01.225675800,0
1970-01-01 00:00:01.225762200,0
1970-01-01 00:00:01.225848600,0
1970-01-01 00:00:01.225935000,0
1970-01-01 00:00:01.226021400,0
1970-01-01 00:00:01.226280600,0
1970-01-01 00:00:01.226367000,0
1970-01-01 00:00:01.226453400,0
1970-01-01 00:00:01.226539800,0
1970-01-01 00:00:01.226626200,0
1970-01-01 00:00:01.226885400,0
1970-01-01 00:00:01.226971800,0
1970-01-01 00:00:01.227058200,0
1970-01-01 00:00:01.227144600,0
1970-01-01 00:00:01.227231000,0
1970-01-01 00:00:01.227490200,0
1970-01-01 00:00:01.227576600,0
1970-01-01 00:00:01.227663000,0
1970-01-01 00:00:01.227749400,0
1970-01-01 00:00:01.227835800,0
1970-01-01 00:00:01.228095000,0
1970-01-01 00:00:01.228181400,0
1970-01-01 00:00:01.228267800,0
1970-01-01 00:00:01.228354200,0
1970-01-01 00:00:01.228440600,0
1970-01-01 00:00:01.228699800,0
1970-01-01 00:00:01.228786200,0
1970-01-01 00:00:01.228872600,0
1970-01-01 00:00:01.228959000,0
1970-01-01 00:00:01.229045400,0
1970-01-01 00:00:01.229304600,0
1970-01-01 00:00:01.229391000,0
1970-01-01 00:00:01.229477400,0
1970-01-01 00:00:01.229563800,0
1970-01-01 00:00:01.229650200,0
1970-01-01 00:00:01.229909400,0
1970-01-01 00:00:01.229995800,0
1970-01-01 00:00:01.230082200,0
1970-01-01 00:00:01.230168600,0
1970-01-01 00:00:01.230255000,0
1970-01-01 00:00:01.230514200,0
1970-01-01 00:00:01.230600600,0
1970-01-01 00:00:01.230687000,0
1970-01-01 00:00:01.231119000,0
1970-01-01 00:00:01.231205400,0
1970-01-01 00:00:01.231291800,0
1970-01-01 00:00:01.231378200,0
1970-01-01 00:00:01.231464600,0
1970-01-01 00:00:01.231723800,0
1970-01-01 00:00:01.231810200,0
1970-01-01 00:00:01.231896600,0
1970-01-01 00:00:01.231983000,0
1970-01-01 00:00:01.232069400,0
1970-01-01 00:00:01.232328600,0
1970-01-01 00:00:01.232415000,0
1970-01-01 00:00:01.232501400,0
1970-01-01 00:00:01.232587800,0
1970-01-01 00:00:01.232674200,0
1970-01-01 00:00:01.233538200,0
1970-01-01 00:00:01.233624600,0
1970-01-01 00:00:01.233711000,0
1970-01-01 00:00:01.233797400,0
1970-01-01 00:00:01.233883800,0
1970-01-01 00:00:01.234143000,0
1970-01-01 00:00:01.234229400,0
1970-01-01 00:00:01.234315800,0
1970-01-01 00:00:01.234402200,0
1970-01-01 00:00:01.234488600,0
1970-01-01 00:00:01.234747800,0
1970-01-01 00:00:01.234834200,0
1970-01-01 00:00:01.234920600,0
1970-01-01 00:00:01.235007000,0
1970-01-01 00:00:01.235093400,0
1970-01-01 00:00:01.235352600,0
1970-01-01 00:00:01.235439000,0
1970-01-01 00:00:01.235525400,0
1970-01-01 00:00:01.235611800,0
1970-01-01 00:00:01.235698200,0
1970-01-01 00:00:01.235957400,0
1970-01-01 00:00:01.236043800,0
1970-01-01 00:00:01.236130200,0
1970-01-01 00:00:01.236216600,0
1970-01-01 00:00:01.236303000,0
1970-01-01 00:00:01.236562200,0
1970-01-01 00:00:01.236648600,0
1970-01-01 00:00:01.236735000,0
1970-01-01 00:00:01.236821400,0
1970-01-01 00:00:01.236907800,0
1970-01-01 00:00:01.237167000,0
1970-01-01 00:00:01.237253400,0
1970-01-01 00:00:01.237339800,0
1970-01-01 00:00:01.237426200,0
1970-01-01 00:00:01.237512600,0
1970-01-01 00:00:01.237771800,0
1970-01-01 00:00:01.237858200,0
1970-01-01 00:00:01.237944600,0
1970-01-01 00:00:01.238031000,0
1970-01-01 00:00:01.238117400,0
1970-01-01 00:00:01.238376600,0
1970-01-01 00:00:01.238463000,0
1970-01-01 00:00:01.238549400,0
1970-01-01 00:00:01.238635800,0
1970-01-01 00:00:01.238722200,0
1970-01-01 00:00:01.239067800,0
1970-01-01 00:00:01.239154200,0
1970-01-01 00:00:01.239240600,0
1970-01-01 00:00:01.239327000,0
1970-01-01 00:00:01.239586200,0
1970-01-01 00:00:01.239672600,0
1970-01-01 00:00:01.239759000,0
1970-01-01 00:00:01.239845400,0
1970-01-01 00:00:01.239931800,0
1970-01-01 00:00:01.240191000,0
1970-01-01 00:00:01.240277400,0
1970-01-01 00:00:01.240363800,0
1970-01-01 00:00:01.240450200,0
1970-01-01 00:00:01.240536600,0
1970-01-01 00:00:01.240795800,0
1970-01-01 00:00:01.240882200,0
1970-01-01 00:00:01.240968600,0
1970-01-01 00:00:01.241055000,0
1970-01-01 00:00:01.241400600,0
1970-01-01 00:00:01.241487000,0
1970-01-01 00:00:01.241573400,0
1970-01-01 00:00:01.241659800,0
1970-01-01 00:00:01.241746200,0
1970-01-01 00:00:01.242005400,0
1970-01-01 00:00:01.242091800,0
1970-01-01 00:00:01.242178200,0
1970-01-01 00:00:01.242264600,0
1970-01-01 00:00:01.242351000,0
1970-01-01 00:00:01.242610200,0
1970-01-01 00:00:01.242696600,0
1970-01-01 00:00:01.242783000,0
1970-01-01 00:00:01.242869400,0
1970-01-01 00:00:01.242955800,0
1970-01-01 00:00:01.243215000,0
1970-01-01 00:00:01.243301400,0
1970-01-01 00:00:01.243387800,0
1970-01-01 00:00:01.243819800,0
1970-01-01 00:00:01.243906200,1
1970-01-01 00:00:01.243992600,1
1970-01-01 00:00:01.244079000,1
1970-01-01 00:00:01.244165400,1
1970-01-01 00:00:01.244424600,1
1970-01-01 00:00:01.244511000,1
1970-01-01 00:00:01.244597400,1
1970-01-01 00:00:01.244683800,1
1970-01-01 00:00:01.244770200,1
1970-01-01 00:00:01.245029400,1
1970-01-01 00:00:01.245115800,1
1970-01-01 00:00:01.245202200,1
1970-01-01 00:00:01.245288600,0
1970-01-01 00:00:01.245375000,1
1970-01-01 00:00:01.245634200,1
1970-01-01 00:00:01.245720600,0
1970-01-01 00:00:01.245807000,0
1970-01-01 00:00:01.245893400,0
1970-01-01 00:00:01.245979800,1
1970-01-01 00:00:01.246239000,1
1970-01-01 00:00:01.246325400,1
1970-01-01 00:00:01.246411800,1
1970-01-01 00:00:01.246498200,1
1970-01-01 00:00:01.246584600,1
1970-01-01 00:00:01.246843800,1
1970-01-01 00:00:01.246930200,1
1970-01-01 00:00:01.247016600,0
1970-01-01 00:00:01.247103000,1
1970-01-01 00:00:01.247189400,0
1970-01-01 00:00:01.247448600,0
1970-01-01 00:00:01.247535000,0
1970-01-01 00:00:01.247621400,0
1970-01-01 00:00:01.247707800,0
1970-01-01 00:00:01.247794200,0
1970-01-01 00:00:01.248053400,0
1970-01-01 00:00:01.248139800,0
1970-01-01 00:00:01.248226200,0
1970-01-01 00:00:01.248312600,0
1970-01-01 00:00:01.248399000,0
1970-01-01 00:00:01.248658200,0
1970-01-01 00:00:01.248744600,0
1970-01-01 00:00:01.248831000,0
1970-01-01 00:00:01.248917400,0
1970-01-01 00:00:01.249003800,0
1970-01-01 00:00:01.249263000,0
1970-01-01 00:00:01.249349400,0
1970-01-01 00:00:01.249435800,0
1970-01-01 00:00:01.249522200,0
1970-01-01 00:00:01.249608600,0
1970-01-01 00:00:01.249867800,0
1970-01-01 00:00:01.249954200,0
1970-01-01 00:00:01.250040600,0
1970-01-01 00:00:01.250127000,0
1970-01-01 00:00:01.250213400,0
1970-01-01 00:00:01.250472600,0
1970-01-01 00:00:01.250559000,0
1970-01-01 00:00:01.250645400,0
1970-01-01 00:00:01.250731800,0
1970-01-01 00:00:01.250818200,0
1970-01-01 00:00:01.251077400,0
1970-01-01 00:00:01.251163800,0
1970-01-01 00:00:01.251250200,0
1970-01-01 00:00:01.251336600,0
1970-01-01 00:00:01.251423000,0
1970-01-01 00:00:01.251682200,0
1970-01-01 00:00:01.251768600,0
1970-01-01 00:00:01.251855000,0
1970-01-01 00:00:01.251941400,0
1970-01-01 00:00:01.252027800,0
1970-01-01 00:00:01.252287000,0
1970-01-01 00:00:01.252373400,0
1970-01-01 00:00:01.252459800,0
1970-01-01 00:00:01.252546200,0
1970-01-01 00:00:01.252632600,0
1970-01-01 00:00:01.252891800,0
1970-01-01 00:00:01.252978200,0
1970-01-01 00:00:01.253064600,0
1970-01-01 00:00:01.253151000,0
1970-01-01 00:00:01.253237400,0
1970-01-01 00:00:01.253496600,0
1970-01-01 00:00:01.253583000,0
1970-01-01 00:00:01.253669400,0
1970-01-01 00:00:01.253755800,0
1970-01-01 00:00:01.253842200,0
1970-01-01 00:00:01.254101400,0
1970-01-01 00:00:01.254187800,0
1970-01-01 00:00:01.254274200,0
1970-01-01 00:00:01.255051800,0
1970-01-01 00:00:01.255311000,0
1970-01-01 00:00:01.255397400,0
1970-01-01 00:00:01.255483800,0
1970-01-01 00:00:01.255570200,0
1970-01-01 00:00:01.255656600,0
1970-01-01 00:00:01.255915800,0
1970-01-01 00:00:01.256002200,0
1970-01-01 00:00:01.256088600,0
1970-01-01 00:00:01.256175000,0
1970-01-01 00:00:01.256261400,0
1970-01-01 00:00:01.256520600,0
1970-01-01 00:00:01.256607000,0
1970-01-01 00:00:01.256693400,0
1970-01-01 00:00:01.256779800,0
1970-01-01 00:00:01.256866200,0
1970-01-01 00:00:01.257125400,0
1970-01-01 00:00:01.257211800,0
1970-01-01 00:00:01.257298200,0
1970-01-01 00:00:01.257384600,0
1970-01-01 00:00:01.257471000,0
1970-01-01 00:00:01.257730200,0
1970-01-01 00:00:01.257816600,0
1970-01-01 00:00:01.257903000,0
1970-01-01 00:00:01.257989400,0
1970-01-01 00:00:01.258075800,0
1970-01-01 00:00:01.258335000,0
1970-01-01 00:00:01.258421400,0
1970-01-01 00:00:01.258507800,0
1970-01-01 00:00:01.258594200,0
1970-01-01 00:00:01.258680600,0
1970-01-01 00:00:01.258939800,0
1970-01-01 00:00:01.259026200,0
1970-01-01 00:00:01.259112600,0
1970-01-01 00:00:01.259199000,0
1970-01-01 00:00:01.259285400,0
1970-01-01 00:00:01.259544600,0
1970-01-01 00:00:01.259631000,0
1970-01-01 00:00:01.259717400,0
1970-01-01 00:00:01.259803800,0
1970-01-01 00:00:01.259890200,0
1970-01-01 00:00:01.260149400,0
1970-01-01 00:00:01.260235800,0
1970-01-01 00:00:01.260322200,0
1970-01-01 00:00:01.260408600,0
1970-01-01 00:00:01.260495000,0
1970-01-01 00:00:01.260754200,1
1970-01-01 00:00:01.260840600,1
1970-01-01 00:00:01.260927000,1
1970-01-01 00:00:01.261013400,0
1970-01-01 00:00:01.261099800,0
1970-01-01 00:00:01.261359000,0
1970-01-01 00:00:01.261445400,0
1970-01-01 00:00:01.261531800,0
1970-01-01 00:00:01.261618200,1
1970-01-01 00:00:01.261704600,1
1970-01-01 00:00:01.261963800,1
1970-01-01 00:00:01.262050200,1
1970-01-01 00:00:01.262136600,1
1970-01-01 00:00:01.262223000,1
1970-01-01 00:00:01.262568600,1
1970-01-01 00:00:01.262655000,1
1970-01-01 00:00:01.262741400,1
1970-01-01 00:00:01.262827800,1
1970-01-01 00:00:01.262914200,1
1970-01-01 00:00:01.263173400,1
1970-01-01 00:00:01.263259800,1
1970-01-01 00:00:01.263346200,1
1970-01-01 00:00:01.263432600,1
1970-01-01 00:00:01.263519000,1
1970-01-01 00:00:01.263778200,1
1970-01-01 00:00:01.263864600,1
1970-01-01 00:00:01.263951000,1
1970-01-01 00:00:01.264037400,1
1970-01-01 00:00:01.264123800,1
1970-01-01 00:00:01.264383000,1
1970-01-01 00:00:01.264469400,1
1970-01-01 00:00:01.264555800,1
1970-01-01 00:00:01.264642200,1
1970-01-01 00:00:01.264728600,1
1970-01-01 00:00:01.264987800,1
1970-01-01 00:00:01.265074200,1
1970-01-01 00:00:01.265160600,1
1970-01-01 00:00:01.265247000,1
1970-01-01 00:00:01.265333400,1
1970-01-01 00:00:01.265592600,1
1970-01-01 00:00:01.265679000,1
1970-01-01 00:00:01.265765400,1
1970-01-01 00:00:01.265851800,1
1970-01-01 00:00:01.265938200,1
1970-01-01 00:00:01.266802200,1
1970-01-01 00:00:01.266888600,1
1970-01-01 00:00:01.266975000,1
1970-01-01 00:00:01.267061400,1
1970-01-01 00:00:01.267147800,1
1970-01-01 00:00:01.267407000,1
1970-01-01 00:00:01.267493400,1
1970-01-01 00:00:01.267579800,1
1970-01-01 00:00:01.267666200,1
1970-01-01 00:00:01.267752600,1
1970-01-01 00:00:01.268011800,1
1970-01-01 00:00:01.268098200,1
1970-01-01 00:00:01.268184600,1
1970-01-01 00:00:01.268271000,1
1970-01-01 00:00:01.268357400,1
1970-01-01 00:00:01.268616600,1
1970-01-01 00:00:01.268703000,1
1970-01-01 00:00:01.268789400,1
1970-01-01 00:00:01.268875800,1
1970-01-01 00:00:01.268962200,1
1970-01-01 00:00:01.269221400,1
1970-01-01 00:00:01.269307800,1
1970-01-01 00:00:01.269394200,1
1970-01-01 00:00:01.269480600,1
1970-01-01 00:00:01.269567000,1
1970-01-01 00:00:01.269826200,1
1970-01-01 00:00:01.269912600,1
1970-01-01 00:00:01.269999000,1
1970-01-01 00:00:01.270085400,1
1970-01-01 00:00:01.270171800,1
1970-01-01 00:00:01.270517400,1
1970-01-01 00:00:01.270603800,1
1970-01-01 00:00:01.270690200,1
1970-01-01 00:00:01.270776600,1
1970-01-01 00:00:01.271035800,1
1970-01-01 00:00:01.271122200,1
1970-01-01 00:00:01.271208600,1
1970-01-01 00:00:01.271295000,1
1970-01-01 00:00:01.271381400,1
1970-01-01 00:00:01.271640600,1
1970-01-01 00:00:01.271727000,1
1970-01-01 00:00:01.271813400,1
1970-01-01 00:00:01.271899800,1
1970-01-01 00:00:01.271986200,1
1970-01-01 00:00:01.272245400,1
1970-01-01 00:00:01.272331800,1
1970-01-01 00:00:01.272418200,1
1970-01-01 00:00:01.272504600,1
1970-01-01 00:00:01.272591000,1
1970-01-01 00:00:01.272936600,1
1970-01-01 00:00:01.273023000,1
1970-01-01 00:00:01.273109400,1
1970-01-01 00:00:01.273195800,1
1970-01-01 00:00:01.273455000,1
1970-01-01 00:00:01.273541400,1
1970-01-01 00:00:01.273627800,1
1970-01-01 00:00:01.273714200,1
1970-01-01 00:00:01.273800600,1
1970-01-01 00:00:01.274059800,1
1970-01-01 00:00:01.274146200,1
1970-01-01 00:00:01.274232600,1
1970-01-01 00:00:01.274319000,1
1970-01-01 00:00:01.274405400,1
1970-01-01 00:00:01.274664600,1
1970-01-01 00:00:01.274751000,1
1970-01-01 00:00:01.274837400,1
1970-01-01 00:00:01.274923800,1
1970-01-01 00:00:01.275010200,1
1970-01-01 00:00:01.275269400,1
1970-01-01 00:00:01.275355800,1
1970-01-01 00:00:01.275442200,1
1970-01-01 00:00:01.275528600,1
1970-01-01 00:00:01.275615000,1
1970-01-01 00:00:01.275874200,1
1970-01-01 00:00:01.275960600,1
1970-01-01 00:00:01.276047000,1
1970-01-01 00:00:01.276133400,1
1970-01-01 00:00:01.276219800,1
1970-01-01 00:00:01.276738200,1
1970-01-01 00:00:01.276824600,1
1970-01-01 00:00:01.277083800,1
1970-01-01 00:00:01.277170200,1
1970-01-01 00:00:01.277256600,1
1970-01-01 00:00:01.277343000,1
1970-01-01 00:00:01.277429400,1
1970-01-01 00:00:01.277688600,1
1970-01-01 00:00:01.277775000,1
1970-01-01 00:00:01.277861400,1
1970-01-01 00:00:01.277947800,1
1970-01-01 00:00:01.278034200,1
1970-01-01 00:00:01.278293400,1
1970-01-01 00:00:01.278379800,1
1970-01-01 00:00:01.278466200,1
1970-01-01 00:00:01.278552600,1
1970-01-01 00:00:01.278639000,1
1970-01-01 00:00:01.278898200,1
1970-01-01 00:00:01.278984600,1
1970-01-01 00:00:01.279071000,1
1970-01-01 00:00:01.279157400,1
1970-01-01 00:00:01.279243800,1
1970-01-01 00:00:01.279503000,1
1970-01-01 00:00:01.279589400,1
1970-01-01 00:00:01.279675800,1
1970-01-01 00:00:01.279762200,1
1970-01-01 00:00:01.279848600,1
1970-01-01 00:00:01.280107800,1
1970-01-01 00:00:01.280194200,1
1970-01-01 00:00:01.280280600,1
1970-01-01 00:00:01.280367000,1
1970-01-01 00:00:01.280453400,1
1970-01-01 00:00:01.280712600,1
1970-01-01 00:00:01.280799000,1
1970-01-01 00:00:01.280885400,1
1970-01-01 00:00:01.280971800,1
1970-01-01 00:00:01.281058200,1
1970-01-01 00:00:01.281317400,1
1970-01-01 00:00:01.281403800,1
1970-01-01 00:00:01.281490200,1
1970-01-01 00:00:01.281576600,1
1970-01-01 00:00:01.281663000,1
1970-01-01 00:00:01.281922200,1
1970-01-01 00:00:01.282008600,1
1970-01-01 00:00:01.282095000,1
1970-01-01 00:00:01.282181400,1
1970-01-01 00:00:01.282267800,1
1970-01-01 00:00:01.282527000,1
1970-01-01 00:00:01.282613400,1
1970-01-01 00:00:01.282699800,1
1970-01-01 00:00:01.282786200,1
1970-01-01 00:00:01.282872600,1
1970-01-01 00:00:01.283131800,1
1970-01-01 00:00:01.283218200,1
1970-01-01 00:00:01.283304600,1
1970-01-01 00:00:01.283391000,1
1970-01-01 00:00:01.283477400,1
1970-01-01 00:00:01.283736600,1
1970-01-01 00:00:01.283823000,1
1970-01-01 00:00:01.283909400,1
1970-01-01 00:00:01.283995800,1
1970-01-01 00:00:01.284082200,1
1970-01-01 00:00:01.284341400,1
1970-01-01 00:00:01.284427800,1
1970-01-01 00:00:01.284514200,1
1970-01-01 00:00:01.284600600,1
1970-01-01 00:00:01.284687000,1
1970-01-01 00:00:01.284946200,1
1970-01-01 00:00:01.285032600,1
1970-01-01 00:00:01.285551000,1
1970-01-01 00:00:01.285637400,1
1970-01-01 00:00:01.285723800,1
1970-01-01 00:00:01.285810200,1
1970-01-01 00:00:01.286501400,1
1970-01-01 00:00:01.286760600,1
1970-01-01 00:00:01.286847000,1
1970-01-01 00:00:01.286933400,1
1970-01-01 00:00:01.287019800,1
1970-01-01 00:00:01.287106200,1
1970-01-01 00:00:01.287365400,1
1970-01-01 00:00:01.287451800,1
1970-01-01 00:00:01.287538200,1
1970-01-01 00:00:01.287624600,1
1970-01-01 00:00:01.287711000,1
1970-01-01 00:00:01.287970200,1
1970-01-01 00:00:01.288056600,1
1970-01-01 00:00:01.288143000,1
1970-01-01 00:00:01.288229400,1
1970-01-01 00:00:01.288315800,1
1970-01-01 00:00:01.288575000,1
1970-01-01 00:00:01.288661400,1
1970-01-01 00:00:01.288747800,1
1970-01-01 00:00:01.288834200,1
1970-01-01 00:00:01.288920600,1
1970-01-01 00:00:01.289179800,1
1970-01-01 00:00:01.289266200,1
1970-01-01 00:00:01.289352600,1
1970-01-01 00:00:01.289439000,1
1970-01-01 00:00:01.289525400,1
1970-01-01 00:00:01.289784600,1
1970-01-01 00:00:01.289871000,1
1970-01-01 00:00:01.289957400,1
1970-01-01 00:00:01.290043800,1
1970-01-01 00:00:01.290130200,1
1970-01-01 00:00:01.290389400,1
1970-01-01 00:00:01.290475800,1
1970-01-01 00:00:01.290562200,1
1970-01-01 00:00:01.290648600,1
1970-01-01 00:00:01.290735000,1
1970-01-01 00:00:01.290994200,1
1970-01-01 00:00:01.291080600,1
1970-01-01 00:00:01.291167000,1
1970-01-01 00:00:01.291253400,1
1970-01-01 00:00:01.291339800,1
1970-01-01 00:00:01.291599000,1
1970-01-01 00:00:01.291685400,1
1970-01-01 00:00:01.291771800,1
1970-01-01 00:00:01.291858200,1
1970-01-01 00:00:01.291944600,1
1970-01-01 00:00:01.292203800,1
1970-01-01 00:00:01.292290200,1
1970-01-01 00:00:01.292376600,1
1970-01-01 00:00:01.292463000,1
1970-01-01 00:00:01.292549400,1
1970-01-01 00:00:01.292808600,1
1970-01-01 00:00:01.292895000,1
1970-01-01 00:00:01.292981400,1
1970-01-01 00:00:01.293067800,1
1970-01-01 00:00:01.293154200,1
1970-01-01 00:00:01.293413400,1
1970-01-01 00:00:01.293499800,1
1970-01-01 00:00:01.293586200,1
1970-01-01 00:00:01.293672600,1
1970-01-01 00:00:01.293759000,1
1970-01-01 00:00:01.294104600,1
1970-01-01 00:00:01.294191000,1
1970-01-01 00:00:01.294277400,1
1970-01-01 00:00:01.294363800,1
1970-01-01 00:00:01.294623000,1
1970-01-01 00:00:01.294709400,1
1970-01-01 00:00:01.294795800,1
1970-01-01 00:00:01.294882200,1
1970-01-01 00:00:01.294968600,1
1970-01-01 00:00:01.295227800,1
1970-01-01 00:00:01.295314200,1
1970-01-01 00:00:01.295400600,1
1970-01-01 00:00:01.295487000,1
1970-01-01 00:00:01.295573400,1
1970-01-01 00:00:01.295832600,1
1970-01-01 00:00:01.295919000,1
1970-01-01 00:00:01.296005400,1
1970-01-01 00:00:01.296091800,1
1970-01-01 00:00:01.296178200,1
1970-01-01 00:00:01.296437400,1
1970-01-01 00:00:01.296523800,1
1970-01-01 00:00:01.297215000,1
1970-01-01 00:00:01.297301400,1
1970-01-01 00:00:01.297387800,1
1970-01-01 00:00:01.297647000,1
1970-01-01 00:00:01.297733400,1
1970-01-01 00:00:01.297819800,1
1970-01-01 00:00:01.297906200,1
1970-01-01 00:00:01.297992600,1
1970-01-01 00:00:01.298251800,1
1970-01-01 00:00:01.298338200,1
1970-01-01 00:00:01.298424600,1
1970-01-01 00:00:01.298511000,1
1970-01-01 00:00:01.298597400,1
1970-01-01 00:00:01.298856600,1
1970-01-01 00:00:01.298943000,1
1970-01-01 00:00:01.299029400,1
1970-01-01 00:00:01.299115800,1
1970-01-01 00:00:01.299202200,1
1970-01-01 00:00:01.299461400,1
1970-01-01 00:00:01.299547800,1
1970-01-01 00:00:01.299634200,1
1970-01-01 00:00:01.299720600,1
1970-01-01 00:00:01.299807000,1
1970-01-01 00:00:01.300066200,1
1970-01-01 00:00:01.300152600,1
1970-01-01 00:00:01.300239000,1
1970-01-01 00:00:01.300325400,1
1970-01-01 00:00:01.300411800,1
1970-01-01 00:00:01.300671000,1
1970-01-01 00:00:01.300757400,1
1970-01-01 00:00:01.300843800,1
1970-01-01 00:00:01.300930200,1
1970-01-01 00:00:01.301016600,1
1970-01-01 00:00:01.301275800,1
1970-01-01 00:00:01.301362200,1
1970-01-01 00:00:01.301448600,1
1970-01-01 00:00:01.301535000,1
1970-01-01 00:00:01.301621400,1
1970-01-01 00:00:01.302053400,1
1970-01-01 00:00:01.302139800,1
1970-01-01 00:00:01.302226200,1
1970-01-01 00:00:01.302485400,1
1970-01-01 00:00:01.302571800,1
1970-01-01 00:00:01.302658200,1
1970-01-01 00:00:01.302744600,1
1970-01-01 00:00:01.302831000,1
1970-01-01 00:00:01.303090200,1
1970-01-01 00:00:01.303176600,1
1970-01-01 00:00:01.303263000,1
1970-01-01 00:00:01.303349400,1
1970-01-01 00:00:01.303435800,1
1970-01-01 00:00:01.303695000,1
1970-01-01 00:00:01.303781400,1
1970-01-01 00:00:01.303867800,1
1970-01-01 00:00:01.303954200,1
1970-01-01 00:00:01.304040600,1
1970-01-01 00:00:01.304386200,1
1970-01-01 00:00:01.304472600,1
1970-01-01 00:00:01.304559000,1
1970-01-01 00:00:01.304645400,1
1970-01-01 00:00:01.304904600,1
1970-01-01 00:00:01.304991000,1
1970-01-01 00:00:01.305077400,1
1970-01-01 00:00:01.305163800,1
1970-01-01 00:00:01.305250200,1
1970-01-01 00:00:01.305509400,1
1970-01-01 00:00:01.305595800,1
1970-01-01 00:00:01.305682200,1
1970-01-01 00:00:01.305768600,1
1970-01-01 00:00:01.305855000,1
1970-01-01 00:00:01.306114200,1
1970-01-01 00:00:01.306200600,1
1970-01-01 00:00:01.306287000,1
1970-01-01 00:00:01.306373400,1
1970-01-01 00:00:01.306459800,1
1970-01-01 00:00:01.306719000,1
1970-01-01 00:00:01.306805400,1
1970-01-01 00:00:01.306891800,1
1970-01-01 00:00:01.306978200,1
1970-01-01 00:00:01.307064600,1
1970-01-01 00:00:01.307410200,1
1970-01-01 00:00:01.307496600,1
1970-01-01 00:00:01.307583000,1
1970-01-01 00:00:01.307669400,1
1970-01-01 00:00:01.307928600,1
1970-01-01 00:00:01.308015000,1
1970-01-01 00:00:01.308101400,1
1970-01-01 00:00:01.308187800,1
1970-01-01 00:00:01.308274200,1
1970-01-01 00:00:01.308533400,1
1970-01-01 00:00:01.308619800,1
1970-01-01 00:00:01.308706200,1
1970-01-01 00:00:01.308792600,1
1970-01-01 00:00:01.308879000,1
1970-01-01 00:00:01.309138200,1
1970-01-01 00:00:01.309224600,1
1970-01-01 00:00:01.309311000,1
1970-01-01 00:00:01.309397400,1
1970-01-01 00:00:01.309483800,1
1970-01-01 00:00:01.309743000,1
1970-01-01 00:00:01.309829400,1
1970-01-01 00:00:01.309915800,1
1970-01-01 00:00:01.310002200,1
1970-01-01 00:00:01.310088600,1
1970-01-01 00:00:01.310347800,1
1970-01-01 00:00:01.310434200,1
1970-01-01 00:00:01.310520600,1
1970-01-01 00:00:01.310607000,1
1970-01-01 00:00:01.310693400,1
1970-01-01 00:00:01.310952600,1
1970-01-01 00:00:01.311039000,1
1970-01-01 00:00:01.311125400,1
1970-01-01 00:00:01.311211800,1
1970-01-01 00:00:01.311298200,1
1970-01-01 00:00:01.311557400,1
1970-01-01 00:00:01.311643800,1
1970-01-01 00:00:01.311730200,1
1970-01-01 00:00:01.311816600,1
1970-01-01 00:00:01.311903000,1
1970-01-01 00:00:01.312162200,1
1970-01-01 00:00:01.312248600,1
1970-01-01 00:00:01.312335000,1
1970-01-01 00:00:01.312421400,1
1970-01-01 00:00:01.312507800,1
1970-01-01 00:00:01.312767000,1
1970-01-01 00:00:01.312853400,1
1970-01-01 00:00:01.312939800,1
1970-01-01 00:00:01.313026200,1
1970-01-01 00:00:01.313112600,1
1970-01-01 00:00:01.313371800,1
1970-01-01 00:00:01.313458200,1
1970-01-01 00:00:01.313544600,1
1970-01-01 00:00:01.313631000,1
1970-01-01 00:00:01.313717400,1
1970-01-01 00:00:01.313976600,1
1970-01-01 00:00:01.314063000,1
1970-01-01 00:00:01.314149400,1
1970-01-01 00:00:01.314235800,1
1970-01-01 00:00:01.314322200,1
1970-01-01 00:00:01.314581400,1
1970-01-01 00:00:01.314667800,1
1970-01-01 00:00:01.314754200,1
1970-01-01 00:00:01.314840600,1
1970-01-01 00:00:01.314927000,1
1970-01-01 00:00:01.315186200,1
1970-01-01 00:00:01.315272600,1
1970-01-01 00:00:01.315359000,1
1970-01-01 00:00:01.315445400,1
1970-01-01 00:00:01.315531800,1
1970-01-01 00:00:01.315877400,1
1970-01-01 00:00:01.315963800,1
1970-01-01 00:00:01.316050200,1
1970-01-01 00:00:01.316136600,1
1970-01-01 00:00:01.316395800,1
1970-01-01 00:00:01.316482200,1
1970-01-01 00:00:01.316568600,1
1970-01-01 00:00:01.316655000,1
1970-01-01 00:00:01.316741400,1
1970-01-01 00:00:01.317000600,1
1970-01-01 00:00:01.317087000,1
1970-01-01 00:00:01.317173400,1
1970-01-01 00:00:01.317259800,1
1970-01-01 00:00:01.317346200,1
1970-01-01 00:00:01.318210200,1
1970-01-01 00:00:01.318296600,1
1970-01-01 00:00:01.318383000,1
1970-01-01 00:00:01.318469400,1
1970-01-01 00:00:01.318555800,1
1970-01-01 00:00:01.318815000,1
1970-01-01 00:00:01.318901400,1
1970-01-01 00:00:01.318987800,1
1970-01-01 00:00:01.319074200,1
1970-01-01 00:00:01.319160600,1
1970-01-01 00:00:01.319419800,1
1970-01-01 00:00:01.319506200,1
1970-01-01 00:00:01.319592600,1
1970-01-01 00:00:01.319679000,1
1970-01-01 00:00:01.319765400,1
1970-01-01 00:00:01.320024600,1
1970-01-01 00:00:01.320111000,1
1970-01-01 00:00:01.320197400,1
1970-01-01 00:00:01.320283800,1
1970-01-01 00:00:01.320370200,1
1970-01-01 00:00:01.320629400,1
1970-01-01 00:00:01.320715800,1
1970-01-01 00:00:01.320802200,1
1970-01-01 00:00:01.320888600,1
1970-01-01 00:00:01.320975000,1
1970-01-01 00:00:01.321234200,1
1970-01-01 00:00:01.321320600,1
1970-01-01 00:00:01.321407000,1
1970-01-01 00:00:01.321493400,1
1970-01-01 00:00:01.321579800,1
1970-01-01 00:00:01.321839000,1
1970-01-01 00:00:01.321925400,1
1970-01-01 00:00:01.322011800,1
1970-01-01 00:00:01.322098200,1
1970-01-01 00:00:01.322184600,1
1970-01-01 00:00:01.322443800,1
1970-01-01 00:00:01.322530200,1
1970-01-01 00:00:01.322616600,1
1970-01-01 00:00:01.322703000,1
1970-01-01 00:00:01.322789400,1
1970-01-01 00:00:01.323048600,1
1970-01-01 00:00:01.323135000,1
1970-01-01 00:00:01.323221400,1
1970-01-01 00:00:01.323307800,1
1970-01-01 00:00:01.323394200,1
1970-01-01 00:00:01.323653400,1
1970-01-01 00:00:01.323739800,1
1970-01-01 00:00:01.323826200,1
1970-01-01 00:00:01.323912600,1
1970-01-01 00:00:01.323999000,1
1970-01-01 00:00:01.324258200,1
1970-01-01 00:00:01.324344600,1
1970-01-01 00:00:01.324431000,1
1970-01-01 00:00:01.324517400,1
1970-01-01 00:00:01.324603800,1
1970-01-01 00:00:01.324863000,1
1970-01-01 00:00:01.324949400,1
1970-01-01 00:00:01.325035800,1
1970-01-01 00:00:01.325122200,1
1970-01-01 00:00:01.325208600,1
1970-01-01 00:00:01.325640600,1
1970-01-01 00:00:01.325727000,1
1970-01-01 00:00:01.325813400,1
1970-01-01 00:00:01.326072600,1
1970-01-01 00:00:01.326159000,1
1970-01-01 00:00:01.326245400,1
1970-01-01 00:00:01.326331800,1
1970-01-01 00:00:01.326418200,1
1970-01-01 00:00:01.326677400,1
1970-01-01 00:00:01.326763800,1
1970-01-01 00:00:01.326850200,1
1970-01-01 00:00:01.326936600,1
1970-01-01 00:00:01.327023000,1
1970-01-01 00:00:01.327887000,1
1970-01-01 00:00:01.327973400,1
1970-01-01 00:00:01.328059800,1
1970-01-01 00:00:01.328146200,1
1970-01-01 00:00:01.328232600,1
1970-01-01 00:00:01.328491800,1
1970-01-01 00:00:01.328578200,1
1970-01-01 00:00:01.328664600,1
1970-01-01 00:00:01.328751000,1
1970-01-01 00:00:01.328837400,1
1970-01-01 00:00:01.329096600,1
1970-01-01 00:00:01.329183000,1
1970-01-01 00:00:01.329269400,1
1970-01-01 00:00:01.329355800,1
1970-01-01 00:00:01.329442200,1
1970-01-01 00:00:01.329701400,1
1970-01-01 00:00:01.329787800,1
1970-01-01 00:00:01.329874200,1
1970-01-01 00:00:01.329960600,1
1970-01-01 00:00:01.330047000,1
1970-01-01 00:00:01.330306200,1
1970-01-01 00:00:01.330392600,1
1970-01-01 00:00:01.330479000,1
1970-01-01 00:00:01.330565400,1
1970-01-01 00:00:01.330651800,1
1970-01-01 00:00:01.330911000,1
1970-01-01 00:00:01.330997400,1
1970-01-01 00:00:01.331083800,1
1970-01-01 00:00:01.331170200,1
1970-01-01 00:00:01.331256600,1
1970-01-01 00:00:01.331515800,1
1970-01-01 00:00:01.331602200,1
1970-01-01 00:00:01.331688600,1
1970-01-01 00:00:01.331775000,1
1970-01-01 00:00:01.331861400,1
1970-01-01 00:00:01.332120600,1
1970-01-01 00:00:01.332207000,1
1970-01-01 00:00:01.332293400,1
1970-01-01 00:00:01.332379800,1
1970-01-01 00:00:01.332466200,1
1970-01-01 00:00:01.332725400,1
1970-01-01 00:00:01.332811800,1
1970-01-01 00:00:01.332898200,1
1970-01-01 00:00:01.332984600,1
1970-01-01 00:00:01.333071000,1
1970-01-01 00:00:01.333589400,1
1970-01-01 00:00:01.333675800,1
1970-01-01 00:00:01.333935000,1
1970-01-01 00:00:01.334021400,1
1970-01-01 00:00:01.334107800,1
1970-01-01 00:00:01.334194200,1
1970-01-01 00:00:01.334280600,1
1970-01-01 00:00:01.334539800,1
1970-01-01 00:00:01.334626200,1
1970-01-01 00:00:01.334712600,1
1970-01-01 00:00:01.334799000,1
1970-01-01 00:00:01.334885400,1
1970-01-01 00:00:01.335144600,1
1970-01-01 00:00:01.335231000,1
1970-01-01 00:00:01.335317400,1
1970-01-01 00:00:01.335403800,1
1970-01-01 00:00:01.335490200,1
1970-01-01 00:00:01.335922200,1
1970-01-01 00:00:01.336008600,1
1970-01-01 00:00:01.336095000,1
1970-01-01 00:00:01.336354200,1
1970-01-01 00:00:01.336440600,1
1970-01-01 00:00:01.336527000,1
1970-01-01 00:00:01.336613400,1
1970-01-01 00:00:01.336699800,1
1970-01-01 00:00:01.336959000,1
1970-01-01 00:00:01.337045400,1
1970-01-01 00:00:01.337131800,1
1970-01-01 00:00:01.337218200,1
1970-01-01 00:00:01.337304600,1
1970-01-01 00:00:01.337563800,1
1970-01-01 00:00:01.337650200,1
1970-01-01 00:00:01.337736600,1
1970-01-01 00:00:01.337823000,1
1970-01-01 00:00:01.337909400,1
1970-01-01 00:00:01.338168600,1
1970-01-01 00:00:01.338255000,1
1970-01-01 00:00:01.338341400,1
1970-01-01 00:00:01.338427800,1
1970-01-01 00:00:01.338514200,1
1970-01-01 00:00:01.338773400,1
1970-01-01 00:00:01.338859800,1
1970-01-01 00:00:01.338946200,1
1970-01-01 00:00:01.339032600,1
1970-01-01 00:00:01.339119000,1
1970-01-01 00:00:01.339378200,1
1970-01-01 00:00:01.339464600,1
1970-01-01 00:00:01.339551000,1
1970-01-01 00:00:01.339637400,1
1970-01-01 00:00:01.339723800,1
1970-01-01 00:00:01.339983000,1
1970-01-01 00:00:01.340069400,1
1970-01-01 00:00:01.340155800,1
1970-01-01 00:00:01.340242200,1
1970-01-01 00:00:01.340587800,1
1970-01-01 00:00:01.340674200,1
1970-01-01 00:00:01.340760600,1
1970-01-01 00:00:01.340847000,1
1970-01-01 00:00:01.340933400,1
1970-01-01 00:00:01.341192600,1
1970-01-01 00:00:01.341279000,1
1970-01-01 00:00:01.341365400,1
1970-01-01 00:00:01.341451800,1
1970-01-01 00:00:01.341538200,1
1970-01-01 00:00:01.341797400,1
1970-01-01 00:00:01.341883800,1
1970-01-01 00:00:01.341970200,1
1970-01-01 00:00:01.342056600,1
1970-01-01 00:00:01.342143000,1
1970-01-01 00:00:01.342402200,1
1970-01-01 00:00:01.342488600,1
1970-01-01 00:00:01.342575000,1
1970-01-01 00:00:01.342661400,1
1970-01-01 00:00:01.342747800,1
1970-01-01 00:00:01.343007000,1
1970-01-01 00:00:01.343093400,1
1970-01-01 00:00:01.343179800,1
1970-01-01 00:00:01.343266200,1
1970-01-01 00:00:01.343352600,1
1970-01-01 00:00:01.343611800,1
1970-01-01 00:00:01.343698200,1
1970-01-01 00:00:01.343784600,1
1970-01-01 00:00:01.343871000,1
1970-01-01 00:00:01.343957400,1
1970-01-01 00:00:01.344216600,1
1970-01-01 00:00:01.344303000,1
1970-01-01 00:00:01.344389400,1
1970-01-01 00:00:01.344475800,1
1970-01-01 00:00:01.344562200,1
1970-01-01 00:00:01.344821400,1
1970-01-01 00:00:01.344907800,1
1970-01-01 00:00:01.344994200,1
1970-01-01 00:00:01.345080600,1
1970-01-01 00:00:01.345167000,1
1970-01-01 00:00:01.345426200,1
1970-01-01 00:00:01.345512600,1
1970-01-01 00:00:01.345599000,1
1970-01-01 00:00:01.345685400,1
1970-01-01 00:00:01.345771800,1
1970-01-01 00:00:01.346031000,1
1970-01-01 00:00:01.346117400,1
1970-01-01 00:00:01.346203800,1
1970-01-01 00:00:01.346290200,1
1970-01-01 00:00:01.346376600,1
1970-01-01 00:00:01.346635800,1
1970-01-01 00:00:01.346722200,1
1970-01-01 00:00:01.346808600,1
1970-01-01 00:00:01.346895000,1
1970-01-01 00:00:01.346981400,1
1970-01-01 00:00:01.347240600,1
1970-01-01 00:00:01.347327000,1
1970-01-01 00:00:01.347413400,1
1970-01-01 00:00:01.347499800,1
1970-01-01 00:00:01.347586200,1
1970-01-01 00:00:01.347845400,1
1970-01-01 00:00:01.347931800,1
1970-01-01 00:00:01.348018200,1
1970-01-01 00:00:01.348104600,1
1970-01-01 00:00:01.348191000,1
1970-01-01 00:00:01.348450200,1
1970-01-01 00:00:01.348536600,1
1970-01-01 00:00:01.348623000,1
1970-01-01 00:00:01.348709400,1
1970-01-01 00:00:01.348795800,1
1970-01-01 00:00:01.349659800,1
1970-01-01 00:00:01.349746200,1
1970-01-01 00:00:01.349832600,1
1970-01-01 00:00:01.349919000,1
1970-01-01 00:00:01.350005400,1
1970-01-01 00:00:01.350264600,1
1970-01-01 00:00:01.350351000,1
1970-01-01 00:00:01.350437400,1
1970-01-01 00:00:01.350523800,1
1970-01-01 00:00:01.350610200,1
1970-01-01 00:00:01.350869400,1
1970-01-01 00:00:01.350955800,1
1970-01-01 00:00:01.351042200,1
1970-01-01 00:00:01.351128600,1
1970-01-01 00:00:01.351215000,1
1970-01-01 00:00:01.351474200,1
1970-01-01 00:00:01.351560600,1
1970-01-01 00:00:01.351647000,1
1970-01-01 00:00:01.351733400,1
1970-01-01 00:00:01.351819800,1
1970-01-01 00:00:01.352079000,1
1970-01-01 00:00:01.352165400,1
1970-01-01 00:00:01.352251800,1
1970-01-01 00:00:01.352338200,1
1970-01-01 00:00:01.352424600,1
1970-01-01 00:00:01.352683800,1
1970-01-01 00:00:01.352770200,1
1970-01-01 00:00:01.352856600,1
1970-01-01 00:00:01.352943000,1
1970-01-01 00:00:01.353029400,1
1970-01-01 00:00:01.353288600,1
1970-01-01 00:00:01.353375000,1
1970-01-01 00:00:01.353461400,1
1970-01-01 00:00:01.353547800,1
1970-01-01 00:00:01.353634200,1
1970-01-01 00:00:01.353893400,1
1970-01-01 00:00:01.353979800,1
1970-01-01 00:00:01.354066200,1
1970-01-01 00:00:01.354152600,1
1970-01-01 00:00:01.354239000,1
1970-01-01 00:00:01.354498200,1
1970-01-01 00:00:01.354584600,1
1970-01-01 00:00:01.354671000,1
1970-01-01 00:00:01.354757400,1
1970-01-01 00:00:01.354843800,1
1970-01-01 00:00:01.355103000,1
1970-01-01 00:00:01.355189400,1
1970-01-01 00:00:01.355275800,1
1970-01-01 00:00:01.355362200,1
1970-01-01 00:00:01.355448600,1
1970-01-01 00:00:01.355707800,1
1970-01-01 00:00:01.355794200,1
1970-01-01 00:00:01.355880600,1
1970-01-01 00:00:01.355967000,1
1970-01-01 00:00:01.356053400,1
1970-01-01 00:00:01.356312600,1
1970-01-01 00:00:01.356399000,1
1970-01-01 00:00:01.356485400,1
1970-01-01 00:00:01.356571800,1
1970-01-01 00:00:01.356658200,1
1970-01-01 00:00:01.356917400,1
1970-01-01 00:00:01.357263000,1
1970-01-01 00:00:01.357522200,1
1970-01-01 00:00:01.357608600,1
1970-01-01 00:00:01.357695000,1
1970-01-01 00:00:01.357781400,1
1970-01-01 00:00:01.357867800,1
1970-01-01 00:00:01.358127000,1
1970-01-01 00:00:01.358213400,1
1970-01-01 00:00:01.358299800,1
1970-01-01 00:00:01.358386200,1
1970-01-01 00:00:01.358472600,1
1970-01-01 00:00:01.358731800,1
1970-01-01 00:00:01.358818200,1
1970-01-01 00:00:01.358904600,1
1970-01-01 00:00:01.358991000,1
1970-01-01 00:00:01.359077400,1
1970-01-01 00:00:01.359336600,1
1970-01-01 00:00:01.359423000,1
1970-01-01 00:00:01.359509400,1
1970-01-01 00:00:01.359595800,1
1970-01-01 00:00:01.359682200,1
1970-01-01 00:00:01.359941400,1
1970-01-01 00:00:01.360027800,1
1970-01-01 00:00:01.360114200,1
1970-01-01 00:00:01.360200600,1
1970-01-01 00:00:01.360287000,1
1970-01-01 00:00:01.361151000,1
1970-01-01 00:00:01.361237400,1
1970-01-01 00:00:01.361323800,1
1970-01-01 00:00:01.361410200,1
1970-01-01 00:00:01.361496600,1
1970-01-01 00:00:01.361755800,1
1970-01-01 00:00:01.361842200,1
1970-01-01 00:00:01.361928600,1
1970-01-01 00:00:01.362015000,1
1970-01-01 00:00:01.362101400,1
1970-01-01 00:00:01.362360600,1
1970-01-01 00:00:01.362447000,1
1970-01-01 00:00:01.362533400,1
1970-01-01 00:00:01.362619800,1
1970-01-01 00:00:01.362706200,1
1970-01-01 00:00:01.362965400,1
1970-01-01 00:00:01.363051800,1
1970-01-01 00:00:01.363138200,1
1970-01-01 00:00:01.363224600,1
1970-01-01 00:00:01.363311000,1
1970-01-01 00:00:01.363570200,1
1970-01-01 00:00:01.363656600,1
1970-01-01 00:00:01.363743000,1
1970-01-01 00:00:01.363829400,1
1970-01-01 00:00:01.363915800,1
1970-01-01 00:00:01.364175000,1
1970-01-01 00:00:01.364261400,1
1970-01-01 00:00:01.364347800,1
1970-01-01 00:00:01.364434200,1
1970-01-01 00:00:01.364520600,1
1970-01-01 00:00:01.364779800,1
1970-01-01 00:00:01.364866200,1
1970-01-01 00:00:01.364952600,1
1970-01-01 00:00:01.365384600,1
1970-01-01 00:00:01.365471000,1
1970-01-01 00:00:01.365557400,1
1970-01-01 00:00:01.365643800,1
1970-01-01 00:00:01.365730200,1
1970-01-01 00:00:01.365989400,1
1970-01-01 00:00:01.366075800,1
1970-01-01 00:00:01.366162200,1
1970-01-01 00:00:01.366248600,1
1970-01-01 00:00:01.366335000,1
1970-01-01 00:00:01.366594200,1
1970-01-01 00:00:01.366680600,1
1970-01-01 00:00:01.366767000,1
1970-01-01 00:00:01.366853400,1
1970-01-01 00:00:01.366939800,1
1970-01-01 00:00:01.367458200,1
1970-01-01 00:00:01.367544600,1
1970-01-01 00:00:01.367803800,1
1970-01-01 00:00:01.367890200,1
1970-01-01 00:00:01.367976600,1
1970-01-01 00:00:01.368063000,1
1970-01-01 00:00:01.368149400,1
1970-01-01 00:00:01.368408600,1
1970-01-01 00:00:01.368495000,1
1970-01-01 00:00:01.368581400,1
1970-01-01 00:00:01.368667800,1
1970-01-01 00:00:01.368754200,1
1970-01-01 00:00:01.369013400,1
1970-01-01 00:00:01.369099800,1
1970-01-01 00:00:01.369186200,1
1970-01-01 00:00:01.369272600,1
1970-01-01 00:00:01.369359000,1
1970-01-01 00:00:01.369618200,1
1970-01-01 00:00:01.369704600,1
1970-01-01 00:00:01.369791000,1
1970-01-01 00:00:01.369877400,1
1970-01-01 00:00:01.369963800,1
1970-01-01 00:00:01.370223000,1
1970-01-01 00:00:01.370309400,1
1970-01-01 00:00:01.370395800,1
1970-01-01 00:00:01.370482200,1
1970-01-01 00:00:01.370568600,1
1970-01-01 00:00:01.371087000,1
1970-01-01 00:00:01.371173400,1
1970-01-01 00:00:01.371432600,1
1970-01-01 00:00:01.371519000,1
1970-01-01 00:00:01.371605400,1
1970-01-01 00:00:01.371691800,1
1970-01-01 00:00:01.371778200,1
1970-01-01 00:00:01.372037400,1
1970-01-01 00:00:01.372123800,1
1970-01-01 00:00:01.372210200,1
1970-01-01 00:00:01.372296600,1
1970-01-01 00:00:01.372383000,1
1970-01-01 00:00:01.372642200,1
1970-01-01 00:00:01.372728600,1
1970-01-01 00:00:01.372815000,1
1970-01-01 00:00:01.372901400,1
1970-01-01 00:00:01.372987800,1
1970-01-01 00:00:01.373247000,1
1970-01-01 00:00:01.373333400,1
1970-01-01 00:00:01.373419800,1
1970-01-01 00:00:01.373506200,1
1970-01-01 00:00:01.373592600,1
1970-01-01 00:00:01.373851800,1
1970-01-01 00:00:01.373938200,1
1970-01-01 00:00:01.374024600,1
1970-01-01 00:00:01.374111000,1
1970-01-01 00:00:01.374197400,1
1970-01-01 00:00:01.374456600,1
1970-01-01 00:00:01.374543000,1
1970-01-01 00:00:01.374629400,1
1970-01-01 00:00:01.374715800,1
1970-01-01 00:00:01.374802200,1
1970-01-01 00:00:01.375061400,1
1970-01-01 00:00:01.375147800,1
1970-01-01 00:00:01.375234200,1
1970-01-01 00:00:01.375320600,1
1970-01-01 00:00:01.375407000,1
1970-01-01 00:00:01.375666200,1
1970-01-01 00:00:01.375752600,1
1970-01-01 00:00:01.375839000,1
1970-01-01 00:00:01.375925400,1
1970-01-01 00:00:01.376011800,1
1970-01-01 00:00:01.376271000,1
1970-01-01 00:00:01.376357400,1
1970-01-01 00:00:01.376443800,1
1970-01-01 00:00:01.376530200,1
1970-01-01 00:00:01.376616600,1
1970-01-01 00:00:01.376875800,1
1970-01-01 00:00:01.376962200,1
1970-01-01 00:00:01.377048600,1
1970-01-01 00:00:01.377135000,1
1970-01-01 00:00:01.377221400,1
1970-01-01 00:00:01.377480600,1
1970-01-01 00:00:01.377567000,1
1970-01-01 00:00:01.377653400,1
1970-01-01 00:00:01.377739800,1
1970-01-01 00:00:01.377826200,1
1970-01-01 00:00:01.378085400,1
1970-01-01 00:00:01.378171800,1
1970-01-01 00:00:01.378258200,1
1970-01-01 00:00:01.378344600,1
1970-01-01 00:00:01.378431000,1
1970-01-01 00:00:01.378690200,1
1970-01-01 00:00:01.378776600,1
1970-01-01 00:00:01.378863000,1
1970-01-01 00:00:01.378949400,1
1970-01-01 00:00:01.379035800,1
1970-01-01 00:00:01.379295000,1
1970-01-01 00:00:01.379381400,1
1970-01-01 00:00:01.379467800,1
1970-01-01 00:00:01.379899800,1
1970-01-01 00:00:01.379986200,1
1970-01-01 00:00:01.380072600,1
1970-01-01 00:00:01.380159000,1
1970-01-01 00:00:01.380245400,1
1970-01-01 00:00:01.380504600,1
1970-01-01 00:00:01.381195800,1
1970-01-01 00:00:01.381282200,1
1970-01-01 00:00:01.381368600,1
1970-01-01 00:00:01.381455000,1
1970-01-01 00:00:01.381714200,1
1970-01-01 00:00:01.381800600,1
1970-01-01 00:00:01.381887000,1
1970-01-01 00:00:01.381973400,1
1970-01-01 00:00:01.382059800,1
1970-01-01 00:00:01.382319000,1
1970-01-01 00:00:01.382405400,1
1970-01-01 00:00:01.382491800,1
1970-01-01 00:00:01.382578200,1
1970-01-01 00:00:01.382664600,1
1970-01-01 00:00:01.382923800,1
1970-01-01 00:00:01.383010200,1
1970-01-01 00:00:01.383096600,1
1970-01-01 00:00:01.383183000,1
1970-01-01 00:00:01.383269400,1
1970-01-01 00:00:01.383528600,1
1970-01-01 00:00:01.383615000,1
1970-01-01 00:00:01.383701400,1
1970-01-01 00:00:01.383787800,1
1970-01-01 00:00:01.383874200,1
1970-01-01 00:00:01.384133400,1
1970-01-01 00:00:01.384219800,1
1970-01-01 00:00:01.384306200,1
1970-01-01 00:00:01.384392600,1
1970-01-01 00:00:01.384479000,1
1970-01-01 00:00:01.384738200,1
1970-01-01 00:00:01.384824600,1
1970-01-01 00:00:01.384911000,1
1970-01-01 00:00:01.384997400,1
1970-01-01 00:00:01.385083800,1
1970-01-01 00:00:01.385343000,1
1970-01-01 00:00:01.385429400,1
1970-01-01 00:00:01.385515800,1
1970-01-01 00:00:01.385602200,1
1970-01-01 00:00:01.385688600,1
1970-01-01 00:00:01.385947800,1
1970-01-01 00:00:01.386034200,1
1970-01-01 00:00:01.386120600,1
1970-01-01 00:00:01.386207000,1
1970-01-01 00:00:01.386293400,1
1970-01-01 00:00:01.386552600,1
1970-01-01 00:00:01.386639000,1
1970-01-01 00:00:01.386725400,1
1970-01-01 00:00:01.386811800,1
1970-01-01 00:00:01.386898200,1
1970-01-01 00:00:01.387157400,1
1970-01-01 00:00:01.387243800,1
1970-01-01 00:00:01.387330200,1
1970-01-01 00:00:01.387416600,1
1970-01-01 00:00:01.387503000,1
1970-01-01 00:00:01.387762200,1
1970-01-01 00:00:01.387848600,1
1970-01-01 00:00:01.387935000,1
1970-01-01 00:00:01.388021400,1
1970-01-01 00:00:01.388107800,1
1970-01-01 00:00:01.388367000,1
1970-01-01 00:00:01.388453400,1
1970-01-01 00:00:01.388626200,1
1970-01-01 00:00:01.388712600,1
1970-01-01 00:00:01.388971800,1
1970-01-01 00:00:01.389058200,1
1970-01-01 00:00:01.389144600,1
1970-01-01 00:00:01.389231000,1
1970-01-01 00:00:01.389317400,1
1970-01-01 00:00:01.389576600,1
1970-01-01 00:00:01.389663000,1
1970-01-01 00:00:01.389749400,1
1970-01-01 00:00:01.389835800,1
1970-01-01 00:00:01.389922200,1
1970-01-01 00:00:01.390181400,1
1970-01-01 00:00:01.390267800,1
1970-01-01 00:00:01.390354200,1
1970-01-01 00:00:01.390440600,1
1970-01-01 00:00:01.390527000,1
1970-01-01 00:00:01.390786200,1
1970-01-01 00:00:01.390872600,1
1970-01-01 00:00:01.390959000,1
1970-01-01 00:00:01.391045400,1
1970-01-01 00:00:01.391736600,1
1970-01-01 00:00:01.391995800,1
1970-01-01 00:00:01.392082200,1
1970-01-01 00:00:01.392168600,1
1970-01-01 00:00:01.392255000,1
1970-01-01 00:00:01.392341400,1
1970-01-01 00:00:01.392600600,1
1970-01-01 00:00:01.392687000,1
1970-01-01 00:00:01.392773400,1
1970-01-01 00:00:01.392859800,1
1970-01-01 00:00:01.392946200,1
1970-01-01 00:00:01.393205400,1
1970-01-01 00:00:01.393291800,1
1970-01-01 00:00:01.393378200,1
1970-01-01 00:00:01.393464600,1
1970-01-01 00:00:01.393551000,1
1970-01-01 00:00:01.393810200,1
1970-01-01 00:00:01.393896600,1
1970-01-01 00:00:01.393983000,1
1970-01-01 00:00:01.394069400,1
1970-01-01 00:00:01.394155800,1
1970-01-01 00:00:01.394415000,1
1970-01-01 00:00:01.394501400,1
1970-01-01 00:00:01.394587800,1
1970-01-01 00:00:01.394674200,1
1970-01-01 00:00:01.394760600,1
1970-01-01 00:00:01.395019800,1
1970-01-01 00:00:01.395106200,1
1970-01-01 00:00:01.395192600,1
1970-01-01 00:00:01.395279000,1
1970-01-01 00:00:01.395365400,1
1970-01-01 00:00:01.395624600,1
1970-01-01 00:00:01.395711000,1
1970-01-01 00:00:01.395797400,1
1970-01-01 00:00:01.395883800,1
1970-01-01 00:00:01.395970200,1
1970-01-01 00:00:01.396229400,1
1970-01-01 00:00:01.396315800,1
1970-01-01 00:00:01.396402200,1
1970-01-01 00:00:01.396488600,1
1970-01-01 00:00:01.396575000,1
1970-01-01 00:00:01.396920600,1
1970-01-01 00:00:01.397007000,1
1970-01-01 00:00:01.397093400,1
1970-01-01 00:00:01.397179800,1
1970-01-01 00:00:01.397439000,1
1970-01-01 00:00:01.397525400,1
1970-01-01 00:00:01.397611800,1
1970-01-01 00:00:01.397698200,1
1970-01-01 00:00:01.397784600,1
1970-01-01 00:00:01.398043800,1
1970-01-01 00:00:01.398130200,1
1970-01-01 00:00:01.398216600,1
1970-01-01 00:00:01.398303000,1
1970-01-01 00:00:01.398389400,1
1970-01-01 00:00:01.398648600,1
1970-01-01 00:00:01.398735000,1
1970-01-01 00:00:01.398821400,1
1970-01-01 00:00:01.399253400,1
1970-01-01 00:00:01.399339800,1
1970-01-01 00:00:01.399426200,1
1970-01-01 00:00:01.399512600,1
1970-01-01 00:00:01.399599000,1
1970-01-01 00:00:01.399858200,1
1970-01-01 00:00:01.399944600,1
1970-01-01 00:00:01.400031000,1
1970-01-01 00:00:01.400117400,1
1970-01-01 00:00:01.400203800,1
1970-01-01 00:00:01.400463000,1
1970-01-01 00:00:01.400549400,1
1970-01-01 00:00:01.400635800,1
1970-01-01 00:00:01.400722200,1
1970-01-01 00:00:01.400808600,1
1970-01-01 00:00:01.401067800,1
1970-01-01 00:00:01.401154200,1
1970-01-01 00:00:01.401240600,1
1970-01-01 00:00:01.401327000,1
1970-01-01 00:00:01.401413400,1
1970-01-01 00:00:01.401759000,1
1970-01-01 00:00:01.401845400,1
1970-01-01 00:00:01.401931800,1
1970-01-01 00:00:01.402018200,1
1970-01-01 00:00:01.402277400,1
1970-01-01 00:00:01.402363800,1
1970-01-01 00:00:01.402450200,1
1970-01-01 00:00:01.402536600,1
1970-01-01 00:00:01.402623000,1
1970-01-01 00:00:01.402882200,1
1970-01-01 00:00:01.402968600,1
1970-01-01 00:00:01.403055000,1
1970-01-01 00:00:01.403141400,1
1970-01-01 00:00:01.403227800,1
1970-01-01 00:00:01.403487000,1
1970-01-01 00:00:01.403573400,1
1970-01-01 00:00:01.403659800,1
1970-01-01 00:00:01.403746200,1
1970-01-01 00:00:01.403832600,1
1970-01-01 00:00:01.404091800,1
1970-01-01 00:00:01.404178200,1
1970-01-01 00:00:01.404264600,1
1970-01-01 00:00:01.404351000,1
1970-01-01 00:00:01.404437400,1
1970-01-01 00:00:01.404696600,1
1970-01-01 00:00:01.404783000,1
1970-01-01 00:00:01.404869400,1
1970-01-01 00:00:01.404955800,1
1970-01-01 00:00:01.405042200,1
1970-01-01 00:00:01.405301400,1
1970-01-01 00:00:01.405387800,1
1970-01-01 00:00:01.405474200,1
1970-01-01 00:00:01.405560600,1
1970-01-01 00:00:01.405647000,1
1970-01-01 00:00:01.405906200,1
1970-01-01 00:00:01.405992600,1
1970-01-01 00:00:01.406079000,1
1970-01-01 00:00:01.406165400,1
1970-01-01 00:00:01.406251800,1
1970-01-01 00:00:01.406511000,1
1970-01-01 00:00:01.406597400,1
1970-01-01 00:00:01.406683800,1
1970-01-01 00:00:01.406770200,1
1970-01-01 00:00:01.406856600,1
1970-01-01 00:00:01.407115800,1
1970-01-01 00:00:01.407202200,1
1970-01-01 00:00:01.407288600,1
1970-01-01 00:00:01.407375000,1
1970-01-01 00:00:01.407461400,1
1970-01-01 00:00:01.407720600,1
1970-01-01 00:00:01.407807000,1
1970-01-01 00:00:01.407893400,1
1970-01-01 00:00:01.407979800,1
1970-01-01 00:00:01.408066200,1
1970-01-01 00:00:01.408325400,1
1970-01-01 00:00:01.408411800,1
1970-01-01 00:00:01.408498200,1
1970-01-01 00:00:01.408584600,1
1970-01-01 00:00:01.408671000,1
1970-01-01 00:00:01.408930200,1
1970-01-01 00:00:01.409016600,1
1970-01-01 00:00:01.409103000,1
1970-01-01 00:00:01.409189400,1
1970-01-01 00:00:01.409275800,1
1970-01-01 00:00:01.409535000,1
1970-01-01 00:00:01.409621400,1
1970-01-01 00:00:01.409707800,1
1970-01-01 00:00:01.409794200,1
1970-01-01 00:00:01.409880600,1
1970-01-01 00:00:01.410226200,1
1970-01-01 00:00:01.410312600,1
1970-01-01 00:00:01.410399000,1
1970-01-01 00:00:01.410485400,1
1970-01-01 00:00:01.410744600,1
1970-01-01 00:00:01.410831000,1
1970-01-01 00:00:01.410917400,1
1970-01-01 00:00:01.411003800,1
1970-01-01 00:00:01.411090200,1
1970-01-01 00:00:01.411349400,1
1970-01-01 00:00:01.411435800,1
1970-01-01 00:00:01.411522200,1
1970-01-01 00:00:01.411608600,1
1970-01-01 00:00:01.411695000,1
1970-01-01 00:00:01.411954200,1
1970-01-01 00:00:01.412040600,1
1970-01-01 00:00:01.412731800,1
1970-01-01 00:00:01.412818200,1
1970-01-01 00:00:01.412904600,1
1970-01-01 00:00:01.413163800,1
1970-01-01 00:00:01.413250200,1
1970-01-01 00:00:01.413336600,1
1970-01-01 00:00:01.413423000,1
1970-01-01 00:00:01.413509400,1
1970-01-01 00:00:01.413768600,1
1970-01-01 00:00:01.413855000,1
1970-01-01 00:00:01.413941400,1
1970-01-01 00:00:01.414027800,1
1970-01-01 00:00:01.414114200,1
1970-01-01 00:00:01.414373400,1
1970-01-01 00:00:01.414459800,1
1970-01-01 00:00:01.414546200,1
1970-01-01 00:00:01.414632600,1
1970-01-01 00:00:01.414719000,1
1970-01-01 00:00:01.414978200,1
1970-01-01 00:00:01.415064600,1
1970-01-01 00:00:01.415151000,1
1970-01-01 00:00:01.415237400,1
1970-01-01 00:00:01.415323800,1
1970-01-01 00:00:01.415583000,1
1970-01-01 00:00:01.415669400,1
1970-01-01 00:00:01.415755800,1
1970-01-01 00:00:01.415842200,1
1970-01-01 00:00:01.415928600,1
1970-01-01 00:00:01.416187800,1
1970-01-01 00:00:01.416274200,1
1970-01-01 00:00:01.416360600,1
1970-01-01 00:00:01.416447000,1
1970-01-01 00:00:01.416533400,1
1970-01-01 00:00:01.416792600,1
1970-01-01 00:00:01.416879000,1
1970-01-01 00:00:01.416965400,1
1970-01-01 00:00:01.417051800,1
1970-01-01 00:00:01.417138200,1
1970-01-01 00:00:01.417397400,1
1970-01-01 00:00:01.417483800,1
1970-01-01 00:00:01.417570200,1
1970-01-01 00:00:01.417656600,1
1970-01-01 00:00:01.417743000,1
1970-01-01 00:00:01.418002200,1
1970-01-01 00:00:01.418088600,1
1970-01-01 00:00:01.418175000,1
1970-01-01 00:00:01.418261400,1
1970-01-01 00:00:01.418347800,1
1970-01-01 00:00:01.418607000,1
1970-01-01 00:00:01.418693400,1
1970-01-01 00:00:01.418779800,1
1970-01-01 00:00:01.418866200,1
1970-01-01 00:00:01.418952600,1
1970-01-01 00:00:01.419211800,1
1970-01-01 00:00:01.419298200,1
1970-01-01 00:00:01.419384600,1
1970-01-01 00:00:01.419471000,1
1970-01-01 00:00:01.419557400,1
1970-01-01 00:00:01.419816600,1
1970-01-01 00:00:01.419903000,1
1970-01-01 00:00:01.419989400,1
1970-01-01 00:00:01.420421400,1
1970-01-01 00:00:01.420507800,1
1970-01-01 00:00:01.420594200,1
1970-01-01 00:00:01.420680600,1
1970-01-01 00:00:01.420767000,1
1970-01-01 00:00:01.421026200,1
1970-01-01 00:00:01.421112600,1
1970-01-01 00:00:01.421199000,1
1970-01-01 00:00:01.421285400,1
1970-01-01 00:00:01.421371800,1
1970-01-01 00:00:01.421631000,0
1970-01-01 00:00:01.421717400,0
1970-01-01 00:00:01.421803800,0
1970-01-01 00:00:01.421890200,0
1970-01-01 00:00:01.421976600,0
1970-01-01 00:00:01.422235800,0
1970-01-01 00:00:01.422322200,0
1970-01-01 00:00:01.422408600,0
1970-01-01 00:00:01.422495000,0
1970-01-01 00:00:01.422581400,0
1970-01-01 00:00:01.422840600,0
1970-01-01 00:00:01.422927000,0
1970-01-01 00:00:01.423013400,0
1970-01-01 00:00:01.423099800,0
1970-01-01 00:00:01.423186200,0
1970-01-01 00:00:01.423445400,0
1970-01-01 00:00:01.423531800,0
1970-01-01 00:00:01.423618200,0
1970-01-01 00:00:01.423704600,0
1970-01-01 00:00:01.423791000,0
1970-01-01 00:00:01.424050200,0
1970-01-01 00:00:01.424136600,0
1970-01-01 00:00:01.424827800,0
1970-01-01 00:00:01.424914200,0
1970-01-01 00:00:01.425000600,0
1970-01-01 00:00:01.425259800,0
1970-01-01 00:00:01.425346200,0
1970-01-01 00:00:01.425432600,0
1970-01-01 00:00:01.425519000,0
1970-01-01 00:00:01.425605400,0
1970-01-01 00:00:01.425864600,0
1970-01-01 00:00:01.425951000,0
1970-01-01 00:00:01.426037400,0
1970-01-01 00:00:01.426123800,0
1970-01-01 00:00:01.426210200,0
1970-01-01 00:00:01.426469400,0
1970-01-01 00:00:01.426555800,0
1970-01-01 00:00:01.426642200,0
1970-01-01 00:00:01.426728600,0
1970-01-01 00:00:01.426815000,0
1970-01-01 00:00:01.427074200,0
1970-01-01 00:00:01.427160600,0
1970-01-01 00:00:01.427247000,0
1970-01-01 00:00:01.427333400,0
1970-01-01 00:00:01.427419800,0
1970-01-01 00:00:01.427679000,0
1970-01-01 00:00:01.427765400,0
1970-01-01 00:00:01.427851800,0
1970-01-01 00:00:01.427938200,0
1970-01-01 00:00:01.428024600,0
1970-01-01 00:00:01.428370200,0
1970-01-01 00:00:01.428456600,0
1970-01-01 00:00:01.428543000,0
1970-01-01 00:00:01.428629400,0
1970-01-01 00:00:01.428888600,0
1970-01-01 00:00:01.428975000,0
1970-01-01 00:00:01.429061400,0
1970-01-01 00:00:01.429147800,0
1970-01-01 00:00:01.429234200,0
1970-01-01 00:00:01.429493400,0
1970-01-01 00:00:01.429579800,0
1970-01-01 00:00:01.429666200,0
1970-01-01 00:00:01.429752600,0
1970-01-01 00:00:01.429839000,0
1970-01-01 00:00:01.430098200,0
1970-01-01 00:00:01.430184600,0
1970-01-01 00:00:01.430271000,0
1970-01-01 00:00:01.430357400,0
1970-01-01 00:00:01.430703000,0
1970-01-01 00:00:01.430789400,0
1970-01-01 00:00:01.430875800,0
1970-01-01 00:00:01.430962200,0
1970-01-01 00:00:01.431048600,0
1970-01-01 00:00:01.431307800,0
1970-01-01 00:00:01.431394200,0
1970-01-01 00:00:01.431480600,0
1970-01-01 00:00:01.431567000,0
1970-01-01 00:00:01.431653400,0
1970-01-01 00:00:01.431912600,0
1970-01-01 00:00:01.431999000,0
1970-01-01 00:00:01.432085400,0
1970-01-01 00:00:01.432171800,0
1970-01-01 00:00:01.432258200,0
1970-01-01 00:00:01.432517400,0
1970-01-01 00:00:01.432603800,0
1970-01-01 00:00:01.432690200,0
1970-01-01 00:00:01.432776600,0
1970-01-01 00:00:01.432863000,0
1970-01-01 00:00:01.433122200,0
1970-01-01 00:00:01.433208600,0
1970-01-01 00:00:01.433295000,0
1970-01-01 00:00:01.433381400,0
1970-01-01 00:00:01.433467800,0
1970-01-01 00:00:01.433727000,0
1970-01-01 00:00:01.433813400,0
1970-01-01 00:00:01.433899800,0
1970-01-01 00:00:01.433986200,0
1970-01-01 00:00:01.434072600,0
1970-01-01 00:00:01.434331800,0
1970-01-01 00:00:01.434418200,0
1970-01-01 00:00:01.434504600,0
1970-01-01 00:00:01.434591000,0
1970-01-01 00:00:01.434677400,0
1970-01-01 00:00:01.435023000,0
1970-01-01 00:00:01.435109400,0
1970-01-01 00:00:01.435195800,0
1970-01-01 00:00:01.435282200,0
1970-01-01 00:00:01.435541400,0
1970-01-01 00:00:01.435627800,2
1970-01-01 00:00:01.435714200,2
1970-01-01 00:00:01.435800600,2
1970-01-01 00:00:01.435887000,2
1970-01-01 00:00:01.436146200,2
1970-01-01 00:00:01.436232600,2
1970-01-01 00:00:01.436319000,2
1970-01-01 00:00:01.436405400,2
1970-01-01 00:00:01.436491800,2
1970-01-01 00:00:01.436751000,2
1970-01-01 00:00:01.436837400,2
1970-01-01 00:00:01.436923800,2
1970-01-01 00:00:01.437010200,2
1970-01-01 00:00:01.437096600,2
1970-01-01 00:00:01.437355800,2
1970-01-01 00:00:01.437442200,2
1970-01-01 00:00:01.437528600,2
1970-01-01 00:00:01.437615000,2
1970-01-01 00:00:01.437701400,2
1970-01-01 00:00:01.437960600,2
1970-01-01 00:00:01.438047000,2
1970-01-01 00:00:01.438133400,2
1970-01-01 00:00:01.438219800,2
1970-01-01 00:00:01.438306200,2
1970-01-01 00:00:01.438565400,2
1970-01-01 00:00:01.438651800,2
1970-01-01 00:00:01.438738200,2
1970-01-01 00:00:01.438824600,2
1970-01-01 00:00:01.438911000,2
1970-01-01 00:00:01.439170200,2
1970-01-01 00:00:01.439256600,2
1970-01-01 00:00:01.439343000,2
1970-01-01 00:00:01.439429400,2
1970-01-01 00:00:01.439515800,2
1970-01-01 00:00:01.439775000,2
1970-01-01 00:00:01.439861400,2
1970-01-01 00:00:01.439947800,2
1970-01-01 00:00:01.440034200,2
1970-01-01 00:00:01.440120600,2
1970-01-01 00:00:01.440379800,2
1970-01-01 00:00:01.440466200,2
1970-01-01 00:00:01.440552600,2
1970-01-01 00:00:01.440639000,2
1970-01-01 00:00:01.440725400,2
1970-01-01 00:00:01.440984600,2
1970-01-01 00:00:01.441071000,2
1970-01-01 00:00:01.441157400,2
1970-01-01 00:00:01.441589400,2
1970-01-01 00:00:01.441675800,2
1970-01-01 00:00:01.441762200,2
1970-01-01 00:00:01.441848600,2
1970-01-01 00:00:01.441935000,2
1970-01-01 00:00:01.442194200,2
1970-01-01 00:00:01.442280600,2
1970-01-01 00:00:01.442367000,2
1970-01-01 00:00:01.442453400,2
1970-01-01 00:00:01.442539800,2
1970-01-01 00:00:01.442799000,2
1970-01-01 00:00:01.442885400,2
1970-01-01 00:00:01.442971800,2
1970-01-01 00:00:01.443058200,2
1970-01-01 00:00:01.443144600,2
1970-01-01 00:00:01.443403800,2
1970-01-01 00:00:01.443490200,2
1970-01-01 00:00:01.443576600,2
1970-01-01 00:00:01.444267800,0
1970-01-01 00:00:01.444354200,0
1970-01-01 00:00:01.444613400,0
1970-01-01 00:00:01.444699800,0
1970-01-01 00:00:01.444786200,0
1970-01-01 00:00:01.444872600,0
1970-01-01 00:00:01.444959000,0
1970-01-01 00:00:01.445218200,0
1970-01-01 00:00:01.445304600,0
1970-01-01 00:00:01.445391000,0
1970-01-01 00:00:01.445477400,0
1970-01-01 00:00:01.445563800,0
1970-01-01 00:00:01.445823000,0
1970-01-01 00:00:01.445909400,0
1970-01-01 00:00:01.445995800,0
1970-01-01 00:00:01.446082200,0
1970-01-01 00:00:01.446168600,0
1970-01-01 00:00:01.446427800,0
1970-01-01 00:00:01.446514200,0
1970-01-01 00:00:01.446600600,0
1970-01-01 00:00:01.446687000,0
1970-01-01 00:00:01.446773400,0
1970-01-01 00:00:01.447032600,0
1970-01-01 00:00:01.447119000,0
1970-01-01 00:00:01.447205400,0
1970-01-01 00:00:01.447291800,0
1970-01-01 00:00:01.447378200,0
1970-01-01 00:00:01.447637400,0
1970-01-01 00:00:01.447723800,0
1970-01-01 00:00:01.447810200,0
1970-01-01 00:00:01.447896600,0
1970-01-01 00:00:01.447983000,0
1970-01-01 00:00:01.448242200,0
1970-01-01 00:00:01.448328600,0
1970-01-01 00:00:01.448415000,0
1970-01-01 00:00:01.448501400,0
1970-01-01 00:00:01.448587800,0
1970-01-01 00:00:01.448847000,0
1970-01-01 00:00:01.448933400,1
1970-01-01 00:00:01.449019800,1
1970-01-01 00:00:01.449106200,1
1970-01-01 00:00:01.449192600,1
1970-01-01 00:00:01.449451800,1
1970-01-01 00:00:01.449538200,1
1970-01-01 00:00:01.449624600,1
1970-01-01 00:00:01.449711000,1
1970-01-01 00:00:01.449797400,1
1970-01-01 00:00:01.450056600,1
1970-01-01 00:00:01.450143000,1
1970-01-01 00:00:01.450229400,1
1970-01-01 00:00:01.450315800,1
1970-01-01 00:00:01.450402200,1
1970-01-01 00:00:01.450661400,1
1970-01-01 00:00:01.450747800,1
1970-01-01 00:00:01.450834200,1
1970-01-01 00:00:01.450920600,1
1970-01-01 00:00:01.451007000,1
1970-01-01 00:00:01.451266200,1
1970-01-01 00:00:01.451352600,1
1970-01-01 00:00:01.451439000,1
1970-01-01 00:00:01.451525400,1
1970-01-01 00:00:01.451871000,1
1970-01-01 00:00:01.451957400,1
1970-01-01 00:00:01.452043800,1
1970-01-01 00:00:01.452130200,1
1970-01-01 00:00:01.452216600,1
1970-01-01 00:00:01.452475800,1
1970-01-01 00:00:01.452562200,1
1970-01-01 00:00:01.452648600,1
1970-01-01 00:00:01.452735000,1
1970-01-01 00:00:01.452821400,1
1970-01-01 00:00:01.453080600,1
1970-01-01 00:00:01.453167000,1
1970-01-01 00:00:01.453253400,1
1970-01-01 00:00:01.453339800,1
1970-01-01 00:00:01.453426200,1
1970-01-01 00:00:01.453685400,1
1970-01-01 00:00:01.453771800,1
1970-01-01 00:00:01.453858200,1
1970-01-01 00:00:01.453944600,1
1970-01-01 00:00:01.454031000,1
1970-01-01 00:00:01.454290200,1
1970-01-01 00:00:01.454376600,1
1970-01-01 00:00:01.454463000,1
1970-01-01 00:00:01.454549400,1
1970-01-01 00:00:01.454635800,1
1970-01-01 00:00:01.455499800,1
1970-01-01 00:00:01.455586200,1
1970-01-01 00:00:01.455672600,1
1970-01-01 00:00:01.455759000,1
1970-01-01 00:00:01.455845400,1
1970-01-01 00:00:01.456104600,1
1970-01-01 00:00:01.456191000,1
1970-01-01 00:00:01.456277400,1
1970-01-01 00:00:01.456363800,1
1970-01-01 00:00:01.456450200,1
1970-01-01 00:00:01.456709400,1
1970-01-01 00:00:01.456795800,1
1970-01-01 00:00:01.456882200,1
1970-01-01 00:00:01.456968600,1
1970-01-01 00:00:01.457055000,1
1970-01-01 00:00:01.457314200,1
1970-01-01 00:00:01.457400600,1
1970-01-01 00:00:01.457487000,1
1970-01-01 00:00:01.457573400,1
1970-01-01 00:00:01.457659800,1
1970-01-01 00:00:01.457919000,1
1970-01-01 00:00:01.458005400,1
1970-01-01 00:00:01.458091800,1
1970-01-01 00:00:01.458178200,1
1970-01-01 00:00:01.458264600,1
1970-01-01 00:00:01.458523800,1
1970-01-01 00:00:01.458610200,1
1970-01-01 00:00:01.458696600,1
1970-01-01 00:00:01.458783000,1
1970-01-01 00:00:01.458869400,1
1970-01-01 00:00:01.459128600,1
1970-01-01 00:00:01.459215000,1
1970-01-01 00:00:01.459301400,1
1970-01-01 00:00:01.459387800,1
1970-01-01 00:00:01.459474200,1
1970-01-01 00:00:01.459819800,1
1970-01-01 00:00:01.459906200,1
1970-01-01 00:00:01.459992600,1
1970-01-01 00:00:01.460079000,1
1970-01-01 00:00:01.460338200,1
1970-01-01 00:00:01.460424600,1
1970-01-01 00:00:01.460511000,1
1970-01-01 00:00:01.460597400,0
1970-01-01 00:00:01.460683800,1
1970-01-01 00:00:01.460943000,1
1970-01-01 00:00:01.461029400,1
1970-01-01 00:00:01.461115800,1
1970-01-01 00:00:01.461202200,1
1970-01-01 00:00:01.461288600,1
1970-01-01 00:00:01.461547800,1
1970-01-01 00:00:01.461634200,1
1970-01-01 00:00:01.461720600,1
1970-01-01 00:00:01.461807000,1
1970-01-01 00:00:01.461893400,1
1970-01-01 00:00:01.462239000,1
1970-01-01 00:00:01.462325400,1
1970-01-01 00:00:01.462411800,1
1970-01-01 00:00:01.462498200,1
1970-01-01 00:00:01.462757400,1
1970-01-01 00:00:01.462843800,1
1970-01-01 00:00:01.462930200,1
1970-01-01 00:00:01.463016600,1
1970-01-01 00:00:01.463103000,1
1970-01-01 00:00:01.463362200,1
1970-01-01 00:00:01.463448600,1
1970-01-01 00:00:01.463535000,1
1970-01-01 00:00:01.463621400,1
1970-01-01 00:00:01.463707800,1
1970-01-01 00:00:01.463967000,1
1970-01-01 00:00:01.464053400,1
1970-01-01 00:00:01.464139800,1
1970-01-01 00:00:01.464226200,1
1970-01-01 00:00:01.464312600,1
1970-01-01 00:00:01.464571800,1
1970-01-01 00:00:01.464658200,1
1970-01-01 00:00:01.464744600,1
1970-01-01 00:00:01.464831000,1
1970-01-01 00:00:01.464917400,1
1970-01-01 00:00:01.465176600,1
1970-01-01 00:00:01.465263000,1
1970-01-01 00:00:01.465349400,1
1970-01-01 00:00:01.465781400,1
1970-01-01 00:00:01.465867800,1
1970-01-01 00:00:01.465954200,1
1970-01-01 00:00:01.466040600,1
1970-01-01 00:00:01.466127000,1
1970-01-01 00:00:01.466386200,1
1970-01-01 00:00:01.466472600,1
1970-01-01 00:00:01.466559000,1
1970-01-01 00:00:01.466645400,1
1970-01-01 00:00:01.466731800,1
1970-01-01 00:00:01.466991000,1
1970-01-01 00:00:01.467077400,1
1970-01-01 00:00:01.467163800,1
1970-01-01 00:00:01.467250200,1
1970-01-01 00:00:01.467336600,1
1970-01-01 00:00:01.467595800,1
1970-01-01 00:00:01.467682200,1
1970-01-01 00:00:01.467768600,1
1970-01-01 00:00:01.467855000,1
1970-01-01 00:00:01.467941400,1
1970-01-01 00:00:01.468200600,1
1970-01-01 00:00:01.468287000,1
1970-01-01 00:00:01.468373400,1
1970-01-01 00:00:01.468459800,1
1970-01-01 00:00:01.468546200,1
1970-01-01 00:00:01.468805400,1
1970-01-01 00:00:01.468891800,1
1970-01-01 00:00:01.468978200,1
1970-01-01 00:00:01.469064600,1
1970-01-01 00:00:01.469151000,1
1970-01-01 00:00:01.469410200,1
1970-01-01 00:00:01.469496600,1
1970-01-01 00:00:01.469583000,1
1970-01-01 00:00:01.469669400,1
1970-01-01 00:00:01.469755800,1
1970-01-01 00:00:01.470015000,1
1970-01-01 00:00:01.470101400,1
1970-01-01 00:00:01.470187800,1
1970-01-01 00:00:01.470274200,1
1970-01-01 00:00:01.470360600,1
1970-01-01 00:00:01.470619800,1
1970-01-01 00:00:01.470706200,1
1970-01-01 00:00:01.470792600,1
1970-01-01 00:00:01.470879000,1
1970-01-01 00:00:01.470965400,1
1970-01-01 00:00:01.471224600,1
1970-01-01 00:00:01.471311000,1
1970-01-01 00:00:01.471397400,1
1970-01-01 00:00:01.471483800,1
1970-01-01 00:00:01.471570200,1
1970-01-01 00:00:01.471829400,1
1970-01-01 00:00:01.471915800,1
1970-01-01 00:00:01.472002200,1
1970-01-01 00:00:01.472088600,1
1970-01-01 00:00:01.472175000,1
1970-01-01 00:00:01.472434200,1
1970-01-01 00:00:01.472520600,1
1970-01-01 00:00:01.472607000,1
1970-01-01 00:00:01.472693400,1
1970-01-01 00:00:01.472779800,1
1970-01-01 00:00:01.473039000,1
1970-01-01 00:00:01.473125400,1
1970-01-01 00:00:01.473211800,1
1970-01-01 00:00:01.473298200,1
1970-01-01 00:00:01.473384600,1
1970-01-01 00:00:01.473643800,1
1970-01-01 00:00:01.473730200,1
1970-01-01 00:00:01.473816600,1
1970-01-01 00:00:01.474248600,1
1970-01-01 00:00:01.474335000,1
1970-01-01 00:00:01.474421400,1
1970-01-01 00:00:01.474507800,1
1970-01-01 00:00:01.474594200,1
1970-01-01 00:00:01.474853400,1
1970-01-01 00:00:01.474939800,1
1970-01-01 00:00:01.475026200,1
1970-01-01 00:00:01.475112600,1
1970-01-01 00:00:01.475199000,1
1970-01-01 00:00:01.476063000,1
1970-01-01 00:00:01.476149400,1
1970-01-01 00:00:01.476235800,1
1970-01-01 00:00:01.476322200,1
1970-01-01 00:00:01.476408600,1
1970-01-01 00:00:01.476667800,1
1970-01-01 00:00:01.476754200,1
1970-01-01 00:00:01.476840600,1
1970-01-01 00:00:01.476927000,1
1970-01-01 00:00:01.477013400,1
1970-01-01 00:00:01.477272600,1
1970-01-01 00:00:01.477359000,1
1970-01-01 00:00:01.477445400,1
1970-01-01 00:00:01.477531800,1
1970-01-01 00:00:01.477618200,1
1970-01-01 00:00:01.477877400,1
1970-01-01 00:00:01.477963800,1
1970-01-01 00:00:01.478050200,1
1970-01-01 00:00:01.478136600,1
1970-01-01 00:00:01.478223000,1
1970-01-01 00:00:01.478482200,1
1970-01-01 00:00:01.478568600,1
1970-01-01 00:00:01.478655000,1
1970-01-01 00:00:01.478741400,1
1970-01-01 00:00:01.478827800,1
1970-01-01 00:00:01.479087000,1
1970-01-01 00:00:01.479173400,1
1970-01-01 00:00:01.479259800,1
1970-01-01 00:00:01.479346200,1
1970-01-01 00:00:01.479432600,1
1970-01-01 00:00:01.479691800,1
1970-01-01 00:00:01.479778200,1
1970-01-01 00:00:01.479864600,1
1970-01-01 00:00:01.479951000,1
1970-01-01 00:00:01.480037400,1
1970-01-01 00:00:01.480296600,1
1970-01-01 00:00:01.480383000,1
1970-01-01 00:00:01.480469400,1
1970-01-01 00:00:01.480555800,1
1970-01-01 00:00:01.480642200,1
1970-01-01 00:00:01.480901400,1
1970-01-01 00:00:01.480987800,1
1970-01-01 00:00:01.481074200,1
1970-01-01 00:00:01.481160600,1
1970-01-01 00:00:01.481247000,1
1970-01-01 00:00:01.481506200,1
1970-01-01 00:00:01.481592600,1
1970-01-01 00:00:01.481679000,1
1970-01-01 00:00:01.481765400,1
1970-01-01 00:00:01.481851800,1
1970-01-01 00:00:01.482111000,1
1970-01-01 00:00:01.482197400,1
1970-01-01 00:00:01.482283800,1
1970-01-01 00:00:01.482370200,1
1970-01-01 00:00:01.482456600,1
1970-01-01 00:00:01.482715800,1
1970-01-01 00:00:01.482802200,1
1970-01-01 00:00:01.482888600,1
1970-01-01 00:00:01.482975000,1
1970-01-01 00:00:01.483061400,1
1970-01-01 00:00:01.483407000,1
1970-01-01 00:00:01.483493400,1
1970-01-01 00:00:01.483579800,1
1970-01-01 00:00:01.483666200,1
1970-01-01 00:00:01.483925400,1
1970-01-01 00:00:01.484011800,1
1970-01-01 00:00:01.484098200,1
1970-01-01 00:00:01.484184600,1
1970-01-01 00:00:01.484271000,1
1970-01-01 00:00:01.484530200,1
1970-01-01 00:00:01.484616600,1
1970-01-01 00:00:01.484703000,1
1970-01-01 00:00:01.484789400,1
1970-01-01 00:00:01.484875800,1
1970-01-01 00:00:01.485135000,1
1970-01-01 00:00:01.485221400,1
1970-01-01 00:00:01.485307800,1
1970-01-01 00:00:01.485394200,1
1970-01-01 00:00:01.486085400,1
1970-01-01 00:00:01.486344600,1
1970-01-01 00:00:01.486431000,1
1970-01-01 00:00:01.486517400,1
1970-01-01 00:00:01.486603800,1
1970-01-01 00:00:01.486690200,1
1970-01-01 00:00:01.486949400,1
1970-01-01 00:00:01.487035800,1
1970-01-01 00:00:01.487122200,1
1970-01-01 00:00:01.487208600,1
1970-01-01 00:00:01.487295000,1
1970-01-01 00:00:01.487554200,1
1970-01-01 00:00:01.487640600,1
1970-01-01 00:00:01.487727000,1
1970-01-01 00:00:01.487813400,1
1970-01-01 00:00:01.487899800,1
1970-01-01 00:00:01.488159000,1
1970-01-01 00:00:01.488245400,1
1970-01-01 00:00:01.488331800,1
1970-01-01 00:00:01.488418200,1
1970-01-01 00:00:01.488504600,1
1970-01-01 00:00:01.488763800,1
1970-01-01 00:00:01.488850200,1
1970-01-01 00:00:01.488936600,1
1970-01-01 00:00:01.489023000,1
1970-01-01 00:00:01.489109400,1
1970-01-01 00:00:01.489368600,1
1970-01-01 00:00:01.489455000,1
1970-01-01 00:00:01.489541400,1
1970-01-01 00:00:01.489627800,1
1970-01-01 00:00:01.489714200,1
1970-01-01 00:00:01.489973400,1
1970-01-01 00:00:01.490059800,1
1970-01-01 00:00:01.490146200,1
1970-01-01 00:00:01.490232600,1
1970-01-01 00:00:01.490319000,1
1970-01-01 00:00:01.490578200,1
1970-01-01 00:00:01.490664600,1
1970-01-01 00:00:01.490751000,1
1970-01-01 00:00:01.490837400,1
1970-01-01 00:00:01.490923800,1
1970-01-01 00:00:01.491355800,1
1970-01-01 00:00:01.491442200,1
1970-01-01 00:00:01.491528600,1
1970-01-01 00:00:01.491787800,1
1970-01-01 00:00:01.491874200,1
1970-01-01 00:00:01.491960600,1
1970-01-01 00:00:01.492047000,1
1970-01-01 00:00:01.492133400,1
1970-01-01 00:00:01.492392600,1
1970-01-01 00:00:01.492479000,1
1970-01-01 00:00:01.492565400,1
1970-01-01 00:00:01.492651800,1
1970-01-01 00:00:01.492738200,1
1970-01-01 00:00:01.492997400,1
1970-01-01 00:00:01.493083800,1
1970-01-01 00:00:01.493170200,1
1970-01-01 00:00:01.493256600,1
1970-01-01 00:00:01.493343000,1
1970-01-01 00:00:01.493688600,1
1970-01-01 00:00:01.493775000,1
1970-01-01 00:00:01.493861400,1
1970-01-01 00:00:01.493947800,1
1970-01-01 00:00:01.494207000,1
1970-01-01 00:00:01.494293400,1
1970-01-01 00:00:01.494379800,1
1970-01-01 00:00:01.494466200,1
1970-01-01 00:00:01.494552600,1
1970-01-01 00:00:01.494811800,1
1970-01-01 00:00:01.494898200,1
1970-01-01 00:00:01.494984600,1
1970-01-01 00:00:01.495071000,1
1970-01-01 00:00:01.495157400,1
1970-01-01 00:00:01.495416600,1
1970-01-01 00:00:01.495503000,1
1970-01-01 00:00:01.495589400,1
1970-01-01 00:00:01.495675800,1
1970-01-01 00:00:01.495762200,1
1970-01-01 00:00:01.496194200,1
1970-01-01 00:00:01.496280600,1
1970-01-01 00:00:01.496367000,1
1970-01-01 00:00:01.496626200,1
1970-01-01 00:00:01.496712600,1
1970-01-01 00:00:01.496799000,1
1970-01-01 00:00:01.496885400,1
1970-01-01 00:00:01.496971800,1
1970-01-01 00:00:01.497231000,1
1970-01-01 00:00:01.497317400,1
1970-01-01 00:00:01.497403800,1
1970-01-01 00:00:01.497490200,1
1970-01-01 00:00:01.497576600,1
1970-01-01 00:00:01.497835800,1
1970-01-01 00:00:01.497922200,1
1970-01-01 00:00:01.498008600,1
1970-01-01 00:00:01.498095000,1
1970-01-01 00:00:01.498181400,1
1970-01-01 00:00:01.498440600,1
1970-01-01 00:00:01.498527000,1
1970-01-01 00:00:01.498613400,1
1970-01-01 00:00:01.498699800,1
1970-01-01 00:00:01.498786200,1
1970-01-01 00:00:01.499045400,1
1970-01-01 00:00:01.499131800,1
1970-01-01 00:00:01.499218200,1
1970-01-01 00:00:01.499304600,1
1970-01-01 00:00:01.499391000,1
1970-01-01 00:00:01.499650200,1
1970-01-01 00:00:01.499736600,1
1970-01-01 00:00:01.499823000,1
1970-01-01 00:00:01.499909400,1
1970-01-01 00:00:01.499995800,1
1970-01-01 00:00:01.500255000,1
1970-01-01 00:00:01.500341400,1
1970-01-01 00:00:01.500427800,1
1970-01-01 00:00:01.500514200,1
1970-01-01 00:00:01.500600600,1
1970-01-01 00:00:01.500859800,1
1970-01-01 00:00:01.500946200,1
1970-01-01 00:00:01.501032600,1
1970-01-01 00:00:01.501119000,1
1970-01-01 00:00:01.501205400,1
1970-01-01 00:00:01.501464600,1
1970-01-01 00:00:01.501551000,1
1970-01-01 00:00:01.501637400,1
1970-01-01 00:00:01.501723800,1
1970-01-01 00:00:01.501810200,1
1970-01-01 00:00:01.502069400,1
1970-01-01 00:00:01.502155800,1
1970-01-01 00:00:01.502242200,1
1970-01-01 00:00:01.502328600,1
1970-01-01 00:00:01.502415000,1
1970-01-01 00:00:01.502674200,1
1970-01-01 00:00:01.502760600,1
1970-01-01 00:00:01.502847000,1
1970-01-01 00:00:01.502933400,1
1970-01-01 00:00:01.503019800,1
1970-01-01 00:00:01.503279000,1
1970-01-01 00:00:01.503365400,1
1970-01-01 00:00:01.503451800,1
1970-01-01 00:00:01.503538200,1
1970-01-01 00:00:01.503624600,1
1970-01-01 00:00:01.503883800,1
1970-01-01 00:00:01.503970200,1
1970-01-01 00:00:01.504056600,1
1970-01-01 00:00:01.504143000,1
1970-01-01 00:00:01.504229400,1
1970-01-01 00:00:01.504488600,1
1970-01-01 00:00:01.504575000,1
1970-01-01 00:00:01.504661400,1
1970-01-01 00:00:01.504747800,1
1970-01-01 00:00:01.504834200,1
1970-01-01 00:00:01.505093400,1
1970-01-01 00:00:01.505179800,1
1970-01-01 00:00:01.505266200,1
1970-01-01 00:00:01.505352600,1
1970-01-01 00:00:01.505439000,1
1970-01-01 00:00:01.505698200,1
1970-01-01 00:00:01.505784600,1
1970-01-01 00:00:01.505871000,1
1970-01-01 00:00:01.505957400,1
1970-01-01 00:00:01.506043800,1
1970-01-01 00:00:01.506303000,1
1970-01-01 00:00:01.506389400,1
1970-01-01 00:00:01.506475800,1
1970-01-01 00:00:01.506562200,1
1970-01-01 00:00:01.506648600,1
1970-01-01 00:00:01.507512600,1
1970-01-01 00:00:01.507599000,1
1970-01-01 00:00:01.507685400,1
1970-01-01 00:00:01.507771800,1
1970-01-01 00:00:01.507858200,1
1970-01-01 00:00:01.508117400,1
1970-01-01 00:00:01.508203800,1
1970-01-01 00:00:01.508290200,1
1970-01-01 00:00:01.508376600,1
1970-01-01 00:00:01.508463000,1
1970-01-01 00:00:01.508722200,1
1970-01-01 00:00:01.508808600,1
1970-01-01 00:00:01.508895000,1
1970-01-01 00:00:01.508981400,1
1970-01-01 00:00:01.509067800,1
1970-01-01 00:00:01.509327000,1
1970-01-01 00:00:01.509413400,1
1970-01-01 00:00:01.509499800,1
1970-01-01 00:00:01.509586200,1
1970-01-01 00:00:01.509672600,1
1970-01-01 00:00:01.509931800,1
1970-01-01 00:00:01.510018200,1
1970-01-01 00:00:01.510104600,1
1970-01-01 00:00:01.510191000,1
1970-01-01 00:00:01.510277400,1
1970-01-01 00:00:01.510536600,1
1970-01-01 00:00:01.510623000,1
1970-01-01 00:00:01.510709400,1
1970-01-01 00:00:01.510795800,1
1970-01-01 00:00:01.510882200,1
1970-01-01 00:00:01.511141400,1
1970-01-01 00:00:01.511227800,1
1970-01-01 00:00:01.511314200,1
1970-01-01 00:00:01.511400600,1
1970-01-01 00:00:01.511487000,1
1970-01-01 00:00:01.511746200,1
1970-01-01 00:00:01.511832600,1
1970-01-01 00:00:01.511919000,1
1970-01-01 00:00:01.512005400,1
1970-01-01 00:00:01.512091800,1
1970-01-01 00:00:01.512351000,1
1970-01-01 00:00:01.512437400,1
1970-01-01 00:00:01.512523800,1
1970-01-01 00:00:01.512610200,1
1970-01-01 00:00:01.512696600,1
1970-01-01 00:00:01.512955800,1
1970-01-01 00:00:01.513042200,1
1970-01-01 00:00:01.513128600,1
1970-01-01 00:00:01.513215000,1
1970-01-01 00:00:01.513301400,1
1970-01-01 00:00:01.513560600,1
1970-01-01 00:00:01.513647000,1
1970-01-01 00:00:01.513733400,1
1970-01-01 00:00:01.513819800,1
1970-01-01 00:00:01.513906200,1
1970-01-01 00:00:01.514165400,1
1970-01-01 00:00:01.514251800,1
1970-01-01 00:00:01.514338200,1
1970-01-01 00:00:01.514424600,1
1970-01-01 00:00:01.514511000,1
1970-01-01 00:00:01.514856600,1
1970-01-01 00:00:01.514943000,1
1970-01-01 00:00:01.515029400,1
1970-01-01 00:00:01.515115800,1
1970-01-01 00:00:01.515375000,1
1970-01-01 00:00:01.515461400,1
1970-01-01 00:00:01.515547800,1
1970-01-01 00:00:01.515634200,1
1970-01-01 00:00:01.515720600,1
1970-01-01 00:00:01.515979800,1
1970-01-01 00:00:01.516066200,1
1970-01-01 00:00:01.516152600,1
1970-01-01 00:00:01.516239000,1
1970-01-01 00:00:01.516325400,1
1970-01-01 00:00:01.516584600,1
1970-01-01 00:00:01.516671000,1
1970-01-01 00:00:01.516757400,1
1970-01-01 00:00:01.516843800,1
1970-01-01 00:00:01.516930200,1
1970-01-01 00:00:01.517189400,1
1970-01-01 00:00:01.517275800,1
1970-01-01 00:00:01.517362200,1
1970-01-01 00:00:01.517448600,1
1970-01-01 00:00:01.517535000,1
1970-01-01 00:00:01.517794200,1
1970-01-01 00:00:01.517880600,1
1970-01-01 00:00:01.517967000,1
1970-01-01 00:00:01.518053400,1
1970-01-01 00:00:01.518139800,1
1970-01-01 00:00:01.518399000,1
1970-01-01 00:00:01.518485400,1
1970-01-01 00:00:01.518571800,1
1970-01-01 00:00:01.519263000,1
1970-01-01 00:00:01.519349400,1
1970-01-01 00:00:01.519608600,1
1970-01-01 00:00:01.519695000,1
1970-01-01 00:00:01.519781400,1
1970-01-01 00:00:01.519867800,1
1970-01-01 00:00:01.519954200,1
1970-01-01 00:00:01.520213400,1
1970-01-01 00:00:01.520299800,1
1970-01-01 00:00:01.520386200,1
1970-01-01 00:00:01.520472600,1
1970-01-01 00:00:01.520559000,1
1970-01-01 00:00:01.520818200,1
1970-01-01 00:00:01.520904600,1
1970-01-01 00:00:01.520991000,1
1970-01-01 00:00:01.521077400,1
1970-01-01 00:00:01.521163800,1
1970-01-01 00:00:01.521423000,1
1970-01-01 00:00:01.521509400,1
1970-01-01 00:00:01.521595800,1
1970-01-01 00:00:01.521682200,1
1970-01-01 00:00:01.521768600,1
1970-01-01 00:00:01.522027800,1
1970-01-01 00:00:01.522114200,1
1970-01-01 00:00:01.522200600,1
1970-01-01 00:00:01.522287000,1
1970-01-01 00:00:01.522373400,1
1970-01-01 00:00:01.522632600,1
1970-01-01 00:00:01.522719000,1
1970-01-01 00:00:01.522805400,1
1970-01-01 00:00:01.523237400,1
1970-01-01 00:00:01.523323800,1
1970-01-01 00:00:01.523410200,1
1970-01-01 00:00:01.523496600,1
1970-01-01 00:00:01.523583000,1
1970-01-01 00:00:01.523842200,1
1970-01-01 00:00:01.523928600,1
1970-01-01 00:00:01.524015000,1
1970-01-01 00:00:01.524101400,1
1970-01-01 00:00:01.524187800,1
1970-01-01 00:00:01.524447000,1
1970-01-01 00:00:01.524533400,1
1970-01-01 00:00:01.524619800,1
1970-01-01 00:00:01.524706200,1
1970-01-01 00:00:01.524792600,1
1970-01-01 00:00:01.525224600,1
1970-01-01 00:00:01.525311000,1
1970-01-01 00:00:01.525397400,1
1970-01-01 00:00:01.525656600,1
1970-01-01 00:00:01.525743000,1
1970-01-01 00:00:01.525829400,1
1970-01-01 00:00:01.525915800,1
1970-01-01 00:00:01.526002200,1
1970-01-01 00:00:01.526261400,1
1970-01-01 00:00:01.526347800,1
1970-01-01 00:00:01.526434200,1
1970-01-01 00:00:01.526520600,1
1970-01-01 00:00:01.526607000,1
1970-01-01 00:00:01.526866200,1
1970-01-01 00:00:01.526952600,1
1970-01-01 00:00:01.527039000,1
1970-01-01 00:00:01.527125400,1
1970-01-01 00:00:01.527211800,1
1970-01-01 00:00:01.527471000,1
1970-01-01 00:00:01.527557400,1
1970-01-01 00:00:01.527643800,1
1970-01-01 00:00:01.527730200,1
1970-01-01 00:00:01.527816600,1
1970-01-01 00:00:01.528075800,1
1970-01-01 00:00:01.528162200,1
1970-01-01 00:00:01.528248600,1
1970-01-01 00:00:01.528335000,1
1970-01-01 00:00:01.528421400,1
1970-01-01 00:00:01.528680600,1
1970-01-01 00:00:01.528767000,1
1970-01-01 00:00:01.528853400,1
1970-01-01 00:00:01.528939800,1
1970-01-01 00:00:01.529026200,1
1970-01-01 00:00:01.529371800,1
1970-01-01 00:00:01.529458200,1
1970-01-01 00:00:01.529544600,1
1970-01-01 00:00:01.529631000,1
1970-01-01 00:00:01.529890200,1
1970-01-01 00:00:01.529976600,1
1970-01-01 00:00:01.530063000,1
1970-01-01 00:00:01.530149400,1
1970-01-01 00:00:01.530235800,1
1970-01-01 00:00:01.530495000,1
1970-01-01 00:00:01.530581400,1
1970-01-01 00:00:01.530667800,1
1970-01-01 00:00:01.530754200,1
1970-01-01 00:00:01.530840600,1
1970-01-01 00:00:01.531099800,1
1970-01-01 00:00:01.531186200,1
1970-01-01 00:00:01.531272600,1
1970-01-01 00:00:01.531359000,1
1970-01-01 00:00:01.531445400,1
1970-01-01 00:00:01.531704600,1
1970-01-01 00:00:01.531791000,1
1970-01-01 00:00:01.531877400,1
1970-01-01 00:00:01.531963800,1
1970-01-01 00:00:01.532050200,1
1970-01-01 00:00:01.532309400,1
1970-01-01 00:00:01.532395800,1
1970-01-01 00:00:01.532482200,1
1970-01-01 00:00:01.532568600,1
1970-01-01 00:00:01.532655000,1
1970-01-01 00:00:01.532914200,1
1970-01-01 00:00:01.533000600,1
1970-01-01 00:00:01.533087000,1
1970-01-01 00:00:01.533173400,1
1970-01-01 00:00:01.533259800,1
1970-01-01 00:00:01.533519000,1
1970-01-01 00:00:01.533605400,1
1970-01-01 00:00:01.533691800,1
1970-01-01 00:00:01.533778200,1
1970-01-01 00:00:01.533864600,1
1970-01-01 00:00:01.534123800,1
1970-01-01 00:00:01.534210200,1
1970-01-01 00:00:01.534296600,1
1970-01-01 00:00:01.534383000,1
1970-01-01 00:00:01.534469400,1
1970-01-01 00:00:01.534728600,1
1970-01-01 00:00:01.534815000,1
1970-01-01 00:00:01.534901400,1
1970-01-01 00:00:01.534987800,1
1970-01-01 00:00:01.535074200,1
1970-01-01 00:00:01.535333400,1
1970-01-01 00:00:01.535419800,1
1970-01-01 00:00:01.535506200,1
1970-01-01 00:00:01.535592600,1
1970-01-01 00:00:01.535679000,1
1970-01-01 00:00:01.535938200,1
1970-01-01 00:00:01.536024600,1
1970-01-01 00:00:01.536111000,1
1970-01-01 00:00:01.536197400,1
1970-01-01 00:00:01.536283800,1
1970-01-01 00:00:01.536543000,1
1970-01-01 00:00:01.536629400,1
1970-01-01 00:00:01.536715800,1
1970-01-01 00:00:01.536802200,1
1970-01-01 00:00:01.536888600,1
1970-01-01 00:00:01.537147800,1
1970-01-01 00:00:01.537234200,1
1970-01-01 00:00:01.537320600,1
1970-01-01 00:00:01.537407000,1
1970-01-01 00:00:01.537493400,1
1970-01-01 00:00:01.537839000,1
1970-01-01 00:00:01.537925400,1
1970-01-01 00:00:01.538011800,1
1970-01-01 00:00:01.538098200,1
1970-01-01 00:00:01.538962200,1
1970-01-01 00:00:01.539048600,1
1970-01-01 00:00:01.539135000,1
1970-01-01 00:00:01.539221400,1
1970-01-01 00:00:01.539307800,1
1970-01-01 00:00:01.539567000,1
1970-01-01 00:00:01.539653400,1
1970-01-01 00:00:01.539739800,1
1970-01-01 00:00:01.539826200,1
1970-01-01 00:00:01.539912600,1
1970-01-01 00:00:01.540171800,1
1970-01-01 00:00:01.540258200,1
1970-01-01 00:00:01.540344600,1
1970-01-01 00:00:01.540431000,1
1970-01-01 00:00:01.540517400,1
1970-01-01 00:00:01.540776600,1
1970-01-01 00:00:01.540863000,1
1970-01-01 00:00:01.540949400,1
1970-01-01 00:00:01.541035800,1
1970-01-01 00:00:01.541122200,1
1970-01-01 00:00:01.541381400,1
1970-01-01 00:00:01.541467800,1
1970-01-01 00:00:01.541554200,1
1970-01-01 00:00:01.541640600,1
1970-01-01 00:00:01.541727000,1
1970-01-01 00:00:01.541986200,1
1970-01-01 00:00:01.542072600,1
1970-01-01 00:00:01.542159000,1
1970-01-01 00:00:01.542245400,1
1970-01-01 00:00:01.542331800,1
1970-01-01 00:00:01.542591000,1
1970-01-01 00:00:01.542677400,1
1970-01-01 00:00:01.542763800,1
1970-01-01 00:00:01.542850200,1
1970-01-01 00:00:01.542936600,1
1970-01-01 00:00:01.543195800,1
1970-01-01 00:00:01.543282200,1
1970-01-01 00:00:01.543368600,1
1970-01-01 00:00:01.543455000,1
1970-01-01 00:00:01.543541400,1
1970-01-01 00:00:01.543800600,1
1970-01-01 00:00:01.543887000,1
1970-01-01 00:00:01.543973400,1
1970-01-01 00:00:01.544059800,1
1970-01-01 00:00:01.544146200,1
1970-01-01 00:00:01.544405400,1
1970-01-01 00:00:01.544491800,1
1970-01-01 00:00:01.544578200,1
1970-01-01 00:00:01.544664600,1
1970-01-01 00:00:01.544751000,1
1970-01-01 00:00:01.545010200,1
1970-01-01 00:00:01.545096600,1
1970-01-01 00:00:01.545183000,1
1970-01-01 00:00:01.545269400,1
1970-01-01 00:00:01.545355800,1
1970-01-01 00:00:01.545615000,1
1970-01-01 00:00:01.545701400,1
1970-01-01 00:00:01.545787800,1
1970-01-01 00:00:01.545874200,1
1970-01-01 00:00:01.545960600,1
1970-01-01 00:00:01.546392600,1
1970-01-01 00:00:01.546479000,1
1970-01-01 00:00:01.546565400,1
1970-01-01 00:00:01.546824600,1
1970-01-01 00:00:01.546911000,1
1970-01-01 00:00:01.546997400,1
1970-01-01 00:00:01.547083800,1
1970-01-01 00:00:01.547170200,1
1970-01-01 00:00:01.547429400,1
1970-01-01 00:00:01.547515800,1
1970-01-01 00:00:01.547602200,1
1970-01-01 00:00:01.547688600,1
1970-01-01 00:00:01.547775000,1
1970-01-01 00:00:01.548034200,1
1970-01-01 00:00:01.548120600,1
1970-01-01 00:00:01.548207000,1
1970-01-01 00:00:01.548293400,1
1970-01-01 00:00:01.548379800,1
1970-01-01 00:00:01.548639000,1
1970-01-01 00:00:01.548725400,1
1970-01-01 00:00:01.548811800,1
1970-01-01 00:00:01.548898200,1
1970-01-01 00:00:01.548984600,1
1970-01-01 00:00:01.549848600,1
1970-01-01 00:00:01.549935000,1
1970-01-01 00:00:01.550021400,1
1970-01-01 00:00:01.550107800,1
1970-01-01 00:00:01.550194200,1
1970-01-01 00:00:01.550453400,1
1970-01-01 00:00:01.550539800,1
1970-01-01 00:00:01.550626200,1
1970-01-01 00:00:01.550712600,1
1970-01-01 00:00:01.550799000,1
1970-01-01 00:00:01.551058200,1
1970-01-01 00:00:01.551144600,1
1970-01-01 00:00:01.551231000,1
1970-01-01 00:00:01.551317400,1
1970-01-01 00:00:01.551403800,1
1970-01-01 00:00:01.551663000,1
1970-01-01 00:00:01.551749400,1
1970-01-01 00:00:01.551835800,1
1970-01-01 00:00:01.551922200,1
1970-01-01 00:00:01.552008600,1
1970-01-01 00:00:01.552267800,1
1970-01-01 00:00:01.552354200,1
1970-01-01 00:00:01.552440600,1
1970-01-01 00:00:01.552527000,1
1970-01-01 00:00:01.552613400,1
1970-01-01 00:00:01.552872600,1
1970-01-01 00:00:01.552959000,1
1970-01-01 00:00:01.553045400,1
1970-01-01 00:00:01.553131800,1
1970-01-01 00:00:01.553218200,1
1970-01-01 00:00:01.553477400,1
1970-01-01 00:00:01.553563800,1
1970-01-01 00:00:01.553650200,1
1970-01-01 00:00:01.553736600,1
1970-01-01 00:00:01.553823000,1
1970-01-01 00:00:01.554082200,1
1970-01-01 00:00:01.554168600,1
1970-01-01 00:00:01.554255000,1
1970-01-01 00:00:01.554341400,1
1970-01-01 00:00:01.554687000,1
1970-01-01 00:00:01.554773400,1
1970-01-01 00:00:01.554859800,1
1970-01-01 00:00:01.554946200,1
1970-01-01 00:00:01.555032600,1
1970-01-01 00:00:01.555291800,1
1970-01-01 00:00:01.555378200,1
1970-01-01 00:00:01.555464600,1
1970-01-01 00:00:01.555551000,1
1970-01-01 00:00:01.555637400,1
1970-01-01 00:00:01.555896600,1
1970-01-01 00:00:01.555983000,1
1970-01-01 00:00:01.556069400,1
1970-01-01 00:00:01.556155800,1
1970-01-01 00:00:01.556242200,1
1970-01-01 00:00:01.556501400,1
1970-01-01 00:00:01.556587800,1
1970-01-01 00:00:01.557106200,1
1970-01-01 00:00:01.557192600,1
1970-01-01 00:00:01.557279000,1
1970-01-01 00:00:01.557365400,1
1970-01-01 00:00:01.557451800,1
1970-01-01 00:00:01.557711000,1
1970-01-01 00:00:01.557797400,1
1970-01-01 00:00:01.557883800,1
1970-01-01 00:00:01.557970200,1
1970-01-01 00:00:01.558056600,1
1970-01-01 00:00:01.558315800,1
1970-01-01 00:00:01.558402200,1
1970-01-01 00:00:01.558488600,1
1970-01-01 00:00:01.558575000,1
1970-01-01 00:00:01.558661400,1
1970-01-01 00:00:01.558920600,1
1970-01-01 00:00:01.559007000,1
1970-01-01 00:00:01.559093400,1
1970-01-01 00:00:01.559179800,1
1970-01-01 00:00:01.559266200,1
1970-01-01 00:00:01.559525400,1
1970-01-01 00:00:01.559611800,1
1970-01-01 00:00:01.559698200,1
1970-01-01 00:00:01.559784600,0
1970-01-01 00:00:01.560130200,0
1970-01-01 00:00:01.560216600,1
1970-01-01 00:00:01.560303000,1
1970-01-01 00:00:01.560389400,1
1970-01-01 00:00:01.560475800,1
1970-01-01 00:00:01.560735000,1
1970-01-01 00:00:01.560821400,1
1970-01-01 00:00:01.560907800,1
1970-01-01 00:00:01.560994200,1
1970-01-01 00:00:01.561080600,1
1970-01-01 00:00:01.561339800,1
1970-01-01 00:00:01.561426200,1
1970-01-01 00:00:01.561512600,1
1970-01-01 00:00:01.561599000,1
1970-01-01 00:00:01.561685400,1
1970-01-01 00:00:01.561944600,1
1970-01-01 00:00:01.562031000,1
1970-01-01 00:00:01.562117400,1
1970-01-01 00:00:01.562203800,1
1970-01-01 00:00:01.562290200,1
1970-01-01 00:00:01.562549400,1
1970-01-01 00:00:01.562635800,1
1970-01-01 00:00:01.562722200,1
1970-01-01 00:00:01.562808600,1
1970-01-01 00:00:01.562895000,1
1970-01-01 00:00:01.563154200,1
1970-01-01 00:00:01.563240600,1
1970-01-01 00:00:01.563327000,1
1970-01-01 00:00:01.563413400,1
1970-01-01 00:00:01.563499800,1
1970-01-01 00:00:01.563759000,1
1970-01-01 00:00:01.563845400,1
1970-01-01 00:00:01.563931800,1
1970-01-01 00:00:01.564018200,1
1970-01-01 00:00:01.564104600,1
1970-01-01 00:00:01.564363800,1
1970-01-01 00:00:01.564450200,1
1970-01-01 00:00:01.564536600,1
1970-01-01 00:00:01.564623000,1
1970-01-01 00:00:01.564709400,1
1970-01-01 00:00:01.564968600,1
1970-01-01 00:00:01.565055000,1
1970-01-01 00:00:01.565141400,1
1970-01-01 00:00:01.565227800,1
1970-01-01 00:00:01.565314200,1
1970-01-01 00:00:01.565573400,1
1970-01-01 00:00:01.565659800,1
1970-01-01 00:00:01.565746200,1
1970-01-01 00:00:01.565832600,1
1970-01-01 00:00:01.565919000,1
1970-01-01 00:00:01.566178200,1
1970-01-01 00:00:01.566264600,1
1970-01-01 00:00:01.566351000,1
1970-01-01 00:00:01.566437400,1
1970-01-01 00:00:01.566523800,1
1970-01-01 00:00:01.566783000,1
1970-01-01 00:00:01.566869400,1
1970-01-01 00:00:01.566955800,1
1970-01-01 00:00:01.567042200,1
1970-01-01 00:00:01.567128600,1
1970-01-01 00:00:01.567387800,1
1970-01-01 00:00:01.567474200,1
1970-01-01 00:00:01.567560600,1
1970-01-01 00:00:01.567647000,1
1970-01-01 00:00:01.567733400,1
1970-01-01 00:00:01.567992600,1
1970-01-01 00:00:01.568079000,1
1970-01-01 00:00:01.568165400,1
1970-01-01 00:00:01.568251800,1
1970-01-01 00:00:01.568597400,1
1970-01-01 00:00:01.568683800,1
1970-01-01 00:00:01.568770200,1
1970-01-01 00:00:01.568856600,1
1970-01-01 00:00:01.568943000,1
1970-01-01 00:00:01.569202200,1
1970-01-01 00:00:01.569288600,1
1970-01-01 00:00:01.569375000,1
1970-01-01 00:00:01.569461400,1
1970-01-01 00:00:01.569547800,1
1970-01-01 00:00:01.569807000,1
1970-01-01 00:00:01.570498200,1
1970-01-01 00:00:01.570584600,1
1970-01-01 00:00:01.570671000,1
1970-01-01 00:00:01.570757400,1
1970-01-01 00:00:01.571016600,1
1970-01-01 00:00:01.571103000,1
1970-01-01 00:00:01.571189400,1
1970-01-01 00:00:01.571275800,1
1970-01-01 00:00:01.571362200,1
1970-01-01 00:00:01.571621400,1
1970-01-01 00:00:01.571707800,1
1970-01-01 00:00:01.571794200,1
1970-01-01 00:00:01.571880600,1
1970-01-01 00:00:01.571967000,1
1970-01-01 00:00:01.572226200,1
1970-01-01 00:00:01.572312600,1
1970-01-01 00:00:01.572399000,1
1970-01-01 00:00:01.572485400,1
1970-01-01 00:00:01.572571800,1
1970-01-01 00:00:01.572831000,1
1970-01-01 00:00:01.572917400,1
1970-01-01 00:00:01.573003800,1
1970-01-01 00:00:01.573090200,1
1970-01-01 00:00:01.573176600,1
1970-01-01 00:00:01.573435800,1
1970-01-01 00:00:01.573522200,1
1970-01-01 00:00:01.573608600,1
1970-01-01 00:00:01.573695000,1
1970-01-01 00:00:01.573781400,1
1970-01-01 00:00:01.574040600,1
1970-01-01 00:00:01.574127000,1
1970-01-01 00:00:01.574213400,1
1970-01-01 00:00:01.574299800,1
1970-01-01 00:00:01.574386200,1
1970-01-01 00:00:01.574645400,1
1970-01-01 00:00:01.574731800,1
1970-01-01 00:00:01.574818200,1
1970-01-01 00:00:01.574904600,1
1970-01-01 00:00:01.574991000,1
1970-01-01 00:00:01.575250200,1
1970-01-01 00:00:01.575336600,1
1970-01-01 00:00:01.575423000,1
1970-01-01 00:00:01.575509400,1
1970-01-01 00:00:01.575595800,1
1970-01-01 00:00:01.575855000,1
1970-01-01 00:00:01.575941400,1
1970-01-01 00:00:01.576027800,1
1970-01-01 00:00:01.576114200,1
1970-01-01 00:00:01.576200600,1
1970-01-01 00:00:01.576459800,1
1970-01-01 00:00:01.576546200,1
1970-01-01 00:00:01.576632600,1
1970-01-01 00:00:01.576719000,1
1970-01-01 00:00:01.576805400,1
1970-01-01 00:00:01.577064600,1
1970-01-01 00:00:01.577151000,1
1970-01-01 00:00:01.577237400,1
1970-01-01 00:00:01.577323800,1
1970-01-01 00:00:01.577410200,1
1970-01-01 00:00:01.577669400,1
1970-01-01 00:00:01.577755800,1
1970-01-01 00:00:01.577928600,1
1970-01-01 00:00:01.578015000,1
1970-01-01 00:00:01.578274200,1
1970-01-01 00:00:01.578360600,1
1970-01-01 00:00:01.578447000,1
1970-01-01 00:00:01.578533400,1
1970-01-01 00:00:01.578619800,1
1970-01-01 00:00:01.578879000,1
1970-01-01 00:00:01.578965400,1
1970-01-01 00:00:01.579051800,1
1970-01-01 00:00:01.579138200,1
1970-01-01 00:00:01.579224600,1
1970-01-01 00:00:01.579483800,1
1970-01-01 00:00:01.579570200,1
1970-01-01 00:00:01.579656600,1
1970-01-01 00:00:01.579743000,1
1970-01-01 00:00:01.580693400,0
1970-01-01 00:00:01.580779800,0
1970-01-01 00:00:01.580866200,0
1970-01-01 00:00:01.580952600,0
1970-01-01 00:00:01.581039000,0
1970-01-01 00:00:01.581298200,0
1970-01-01 00:00:01.581384600,0
1970-01-01 00:00:01.581471000,0
1970-01-01 00:00:01.581557400,0
1970-01-01 00:00:01.581643800,0
1970-01-01 00:00:01.581903000,0
1970-01-01 00:00:01.581989400,0
1970-01-01 00:00:01.582075800,0
1970-01-01 00:00:01.582162200,0
1970-01-01 00:00:01.582248600,0
1970-01-01 00:00:01.582507800,0
1970-01-01 00:00:01.582594200,0
1970-01-01 00:00:01.582680600,0
1970-01-01 00:00:01.582767000,0
1970-01-01 00:00:01.582853400,0
1970-01-01 00:00:01.583112600,0
1970-01-01 00:00:01.583199000,0
1970-01-01 00:00:01.583285400,0
1970-01-01 00:00:01.583371800,0
1970-01-01 00:00:01.583458200,0
1970-01-01 00:00:01.583717400,0
1970-01-01 00:00:01.583803800,0
1970-01-01 00:00:01.583890200,0
1970-01-01 00:00:01.583976600,0
1970-01-01 00:00:01.584063000,0
1970-01-01 00:00:01.584322200,0
1970-01-01 00:00:01.584408600,0
1970-01-01 00:00:01.584495000,0
1970-01-01 00:00:01.584581400,0
1970-01-01 00:00:01.584667800,0
1970-01-01 00:00:01.584927000,0
1970-01-01 00:00:01.585013400,0
1970-01-01 00:00:01.585099800,0
1970-01-01 00:00:01.585186200,0
1970-01-01 00:00:01.585272600,0
1970-01-01 00:00:01.585531800,0
1970-01-01 00:00:01.585618200,0
1970-01-01 00:00:01.585704600,0
1970-01-01 00:00:01.585791000,0
1970-01-01 00:00:01.585877400,0
1970-01-01 00:00:01.586223000,0
1970-01-01 00:00:01.586309400,0
1970-01-01 00:00:01.586395800,0
1970-01-01 00:00:01.586482200,0
1970-01-01 00:00:01.586741400,0
1970-01-01 00:00:01.586827800,0
1970-01-01 00:00:01.586914200,0
1970-01-01 00:00:01.587000600,0
1970-01-01 00:00:01.587087000,0
1970-01-01 00:00:01.587346200,0
1970-01-01 00:00:01.587432600,0
1970-01-01 00:00:01.587519000,0
1970-01-01 00:00:01.587605400,0
1970-01-01 00:00:01.587691800,0
1970-01-01 00:00:01.587951000,0
1970-01-01 00:00:01.588037400,0
1970-01-01 00:00:01.588123800,0
1970-01-01 00:00:01.588210200,0
1970-01-01 00:00:01.588728600,0
1970-01-01 00:00:01.588815000,0
1970-01-01 00:00:01.588901400,0
1970-01-01 00:00:01.589160600,0
1970-01-01 00:00:01.589247000,0
1970-01-01 00:00:01.589333400,0
1970-01-01 00:00:01.589419800,0
1970-01-01 00:00:01.589506200,0
1970-01-01 00:00:01.589765400,0
1970-01-01 00:00:01.589851800,0
1970-01-01 00:00:01.589938200,0
1970-01-01 00:00:01.590024600,0
1970-01-01 00:00:01.590111000,0
1970-01-01 00:00:01.590370200,0
1970-01-01 00:00:01.590456600,0
1970-01-01 00:00:01.590543000,0
1970-01-01 00:00:01.590629400,0
1970-01-01 00:00:01.590715800,0
1970-01-01 00:00:01.590975000,0
1970-01-01 00:00:01.591061400,0
1970-01-01 00:00:01.591147800,0
1970-01-01 00:00:01.591234200,0
1970-01-01 00:00:01.591320600,0
1970-01-01 00:00:01.591579800,0
1970-01-01 00:00:01.591666200,0
1970-01-01 00:00:01.591752600,0
1970-01-01 00:00:01.591839000,0
1970-01-01 00:00:01.591925400,0
1970-01-01 00:00:01.592184600,0
1970-01-01 00:00:01.592271000,0
1970-01-01 00:00:01.592357400,0
1970-01-01 00:00:01.592443800,0
1970-01-01 00:00:01.592530200,0
1970-01-01 00:00:01.592789400,1
1970-01-01 00:00:01.592875800,1
1970-01-01 00:00:01.592962200,1
1970-01-01 00:00:01.593394200,1
1970-01-01 00:00:01.593480600,1
1970-01-01 00:00:01.593567000,1
1970-01-01 00:00:01.593653400,1
1970-01-01 00:00:01.593739800,1
1970-01-01 00:00:01.593999000,1
1970-01-01 00:00:01.594085400,1
1970-01-01 00:00:01.594171800,1
1970-01-01 00:00:01.594258200,1
1970-01-01 00:00:01.594344600,1
1970-01-01 00:00:01.594603800,1
1970-01-01 00:00:01.594690200,1
1970-01-01 00:00:01.594776600,1
1970-01-01 00:00:01.594863000,0
1970-01-01 00:00:01.594949400,0
1970-01-01 00:00:01.595208600,0
1970-01-01 00:00:01.595295000,0
1970-01-01 00:00:01.595381400,0
1970-01-01 00:00:01.595467800,0
1970-01-01 00:00:01.595554200,0
1970-01-01 00:00:01.595813400,0
1970-01-01 00:00:01.595899800,0
1970-01-01 00:00:01.595986200,0
1970-01-01 00:00:01.596072600,0
1970-01-01 00:00:01.596159000,0
1970-01-01 00:00:01.596418200,0
1970-01-01 00:00:01.596504600,0
1970-01-01 00:00:01.596591000,0
1970-01-01 00:00:01.596677400,0
1970-01-01 00:00:01.596763800,0
1970-01-01 00:00:01.597023000,0
1970-01-01 00:00:01.597109400,0
1970-01-01 00:00:01.597195800,0
1970-01-01 00:00:01.597282200,0
1970-01-01 00:00:01.597368600,0
1970-01-01 00:00:01.597627800,0
1970-01-01 00:00:01.597714200,0
1970-01-01 00:00:01.597800600,0
1970-01-01 00:00:01.597887000,0
1970-01-01 00:00:01.597973400,0
1970-01-01 00:00:01.598232600,0
1970-01-01 00:00:01.598319000,0
1970-01-01 00:00:01.598405400,0
1970-01-01 00:00:01.598491800,0
1970-01-01 00:00:01.598578200,0
1970-01-01 00:00:01.598837400,0
1970-01-01 00:00:01.598923800,0
1970-01-01 00:00:01.599010200,0
1970-01-01 00:00:01.599096600,0
1970-01-01 00:00:01.599183000,0
1970-01-01 00:00:01.599442200,0
1970-01-01 00:00:01.599528600,0
1970-01-01 00:00:01.599615000,0
1970-01-01 00:00:01.599701400,0
1970-01-01 00:00:01.599787800,0
1970-01-01 00:00:01.600047000,0
1970-01-01 00:00:01.600133400,0
1970-01-01 00:00:01.600219800,0
1970-01-01 00:00:01.600306200,0
1970-01-01 00:00:01.600392600,0
1970-01-01 00:00:01.600651800,0
1970-01-01 00:00:01.600738200,0
1970-01-01 00:00:01.600824600,0
1970-01-01 00:00:01.600911000,0
1970-01-01 00:00:01.600997400,0
1970-01-01 00:00:01.601256600,0
1970-01-01 00:00:01.601343000,0
1970-01-01 00:00:01.601429400,0
1970-01-01 00:00:01.602207000,0
1970-01-01 00:00:01.602466200,1
1970-01-01 00:00:01.602552600,1
1970-01-01 00:00:01.602639000,1
1970-01-01 00:00:01.602725400,1
1970-01-01 00:00:01.602811800,1
1970-01-01 00:00:01.603071000,1
1970-01-01 00:00:01.603157400,1
1970-01-01 00:00:01.603243800,1
1970-01-01 00:00:01.603330200,1
1970-01-01 00:00:01.603416600,1
1970-01-01 00:00:01.603675800,1
1970-01-01 00:00:01.603762200,1
1970-01-01 00:00:01.603848600,1
1970-01-01 00:00:01.603935000,1
1970-01-01 00:00:01.604021400,1
1970-01-01 00:00:01.604280600,1
1970-01-01 00:00:01.604367000,1
1970-01-01 00:00:01.604453400,1
1970-01-01 00:00:01.604539800,1
1970-01-01 00:00:01.604626200,1
1970-01-01 00:00:01.604885400,1
1970-01-01 00:00:01.604971800,1
1970-01-01 00:00:01.605058200,1
1970-01-01 00:00:01.605144600,1
1970-01-01 00:00:01.605231000,1
1970-01-01 00:00:01.605490200,1
1970-01-01 00:00:01.605576600,1
1970-01-01 00:00:01.605663000,1
1970-01-01 00:00:01.605749400,1
1970-01-01 00:00:01.605835800,1
1970-01-01 00:00:01.606095000,1
1970-01-01 00:00:01.606181400,1
1970-01-01 00:00:01.606267800,1
1970-01-01 00:00:01.606354200,1
1970-01-01 00:00:01.606440600,1
1970-01-01 00:00:01.606699800,1
1970-01-01 00:00:01.606786200,1
1970-01-01 00:00:01.606872600,1
1970-01-01 00:00:01.606959000,1
1970-01-01 00:00:01.607045400,1
1970-01-01 00:00:01.607304600,1
1970-01-01 00:00:01.607391000,1
1970-01-01 00:00:01.607477400,1
1970-01-01 00:00:01.607563800,1
1970-01-01 00:00:01.607650200,1
1970-01-01 00:00:01.607909400,1
1970-01-01 00:00:01.607995800,1
1970-01-01 00:00:01.608082200,1
1970-01-01 00:00:01.608168600,1
1970-01-01 00:00:01.608255000,1
1970-01-01 00:00:01.608514200,1
1970-01-01 00:00:01.608600600,1
1970-01-01 00:00:01.608687000,1
1970-01-01 00:00:01.608773400,1
1970-01-01 00:00:01.608859800,1
1970-01-01 00:00:01.609119000,1
1970-01-01 00:00:01.609205400,1
1970-01-01 00:00:01.609291800,1
1970-01-01 00:00:01.609378200,1
1970-01-01 00:00:01.609723800,1
1970-01-01 00:00:01.609810200,1
1970-01-01 00:00:01.609896600,1
1970-01-01 00:00:01.609983000,1
1970-01-01 00:00:01.610069400,1
1970-01-01 00:00:01.610328600,1
1970-01-01 00:00:01.610415000,1
1970-01-01 00:00:01.610501400,1
1970-01-01 00:00:01.610587800,1
1970-01-01 00:00:01.610674200,1
1970-01-01 00:00:01.610933400,1
1970-01-01 00:00:01.611019800,1
1970-01-01 00:00:01.611106200,1
1970-01-01 00:00:01.611192600,1
1970-01-01 00:00:01.611279000,1
1970-01-01 00:00:01.611538200,1
1970-01-01 00:00:01.611624600,1
1970-01-01 00:00:01.611711000,1
1970-01-01 00:00:01.611797400,1
1970-01-01 00:00:01.611883800,1
1970-01-01 00:00:01.612143000,1
1970-01-01 00:00:01.612229400,1
1970-01-01 00:00:01.612315800,1
1970-01-01 00:00:01.612402200,1
1970-01-01 00:00:01.612488600,1
1970-01-01 00:00:01.612747800,1
1970-01-01 00:00:01.612834200,1
1970-01-01 00:00:01.612920600,1
1970-01-01 00:00:01.613611800,1
1970-01-01 00:00:01.613698200,1
1970-01-01 00:00:01.613957400,1
1970-01-01 00:00:01.614043800,1
1970-01-01 00:00:01.614130200,1
1970-01-01 00:00:01.614216600,1
1970-01-01 00:00:01.614303000,1
1970-01-01 00:00:01.614562200,1
1970-01-01 00:00:01.614648600,1
1970-01-01 00:00:01.614735000,1
1970-01-01 00:00:01.614821400,1
1970-01-01 00:00:01.614907800,1
1970-01-01 00:00:01.615167000,1
1970-01-01 00:00:01.615253400,1
1970-01-01 00:00:01.615339800,1
1970-01-01 00:00:01.615426200,1
1970-01-01 00:00:01.615512600,1
1970-01-01 00:00:01.615771800,1
1970-01-01 00:00:01.615858200,1
1970-01-01 00:00:01.615944600,1
1970-01-01 00:00:01.616031000,1
1970-01-01 00:00:01.616117400,0
1970-01-01 00:00:01.616376600,0
1970-01-01 00:00:01.616463000,0
1970-01-01 00:00:01.616549400,0
1970-01-01 00:00:01.616635800,0
1970-01-01 00:00:01.616722200,0
1970-01-01 00:00:01.616981400,0
1970-01-01 00:00:01.617067800,0
1970-01-01 00:00:01.617154200,0
1970-01-01 00:00:01.617240600,0
1970-01-01 00:00:01.617327000,0
1970-01-01 00:00:01.617672600,0
1970-01-01 00:00:01.617759000,0
1970-01-01 00:00:01.617845400,0
1970-01-01 00:00:01.617931800,0
1970-01-01 00:00:01.618191000,0
1970-01-01 00:00:01.618277400,0
1970-01-01 00:00:01.618363800,0
1970-01-01 00:00:01.618450200,0
1970-01-01 00:00:01.618536600,0
1970-01-01 00:00:01.618795800,0
1970-01-01 00:00:01.618882200,0
1970-01-01 00:00:01.618968600,0
1970-01-01 00:00:01.619055000,0
1970-01-01 00:00:01.619141400,0
1970-01-01 00:00:01.619400600,0
1970-01-01 00:00:01.619487000,0
1970-01-01 00:00:01.619573400,0
1970-01-01 00:00:01.619659800,0
1970-01-01 00:00:01.619746200,0
1970-01-01 00:00:01.620264600,0
1970-01-01 00:00:01.620351000,0
1970-01-01 00:00:01.620610200,0
1970-01-01 00:00:01.620696600,0
1970-01-01 00:00:01.620783000,0
1970-01-01 00:00:01.620869400,0
1970-01-01 00:00:01.620955800,0
1970-01-01 00:00:01.621215000,0
1970-01-01 00:00:01.621301400,0
1970-01-01 00:00:01.621387800,0
1970-01-01 00:00:01.621474200,1
1970-01-01 00:00:01.621560600,1
1970-01-01 00:00:01.621819800,1
1970-01-01 00:00:01.621906200,1
1970-01-01 00:00:01.621992600,0
1970-01-01 00:00:01.622079000,0
1970-01-01 00:00:01.622165400,0
1970-01-01 00:00:01.622424600,0
1970-01-01 00:00:01.622511000,1
1970-01-01 00:00:01.622597400,1
1970-01-01 00:00:01.622683800,1
1970-01-01 00:00:01.622770200,1
1970-01-01 00:00:01.623029400,1
1970-01-01 00:00:01.623115800,1
1970-01-01 00:00:01.623202200,1
1970-01-01 00:00:01.623288600,1
1970-01-01 00:00:01.623375000,1
1970-01-01 00:00:01.623720600,1
1970-01-01 00:00:01.623807000,1
1970-01-01 00:00:01.623893400,1
1970-01-01 00:00:01.623979800,1
1970-01-01 00:00:01.624239000,1
1970-01-01 00:00:01.624325400,1
1970-01-01 00:00:01.624411800,1
1970-01-01 00:00:01.624498200,1
1970-01-01 00:00:01.624584600,1
1970-01-01 00:00:01.624843800,1
1970-01-01 00:00:01.624930200,1
1970-01-01 00:00:01.625016600,1
1970-01-01 00:00:01.625103000,1
1970-01-01 00:00:01.625189400,1
1970-01-01 00:00:01.625448600,1
1970-01-01 00:00:01.625535000,1
1970-01-01 00:00:01.625621400,1
1970-01-01 00:00:01.625707800,1
1970-01-01 00:00:01.625794200,1
1970-01-01 00:00:01.626053400,1
1970-01-01 00:00:01.626139800,1
1970-01-01 00:00:01.626226200,1
1970-01-01 00:00:01.626312600,1
1970-01-01 00:00:01.626399000,0
1970-01-01 00:00:01.626658200,0
1970-01-01 00:00:01.626744600,0
1970-01-01 00:00:01.626831000,0
1970-01-01 00:00:01.626917400,1
1970-01-01 00:00:01.627003800,1
1970-01-01 00:00:01.627263000,0
1970-01-01 00:00:01.627349400,0
1970-01-01 00:00:01.627435800,0
1970-01-01 00:00:01.627522200,0
1970-01-01 00:00:01.627608600,0
1970-01-01 00:00:01.627867800,0
1970-01-01 00:00:01.627954200,0
1970-01-01 00:00:01.628040600,0
1970-01-01 00:00:01.628127000,0
1970-01-01 00:00:01.628213400,0
1970-01-01 00:00:01.628472600,0
1970-01-01 00:00:01.628559000,0
1970-01-01 00:00:01.628645400,0
1970-01-01 00:00:01.628731800,0
1970-01-01 00:00:01.628818200,0
1970-01-01 00:00:01.629077400,0
1970-01-01 00:00:01.629163800,0
1970-01-01 00:00:01.629250200,0
1970-01-01 00:00:01.629336600,0
1970-01-01 00:00:01.629423000,0
1970-01-01 00:00:01.629682200,0
1970-01-01 00:00:01.629768600,0
1970-01-01 00:00:01.629855000,0
1970-01-01 00:00:01.629941400,0
1970-01-01 00:00:01.630027800,0
1970-01-01 00:00:01.630287000,0
1970-01-01 00:00:01.630373400,0
1970-01-01 00:00:01.630459800,0
1970-01-01 00:00:01.630546200,0
1970-01-01 00:00:01.630632600,0
1970-01-01 00:00:01.630891800,0
1970-01-01 00:00:01.630978200,0
1970-01-01 00:00:01.631064600,0
1970-01-01 00:00:01.631151000,0
1970-01-01 00:00:01.631237400,0
1970-01-01 00:00:01.631496600,0
1970-01-01 00:00:01.631583000,0
1970-01-01 00:00:01.631669400,0
1970-01-01 00:00:01.631755800,0
1970-01-01 00:00:01.631842200,0
1970-01-01 00:00:01.632274200,0
1970-01-01 00:00:01.632360600,0
1970-01-01 00:00:01.632447000,0
1970-01-01 00:00:01.632706200,0
1970-01-01 00:00:01.632792600,0
1970-01-01 00:00:01.632879000,0
1970-01-01 00:00:01.632965400,0
1970-01-01 00:00:01.633656600,0
1970-01-01 00:00:01.633915800,0
1970-01-01 00:00:01.634002200,0
1970-01-01 00:00:01.634088600,0
1970-01-01 00:00:01.634175000,0
1970-01-01 00:00:01.634261400,0
1970-01-01 00:00:01.634520600,0
1970-01-01 00:00:01.634607000,0
1970-01-01 00:00:01.634693400,0
1970-01-01 00:00:01.634779800,0
1970-01-01 00:00:01.634866200,0
1970-01-01 00:00:01.635125400,0
1970-01-01 00:00:01.635211800,0
1970-01-01 00:00:01.635298200,0
1970-01-01 00:00:01.635384600,0
1970-01-01 00:00:01.635471000,0
1970-01-01 00:00:01.635730200,0
1970-01-01 00:00:01.635816600,0
1970-01-01 00:00:01.635903000,1
1970-01-01 00:00:01.635989400,1
1970-01-01 00:00:01.636075800,1
1970-01-01 00:00:01.636335000,1
1970-01-01 00:00:01.636421400,1
1970-01-01 00:00:01.636507800,1
1970-01-01 00:00:01.636594200,1
1970-01-01 00:00:01.636680600,1
1970-01-01 00:00:01.636939800,1
1970-01-01 00:00:01.637026200,1
1970-01-01 00:00:01.637112600,1
1970-01-01 00:00:01.637199000,1
1970-01-01 00:00:01.637285400,1
1970-01-01 00:00:01.637544600,1
1970-01-01 00:00:01.637631000,1
1970-01-01 00:00:01.637717400,1
1970-01-01 00:00:01.637803800,1
1970-01-01 00:00:01.637890200,1
1970-01-01 00:00:01.638149400,1
1970-01-01 00:00:01.638235800,1
1970-01-01 00:00:01.638322200,1
1970-01-01 00:00:01.638408600,1
1970-01-01 00:00:01.638495000,1
1970-01-01 00:00:01.638754200,1
1970-01-01 00:00:01.638840600,1
1970-01-01 00:00:01.638927000,1
1970-01-01 00:00:01.639013400,1
1970-01-01 00:00:01.639099800,1
1970-01-01 00:00:01.639359000,1
1970-01-01 00:00:01.639445400,1
1970-01-01 00:00:01.639531800,1
1970-01-01 00:00:01.639618200,1
1970-01-01 00:00:01.639704600,1
1970-01-01 00:00:01.639963800,1
1970-01-01 00:00:01.640050200,1
1970-01-01 00:00:01.640136600,1
1970-01-01 00:00:01.640223000,1
1970-01-01 00:00:01.640309400,1
1970-01-01 00:00:01.640568600,1
1970-01-01 00:00:01.640655000,1
1970-01-01 00:00:01.640741400,1
1970-01-01 00:00:01.640827800,1
1970-01-01 00:00:01.640914200,1
1970-01-01 00:00:01.641259800,1
1970-01-01 00:00:01.641346200,1
1970-01-01 00:00:01.641432600,1
1970-01-01 00:00:01.641519000,1
1970-01-01 00:00:01.641778200,1
1970-01-01 00:00:01.641864600,1
1970-01-01 00:00:01.641951000,1
1970-01-01 00:00:01.642037400,1
1970-01-01 00:00:01.642123800,1
1970-01-01 00:00:01.642383000,1
1970-01-01 00:00:01.642469400,1
1970-01-01 00:00:01.642555800,1
1970-01-01 00:00:01.642642200,1
1970-01-01 00:00:01.642728600,1
1970-01-01 00:00:01.642987800,1
1970-01-01 00:00:01.643074200,1
1970-01-01 00:00:01.643160600,1
1970-01-01 00:00:01.643247000,1
1970-01-01 00:00:01.643333400,1
1970-01-01 00:00:01.644197400,1
1970-01-01 00:00:01.644283800,1
1970-01-01 00:00:01.644370200,1
1970-01-01 00:00:01.644456600,1
1970-01-01 00:00:01.644543000,1
1970-01-01 00:00:01.644802200,1
1970-01-01 00:00:01.644888600,1
1970-01-01 00:00:01.644975000,1
1970-01-01 00:00:01.645061400,1
1970-01-01 00:00:01.645147800,1
1970-01-01 00:00:01.645407000,1
1970-01-01 00:00:01.645493400,1
1970-01-01 00:00:01.645579800,1
1970-01-01 00:00:01.645666200,1
1970-01-01 00:00:01.645752600,1
1970-01-01 00:00:01.646011800,1
1970-01-01 00:00:01.646098200,1
1970-01-01 00:00:01.646184600,1
1970-01-01 00:00:01.646271000,1
1970-01-01 00:00:01.646357400,1
1970-01-01 00:00:01.646616600,1
1970-01-01 00:00:01.646703000,1
1970-01-01 00:00:01.646789400,1
1970-01-01 00:00:01.646875800,1
1970-01-01 00:00:01.646962200,1
1970-01-01 00:00:01.647221400,1
1970-01-01 00:00:01.647307800,1
1970-01-01 00:00:01.647394200,1
1970-01-01 00:00:01.647480600,1
1970-01-01 00:00:01.647567000,1
1970-01-01 00:00:01.647826200,1
1970-01-01 00:00:01.647912600,1
1970-01-01 00:00:01.647999000,1
1970-01-01 00:00:01.648085400,1
1970-01-01 00:00:01.648171800,1
1970-01-01 00:00:01.648431000,1
1970-01-01 00:00:01.648517400,1
1970-01-01 00:00:01.648603800,1
1970-01-01 00:00:01.648690200,1
1970-01-01 00:00:01.648776600,1
1970-01-01 00:00:01.649208600,1
1970-01-01 00:00:01.649295000,1
1970-01-01 00:00:01.649381400,1
1970-01-01 00:00:01.649640600,1
1970-01-01 00:00:01.649727000,0
1970-01-01 00:00:01.649813400,0
1970-01-01 00:00:01.649899800,0
1970-01-01 00:00:01.649986200,0
1970-01-01 00:00:01.650245400,0
1970-01-01 00:00:01.650331800,0
1970-01-01 00:00:01.650418200,0
1970-01-01 00:00:01.650504600,0
1970-01-01 00:00:01.650591000,0
1970-01-01 00:00:01.650850200,0
1970-01-01 00:00:01.650936600,0
1970-01-01 00:00:01.651023000,0
1970-01-01 00:00:01.651109400,0
1970-01-01 00:00:01.651195800,0
1970-01-01 00:00:01.651714200,0
1970-01-01 00:00:01.651800600,0
1970-01-01 00:00:01.652059800,0
1970-01-01 00:00:01.652146200,0
1970-01-01 00:00:01.652232600,0
1970-01-01 00:00:01.652319000,0
1970-01-01 00:00:01.652405400,0
1970-01-01 00:00:01.652664600,0
1970-01-01 00:00:01.652751000,0
1970-01-01 00:00:01.652837400,0
1970-01-01 00:00:01.652923800,0
1970-01-01 00:00:01.653010200,0
1970-01-01 00:00:01.653269400,0
1970-01-01 00:00:01.653355800,0
1970-01-01 00:00:01.653442200,0
1970-01-01 00:00:01.653528600,0
1970-01-01 00:00:01.653615000,0
1970-01-01 00:00:01.653874200,0
1970-01-01 00:00:01.653960600,0
1970-01-01 00:00:01.654047000,0
1970-01-01 00:00:01.654133400,0
1970-01-01 00:00:01.654479000,0
1970-01-01 00:00:01.654565400,0
1970-01-01 00:00:01.654651800,0
1970-01-01 00:00:01.654738200,0
1970-01-01 00:00:01.654824600,0
1970-01-01 00:00:01.655083800,0
1970-01-01 00:00:01.655170200,0
1970-01-01 00:00:01.655256600,0
1970-01-01 00:00:01.655343000,0
1970-01-01 00:00:01.655429400,0
1970-01-01 00:00:01.655688600,0
1970-01-01 00:00:01.655775000,0
1970-01-01 00:00:01.655861400,0
1970-01-01 00:00:01.655947800,0
1970-01-01 00:00:01.656034200,0
1970-01-01 00:00:01.656293400,0
1970-01-01 00:00:01.656379800,0
1970-01-01 00:00:01.656466200,0
1970-01-01 00:00:01.656552600,0
1970-01-01 00:00:01.656639000,0
1970-01-01 00:00:01.656898200,0
1970-01-01 00:00:01.656984600,0
1970-01-01 00:00:01.657071000,0
1970-01-01 00:00:01.657157400,0
1970-01-01 00:00:01.657243800,0
1970-01-01 00:00:01.657503000,0
1970-01-01 00:00:01.657589400,0
1970-01-01 00:00:01.657675800,0
1970-01-01 00:00:01.657762200,0
1970-01-01 00:00:01.657848600,0
1970-01-01 00:00:01.658107800,0
1970-01-01 00:00:01.658194200,0
1970-01-01 00:00:01.658280600,0
1970-01-01 00:00:01.658367000,0
1970-01-01 00:00:01.658453400,0
1970-01-01 00:00:01.658712600,0
1970-01-01 00:00:01.658799000,0
1970-01-01 00:00:01.658885400,0
1970-01-01 00:00:01.658971800,0
1970-01-01 00:00:01.659058200,0
1970-01-01 00:00:01.659317400,0
1970-01-01 00:00:01.659403800,1
1970-01-01 00:00:01.659490200,1
1970-01-01 00:00:01.659576600,1
1970-01-01 00:00:01.659663000,1
1970-01-01 00:00:01.659922200,1
1970-01-01 00:00:01.660008600,1
1970-01-01 00:00:01.660095000,1
1970-01-01 00:00:01.660181400,1
1970-01-01 00:00:01.660267800,1
1970-01-01 00:00:01.660527000,1
1970-01-01 00:00:01.660613400,1
1970-01-01 00:00:01.660699800,1
1970-01-01 00:00:01.660786200,1
1970-01-01 00:00:01.660872600,1
1970-01-01 00:00:01.661131800,1
1970-01-01 00:00:01.661218200,1
1970-01-01 00:00:01.661304600,1
1970-01-01 00:00:01.661391000,1
1970-01-01 00:00:01.661477400,1
1970-01-01 00:00:01.661736600,1
1970-01-01 00:00:01.661823000,1
1970-01-01 00:00:01.661909400,1
1970-01-01 00:00:01.661995800,1
1970-01-01 00:00:01.662082200,1
1970-01-01 00:00:01.662341400,1
1970-01-01 00:00:01.662427800,1
1970-01-01 00:00:01.662514200,1
1970-01-01 00:00:01.662600600,1
1970-01-01 00:00:01.662687000,1
1970-01-01 00:00:01.663032600,1
1970-01-01 00:00:01.663119000,1
1970-01-01 00:00:01.663205400,1
1970-01-01 00:00:01.663291800,1
1970-01-01 00:00:01.663551000,1
1970-01-01 00:00:01.663637400,1
1970-01-01 00:00:01.663723800,1
1970-01-01 00:00:01.663810200,1
1970-01-01 00:00:01.663896600,1
1970-01-01 00:00:01.664155800,1
1970-01-01 00:00:01.664242200,1
1970-01-01 00:00:01.664328600,1
1970-01-01 00:00:01.664415000,1
1970-01-01 00:00:01.664501400,1
1970-01-01 00:00:01.665365400,1
1970-01-01 00:00:01.665451800,1
1970-01-01 00:00:01.665538200,1
1970-01-01 00:00:01.665624600,1
1970-01-01 00:00:01.665711000,1
1970-01-01 00:00:01.665970200,1
1970-01-01 00:00:01.666056600,1
1970-01-01 00:00:01.666143000,1
1970-01-01 00:00:01.666229400,1
1970-01-01 00:00:01.666315800,1
1970-01-01 00:00:01.666575000,1
1970-01-01 00:00:01.666661400,1
1970-01-01 00:00:01.666747800,1
1970-01-01 00:00:01.666834200,1
1970-01-01 00:00:01.666920600,1
1970-01-01 00:00:01.667179800,1
1970-01-01 00:00:01.667266200,1
1970-01-01 00:00:01.667352600,1
1970-01-01 00:00:01.667439000,1
1970-01-01 00:00:01.667525400,1
1970-01-01 00:00:01.667784600,1
1970-01-01 00:00:01.667871000,1
1970-01-01 00:00:01.667957400,1
1970-01-01 00:00:01.668043800,1
1970-01-01 00:00:01.668130200,1
1970-01-01 00:00:01.668389400,1
1970-01-01 00:00:01.668475800,1
1970-01-01 00:00:01.668562200,1
1970-01-01 00:00:01.668648600,1
1970-01-01 00:00:01.668735000,1
1970-01-01 00:00:01.668994200,1
1970-01-01 00:00:01.669080600,1
1970-01-01 00:00:01.669167000,1
1970-01-01 00:00:01.669253400,1
1970-01-01 00:00:01.669339800,1
1970-01-01 00:00:01.669599000,1
1970-01-01 00:00:01.669685400,1
1970-01-01 00:00:01.669771800,1
1970-01-01 00:00:01.669858200,1
1970-01-01 00:00:01.669944600,1
1970-01-01 00:00:01.670203800,1
1970-01-01 00:00:01.670290200,1
1970-01-01 00:00:01.670376600,1
1970-01-01 00:00:01.670463000,1
1970-01-01 00:00:01.670549400,1
1970-01-01 00:00:01.670808600,1
1970-01-01 00:00:01.670895000,1
1970-01-01 00:00:01.670981400,1
1970-01-01 00:00:01.671067800,1
1970-01-01 00:00:01.671154200,1
1970-01-01 00:00:01.671413400,1
1970-01-01 00:00:01.671499800,1
1970-01-01 00:00:01.671586200,1
1970-01-01 00:00:01.671672600,1
1970-01-01 00:00:01.671759000,1
1970-01-01 00:00:01.672018200,1
1970-01-01 00:00:01.672104600,1
1970-01-01 00:00:01.672191000,1
1970-01-01 00:00:01.672277400,1
1970-01-01 00:00:01.672363800,1
1970-01-01 00:00:01.672709400,1
1970-01-01 00:00:01.672795800,1
1970-01-01 00:00:01.672882200,1
1970-01-01 00:00:01.672968600,1
1970-01-01 00:00:01.673227800,1
1970-01-01 00:00:01.673314200,1
1970-01-01 00:00:01.673400600,1
1970-01-01 00:00:01.673487000,1
1970-01-01 00:00:01.673573400,1
1970-01-01 00:00:01.673832600,1
1970-01-01 00:00:01.673919000,1
1970-01-01 00:00:01.674005400,1
1970-01-01 00:00:01.674091800,1
1970-01-01 00:00:01.674178200,1
1970-01-01 00:00:01.675042200,1
1970-01-01 00:00:01.675128600,1
1970-01-01 00:00:01.675215000,1
1970-01-01 00:00:01.675301400,1
1970-01-01 00:00:01.675387800,1
1970-01-01 00:00:01.675647000,1
1970-01-01 00:00:01.675733400,1
1970-01-01 00:00:01.675819800,1
1970-01-01 00:00:01.675906200,1
1970-01-01 00:00:01.675992600,1
1970-01-01 00:00:01.676251800,1
1970-01-01 00:00:01.676338200,1
1970-01-01 00:00:01.676424600,1
1970-01-01 00:00:01.676511000,1
1970-01-01 00:00:01.676597400,1
1970-01-01 00:00:01.676856600,1
1970-01-01 00:00:01.676943000,1
1970-01-01 00:00:01.677029400,1
1970-01-01 00:00:01.677115800,1
1970-01-01 00:00:01.677202200,1
1970-01-01 00:00:01.677461400,1
1970-01-01 00:00:01.677547800,1
1970-01-01 00:00:01.677634200,1
1970-01-01 00:00:01.677720600,1
1970-01-01 00:00:01.677807000,1
1970-01-01 00:00:01.678066200,1
1970-01-01 00:00:01.678152600,1
1970-01-01 00:00:01.678239000,1
1970-01-01 00:00:01.678325400,1
1970-01-01 00:00:01.678411800,1
1970-01-01 00:00:01.678671000,1
1970-01-01 00:00:01.678757400,1
1970-01-01 00:00:01.678843800,1
1970-01-01 00:00:01.678930200,1
1970-01-01 00:00:01.679016600,1
1970-01-01 00:00:01.679275800,1
1970-01-01 00:00:01.679362200,1
1970-01-01 00:00:01.679448600,1
1970-01-01 00:00:01.679535000,1
1970-01-01 00:00:01.679621400,1
1970-01-01 00:00:01.679880600,1
1970-01-01 00:00:01.679967000,1
1970-01-01 00:00:01.680053400,1
1970-01-01 00:00:01.680139800,1
1970-01-01 00:00:01.680226200,1
1970-01-01 00:00:01.680485400,1
1970-01-01 00:00:01.680571800,1
1970-01-01 00:00:01.680744600,1
1970-01-01 00:00:01.680831000,1
1970-01-01 00:00:01.681090200,1
1970-01-01 00:00:01.681176600,1
1970-01-01 00:00:01.681263000,1
1970-01-01 00:00:01.681349400,1
1970-01-01 00:00:01.681435800,1
1970-01-01 00:00:01.681695000,1
1970-01-01 00:00:01.681781400,1
1970-01-01 00:00:01.681867800,1
1970-01-01 00:00:01.681954200,1
1970-01-01 00:00:01.682040600,1
1970-01-01 00:00:01.682299800,1
1970-01-01 00:00:01.682386200,1
1970-01-01 00:00:01.682472600,1
1970-01-01 00:00:01.682559000,1
1970-01-01 00:00:01.682645400,1
1970-01-01 00:00:01.683163800,1
1970-01-01 00:00:01.683250200,1
1970-01-01 00:00:01.683509400,1
1970-01-01 00:00:01.683595800,1
1970-01-01 00:00:01.683682200,1
1970-01-01 00:00:01.683768600,1
1970-01-01 00:00:01.683855000,1
1970-01-01 00:00:01.684114200,1
1970-01-01 00:00:01.684200600,1
1970-01-01 00:00:01.684287000,1
1970-01-01 00:00:01.684373400,1
1970-01-01 00:00:01.684459800,1
1970-01-01 00:00:01.684719000,1
1970-01-01 00:00:01.684805400,1
1970-01-01 00:00:01.684891800,1
1970-01-01 00:00:01.684978200,1
1970-01-01 00:00:01.685064600,1
1970-01-01 00:00:01.685323800,1
1970-01-01 00:00:01.685410200,1
1970-01-01 00:00:01.685496600,1
1970-01-01 00:00:01.685583000,1
1970-01-01 00:00:01.685669400,1
1970-01-01 00:00:01.685928600,1
1970-01-01 00:00:01.686015000,1
1970-01-01 00:00:01.686101400,1
1970-01-01 00:00:01.686187800,1
1970-01-01 00:00:01.686274200,1
1970-01-01 00:00:01.686533400,1
1970-01-01 00:00:01.686619800,1
1970-01-01 00:00:01.686706200,1
1970-01-01 00:00:01.686792600,1
1970-01-01 00:00:01.686879000,1
1970-01-01 00:00:01.687138200,1
1970-01-01 00:00:01.687224600,1
1970-01-01 00:00:01.687311000,1
1970-01-01 00:00:01.687743000,1
1970-01-01 00:00:01.687829400,1
1970-01-01 00:00:01.687915800,1
1970-01-01 00:00:01.688002200,1
1970-01-01 00:00:01.688088600,1
1970-01-01 00:00:01.688347800,1
1970-01-01 00:00:01.688434200,1
1970-01-01 00:00:01.688520600,1
1970-01-01 00:00:01.688607000,1
1970-01-01 00:00:01.688693400,1
1970-01-01 00:00:01.688952600,1
1970-01-01 00:00:01.689039000,1
1970-01-01 00:00:01.689125400,1
1970-01-01 00:00:01.689211800,1
1970-01-01 00:00:01.689298200,1
1970-01-01 00:00:01.689557400,1
1970-01-01 00:00:01.689643800,1
1970-01-01 00:00:01.689730200,1
1970-01-01 00:00:01.689816600,1
1970-01-01 00:00:01.689903000,1
1970-01-01 00:00:01.690162200,1
1970-01-01 00:00:01.690248600,1
1970-01-01 00:00:01.690335000,1
1970-01-01 00:00:01.690421400,1
1970-01-01 00:00:01.690507800,1
1970-01-01 00:00:01.690767000,1
1970-01-01 00:00:01.690853400,1
1970-01-01 00:00:01.690939800,1
1970-01-01 00:00:01.691026200,1
1970-01-01 00:00:01.691112600,1
1970-01-01 00:00:01.691371800,1
1970-01-01 00:00:01.691458200,1
1970-01-01 00:00:01.691544600,1
1970-01-01 00:00:01.691631000,1
1970-01-01 00:00:01.691717400,1
1970-01-01 00:00:01.691976600,1
1970-01-01 00:00:01.692063000,1
1970-01-01 00:00:01.692149400,1
1970-01-01 00:00:01.692235800,1
1970-01-01 00:00:01.692322200,1
1970-01-01 00:00:01.692581400,1
1970-01-01 00:00:01.692667800,1
1970-01-01 00:00:01.692754200,1
1970-01-01 00:00:01.692840600,1
1970-01-01 00:00:01.692927000,1
1970-01-01 00:00:01.693186200,1
1970-01-01 00:00:01.693272600,1
1970-01-01 00:00:01.693359000,1
1970-01-01 00:00:01.693445400,1
1970-01-01 00:00:01.693531800,1
1970-01-01 00:00:01.693791000,1
1970-01-01 00:00:01.693877400,1
1970-01-01 00:00:01.693963800,1
1970-01-01 00:00:01.694050200,1
1970-01-01 00:00:01.694136600,1
1970-01-01 00:00:01.694395800,1
1970-01-01 00:00:01.694482200,1
1970-01-01 00:00:01.694568600,1
1970-01-01 00:00:01.694655000,1
1970-01-01 00:00:01.694741400,1
1970-01-01 00:00:01.695000600,1
1970-01-01 00:00:01.695087000,1
1970-01-01 00:00:01.695173400,1
1970-01-01 00:00:01.695259800,1
1970-01-01 00:00:01.695346200,1
1970-01-01 00:00:01.695605400,1
1970-01-01 00:00:01.695691800,1
1970-01-01 00:00:01.695778200,1
1970-01-01 00:00:01.695864600,1
1970-01-01 00:00:01.696815000,1
1970-01-01 00:00:01.696901400,1
1970-01-01 00:00:01.696987800,1
1970-01-01 00:00:01.697074200,1
1970-01-01 00:00:01.697160600,1
1970-01-01 00:00:01.697419800,1
1970-01-01 00:00:01.697506200,1
1970-01-01 00:00:01.697592600,1
1970-01-01 00:00:01.697679000,1
1970-01-01 00:00:01.697765400,1
1970-01-01 00:00:01.698024600,1
1970-01-01 00:00:01.698111000,1
1970-01-01 00:00:01.698197400,1
1970-01-01 00:00:01.698283800,1
1970-01-01 00:00:01.698370200,1
1970-01-01 00:00:01.698629400,1
1970-01-01 00:00:01.698715800,1
1970-01-01 00:00:01.698802200,1
1970-01-01 00:00:01.698888600,1
1970-01-01 00:00:01.698975000,1
1970-01-01 00:00:01.699234200,1
1970-01-01 00:00:01.699320600,1
1970-01-01 00:00:01.699407000,1
1970-01-01 00:00:01.699493400,1
1970-01-01 00:00:01.699579800,1
1970-01-01 00:00:01.699839000,1
1970-01-01 00:00:01.699925400,1
1970-01-01 00:00:01.700011800,1
1970-01-01 00:00:01.700098200,1
1970-01-01 00:00:01.700184600,1
1970-01-01 00:00:01.700443800,1
1970-01-01 00:00:01.700530200,1
1970-01-01 00:00:01.700616600,1
1970-01-01 00:00:01.700703000,1
1970-01-01 00:00:01.700789400,1
1970-01-01 00:00:01.701048600,1
1970-01-01 00:00:01.701135000,1
1970-01-01 00:00:01.701221400,1
1970-01-01 00:00:01.701307800,1
1970-01-01 00:00:01.701394200,1
1970-01-01 00:00:01.701653400,1
1970-01-01 00:00:01.701739800,1
1970-01-01 00:00:01.701826200,1
1970-01-01 00:00:01.701912600,1
1970-01-01 00:00:01.701999000,1
1970-01-01 00:00:01.702258200,1
1970-01-01 00:00:01.702344600,1
1970-01-01 00:00:01.702431000,1
1970-01-01 00:00:01.702517400,1
1970-01-01 00:00:01.702603800,1
1970-01-01 00:00:01.702863000,1
1970-01-01 00:00:01.702949400,1
1970-01-01 00:00:01.703035800,1
1970-01-01 00:00:01.703122200,1
1970-01-01 00:00:01.703208600,1
1970-01-01 00:00:01.703467800,1
1970-01-01 00:00:01.703554200,1
1970-01-01 00:00:01.703640600,1
1970-01-01 00:00:01.703727000,1
1970-01-01 00:00:01.703813400,1
1970-01-01 00:00:01.704159000,1
1970-01-01 00:00:01.704245400,1
1970-01-01 00:00:01.704331800,1
1970-01-01 00:00:01.704418200,1
1970-01-01 00:00:01.704677400,1
1970-01-01 00:00:01.704763800,1
1970-01-01 00:00:01.704850200,1
1970-01-01 00:00:01.704936600,1
1970-01-01 00:00:01.705023000,1
1970-01-01 00:00:01.705282200,1
1970-01-01 00:00:01.705368600,1
1970-01-01 00:00:01.705455000,1
1970-01-01 00:00:01.705541400,1
1970-01-01 00:00:01.705627800,1
1970-01-01 00:00:01.705887000,1
1970-01-01 00:00:01.705973400,1
1970-01-01 00:00:01.706059800,1
1970-01-01 00:00:01.706146200,1
1970-01-01 00:00:01.706232600,1
1970-01-01 00:00:01.706491800,1
1970-01-01 00:00:01.706578200,1
1970-01-01 00:00:01.706664600,1
1970-01-01 00:00:01.706751000,1
1970-01-01 00:00:01.706837400,1
1970-01-01 00:00:01.707096600,1
1970-01-01 00:00:01.707183000,1
1970-01-01 00:00:01.707269400,1
1970-01-01 00:00:01.707355800,1
1970-01-01 00:00:01.708306200,1
1970-01-01 00:00:01.708392600,1
1970-01-01 00:00:01.708479000,1
1970-01-01 00:00:01.708565400,1
1970-01-01 00:00:01.708651800,1
1970-01-01 00:00:01.708911000,1
1970-01-01 00:00:01.708997400,1
1970-01-01 00:00:01.709083800,1
1970-01-01 00:00:01.709170200,1
1970-01-01 00:00:01.709256600,1
1970-01-01 00:00:01.709515800,1
1970-01-01 00:00:01.709602200,1
1970-01-01 00:00:01.709688600,1
1970-01-01 00:00:01.709775000,1
1970-01-01 00:00:01.709861400,1
1970-01-01 00:00:01.710120600,1
1970-01-01 00:00:01.710207000,1
1970-01-01 00:00:01.710293400,1
1970-01-01 00:00:01.710379800,1
1970-01-01 00:00:01.710466200,1
1970-01-01 00:00:01.710725400,1
1970-01-01 00:00:01.710811800,1
1970-01-01 00:00:01.710898200,1
1970-01-01 00:00:01.710984600,1
1970-01-01 00:00:01.711071000,1
1970-01-01 00:00:01.711330200,1
1970-01-01 00:00:01.711416600,1
1970-01-01 00:00:01.711503000,1
1970-01-01 00:00:01.711589400,1
1970-01-01 00:00:01.711675800,1
1970-01-01 00:00:01.711935000,1
1970-01-01 00:00:01.712021400,1
1970-01-01 00:00:01.712107800,1
1970-01-01 00:00:01.712539800,1
1970-01-01 00:00:01.712626200,1
1970-01-01 00:00:01.712712600,1
1970-01-01 00:00:01.712799000,1
1970-01-01 00:00:01.712885400,1
1970-01-01 00:00:01.713144600,1
1970-01-01 00:00:01.713231000,1
1970-01-01 00:00:01.713317400,1
1970-01-01 00:00:01.713403800,1
1970-01-01 00:00:01.713490200,1
1970-01-01 00:00:01.713749400,1
1970-01-01 00:00:01.713835800,1
1970-01-01 00:00:01.713922200,1
1970-01-01 00:00:01.714008600,1
1970-01-01 00:00:01.714095000,1
1970-01-01 00:00:01.714354200,1
1970-01-01 00:00:01.714440600,1
1970-01-01 00:00:01.714959000,1
1970-01-01 00:00:01.715045400,1
1970-01-01 00:00:01.715131800,1
1970-01-01 00:00:01.715218200,1
1970-01-01 00:00:01.715304600,1
1970-01-01 00:00:01.715563800,1
1970-01-01 00:00:01.715650200,1
1970-01-01 00:00:01.715736600,1
1970-01-01 00:00:01.715823000,1
1970-01-01 00:00:01.715909400,1
1970-01-01 00:00:01.716168600,1
1970-01-01 00:00:01.716255000,1
1970-01-01 00:00:01.716341400,1
1970-01-01 00:00:01.716427800,1
1970-01-01 00:00:01.716514200,1
1970-01-01 00:00:01.716773400,1
1970-01-01 00:00:01.716859800,1
1970-01-01 00:00:01.716946200,1
1970-01-01 00:00:01.717032600,1
1970-01-01 00:00:01.717119000,1
1970-01-01 00:00:01.717378200,1
1970-01-01 00:00:01.717464600,1
1970-01-01 00:00:01.717551000,1
1970-01-01 00:00:01.717637400,1
1970-01-01 00:00:01.717723800,1
1970-01-01 00:00:01.718069400,1
1970-01-01 00:00:01.718155800,1
1970-01-01 00:00:01.718242200,1
1970-01-01 00:00:01.718328600,1
1970-01-01 00:00:01.718587800,1
1970-01-01 00:00:01.718674200,1
1970-01-01 00:00:01.718760600,1
1970-01-01 00:00:01.718847000,1
1970-01-01 00:00:01.718933400,1
1970-01-01 00:00:01.719192600,1
1970-01-01 00:00:01.719279000,1
1970-01-01 00:00:01.719365400,1
1970-01-01 00:00:01.719451800,1
1970-01-01 00:00:01.719538200,1
1970-01-01 00:00:01.719797400,1
1970-01-01 00:00:01.719883800,1
1970-01-01 00:00:01.719970200,1
1970-01-01 00:00:01.720056600,1
1970-01-01 00:00:01.720143000,1
1970-01-01 00:00:01.720402200,1
1970-01-01 00:00:01.720488600,1
1970-01-01 00:00:01.720575000,1
1970-01-01 00:00:01.720661400,1
1970-01-01 00:00:01.720747800,1
1970-01-01 00:00:01.721007000,1
1970-01-01 00:00:01.721093400,1
1970-01-01 00:00:01.721179800,1
1970-01-01 00:00:01.721266200,1
1970-01-01 00:00:01.721352600,1
1970-01-01 00:00:01.721611800,1
1970-01-01 00:00:01.721698200,1
1970-01-01 00:00:01.721784600,1
1970-01-01 00:00:01.721871000,1
1970-01-01 00:00:01.721957400,1
1970-01-01 00:00:01.722216600,1
1970-01-01 00:00:01.722303000,1
1970-01-01 00:00:01.722389400,1
1970-01-01 00:00:01.722475800,1
1970-01-01 00:00:01.722562200,1
1970-01-01 00:00:01.722821400,1
1970-01-01 00:00:01.722907800,1
1970-01-01 00:00:01.722994200,1
1970-01-01 00:00:01.723080600,1
1970-01-01 00:00:01.723167000,1
1970-01-01 00:00:01.723426200,1
1970-01-01 00:00:01.723512600,1
1970-01-01 00:00:01.723599000,1
1970-01-01 00:00:01.723685400,1
1970-01-01 00:00:01.723771800,1
1970-01-01 00:00:01.724031000,1
1970-01-01 00:00:01.724117400,1
1970-01-01 00:00:01.724203800,1
1970-01-01 00:00:01.724290200,1
1970-01-01 00:00:01.724376600,1
1970-01-01 00:00:01.724635800,1
1970-01-01 00:00:01.724722200,1
1970-01-01 00:00:01.724808600,1
1970-01-01 00:00:01.724895000,1
1970-01-01 00:00:01.724981400,1
1970-01-01 00:00:01.725240600,1
1970-01-01 00:00:01.725327000,1
1970-01-01 00:00:01.725413400,1
1970-01-01 00:00:01.725499800,1
1970-01-01 00:00:01.725586200,1
1970-01-01 00:00:01.725845400,1
1970-01-01 00:00:01.725931800,1
1970-01-01 00:00:01.726018200,1
1970-01-01 00:00:01.726104600,1
1970-01-01 00:00:01.726191000,1
1970-01-01 00:00:01.726623000,1
1970-01-01 00:00:01.726709400,1
1970-01-01 00:00:01.726795800,1
1970-01-01 00:00:01.727055000,1
1970-01-01 00:00:01.727141400,1
1970-01-01 00:00:01.727227800,1
1970-01-01 00:00:01.727314200,1
1970-01-01 00:00:01.727400600,1
1970-01-01 00:00:01.727659800,1
1970-01-01 00:00:01.728351000,0
1970-01-01 00:00:01.728437400,0
1970-01-01 00:00:01.728523800,0
1970-01-01 00:00:01.728610200,0
1970-01-01 00:00:01.728869400,0
1970-01-01 00:00:01.728955800,0
1970-01-01 00:00:01.729042200,0
1970-01-01 00:00:01.729128600,0
1970-01-01 00:00:01.729215000,0
1970-01-01 00:00:01.729474200,0
1970-01-01 00:00:01.729560600,0
1970-01-01 00:00:01.729647000,0
1970-01-01 00:00:01.729733400,0
1970-01-01 00:00:01.729819800,0
1970-01-01 00:00:01.730079000,0
1970-01-01 00:00:01.730165400,0
1970-01-01 00:00:01.730251800,0
1970-01-01 00:00:01.730338200,0
1970-01-01 00:00:01.730424600,0
1970-01-01 00:00:01.730683800,0
1970-01-01 00:00:01.730770200,0
1970-01-01 00:00:01.730856600,0
1970-01-01 00:00:01.730943000,0
1970-01-01 00:00:01.731029400,0
1970-01-01 00:00:01.731288600,0
1970-01-01 00:00:01.731375000,0
1970-01-01 00:00:01.731461400,0
1970-01-01 00:00:01.731547800,0
1970-01-01 00:00:01.731634200,0
1970-01-01 00:00:01.731893400,0
1970-01-01 00:00:01.731979800,0
1970-01-01 00:00:01.732066200,0
1970-01-01 00:00:01.732152600,0
1970-01-01 00:00:01.732239000,0
1970-01-01 00:00:01.732498200,0
1970-01-01 00:00:01.732584600,0
1970-01-01 00:00:01.732671000,0
1970-01-01 00:00:01.732757400,0
1970-01-01 00:00:01.732843800,0
1970-01-01 00:00:01.733103000,0
1970-01-01 00:00:01.733189400,0
1970-01-01 00:00:01.733275800,0
1970-01-01 00:00:01.733362200,0
1970-01-01 00:00:01.733448600,0
1970-01-01 00:00:01.733707800,0
1970-01-01 00:00:01.733794200,0
1970-01-01 00:00:01.733880600,0
1970-01-01 00:00:01.733967000,0
1970-01-01 00:00:01.734053400,0
1970-01-01 00:00:01.734312600,0
1970-01-01 00:00:01.734399000,0
1970-01-01 00:00:01.734485400,0
1970-01-01 00:00:01.734571800,0
1970-01-01 00:00:01.734658200,0
1970-01-01 00:00:01.734917400,0
1970-01-01 00:00:01.735003800,0
1970-01-01 00:00:01.735090200,0
1970-01-01 00:00:01.735176600,0
1970-01-01 00:00:01.735263000,0
1970-01-01 00:00:01.735522200,0
1970-01-01 00:00:01.735608600,0
1970-01-01 00:00:01.735781400,0
1970-01-01 00:00:01.735867800,0
1970-01-01 00:00:01.736127000,0
1970-01-01 00:00:01.736213400,1
1970-01-01 00:00:01.736299800,1
1970-01-01 00:00:01.736386200,1
1970-01-01 00:00:01.736472600,1
1970-01-01 00:00:01.736731800,1
1970-01-01 00:00:01.736818200,1
1970-01-01 00:00:01.736904600,1
1970-01-01 00:00:01.736991000,1
1970-01-01 00:00:01.737077400,1
1970-01-01 00:00:01.737336600,1
1970-01-01 00:00:01.737423000,1
1970-01-01 00:00:01.737509400,1
1970-01-01 00:00:01.737595800,1
1970-01-01 00:00:01.737682200,1
1970-01-01 00:00:01.737941400,1
1970-01-01 00:00:01.738719000,1
1970-01-01 00:00:01.738805400,1
1970-01-01 00:00:01.738891800,1
1970-01-01 00:00:01.739151000,1
1970-01-01 00:00:01.739237400,1
1970-01-01 00:00:01.739323800,1
1970-01-01 00:00:01.739410200,1
1970-01-01 00:00:01.739496600,1
1970-01-01 00:00:01.739755800,1
1970-01-01 00:00:01.739842200,1
1970-01-01 00:00:01.739928600,1
1970-01-01 00:00:01.740015000,1
1970-01-01 00:00:01.740101400,1
1970-01-01 00:00:01.740360600,1
1970-01-01 00:00:01.740447000,1
1970-01-01 00:00:01.740533400,1
1970-01-01 00:00:01.740619800,1
1970-01-01 00:00:01.740706200,1
1970-01-01 00:00:01.740965400,1
1970-01-01 00:00:01.741051800,1
1970-01-01 00:00:01.741138200,1
1970-01-01 00:00:01.741224600,1
1970-01-01 00:00:01.741311000,1
1970-01-01 00:00:01.741570200,1
1970-01-01 00:00:01.741656600,1
1970-01-01 00:00:01.741743000,1
1970-01-01 00:00:01.741829400,1
1970-01-01 00:00:01.741915800,1
1970-01-01 00:00:01.742175000,1
1970-01-01 00:00:01.742261400,1
1970-01-01 00:00:01.742347800,1
1970-01-01 00:00:01.742434200,1
1970-01-01 00:00:01.742520600,1
1970-01-01 00:00:01.742779800,1
1970-01-01 00:00:01.742866200,1
1970-01-01 00:00:01.742952600,1
1970-01-01 00:00:01.743039000,1
1970-01-01 00:00:01.743125400,1
1970-01-01 00:00:01.743384600,1
1970-01-01 00:00:01.743471000,1
1970-01-01 00:00:01.743557400,1
1970-01-01 00:00:01.743643800,1
1970-01-01 00:00:01.743989400,1
1970-01-01 00:00:01.744075800,1
1970-01-01 00:00:01.744162200,1
1970-01-01 00:00:01.744248600,1
1970-01-01 00:00:01.744335000,1
1970-01-01 00:00:01.744594200,1
1970-01-01 00:00:01.744680600,1
1970-01-01 00:00:01.744767000,1
1970-01-01 00:00:01.744853400,1
1970-01-01 00:00:01.744939800,1
1970-01-01 00:00:01.745199000,1
1970-01-01 00:00:01.745285400,1
1970-01-01 00:00:01.745371800,1
1970-01-01 00:00:01.745458200,1
1970-01-01 00:00:01.745544600,1
1970-01-01 00:00:01.745803800,1
1970-01-01 00:00:01.745890200,1
1970-01-01 00:00:01.745976600,1
1970-01-01 00:00:01.746495000,1
1970-01-01 00:00:01.746581400,1
1970-01-01 00:00:01.746667800,1
1970-01-01 00:00:01.746754200,1
1970-01-01 00:00:01.747013400,1
1970-01-01 00:00:01.747099800,1
1970-01-01 00:00:01.747186200,1
1970-01-01 00:00:01.747272600,1
1970-01-01 00:00:01.747359000,1
1970-01-01 00:00:01.747618200,1
1970-01-01 00:00:01.747704600,1
1970-01-01 00:00:01.747791000,1
1970-01-01 00:00:01.747877400,1
1970-01-01 00:00:01.747963800,1
1970-01-01 00:00:01.748223000,1
1970-01-01 00:00:01.748309400,1
1970-01-01 00:00:01.748395800,1
1970-01-01 00:00:01.748482200,1
1970-01-01 00:00:01.748568600,1
1970-01-01 00:00:01.748914200,1
1970-01-01 00:00:01.749000600,1
1970-01-01 00:00:01.749087000,1
1970-01-01 00:00:01.749173400,1
1970-01-01 00:00:01.749432600,1
1970-01-01 00:00:01.749519000,1
1970-01-01 00:00:01.749605400,1
1970-01-01 00:00:01.749691800,1
1970-01-01 00:00:01.749778200,1
1970-01-01 00:00:01.750037400,1
1970-01-01 00:00:01.750123800,1
1970-01-01 00:00:01.750210200,1
1970-01-01 00:00:01.750296600,1
1970-01-01 00:00:01.750383000,1
1970-01-01 00:00:01.750642200,1
1970-01-01 00:00:01.750728600,1
1970-01-01 00:00:01.750815000,1
1970-01-01 00:00:01.750901400,1
1970-01-01 00:00:01.750987800,1
1970-01-01 00:00:01.751247000,1
1970-01-01 00:00:01.751333400,1
1970-01-01 00:00:01.751419800,1
1970-01-01 00:00:01.751506200,1
1970-01-01 00:00:01.751592600,1
1970-01-01 00:00:01.751851800,1
1970-01-01 00:00:01.751938200,1
1970-01-01 00:00:01.752024600,1
1970-01-01 00:00:01.752111000,1
1970-01-01 00:00:01.752197400,1
1970-01-01 00:00:01.752456600,1
1970-01-01 00:00:01.752543000,1
1970-01-01 00:00:01.752629400,1
1970-01-01 00:00:01.752715800,1
1970-01-01 00:00:01.752802200,1
1970-01-01 00:00:01.753061400,1
1970-01-01 00:00:01.753147800,1
1970-01-01 00:00:01.753234200,1
1970-01-01 00:00:01.753320600,1
1970-01-01 00:00:01.753407000,1
1970-01-01 00:00:01.753666200,1
1970-01-01 00:00:01.753752600,1
1970-01-01 00:00:01.753839000,1
1970-01-01 00:00:01.753925400,1
1970-01-01 00:00:01.754011800,1
