time,open,high,low,close,Volume
661570200,96.05000305,99.98000336,95.79000092,99.98000336,0
661656600,104.30000305,104.38999939,99.98000336,104.38999939,0
661743000,109.06999969,109.12999725,103.73000336,109.12999725,0
662002200,113.56999969,114.55000305,109.12999725,114.55000305,0
662088600,120.08999634,120.25,114.55000305,120.25,0
662175000,125.26999664,125.26999664,120.25,125.26999664,0
662261400,125.26999664,125.27999878,125.26999664,125.27999878,0
662347800,126.38999939,126.44999695,125.27999878,126.44999695,0
662607000,126.55999756,127.61000061,126.48000336,127.61000061,0
662779800,127.61000061,128.83999634,127.61000061,128.83999634,0
662866200,128.83999634,130.13999939,128.83999634,130.13999939,0
662952600,131.27000427,131.44000244,130.13999939,131.44000244,0
663211800,131.99000549,132.05999756,131.44999695,132.05999756,0
663298200,132.61999512,132.67999268,132.05999756,132.67999268,0
663384600,133.30000305,133.33999634,132.67999268,133.33999634,0
663471000,133.92999268,133.97000122,133.33999634,133.97000122,0
663557400,134.61000061,134.61000061,134.50999451,134.6000061,0
663816600,134.11000061,135.19000244,134.11000061,134.66999817,0
663903000,134.21000671,134.74000549,134.19000244,134.74000549,0
663989400,134.19000244,134.74000549,134.13999939,134.24000549,0
664075800,133.66999817,134.25,133.6499939,134.25,0
664162200,133.69999695,134.25,133.66999817,134.24000549,0
664421400,133.69999695,134.24000549,133.66000366,134.24000549,0
664507800,133.72000122,134.24000549,133.66000366,133.72000122,0
664594200,133.16999817,133.72000122,133.13999939,133.16999817,0
664680600,132.61000061,133.16999817,132.57000732,132.61000061,0
664767000,132.05000305,132.07000732,132.02999878,132.05000305,0
665026200,131.46000671,131.55000305,131.46000671,131.46000671,0
665112600,130.94999695,130.97000122,130.94999695,130.94999695,0
665199000,130.44000244,130.94999695,130.41000366,130.44000244,0
665285400,129.92999268,130.46000671,129.92999268,129.97000122,0
665371800,129.5,129.97000122,129.44999695,129.50999451,0
665631000,129.05000305,129.58000183,129.05000305,129.05000305,0
665717400,128.55999756,128.58000183,128.52999878,128.58000183,0
665803800,129.13000488,129.1499939,128.05999756,129.13999939,0
665890200,129.74000549,129.78999329,129.13999939,129.78999329,0
665976600,130.36000061,130.38999939,129.78999329,130.38000488,0
666235800,130.91999817,130.97000122,130.38999939,130.97000122,0
666322200,131.53999329,131.55999756,130.97000122,131.3500061,0
666408600,131.92999268,131.92999268,131.3500061,131.91999817,0
666495000,132.52999878,132.52999878,132.30000305,132.52999878,0
666927000,133.11999512,133.13999939,133.08000183,133.13000488,0
667013400,133.63000488,133.66999817,133.13000488,133.66999817,0
667099800,134.24000549,134.27999878,133.66999817,134.27999878,0
667186200,134.8500061,134.86999512,134.27999878,134.86999512,0
667445400,134.36999512,134.86999512,134.33000183,134.3999939,0
667531800,133.8999939,134.44000244,133.8999939,133.92999268,0
667618200,133.44000244,133.97999573,133.44000244,133.47000122,0
667704600,132.99000549,133.52000427,132.97999573,133.00999451,0
667791000,132.52999878,132.52999878,132.47000122,132.52999878,0
668050200,132.08999634,132.08999634,131.97999573,131.99000549,0
668136600,131.41999817,131.99000549,131.41000366,131.46000671,0
668223000,130.88999939,130.94999695,130.88999939,130.94000244,0
668309400,130.41000366,130.94000244,130.41000366,130.41000366,0
668395800,129.83999634,130.41000366,129.83999634,129.88999939,0
668655000,129.30000305,129.88999939,129.30000305,129.30999756,0
668741400,128.72999573,129.30999756,128.72999573,128.77000427,0
668827800,126.12999725,128.77000427,126.12999725,126.15000153,0
668914200,125.61000061,126.15000153,125.61000061,125.62999725,0
669000600,125.08000183,125.62000275,125.08000183,125.16999817,0
669259800,124.69999695,125.16999817,124.69000244,124.70999908,0
669346200,124.23000336,124.70999908,124.22000122,124.22000122,0
669432600,123.66000366,124.20999908,123.62999725,123.66000366,0
669519000,123.13999939,123.66000366,123.12000275,123.12000275,0
669605400,122.62000275,123.12000275,122.62000275,122.62000275,0
669864600,122.12000275,122.62000275,122.09999847,122.12000275,0
669951000,121.62000275,122.13999939,121.62000275,121.62000275,0
670037400,121.12000275,121.63999939,121.12000275,121.12000275,0
670123800,120.65000153,121.15000153,120.61000061,120.61000061,0
670210200,120.16000366,120.61000061,120.11000061,120.19000244,0
670469400,120.69000244,120.73000336,119.68000031,120.73000336,0
670555800,121.20999908,121.29000092,120.73000336,121.20999908,0
670642200,121.70999908,121.70999908,121.20999908,121.70999908,0
670728600,122.19999695,122.19999695,121.23999786,121.72000122,0
670815000,121.06999969,121.73000336,121.02999878,121.54000092,0
671074200,121.11000061,121.11000061,121.05000305,121.08999634,0
671160600,120.59999847,121.09999847,120.59999847,120.62000275,0
671247000,120.15000153,120.62000275,120.08999634,120.16000366,0
671333400,119.63999939,120.16000366,119.62000275,119.63999939,0
671419800,119.19999695,119.65000153,119.15000153,119.20999908,0
671675400,118.73000336,119.22000122,118.72000122,118.76999664,0
671761800,118.36000061,118.76999664,118.33999634,118.33999634,0
671848200,117.91999817,118.33999634,117.88999939,117.90000153,0
671934600,117.44999695,117.93000031,117.44999695,117.44999695,0
672021000,117.08000183,117.5,117.05000305,117.08000183,0
672280200,116.62999725,117.08000183,116.58000183,116.62999725,0
672366600,116.20999908,116.62999725,116.15000153,116.19000244,0
672453000,115.69999695,116.19000244,115.69999695,115.79000092,0
672539400,115.37999725,115.79000092,115.33000183,115.36000061,0
672625800,116.30999756,116.30999756,114.51999664,115.55999756,0
672885000,114.86000061,116.29000092,114.75,114.75,0
672971400,113.88999939,114.87000275,113.88999939,113.94000244,0
673144200,113.04000092,113.19999695,113.02999878,113.16000366,0
673230600,112.45999908,113.16999817,112.30000305,112.41000366,0
673489800,111.65000153,112.41000366,111.56999969,111.61000061,0
673576200,110.80000305,110.90000153,110.80000305,110.81999969,0
673662600,110.16000366,110.81999969,110,110.02999878,0
673749000,109.36000061,110.12000275,109.29000092,109.29000092,0
673835400,108.61000061,109.40000153,108.52999878,108.52999878,0
674094600,107.87999725,107.87999725,107.73999786,107.83999634,0
674181000,107.20999908,107.83999634,107.05999756,107.19000244,0
674267400,106.55999756,106.59999847,106.41999817,106.56999969,0
674353800,105.83000183,105.86000061,105.69000244,105.76999664,0
674440200,105.12000275,106.75,104.95999908,106.75,0
674699400,107.76000214,107.81999969,106.70999908,107.81999969,0
674785800,108.88999939,108.88999939,108.62000275,108.80999756,0
674872200,109.70999908,109.81999969,108.11000061,108.25,0
674958600,107.51999664,109.16000366,107.34999847,109.08000183,0
675045000,110.06999969,110.08000183,109.81999969,110.08000183,0
675304200,111.05000305,111.06999969,109.47000122,110.66000366,0
675390600,111.61000061,111.68000031,111.36000061,111.68000031,0
675477000,112.75,112.75,111.66999817,112.75,0
675563400,113.73999786,113.81999969,112.76999664,113.81999969,0
675649800,114.83000183,114.83000183,113.83999634,114.83000183,0
675909000,115.90000153,115.97000122,114.88999939,115.97000122,0
675995400,117.12000275,117.12000275,116.83000183,117.12000275,0
676081800,118.16999817,118.16999817,117.13999939,118.16999817,0
676168200,119.26000214,119.34999847,118.16999817,119.34999847,0
676254600,120.45999908,120.47000122,119.34999847,120.47000122,0
676513800,121.65000153,121.66999817,120.47000122,121.66999817,0
676600200,122.88999939,122.88999939,121.66999817,122.88999939,0
676686600,123.90000153,124.11000061,122.88999939,124.11000061,0
676773000,125.33000183,125.33999634,123.65000153,125.33999634,0
676859400,124.47000122,126.33999634,124.47000122,124.52999878,0
677118600,125.62999725,125.76999664,123.54000092,125.76999664,0
677205000,127.02999878,127.02999878,126.66999817,127.02999878,0
677291400,128.11999512,128.28999329,127.02999878,128.28999329,0
677377800,129.55000305,129.57000732,129.21000671,129.57000732,0
677464200,130.72000122,130.86000061,128.80999756,130.86000061,0
677723400,132.1000061,132.16999817,131.80000305,132.16999817,0
677809800,133.47999573,133.49000549,132.16999817,133.49000549,0
677896200,134.83000183,134.83000183,133.49000549,134.83000183,0
677982600,136.03999329,136.19000244,134.83000183,136.19000244,0
678069000,137.41000366,137.55999756,136.19000244,137.55999756,0
678328200,136.63999939,138.61999512,136.55999756,136.8500061,0
678414600,135.91000366,135.96000671,135.69000244,135.96000671,0
678501000,135.27999878,135.96000671,134.97999573,135.27000427,0
678587400,136.63000488,136.63000488,134.19000244,136.63000488,0
678673800,136.00999451,137.67999268,135.8999939,135.96000671,0
678933000,135.25999451,135.27999878,134.92999268,135.27999878,0
679019400,136.55999756,136.57000732,134.30999756,134.63999939,0
679105800,134.3999939,135.6000061,133.72000122,133.99000549,0
679192200,133.22000122,133.99000549,133.13000488,133.38000488,0
679278600,132.80000305,133.38000488,132.41999817,132.80000305,0
679537800,133.8999939,134.1000061,131.86999512,133.13999939,0
679624200,134.38999939,134.47000122,133.13999939,134.47000122,0
679710600,135.80999756,135.80999756,135.38999939,135.80999756,0
679797000,137.16999817,137.16999817,135.80999756,137.16999817,0
679883400,137.66000366,138.53999329,136.66000366,136.69999695,0
680142600,138.07000732,138.07000732,136.69999695,138.07000732,0
680229000,139.3500061,139.38999939,138.07000732,139.38999939,0
680315400,140.66000366,140.74000549,138.69000244,140.67999268,0
680401800,140.19999695,141.00999451,139.99000549,140.19000244,0
680488200,140.11000061,141.46000671,139.27000427,140.66000366,0
680747400,141.22000122,141.72000122,140.80999756,141.52000427,0
680833800,142.38999939,142.44999695,141.38999939,142.38999939,0
680920200,143.72000122,143.80000305,142.38999939,143.80000305,0
681006600,145.11999512,145.24000549,143.80000305,145.24000549,0
681093000,146.49000549,146.67999268,145.44000244,146.67999268,0
681352200,148.05999756,148.1499939,146.67999268,148.1499939,0
681438600,149.61999512,149.61999512,148.1499939,149.61999512,0
681525000,150.92999268,151.11999512,149.61999512,151.11999512,0
681611400,152.57000732,152.61000061,151.11999512,152.61000061,0
681697800,153.8999939,154.1000061,152.61000061,154.1000061,0
681957000,155.33999634,155.53999329,154.1000061,155.53999329,0
682043400,156.86999512,157.07000732,155.53999329,157.07000732,0
682129800,158.30000305,158.63000488,158.11000061,158.63000488,0
682216200,159.91999817,160.21000671,158.63000488,160.21000671,0
682302600,161.55999756,161.6000061,160.21000671,161.6000061,0
682561800,163.21000671,163.21000671,161.6000061,163.21000671,0
682648200,164.74000549,164.83999634,163.21000671,164.83999634,0
682734600,166.49000549,166.49000549,164.83999634,166.49000549,0
682821000,167.80999756,168.16000366,166.49000549,168.16000366,0
682907400,169.80999756,169.80999756,168.16000366,169.80999756,0
683166600,171.50999451,171.50999451,169.80999756,171.50999451,0
683253000,173.05999756,173.19000244,171.50999451,173.19000244,0
683339400,174.82000732,174.91999817,173.19000244,174.91999817,0
683425800,176.52999878,176.66000366,174.91999817,176.66000366,0
683512200,178.19999695,178.42999268,176.66000366,178.42999268,0
683771400,180.08000183,180.22000122,178.42999268,180.22000122,0
683857800,181.71000671,181.97000122,180.22000122,181.97000122,0
683944200,183.66000366,183.69000244,181.97000122,183.69000244,0
684030600,185.47999573,185.50999451,183.69000244,185.50999451,0
684117000,187.08999634,187.36000061,185.50999451,187.36000061,0
684376200,189.1000061,189.24000549,187.36000061,189.24000549,0
684462600,190.97999573,190.97999573,188.19000244,188.33000183,0
684549000,187.28999329,187.28999329,186.86000061,187.22000122,0
684635400,186.22000122,187.3999939,186.07000732,186.22000122,0
684721800,188,188.03999329,185.00999451,187.78999329,0
684984600,189.55000305,189.66000366,187.78999329,189.66000366,0
685071000,191.16000366,191.17999268,188.27999878,188.6499939,0
685157400,187.25999451,188.58999634,187.17999268,187.63000488,0
685243800,187.6499939,189.21000671,186.49000549,186.88000488,0
685330200,185.77000427,187.21000671,185.66000366,185.91999817,0
685589400,185,185.91999817,184.71000671,185,0
685675800,183.96000671,185.03999329,183.69000244,184.08000183,0
685762200,182.80000305,184.08000183,182.80000305,183.19000244,0
685848600,182.21000671,183.19000244,181.92999268,182.33000183,0
685935000,183.11999512,183.88999939,181.19000244,181.82000732,0
686194200,180.27999878,181.94999695,180.27000427,180.91999817,0
686453400,181.55000305,182.47999573,179.80000305,182.47999573,0
686539800,184.28999329,184.28999329,183.58999634,184.28999329,0
686799000,185.94999695,186,185.41000366,186,0
686885400,187.58999634,187.61000061,186,187.49000549,0
686971800,188.49000549,189.11999512,186.30999756,189.11999512,0
687058200,190.71000671,191.00999451,189.11999512,191.00999451,0
687144600,192.83999634,192.88000488,191.00999451,192.8500061,0
687403800,194.05999756,194.69000244,192.32000732,194.66999817,0
687490200,196.58000183,196.61000061,194.66999817,196.61000061,0
687576600,198.50999451,198.57000732,196.61000061,198.57000732,0
687663000,200.5,200.50999451,198.57000732,200.50999451,0
687749400,202.5,202.50999451,200.50999451,202.50999451,0
688008600,204.52999878,204.52999878,202.50999451,204.52999878,0
688095000,206.05999756,206.52999878,204.52999878,206.52999878,0
688181400,208.05999756,208.25,206.52999878,208.25,0
688267800,210.19999695,210.19999695,208.25,210.07000732,0
688354200,210.33999634,211.97000122,209.71000671,211.86000061,0
688613400,213.5,213.97999573,211.86000061,213.97999573,0
688699800,215.63000488,215.77999878,213.97999573,215.77999878,0
688786200,216.36999512,216.42999268,215.77999878,216.42999268,0
688872600,218.58999634,218.6000061,216.42999268,218.6000061,0
688959000,220.71000671,220.72000122,218.6000061,220.72000122,0
689218200,222.77000427,222.77000427,220.78999329,222.77000427,0
689304600,224.44000244,224.6499939,222.77000427,224.6499939,0
689391000,226.83000183,226.88000488,224.6499939,226.88000488,0
689477400,228.92999268,228.92999268,226.88000488,228.92999268,0
689563800,230.99000549,231.22000122,228.92999268,231.22000122,0
689823000,233.47999573,233.55000305,231.22000122,233.55000305,0
689909400,235.75,235.80000305,233.55000305,235.80000305,0
689995800,236.50999451,236.66999817,235.80000305,236.66999817,0
690082200,237.38999939,237.44999695,236.66999817,237.44999695,0
690168600,238.25,238.25,237.44999695,238.25,0
690427800,240.03999329,240.61999512,238.25,240.61999512,0
690514200,242.24000549,242.24000549,240.61999512,242.24000549,0
690600600,244.5,244.5,242.24000549,244.5,0
690687000,246.25999451,246.30999756,244.5,246.30999756,0
690773400,248.24000549,248.52999878,246.30999756,248.52999878,0
691032600,250.83999634,250.8500061,248.52999878,250.8500061,0
691119000,252.8999939,252.97000122,250.8500061,252.97000122,0
691205400,255.27000427,255.44999695,252.97000122,255.44999695,0
691291800,257.27999878,257.3500061,255.44999695,257.3500061,0
691378200,259.67999268,259.8500061,257.3500061,259.6000061,0
691637400,261.77999878,262.19000244,259.67001343,262.19000244,0
691723800,264.64001465,264.80999756,262.19000244,264.80999756,0
691810200,265.52999878,265.76998901,264.80999756,265.76998901,0
691896600,266.48001099,266.66000366,265.76998901,266.66000366,0
691983000,269.33999634,269.3500061,266.66000366,269.3500061,0
692242200,270.26998901,270.26998901,269.3500061,270.26998901,0
692328600,270.26998901,272.91000366,270.26998901,272.91000366,0
692415000,273.52999878,273.70999146,272.91000366,273.70999146,0
692501400,274.41000366,274.41000366,273.70999146,274.41000366,0
692587800,276.80999756,277,274.41000366,277,0
692847000,277.52999878,277.8500061,277,277.8500061,0
692933400,278.67001343,278.67999268,277.8500061,278.67999268,0
693019800,279.32000732,279.51000977,278.67999268,279.51000977,0
693106200,279.98001099,280.17001343,279.51000977,280.17001343,0
693192600,282.82998657,282.82998657,280.63000488,282.82998657,0
693451800,285.6499939,285.6499939,282.82998657,285.6499939,0
693538200,285.73999023,286.22000122,285.6499939,286.22000122,0
693624600,287.08999634,287.1499939,286.22000122,287.1499939,0
693711000,288.02999878,288.02999878,287.1499939,288.02999878,0
693797400,290.6499939,290.8500061,288.02999878,290.8500061,0
694056600,291.70999146,291.70999146,290.8500061,291.70999146,0
694143000,292.48001099,292.75,291.70999146,292.75,0
694315800,293.73999023,293.75,292.76000977,293.75,0
694402200,296.23999023,296.51998901,293.75,296.51998901,0
694661400,297.67999268,297.67999268,296.51998901,297.67999268,0
694747800,298.54000854,298.76998901,297.67999268,298.76998901,0
694834200,299.6499939,299.66000366,298.76998901,299.66000366,0
694920600,300.60998535,300.61999512,299.66000366,300.61999512,0
695007000,301.82000732,301.82998657,300.61999512,301.82998657,0
695266200,302.82998657,303.05999756,302,303.05999756,0
695352600,304.76998901,305.73999023,303.05999756,305.73999023,0
695439000,306.61999512,306.63000488,305.73999023,306.63000488,0
695525400,306.8500061,306.8500061,306.63000488,306.8500061,0
695611800,307.36999512,307.38000488,306.8500061,307.38000488,0
695871000,307.38000488,307.39001465,307.38000488,307.39001465,0
695957400,307.86999512,307.86999512,307.39001465,307.86999512,0
696043800,307.95001221,307.95001221,307.86999512,307.95001221,0
696130200,308.52999878,308.52999878,307.95001221,308.52999878,0
696216600,309.04998779,309.04998779,308.52999878,309.04998779,0
696475800,311.6000061,311.60998535,309.04998779,311.60998535,0
696562200,311.67001343,311.83999634,311.60998535,311.83999634,0
696648600,312.41000366,312.57998657,311.83999634,312.42001343,0
696735000,312.73001099,312.73001099,312.42001343,312.73001099,0
696821400,313.23999023,313.23999023,312.73001099,313.23999023,0
697080600,314.17999268,314.17999268,313.23999023,314.17999268,0
697426200,314.72000122,314.72000122,314.17999268,314.72000122,0
697685400,315.54998779,315.55999756,314.72000122,315.55999756,0
697771800,316.11999512,316.42999268,315.55999756,316.42999268,0
697858200,316.42999268,316.44000244,316.42999268,316.44000244,0
697944600,317.23999023,317.57000732,317.04000854,317.04000854,0
698031000,319.45001221,319.67999268,317.04000854,319.67999268,0
698290200,319.76998901,319.76998901,319.67999268,319.76998901,0
698376600,338.98001099,339.16000366,319.76998901,337.10998535,0
698463000,340.5,342.41000366,337.10998535,342.41000366,0
698549400,345.22000122,348.01000977,342.41000366,347.98999023,0
698635800,358.91000366,359.92999268,347.98999023,359.58999634,0
698895000,361.10998535,361.61999512,359.58999634,360.5,0
698981400,359.66000366,361.29000854,357.07000732,360.36999512,0
699067800,359.8500061,360.76000977,359.26998901,360.1000061,0
699154200,361,363.02999878,360.1000061,362.45001221,0
699240600,364.1499939,364.67001343,362.45001221,364.66000366,0
699499800,365.1499939,365.39001465,364.66000366,365.39001465,0
699586200,366.79000854,367.25,365.39001465,367,0
699672600,367.55999756,368.32000732,366.95001221,368.32000732,0
699759000,369.30999756,369.88000488,368.10998535,369.76000977,0
699845400,370.79000854,371.76000977,369.76000977,371.76000977,0
700104600,372.26000977,374.05999756,371.88000488,373.52999878,0
700191000,374.48001099,375.23001099,373.52999878,375.23001099,0
700277400,375.86999512,376.25,374.98001099,376.14001465,0
700363800,377.54998779,377.57000732,376.14001465,376.92001343,0
700450200,376.57998657,377.19000244,376.38000488,376.38000488,0
700709400,377,377.42001343,376.38000488,377.04998779,0
700795800,377.5,377.83999634,377.02999878,377.48999023,0
700882200,377.94000244,378.32000732,377.48999023,377.66000366,0
700968600,377.26000977,377.95999146,376.20999146,377.30999756,0
701055000,377.91000366,378.02999878,377.30999756,377.98999023,0
701314200,378.60998535,379.04000854,377.45001221,378.89001465,0
701400600,378.52999878,379.5,378.04998779,378.69000244,0
701487000,378.32998657,379.01998901,378.11999512,378.11999512,0
701573400,379.29000854,379.33999634,377.64001465,379.13000488,0
701659800,379.6499939,380.79000854,379.13000488,380.76998901,0
701919000,381.54000854,381.55999756,380.76000977,381.44000244,0
702005400,381.86999512,382.05999756,381.23999023,381.23999023,0
702091800,381.54998779,381.8500061,381.01000977,381.01000977,0
702178200,381.47000122,381.57998657,381.01000977,381.11999512,0
702264600,381.44000244,381.57000732,381.11999512,381.32998657,0
702523800,381.97000122,382.07998657,381.32998657,381.47000122,0
702610200,381.95001221,382.1000061,381.47000122,381.92999268,0
702696600,382.52999878,382.58999634,381.92001343,382.42999268,0
702783000,381.92999268,382.88000488,381.6499939,381.6499939,0
702869400,381.51998901,382.04000854,381.20001221,382.02999878,0
703128600,387.26998901,392.27999878,382.02999878,391.10998535,0
703215000,393.1000061,400.60998535,391.1000061,400.60998535,0
703301400,400.3500061,406.72000122,398.23001099,406.72000122,0
703387800,404.07000732,410.60998535,403.51998901,410.54998779,0
703474200,408.55999756,414.42001343,406.19000244,414.42001343,0
703733400,417.19000244,420.98999023,413.64001465,413.8500061,0
703819800,417.98999023,421.54998779,402.89001465,410.05999756,0
703906200,400.11999512,410.05999756,399.86999512,399.88000488,0
703992600,407.13000488,408.85998535,394.6000061,407.25,0
704079000,405.88000488,415.04998779,397.73999023,414.3999939,0
704338200,422.45001221,424.92001343,413.47000122,424.57998657,0
704424600,434.8999939,436.30999756,424.57998657,436.08999634,0
704511000,445.25,446.11999512,436.08999634,444.16000366,0
704597400,435.73001099,448.94000244,433.66000366,445.38000488,0
704943000,454.85998535,456.23999023,445.38000488,453.61999512,0
705029400,447.42001343,455.35998535,439.95999146,449.20999146,0
705115800,449.77999878,454.07998657,446.39001465,449.95999146,0
705202200,452.85998535,457.04998779,449.54998779,454.6499939,0
705288600,461.04998779,468.42001343,454.6499939,468.10998535,0
705547800,483.29000854,491.5,468.10998535,491.5,0
705634200,502.79998779,506.67999268,491.5,506.52999878,0
705720600,505.26998901,517.85998535,499.3999939,514.03997803,0
705807000,514.47998047,523.5,511.91000366,523.35998535,0
705893400,529.39001465,544.55999756,523.35998535,544.34997559,0
706152600,560.09002686,571.84997559,544.34997559,571.82000732,0
706239000,590.40997314,598.10998535,571.82000732,598.10998535,0
706325400,617.2800293,623.88000488,598.10998535,616.98999023,0
706411800,1260.31994629,1334.97998047,604.01000977,1266.48999023,0
706498200,1306.36999512,1349.70996094,1262.43994141,1339.98999023,0
706757400,1411.97998047,1428.79003906,1339.98999023,1421.56994629,0
706843800,1332.39001465,1429.01000977,1291,1301.34997559,0
706930200,1250.56005859,1285.60998535,823.35998535,1193.17004395,0
707016600,1123.04003906,1184.18005371,1114.93994141,1160.17004395,0
707103000,1243.65002441,1253.36999512,1154.01000977,1234.70996094,0
707362200,1175.68994141,1249.57995605,1129.2800293,1183.23999023,0
707448600,1155.88000488,1184.2800293,1138.57995605,1141.02001953,0
707535000,1075.90002441,1141.02001953,1033.4699707,1059.06994629,0
707621400,1087.48999023,1118.93005371,1050.44995117,1104.45996094,0
707707800,1125.01000977,1143.06994629,1099.91003418,1105.76000977,0
707967000,1092.06994629,1121.41003418,1085.18994141,1093.45996094,0
708053400,1116.92004395,1144.39001465,1079.65002441,1126.61999512,0
708139800,1199.22998047,1206.51000977,1134.72998047,1187.02001953,0
708226200,1179.2800293,1188.68005371,1172.08996582,1178.30004883,0
708312600,1164.11999512,1178.30004883,1153.9699707,1171.70996094,0
708571800,1174.41003418,1181.85998535,1152.68994141,1171.84997559,0
708658200,1171.75,1171.75,1135.60998535,1166.69995117,0
708744600,1171.29003906,1186.58996582,1166.26000977,1169.56994629,0
708831000,1167.16003418,1172.85998535,1158.31994629,1168.43005371,0
708917400,1169.9699707,1171.93994141,1161.80004883,1171.93994141,0
709176600,1173.68005371,1180.20996094,1165.73999023,1169.90002441,0
709263000,1162.82995605,1172.45996094,1154.61999512,1158.17004395,0
709349400,1150.89001465,1158.17004395,1144.45996094,1151.06005859,0
709435800,1153.47998047,1160.22998047,1148.02001953,1160.22998047,0
709522200,1164.29003906,1207.81994629,1160.22998047,1164.67004395,0
709781400,1168.89001465,1173.48999023,1156.68005371,1169.51000977,0
709867800,1186.61999512,1193.16003418,1169.51000977,1191.18994141,0
709954200,1199.54003906,1215.13000488,1182.05004883,1194.18005371,0
710040600,1187.30004883,1198.66003418,1179.85998535,1187.47998047,0
710127000,1189.08996582,1193.39001465,1183.95996094,1189.16003418,0
710386200,1197.76000977,1215.23999023,1190.27001953,1201.01000977,0
710472600,1201.01000977,1206.91003418,1195.81005859,1206.45996094,0
710559000,1192.36999512,1211.27001953,1182.7199707,1185.5,0
710645400,1172.43994141,1187.18005371,1168.7800293,1178.5300293,0
710731800,1175.14001465,1192.97998047,1166.44995117,1188.61999512,0
710991000,1156.82995605,1198.90002441,1131.20996094,1136.32995605,0
711077400,1124.65002441,1139.95996094,1110.18994141,1114.05004883,0
711163800,1107.18005371,1135.56994629,1100.16003418,1107.68994141,0
711250200,1114.13000488,1214.82995605,1108.22998047,1124.64001465,0
711336600,1121.48999023,1134.31994629,1116.14001465,1125.56005859,0
711595800,1100.59997559,1126.95996094,1094.81005859,1098.81994629,0
711682200,1087.60998535,1096.48999023,1079.75,1082.39001465,0
711768600,1059.2199707,1081.81005859,1034.91003418,1035.66003418,0
711855000,1020.07000732,1033.75,961.60998535,1014.57000732,0
711941400,1165.89001465,1178.90002441,1014.08001709,1142.02001953,0
712200600,1169.42004395,1178.81005859,1108.05004883,1149.32995605,0
712287000,1126.88000488,1148.63000488,1102.02001953,1105.94995117,0
712373400,1078.31005859,1108.06005859,1047.0300293,1087.11999512,0
712459800,1067.44995117,1087.35998535,1043.79003906,1057.40002441,0
712546200,1045.67004395,1052.06994629,1032.54003906,1052.06994629,0
712805400,1034.69995117,1060.35998535,1026.82995605,1031.55004883,0
712891800,1018.29998779,1036.32995605,1016.15997314,1035.63000488,0
712978200,1015.76000977,1038.30004883,1011.65997314,1012.54998779,0
713064600,988.38000488,1010.76000977,983.2199707,1002.16998291,0
713151000,1003.2199707,1006.10998535,995.71002197,1005.22998047,0
713410200,992.72998047,1006.64001465,956.54998779,964.09002686,0
713496600,926.80999756,961.60998535,797.59997559,863.40997314,0
713583000,675,843.29998779,627.35998535,781.21002197,0
713669400,797.16998291,890.05999756,745.61999512,850.94000244,0
713755800,857.09997559,900.51000977,818.11999512,858.38000488,0
714015000,898.65997314,940.76000977,858.38000488,939.46002197,0
714101400,954.89001465,999.69000244,921.97998047,933.44000244,0
714187800,920.65997314,951.15997314,888.22998047,939.51000977,0
714274200,930.70001221,946.72998047,918.65002441,932.32000732,0
714360600,916.98999023,938.36999512,912.89001465,916.25,0
714619800,888.95001221,920.84997559,881.33001709,884.09997559,0
714706200,868.09997559,887.48999023,848.04998779,849.57000732,0
714792600,842.20001221,877.89001465,828.09997559,877.89001465,0
714879000,874.75,880.02001953,861.64001465,863.77001953,0
714965400,851.59997559,866.97998047,825.01000977,848.20001221,0
715224600,833.5,848.40002441,823.02001953,823.27001953,0
715311000,826.96002197,832.84002686,807.36999512,824.96002197,0
715397400,803.83001709,826.67999268,783.96002197,787.66998291,0
715483800,749.2199707,781.33001709,742.73999023,764.10998535,0
715570200,759.53997803,776.17999268,749.46002197,753.58001709,0
715829400,745.69000244,788.15002441,700.78997803,702.83001709,0
715915800,653.35998535,702.83001709,595.41998291,640.11999512,0
716002200,613.44000244,643.77001953,608.05999756,635.73999023,0
716088600,643.21002197,695.17999268,622.01000977,692.7800293,0
716175000,773.2199707,789.17999268,719.39001465,776.28997803,0
716434200,762.82000732,793.35998535,714.92999268,734.97998047,0
716520600,727.10998535,751.2199707,694.32000732,738.15997314,0
716607000,762.28997803,776.67999268,738.15997314,769.03997803,0
716693400,770.65002441,779.55999756,751.08001709,761.7199707,0
716779800,715.89001465,761.7199707,715.89001465,754.40002441,0
717039000,740.9699707,760.13000488,730.29998779,733.44000244,0
717125400,730.71002197,736.90002441,716.22998047,722.70001221,0
717211800,719.40997314,725.59002686,708.5,712.36999512,0
717298200,720.51000977,735.48999023,709.63000488,730.57000732,0
717384600,730.2800293,735.75,723.55999756,729.78997803,0
717643800,724.45001221,729.78997803,721.19000244,724.70001221,0
717730200,719.98999023,728.41998291,707.82000732,710.63000488,0
717816600,703.63000488,710.63000488,698.90997314,702.32000732,0
718248600,676.4699707,702.32000732,668.90002441,679.61999512,0
718335000,682.91998291,692.61999512,664.27001953,674.23999023,0
718421400,676.55999756,676.84002686,664.42999268,665.26000977,0
718507800,648.96002197,671.66998291,640.2199707,643.69000244,0
718594200,664.44000244,668.72998047,643.67999268,660.28997803,0
718853400,687.45001221,713.77001953,661.98999023,690.57000732,0
718939800,694.09997559,701.29998779,669.55999756,673.98999023,0
719026200,661.07000732,673.94000244,648.84002686,663.75,0
719112600,654.33001709,667,650.91998291,663.5300293,0
719199000,664,668.57000732,661.20001221,664.75,0
719458200,643.79998779,667.46002197,632.40002441,632.40002441,0
719544600,634.42999268,663.65002441,604.5,616.28997803,0
719631000,597.15002441,616.28997803,577.22998047,585.70001221,0
719717400,557.0300293,584.90997314,535.78997803,539.79998779,0
719803800,534.40997314,577.52001953,524.07000732,559.72998047,0
720063000,539.5,561.5,504.80999756,506.94000244,0
720149400,465.75,506.27999878,448.27999878,450.27999878,0
720235800,466.73001099,470.98001099,447.92999268,463.20999146,0
720322200,468.72000122,484.51000977,455.22000122,484.25,0
720408600,494.66000366,507.25,484.45001221,507.25,0
720667800,471.17999268,508.80999756,465.54998779,477.60998535,0
720754200,481.33999634,487.07000732,465.6000061,479.80999756,0
720840600,474.82000732,481.6000061,465.08999634,469.8999939,0
720927000,460.95999146,470.89001465,457.02999878,462.63000488,0
721013400,460.54000854,468.58999634,455.73001099,457.04998779,0
721272600,439.80999756,459.04000854,424.67999268,428.60998535,0
721359000,404.48999023,428.33999634,391.17001343,400.52999878,0
721445400,402.79000854,410.16000366,388.32000732,410.16000366,0
721531800,408.42001343,416.22000122,402.32998657,415.79000854,0
721618200,418.48999023,421.67001343,413.29998779,414.08999634,0
721877400,402.01998901,415.64001465,397.63000488,399.32000732,0
721963800,390.08999634,399.07998657,386.8500061,393.51998901,0
722050200,400.01000977,407.60998535,389.58999634,407.60998535,0
722136600,409.60998535,412.23001099,395.16000366,398.95001221,0
722223000,394.8999939,401.44000244,394.30999756,401.44000244,0
722482200,404.04998779,410.57000732,401.82000732,410.39001465,0
722568600,414.83999634,448.44000244,410.80999756,440.04000854,0
722655000,485.16000366,571.63000488,441.54000854,571.63000488,0
722741400,674.73999023,752.32000732,562.01000977,562.01000977,0
722827800,593.67999268,682.40002441,490.54000854,637.66998291,0
723087000,682.08001709,727.13000488,637.66998291,724.59997559,0
723173400,718.98999023,749.89001465,713.84997559,716.73999023,0
723259800,694.88000488,722.20001221,690.63000488,722.20001221,0
723346200,760.65002441,826.05999756,739.0300293,808.20001221,0
723432600,833.22998047,841.02001953,807.02001953,807.02001953,0
723691800,765.86999512,803.11999512,757.34002686,793.25,0
723778200,796.63000488,811.57000732,743.90002441,753.94000244,0
723864600,737.94000244,752.89001465,661.65997314,676.45001221,0
723951000,668.46002197,693.40997314,592.7800293,625.22998047,0
724037400,639.7199707,735.61999512,628.90997314,722.2800293,0
724296600,704.22998047,748.19000244,668.07000732,705.07000732,0
724383000,697.85998535,713.90002441,682.23999023,682.23999023,0
724469400,686.02001953,690.25,663.16998291,685.82000732,0
724555800,693.40997314,707.82000732,685.65002441,707.82000732,0
724642200,706.46002197,721.26000977,690.45001221,698.13000488,0
724901400,698.30999756,731.67999268,697.70001221,731.67999268,0
724987800,731.58001709,731.90002441,724.73999023,725.7800293,0
725074200,729,736.27001953,721.44000244,732.04998779,0
725160600,731.54998779,758.59002686,731.30999756,758.59002686,0
725247000,776.29998779,781.35998535,761.89001465,764.2800293,0
725506200,764.78997803,772.28997803,756.89001465,757.30999756,0
725592600,762.40002441,769.60998535,754.53997803,768.90997314,0
725679000,774.34997559,777.42999268,767.07000732,767.52001953,0
725765400,773.89001465,784.0300293,765.40997314,780.39001465,0
726111000,802.14001465,816.64001465,777.15997314,814.03997803,0
726197400,851.02001953,859.19000244,817.21002197,858.7199707,0
726283800,872.2199707,883.41998291,843.15997314,847.44000244,0
726370200,856.5,868.9699707,849.5300293,868.9699707,0
726456600,889.10998535,893.85998535,878.33001709,889.4699707,0
726715800,944.14001465,977.41998291,901.4699707,977.41998291,0
726802200,1016.14001465,1028.43005371,982.15002441,987.26000977,0
726888600,991.55999756,1024.05004883,973.29998779,1024.05004883,0
726975000,1062.18005371,1088.59997559,1036.0300293,1086.43005371,0
727061400,1088.4699707,1099.82995605,1054.45996094,1063.76000977,0
727320600,1065.39001465,1078.0300293,1052.80004883,1055.31994629,0
727407000,1031.63000488,1064.07995605,991.83001709,991.83001709,0
727493400,1016.7199707,1050.10998535,984.73999023,1043.31005859,0
727579800,1073.61999512,1077.81994629,1046.18005371,1074.26000977,0
727666200,1095.60998535,1109.58996582,1073.64001465,1100.31005859,0
728098200,1149.7199707,1162.43994141,1113.56994629,1162.43994141,0
728184600,1166.7800293,1186.20996094,1146.90002441,1150.36999512,0
728271000,1173.81005859,1198.47998047,1150.82995605,1198.47998047,0
728530200,1250.16003418,1278.5,1222.18005371,1278.5,0
728616600,1315.43005371,1325.23999023,1291.98999023,1310.57995605,0
728703000,1283.26000977,1326.18994141,1265.69995117,1300.56005859,0
728789400,1297.56005859,1371.57995605,1297.45996094,1371.57995605,0
728875800,1373.94995117,1404.64001465,1325.84997559,1332.95996094,0
729135000,1373.98999023,1393.33996582,1334.18994141,1393.17004395,0
729221400,1473.89001465,1483.52001953,1426.47998047,1474.92004395,0
729307800,1511.58996582,1528.51000977,1448.06994629,1454.45996094,0
729394200,1473.25,1497.01000977,1364.67004395,1397.38000488,0
729480600,1394.81005859,1458.76000977,1352.27001953,1458.76000977,0
729739800,1526.09997559,1536.81994629,1499.09997559,1536.81994629,0
729826200,1516.72998047,1558.94995117,1504.35998535,1513.47998047,0
729912600,1522.13000488,1533.57995605,1502.88000488,1504,0
729999000,1526.39001465,1538.60998535,1497.79003906,1508.2199707,0
730085400,1471.56005859,1514.45996094,1441.06994629,1499.73999023,0
730344600,1487.83996582,1527.13000488,1453.31005859,1456.29003906,0
730431000,1412.68005371,1466.06994629,1346.15002441,1367.35998535,0
730517400,1289.2800293,1346.47998047,1196.4699707,1264.95996094,0
730603800,1357.55004883,1421.34997559,1261.76000977,1410.35998535,0
730690200,1348.32995605,1444.05004883,1320.89001465,1339.88000488,0
730949400,1328.2199707,1339.09997559,1199.72998047,1199.72998047,0
731035800,1207.56994629,1285.17004395,1186.33996582,1245.10998535,0
731122200,1263.73999023,1267.54003906,1220.0300293,1231.77001953,0
731208600,1231.92004395,1244.65002441,1131.29003906,1159.13000488,0
731295000,1116.41003418,1180.57995605,1026.18005371,1109,0
731554200,1133.52001953,1325.48999023,1133.45996094,1209.65002441,0
731640600,1160.13000488,1209.66003418,1129.81005859,1137.79003906,0
731727000,1099.52001953,1190.32995605,1089.35998535,1188.9699707,0
731813400,1219.4699707,1261.80004883,1196.25,1261.80004883,0
731899800,1280.36999512,1286.06994629,1231.39001465,1236.36999512,0
732159000,1226.47998047,1247.63000488,1171,1171,0
732245400,1167.91003418,1222.55004883,1155.09997559,1222.55004883,0
732331800,1238.80004883,1239.38000488,1193.58996582,1202.84997559,0
732418200,1203.19995117,1206.58996582,1171.43005371,1184.47998047,0
732504600,1188.36999512,1207.56005859,1171.63000488,1174.98999023,0
732763800,1148.29003906,1179.05004883,1036.92004395,1036.92004395,0
732850200,1035.59997559,1035.63000488,958.41998291,971.25,0
732936600,965.58001709,996.67999268,956.9699707,956.9699707,0
733023000,963.5300293,965.96002197,913.73999023,945.41998291,0
733109400,969.23999023,1039.76000977,945.92999268,1039.76000977,0
733368600,990.91998291,1010.53997803,961.7199707,970.40002441,0
733455000,973.08001709,992.10998535,958.04998779,958.04998779,0
733541400,953.28997803,957.94000244,918.40002441,925.90997314,0
733627800,921.59002686,949.77001953,915.59002686,947.22998047,0
733714200,953.51000977,968.04998779,940.54998779,944.01000977,0
733973400,945.58001709,947.90002441,924.48999023,947.86999512,0
734059800,949.80999756,1064.86999512,949.04998779,1059.61999512,0
734146200,1108.64001465,1182.98999023,1076.44995117,1099.61999512,0
734232600,1099.61999512,1238,1099.61999512,1238,0
734319000,1322.06994629,1340.91003418,1236.45996094,1243.02001953,0
734578200,1254.61999512,1276.41003418,1195.56994629,1203.54003906,0
734664600,1183.69995117,1297.35998535,1180.88000488,1297.35998535,0
734751000,1326.84997559,1339.93005371,1267.59997559,1272.39001465,0
734837400,1265.30004883,1298.33996582,1255.93994141,1278.83996582,0
734923800,1282.79003906,1287.07995605,1211.82995605,1214.75,0
735183000,1203.84997559,1241.85998535,1185.76000977,1223.2199707,0
735269400,1257.09997559,1257.09997559,1233.7199707,1235.52001953,0
735355800,1234.70996094,1243.4699707,1220.08996582,1222.56005859,0
735442200,1227.09997559,1267.34997559,1220.27001953,1267.34997559,0
735528600,1288.51000977,1295.76000977,1255.86999512,1260.25,0
735787800,1298.92004395,1345.72998047,1282.54003906,1345.60998535,0
735874200,1379.43005371,1391.42004395,1360.82995605,1363.43994141,0
735960600,1371.09997559,1382.82995605,1357.91003418,1372.5,0
736047000,1377.04003906,1392.61999512,1348.38000488,1349.68005371,0
736133400,1341.54003906,1363.10998535,1336.58996582,1358.7800293,0
736392600,1379.70996094,1380.5,1349.73999023,1352.23999023,0
736479000,1352.07995605,1365.92004395,1234.55004883,1241.16003418,0
736565400,1232.65002441,1273.13000488,1204.06005859,1246.81994629,0
736651800,1250.39001465,1250.39001465,1151.48999023,1162.92004395,0
736738200,1194.26000977,1210.7800293,1159.16003418,1199.81005859,0
736997400,1216.7199707,1221.97998047,1110.93994141,1128.29003906,0
737083800,1124.84997559,1138.48999023,1107.66003418,1136.73999023,0
737170200,1138.61999512,1160.42004395,1134.75,1140.05004883,0
737256600,1140.20996094,1177.2800293,1140.20996094,1177.2800293,0
737343000,1180.45996094,1201.43994141,1161.18994141,1167.4699707,0
737602200,1162.06994629,1162.06994629,1097.60998535,1140.04003906,0
737688600,1140.04003906,1148.33996582,1128.75,1130.26000977,0
737775000,1129.09997559,1147.2199707,1127.43005371,1147.2199707,0
737861400,1148.56005859,1175.19995117,1148.56005859,1165.40002441,0
737947800,1177.30004883,1178.54003906,1133.19995117,1143.9699707,0
738207000,1143.15002441,1143.15002441,1026.13000488,1026.13000488,0
738293400,1020.32000732,1020.32000732,965.28997803,997.95001221,0
738379800,1003.89001465,1008.54998779,992.94000244,995.45001221,0
738466200,1001.19000244,1001.63000488,942.21002197,963.60998535,0
738552600,962.21002197,980.96002197,959.25,972.77001953,0
738811800,975.04998779,980.0300293,930.64001465,935.47998047,0
738898200,935.90002441,935.90002441,859.47998047,928.58001709,0
738984600,958.60998535,1081.19995117,904.32000732,1081.19995117,0
739071000,1102.07995605,1177.91003418,961.32000732,1018.28997803,0
739157400,1024.73999023,1031.0300293,981.89001465,1004.29998779,0
739416600,1006.26000977,1068.83996582,982.0300293,1064.97998047,0
739503000,1094.10998535,1101.68994141,1054.31005859,1074.57995605,0
739589400,1071.32995605,1081.18005371,1053.31994629,1065.18994141,0
739675800,1069.35998535,1070.06005859,1040.38000488,1044.43994141,0
739762200,1043.93994141,1052.56005859,1024.19995117,1047,0
740021400,1046.06994629,1046.06994629,990.15997314,1000.42999268,0
740107800,998.70001221,1002.96002197,981.84002686,1001.60998535,0
740194200,1004.40002441,1013.80999756,997.33001709,1004.23999023,0
740280600,998.21002197,1016.22998047,998,998,0
740367000,994.20001221,1007.25,989.21002197,1005.97998047,0
740626200,1003.97998047,1003.97998047,967.73999023,977.60998535,0
740712600,972.09997559,987.07000732,971.63000488,981.13000488,0
740799000,981.40002441,991.21002197,980.5300293,986.02001953,0
740885400,985.61999512,993.79998779,974.16998291,980.16998291,0
740971800,979.92999268,1041.2199707,979.92999268,1006.64001465,0
741231000,1006.63000488,1010.52001953,983.9699707,1002.41998291,0
741317400,1008.22998047,1037.48999023,1002.60998535,1028.43994141,0
741403800,1037.89001465,1043.05004883,1003.85998535,1007.04998779,0
741490200,1000.79998779,1009.89001465,980.04998779,997.5300293,0
741576600,995.70001221,1002.86999512,986.97998047,986.97998047,0
741835800,976.66998291,980.91998291,946.86999512,952.30999756,0
741922200,938.41998291,938.41998291,895.69000244,897.64001465,0
742008600,897.2199707,909.92999268,869.65002441,903.78997803,0
742095000,904.46002197,909.10998535,895.61999512,896.15997314,0
742181400,896.15997314,896.23999023,865.30999756,868.57000732,0
742440600,855.5,855.5,828.54998779,845.52001953,0
742527000,853.65997314,870.04998779,853.65997314,870.04998779,0
742613400,870.04998779,870.04998779,833.08001709,836.39001465,0
742699800,833.89001465,847.29998779,830.60998535,838.70001221,0
742786200,841.61999512,849.65997314,839.2800293,846.86999512,0
743045400,848.09997559,848.09997559,836.70001221,836.97998047,0
743131800,834.08001709,836.84997559,803.34002686,808.20001221,0
743218200,809.65997314,820.23999023,808.36999512,811.70001221,0
743304600,812.09997559,815.5300293,804.09997559,815.5300293,0
743391000,816.08001709,818.54998779,811.4699707,813.53997803,0
743650200,810.07000732,810.07000732,787.79998779,787.80999756,0
743736600,786.19000244,798.84997559,777.72998047,791.61999512,0
743823000,792.88000488,818.05999756,791.22998047,798.33001709,0
743909400,801.15997314,810.63000488,801.15997314,806.66998291,0
743995800,810.09002686,901.11999512,810.09002686,881.07000732,0
744255000,894.90002441,913.15002441,842.34997559,843.27001953,0
744341400,842.28997803,853.34997559,830.66998291,832.7199707,0
744427800,833.40002441,855.85998535,823,850.53997803,0
744514200,853.71002197,863.94000244,842.7199707,849.29998779,0
744600600,841.39001465,860.72998047,841.39001465,855.52001953,0
744859800,866.65002441,887.45001221,861.34002686,885.27001953,0
744946200,897.46002197,911.77001953,861.19000244,862.08001709,0
745032600,862.40002441,883.02001953,861.7800293,883.02001953,0
745119000,896.73999023,917.96002197,893.51000977,917.03997803,0
745205400,929.41998291,947.7800293,922.40002441,947.26000977,0
745464600,969.90002441,1023.86999512,967.34997559,1023.86999512,0
745551000,1042.42004395,1042.4699707,973.47998047,974.10998535,0
745637400,974.10998535,988.14001465,947.92999268,947.92999268,0
745723800,944.58001709,980.42999268,944.4699707,968.51000977,0
745810200,973,977.39001465,937.98999023,946.53997803,0
746069400,933.7199707,937.29998779,888.67999268,893.22998047,0
746155800,878.09002686,902.29998779,873.13000488,894.44000244,0
746242200,904.73999023,921.21002197,904.73999023,911.40002441,0
746328600,913.27001953,914.15002441,896,903.90997314,0
746415000,903.4699707,903.77001953,886.29998779,894.59002686,0
746674200,901.09002686,911.17999268,884.51000977,899.27001953,0
746760600,895.76000977,909.7199707,893.98999023,895.67999268,0
746847000,898.01000977,900.03997803,891.65997314,893.98999023,0
746933400,894.27001953,901.39001465,893,901.39001465,0
747019800,907.89001465,926.10998535,905.71002197,922.70001221,0
747279000,940.46002197,947.5300293,933.73999023,947.5300293,0
747365400,947.11999512,947.11999512,908.28997803,909.03997803,0
747451800,907.97998047,918.26000977,896.55999756,909.13000488,0
747538200,911.95001221,914.78997803,900.82000732,901.65997314,0
747624600,887.83001709,908.90997314,887.65002441,903.55999756,0
747883800,895.61999512,895.61999512,873.54998779,879.23999023,0
747970200,875.14001465,879.92999268,865.60998535,876.61999512,0
748056600,876.38000488,903.23999023,876.25,880.7800293,0
748143000,885.02001953,885.78997803,874.34997559,875.08001709,0
748229400,874.51000977,883.16998291,868.73999023,881.40997314,0
748488600,875.9699707,878.22998047,865.73999023,875,0
748575000,875.13000488,896.67999268,875.13000488,890.22998047,0
748661400,891.04998779,892.32000732,881.03997803,881.23999023,0
748747800,882.67999268,888.82000732,882.67999268,884.02001953,0
748834200,873.15997314,915.05999756,864.38000488,875.80999756,0
749093400,876.60998535,884.29998779,876.39001465,880.97998047,0
749179800,886.10998535,898.15002441,883.91998291,898.15002441,0
749266200,904.76000977,909.84002686,885.46002197,886.11999512,0
749352600,887.13000488,896.58001709,883.54998779,890.27001953,0
749698200,895.69000244,901.36999512,891.33001709,892.54998779,0
749784600,894.36999512,896,885.03997803,885.85998535,0
749871000,886.33001709,891.13000488,879.41998291,885.03997803,0
749957400,887,934.40002441,880.98999023,887.61999512,0
750043800,897.7199707,898.90002441,874.2800293,874.76000977,0
750303000,873.94000244,879.60998535,866.89001465,868.38000488,0
750389400,868.47998047,875.61999512,866.84997559,871.41998291,0
750475800,874.35998535,879.28997803,854.78997803,859.70001221,0
750562200,858.33001709,859.47998047,848.5300293,855.03997803,0
750648600,855.66998291,862.53997803,854.9699707,856.91998291,0
750907800,848.13000488,850.60998535,835.25,835.25,0
750994200,839.20001221,846.39001465,836.77001953,839.59997559,0
751080600,843.58001709,846.7800293,837.9699707,843.84997559,0
751167000,846.25,846.42999268,831.86999512,832.25,0
751253400,827.75,844.5,818.80999756,818.80999756,0
751512600,792.7800293,797.47998047,774.53997803,784.9699707,0
751599000,789.25,792.42999268,781.13000488,783.22998047,0
751685400,787.78997803,789.40997314,776.40997314,778.33001709,0
751771800,779.64001465,829.09997559,778.27001953,824.65997314,0
751858200,834.51000977,834.78997803,809.79998779,814.73999023,0
752117400,801.85998535,823.25,801.85998535,816.71002197,0
752203800,821.84997559,824.48999023,810.80999756,812.66998291,0
752290200,812.63000488,814.73999023,804.72998047,805.71002197,0
752376600,804.65997314,806.65997314,793.32000732,804.26000977,0
752463000,804.26000977,816.40002441,803.0300293,814.39001465,0
752722200,833.26000977,836.98999023,819.09002686,836.98999023,0
752808600,840.89001465,846.15002441,834.75,846.15002441,0
752895000,848.45001221,856.77001953,828.65997314,833.16998291,0
752981400,836.54998779,851.44000244,836.54998779,848.27001953,0
753067800,858.20001221,868.90997314,858.20001221,865.9699707,0
753327000,875.79998779,893.41998291,875.79998779,890.46002197,0
753413400,890.91998291,891.42999268,876.60998535,880.33001709,0
753499800,881.92999268,894.96002197,881.92999268,887.65002441,0
753586200,895.69000244,903.2800293,892.40997314,903.07000732,0
753672600,907.40997314,924.66998291,904.59997559,924.66998291,0
753931800,924.66998291,954.34997559,898.48999023,949.77001953,0
754018200,955.82000732,971.46002197,949.82000732,957.95001221,0
754104600,955.23999023,963.61999512,945.42999268,953.22998047,0
754191000,959.90002441,992.89001465,959.90002441,986.69000244,0
754277400,986.69000244,1011.76000977,963.46002197,965.39001465,0
754536600,968.44000244,974.84997559,956.34002686,972.96002197,0
754623000,984.53997803,990.40002441,979.08001709,984.92999268,0
754709400,993.66998291,993.73999023,971.48999023,974.79998779,0
754795800,974.34997559,980.94000244,964.42999268,972.79998779,0
754882200,975.65002441,982.09997559,970.09997559,980.66998291,0
755141400,986.11999512,1004.01000977,979.7199707,995.7199707,0
755227800,1006.70001221,1022.34002686,1006.70001221,1022.34002686,0
755314200,1044.84997559,1044.84997559,1004.02001953,1009.66998291,0
755400600,1016.7800293,1016.7800293,969.95001221,984.90002441,0
755487000,986.02001953,994.47998047,957.65002441,978.57000732,0
755746200,982.38000488,982.38000488,947.83001709,950.77001953,0
755832600,942.01000977,953.66998291,914.95001221,925.20001221,0
755919000,926.04998779,940.60998535,903.82000732,940.60998535,0
756005400,941.42999268,948.35998535,908.08001709,908.08001709,0
756091800,884.4699707,913.33001709,884.4699707,901.70001221,0
756351000,823.77001953,836.03997803,750.46002197,783.78997803,0
756437400,786.82000732,840.34002686,778.92999268,840.34002686,0
756523800,837.53997803,852.63000488,819.67999268,821.19000244,0
756610200,820.53997803,839.40997314,820.53997803,833.77001953,0
756696600,841.65997314,845.07000732,828.80999756,834.39001465,0
756955800,841.48999023,845.97998047,837.83001709,839.90002441,0
757042200,851.38000488,854.65002441,836.16998291,839.57000732,0
757128600,839.55999756,839.55999756,820.05999756,821.15997314,0
757215000,819.14001465,835.21002197,816.35998535,826.22998047,0
757301400,829.15997314,834.85998535,825.46002197,833.79998779,0
757560600,833.90002441,833.90002441,833.90002441,833.90002441,0
757647000,832.69000244,832.69000244,832.69000244,832.69000244,0
757733400,846.97998047,846.97998047,846.97998047,846.97998047,0
757819800,869.33001709,869.33001709,869.33001709,869.33001709,0
757906200,879.64001465,879.64001465,879.64001465,879.64001465,0
758165400,900.29998779,900.29998779,900.29998779,900.29998779,0
758251800,891.78997803,891.78997803,891.78997803,891.78997803,0
758338200,888.03997803,888.03997803,888.03997803,888.03997803,0
758424600,897.46002197,897.46002197,897.46002197,897.46002197,0
758511000,849.22998047,849.22998047,849.22998047,849.22998047,0
758770200,859.2800293,859.2800293,859.2800293,859.2800293,0
758856600,835.05999756,835.05999756,835.05999756,835.05999756,0
758943000,807.5,807.5,807.5,807.5,0
759029400,802.60998535,802.60998535,802.60998535,802.60998535,0
759115800,812.88000488,812.88000488,812.88000488,812.88000488,0
759375000,839.20001221,839.20001221,839.20001221,839.20001221,0
759461400,815.89001465,815.89001465,815.89001465,815.89001465,0
759547800,812.40997314,812.40997314,812.40997314,812.40997314,0
759634200,818.59997559,818.59997559,818.59997559,818.59997559,0
759720600,799.26000977,799.26000977,799.26000977,799.26000977,0
759979800,770.25,770.25,770.25,770.25,0
760066200,770.25,770.28003,750.60999,755.15002,0
760152600,753.09998,772.20001,753.09998,772.20001,0
760239000,775.20001,792.52002,775.20001,780.16998,0
760325400,784.04999,797.88,782.34003,797.88,0
761189400,813.95001,818.57001,779.09003,779.90997,0
761275800,775.84998,777.41998,761.64001,772.76001,0
761362200,775.14001,779.25,773.13,776.09998,0
761448600,773.66998,773.98999,763.81,768.59003,0
761535000,768.13,771.89001,765.77002,769.17999,0
761794200,769.94,769.94,752.56,754.40997,0
761880600,751.84998,773.07001,749.77002,768.21002,0
761967000,758.52002,769.95001,757.21002,759.72998,0
762053400,758.84003,761.41998,749.31,758.84003,0
762139800,787.41998,787.66998,765.45001,787.45001,0
762399000,785.82001,795.20001,770.97998,770.97998,0
762485400,771.52002,775.67999,756.63,757.29999,0
762571800,755.53003,760.44,740.63,742.06,0
762658200,742.06,745.41998,728.15002,734.45001,0
762744600,729.14001,735.39001,696.95001,726.29999,0
763003800,720.5,720.78003,713.69,717.01001,0
763090200,721.65002,728.75,705.65002,711.27002,0
763176600,715.87,722.03998,710,716.10999,0
763263000,717.71997,741.13,669.87,669.87,0
763349400,700.32001,717.95001,694.32001,717.35999,0
763608600,774.77002,788.42999,774.77002,788.42999,0
763695000,800.76001,800.76001,772.76001,772.76001,0
763867800,806.40997,806.40997,776.94,776.94,0
763954200,776.94,781.5,752.71997,765.54999,0
764213400,755.85999,757.54999,731.04999,731.62,0
764386200,739.38,740.28003,723.89001,725.21002,0
764472600,725.21002,735.5,719.90002,724.28003,0
764559000,724.28003,736.78998,714.91998,719.06,0
764818200,719.06,719.06,696.57001,702.22998,0
764904600,702.22998,710.90997,700.78998,706.90997,0
764991000,706.90997,713.98999,704.31,706.34003,0
765077400,706.34003,713.23999,701.32001,704.46002,0
765163800,704.46002,704.91998,691.85999,698.84003,0
765423000,698.84003,700.10999,692.71002,694.38,0
765509400,695.03003,698.04999,681.62,683.41998,0
765595800,682.75,683.38,675.57001,679.73999,0
765682200,679.73999,684.40997,674.87,677.31,0
765768600,677.31,680.47998,675.41998,678.85999,0
766027800,678.85999,678.85999,657.45001,659.04999,0
766114200,659.04999,665.75,652.79999,665.60999,0
766200600,665.60999,674.22998,655.20001,656.78003,0
766287000,651.82001,654.57001,634.58002,636.08002,0
766373400,636.08002,636.08002,592.84003,626.78998,0
766632600,612.37,615.13,597.81,604.15002,0
766719000,604.15002,604.15002,572.07001,572.72998,0
766805400,572.72998,572.72998,537.01001,540.23999,0
766891800,540.23999,586.85999,536.33002,582.42999,0
766978200,582.42999,598.79999,563.76001,566.07001,0
767237400,565.90997,572.22998,555.96002,560.79999,0
767323800,572.01001,579.71997,566.78998,579.71997,0
767410200,579.71997,598.5,579.71997,598.5,0
767496600,598.5,615.40997,593.90997,599.63,0
767583000,599.63,610.14001,585.90997,592.56,0
767928600,591.39001,605.78003,589.20001,605.77002,0
768015000,605.77002,620.76001,605.77002,619.67999,0
768101400,619.67999,619.67999,585.29999,590.91998,0
768187800,590.91998,592.53998,575.45001,585.79999,0
768447000,585.21002,588.19,577.07001,581.70001,0
768533400,581.70001,595.38,581.70001,595.38,0
768619800,595.38,606.71997,590.59998,591.17999,0
768706200,591.17999,593.69,580.45001,582.15997,0
768792600,585.41998,590.42999,575.42999,590.39001,0
769051800,589.97998,596.98999,588.69,592.58002,0
769138200,592.29999,594.81,589.65002,592.04999,0
769224600,592.02002,592.02002,581.91998,583.32001,0
769311000,578.79999,590.64001,577.09003,590.53003,0
769397400,591.83002,597.67999,588.37,594.21997,0
769656600,594.59003,597.01001,586.42999,587.65002,0
769743000,587.16998,590.46002,586.67999,590.45001,0
769829400,591.75,592.45001,585.59003,586.76001,0
769915800,586.76001,587.13,576.06,577.45001,0
770002200,577.45001,577.45001,566.52002,573.35999,0
770261400,572.95001,572.95001,543.69,544.26001,0
770347800,545.81,556.27002,541.65997,556.26001,0
770434200,556.26001,556.90002,544.45001,545.04999,0
770520600,543.29999,548.08002,543.14001,546.58002,0
770607000,546.58002,555.39001,546.58002,548.75,0
770866200,548.66998,549.53003,541.02002,542.96002,0
770952600,538.70001,538.90997,528,529.76001,0
771039000,529.76001,535.32001,522.87,533.54999,0
771125400,533.54999,536.87,521.23999,523,0
771211800,523,523,512.19,514.53998,0
771471000,514.53998,514.53998,492.03,492.03,0
771557400,492.03,497.20999,487.37,490.75,0
771643800,490.75,498.53,490.75,496.10999,0
771730200,496.10999,506.41,495.07001,506.35999,0
771816600,506.35999,528.14001,504.20999,527.84998,0
772075800,527.84998,530.79999,500.64001,502.42999,0
772162200,498.56,501.23001,494.79999,498.10001,0
772248600,498.10001,509.10001,498.10001,505.17999,0
772335000,505.17999,507.79999,498.60001,500.39001,0
772421400,500.39001,500.48999,490.88,492.32999,0
772680600,491.79999,491.79999,471.06,472.10001,0
772767000,472.10001,472.92999,468.81,469.95001,0
772853400,472.48001,475.39001,467.01001,468.20001,0
772939800,466.34,470.73001,458.78,469.29001,0
773026200,469.26999,469.37,457.57999,458.37,0
773285400,458.37,458.37,438.48999,438.57999,0
773371800,437.64001,443.87,436.22,443.60999,0
773458200,443.60999,445.04999,430.82999,431.70999,0
773544600,428.29001,430.57001,423.03,425.98001,0
773631000,426.23999,437.82001,425.91,437.76001,0
773890200,437.76001,437.76001,427.09,428.14999,0
773976600,428.14999,431.14999,427.39999,429.20999,0
774063000,429.20999,437.66,429.20999,437.62,0
774149400,437.62,440.54999,431.39001,431.79999,0
774235800,431.01999,431.04001,413.03,413.92999,0
774495000,413.92999,413.92999,397.45999,398.95999,0
774581400,398.95999,403.44,393.07001,400.48001,0
774667800,400.48001,402.48999,393.23999,393.87,0
774754200,390.94,390.98001,380.73001,380.89999,0
774840600,380.89999,380.89999,362.78,363.73001,0
775099800,355.57999,375.39001,354.82999,375.38,0
775186200,376.76001,388.75,372.26001,388.75,0
775272600,388.75,391.82999,369.63,371.19,0
775359000,371.19,371.19,339.41,339.81,0
775445400,335.63,338.81,325.92001,333.92001,0
775704600,394.87,448,378.23999,445.64001,0
775791000,451.17001,494.17001,431.85999,432.60999,0
775877400,432.54999,523.03003,432.54999,522.97998,0
775963800,558.48999,592.83002,534.94,562.77002,0
776050200,579.47998,683.03998,579.46997,683.03998,0
776309400,720.47998,753.07001,671.44,711.79999,0
776395800,705.44,705.44,608.69,687.13,0
776482200,635.27002,739.66998,597.56,739.56,0
776568600,754.29999,768.53003,684.28003,689.31,0
776655000,676.07001,731.03998,676.01001,689.65997,0
776914200,689.65997,690.75,654.90997,665.88,0
777000600,664.45001,713.90997,664.45001,693.02002,0
777087000,693.06,725.07001,693.03003,725.03998,0
777173400,734.84003,772.46002,726.32001,748.56,0
777259800,748.56,760.02002,707.45001,713.84998,0
777519000,681.32001,697.34003,669.46997,681.79999,0
777605400,692.59998,714.65997,673.44,714.60999,0
777691800,718.60999,726.91998,704.81,705.71002,0
777778200,704.46997,724.15997,704.46997,722.22998,0
777864600,728.95001,733.76001,706.42999,707.40997,0
778123800,712.92999,716.09003,706.88,710.67999,0
778210200,719.91998,762.53998,718.72998,756.20001,0
778296600,771.23999,787.09003,761.41998,785.33002,0
778383000,785.33002,812.97998,756.59998,790.19,0
778469400,796.70001,830.19,796.69,830.17999,0
778728600,830.17999,940.62,830.17999,940.62,0
778815000,940.62,1007.34,936.96997,1004.92,0
778901400,999.42999,1016.55,922.28998,931.57001,0
778987800,931.57001,997.90002,931.57001,972.84003,0
779074200,972.84003,997.51001,950.83002,962.53003,0
779333400,962.53003,1023.24,962.53003,1019.97,0
779419800,1035.84,1052.25,1025.62,1033.47,0
779506200,1040.95,1041.25,971.04999,974.85999,0
779592600,986.32001,990.73999,930.95001,972.53998,0
779679000,983.19,992.38,954.09003,978.98999,0
779938200,944.26001,969.71997,926.26001,927.62,0
780024600,922.78998,933.07001,897.90997,914.39001,0
780111000,928.76001,969.03998,928.76001,969.02002,0
780197400,974.21997,974.21997,915.46002,918.44,0
780283800,908.75,912.84003,866.37,867.65002,0
780543000,856.16998,884.06,844.27002,880.69,0
780629400,880.69,886.59998,865.46997,870.15002,0
780715800,881.02002,913.38,881.01001,912.38,0
780802200,921.82001,922.01001,823.35999,839.37,0
780888600,811.15002,833.96002,789.47998,791.15002,0
781320600,791.10999,791.10999,682.16998,706.41998,0
781407000,731.64001,735.02002,660.45001,660.5,0
781493400,638.32001,759.66998,547.26001,738.03003,0
781752600,678.01001,727.51001,667.72998,698.92999,0
781839000,711.79999,721.41998,700.14001,705.07001,0
781925400,712.39001,725.47998,706.5,711.01001,0
782011800,708.70001,708.70001,634.67999,635.38,0
782098200,608.06,666.81,593.52002,663.75,0
782357400,663.75,663.75,615.84003,616.34003,0
782443800,625.5,629.60999,619.14001,624.52002,0
782530200,631.34003,653.77002,631.34003,652.89001,0
782616600,674.89001,719,674.89001,718.98999,0
782703000,730.96997,746.56,706.28003,712.71002,0
782962200,741.04999,785.90002,735.03998,785.84998,0
783048600,785.84998,794.58002,738.35999,744.48999,0
783135000,727.95001,730.69,683.56,686.31,0
783221400,682.02002,703.71997,678.39001,703.66998,0
783307800,691.51001,702.60999,676.20001,685.21002,0
783567000,648.23999,664.92999,643.63,654.97998,0
783653400,664.56,675.63,657.46002,673.78998,0
783739800,667.14001,672.12,663.82001,667.87,0
783826200,675.32001,722.39001,675.32001,717.35999,0
783912600,718.98999,718.98999,664.95001,666.78003,0
784171800,649.59003,678.46002,648.67999,674.67999,0
784258200,707.27002,735.22998,698.14001,709.69,0
784344600,691.97998,724.72998,691.26001,723.90997,0
784431000,739.58002,741.85999,710.29999,711.67999,0
784517400,719.69,731.16998,708.07001,731.15997,0
784776600,735.19,739.46002,725.84003,733.40002,0
784863000,717.35999,724.29999,705.40002,705.42999,0
784949400,704.92999,712.33002,694.21997,706.63,0
785035800,707.15002,709.75,696.91998,697.16998,0
785122200,697.16998,698.84998,685.69,698.81,0
785381400,695.75,703.59003,694,699.09998,0
785467800,702.03998,705.20001,690.51001,692.39001,0
785554200,692.39001,692.39001,676.48999,679.60999,0
785640600,674.83002,683.96002,674.79999,678.02002,0
785727000,690.03998,694.96997,684.09003,685.33002,60328400
785986200,683.83002,683.83002,677.96002,681.48999,23031900
786072600,671.70001,687.57001,671.03998,687.56,31589000
786159000,687.03998,689.96002,682.81,683.59003,35099000
786245400,683.38,684.71997,679.98999,682.29999,20846400
786331800,685.23999,685.33002,677.58002,677.90997,65036000
786591000,677.82001,677.82001,662.78003,663.13,27536700
786677400,657,658.21997,648.75,653.97998,30995000
786763800,653.97998,658.51001,651.39001,652.84998,18239000
786850200,652.84998,654.63,643.28003,643.85999,18949300
786936600,639.75,647.47998,636.02002,640.66998,27642500
787195800,640.52002,640.52002,620.46002,620.46997,22914800
787282200,632.69,639.88,621.79999,636.65997,33333500
787368600,633.03998,633.03998,624.42999,625.21002,21800400
787455000,626.44,669.28003,626.44,666.67999,82442600
787541400,661.37,693.59003,658.20001,680.22998,190010800
787800600,684.62,685.29999,653.29999,653.37,87219200
787887000,660.25,674.64001,654.88,667.94,127253504
787973400,667.94,691.65002,665.78998,672.46997,262555600
788059800,672.46997,676.02002,658.19,673.47998,172547104
788146200,673.95001,695.21997,673.95001,677.84003,326795808
788405400,684.81,688.52002,674.96997,675.88,150799200
788491800,675.88,681.09998,660.15002,660.88,146911904
788578200,660.88,662.94,648.29999,649.59003,81187696
788664600,649.59003,658.25,642.28998,645.06,78128800
788751000,648.04999,651.29999,643.09003,647.87,54337300
789096600,637.72998,647.53998,630.52002,639.88,18069300
789183000,641.89001,655.48999,639.62,653.81,30692300
789269400,653.81,657.45001,645.82001,646.89001,30153300
789355800,642.73999,643.83002,636.34003,640.76001,35375800
789615000,637.52002,637.52002,625.03998,626,39852000
789701400,626,626,607.06,610.29999,45054100
789787800,610.29999,615.22998,606.91998,613.13,24504500
789874200,612.79999,615.44,601.20001,602.12,24243500
789960600,597.32001,601.07001,593.87,597.84003,29223000
790219800,591.06,591.33002,584.88,588.84998,26300900
790306200,593.04999,594.90002,586.59998,587.94,20345600
790392600,587.94,593.65002,587.08002,593.64001,17703800
790479000,592.23999,593.04999,571.42999,571.71997,23820400
790565400,566.79999,578.52002,559.67999,571.23999,27004100
790824600,571.23999,571.23999,553.14001,553.46002,19905000
790911000,552.78003,559.31,547.39001,547.57001,24853900
790997400,550.27002,558.44,550.27002,555.77002,24132900
791083800,553.89001,555.23999,551.65997,553.10999,18284600
791170200,552.96002,564.52002,552.95001,562.58002,23115400
792034200,559.78003,559.78003,532.92999,533.71997,16998400
792120600,532.10999,536.62,524.42999,532.48999,13048800
792207000,533.08002,537.54999,531.21002,533.75,11400600
792293400,536.06,553.38,536.06,553.35999,25048100
792379800,548.77002,558.90002,540.64001,541.37,32881400
792639000,541.37,550.21002,537.10999,548.84003,19702400
792725400,549.76001,552.34998,542.17999,548.10999,15059500
792811800,547.83002,548.53003,542.51001,542.84003,11398300
792898200,542.26001,542.83002,537.21002,538.37,13640300
792984600,537.87,537.98999,532.66998,533.76001,38568700
793243800,533.76001,540.84998,533.76001,534.96002,12629400
793330200,536.08002,541.14001,535.98999,541.14001,11710400
793416600,541.21002,594.64001,541.21002,594.63,96516400
793503000,584.5,608.25,573.40997,589.13,133661504
793589400,591.90997,594.65997,555.40997,558.42999,87924800
793848600,584.02002,590.88,559.08002,561.27002,74004600
793935000,558.41998,558.41998,544.06,549.26001,33983200
794021400,548.91998,559.47998,545.73999,556.96002,29809700
794107800,557.5,564.64001,553.58002,560.84998,36495800
794194200,562.29999,580.27002,562.29999,577.21997,88180400
794453400,577.21997,616.46002,577.21997,616.29999,158263008
794539800,614.73999,635.01001,597.45001,632.96002,251377904
794626200,632.96002,638.97998,616.84003,620.81,215338704
794712600,620.81,624.20001,604.92999,605.58002,162394000
794799000,605.58002,605.58002,583.73999,586.28998,92832800
795058200,596.65002,596.98999,583.39001,586.22998,55920500
795144600,586.22998,599.79999,586.21002,588.23999,71949504
795231000,588.23999,591.47998,568.64001,572.59998,66866300
795317400,570.51001,579.94,569.17999,579.88,49507200
795403800,579.62,593.83002,577.96002,593.52002,79819696
795663000,593.52002,604.95001,585.34998,585.45001,89513104
795749400,581.78998,593.08002,581.42999,591.95001,40666200
795835800,591.95001,613.70001,591.95001,613.70001,102633200
795922200,617.54999,620.21997,609.23999,611.13,137590304
796008600,609.90002,613.59003,600.53998,611.77002,73583400
796267800,619.34998,631.65002,619.34998,629.35999,149408000
796354200,625.57001,631.81,624.45001,626.53998,102580496
796440600,624.84003,637.15997,615.45001,637.14001,85169296
796527000,641.35999,644.71002,630.28003,630.92999,164867904
796613400,629.92999,647.77002,627.27002,646.91998,120077400
796872600,650.97998,660.53003,647.45001,656.65002,1292327936
796959000,652.42999,660.72998,650.88,660.15997,132759800
797045400,658.45001,664.90002,649.65997,649.70001,139263200
797131800,645.14001,659.06,641.84003,659.06,121624896
797218200,663.45001,677.52002,662.78003,673.71997,220045600
797477400,673.70001,680.72998,665.39001,667.39001,264618096
797563800,661.01001,664.81,640.58002,641.08002,354151616
797650200,633.81,649.21002,632.71997,644.73999,161981296
797736600,647.21002,650.97998,632.76001,632.76001,143620304
797823000,630.71997,640.52002,627.02002,640.03998,102212600
798082200,640.10999,642.78998,628.65997,631.26001,51849000
798168600,631.26001,634.08002,625.15997,625.52002,57637400
798255000,626.35999,631.59003,626.35999,631.5,70813000
798341400,631.5,645.23999,631.5,645.20001,109240000
798427800,646.90002,649.16998,635.71002,635.98999,134057296
798687000,637.82001,637.82001,618.12,619.72998,97712400
798773400,617.01001,621.53003,615.39001,619.84003,42931200
798859800,621.12,622.89001,601.78003,601.83002,94141000
798946200,601.81,601.81,548.73999,573.29999,123658704
799032600,577.42999,582.03998,572.40002,579.92999,58219700
799378200,577.95001,580.28003,575.02002,579.04999,79249800
799464600,579.04999,586.22998,579.04999,580.38,48247300
799551000,578.08002,578.08002,568.13,571.20001,48050700
799637400,569.52002,577.46002,569.52002,574.16998,41884500
799896600,573.12,574.98999,568.70001,571.51001,30024000
799983000,572.09998,579.54999,572.09998,578.5,24326400
800069400,577.75,580.70001,564.85999,565.14001,33191400
800155800,572.06,572.12,566.41998,568.06,19222100
800242200,567.89001,593.26001,567.89001,584.84003,106445504
800501400,583.96997,583.96997,578.64001,582.03998,30410200
800587800,581.77002,584.40997,578.19,578.84998,22328500
800674200,578.84003,582.96002,577.15002,582.88,15119500
800760600,741.81,770.82001,682.01001,763.51001,1007609984
800847000,768.82001,855.81,761.38,855.81,980015296
801106200,919.75,926.40997,870.78998,897.41998,1207091968
801192600,791.73999,833.69,749.83002,750.29999,840916096
801279000,761.15997,769.52002,720.95001,741.92999,338159712
801365400,742.57001,748.16998,696.84003,696.84003,252523008
801451800,696.84003,782.39001,672.34998,727.62,390133888
801711000,717.38,718.48999,698.76001,710.59003,114123504
801797400,712.26001,725.71002,704.52002,711,126918304
801883800,710.76001,710.76001,690.70001,700.51001,81567000
801970200,703.71997,708.66998,702.08002,708.66998,90697504
802056600,708.57001,722.28003,708.57001,716.82001,113208200
802315800,716.69,718.28003,691.48999,691.64001,118700200
802402200,678.37,690.65997,675.79999,689.13,68300496
802488600,688.59003,716.53998,686.90002,716.45001,80330800
802575000,716.45001,722.20001,693.48999,695.92999,214323104
802661400,695.92999,709.06,695.65002,702.62,133747504
802920600,696.65002,701.89001,690.42999,698.71997,194417408
803007000,698.71997,703.03998,696.83002,698.94,118839696
803093400,698.94,701.72998,684.88,689.21997,110360704
803179800,685.45001,685.45001,640.54999,646.84998,231709200
803266200,646.84998,655.02002,636.23999,646.53998,98291296
803525400,637.57001,641.65002,634.91998,638.96002,71411504
803611800,638.96002,647.32001,638.96002,640.65002,77950000
803698200,640.23999,651.81,640.23999,651.81,85903600
803784600,651.72998,653.91998,642.58002,644.46997,106360800
803871000,643.40997,650.83002,643.40997,650.14001,85588600
804130200,650.91998,654.71002,647.79999,653.40002,82060704
804216600,652.95001,659.71997,648.88,649.92999,138607808
804303000,649.28003,649.40997,643.59003,647.64001,79209400
804389400,647.64001,650.28003,641.57001,643.91998,79952400
804475800,641.59998,641.59998,625.95001,630.58002,191774000
804735000,623.13,623.14001,613.02002,613.17999,126025696
804821400,612.23999,620.64001,610.73999,620.62,90839904
804907800,624.02002,637.34998,623.98999,636.02002,115741504
804994200,636.02002,650.58002,631.33002,637.76001,204092304
805080600,636.02002,666.78003,636.02002,666.78003,306610912
805339800,669.07001,670.52002,659.89001,666.23999,340945984
805426200,668.75,669.85999,648.82001,649.19,224597696
805512600,649.19,652.82001,645.84998,648.90997,113428896
805599000,648.90997,656.31,648.90997,656.31,158822896
805685400,656.31,662.39001,652.45001,652.79999,176640192
805944600,651.95001,700.60999,651.66998,695.45001,461882912
806031000,693.96002,715.46997,686.06,715.46997,669299072
806117400,715.40002,723.37,689.12,690.97998,669834496
806203800,686.56,696.85999,681.38,690.29999,276321600
806290200,690.29999,699.03998,686.73999,693.56,287603008
806549400,699.84003,716.07001,699.84003,709.91998,858244928
806635800,709.71997,712.08002,699.46002,703.58002,467742592
806722200,703.28998,712.69,690.78998,691.10999,370540192
806808600,686.90002,697.71997,686.90002,697.71997,224699296
806895000,699.84998,702.60999,692.81,695.41998,323092512
807154200,699.59998,701.90997,692.67999,695.54999,232412608
807240600,697.21997,717.84998,688.65002,715.40002,319420192
807327000,721.14001,733,699.96002,699.98999,454482912
807413400,699.40002,706.53003,698.71997,703.44,181712304
807499800,703.44,712.34003,703.44,708.38,257034096
807759000,708.73999,718.08002,708.73999,718.08002,268904384
807845400,724.78998,728.07001,709.34003,712.53003,356622688
807931800,711.78998,716.20001,705.07001,716.03998,362322112
808018200,718.75,741.34998,714.87,735.14001,855836672
808104600,736.63,749.07001,734.63,744.98999,905935680
808363800,759.12,788.28003,753.20001,776.13,183522592
808450200,773.72998,773.72998,749.66998,751.47998,727862720
808536600,757.79999,767.87,756.41998,767.65997,780019008
808623000,777.02002,782.72998,763.20001,769.45001,696710912
808709400,772.56,772.85999,753.52002,757.42999,495351904
808968600,748.87,755.34998,735.08002,739.06,411313984
809055000,738.94,742.70001,734.58002,739.84998,243088704
809141400,741.71997,744.39001,725.03998,729.89001,251578592
809227800,728.76001,735.15997,718.13,733.84998,259630800
809314200,733.17999,734.19,724.22998,727.58002,220727808
809573400,724.10999,728.47998,723.08002,725.62,147884896
809659800,728.09998,741.53003,719.95001,722.08002,256824096
809746200,721.73999,725.57001,714.17999,715.72998,179381792
809832600,715.56,723.87,711.16998,723.87,188234208
809919000,726.04999,728.84998,721.02002,728.84003,203653296
810178200,731.40997,737.89001,729.09998,737.89001,286588288
810264600,743.21002,751.65002,736.25,739.53003,269862496
810351000,738.98999,754.47998,738.58002,753.75,381750208
810437400,758.29999,766,753.58002,753.84003,619017984
810523800,753.28003,757.94,747.5,751.08002,305147904
810783000,756.67999,775.44,755.65002,775.44,421379488
810869400,775.44,792.03998,760.83002,763.69,461111808
810955800,764.90997,767.08002,755.19,763.17999,342601504
811042200,765.14001,765.90997,754.65002,758.13,429930400
811128600,756.65002,757.78998,749.96997,755.92999,269183392
811387800,757.97998,758.12,751.41998,757.40002,241800304
811474200,761.15997,762.01001,735.34003,736.73999,315408288
811560600,730.27002,731.26001,720.96997,726.14001,202767504
811647000,726.32001,731.69,726.32001,731.16998,136701504
811733400,731.16998,733.76001,727.45001,730.01001,107483104
811992600,730,730,717.56,723.34003,121079296
812079000,723.21997,729.26001,721.90002,728.85999,102287200
812165400,727.46002,728.29999,707.42999,708.46002,260965504
812251800,705.03003,711.19,699.10999,711.19,206893696
812338200,711.90997,722.42999,711.90997,722.42999,192206096
812770200,724.03998,725.19,716.15002,717.78998,122204496
812856600,717.78998,724.88,715.67999,724.88,102040096
812943000,725.45001,729.35999,718.90997,719.96002,232343200
813202200,717.98999,717.98999,704.39001,706.28998,234576000
813288600,704.54999,720.21997,703.51001,708.63,399519488
813375000,705.56,710.89001,700.69,710.89001,413923104
813461400,713.25,714.71002,703.88,704.40002,548718528
813547800,702.47998,711.47998,693.81,702.97998,392921088
813807000,702.14001,706.28003,696.81,701.34003,259195296
813893400,700.84998,705.51001,698.44,702.40002,188829904
813979800,705.71997,716.83002,705.71997,716.83002,427305408
814066200,716.83002,720.59003,700.56,702.78998,752719680
814152600,700.32001,726.28998,697.46997,726.28998,322121216
814411800,729.77002,729.77002,718.41998,723.09003,387799488
814498200,724.78998,727.34003,720.28003,723.56,311609792
814584600,765.21997,765.21997,740.77002,760.40997,804644096
814671000,757.12,759.76001,731.40997,731.46002,637761792
814757400,730.96002,735.03998,721.31,722.35999,357932000
815016600,722.85999,724.53998,719.27002,722.78003,251325408
815103000,723.42999,726.32001,715.46002,717.31,273356800
815189400,716.46002,727.40997,712.51001,723.39001,303568704
815275800,723.96002,728.27002,719.20001,721.70001,205036496
815362200,720.78003,727.78003,720.78003,727.78003,192160304
815621400,729.03003,736.15002,729.03003,736.15002,247745504
815707800,736.90002,736.90002,728.59998,729.69,203449904
815794200,729.69,729.69,708.54999,711.60999,255337600
815880600,708.58002,714.47998,700.85999,711.20001,205113408
815967000,710.73999,712.15997,708.17999,708.76001,132863696
816226200,705.89001,705.90002,686.44,688.70001,168168096
816312600,687.07001,691.23999,684.5,688.87,129028200
816399000,688.5,692.20001,680.72998,692.20001,170547392
816485400,690.77002,691.04999,681.35999,682.44,148332000
816571800,680.08002,682.22998,675.26001,676.19,123332200
816831000,671.79999,677.01001,668.65997,674.73999,99001000
816917400,675.17999,678.85999,675.17999,678.41998,78163800
817003800,678.41998,679.39001,662.91998,663.32001,91495600
817090200,663.32001,664.85999,657.63,658.35999,101738800
817176600,658.37,662.04999,654.08002,659.37,76356400
817435800,658.09003,658.31,644.65997,645.03003,85662096
817522200,643.72998,652.57001,638.29999,652.57001,95965504
817608600,652.09998,652.09998,640.48999,641.59003,73242800
817695000,639.51001,652.41998,632.02002,641.14001,92361600
817781400,631.54999,639.46002,625.13,633.81,92195104
818040600,632.71997,635.72998,632.26001,634.91998,41221900
818127000,636.42999,638.71997,635.59003,637.21997,46021300
818213400,637.21997,637.29999,627.83002,628.42999,64132200
818299800,628.62,632.37,627.06,631.84003,50083200
818386200,631.95001,641.67999,631.88,636.78003,145622208
818645400,636.82001,639.26001,618.03998,619.25,113772896
818731800,619.25,633.84998,605.13,629.45001,147649296
818818200,629.84003,631.14001,613.25,613.79999,143350704
818904600,613.07001,617.83002,611.51001,614.73999,76643800
818991000,612.59003,612.59998,601.22998,603.89001,99369600
819250200,600.65997,600.65997,591.16998,592.14001,0
819336600,592.71997,596.34998,590.91998,592.04999,63900300
819423000,593.51001,601.03998,593.51001,601.03998,66590200
819509400,601.90002,606.64001,597.01001,597.42999,95768096
819595800,596.26001,599.69,591.46997,594.23999,69686704
819855000,590.75,590.75,579.27002,580.03003,70979296
819941400,578.78998,580.38,571.48999,572.21997,54895300
820027800,571.69,573.90002,562.34003,570.40002,80912304
820114200,568.77002,569.17999,556.01001,556.82001,80937296
820200600,555.73999,561.59998,552.85999,555.28998,82233696
820546200,550.25,550.26001,537.47998,537.87,48247800
820632600,535.21997,542.75,530.78998,542.41998,55619300
820719000,541.94,558.92999,539.87,558.76001,110591296
820805400,559.02002,561.37,536.12,536.35999,138637104
821064600,533.56,539.90997,527.87,539.15997,69620704
821151000,539.15997,559.38,539.15997,558.62,189474304
821237400,552.29999,552.31,540.59003,547.62,153153600
821323800,547.46002,552.53998,543.17999,545.64001,115774400
821410200,545.22998,549.79999,541.66998,547.10999,96742896
821669400,545.04999,551.95001,543.84998,551.03998,91936096
821755800,551.82001,554.84003,545.5,547.76001,85291104
821842200,546.21002,548.57001,535.23999,537.31,98115400
821928600,533.37,533.37,517.29999,517.63,12675500
822015000,515,523.64001,512.82001,523.5,86391200
822274200,520.95001,521,514.21002,516.46002,68262400
822360600,515.47998,522.39001,515.47998,519.59998,55634000
822447000,519.94,524.33002,519.92999,522.63,77997800
822533400,522.63,538.97998,520.82001,521.37,230732000
822619800,516.44,527.08002,515.45001,525.57001,96733000
822879000,526.20001,530.09998,525.46997,529.14001,109830096
822965400,531.29999,532.63,525.59998,532.57001,115375696
823051800,531.45001,538.04999,530.12,537.34998,196473296
823138200,536.23999,537.15997,532.66998,536.67999,96221800
823224600,536.67999,536.67999,528.58002,536.03998,99307000
823483800,537.22998,537.22998,522.57001,522.84998,122087696
823570200,520.08002,522.58002,518.25,520.69,77620400
823656600,520.37,524.62,519.78998,524.28998,67355600
823743000,523.73999,524.64001,521.15997,521.85999,37869400
823829400,522,525.41998,521.14001,525.40997,32965800
824088600,525.40997,525.77002,522.17999,525.77002,36464200
824175000,525.14001,530.75,524.96002,529.58002,47176200
824261400,530.09003,534.17999,528.70001,529.25,49788300
824347800,529.33002,538.35999,528.52002,536.97998,83097904
824434200,537.13,553.76001,537.13,552.92999,187061104
825903000,580.03003,602.02002,572.53998,602.02002,448092416
825989400,600.45001,606.37,582.72998,587.06,428967200
826075800,587.06,587.06,558.67999,559.70001,251425792
826162200,558.12,569.33002,558.03998,569.33002,114842096
826248600,566.89001,574.65997,559.21002,573.13,133441200
826507800,574.19,575.45001,565.52002,568.12,115724704
826594200,566.28998,566.28998,556.40997,563.88,116622496
826680600,563.88,566.13,561.12,563.20001,66170200
826767000,562.97998,564.65997,561.57001,562.29999,59266800
826853400,561.42999,563.5,557.53998,562.39001,59779500
827112600,561.81,567.96002,561.09998,567.87,98070400
827199000,567.87,571.09998,565.34003,566.54999,76332200
827285400,566.28003,570.41998,566.27002,569.65997,80307104
827371800,570.21002,574,569.34998,569.76001,111847904
827458200,569.5,571.33002,566.52002,570.17999,88493600
827717400,570.76001,572.70001,569.39001,570.23999,96236096
827803800,570.23999,570.72998,563,563.52002,89045600
827890200,562.72998,562.92999,557.33002,562.34998,68452200
827976600,562.31,562.41998,553.87,554.03003,106069696
828063000,553.78998,557.31,549.70001,556.40002,84691400
828322200,566.21002,573.95001,562.03998,566.19,137165504
828408600,564.94,564.97998,556.97998,557.21002,67606800
828495000,557.56,562.28003,556.28003,560.97998,48424000
828581400,561.17999,564.46002,559.82001,563.19,53690100
828667800,563.66998,584.03003,563.66998,582.53003,115715904
828927000,583.63,587.57001,578.31,581.38,189936000
829013400,580.63,580.90997,576.62,578.07001,85930496
829099800,578.07001,582.23999,577.72998,579.82001,100459696
829186200,579.82001,583.38,576.98999,583.38,99855400
829272600,583.38,593.70001,583.38,586.96002,154845792
829531800,585.95001,587.91998,583.31,584.66998,82785000
829618200,584.27002,591.40997,584.22998,590.84998,135067296
829704600,594.15997,597.73999,591.90997,593.38,174049200
829791000,592.81,600.28998,589.79999,600.28003,165679008
829877400,602.15002,618.40002,602.13,618.12,412334016
830136600,624.92999,627.75,613.96997,613.96997,531217408
830223000,611.37,623.76001,609.97998,623.76001,288155488
830309400,633.79999,664.65002,633.79999,664.65002,718455296
830395800,683.64001,686.21997,650.64001,652.66998,668921280
830482200,652.63,714.69,652.63,707.60999,1007137984
830741400,688.73999,739.15997,688.73999,738.62,878022272
830827800,728.39001,738.51001,678.72998,681.15997,723560384
831000600,715.97998,721.21997,652.78998,654.42999,517900096
831087000,653.67999,660.22998,644.92999,650.03998,296082688
831346200,648.22998,672.65997,648.22998,671.28003,576648896
831432600,677.45001,682.53003,659.97998,661.15997,493371584
831519000,659.70001,666.83002,653.21997,661.26001,311916992
831605400,661.27002,669.76001,654.96002,656.90002,267248192
831691800,656.33002,661.46997,648.03998,661.46997,222507392
831951000,666.56,672.59998,663.91998,666.10999,353923200
832037400,668.58002,672.31,663.34998,665.41998,262345504
832123800,665.76001,682.04999,664.98999,682.04999,260232000
832210200,687.52002,698.37,682.28003,683.08002,548352576
832296600,685.20001,712.04999,682.40997,711.92999,405411488
832555800,719.19,725.15997,699.35999,703.08002,579984000
832642200,701.96002,707.06,660.92999,661.84998,417760288
832728600,658.15002,672.60999,657.42999,668.62,329474688
832815000,668.70001,670.23999,641.57001,642.66998,298572096
832901400,638.76001,644.91998,630.41998,639.79999,232624896
833160600,639.51001,642.10999,635.02002,637.96002,111228000
833247000,638.57001,647.06,638.17999,646.90997,182863104
833333400,648.54999,652.28003,646.84003,650.54999,132726304
833419800,650.60999,650.90002,634.02002,636.35999,152284304
833506200,633.91998,653.21997,632.21997,643.65002,223575200
833765400,643.96002,652.52002,636.46002,641.09003,268379296
833851800,642.06,656.59003,642,651.51001,286990400
833938200,654.78003,696.96997,654.03998,696.96997,567517568
834024600,703.03003,715.58002,691.48999,702.64001,741441216
834111000,720.44,739.44,716.53998,727.34003,1027217984
834370200,740.10999,764.63,736.98999,764.39001,994489216
834456600,765.32001,765.34998,742.40002,752.26001,733942784
834543000,761.38,774.01001,751.34003,755.77002,760528896
834629400,758.21997,769.29999,745.53003,768.67999,636722432
834715800,781.97998,790.32001,772.39001,777.28003,960303104
834975000,779.71002,780.34998,750.03998,752,532817984
835061400,749.29999,793.59998,748.56,793.56,497565504
835147800,801.09998,814.20001,787.37,796.90997,701868672
835234200,788.91998,802.60999,783.46997,793.58002,378469088
835320600,797.90002,806.09998,793.41998,796.10999,359624288
835579800,797.87,799.03003,789.09003,793.34003,326198496
835666200,764.65997,788.69,762.13,780.65002,344433696
835752600,782.15002,802.03998,782.15002,801.46002,374811904
835839000,811.51001,819.84003,801.73999,806.46002,552590080
835925400,809.59998,811.88,798.03998,804.25,415887616
836184600,800.90997,801.04999,755.32001,761.12,567947904
836271000,758.46997,766.07001,753.64001,759.71002,350145408
836357400,767.10999,786.15997,766.42999,786.13,527006496
836443800,790.28003,794.84998,774.07001,785.42999,602162624
836530200,788.09998,797.15002,783.85999,785.38,609544320
836789400,794.13,807.89001,790.09003,807.34003,668346816
836875800,815.02002,822.51001,807.42999,817.60999,709440896
836962200,821.09998,825.39001,809.34998,820.04999,588340096
837048600,822.17999,822.39001,790.57001,792.07001,499033600
837135000,784.26001,796.40997,778.87,796.40997,354307104
837394200,794.88,796.25,780.15002,789.15997,344475488
837480600,796.76001,823.77002,793.69,823.08002,548223808
837567000,830.65002,841.40997,808.5,808.98999,676203072
837653400,808.09003,819.56,808.09003,818.03998,344491584
837739800,824.01001,857.08002,820.65997,856.92999,818972992
837999000,871.47998,887.07001,870.21997,884.94,1016329984
838085400,888.91998,889.40997,864.51001,871.46997,612770304
838171800,874.96997,894.72998,874.96997,887.59998,647491904
838258200,887.25,894.21002,867.09003,868.15997,704097472
838344600,868.28003,872.27002,840.20001,845.12,582294080
838603800,846.19,855.5,837.20001,855.41998,358572096
838690200,861.71997,865.5,834.87,836.92999,372788000
838776600,836.66998,841.71997,820.84998,822.47998,318691488
838863000,823.16998,843.01001,814.89001,835.09998,331315488
838949400,842.40002,850.59003,828.65997,838.88,363185216
839208600,846.03003,853.20001,838.59998,853.19,298907296
839295000,854.78003,862.42999,848.35999,862.21997,355962304
839381400,865.48999,873.03003,862.60999,867.27002,486879392
839467800,871.03003,877.91998,869.54999,876,424954592
839554200,875.19,880.31,857.73999,871.59998,518358784
839813400,880.13,894.85999,880.13,886.04999,511244992
839899800,885.89001,887.34998,872.40002,874.79999,316621088
839986200,875.78003,879.09003,868.73999,871.64001,291192000
840072600,872.83002,878.57001,864.77002,865.83002,348605696
840159000,862.67999,862.88,838.41998,853.87,374350592
840418200,852.34003,852.34998,834.53998,835.62,248822800
840504600,834.72998,837.58002,820.77002,822.44,258507200
840591000,825.69,842.67999,825.59998,833.60999,328803200
840677400,838.20001,842.46002,816.04999,818.20001,283698112
840763800,824.89001,824.89001,786.44,803.69,330593504
841023000,789.15002,800.53003,770.84998,773.07001,277143296
841109400,769.78998,787.47998,766.70001,787.46997,247087600
841195800,790.71997,806.35999,789.06,796.84003,336032192
841282200,797.31,797.97998,783.96002,788.72998,260291392
841368600,791.39001,809.96997,791.39001,809.94,435683104
841627800,812.94,813.57001,803.13,804.78003,345652896
841714200,805.53003,818.88,799.01001,800.21997,348128992
841800600,797.90002,813.46002,795.07001,812.02002,328109184
841887000,817.37,838.66998,812.92999,814.38,631007872
841973400,813.59003,818.35999,796.16998,801.22998,327131488
842232600,798.59998,799.97998,791.63,793.59003,340578912
842319000,793.21997,793.21997,763.15002,764.45001,322603392
842405400,762.81,773.59998,754.59003,769.23999,238969504
842491800,780.32001,784.17999,754.10999,757.09003,250328400
842578200,756.39001,779.07001,752.67999,779.07001,272007392
842837400,779.84998,784.47998,771.79999,778.28998,285140704
842923800,777.72998,785.10999,774.15002,776.47998,265440608
843010200,781.34003,782.72998,757.94,760.76001,280547808
843096600,756.10999,769.13,754.28003,769.09998,188377904
843183000,772.28998,805.53998,770.03998,805.53998,0
843442200,812.94,852.03998,812.31,851.98999,846179904
843528600,857.41998,865.48999,845.39001,849.91998,734853632
843615000,855.34003,858.59998,830.25,835.17999,512216992
843701400,837.67999,857.44,837.67999,854.65997,527025792
843787800,861.62,875.52002,855.75,875.52002,658919104
844306200,887.84998,891.70001,864.66998,865.48999,566190080
844392600,864.19,869.65002,855.78998,863.46002,369192000
844651800,866.07001,869.87,852.83002,864.65997,424416288
844738200,869.08002,882.08002,865.41998,877.60999,520917312
844824600,882.19,883.62,865.56,874.01001,495769216
844911000,878.04999,904.14001,877.34003,904.09998,940130688
844997400,909.06,912.01001,898.71997,909.89001,1046132992
845256600,919.70001,943.54999,919.70001,940.78998,1199227008
845343000,943.81,944.94,925.65997,937.28998,835889728
845429400,944.34998,953.40002,921.14001,933.88,805010176
845515800,931.10999,952.45001,928.08002,952.32001,794928128
845602200,960.54999,968.21997,937.77002,939.92999,941884480
845861400,943.03003,964.44,943.03003,964.39001,715595392
845947800,952.92999,978.97998,943.02002,976.46997,977384192
846034200,989.32001,1011.13,986.71997,1010.83,1354777984
846120600,1017.46,1020.97,1004.37,1007.91,1065052032
846207000,1006.3,1016.91,994.82001,1012.67,1085378048
846466200,1001.23,1026.84,1000.07,1022.86,943321728
846552600,1032.61,1038.8101,1013.49,1017.52,1006592000
846639000,1017.06,1022.02,955.22998,958.94,798564288
846725400,972.15997,983.22998,949.59003,976.71002,601628800
846811800,935.16998,962.10999,906.96002,930.78998,630510784
847071000,931,947.88,929.72998,945.12,399411488
847157400,947.44,950.35999,922.66998,928.03003,402207296
847243800,925.76001,928.46002,896.88,915.04999,336893088
847330200,919.95001,931.59998,915.62,928.14001,317394304
847416600,927.23999,927.39001,911.91998,919.66998,276561504
847675800,923.37,933.96997,922.20001,933.96997,338196000
847762200,937.70001,949.25,928.97998,943,443314592
847848600,945.97998,951.09003,932.92999,940.52002,403975104
847935000,944.46002,957.60999,943.60999,953.19,486961792
848021400,951.51001,958.62,943.79999,950.83002,506494496
848280600,952.72998,1004.95,948.82001,1004.69,788526592
848367000,1019.62,1047.39,1008.23,1015.96,1209629056
848453400,1010.81,1018.89,992.27002,1014.92,776846528
848539800,1018.05,1025.58,937.84003,940.77002,774399680
848626200,928.52002,952.03003,919.60999,951.83002,504028800
848885400,948.59003,976.54999,938.81,976.54999,521462784
848971800,981.46997,985.13,957.81,967.59003,524992000
849058200,966.94,987.17999,960.46002,980.38,481377504
849144600,983.01001,1002.54,978.51001,992.64001,675049408
849231000,997.84998,1037.16,997.84003,1032.95,1136286976
849490200,1056.6801,1134.9,1056.6801,1134.52,1900802944
849576600,1157.12,1177.6801,1118.83,1122.99,2042360064
849663000,1117.03,1170.6,1115.27,1169.92,1411213952
849749400,1199.38,1215.25,1180.21,1212.08,1847858048
849835800,1207.3,1220.3,1194.77,1212.89,1364172032
850095000,1227.48,1250.5601,1227.47,1247.66,1468564992
850181400,1244.11,1244.11,1202.28,1230.25,1211126016
850267800,1225.38,1258.6899,1220.41,1244.9,1207741952
850354200,1248.14,1254.3,1167.98,1177.14,1054753024
850440600,1164.34,1175.4399,1108.29,1110.04,919910016
850699800,1005.01,1005.12,999.63,1000.02,0
850786200,907.65002,943.37,903.84998,905.58002,582918912
850872600,872.35999,975.96002,869.02002,972.72998,956929920
850959000,971.15002,983.23999,893.46997,902.41998,844274624
851045400,881.09003,898.91998,864.26001,885.23999,581241984
851304600,900.32001,911.58002,890.84003,902.01001,421199904
851391000,907.63,911.12,864.15002,865.58002,347119008
851477400,870.44,897.45001,855.84998,895.17999,396444608
851563800,904.02002,924.33002,890.40997,924.23999,527950592
851650200,925.79999,927.09998,903.82001,922.34998,528047008
851909400,929.71997,938.54999,923.94,934.21002,525583904
851995800,935.90997,935.96997,912.96997,917.02002,438622912
852168600,914.06,920.19,909.46002,919.44,252656704
852255000,921.09998,922.39001,896.98999,899.60999,295889696
852514200,890.97998,892.02002,875.89001,876.5,218628304
852600600,872.79999,903,871.78003,898.16998,232471392
852687000,899.83002,902.52002,887.22998,896.40997,219636000
852773400,897.98999,914.33002,897.94,906.97998,244069104
852859800,908.56,918.51001,906.54999,918.40002,321871904
853119000,923.53998,931.44,922.73999,929.52002,373526400
853205400,929.54999,929.59003,903.62,907.84998,291961504
853291800,905.47998,919.41998,905.06,916.71997,185911808
853378200,917.47998,922.09998,908.26001,915.01001,186618800
853464600,916.09998,921.14001,912.65997,919.84998,215797104
853723800,922.46997,933.35999,922.06,933.28003,263216608
853810200,937.03998,939.02002,926.09003,929.10999,329070016
853896600,929.35999,942.71997,929,942.44,324246784
853983000,945.59003,947.53998,940.5,945.79999,375788896
854069400,945.52002,954.29999,934.64001,953.91998,362294400
854328600,957.25,959.87,952.40002,959.06,433409888
854415000,957.88,957.88,947.90997,956.31,310918016
854501400,955.96002,964.02002,955.09998,962.09998,398587200
854587800,960.48999,962.96997,955.46997,960.16998,340009088
854674200,960.26001,967.90002,960.08002,964.73999,693784192
856143000,969.53003,985.21002,959.75,982.40002,350456288
856229400,980.47998,999.21997,893.75,894.84998,703849216
856315800,911.58002,962.69,911.58002,962.69,522848512
856402200,870.17999,971.51001,870.17999,965.08002,925307008
856488600,967.67999,1017.32,967.48999,1017.13,1339208960
856747800,1028.35,1032.7,1004.62,1009.56,1069633984
856834200,1009.05,1028.34,1009.03,1017.96,682022528
856920600,1019.86,1031.51,1015.39,1031.51,588373504
857007000,1035.3199,1038.48,1020.34,1025.3,623888128
857093400,1023.37,1040.33,1010.27,1040.27,645605312
857352600,1044.61,1063.04,1043.9301,1063.04,867735680
857439000,1063.29,1070.22,1048.4399,1068.16,0
857525400,1067.58,1072.46,1051.52,1052.15,756316224
857611800,1045.89,1079.13,1044.23,1079.13,848143680
857698200,1083.01,1086.64,1070.86,1077.72,791591680
857957400,1085.91,1100.51,1085.89,1099.6801,801273600
858043800,1103.4301,1109.95,1092.72,1109.73,796249088
858130200,1112.71,1126.42,1109.47,1126.16,926917120
858216600,1128.71,1131.73,1108.89,1117.28,879199488
858303000,1114.74,1125.8199,1092.7,1125.8,778111104
858562200,1138.28,1159.54,1138.28,1158.48,1067286976
858648600,1164.96,1177.02,1148.08,1162.63,997909888
858735000,1167.04,1170.4,1156.1899,1161.27,779151104
858821400,1162.26,1168.49,1119.67,1120.72,706709312
858907800,1116.72,1167.21,1116.59,1167.17,711814528
859167000,1186.95,1196.64,1181.33,1191.73,1042926016
859253400,1198.16,1201.62,1180.88,1197.84,870368384
859339800,1204.21,1215.47,1201.17,1215.3101,860335296
859426200,1220.55,1228.24,1202.77,1214.26,936745088
859512600,1213.8101,1219.04,1199.53,1202.67,727849024
859771800,1210.02,1234.96,1210,1234.62,825364224
859858200,1243.87,1246.3101,1234.25,1241.03,790954880
859944600,1246.41,1249.5699,1232.3101,1233.85,733251008
860031000,1233.8199,1246.1801,1222.5601,1246.03,667731968
860117400,1258.0699,1269.73,1251.6,1260.89,982556992
860376600,1259.59,1276.5699,1252.75,1276.41,963651008
860463000,1277.0601,1278.3,1246.72,1247.26,759881216
860549400,1251.5699,1286.91,1251.5601,1286.85,932804992
860635800,1293.26,1299.74,1279.49,1281.89,1061326976
860722200,1279.34,1283.5601,1251.01,1278.53,888865088
860981400,1293.98,1325.67,1293.98,1316.92,1357720960
861067800,1318.5699,1326.38,1298.1801,1324.96,952190976
861154200,1334.3101,1338.42,1318.16,1327.78,916445504
861240600,1323.42,1331.1801,1319.76,1323.37,752364672
861327000,1325.23,1338.85,1305.96,1338.03,854502784
861586200,1355.5601,1365.22,1350.8,1362.08,1201184000
861672600,1362.98,1368.88,1354.45,1365.5,1009820032
861759000,1370.05,1380.36,1368.65,1378.84,1007257984
861845400,1370.17,1386.52,1356.52,1380.28,972825728
861931800,1382.92,1386.26,1363.98,1364.98,1011084032
862191000,1372.26,1381.5601,1346.26,1352,888414720
862277400,1354,1376.8199,1335.76,1376.77,780248000
862363800,1385.3,1396.48,1376.46,1393.75,796296832
862795800,1398.14,1448.99,1398.05,1448.9301,974315200
862882200,1462.02,1483.5,1459.6801,1482.99,1094971008
862968600,1495.22,1499.62,1464.86,1495.46,1095138048
863055000,1496.98,1504.26,1401.59,1405.1801,1042028992
863141400,1412.9,1469.08,1394.42,1467.23,906680512
863400600,1490.78,1510.1801,1486.45,1500.4,1173117952
863487000,1501.25,1501.25,1436.21,1464.28,975547712
863573400,1447.61,1447.67,1378.03,1379.22,752920512
863659800,1371.1899,1425.3,1360.22,1417.67,641488704
863746200,1309.6,1394.21,1287.0699,1315.92,911605120
864005400,1330.79,1350.58,1316.13,1344.61,540116672
864091800,1351.66,1386.37,1351.23,1381.12,512263712
864178200,1386.84,1389.6,1340.29,1354.88,537788032
864264600,1248.97,1300.98,1232.2,1235.22,0
864351000,1238.6899,1263.52,1225.8,1254.27,518628896
864610200,1268.59,1275.3,1213.24,1251.55,557934528
864696600,1258.38,1281.75,1253.25,1281.74,521732992
864783000,1283,1288.74,1265.5699,1270.35,462079808
864869400,1267.52,1282.84,1262.5699,1263.35,451706592
864955800,1261.29,1285.39,1254.62,1285.1801,381259712
865215000,1302.8199,1336.42,1302.16,1336.28,612449600
865301400,1341.6801,1344.64,1313.46,1338.76,680939328
865387800,1345.38,1363.7,1344.59,1361.1899,692877568
865474200,1362.1801,1369.51,1346.97,1360.23,579989184
865560600,1271.3101,1314.72,1254.27,1275.3,894076608
865819800,1275.25,1282.75,1255.67,1274.92,335936000
865906200,1278.99,1285.04,1239.86,1241.74,266396096
865992600,1239.5,1244.01,1175.71,1220.4,354431392
866079000,1224.47,1229.64,1211.8,1212.77,283554816
866165400,1154.98,1244.24,1154.97,1243.98,440611904
866424600,1255.77,1269.63,1255.77,1261.47,470868896
866511000,1260.41,1263.9,1245.34,1245.9301,353396096
866597400,1252.02,1254.9,1230.3,1232.6801,321587104
866683800,1233.6801,1250.64,1227.25,1230.74,302696512
866770200,1244,1292.3199,1244,1291.2,470952992
867029400,1313.24,1322.98,1265.1801,1283.49,605654912
867115800,1287.1801,1304.05,1283.72,1303.9301,404438784
867202200,1309.34,1311.2,1293.35,1297.59,434582112
867288600,1295.11,1295.15,1280.85,1284.46,400520992
867375000,1287.92,1291.98,1246.9301,1250.27,550256192
867807000,1255.91,1261.5699,1147.33,1199.0601,381478304
867893400,1194.6801,1194.6801,1149.9399,1150.62,365292704
867979800,1138.92,1163.25,1124.78,1159.34,434780608
868239000,1161.71,1163.45,1085.5699,1096.8199,344076992
868325400,1092.8,1115.4301,1066.04,1109.67,360531392
868411800,1113.64,1122.67,1104.09,1120.84,313668800
868498200,1121.26,1137.87,1115.21,1120.15,318759104
868584600,1116.42,1155.0601,1114.4,1154.79,386557792
868843800,1163.29,1185.78,1158.45,1185.72,542624000
868930200,1189.47,1201.21,1180.1899,1200.11,544183104
869016600,1201.6,1204.86,1184.4399,1190.83,0
869103000,1188.27,1203.5,1180.9301,1197.23,446470304
869189400,1199.4,1210.4399,1191.29,1209.86,468066688
869448600,1215.84,1218.48,1188.88,1193.53,482368896
869535000,1189.12,1208.26,1163.47,1208.25,445292704
869621400,1219.0601,1223.8199,1194.7,1198.86,470718688
869707800,1194.7,1200.3101,1172.37,1174.22,0
869794200,1166.5699,1177.65,1158.14,1170.86,298999712
870053400,1167.8101,1167.88,1138.47,1141.78,295786592
870139800,1137.3199,1161.2,1133.1801,1153.23,293647296
870226200,1157.09,1179.48,1157,1179.42,355683584
870312600,1184.9399,1192.2,1179.71,1189.76,362339904
870399000,1191.65,1194.03,1182.22,1192.83,313820608
870658200,1196.25,1201.92,1188.6801,1200.33,409876288
870744600,1203.36,1207.23,1193.7,1196.27,346691008
870831000,1196.04,1197.4399,1170.27,1171.9399,283960000
870917400,1167.9301,1199.24,1161.63,1199.24,332200096
871003800,1205.95,1216.5601,1201.36,1206.05,675341696
871263000,1206.46,1206.76,1182.45,1184.08,492783296
871349400,1177.26,1183.4399,1145.75,1146.8101,384489696
871435800,1139.25,1153.49,1118.2,1120.13,324326208
871522200,1120.47,1168.34,1120.24,1168.11,364351712
871608600,1174.1801,1174.88,1133.89,1143.0601,430591392
871867800,1139.61,1139.61,1116.15,1134.63,321453888
871954200,1134.62,1143.2,1128.11,1132.9,249488000
872040600,1135.05,1144.65,1133.74,1144.64,244355392
872127000,1148.39,1165.22,1147.8199,1164.54,392460192
872213400,1159.39,1174.49,1156.83,1171.83,426548096
872472600,1175.4399,1184.33,1175.38,1184.1,443725184
872559000,1186.0699,1194.13,1181.24,1194.04,537558912
872645400,1195.4301,1199.47,1188.33,1198.51,520235488
872731800,1201.0601,1216.08,1194.6801,1213.89,667677696
872818200,1214.3101,1223.0699,1209.48,1221.0601,681454976
873077400,1224.1801,1230.0699,1219.1,1229.86,641889792
873163800,1228.47,1232.6899,1215.92,1226.3,560059072
873250200,1223.62,1243.33,1223.46,1240.8199,540710016
873336600,1245.78,1253.15,1245.64,1251.3,523018304
873423000,1250.6,1253.35,1241.22,1251.55,0
873682200,1253.14,1257.55,1245.74,1255.23,524416992
873768600,1255.1801,1257.9301,1230.4399,1231.03,437179296
873855000,1230.4301,1256.04,1227.64,1256.04,524287712
873941400,1260.52,1264.49,1236.11,1242.71,686029888
874027800,1240.5,1247.91,1207.83,1208.7,414170112
874287000,1205.9,1211.6801,1175.95,1179.29,341338912
874373400,1182.76,1193.85,1181.17,1187.22,249705408
874459800,1188.88,1191.3,1162.24,1167.5601,232007200
874546200,1169.67,1181.75,1164.64,1172.37,222888192
874632600,1174.77,1185.09,1168.87,1184.52,192039104
874891800,1184.49,1185.1,1102.62,1103.97,281393888
874978200,1096.1899,1105.28,1025.13,1041.96,411744704
875064600,1064.66,1110.11,1064.66,1110.01,476075392
875151000,1118.37,1130.13,1106.25,1117.01,414054304
875237400,1118.6899,1118.9399,1094.42,1109.63,258309904
875496600,1106.34,1106.34,1079.34,1084.0699,226625792
875583000,1083.41,1100.39,1083.23,1097.38,176574000
876101400,1100.7,1105.41,1091.15,1098.9,137481600
876187800,1098.29,1102.71,1087.02,1102.5699,143277504
876274200,1122.97,1140.9399,1116.71,1134.87,243855904
876360600,1134.59,1138.66,1120.09,1122.47,180375808
876447000,1121.34,1131.5699,1120.51,1130.79,174525600
876706200,1136.4301,1138.4,1117.39,1119.8199,168269408
876792600,1116.3,1118.02,1105.7,1117.9301,137838800
876879000,1119.11,1129.65,1116.4301,1125.78,201400192
876965400,1131.4,1151.39,1131.39,1150.3101,321217408
877051800,1155.42,1180.22,1153.9,1176.49,435090208
877311000,1183.74,1191.04,1173.5601,1187.37,440561504
877397400,1190.49,1192.34,1179.5699,1191.87,405944992
877483800,1193.7,1203.02,1168.45,1177.52,575013184
877570200,1178.98,1186.0699,1170.23,1173.36,397879104
877656600,1172.88,1179.8,1164.0601,1178.3101,353130688
877915800,1183.65,1235.9399,1183.65,1235.83,628824128
878002200,1239.58,1241.83,1172.89,1177.92,501572800
878088600,1168.22,1188.8,1162.98,1184.09,344322688
878175000,1189.27,1207.97,1173.65,1174.85,454755200
878261400,1164.91,1181.51,1158.74,1180.39,284882400
878520600,1181.16,1185.0699,1176.55,1180.85,240996096
878607000,1180.86,1190.47,1180.86,1184.7,227163008
878693400,1186.1,1194.67,1179.35,1194.04,482541312
878779800,1198.66,1203.09,1179.58,1181.12,413306592
878866200,1181.78,1195.74,1177.63,1195.14,351955808
879125400,1199.37,1202.58,1178.63,1185.78,389023616
879211800,1183.42,1187.74,1168.48,1186.63,284568096
879298200,1190.01,1193.53,1171.5601,1174.1899,279303616
879384600,1169.7,1185.28,1157.29,1185.02,287377600
879471000,1187.35,1208.84,1181.6899,1197.83,377742496
879730200,1210.6801,1213.23,1190.4301,1191.33,252567200
879816600,1190.26,1193.3101,1182.61,1183.35,226743296
879903000,1185.1,1191.96,1175.78,1181.63,224786000
879989400,1182.74,1189.49,1169.1,1172.4301,287061600
880075800,1168.97,1169.1,1152.01,1158.5601,276185984
880335000,1150.42,1150.5601,1122.9399,1124.9399,276955488
880421400,1120.86,1131.13,1114.14,1125.53,329844288
880507800,1126.6,1143.8199,1124.48,1143.8199,213972304
880594200,1141.77,1141.97,1120.52,1122.52,238296608
880680600,1117.5699,1139.64,1114.4301,1139.63,256412992
880939800,1137.59,1139.29,1130.45,1133.09,221854000
881026200,1133.59,1139.6,1128.5,1130.17,180127808
881112600,1129.78,1130.3199,1121.59,1122.55,184422704
881199000,1121.8,1137.01,1119.2,1135.87,222797504
881285400,1139.48,1144.22,1134.9301,1136.2,233678800
881544600,1140.55,1143.08,1136.58,1139.3199,204273104
881631000,1139.8101,1148.17,1137.3199,1148.17,208286096
881717400,1150.48,1158.99,1149.33,1157.84,228388400
881803800,1159.05,1159.75,1145.55,1159.17,226306304
881890200,1160.22,1165.8101,1153.4301,1153.84,237580000
882149400,1155.72,1168.0601,1155.6,1168.03,300034912
882235800,1170.46,1174.8101,1165.6,1174.8,325821888
882322200,1169.64,1169.74,1145.89,1146.52,324748512
882408600,1142.1,1159.11,1138.4,1154.17,298812800
882495000,1154.7,1161.88,1151.14,1160.77,318310496
882754200,1162.6801,1169.03,1153.4399,1169.01,412189312
882840600,1171.9,1176.92,1165.0601,1171.25,324770592
882927000,1171.73,1173.54,1164.86,1169.66,312274592
883013400,1170.5601,1181.48,1169.99,1181.28,350863200
883099800,1187.75,1194.24,1186.53,1191.92,413651200
883359000,1196.3,1198.97,1185.66,1186.61,356622016
883445400,1186.14,1193.62,1179.5601,1181.14,273752704
883531800,1182.25,1195.05,1182.25,1194.1,303657504
883963800,1200.95,1220.49,1200.22,1220.47,430501408
884050200,1223.73,1233.64,1215.41,1233.62,503679616
884136600,1233.96,1244.1,1231.15,1244.0699,553908224
884223000,1243.12,1250.01,1235.88,1237.16,397810912
884309400,1233.7,1245,1221.3,1239.9,527796512
884568600,1242.21,1246.65,1226.4,1226.97,566986688
884655000,1211.88,1211.88,1110.09,1167.65,703199488
884741400,1170.35,1203.25,1170.3199,1202.21,554484224
884827800,1210.42,1217.86,1196.15,1215.4301,513192384
884914200,1215.8199,1220.97,1207.92,1213.96,375037184
885173400,1215.41,1216.99,1205.48,1213.13,313725312
885259800,1211.28,1215.5699,1195.38,1203.71,287771296
885346200,1201.99,1209.6899,1198.23,1200.2,230778096
885432600,1200.52,1207.45,1194.38,1204.4301,385119488
885519000,1206.49,1224.12,1206.45,1222.91,313854784
886987800,1257.99,1262.62,1244.4301,1248.04,411332512
887074200,1248.6,1248.6,1233.7,1236.51,496352608
887160600,1234.1801,1251.45,1233.53,1250.24,430189888
887247000,1253.38,1254.41,1242,1246.3,451129984
887333400,1246.73,1251.91,1241.8199,1245.91,394499200
887592600,1246.8,1247.96,1230.92,1236.24,437722592
887679000,1234.84,1240.58,1228.11,1238.5,333618912
887765400,1239.63,1240.1801,1225.5,1229.83,451118784
887851800,1229.8101,1235.49,1223.9301,1232.58,321472288
887938200,1234.6,1237.92,1224.58,1226.02,302861696
888197400,1217.86,1217.86,1195.89,1208.6,363208704
888283800,1206.92,1216.35,1206.09,1208.22,325747200
888370200,1208.52,1209.49,1191.75,1194.67,325533792
888456600,1193,1206.67,1189.52,1206.67,295975296
888543000,1209.4399,1213.73,1202.86,1206.53,335924800
888802200,1196.74,1205.75,1182.61,1188.3101,463614400
888888600,1186.52,1201.8,1185.3,1201.79,345778912
888975000,1204.9399,1214,1201.25,1213.25,348804704
889061400,1217.85,1219.28,1206.37,1207.54,316809408
889147800,1208.75,1208.98,1202.12,1206.45,301355584
889407000,1207.96,1208.62,1197.5699,1200.83,302527712
889493400,1199.62,1205.83,1186.55,1199.83,285353792
889579800,1201.26,1210.53,1187.4399,1190.04,353936288
889666200,1187.54,1188.28,1175.55,1178.97,239443200
889752600,1177.8199,1184.96,1176.01,1184.96,225378496
890011800,1186.1899,1188.62,1179.4399,1188.48,293525600
890098200,1193.67,1202.84,1193.24,1202.84,359087488
890184600,1204.1,1204.74,1191.91,1193.91,353699584
890271000,1192.4,1195.83,1184.87,1188.71,328343296
890357400,1188.6,1192.3199,1183.25,1187.5,270945600
890616600,1186.5601,1186.86,1178.04,1179.87,332823488
890703000,1180.09,1194.0601,1179.97,1194.02,324269888
890789400,1207.62,1209.77,1188.85,1191.55,397347008
890875800,1191,1193.8199,1186.22,1188.86,440249696
890962200,1189.41,1223.9301,1188.86,1223.5601,668415296
891221400,1230.9399,1249.4399,1228.3,1249.4399,706218624
891307800,1251.34,1252.24,1238.64,1243.02,588004992
891394200,1243.37,1255.01,1240.0601,1254.96,606462400
891480600,1259.59,1285.03,1259.58,1269.02,1004414976
891567000,1268.5699,1286.11,1266.03,1286.08,751517184
891826200,1291.61,1306.38,1286.4301,1306.38,983222528
891912600,1308.5601,1310.29,1296.54,1303.14,757836992
891999000,1303.41,1322.83,1302.41,1322.79,1078051968
892085400,1326.4399,1328.79,1288.89,1297.22,1170772992
892171800,1294.62,1311.53,1293.59,1311.51,848900480
892431000,1319.9399,1326.3,1311.83,1318.75,851922624
892517400,1318.27,1320.91,1304.38,1313.72,587112384
892603800,1314.16,1324.71,1314.0699,1324.71,646943808
892690200,1324.04,1326.42,1312.5601,1316.25,692470592
892776600,1311.54,1311.73,1291.08,1298.11,671882880
893035800,1292.16,1302.98,1286.58,1296.01,602226688
893122200,1296.77,1307.86,1295.0601,1305.22,527639808
893208600,1307.83,1333.0699,1307.83,1332.1801,713088576
893295000,1337.49,1340.25,1321.04,1324.5601,673990208
893381400,1324.46,1331.86,1313.61,1315.17,666915328
893640600,1314.35,1318.8,1303.48,1310.38,624586304
893727000,1315.35,1333.09,1315.33,1332.99,610780096
893813400,1337.89,1341.58,1328.5601,1332.5,535307808
893899800,1336.01,1343.46,1335.55,1343.45,597159104
894245400,1353.0601,1355.52,1345.36,1352.9301,649540224
894331800,1355.04,1356.0601,1346.59,1352.52,528341184
894418200,1352.72,1355.66,1341.8101,1348.41,592152576
894504600,1348.89,1352.55,1326.65,1327.87,668812032
894591000,1324.74,1357.6,1324.72,1357.6,708921216
894850200,1367.24,1368.03,1351.59,1354.61,944691520
894936600,1358.96,1360.0601,1342.73,1349.65,625377792
895023000,1351.1801,1369.3,1351,1369.26,761876096
895109400,1373.17,1376.3,1360.89,1367.13,766829184
895195800,1373.4301,1379.13,1361.84,1368.09,710590272
895455000,1373.67,1376.38,1360.47,1368.1801,520872800
895541400,1370.6801,1372.87,1355.54,1362.29,433185216
895627800,1362.6899,1365.1,1352.17,1357.4301,524988416
895714200,1356.96,1367.72,1350.26,1366.66,513105216
895800600,1371.36,1379.89,1370.72,1375.8199,679600896
896059800,1380.13,1389.66,1376.2,1389.37,849742912
896146200,1392.75,1394.4399,1383.76,1390.42,732151104
896232600,1393.74,1399.54,1390.55,1399.54,778870976
896319000,1402.85,1405.58,1392.9,1397.9,698591488
896405400,1402.6801,1411.35,1402.02,1411.21,790251328
896664600,1418.35,1420.55,1411.0601,1415.58,837850816
896751000,1419.22,1419.58,1402.62,1413.08,607006720
896837400,1415.02,1421.12,1413.11,1420,636681920
896923800,1420.99,1422.98,1402.75,1406.3,633306176
897010200,1404.08,1414.36,1390.63,1408.61,655626816
897269400,1411.96,1415.1801,1401.0601,1403.73,557977472
897355800,1400.35,1400.35,1357.46,1369.65,594921984
897442200,1367.74,1377.83,1359.39,1368.3,461081600
897528600,1367.5601,1371.15,1346.0699,1347.6801,360298112
897615000,1373.11,1383.47,1365.08,1383.39,462546304
897874200,1385.33,1386.98,1359.88,1365.34,466335392
897960600,1362.59,1362.59,1323.53,1348.59,482175808
898047000,1349,1356.66,1344.4399,1348.9399,391420096
898133400,1352.24,1372.12,1352.24,1370.6801,384657216
898219800,1376.1899,1392.88,1376.1899,1392.88,464204288
898479000,1400.47,1401.51,1392.0601,1399.36,568847104
898565400,1398.24,1398.71,1385.45,1397.96,564524672
898651800,1399.71,1402.14,1390.86,1401.74,538477376
898738200,1402.95,1404.05,1377.1801,1382.04,413673888
898824600,1383.29,1388.55,1376.41,1385.62,430800704
899083800,1387.02,1387.1899,1356.22,1361.4301,395126784
899170200,1360.62,1363.59,1335.21,1339.2,300149696
899256600,1363.26,1367.15,1315.1801,1316.4399,402253408
899343000,1314.1,1331.65,1297,1331.65,371904704
899429400,1335.84,1341.73,1327.8,1335.12,346814784
899688600,1339.26,1339.6801,1313.28,1315.28,381003104
899775000,1313.65,1324.4,1307.91,1324.4,270175488
899861400,1326.8199,1339.16,1326.62,1338.98,272626400
899947800,1341.35,1344.4301,1336.66,1343.23,293289216
900034200,1344.75,1360.64,1344.63,1360.62,356855616
900293400,1362.6899,1363,1352.16,1358.8101,370417408
900379800,1360.61,1361.1899,1334.71,1336.5601,0
900466200,1332.41,1341.64,1326.3199,1335.47,0
900552600,1335.3,1337.64,1317.89,1325.63,368589088
900639000,1325.88,1330.8199,1311.75,1314.72,409910592
900898200,1311.0601,1311.15,1278.3,1287.0699,370631616
900984600,1285.79,1318.9301,1284.8,1313.01,325787904
901071000,1312.23,1312.36,1295.61,1299.15,287624992
901157400,1299.22,1316.28,1299.15,1316.27,283417888
901243800,1317.85,1330.49,1317.85,1326.8199,340752704
901503000,1328.34,1328.73,1314.73,1321.9,309069888
901589400,1321.63,1324.27,1313.2,1317.95,266559296
901675800,1317.9301,1321.26,1308.26,1311.9399,316980288
901762200,1312.86,1318.02,1309.77,1315.3,315670112
901848600,1316.3101,1319.36,1312.38,1316.92,327396608
902107800,1315.14,1315.47,1299.9301,1302.1,311239104
902194200,1299.73,1299.73,1283.2,1293.46,284229600
902280600,1293.7,1307.48,1293.12,1307.4399,284387488
902367000,1310.3,1312.6,1292.39,1294.16,301669504
902453400,1292.08,1292.3101,1267.92,1271.0699,396096512
902712600,1262.01,1262.03,1227.47,1234.58,322617408
902799000,1230.38,1241.78,1206.64,1207.67,273492288
902885400,1204.36,1207.72,1158.79,1190.55,392792608
902971800,1193.37,1205.86,1185.5699,1204.1801,330383008
903058200,1202.38,1202.38,1165.87,1168.03,356961600
903317400,1152.67,1152.67,1068.66,1070.41,374905408
903403800,1054.1801,1094.38,1043.02,1071.3,371516416
903490200,1072.74,1126.08,1072.72,1126.08,419540992
903576600,1128.75,1149.96,1113.86,1149.91,442513088
903663000,1149.62,1178.74,1141.51,1177.62,487233504
903922200,1178.55,1190.88,1166.14,1178.55,493724800
904008600,1174.41,1179.1,1159.39,1179.0699,458512800
904095000,1174.85,1182.33,1159.52,1160.29,375362912
904181400,1152.36,1154.6899,1142.17,1145.22,311969088
904267800,1139.8199,1146.51,1125.2,1129.72,301135712
904527000,1117.97,1150.23,1072.42,1150.22,355374688
904613400,1142.5,1163.17,1123.64,1143.12,422789504
904699800,1137.3,1149.27,1129.8,1136.89,281141600
904786200,1136.4399,1151.01,1136.14,1147.2,255226800
904872600,1148.95,1169.47,1148.9399,1163.53,384616000
905131800,1168.36,1178.38,1163.2,1178.38,367582208
905218200,1181.0699,1185.1,1166.66,1167.6,370103904
905304600,1165.66,1190.74,1162.47,1190.6801,496372704
905391000,1194.88,1219.8,1194.12,1213.67,694596800
905477400,1214.83,1225.14,1206.61,1218.01,624033920
905736600,1219.3199,1239.77,1214.4399,1239.6,702159680
905823000,1240.9399,1245.42,1228.88,1230.13,655258816
905909400,1226.9,1252.2,1225.29,1252.14,692248192
905995800,1257.38,1264.4,1226.72,1233.7,901246016
906082200,1227.5601,1233.4,1199.58,1207,690955776
906341400,1199.17,1222.38,1193.8199,1222.38,455530400
906427800,1224.4,1229.62,1214.02,1222.63,424676992
906514200,1223.99,1233.79,1222.36,1229.86,413045696
906600600,1231.05,1232.28,1196.92,1199.0601,531015616
906687000,1194.3101,1221.58,1192.08,1221.58,417662688
906946200,1224.27,1239.8,1217.65,1230.21,567828928
907032600,1231.9,1239.11,1226.84,1231.75,459070016
907119000,1233.59,1242.9399,1233.4301,1242.9,397273312
907551000,1245.74,1246.6,1231.4,1234.78,347145888
907637400,1234.14,1237.84,1214.83,1217.46,353110112
907723800,1214.36,1219.1,1207.9301,1213.79,374787712
907810200,1215.95,1228.73,1215.87,1228.71,392984704
907896600,1231.9399,1241.05,1229.85,1236.9301,539299776
908155800,1239.5601,1247.24,1227.86,1247.15,610752128
908242200,1250.6801,1257.35,1239.77,1244.0699,603812800
908328600,1243.71,1247.66,1234.0699,1240.6,413188800
908415000,1243.2,1254.84,1241.26,1254.8101,515480992
908501400,1259.14,1263.71,1249.9301,1250.97,606027392
908760600,1255.05,1256.76,1240.45,1246.24,479452096
908847000,1248.23,1251.4301,1238.3,1243.64,407436192
908933400,1243.54,1243.6,1206.12,1207.8199,586584512
909019800,1202.21,1216.17,1191.5601,1216.09,522087488
909106200,1217.13,1230.83,1215.47,1217.4301,539841408
909365400,1215.5601,1215.5601,1195.24,1208.27,571499904
909451800,1207.2,1218.45,1204.73,1216.79,450999904
909538200,1218.5,1226.11,1217.23,1225.9301,459213888
909624600,1226.92,1229.74,1214.92,1216.76,396993216
909711000,1216.01,1225.64,1215.46,1217.3199,416434688
909970200,1217.34,1223.53,1210.85,1223.48,381385888
910056600,1225.26,1236.96,1225.22,1236.87,415025216
910143000,1239.5,1240.7,1232.78,1235.8,420034688
910229400,1237.54,1253.3101,1237.51,1253.28,558410112
910315800,1258.7,1267.39,1257.17,1259.77,744932800
910575000,1263.96,1283.12,1263.96,1283.12,671797504
910661400,1283.92,1288.74,1275.1899,1286.5601,608108224
910747800,1287.42,1288.35,1278.47,1286.2,560503424
910834200,1286.5601,1295.0601,1278.9399,1282.99,573585984
910920600,1281.99,1285.92,1271.3199,1282.51,475056800
911179800,1284.34,1293.76,1281.6,1293.74,500335712
911266200,1296.63,1300.15,1285.02,1290.6,482726496
911352600,1291,1292.9301,1281.6,1285.5,452824992
911439000,1283.96,1284.14,1274.09,1275.61,413762304
911525400,1272.66,1279.38,1271.66,1275.37,391145888
911784600,1275.9,1278.08,1269.1,1273.79,383595200
911871000,1274.45,1282.9301,1274.41,1278.92,359530208
911957400,1280.27,1283.96,1262.23,1263.85,340741184
912043800,1260.08,1262.78,1247.84,1252.8199,354392896
912130200,1252.37,1259.04,1242.5699,1245.08,330903904
912389400,1244.92,1247.42,1238.14,1247.42,291272704
912475800,1249.01,1251.87,1232,1234.36,278801088
912562200,1233.16,1236.97,1222.64,1236.97,269422208
912648600,1238.29,1239.26,1229.85,1232.51,299240096
912735000,1232.4301,1234.63,1213.5601,1219.2,300956416
912994200,1234.76,1237.6899,1207.76,1209.54,250501504
913080600,1209.84,1223.34,1209.8101,1223.26,220362896
913167000,1224.36,1225.99,1219.01,1224.09,202805600
913253400,1224.15,1224.92,1203.0601,1204.64,257412704
913339800,1201.85,1214.24,1194.0699,1214.21,238370304
913599000,1214.6,1214.67,1194.66,1196.3,209267392
913685400,1193.64,1194.89,1173.92,1194.84,234682896
913771800,1194.9399,1195.55,1180.86,1183.0601,180761200
913858200,1180.17,1180.17,1158.51,1160.09,259993504
913944600,1155.75,1167.64,1150.72,1155.92,223805904
914203800,1153.66,1163.24,1150.39,1154.4301,178046896
914290200,1155.63,1185.98,1155.62,1185.97,262868304
914376600,1186.98,1187.91,1170.16,1172.51,213812896
914463000,1171.71,1171.71,1161.85,1168.98,214186592
914549400,1169.6,1178.92,1169.54,1173.91,189976800
914808600,1175.63,1179,1157.7,1159.9399,198856896
914895000,1157.48,1157.5699,1139.99,1142.73,209567200
914981400,1141.88,1151.72,1125.5601,1148.26,240049504
915067800,1149.83,1153.15,1140.36,1146.7,164461504
915413400,1144.89,1144.89,1124.21,1125.8199,122036000
915499800,1123.7,1123.7,1104.5,1119.96,165597296
915586200,1120.67,1137.21,1120.4,1132.59,203510496
915672600,1133.16,1140.48,1125.67,1137.73,230445904
915759000,1138.77,1168.84,1138.77,1168.8101,317301504
916018200,1169.91,1174.4301,1158.54,1172.8101,269808288
916104600,1171.74,1171.86,1158.3,1158.87,304480896
916191000,1153.29,1159.9399,1144.45,1148.15,297468992
916277400,1145.9,1153.1,1142.35,1148.66,236106096
916363800,1149.78,1150.6801,1136.3,1137.3101,314328288
916623000,1135.08,1153.42,1126.71,1153.12,331685504
916709400,1154.16,1160.26,1149.37,1158.55,348565504
916795800,1159.03,1162.97,1148.8101,1151.37,255585200
916882200,1150.3,1158.51,1145.3,1158.5,272711296
916968600,1159.92,1168.1801,1157.15,1162.35,374850112
917227800,1161.98,1162.4399,1146.97,1148.12,326254496
917314200,1145.0699,1146.12,1132.96,1138.21,271612512
917400600,1137.6899,1146.5,1134.13,1146.49,281867712
917487000,1147.87,1150.58,1137.12,1140.97,357470304
917573400,1139.84,1140.12,1130.33,1134.67,299316608
917832600,1131.65,1131.66,1118.55,1120.53,268872704
917919000,1119.78,1126.41,1114.79,1126.4,228439904
918005400,1126.84,1127.27,1115.13,1116.86,232208304
918091800,1114.65,1114.6899,1102.49,1103.5,228958896
918178200,1101.48,1101.48,1079.22,1081.4399,238160800
918437400,1076.8199,1082.46,1064.17,1065.8199,212681696
918523800,1065.91,1090.17,1065.91,1090.09,205282000
920251800,1092.14,1098.36,1084.16,1097.97,181962208
920338200,1098.29,1103.25,1090.04,1100.92,241753296
920424600,1101.13,1128.78,1101.0699,1128.74,380368800
920511000,1130.34,1133.73,1120.71,1128.95,356271904
920597400,1128.62,1137.96,1124.09,1132.36,357569216
920856600,1133.51,1142.15,1128.39,1142.11,353519392
920943000,1143.1,1145.71,1135.37,1136.9399,417568096
921029400,1136.02,1136.08,1127.17,1132.74,342927616
921115800,1133.29,1153.84,1133.15,1149.92,446084800
921202200,1151.99,1158.71,1148.66,1158.7,534844096
921461400,1161.49,1169.7,1159.14,1164.64,561283008
921547800,1164.79,1166.96,1155.9399,1166.9301,448622400
921634200,1167.72,1173.04,1158.59,1159.1,566691584
921720600,1155.27,1160.6801,1147.5699,1151.99,417034304
921807000,1150.61,1172.92,1150.34,1172.92,561794112
922066200,1175.6801,1179.65,1168.34,1172.74,616659584
922152600,1172.98,1174.48,1163.28,1170.95,422706112
922239000,1171.3,1177.34,1167.1,1169.03,407185312
922325400,1167.86,1167.88,1155.01,1156.85,403245792
922411800,1155.35,1162.42,1154.9399,1161.12,363965184
922671000,1160.58,1169.5,1158.09,1169.49,416829088
922757400,1171.13,1173.66,1156.04,1157.51,384324288
922843800,1156.37,1159.53,1150.8199,1158.05,364570208
922930200,1158.6801,1168.53,1158.4399,1168.5,505108992
923016600,1170.76,1184.4301,1170.3101,1184.4,616615424
923275800,1188.9301,1194.51,1187.0601,1194.47,665918208
923362200,1195.95,1199.84,1191.58,1199.6,535547200
923448600,1200.22,1202.3199,1193.73,1201.63,678905728
923535000,1203.02,1205.41,1192.46,1202.47,593749632
923621400,1203.4399,1210.1,1196.74,1205.14,756869888
923880600,1205.3199,1205.6801,1193.66,1195.34,808779712
923967000,1192.15,1193.3199,1174.14,1178.1899,578872512
924053400,1176.77,1184.1801,1174.27,1181.52,430039904
924139800,1182.2,1185.59,1168.59,1170.62,519734912
924226200,1168.91,1175.03,1162.3101,1166.24,496963808
924485400,1164.62,1166.04,1156.61,1159.47,447985600
924571800,1160.05,1171.6,1159.5601,1171.6,439406208
924658200,1171.95,1173.53,1143.04,1144.0601,478647616
924744600,1137.91,1140.9,1110.65,1137.16,549502080
924831000,1137.61,1144.78,1135.61,1140,436220192
925090200,1139.65,1140.17,1111.99,1112.79,385499200
925176600,1108.91,1108.91,1089.76,1091.7,361483488
925263000,1090.87,1112.29,1087.79,1091.09,338227296
925349400,1091.0601,1116.42,1090.5601,1116.4,382257088
925435800,1116.11,1122.22,1114.1801,1120.9301,313263104
925781400,1120.91,1121.91,1108.89,1111.76,290122304
925867800,1110.9399,1116.96,1105.35,1116.9301,279540192
925954200,1116.86,1128.9,1116.64,1128.22,344053792
926040600,1129.53,1131.49,1117.9399,1120.74,410140096
926299800,1107.36,1107.36,1065.1801,1071.9301,508145216
926386200,1072.04,1095.41,1072.04,1095.4,310703200
926472600,1096.74,1104.8101,1092.79,1100,310513088
926559000,1100.86,1101.36,1086.46,1088.86,275311392
926645400,1087.9399,1088,1060.5,1063.28,348432704
926904600,1057.48,1072.17,1047.83,1065.5601,253499904
926991000,1066.52,1075.65,1058.39,1059.87,230567296
927077400,1058.7,1109.12,1057.72,1109.09,433071488
927163800,1114.66,1147.73,1113.3199,1147.71,737575808
927250200,1154.8101,1170.14,1152.26,1168.72,941127872
927509400,1173.13,1215.22,1164.9,1213.65,1392078976
927595800,1223.13,1244.84,1198.0699,1202.88,1556692992
927682200,1199.22,1236.15,1195.84,1236.05,1134402944
927768600,1247.3199,1283.03,1247.3199,1283.02,1710443008
927855000,1291.96,1294.64,1260.71,1277.15,1603308032
928114200,1287.08,1303.48,1253.25,1279.33,1601595008
928200600,1283.3,1311.6,1276.12,1311.59,1387218048
928287000,1319.83,1330.28,1287.01,1287.9301,1703117952
928373400,1280.48,1286.91,1259.01,1268.3199,1221448960
928459800,1271.17,1288,1271.16,1285.58,1051849024
928719000,1287.46,1326.61,1285.15,1326.52,1232275968
928805400,1336.03,1341.64,1319.5,1333.64,1331922944
928891800,1334.85,1350.14,1323.99,1348.61,1279577984
928978200,1371,1382.0699,1353.5601,1364.34,1954617984
929064600,1364.58,1376.78,1359.28,1370.39,1439273984
929323800,1382.53,1427.77,1382.53,1427.71,1824765952
929410200,1453.33,1477.14,1366.65,1387.59,2633472000
929496600,1402.34,1460.17,1402.3,1460.17,1879787008
929583000,1483.0601,1501.02,1450.2,1501.01,2478050048
929669400,1511.88,1516.13,1480.98,1498.92,2346938880
929928600,1506.83,1546.61,1503.4,1546.41,2093181056
930015000,1551.88,1564.45,1524.5,1564.4399,1955608064
930101400,1571.27,1606.5,1566.63,1606.5,2211026944
930187800,1615.63,1654.55,1611.98,1654.11,2552546048
930274200,1665.98,1705.21,1591.08,1593.86,3194516992
930533400,1606.28,1693.16,1606.28,1693.16,2350915072
930619800,1722.74,1742.15,1691.34,1739.2,2484622080
930706200,1755.5601,1756.1801,1666.01,1689.4301,2736046080
930792600,1678.84,1678.84,1540.03,1560.79,2093005952
930879000,1570.5601,1620.54,1532.4399,1613.53,1880985984
931138200,1627.25,1630.38,1573.73,1581.8199,1517611008
931224600,1568.83,1580.23,1504.37,1517.25,1116604032
931311000,1515.16,1568.67,1507.55,1568.65,1068254016
931397400,1579.14,1591.13,1560.4301,1577.99,1046305984
931483800,1577.79,1594.58,1563.16,1584.75,1019990016
931743000,1588.38,1589.9,1545.5601,1559.73,1024230976
931829400,1547.34,1547.34,1511.4301,1524.8199,800671616
931915800,1526.98,1559.66,1526.22,1559.52,856226688
932002200,1565.04,1567.83,1545.0699,1549.34,802944000
932088600,1547.46,1547.61,1512.78,1519.74,802306112
932347800,1500.45,1509.99,1473.23,1479.08,741416128
932434200,1476.03,1574.75,1471.51,1574.6,924326016
932520600,1586.88,1626.95,1573.7,1609.8101,1538702976
932607000,1606.86,1606.86,1548.5,1550.73,1155458048
932693400,1552.24,1597.1801,1552.24,1585.98,903579072
932952600,1592.41,1607.0699,1587.38,1602.03,875920768
933039000,1605.37,1607.05,1580.8199,1590.71,855372928
933125400,1592.45,1609.79,1584.25,1597.2,800638912
933211800,1610.12,1615.75,1585.84,1595.86,662365120
933298200,1599.9399,1605.27,1587.34,1601.46,689913472
933557400,1607.0601,1622.38,1603.37,1616.28,884575680
933643800,1622.3,1626.91,1609.12,1626.84,953643008
933730200,1630.99,1649.26,1630.99,1649.13,1057628992
933816600,1654.53,1658.6899,1641.86,1653.54,1115783040
933903000,1655.3101,1656.58,1601.84,1646.59,1433458048
934162200,1650.28,1651.64,1624.72,1628.84,1051017984
934248600,1622.97,1623.03,1597.22,1602.15,915886912
934335000,1598.02,1607.6801,1574.71,1583.4,645794688
934421400,1583.51,1594.89,1566.71,1575.64,510961504
934507800,1581.23,1591.49,1569.3,1571.9,461693184
934767000,1568.9,1570.21,1546.84,1560.0699,507945408
934853400,1562.5601,1596.15,1562.5601,1576.4,674562304
934939800,1578.26,1582.02,1555.98,1581.9301,530585984
935026200,1587.9,1645.84,1587.87,1637.74,1141906944
935112600,1645.54,1651.17,1627.04,1628.9301,924655808
935371800,1631.4399,1645,1626.95,1645,884305728
935458200,1650.54,1655.14,1638.96,1648.47,888156480
935544600,1649.61,1651.09,1618.54,1625.76,724698688
935631000,1622.17,1638.23,1615.86,1638.23,630425280
935717400,1642.0601,1644.47,1627.26,1633.9,649536896
935976600,1635.55,1637.3101,1614.45,1619.04,715744768
936063000,1622.88,1630.01,1609.8,1627.12,521275808
936149400,1627.8199,1629.08,1595.96,1599.55,514374912
936235800,1591.58,1614.11,1572.42,1611.96,546372928
936322200,1613.3,1614.41,1583.45,1587.89,444786208
936581400,1577.5,1577.5601,1556.83,1560.6801,349972000
936667800,1558.86,1574.65,1556.74,1562.79,329699296
936754200,1563.62,1581.9301,1563.6,1571.6,306695008
936840600,1590.71,1675.26,1590.7,1675.12,1188871040
936927000,1690.02,1695.64,1656.72,1659.9301,1423074944
937186200,1664.51,1671.64,1656.17,1670.14,885252224
937272600,1675.71,1681.85,1668.13,1672.89,805643008
937359000,1675.1899,1679.14,1657.79,1662.8,689070784
937445400,1662.46,1664.96,1643.98,1645.51,561539520
937531800,1644.8,1662.16,1636.48,1648.5601,506820288
937791000,1649.12,1651.54,1628.89,1633.84,398651200
937877400,1630.02,1630.27,1617.8101,1625.59,319078304
937963800,1625.16,1632.41,1613.58,1617.0601,289188512
938050200,1618.77,1622.67,1597.12,1604.2,351646112
938136600,1609.83,1631.4,1609.83,1619.33,292672512
938395800,1624.46,1629.1899,1598.7,1602.16,312797504
938482200,1602.79,1606.02,1586.55,1591.4301,298698208
938568600,1593.72,1608.6,1581,1584.95,317227488
938655000,1588.99,1595.01,1567.72,1570.7,331652896
939346200,1568.24,1568.38,1531.8,1534.52,224306400
939605400,1529.22,1538.34,1516.62,1522.48,233117104
939691800,1526.45,1538.28,1526.45,1537.8,177355696
939778200,1540.6,1544.45,1504.39,1507.42,208785200
939864600,1504.5,1535.24,1494.9399,1508.73,238407296
939951000,1515.91,1550.71,1515.91,1543.8,348059104
940210200,1547.27,1549.37,1499.46,1501.66,298433792
940296600,1493.47,1493.49,1468.1,1470.9,273068608
940383000,1469.28,1490.76,1463.4301,1485.83,246588000
940469400,1486.92,1488,1452.71,1458.53,291821696
940555800,1457.64,1512.9301,1457.5,1497.46,409477696
940815000,1499.14,1499.38,1465.14,1468.27,254989504
940901400,1467.52,1496.45,1467.5,1482.67,269064800
940987800,1509.64,1537.3,1504.99,1536.8199,608247488
941074200,1541.29,1542.04,1507.79,1514.52,460398496
941160600,1515.1801,1520.47,1494.71,1504.5601,373061792
941419800,1501.74,1506.99,1488.23,1493.1,267611104
941506200,1491.76,1499.87,1481.5699,1487.47,243152992
941592600,1488.37,1492.3101,1472.73,1475.6801,235795296
941679000,1474.14,1474.14,1457.14,1464.83,264957408
941765400,1464.6,1478.83,1460.6801,1465.23,247135296
942024600,1464.49,1477.14,1458.65,1471.38,228651296
942111000,1474,1479.83,1461.48,1464.03,225090400
942197400,1463.6899,1463.73,1436.74,1450.15,461601408
942283800,1449.62,1459.45,1440.98,1443.9,269002112
942370200,1446.26,1452.9301,1444.13,1450.33,214364704
942629400,1451.55,1454.09,1436.6801,1451.54,275082592
942715800,1463.34,1469.6,1428.75,1431.3199,429611808
942802200,1429.71,1462.85,1427.36,1462.79,326847200
942888600,1466.49,1498.08,1454.47,1482.45,540987072
942975000,1485.05,1489.9,1466.35,1468.47,337521408
943234200,1468.22,1468.9399,1457.61,1464.59,300088192
943320600,1464.9301,1471.91,1461.38,1466.4301,239597200
943407000,1466.09,1467.84,1451.03,1454.58,227940496
943493400,1451.88,1451.89,1439.9399,1444.24,272357888
943579800,1443.4399,1449.03,1441.52,1444.51,248245104
943839000,1444.01,1444.58,1432.96,1435.47,257922096
943925400,1433.9,1439.6,1429.55,1434.97,222467504
944011800,1434.98,1447.6801,1432.95,1447.12,247457904
944098200,1446.6899,1447.8101,1433.54,1435.84,284369312
944184600,1436.02,1440.54,1430.66,1437.23,263778096
944443800,1436.8,1437.1801,1422.73,1427,273979904
944530200,1426.6899,1438.04,1424.76,1428.26,264057296
944616600,1428.77,1430.98,1422.05,1424.85,289976608
944703000,1424.91,1424.91,1413.62,1416.73,253151504
944789400,1416.37,1429.01,1413.45,1428.9399,303564416
945048600,1429.1899,1430.41,1415.28,1417.11,307158496
945135000,1415.71,1422.36,1411.0699,1422.26,267464608
945221400,1423.76,1461.9,1423.74,1451.0601,559064832
945307800,1451.72,1451.9399,1432.83,1434.87,362861696
945394200,1434.63,1438.22,1416.74,1419.55,329314304
945739800,1416.5,1416.5,1388.0601,1395.5,293787200
945826200,1393.83,1397.17,1383.5601,1387.51,306912608
945912600,1386.79,1387.2,1364.92,1369.46,304607712
945999000,1367.6899,1375.92,1352.1,1355.37,247521600
946258200,1353.53,1359.08,1341.05,1345.35,282684192
946344600,1346.45,1368.25,1342.9399,1348.8199,283555296
946431000,1350.27,1358.14,1341.9301,1356.9301,297822016
946517400,1357.8199,1366.6801,1357.8199,1366.58,219801600
946949400,1368.6899,1407.52,1361.21,1406.37,437093312
947035800,1407.83,1433.78,1398.3199,1409.6801,688088512
947122200,1406.04,1463.96,1400.25,1463.9399,809045376
947208600,1477.15,1522.8199,1477.15,1516.6,1599787008
947467800,1531.71,1546.72,1506.4,1545.11,1505399040
947554200,1547.6801,1547.71,1468.76,1479.78,1282072960
947640600,1473.76,1489.28,1435,1438.02,1015921024
947727000,1437.45,1444.0699,1418.8101,1424.4399,632760576
947813400,1426.22,1433.47,1401.71,1408.85,520472704
948072600,1408.99,1433.38,1402.66,1433.33,534398592
948159000,1436.89,1443.59,1421.64,1426.62,604529088
948245400,1425.87,1443.67,1425.14,1440.72,538081216
948331800,1443.09,1466.9,1443.09,1466.86,711281984
948418200,1471.9,1476.46,1458.92,1465.08,1052432000
948677400,1465.86,1477.41,1449.47,1477.34,1124454016
948763800,1483.03,1490.46,1467.4399,1476.51,1025987968
948850200,1477.3,1482.46,1469.98,1481.12,762356096
948936600,1490.45,1506.92,1485.23,1506.77,1196054016
949023000,1514.5601,1536.35,1510.74,1535,1508359040
950491800,1591.4399,1674.13,1587.8199,1673.9399,1771616000
950578200,1709.22,1746.4399,1663,1670.67,2513948928
950664600,1674.9399,1695.88,1649.7,1693.11,2374705920
950751000,1734.27,1770.88,1615.63,1640.65,3314080000
950837400,1623.96,1668.16,1583.58,1668.09,1859943936
951096600,1681.36,1697.01,1652.48,1677.14,2286205952
951183000,1681.3,1687.51,1627.47,1632.29,1872795008
951269400,1618.01,1630.55,1586.63,1594.9301,1363529984
951355800,1593.95,1634.3199,1593.9301,1634.3101,1047496000
951442200,1639.92,1650.36,1618.1801,1631.58,1287533056
951701400,1639.8,1704.88,1639.7,1704.86,1676123008
951787800,1728.14,1733.14,1678.35,1714.58,2171986944
951874200,1720.6,1721.14,1692.51,1697.74,1730553984
951960600,1697.5601,1721.6,1682.54,1713.01,1470588032
952047000,1728.36,1750.64,1721.7,1738.02,1845293056
952306200,1756.3101,1762.83,1678.74,1681.08,1942722048
952392600,1661.95,1694.89,1654.4399,1694.8,1295243008
952479000,1699.46,1726.04,1690.12,1726.03,1289476992
952565400,1734.77,1741.22,1714.92,1732.35,1353769984
952651800,1731.9399,1743.14,1701.79,1705.05,1193080064
952911000,1706.77,1729.01,1706.35,1728.88,961866176
952997400,1690.65,1700.37,1636.89,1681.5601,1438800000
953083800,1680.3,1695.16,1676.54,1681.47,1219289984
953170200,1671.1,1671.1801,1596.0699,1607.53,1173979008
953256600,1602.36,1661.98,1602.34,1658.6,1068958976
953515800,1646.3101,1699.28,1641.76,1699.25,1368496000
953602200,1704.08,1713.2,1692.6801,1710.3199,1388214016
953688600,1713.24,1726.59,1711.16,1720.45,1208529024
953775000,1724.1899,1747.28,1711.4,1747.24,1351110016
953861400,1761.4399,1770.26,1729.48,1730.5,1741826944
954120600,1736.7,1776.02,1736.7,1775.91,1586680064
954207000,1788.83,1799.95,1774.48,1791.4399,1930498048
954293400,1797.88,1803.83,1763.62,1788.8101,1582907008
954379800,1793.6801,1811.0601,1790.85,1810.98,1415577984
954466200,1810.55,1810.9,1780.41,1800.22,1501110016
954725400,1799.58,1816.86,1798.25,1801,1331153024
954811800,1795.16,1795.16,1755.98,1760.6899,1171900032
954898200,1756.3,1776.72,1746.3,1771.2,943598784
954984600,1775.78,1809.17,1775.6801,1809.14,1168019968
955071000,1816.79,1822.62,1807.54,1819.9,1329601024
955330200,1826.61,1831.85,1815.99,1826.0601,1375398016
955416600,1826.4,1828.0601,1812.01,1821.17,1125415936
955503000,1822.4,1823.83,1785.33,1807.33,1029784000
955589400,1807.84,1832.08,1807.71,1831.55,1361559040
955675800,1835.86,1840.1899,1820.67,1833.66,1496473984
955935000,1829.62,1829.9301,1778.88,1795.0601,1503702016
956021400,1794.34,1813.5699,1779.29,1813.5,1065513024
956107800,1819.08,1831.5699,1817.21,1828.71,1078531968
956194200,1831.66,1847.51,1831.48,1847.03,1326763008
956280600,1851.3101,1858.26,1834.85,1841.0601,1359495936
956539800,1844.7,1848.97,1827.17,1837.4,1281630976
956626200,1838.05,1841.86,1815.63,1833.47,919648704
956712600,1835.67,1842.89,1826.39,1832.78,868580096
956799000,1835.6,1840.5699,1803.58,1806.83,962050816
956885400,1805.5,1836.33,1797.71,1836.3199,846696896
957749400,1848.17,1852.9,1828.1,1836.64,680785600
957835800,1839,1839.29,1799.8199,1806.64,713243520
957922200,1801.4301,1801.64,1750.01,1752.6899,692281280
958008600,1750.86,1762.12,1718.89,1724.05,667474816
958095000,1725.87,1740.95,1715.0601,1720.61,599312000
958354200,1722.64,1726.72,1695.53,1704.59,542044096
958440600,1706.73,1725.9,1706.73,1724.54,424044992
958527000,1727.4301,1736.27,1722.71,1725.4,429544384
958613400,1725.6,1758.54,1719.84,1758.54,625249984
958699800,1761.79,1777.98,1754.88,1777.83,801648896
958959000,1785.89,1830.9301,1783.3,1824.74,1215766016
959045400,1834.4399,1836.99,1811.58,1832.08,1071697024
959131800,1835.5601,1861.48,1831.84,1855.49,1376825984
959218200,1866.5601,1880.72,1860.78,1880.7,1452018944
959304600,1885.75,1890.6899,1860.92,1879.62,1488281984
959563800,1885.55,1900.67,1882.74,1898.75,1515201024
959650200,1903.53,1908.3101,1868.61,1877.47,1381422976
959736600,1875.46,1894.58,1869.34,1894.55,1355533952
959823000,1900.53,1906.8199,1890,1903.49,1310733056
959909400,1906.16,1916.25,1897.71,1916.25,1563761024
960168600,1921.97,1930.34,1889.8199,1899.09,1989716992
960255000,1898.59,1925.55,1891.66,1925.54,1393735040
960341400,1934.38,1940.22,1921.38,1935.03,1329969024
960427800,1937.2,1938.55,1913.36,1925.21,1285854976
960514200,1926.15,1929.95,1896.0601,1900.79,1246436992
960773400,1896.4301,1912.59,1884.62,1912.5601,1041462976
960859800,1918.1899,1938.67,1917.1899,1938.67,1194189952
960946200,1944.4399,1949.17,1929.71,1932.29,1395741056
961032600,1933.0601,1942.33,1925.91,1942.28,1128814976
961119000,1945.7,1947.46,1919.4,1926.9399,1189984000
961378200,1924.6899,1926.98,1910.47,1915.2,987694912
961464600,1913.0699,1913.0699,1888.08,1895.35,821727232
961551000,1894.78,1913.15,1894.63,1913.13,689933888
961637400,1918.16,1921.15,1906.3,1913.9,712045824
961723800,1915.3101,1939.63,1913.65,1939.63,984395008
961983000,1946.7,1953.34,1943.25,1948.64,1208696064
962069400,1949.78,1952.46,1938.14,1942.9,1027465024
962155800,1943.98,1953.0601,1940.05,1947.48,955712704
962242200,1949.85,1951.13,1924.47,1937.26,966762880
962328600,1937.84,1941.4,1924.97,1928.11,1001849984
962587800,1917.4399,1917.45,1890.53,1895.64,1000908032
962674200,1891.2,1907.9399,1888.25,1907.9301,683468608
962760600,1910.42,1918.91,1904.47,1909.1899,645652800
962847000,1909.24,1910.05,1896.66,1902.55,670517120
962933400,1904.08,1932.83,1904.08,1932.79,893213184
963192600,1938.84,1948.0601,1932.96,1948.02,1196092032
963279000,1952.26,1960.6,1947.67,1960.54,1186861056
963365400,1965.23,1974.41,1960.35,1973.37,1197052032
963451800,1978.55,1984.0699,1963.55,1979.2,1518204032
963538200,1981.78,1987.22,1972.62,1987.1899,1297942016
963797400,1992.89,1997.9399,1980.22,1982.48,1350878976
963883800,1982.5,1993.99,1981.74,1993.99,878002176
963970200,2000.33,2004.46,1987.42,1998.4301,971777280
964056600,1999.09,2003.8,1979.88,1991.5601,928315072
964143000,1994.42,1998.35,1991.84,1996.34,853451776
964402200,1998.24,1999.9,1982.88,1989.24,927657728
964488600,1990.15,1997.85,1989.09,1996.58,875270016
964575000,1999.4399,2012.4,1999.4,2012.3199,953182016
964661400,2017.46,2025,2004.55,2012.35,1198327040
964747800,2014.11,2016.9399,2006.17,2012.79,1096611968
965007000,2016.14,2023.5699,2008.64,2023.54,1230764032
965093400,2027.01,2031.92,2023.45,2028.15,902182528
965179800,2030.79,2033.1899,2018.48,2030.6801,897428480
965266200,2032.9399,2038.65,2030.1,2036.3,1097329024
965352600,2037.47,2041.28,2013.45,2026.36,1167916032
965611800,2025.1801,2039.42,2017.9,2039.42,1071385024
965698200,2042.74,2050.0701,2040.78,2049.9199,1087760000
965784600,2051.6499,2061.28,2048.49,2061.1799,1227006976
965871000,2065.3,2067.74,2053.8601,2065.9399,1322573952
965957400,2067.78,2070.3,2055.2,2062.6699,1131480064
966216600,2065.9399,2076.3301,2065.9399,2076.3,1080763008
966303000,2079.0701,2082.74,2066.1599,2076.8201,1034094976
966389400,2078.48,2083.47,2072.98,2083.47,1064648000
966475800,2086.8101,2092.3301,2086.5601,2091.5901,1111980032
966562200,2093.6299,2097.3201,2086.75,2090.1799,1028331008
966821400,2095.3799,2108.8799,2093.4199,2108.6899,1351916032
966907800,2112.02,2114.52,2074.52,2074.7,1317062016
966994200,2064.04,2080.1399,1980.34,2057.9199,1891858048
967080600,2058.53,2073.95,2043.21,2071.1599,1375175040
967167000,2073.72,2086.72,2066.3301,2086.7,1018382016
967426200,2092.1201,2100.7,2085.6001,2100.5801,1122209024
967512600,2103.03,2105.6299,2094.6101,2105.48,1003972992
967599000,2107.02,2108.1001,2075.1599,2076.1399,1004270016
967685400,2062.8401,2064.76,2019.45,2021.2,1122894976
967771800,2009.15,2026.35,1997.72,1999.86,926638208
968031000,1994.88,2010.6,1981.23,2010.6,763881920
968117400,2015.0601,2020.85,1959.59,1963.79,717958272
968203800,1955.5,1964.26,1923.6,1925.91,720582720
968290200,1929.3,1963.23,1929.3,1950.66,624957184
968376600,1955.15,1963.89,1945.92,1959.3101,568172928
968635800,1963.27,1972.08,1956.08,1972.04,616490688
968722200,1975.41,1979.3199,1965.4,1979.1,543594176
968808600,1980.53,1995.3199,1975.13,1988.9399,603753088
968895000,1989.97,1992.37,1973.02,1979.5,510427584
968981400,1978.04,1978.47,1966.88,1978.4301,469047712
969240600,1979.53,1981.13,1946.1801,1946.75,517698496
969327000,1937.3199,1937.37,1895.49,1903.15,674231296
969413400,1902.91,1922.3,1892.28,1922.29,510608288
969499800,1924.83,1927.52,1905.65,1907.3101,488490688
969586200,1904.5699,1904.5699,1888.09,1891.98,512275392
969845400,1889.9,1896.72,1874.21,1875.91,376578208
969931800,1878.3101,1890.67,1878.05,1887.83,344904704
970018200,1889.88,1914.11,1889.87,1914.09,337982208
970104600,1915.5,1917.0601,1886.9399,1889.29,381822688
970191000,1888.2,1910.49,1888.0699,1910.16,374559008
971055000,1912.08,1915.5,1897.24,1915.35,424584896
971141400,1917.9,1942.17,1917.6801,1942.15,522865312
971227800,1944.25,1948.01,1931.46,1933.73,566963584
971314200,1933.14,1933.33,1918.47,1926.3199,569861504
971400600,1927.35,1932.3199,1911.36,1918.16,542442496
971659800,1917.45,1917.5601,1897.91,1902.8101,466744512
971746200,1902.0699,1909.49,1896.9399,1909.49,354640512
971832600,1911.7,1922.85,1911.7,1922.84,505840000
971919000,1925.21,1927.37,1911.1801,1913.42,429807008
972005400,1913.16,1947.47,1912.38,1947.46,670333696
972264600,1952.96,1960.86,1945.67,1958.9399,710546880
972351000,1960.37,1962.13,1945.53,1956.34,523243712
972437400,1957.38,1978.99,1957.3101,1977.25,857620096
972523800,1979.3,1980.63,1962.2,1967.67,786145920
972610200,1968.17,1971.78,1957.74,1967.4,604910912
972869400,1967.65,1974.24,1962.8101,1973.58,744168896
972955800,1974.53,1979.99,1956.42,1961.29,647150400
973042200,1961.08,1977.37,1959.72,1977.36,582088192
973128600,1981.76,1992.86,1980.89,1984.26,654429504
973215000,1984.99,1989.11,1977.21,1981.63,584797376
973474200,1983.0699,1992.88,1982.75,1991.17,686310592
973560600,1993.45,1997.08,1990.0601,1997.08,530279008
973647000,1999.15,2012.99,1998.34,2012.91,630141312
973733400,2016.22,2032.52,2014.84,2032.48,921732672
973819800,2037.08,2051.3401,2033.63,2047.46,1101741952
974079000,2054.48,2071.6899,2053.4399,2070.79,1084674048
974165400,2072.79,2085.1201,2055.21,2085.1201,1014449024
974251800,2087.28,2092.6499,2074.3799,2081.9099,1010352000
974338200,2081.1399,2096.05,2080.6101,2095.98,1034435008
974424600,2098.8899,2104.7,2084.8999,2093.24,958949120
974683800,2092.5901,2101.3999,2078.28,2101.3899,1004092992
974770200,2104.0701,2112.9099,2095.5801,2097.98,902445376
974856600,2097.28,2113.3501,2091.6201,2113.3,844737728
974943000,2119.1599,2125.72,2109.22,2119.4399,1031902976
975029400,2119.01,2125.4099,2045.51,2053.3701,1228145024
975288600,2041.16,2062.8101,2031.9301,2049.6699,814538496
975375000,2052.78,2079.48,2052.78,2079.3999,667209728
975461400,2081.5,2082.8999,2055.9399,2067.5,715301504
975547800,2067.0701,2072.29,2057.04,2070.6101,638121792
975634200,2073.0901,2082.03,2071.5,2081.8401,607984512
975893400,2084.48,2092.3201,2077.8101,2092.1399,707281280
975979800,2094.99,2097.29,2085.8,2091.6699,626759168
976066200,2093,2095.4399,2070.3501,2075.6299,736720128
976152600,2072.53,2078.1399,2060.73,2075.04,704238592
976239000,2074.5701,2083.27,2069.6599,2073.1599,711884032
976498200,2072.28,2072.48,2039,2046.08,650896128
976584600,2045.17,2059.05,2037.9,2059.05,871842880
976671000,2057.3799,2059.6001,2050.1799,2056.1201,653943424
976757400,2057,2059.27,2046.9399,2051.0801,541528704
976843800,2052.79,2055.6101,2036.88,2039.36,548703488
977103000,2038.45,2044.5601,2024.29,2044.54,729045696
977189400,2047.35,2056.76,2046.03,2049.03,744492800
977275800,2050.0701,2071.3101,2048.6399,2071.27,829892480
977362200,2075.5601,2086.9399,2074.3401,2076.8899,928054720
977448600,2078.4299,2079.97,2066.22,2069.77,832829376
977707800,2071.5701,2075.21,2062.04,2068.1699,862953984
977794200,2070.3799,2076.4099,2068.8101,2076.27,774605312
977880600,2077.72,2079.76,2056,2058.24,874306496
977967000,2054.52,2061.05,2047.74,2053.7,779817920
978053400,2055.8301,2073.8799,2055.5,2073.48,849286784
978399000,2077.0801,2103.54,2074.8799,2103.47,933897984
978485400,2108.25,2123.8999,2105.5,2123.8999,1190429056
978571800,2125.48,2127.4199,2113.1799,2117.4099,1026457984
978658200,2117.6599,2125.3799,2114.0601,2125.3,1017036032
978917400,2128.6001,2131.98,2092.1001,2102.0601,1157433984
979003800,2099.3201,2111.1001,2082.8401,2101.1399,877882112
979090200,2102.0801,2125.6699,2102.0701,2125.6101,951907584
979176600,2129.6101,2131.3701,2117.03,2119.1399,1026043008
979263000,2116.8501,2117.73,2100.27,2104.75,797738816
979522200,2097.0901,2097.0901,2030.29,2032.4399,950702016
979608600,2018.3,2045.95,2007.71,2045.89,843106688
979695000,2046.38,2048.7,2031.76,2034.58,512422688
979781400,2033.6899,2049.3601,2033.58,2043.11,608675072
979867800,2046.58,2067.8799,2046.54,2065.6101,641929728
981336600,2069.8601,2072.55,2005.6801,2008.03,565899520
981423000,1999.72,1999.72,1956.1801,1995.3199,621167104
981509400,1995.6,1998.25,1978.6,1979.9399,422895904
981595800,1977.5601,1986.9,1926.4,1930.14,530870304
981682200,1935.1899,1963.33,1935.1899,1956.97,608105792
981941400,1958.66,1961.8101,1935.59,1961.22,493028512
982027800,1962.53,1974,1958.99,1963.53,394526496
982114200,1962.74,1966.84,1956.42,1963.2,322750112
982200600,1963.45,1966.92,1944.5601,1946.48,339134304
982287000,1942.05,1942.12,1911.87,1941.96,500070400
982546200,1942.58,1969.35,1935.65,1967.55,406009600
982632600,1969.78,1980.39,1947.26,1953.22,450414912
982719000,1948.42,1948.42,1901.2,1909.33,554352192
982805400,1901.99,1922.46,1893.78,1907.26,381815200
982891800,1906.91,1936.63,1906.55,1936.35,422846912
983151000,1940.77,1954.78,1935.55,1954.6899,523253600
983237400,1956.27,1962.28,1946.98,1962.04,494664992
983323800,1964.36,1965.02,1950.9301,1959.1801,462486016
983410200,1959.01,1968.36,1953.72,1965.12,804277504
983496600,1969.0601,1987.39,1968.96,1985.11,638038272
983755800,1991.28,1993.8,1979.65,1984.2,639004992
983842200,1986.73,1990.0601,1977.11,1990.0601,1763229952
983928600,1991.28,1996.85,1986.04,1991.1801,1166722048
984015000,1990.64,2002.25,1989.87,2000.9,921790272
984101400,2003.2,2015.5,1999.48,2011.66,1355112960
984360600,2013.3101,2015.6,2004.96,2012.55,1093912064
984447000,2012.16,2012.77,1992.17,1998.7,1181955968
984533400,1996.15,2018.62,1994.9399,2018.62,855377472
984619800,2019.72,2027.33,2017.59,2022.6,1057041024
984706200,2023.03,2024.28,2011.99,2020.24,882278592
984965400,2019.85,2036.63,2017.49,2036.62,993555520
985051800,2039.55,2045.9399,2037.17,2045.79,1057372992
985138200,2047.63,2066.3899,2046.4301,2066.3899,1146173056
985224600,2071.2,2087.53,2068.1399,2087.53,1640931968
985311000,2091.1799,2093.95,2052.55,2053.54,1864774016
985570200,2052.05,2089.99,2052.05,2089.8799,1291581056
985656600,2096.5,2107.3,2090.8999,2107.26,1352761984
985743000,2109.76,2112.8799,2096.9199,2106.8701,1252139008
985829400,2107.22,2111.73,2096.9299,2101.6599,1232580992
985915800,2101.1001,2112.8301,2096.28,2112.78,1064534976
986175000,2117.45,2126.97,2114.78,2125.0801,1198323968
986261400,2127.78,2129.8301,2109.25,2123.05,1059347968
986347800,2123.8899,2128.1599,2084.9299,2090.72,1215609984
986434200,2084.8101,2112.6201,2081.6399,2112.6001,898619584
986520600,2116.3799,2122.22,2103.26,2108.6101,829210624
986779800,2108.97,2117.4099,2100.97,2117.3701,958209216
986866200,2119.54,2128.55,2119.3601,2128.48,884070080
986952600,2130.8999,2134.51,2121.1599,2131.3999,963160000
987039000,2132.8101,2141.9199,2124.8201,2134.8,1336766976
987125400,2135.6699,2145.4399,2130.5901,2145.3999,1033145024
987384600,2150.29,2168.0801,2150.29,2168.0601,1420630016
987471000,2173.3,2177.1599,2163.1899,2176.6799,1537860992
987557400,2177.99,2179.74,2167.5901,2172.5601,1421979008
987643800,2172.4299,2175.5701,2148.3101,2172.8701,1505496960
987730200,2173.96,2179.5701,2152.01,2152.3401,1621673984
987989400,2150.3401,2157.51,2132.55,2150.4299,1403287040
988075800,2151.3401,2166.1899,2151.3401,2166.1699,1073662016
988162200,2168.05,2170.3899,2115.26,2119.1799,1369158016
988248600,2113.3899,2125.79,2102.8201,2105.0601,998894208
988335000,2104.03,2120.8401,2104.03,2115.1101,848589888
988594200,2117.1699,2122.5,2111.95,2119.1799,763655616
989285400,2119.8999,2138.04,2119.8899,2137.99,664911424
989371800,2140.55,2142.3799,2127.3201,2132.8899,784362880
989458200,2134.1899,2147.3401,2134.1899,2147.28,826856832
989544600,2150.3201,2155.4199,2144.76,2155.4099,834136512
989803800,2161.6101,2178.7,2160.1201,2178.47,1162685056
989890200,2184.79,2191.0701,2176.79,2191.0601,1294572032
989976600,2195.3601,2199.54,2187.4099,2199.5,1197133952
990063000,2201.98,2205.01,2187.8401,2194.6499,1167980032
990149400,2194.6201,2203.3701,2186.6499,2203.3701,1044916992
990408600,2207.78,2213.75,2202.74,2213.5901,1323955968
990495000,2215.78,2218.45,2205.25,2210.3401,1048348032
990581400,2210.8501,2213.3999,2175.28,2197.5901,1305028992
990667800,2198.01,2202.8401,2192.1699,2198.3,1061140992
990754200,2199.6599,2204.24,2181.25,2193.5801,982466304
991013400,2194.45,2194.8301,2171.6799,2179.7,1107943040
991099800,2177.6499,2188.76,2176.5601,2180.28,1006238016
991186200,2180.6201,2211.2,2180.53,2211.2,1092057984
991272600,2217.8701,2222.6499,2208.8799,2214.26,1262631040
991359000,2216.5601,2223.26,2212.1599,2219.5901,1280903040
991618200,2223.9099,2229.05,2222.23,2226.78,1324257024
991704600,2229.25,2235.5,2226.8201,2234.99,1197181952
991791000,2237.99,2241.0901,2224.3,2238.5,1160340992
991877400,2241.01,2242.6899,2223.4099,2229.8101,992409792
991963800,2229.2,2229.4099,2211.75,2223.0701,878988416
992223000,2223.8,2226.6101,2206.6399,2214.6201,997664320
992309400,2213.54,2223.3,2211.8601,2222.96,1016856000
992395800,2227.0701,2242.4199,2226.8799,2242.4199,1070147008
992482200,2243.3,2245.4399,2201.01,2202.3999,1225220992
992568600,2196.6799,2212.0901,2188.25,2210.97,995770112
992827800,2211.8899,2214.1001,2157.1201,2167.6499,1032936000
992914200,2163.3201,2174.21,2158.76,2170.45,689648192
993000600,2171.01,2180.73,2157.3999,2163.1201,583817600
993087000,2164.1201,2189.22,2164.0901,2189.1399,557406272
993173400,2191.3601,2206.51,2188.9399,2206.0701,781870528
993432600,2210.0701,2230.22,2210.04,2230.2,1150048000
993519000,2234.0701,2236.78,2223.5,2233.5901,1193654016
993605400,2234.71,2237.52,2223.8101,2229.8301,967060288
993691800,2231.3701,2237.49,2213.5801,2219.25,932427776
993778200,2218.5701,2225.3501,2214.1599,2218.03,659076928
994037400,2220.4199,2223.21,2201.5901,2205.98,637816192
994123800,2206.8501,2211.8601,2191.6799,2211.8301,567799488
994210200,2212.97,2216.22,2199.6299,2202.0601,492403296
994296600,2202.3,2204.26,2176.75,2181.6599,618927616
994383000,2179.8101,2187.24,2168.78,2170.52,616942208
994642200,2169.47,2175.1599,2164.01,2169.6599,510633216
994728600,2172.6101,2189.8,2172.5901,2189.78,532441504
994815000,2190.98,2192.52,2167.6699,2168.74,489571712
994901400,2164.9199,2168.3999,2153.6799,2165.49,475446112
994987800,2167.7,2178.02,2158.8501,2161.3401,500520384
995247000,2176.3401,2183.52,2142.0801,2146.24,710929280
995333400,2145.48,2146.03,2121.28,2140.98,580339520
995419800,2142.01,2147.8401,2137.4099,2146.54,389623712
995506200,2146.52,2150.27,2135.24,2150.26,545587328
995592600,2153.24,2179.77,2153.1399,2179.6201,813113408
995851800,2183.74,2185.8601,2166.3301,2169.01,712269184
995938200,2162.75,2162.75,2129.1799,2136.45,737440192
996024600,2130.45,2140.5,2108.76,2112.26,621897216
996111000,2109.9199,2116.5601,2086.0801,2094.01,569391424
996197400,2093.8701,2101.1499,2063.8899,2065.73,585945280
996456600,2056.76,2056.77,1955.97,1956.8199,759273280
996543000,1939.26,1978.1,1909.3,1920.3199,712509376
996629400,1925.24,1986.9399,1925.24,1986.9301,743892672
996715800,1989.64,1990.7,1912.73,1957.02,649304512
996802200,1956.54,1965.3199,1948.9,1958.6899,433033408
997061400,1953.41,1953.45,1867.86,1882.13,670411328
997147800,1872.67,1911.21,1861.78,1903.9301,785885504
997234200,1902.87,1907.95,1885.42,1895.17,1129548032
997320600,1894.6899,1924.65,1894.05,1924.59,799221824
997407000,1929.96,1956.4,1929.6899,1955.04,1007987008
997666200,1956.92,1963.14,1942.0699,1955.1,660555520
997752600,1955.51,1960.95,1924.27,1939.54,564691328
997839000,1938.54,1949.16,1935.39,1947.36,406760896
997925400,1948.27,1950.46,1918.49,1919.64,451565792
998011800,1916.84,1928.14,1909.67,1924,418972288
998271000,1923.1,1937.16,1917.1,1934.49,599049600
998357400,1936.0601,1947.4,1935.77,1938.87,503047904
998443800,1935.54,1935.5601,1891.35,1903.45,666544320
998530200,1892.37,1903.47,1869.49,1902.99,541933184
998616600,1903.38,1912.1899,1883.24,1886.8,527731584
998875800,1881.3101,1881.3101,1824.88,1827.25,642240512
998962200,1816.66,1843.4399,1795.5699,1843.38,579221632
999048600,1846.8199,1865.48,1837.9399,1847.54,500775712
999135000,1846.1899,1846.54,1831.02,1839.63,333766592
999221400,1838.21,1846.9399,1831.52,1834.14,309783712
999480600,1831.7,1831.8,1813.37,1817.1899,375806400
999567000,1815.27,1862.4,1814.92,1862.36,577795008
999653400,1868.36,1888.9,1863.83,1868.27,576809792
999739800,1867.63,1876.47,1853.29,1861.5601,401022592
999826200,1858.24,1858.24,1807.14,1808.84,527958592
1000085400,1790.21,1858.2,1774.83,1856.53,613546624
1000171800,1859.97,1871.13,1849.61,1863.78,518689888
1000258200,1822.13,1858.6899,1815.59,1852.6,959252288
1000344600,1851.62,1857.86,1837.8199,1839.91,388451200
1000431000,1838.67,1846.02,1814.74,1818.38,494513696
1000690200,1811.9,1816.26,1782.5,1784.61,528683392
1000776600,1784.59,1817.5601,1780.05,1798.62,407328896
1000863000,1800.24,1822.97,1784.91,1822.7,396188896
1000949400,1826.42,1836.79,1814.46,1818.42,485792192
1001035800,1815.5601,1821.34,1803.8,1807.02,354027712
1001295000,1804.89,1808.7,1791.62,1794.96,274466912
1001381400,1799.98,1813.3101,1788.4,1793.88,289103008
1001467800,1793.65,1793.67,1765.17,1767.8101,276968000
1001554200,1765.62,1779.13,1750.76,1764.9301,317249984
1001640600,1766.13,1774.3,1751.72,1764.87,342117792
1002504600,1766.13,1773.8,1723.04,1726.53,271852192
1002591000,1724.17,1751.0699,1722.22,1744.64,272097600
1002677400,1744.04,1744.64,1683.71,1686.61,393135104
1002763800,1682.3199,1693.22,1634.21,1638.33,437030688
1002850200,1637.75,1700.71,1598.79,1691.33,718009792
1003109400,1692.17,1703.59,1670.26,1687.28,458875712
1003195800,1689.1899,1691.65,1649.2,1655.9,338167488
1003282200,1654.9301,1661.88,1635.92,1643.0699,274360000
1003368600,1642.01,1651.11,1609.38,1615.58,329586688
1003455000,1610.4399,1610.4399,1550.91,1572.45,586703808
1003714200,1558.47,1563.4,1514.86,1520.67,423059712
1003800600,1642.22,1670.74,1625.15,1670.5601,1421938048
1003887000,1733.64,1744.92,1685.72,1718.0601,2034708992
1003973400,1708.03,1708.03,1673.05,1676.5,972532992
1004059800,1669.16,1681.9,1651.52,1677.88,643277184
1004319000,1678.72,1701.12,1678.72,1700.48,548875584
1004405400,1702.86,1704.48,1680.4399,1682.77,399672288
1004491800,1678.9301,1689.17,1655.89,1689.17,405136512
1004578200,1692.35,1717.74,1688.1,1707.75,631995904
1004664600,1703.92,1711.74,1688.5699,1691.35,425379296
1004923800,1687.84,1688.3101,1671.23,1679.5699,347467904
1005010200,1678.17,1685.52,1668.66,1671.28,382768288
1005096600,1669.4301,1669.46,1591.77,1594.05,594589312
1005183000,1566.52,1605.9,1550.46,1605.87,523931200
1005269400,1605.08,1637.9,1582.85,1630.36,575023232
1005528600,1631.8,1637.3199,1619.11,1621.2,403862208
1005615000,1609.95,1623.45,1598.11,1615.9301,344049504
1005701400,1615.75,1627.97,1614.59,1617.1,277397408
1005787800,1619.26,1624.8101,1612.9,1621.34,251838592
1005874200,1725.45,1734.67,1644.61,1646.76,1099399040
1006133400,1645.09,1669.99,1644.8199,1669.89,457445888
1006219800,1672.21,1703.74,1670.8,1699.73,917883584
1006306200,1700.66,1707.9301,1690.23,1705.66,676450112
1006392600,1705.92,1715.9301,1700.51,1715.8101,695013376
1006479000,1715.65,1721.97,1704.14,1712.5601,631836928
1006738200,1710.13,1710.13,1696,1705.88,469034912
1006824600,1705.51,1722.62,1704.85,1722.59,499150016
1006911000,1725.54,1741.66,1725.16,1735,753849984
1006997400,1735.38,1741.74,1728.89,1732.3,675296768
1007083800,1732.13,1748,1731.96,1747.99,724771584
1007343000,1751.05,1767.4399,1750.92,1762.5601,863915776
1007429400,1763.79,1770.36,1754.87,1769.6801,737371520
1007515800,1765.5601,1776.02,1745.1,1745.23,965188224
1007602200,1740.08,1754.77,1737.0601,1751.1801,779399424
1007688600,1752.02,1756.47,1743.33,1745.41,647554112
1007947800,1743.62,1748.97,1730.8101,1748.6801,590359424
1008034200,1748.02,1748.98,1726.6899,1728.88,577456384
1008120600,1724.88,1728.83,1714.1801,1715.17,563790784
1008207000,1713.78,1720.55,1687.09,1688.01,604061504
1008293400,1683.73,1692.9,1673.3199,1675.51,468558016
1008552600,1673.24,1680.84,1662.6801,1665.9399,361941600
1008639000,1666.51,1687.77,1660.5,1687.29,510812704
1008725400,1688.92,1693.1801,1671.9399,1672.7,461815904
1008811800,1669.48,1669.48,1628.47,1631.54,578025216
1008898200,1627.4399,1640.79,1624.5,1640.14,378326400
1009157400,1639.52,1640.14,1601.24,1606.1,422865696
1009243800,1604.67,1613.6,1593.03,1611.17,450774400
1009330200,1610.65,1634.33,1605.15,1633.64,479393504
1009416600,1635.46,1644.41,1625.46,1627.92,556916608
1009503000,1626.96,1639.85,1619.53,1639.48,503671904
1009762200,1641.4301,1649.8,1638.3199,1645.97,516915712
1010107800,1643.48,1643.5,1608.83,1611.39,138230208
1010367000,1605.74,1605.74,1584.66,1596.76,299697088
1010453400,1594.87,1607.72,1582.45,1583.46,348254112
1010539800,1580.71,1580.72,1552.5601,1561.35,447451712
1010626200,1556.74,1580.01,1523.66,1576.4399,558604096
1010712600,1574.26,1574.27,1535.28,1535.59,548349568
1010971800,1519.9301,1519.9301,1484.46,1485.11,592997696
1011058200,1475.34,1491.7,1458.02,1459.65,559817280
1011144600,1458.84,1482.1801,1439.4,1479.62,637989888
1011231000,1476.36,1476.38,1416.3,1419.52,568212800
1011317400,1405.55,1434.97,1376.89,1415.4399,776144512
1011576600,1407,1412.21,1362.62,1366.97,567697088
1011663000,1360.29,1400.76,1348.79,1358.6899,705218880
1011749400,1355.86,1445.7,1346.17,1444.96,1051414016
1011835800,1435.3199,1478.54,1400.35,1456.4,1367010048
1011922200,1449.88,1464.9,1442.9399,1451.48,807897728
1012181400,1444.5,1448.6,1357.55,1359.55,1056280000
1012267800,1343.36,1396.11,1339.2,1392.78,730314368
1012354200,1392.95,1408.05,1381.01,1396.6,599350528
1012440600,1413.22,1501.33,1413.22,1491.66,1880068992
1012527000,1494.58,1507.64,1480.77,1485.77,1333752960
1012786200,1485.6801,1513.67,1476.13,1511.33,842464192
1012872600,1510.5699,1522.3199,1502.09,1518.28,961651776
1012959000,1517.8101,1521.5601,1484.25,1485.8,832073024
1013045400,1482.36,1521.03,1481.0699,1515.39,961295872
1013131800,1520.72,1530.13,1506.0699,1506.62,710814912
1014600600,1540.49,1544.5699,1521.66,1530.28,807031680
1014687000,1529.38,1531.72,1507.58,1531.4301,663469888
1014773400,1531.3199,1544.92,1524.6801,1538.3199,711387200
1014859800,1537.9301,1544.39,1521.08,1524.7,647798784
1014946200,1521.53,1521.5699,1501.5601,1502.54,569348608
1015205400,1497.83,1527.4,1494.83,1526.8,552068480
1015291800,1529.3,1566.0699,1529.3,1560.08,1174764032
1015378200,1564.6899,1594.67,1563.92,1569.21,1609154944
1015464600,1569.17,1613.26,1569.0699,1613,1633820032
1015551000,1622.87,1645.29,1611.23,1640.26,2315429120
1015810200,1643.59,1664.52,1632.62,1664.09,1947650944
1015896600,1665.24,1672.04,1641.58,1643.6899,2101131008
1015983000,1636.9399,1655.63,1621.8,1623.4301,1500230016
1016069400,1621.08,1665.78,1621.08,1665.15,1195075968
1016155800,1671.8199,1676.51,1620.5601,1620.98,1399457024
1016415000,1641.4301,1657.6801,1610.99,1623.88,1288338944
1016501400,1624.3199,1665.62,1624.29,1665.36,1331462016
1016587800,1673.26,1686.1,1664.37,1682.51,1801878016
1016674200,1686.95,1693.87,1675.24,1685.02,1343827968
1016760600,1684.0699,1684.46,1659.52,1669.6899,1023452032
1017019800,1667.85,1677.04,1663.4,1675.29,879264000
1017106200,1674.7,1675.21,1641.91,1649.48,925375808
1017192600,1646.6801,1655.1801,1635.8199,1654.23,717040896
1017279000,1653.98,1666.52,1645.34,1650.67,793435328
1017365400,1648.09,1648.09,1596.25,1603.9,1197868032
1017624600,1598.03,1609.92,1589.41,1608.51,667969472
1017711000,1608.52,1610.73,1575.97,1582.88,771821120
1017797400,1582.74,1603.8,1582.67,1594.51,639964992
1017883800,1595.02,1643.54,1583.63,1641.7,910306496
1017970200,1650.5,1657.09,1628.55,1634.64,1013510016
1018229400,1633.83,1643.6801,1631.0699,1640.65,667485312
1018315800,1641.85,1671.86,1640.6899,1667.52,1601634048
1018402200,1670.8,1677.9399,1663.47,1677.66,1202041984
1018488600,1679.34,1680.3,1649.27,1649.53,944877696
1018575000,1648.45,1664.42,1648.45,1658.98,813352384
1018834200,1660.5699,1664.52,1638.64,1649.5,726755584
1018920600,1647.51,1654.74,1635.75,1640.28,617537408
1019007000,1641.72,1649.4301,1630.23,1644.4,584095296
1019093400,1644.15,1646.25,1626.03,1628.14,730470400
1019179800,1625.25,1635.53,1603.96,1635.17,862769792
1019439000,1633.64,1637.1801,1619.16,1627.48,550123072
1019525400,1626.63,1634.86,1621.87,1624.55,499909696
1019611800,1623.47,1626.38,1609.2,1611.05,503065216
1019698200,1609.9399,1616.76,1603.64,1615.92,468889600
1019784600,1615.52,1643.15,1615.52,1640.59,703904128
1020043800,1643.55,1667.16,1640.5601,1665.8101,1046038016
1020130200,1668.3101,1673.75,1657.8199,1667.75,970235072
1020821400,1669.87,1670.92,1651.6899,1652.37,475011488
1020907800,1648.46,1659.25,1646.8199,1650.58,557309568
1020994200,1650.91,1652.29,1636.86,1638.2,601488192
1021253400,1634.9,1634.92,1618.46,1623.9399,567219520
1021339800,1622.33,1629.88,1613.55,1616.23,533427712
1021426200,1614.9,1618.14,1597.92,1598.35,603463424
1021512600,1592.24,1592.24,1546.9399,1549.5,807654720
1021599000,1549.08,1570.15,1540.58,1567.5,716278272
1021858200,1564.97,1564.98,1529.35,1541.53,478270112
1021944600,1575.02,1599.11,1564.55,1588.11,971070976
1022031000,1590.79,1591.03,1563.16,1564.49,572942976
1022117400,1571.08,1585.74,1568.1,1571.61,819136128
1022203800,1572.9399,1574.13,1544.42,1549.47,564800128
1022463000,1555.04,1562.63,1545.62,1555.05,382215488
1022549400,1557.62,1569.41,1557.23,1558.52,378071808
1022635800,1558.13,1558.14,1520.12,1524.8101,516997312
1022722200,1524.22,1530.77,1506.54,1523.52,552689792
1022808600,1523.01,1532.03,1513.26,1515.73,421432000
1023067800,1510.25,1510.26,1480.08,1483.35,517919616
1023154200,1484.01,1498.05,1474.36,1490.51,457839488
1023240600,1491.0699,1491.0699,1460.48,1462,440838784
1023327000,1458.61,1532.74,1455.3,1521.26,877563520
1023413400,1522.88,1540.8199,1508.4301,1529.51,985853312
1023672600,1529.34,1529.38,1511.26,1517.23,448487008
1023759000,1515.99,1534.38,1515.75,1530.96,500336288
1023845400,1531.75,1531.75,1513.92,1524.84,381856512
1023931800,1524.77,1529.4399,1511.22,1511.71,356452096
1024018200,1508.64,1508.65,1493.24,1494.25,391995008
1024277400,1489.14,1496.84,1481.25,1496.24,293316096
1024363800,1496.83,1527.76,1496.8,1524.0699,536516096
1024450200,1523.95,1524.01,1506.4301,1507.67,305287712
1024536600,1511.12,1528.36,1510.53,1516.15,397506112
1024623000,1517.28,1564.92,1517.26,1562.72,1254214016
1024882200,1704.7,1709.0699,1647.5,1707.3101,4851805184
1024968600,1718.23,1748.89,1690.61,1706.59,4223811072
1025055000,1698.11,1719.08,1684.91,1712.91,2430586112
1025141400,1714.74,1730.67,1706.14,1723.54,2199694080
1025227800,1724.73,1747.23,1711,1732.76,2973538048
1025487000,1736.29,1740.38,1712.77,1713.7,1551928064
1025573400,1707.45,1725.89,1698.83,1724.95,1337812992
1025659800,1727.09,1736.08,1719.62,1730.92,1394988032
1025746200,1731.9,1735.83,1710.29,1713.14,1389831040
1025832600,1709.84,1722.48,1704.1899,1722.1899,1140135936
1026091800,1723.58,1737.86,1721.12,1732.9301,1085101952
1026178200,1733.83,1741.92,1724.39,1729.99,1053601984
1026264600,1728.52,1729.73,1698.83,1701.8199,1223320064
1026351000,1698.21,1712.2,1689.22,1696.9399,918741120
1026437400,1696.64,1706.4399,1693.21,1698.3,808398720
1026696600,1696.8101,1697.38,1685.54,1687.9399,799983872
1026783000,1687.67,1704.77,1686.8101,1691.62,705637696
1026869400,1692.45,1702.24,1680.2,1701.72,630034432
1026955800,1703.8101,1711.6899,1695.4,1704.91,816779392
1027042200,1706.36,1714.09,1703.38,1713.86,718322880
1027301400,1712.02,1712.33,1678.5,1681.01,833387072
1027387800,1676.9,1684.66,1670.38,1673.86,654092608
1027474200,1673.6801,1679.66,1667.4399,1672.4,524849216
1027560600,1675.47,1682.89,1662.38,1665.11,526820704
1027647000,1665.09,1670.23,1656.8199,1657.5,507634400
1027906200,1654.92,1665.96,1647.26,1665.67,483198304
1027992600,1666.58,1672.12,1656.85,1669,588782912
1028079000,1667.62,1671.48,1649.01,1651.59,510307392
1028165400,1650.05,1659.97,1639.22,1653.01,482500800
1028251800,1653.64,1662.72,1653.17,1661.87,403184288
1028511000,1661.4,1661.58,1652.4,1653.96,380347296
1028597400,1652.9399,1679.8101,1649.89,1670.62,678117184
1028683800,1670.17,1670.8101,1663.9301,1668.0601,349656096
1028770200,1668.51,1675.3,1657.47,1659.8,401309504
1028856600,1658.4399,1658.77,1642.77,1647.05,463683808
1029115800,1642.48,1642.59,1633.09,1634.5699,419616288
1029202200,1633.6801,1642.41,1633.55,1636.63,292338688
1029288600,1636.89,1647.09,1635.29,1646.72,296337312
1029375000,1646.62,1647.0699,1632.13,1634.37,320742304
1029461400,1632.96,1652.98,1624.05,1646.79,571630272
1029720600,1645.9301,1650.09,1641.4,1644.3,354075008
1029807000,1644.62,1673.92,1644.25,1671.35,806275712
1029893400,1671.99,1677.95,1668.36,1673.55,624342720
1029979800,1672.7,1696.28,1672.4301,1686.11,888265728
1030066200,1686.3,1688.12,1679.12,1683.21,549982208
1030325400,1682.14,1682.3199,1668.8199,1670.6801,495181600
1030411800,1670.63,1680.0601,1670.11,1679.6899,613372992
1030498200,1680.75,1683.5,1675.52,1676.77,559888000
1030584600,1676.86,1680.17,1665.72,1667.3199,435036416
1030671000,1666.98,1669.14,1664.8199,1666.62,395075392
1030930200,1666.34,1669.9,1663.17,1668.77,344460704
1031016600,1669.58,1680.28,1669.58,1674.0699,386772096
1031103000,1674.45,1675.96,1662.49,1663.97,395059712
1031189400,1662.89,1662.9,1639.8199,1641.8101,601619392
1031275800,1639.89,1644.8,1629.9301,1631.38,539432320
1031535000,1628.45,1628.45,1617.01,1621.58,418260096
1031621400,1620.28,1627.35,1619.33,1625.11,351201600
1031707800,1625.33,1626.84,1605.98,1620.36,435277600
1031794200,1619.9399,1631.66,1614.6,1624.5601,342851808
1031880600,1624.5,1626.0699,1621.42,1625.76,306182400
1032139800,1624.13,1624.14,1598.74,1604.08,443823104
1032226200,1603.46,1612.02,1593.98,1604.88,428532896
1032312600,1603.61,1605.22,1593.53,1594.58,342691584
1032399000,1593.5699,1623.65,1585.0699,1619.35,550508416
1032485400,1618.2,1618.2,1602.88,1604.91,348524512
1032744600,1602.28,1604.3,1597.29,1602.59,249711696
1032831000,1602.2,1602.28,1594.28,1596.73,317503200
1032917400,1595.8101,1602.35,1590.49,1597.84,357656192
1033003800,1597.85,1599.98,1586.53,1587.65,405337792
1033090200,1587.24,1591.84,1577.53,1581.62,390558112
1034040600,1577.05,1577.05,1558.48,1562.99,262379104
1034127000,1570.65,1571.52,1534.91,1535.37,1693940992
1034213400,1532.1801,1542.5601,1528.35,1530.41,508700992
1034299800,1532.14,1536.87,1521.91,1524.05,610708608
1034559000,1522.87,1532.63,1509.14,1531.6801,549646400
1034645400,1531.58,1534.58,1522.1,1524.73,374174592
1034731800,1524.91,1548.52,1524.91,1537.39,499620192
1034818200,1537.96,1538.79,1511.4,1513.1,416896192
1034904600,1511.1801,1523.83,1500.54,1519.54,408733312
1035163800,1519.2,1525.26,1512.33,1524.92,345668192
1035250200,1525.08,1553.86,1525.0601,1548.1,648189824
1035336600,1549.77,1550.09,1539.48,1548.96,472996416
1035423000,1549.78,1550.4301,1535.9,1536.52,442275904
1035509400,1535.8,1542.59,1517.42,1520.3101,529281088
1035768600,1518.09,1518.6,1500.01,1502.72,508270304
1035855000,1501.38,1511.76,1488.6801,1510.88,464592896
1035941400,1511.11,1513.46,1498.45,1509.71,374856608
1036027800,1510.03,1521.87,1506,1507.5,357921792
1036114200,1507.38,1511.1,1498.21,1510.76,358179488
1036373400,1516.22,1532.23,1515.0699,1531.84,490830496
1036459800,1533.8101,1565.23,1532.29,1558.24,1190034944
1036546200,1558.91,1559.22,1548.73,1552.5601,647949376
1036632600,1554.04,1559.8199,1546.26,1554.24,640628224
1036719000,1570,1573.1,1517.39,1522.1899,940124416
1036978200,1519.6,1526.13,1501.99,1504.4,439872704
1037064600,1504.58,1517.72,1481.16,1485.91,806369920
1037151000,1483.71,1491.24,1461.26,1490.46,640030720
1037237400,1488.91,1489.14,1459.71,1460.8,531664288
1037323800,1455.98,1481.22,1451.39,1463.6899,600443776
1037583000,1463.72,1468.3199,1447.49,1451.29,412223488
1037669400,1450.7,1464.76,1441.73,1462.17,422837600
1037755800,1459.21,1459.21,1423.8,1425.84,569387072
1037842200,1421.23,1421.23,1389.29,1390.63,682793600
1037928600,1392.5699,1409,1375.54,1395.5,676739776
1038187800,1393.34,1403.51,1383.09,1398.4399,445881312
1038274200,1398.4399,1408.79,1371.01,1371.17,532251104
1038360600,1365.8199,1384,1353.14,1378.75,725723520
1038447000,1378.14,1417.85,1372.38,1417.52,794633984
1038533400,1420.4301,1450.1899,1409.2,1434.1801,1506471040
1038792600,1432.03,1432.03,1394.91,1395.6801,669514176
1038879000,1391.72,1409.89,1388.51,1408.84,522009792
1038965400,1414.89,1432.9,1406.61,1414.45,769689088
1039051800,1411.89,1411.89,1395.08,1404.88,478247008
1039138200,1404.92,1417,1396.2,1405.52,381720992
1039397400,1404.51,1410.79,1395.9301,1400.87,328326112
1039483800,1400.5601,1406.9,1383.5699,1383.84,517753312
1039570200,1381.4,1383.15,1367.3101,1379.2,442719904
1039656600,1378.8199,1399.77,1378.8101,1383.91,437994304
1039743000,1375.78,1401.6,1367.9301,1396.9,559802816
1040002200,1397.72,1409.9399,1392.89,1408.52,649098496
1040088600,1409.17,1418.2,1403.58,1416.1,581891712
1040175000,1416.67,1424.48,1409.84,1411.72,635415680
1040261400,1411.28,1414.29,1402.64,1413.6,482584704
1040347800,1414.34,1431.36,1410.46,1427.9399,634338624
1040607000,1429.95,1439.85,1429.29,1430.2,638550208
1040693400,1429.53,1431.12,1420.38,1430.83,530686400
1040779800,1431.59,1433.79,1420.9301,1421.52,543468096
1040866200,1419.96,1420,1382.36,1384.15,865209792
1040952600,1379.33,1389.33,1367.85,1382.97,685797888
1041211800,1379.74,1379.75,1358.4301,1366.36,634728192
1041298200,1364.97,1370.53,1348.71,1357.65,650583424
1041471000,1347.4301,1351.34,1317.47,1320.63,506568800
1041557400,1317.58,1323.63,1312.8,1319.87,364926304
1041816600,1319.6899,1334.89,1311.6801,1334.6801,585053824
1041903000,1335.63,1346.8199,1326.1899,1332.0601,654707392
1041989400,1331.4399,1373.12,1330.45,1372.0699,847733696
1042075800,1374.62,1402.29,1365.37,1397.38,1618573056
1042162200,1398.38,1411.37,1384.63,1384.86,1463916032
1042421400,1381.87,1391.1899,1378.65,1386.3101,787615296
1042507800,1386.9,1476.91,1386.59,1466.85,3177710080
1042594200,1477.45,1485.8,1448.27,1459.92,3254010112
1042680600,1458.87,1486.0601,1454.55,1485.62,2134329984
1042767000,1488.26,1492.72,1472.96,1478.6801,1859337984
1043026200,1475.71,1482.9399,1458.12,1482.6801,1402356992
1043112600,1485.87,1489.55,1454.61,1454.89,1315773056
1043199000,1448.83,1463.9399,1446.35,1460.53,1025819008
1043285400,1460.25,1470.33,1448.7,1450.62,976508608
1043371800,1449.5,1483.5601,1448.01,1479.0699,1313368960
1043631000,1481.61,1500.38,1480.97,1496.16,1197442944
1043717400,1497.1,1502.4301,1489.16,1500.64,889204480
1043803800,1501.29,1508.59,1498.37,1499.8199,990553984
1044840600,1499.17,1499.64,1477.52,1480.17,667252608
1044927000,1478.05,1492.89,1476.87,1492.76,537487296
1045013400,1493.25,1510.98,1486.3101,1510.67,925605120
1045099800,1512.28,1519.29,1502.4301,1504.34,1106329984
1045186200,1503.37,1515.26,1500.98,1510.95,817430976
1045445400,1510.64,1514.64,1490.92,1496.52,938416896
1045531800,1495.14,1500.29,1488.83,1496.47,659427968
1045618200,1496.65,1511.13,1490.02,1510.8,835274496
1045704600,1513.01,1517.77,1507.23,1509.49,813632576
1045791000,1508.08,1508.13,1476.42,1478.87,975142784
1046050200,1476.0699,1488.0699,1474.47,1481.9399,639278976
1046136600,1481.11,1511.65,1481.11,1511.28,968951104
1046223000,1513.49,1515.46,1506.55,1513.1801,690790784
1046309400,1513.1801,1524.75,1508.75,1513.7,760375808
1046395800,1512.86,1514.5,1501.42,1511.9301,646578112
1046655000,1511.58,1525.7,1511.04,1525.48,877537792
1046741400,1527.45,1529.75,1517.86,1524.3,795350208
1046827800,1524.08,1524.12,1508.25,1517.1801,673754816
1046914200,1516.6,1517.35,1494.24,1498.34,845438272
1047000600,1495.6899,1502.4301,1489.38,1493.09,705580416
1047259800,1492.21,1496.16,1467.64,1468.92,747047168
1047346200,1467.55,1473.96,1463.58,1469.55,515564512
1047432600,1468.75,1475.29,1458.5,1475.01,529337216
1047519000,1475.04,1477.86,1463.33,1464.65,532861504
1047605400,1464.99,1471.5,1461.35,1466.04,495929984
1047864600,1465.14,1469.53,1453.37,1469.27,632370176
1047951000,1468.99,1479,1458.98,1459.89,597670912
1048037400,1458.58,1475.84,1452.59,1469.96,662217600
1048123800,1469.66,1477.25,1460.8,1464.54,675681280
1048210200,1464.1801,1475.8101,1461.92,1474.66,534064384
1048469400,1474.59,1477.97,1470.4399,1477.77,472705312
1048555800,1478.05,1478.4,1461.75,1462.4,572231296
1048642200,1461.3199,1465.42,1452.89,1456.27,558287808
1048728600,1455.4399,1507.67,1447.01,1499.35,1349538048
1048815000,1498.46,1508.26,1488.6,1491.9399,1316514944
1049074200,1491.39,1511.22,1490.99,1510.58,1050939008
1049160600,1513,1525.24,1508.84,1522.55,1333174016
1049247000,1522.49,1525.77,1516.79,1521.3199,979096832
1049333400,1521.36,1522.67,1510.51,1511.73,829964096
1049419800,1510.22,1521.78,1509.61,1521.13,905401792
1049679000,1521.9,1530.37,1512.5,1515.13,1186577024
1049765400,1515.64,1523.95,1513.24,1520.55,1494193024
1049851800,1519.98,1545.34,1510.34,1543.67,2884445952
1049938200,1546.51,1559.87,1541.29,1551.1801,3211715072
1050024600,1552,1581.7,1548.53,1576.86,2942230016
1050283800,1581.38,1616.65,1581.2,1616.0699,3657238016
1050370200,1619.95,1632.09,1606.73,1631.47,3211676928
1050456600,1633.53,1649.6,1598.83,1606.24,3909912064
1050543000,1606.23,1621.23,1595.63,1613.6,2840056064
1050629400,1616.9,1620.8101,1596.67,1603.08,2444728064
1050888600,1598.5,1598.58,1557.12,1571.71,2155320064
1050975000,1570.5699,1575.8,1563.59,1568.6899,1120284032
1051061400,1568.13,1569.78,1540.0699,1541.96,1553741952
1051147800,1538.58,1542.11,1492.9,1503.59,1957435008
1051234200,1501.5699,1513.33,1481.0699,1487.15,1208539008
1051493400,1483.47,1538.59,1473.27,1537.6899,2388194048
1051579800,1535.88,1535.88,1508.3199,1509.3101,1853942016
1051666200,1511.15,1539.5699,1510.6,1521.4399,1889840000
1052703000,1522.98,1536.89,1511.87,1531.87,1549741056
1052789400,1533.08,1534.8,1481.74,1485.3101,2253949952
1052875800,1480.11,1523.3199,1477.25,1522.92,1817604992
1052962200,1524.5,1555.5601,1516.42,1555.28,2289861120
1053048600,1555.91,1560.72,1543.17,1554.45,1603549056
1053307800,1557.29,1563.11,1546.75,1555.45,1347766016
1053394200,1553.6899,1553.84,1530.67,1535.52,1133096960
1053480600,1534.6,1547.3101,1530.05,1533.48,908703104
1053567000,1532.1801,1546.39,1522.1899,1546.11,959390272
1053653400,1547.16,1571.6899,1547.09,1560.96,1827108992
1053912600,1563.2,1574.39,1561.04,1569.51,1525362048
1053999000,1572.3101,1575.63,1558.13,1568.34,1416793984
1054085400,1569.33,1576.62,1549.0601,1551.8101,1510637952
1054171800,1549.05,1568.54,1543.34,1568.16,1481432064
1054258200,1570.92,1581.61,1567.28,1576.26,1614688000
1054517400,1577.99,1578.87,1564.61,1576.53,1166829952
1054603800,1577.08,1582.41,1561.08,1562.24,1110301056
1054690200,1560.67,1574.77,1546.62,1574.11,1427533952
1054776600,1575.3101,1575.64,1555.45,1556.25,1184987008
1054863000,1553.2,1557.76,1538.1,1538.92,1052003968
1055122200,1536.27,1548.14,1527.84,1530.22,982743680
1055208600,1529.53,1541.39,1529.52,1538.76,679068672
1055295000,1540.72,1566.9,1540.7,1565.84,1311753984
1055381400,1566.92,1569.13,1556.53,1562.11,820729600
1055467800,1562.61,1572.41,1560.3,1566.77,968125824
1055727000,1568.1899,1569.55,1555.37,1559.7,804094016
1055813400,1559.12,1564.9399,1552.4301,1557.1801,719165888
1055899800,1556.89,1565.92,1552.83,1553.88,872893184
1055986200,1554.02,1557.38,1530.38,1538.75,993741184
1056072600,1537.5,1542.42,1528.3,1529.47,664879424
1056331800,1524.58,1524.91,1509.4301,1511.36,733954432
1056418200,1509.11,1515.84,1504.72,1512.4301,636944896
1056504600,1512.49,1515.92,1498.96,1502.08,682232512
1056591000,1500.34,1517.21,1486.08,1515.38,930009920
1056677400,1516.8101,1516.87,1494.4399,1497.05,768706816
1056936600,1493.6899,1500.97,1483.6899,1486.02,578041984
1057023000,1485.52,1502.5699,1482.8199,1484.7,663315776
1057109400,1485.4399,1499.97,1477.87,1499.6801,674917504
1057195800,1501.9,1507.71,1497.74,1504.4399,651391488
1057282200,1504.6,1510.17,1497.46,1502.35,631298816
1057541400,1500.85,1503.8101,1490.97,1501.48,595119808
1057627800,1501.62,1513.55,1500.98,1512.02,651908224
1057714200,1512.34,1513.28,1499.34,1503.3101,548126016
1057800600,1503.51,1532.1899,1501.71,1531.9301,1332921984
1057887000,1532.64,1535.98,1523.24,1528.85,1332921984
1058146200,1528.39,1529.33,1519.12,1521.41,612011328
1058232600,1521.5601,1531,1516.89,1525.4399,711289984
1058319000,1525.5,1529.8199,1520.41,1529.49,708517696
1058405400,1529.97,1540.1899,1529.36,1539.36,1287353984
1058491800,1539.05,1539.0601,1506.49,1507.16,1138018048
1058751000,1501.39,1504.71,1483.5699,1495.88,1010918016
1058837400,1499.89,1510.3101,1485.46,1498.48,885090496
1058923800,1499.3101,1505.3101,1491.66,1502.15,684620992
1059010200,1503.0601,1503.38,1491.2,1493.45,649427776
1059096600,1494.58,1502.64,1471.29,1477.65,1445826048
1059355800,1474.74,1474.74,1464.87,1470.39,652274432
1059442200,1470.39,1480.58,1469.9301,1477.3,549781376
1059528600,1477.41,1483.0699,1468.8199,1479.65,655208000
1059615000,1480.01,1482.6,1474.14,1476.74,556584832
1059701400,1476.47,1478.36,1464.98,1476.97,629808576
1059960600,1476.8199,1494.42,1471.89,1494.36,745196992
1060047000,1494.49,1497.01,1488.97,1494.3101,569134080
1060133400,1493.03,1493.39,1482.6801,1486.25,550864896
1060219800,1485.74,1497.1,1485.0601,1487.37,567216192
1060306200,1487.17,1487.41,1468.4399,1471.27,713007680
1060565400,1469.26,1474.72,1462.72,1474.41,453311712
1060651800,1473.99,1484.58,1472.39,1479.28,407515712
1060738200,1479.67,1481.12,1465.0601,1465.83,472249888
1060824600,1464.38,1475.02,1451.61,1455.9,706450432
1060911000,1454.6801,1457.63,1447.11,1450.2,668251008
1061170200,1449.67,1451.67,1442.48,1445.09,499586816
1061256600,1444.66,1453.45,1444.23,1449.71,465854784
1061343000,1449.5,1450.47,1432.75,1441.66,556370432
1061429400,1441.78,1442.86,1434.3101,1441.09,579425216
1061515800,1438.79,1446.28,1436.9,1438.88,511895008
1061775000,1434.21,1434.21,1419.26,1422.1801,563205184
1061861400,1420.85,1428.41,1417.83,1425.21,492459296
1061947800,1425.14,1432.35,1420.35,1425.36,444661504
1062034200,1425.73,1428.35,1414.88,1415.6899,474849504
1062120600,1414.41,1422.35,1406.6801,1421.98,571402304
1062379800,1423.35,1450.04,1420.12,1449.8199,898974976
1062466200,1450.51,1456.55,1442.01,1446.51,898159872
1062552600,1446.28,1451.22,1438.6899,1447.85,737254400
1062639000,1447.76,1453.4301,1443.38,1447.42,724587328
1062725400,1446.9399,1446.98,1424.17,1431.53,809324928
1062984600,1429.46,1429.5601,1421.14,1425.73,605604480
1063071000,1424.6899,1429.71,1414.88,1420.0699,625828416
1063157400,1419.52,1424.77,1415.72,1423.1801,506455392
1063243800,1422.9,1429.5601,1421.8199,1423.96,437218208
1063330200,1426.34,1426.8101,1407.95,1409.16,1006516992
1063589400,1407.8101,1416.08,1394.27,1397.54,708665408
1063675800,1396.75,1406.72,1389.49,1406.1,666401792
1063762200,1406.25,1406.37,1386.78,1389.8199,621860096
1063848600,1388.09,1395.2,1383.4,1390.48,580695296
1063935000,1390.84,1395.6,1383.72,1391.37,549841600
1064194200,1392.9,1395.0699,1378.3199,1381.4399,488818592
1064280600,1380.85,1390.35,1372.85,1390.17,697183296
1064367000,1391.4,1396.9399,1386.79,1394.23,591952128
1064453400,1394.49,1394.74,1374.79,1376.29,478096896
1064539800,1374.6,1377.87,1367.75,1370.84,454288800
1064799000,1369.4399,1369.48,1353.24,1355.34,487950784
1064885400,1354.65,1371.0699,1348.22,1367.16,605960576
1065576600,1366.2,1373.08,1359.5,1371.6801,432480512
1065663000,1371.6801,1379.99,1367.65,1369.17,556915776
1065749400,1369,1406,1367.11,1404.01,1261198976
1066008600,1405.33,1411.88,1397.6899,1399.66,846499392
1066095000,1399.84,1400.75,1382.48,1388.17,636748928
1066181400,1388.24,1401.54,1380.8101,1383.1,671017216
1066267800,1381.46,1382.53,1362.98,1365.5,585887488
1066354200,1365.3101,1375.66,1362.42,1370.58,528554688
1066613400,1369.71,1370.49,1355.55,1359.5,535722816
1066699800,1359.51,1364.6,1350.21,1364.3,708046080
1066786200,1366.1,1403.1,1363.09,1398.01,1507777024
1066872600,1398.59,1407.39,1384.64,1386.65,1006761024
1066959000,1385.9,1389.88,1376.71,1381.83,880202112
1067218200,1381.84,1383.6,1361.1899,1369.46,798650624
1067304600,1366,1382.6,1356.49,1369.3199,1014425984
1067391000,1372.35,1375.91,1344.42,1361.49,1315906944
1067477400,1360.02,1360.0699,1340.29,1344.63,878705792
1067563800,1341.5,1364.66,1334.78,1348.3,998747712
1067823000,1346.48,1367.34,1339.96,1364.0601,1053793024
1067909400,1363.96,1412.91,1363.9,1389.54,2387840000
1067995800,1389.72,1396.86,1375.99,1385.11,1460498048
1068082200,1384.67,1385.84,1351.1,1356.79,1650521984
1068168600,1353.4301,1353.45,1323.12,1335.2,1448424960
1068427800,1330.96,1340.87,1322.05,1340.1,830978880
1068514200,1340.3199,1350.39,1331.12,1343.62,903907904
1068600600,1341.5699,1341.58,1316.85,1317.79,951488576
1068687000,1313.9301,1324.98,1307.4,1319.61,837038976
1068773400,1318.72,1331.42,1312.79,1331.05,750795328
1069032600,1330.49,1333.41,1323.6801,1328.1,586149888
1069119000,1334.65,1336.1,1314.99,1316.5601,1475536000
1069205400,1313.84,1341.5601,1312.5601,1338.87,1020800000
1069291800,1338.6,1377.12,1336.14,1376.51,2039040000
1069378200,1379.9399,1394.5699,1359.9,1361.5601,2008834048
1069637400,1360.33,1404.25,1360.23,1404.01,1845058048
1069723800,1407.76,1423.58,1400.9,1408.42,2521351936
1069810200,1407.3,1413.77,1398.03,1411.91,1658381056
1069896600,1412.3101,1415.74,1387.79,1389.1,1496135040
1069983000,1388.3101,1401.46,1385.8199,1397.22,1200491008
1070242200,1398.71,1432.8199,1398.71,1432.7,1813415936
1070328600,1437.24,1444.5601,1430.24,1435.3101,1944653056
1070415000,1434.7,1462.0699,1424.35,1445.03,2145654016
1070501400,1445.4,1454.3199,1440.8199,1452.8101,1829543936
1070587800,1454.41,1456.87,1440.79,1451.12,1494675968
1070847000,1452.11,1459.48,1435.14,1436.66,1326590976
1070933400,1435.1,1443.61,1429.0601,1443.37,1090226944
1071019800,1449.5699,1469.71,1448.5,1469.42,1995046016
1071106200,1472.38,1475.38,1460.1899,1470.02,1849236992
1071192600,1469.7,1472.86,1459.55,1470.79,1471202048
1071451800,1471.24,1474.67,1465.5,1470.36,1106622976
1071538200,1469.12,1469.13,1441.0601,1466.34,1608146944
1071624600,1465.61,1480.4301,1453.88,1454,1684690048
1071711000,1450.85,1458.67,1445.08,1457.3,1399933056
1071797400,1463.45,1470.21,1429.71,1446.28,2364807936
1072056600,1444.17,1493.54,1441.58,1492.96,2656977920
1072143000,1497.5699,1507.04,1487.12,1500.64,2439580928
1072229400,1501.36,1514.3199,1498.98,1513.8199,2047378048
1072315800,1514.9301,1525.3,1504.25,1512.6,2051673984
1072402200,1513.11,1516.48,1504.13,1514.78,573738304
1072661400,1509.28,1512.98,1495.54,1496.4301,1409303040
1072747800,1495.67,1513.73,1495.39,1511.6899,1517656960
1072834200,1513.62,1516.52,1491.25,1497.04,1456237952
1073007000,1492.72,1526.24,1491.6899,1517.1899,1668052992
1073266200,1516.8,1568.8199,1516.7,1568.35,2857298944
1073352600,1568.9,1589.08,1557.9301,1574.52,3269821952
1073439000,1574.1,1595,1565.09,1587.2,3053040128
1073525400,1587.45,1616.58,1582.88,1610.13,2844058880
1073611800,1612.39,1618.76,1579.6899,1581.47,3206865920
1073871000,1579.88,1619.09,1573.77,1618.52,2298413056
1073957400,1622.05,1627.49,1596.72,1612.6801,2593362944
1074043800,1612.92,1613.15,1585.91,1592.42,2049986944
1074130200,1591.8199,1601.41,1582.36,1586.49,1876194944
1074216600,1589.38,1604.76,1579.24,1600.42,2052893056
1075339800,1605.25,1629.1801,1603.3101,1628.84,1847929984
1075426200,1631.11,1634.41,1589.4,1590.73,2406213120
1075685400,1630.65,1650.29,1585.96,1623.88,3458829056
1075771800,1625.29,1650.24,1615.8101,1649.28,2658422016
1075858200,1652.61,1685.76,1652.61,1685.16,3256489984
1075944600,1690.9399,1693.9,1674.62,1693.4301,3263004928
1076031000,1690.5601,1705.91,1671.4,1679.1899,3389594880
1076290200,1679.58,1703.77,1679.1,1703.53,2617972992
1076376600,1708.9,1715.46,1683.6,1691.01,2746533888
1076463000,1691.61,1692.9,1660.01,1677.76,2657789952
1076549400,1679.08,1693.01,1660.3101,1663.83,2712235008
1076635800,1664.6,1672.4399,1653.24,1658.54,2269775872
1076895000,1661.45,1697.26,1661.45,1696.83,2299109888
1076981400,1701.41,1710.86,1693.96,1703.77,2975420928
1077067800,1704.74,1719.89,1697.3199,1717.1,2921799936
1077154200,1719.3101,1728.02,1710.71,1717.02,2733900032
1077240600,1715.8101,1722.5699,1702.9301,1721.75,2340900096
1077499800,1725.59,1730.28,1680.89,1681.65,2856300032
1077586200,1675.64,1683.04,1650.1801,1682.3,2699899904
1077672600,1684.9,1700.5,1642.6899,1647.38,2458599936
1077759000,1642.41,1655.3,1628.84,1654.9,2311200000
1077845400,1657.26,1675.3199,1657.04,1675.0699,1970800000
1078104600,1676.22,1690.0699,1661.34,1689.76,1999000064
1078191000,1692.62,1694.8199,1677.98,1687.28,2050800000
1078277400,1686.96,1688.9399,1654.5601,1661.8101,1924000000
1078363800,1658.63,1670.16,1642.62,1668.87,1788499968
1078450200,1671.0601,1675.03,1660.21,1662.1,1607600000
1078709400,1660.64,1665.73,1635.4399,1637.14,1563900032
1078795800,1636.21,1659.65,1634.71,1637.1,1622200064
1078882200,1639.6801,1678.4,1639.6801,1678.0699,1655500032
1078968600,1680.3101,1698.78,1672.67,1691.64,1850300032
1079055000,1692.87,1699.25,1680.45,1694.74,1597500032
1079314200,1696.9399,1738.98,1696.8199,1736.22,2520000000
1079400600,1741.62,1747.98,1730.74,1745.54,2217600000
1079487000,1746.74,1750.71,1730.27,1745.1,1909100032
1079573400,1746.1801,1755.1,1714.9,1717.26,2099100032
1079659800,1715.47,1748.1899,1710.84,1747.87,1772099968
1079919000,1749.71,1760.08,1742.37,1755.6801,1758599936
1080005400,1755.3199,1755.33,1731.49,1741.7,1848400000
1080091800,1740.89,1752.42,1729.51,1740.05,1782200064
1080178200,1737.49,1751.8101,1725.98,1736.48,1618499968
1080264600,1737.0601,1741.5601,1720.88,1734.05,1639200000
1080523800,1734.59,1740.3,1717.86,1719.67,1643100032
1080610200,1718.78,1727.1801,1711.66,1724.28,1374599936
1080696600,1726.5699,1745.7,1724.21,1741.62,1614400000
1080783000,1744.71,1758.98,1741.33,1758.15,1796800000
1080869400,1760.47,1771.67,1756.65,1768.64,2128499968
1081128600,1771.74,1774.12,1753.71,1766.48,2376100096
1081215000,1767.3199,1777.74,1754.74,1777.52,2305600000
1081301400,1779.4301,1783.01,1771.13,1774.55,2237299968
1081387800,1774.4,1778.1,1765.02,1770.28,2236900096
1081474200,1770.91,1778.22,1721.59,1727.35,2441400064
1081733400,1717.2,1729.62,1702.4,1722.99,1844300032
1081819800,1724.58,1734.92,1710.39,1715.14,1910000000
1081906200,1714.53,1716.8199,1678.34,1697.16,1952700032
1081992600,1697.24,1705.02,1674.91,1679.08,1513900032
1082079000,1678.97,1694.5601,1656.3,1693.86,1751500032
1082338200,1695.33,1698.6899,1672.35,1675.88,1379200000
1082424600,1674.36,1682.05,1659.95,1669.42,1286200064
1082511000,1669.38,1675.36,1645.08,1651.58,1524700032
1082597400,1649.05,1659.79,1637.29,1657.78,1255000064
1082683800,1653.9399,1653.99,1632.5601,1635.5,1226200064
1082943000,1633.27,1644.5,1623.05,1635.5,1021299968
1083029400,1636.4399,1640.7,1608.8101,1611.86,1273900032
1083115800,1606.42,1615.14,1589.1,1606.8,1250000000
1083202200,1605.3,1613.5601,1578.09,1579.45,1342599936
1083288600,1579.97,1599.5601,1572.23,1595.59,1241799936
1084152600,1600.63,1603.0699,1555.26,1560.22,818099968
1084239000,1556.72,1570.76,1545.63,1568.0601,774400000
1084325400,1568.41,1604.42,1564.14,1603.77,1098599936
1084411800,1605.7,1606.0699,1589.46,1597.5699,886600000
1084498200,1596.73,1597.3199,1558.54,1562.6899,941100032
1084757400,1556.67,1562.39,1537.47,1539.96,840099968
1084843800,1537.34,1555.86,1526.24,1555.4399,1205299968
1084930200,1559.26,1575.38,1548.16,1558.29,1248899968
1085016600,1556.6801,1571.3,1542.22,1549.0601,915000000
1085103000,1548.5601,1559.86,1545.62,1558.33,843800000
1085362200,1559.55,1562.33,1547.36,1550.35,746000000
1085448600,1549.02,1549.59,1516.34,1518.04,918899968
1085535000,1515.16,1529.91,1508.64,1524.4399,740700032
1085621400,1524.9399,1559.55,1515.97,1557.1801,1226899968
1085707800,1558.42,1561,1545.65,1548.72,852700032
1085967000,1549.03,1556.79,1544.71,1555.91,731800000
1086053400,1555.5601,1579.8199,1553.12,1579.66,1299200000
1086139800,1580.21,1580.5699,1562.24,1567.0699,1366499968
1086226200,1566.42,1566.83,1540.74,1543.53,1129799936
1086312600,1541.09,1549.5,1534.99,1542.09,1047600000
1086571800,1538.46,1538.5,1508.87,1517.14,912499968
1086658200,1514.78,1519.99,1488.63,1493.8101,1001400000
1086744600,1492.2,1497.1801,1464.16,1468.0699,1131500032
1086831000,1465.5601,1478.17,1456.3199,1468.34,1025500032
1086917400,1471.6899,1499.46,1469.54,1472.0699,1037100032
1087176600,1471.45,1471.45,1431.3101,1438.74,1037100032
1087263000,1436.08,1469.5699,1433.03,1463.78,994800000
1087349400,1465.23,1491.6899,1452.58,1475.42,1087100032
1087435800,1475.27,1478.49,1443.53,1445.5,922099968
1087522200,1442.48,1442.48,1411.03,1427.3,992600000
1087781400,1421.83,1434.2,1414.97,1433.47,760700032
1087867800,1434.42,1456.13,1430.96,1450.6801,1067000000
1087954200,1450.0699,1450.11,1428.8,1440.73,829400000
1088040600,1438.3101,1447.39,1426.49,1427.75,911800000
1088127000,1426.55,1434.47,1399.39,1401.11,944300032
1088386200,1396.36,1397.52,1380.2,1385.1801,794600000
1088472600,1384.64,1409.38,1376.22,1408.6899,1021200000
1088559000,1408.27,1415.84,1394.6801,1399.16,820099968
1088645400,1398.2,1445.1,1396.35,1441.0699,1382200064
1088731800,1441.12,1447.61,1428.0699,1441.1899,1067299968
1088991000,1440.17,1444.9301,1429.12,1444.59,814300032
1089077400,1445.4,1466.78,1445.3199,1450.5,1208199936
1089163800,1448.95,1448.96,1434.29,1438.4,782499968
1089250200,1436.47,1440.64,1426.95,1439.78,690499968
1089336600,1439.74,1451.75,1429.14,1430.65,712700032
1089595800,1426.25,1426.25,1393.8101,1397.15,838200000
1089682200,1395.35,1403.14,1389.16,1399.46,699500032
1089768600,1399.86,1408.99,1378.91,1403.76,1012099968
1089855000,1404.47,1422.26,1399.98,1421.54,1234700032
1089941400,1423.6899,1458.38,1422.24,1456.13,2200300032
1090200600,1456.77,1465.84,1447.05,1457.54,1288400000
1090287000,1457.23,1457.29,1440.0601,1447.9399,1212000000
1090373400,1446.52,1452.86,1436.85,1448.04,931900032
1090459800,1448.13,1449.6899,1404.54,1407.4399,1278000000
1090546200,1403.36,1408.46,1387.26,1407.4,1047900032
1090805400,1401.84,1401.88,1381.9,1387.67,809900032
1090891800,1387,1395.3101,1373.42,1384.13,896800000
1090978200,1385.5,1397.17,1366.5,1388.8101,986499968
1091064600,1388.62,1407.36,1385.96,1407.33,1108000000
1091151000,1408.49,1409.12,1384.74,1386.2,899699968
1091410200,1381.88,1383.08,1370.5,1373.22,698300032
1091496600,1371.28,1378.2,1363.6899,1366.37,760200000
1091583000,1365.66,1424.55,1364.01,1404.5,1709400064
1091669400,1402.37,1413.08,1387.55,1389.04,1070099968
1091755800,1388.0699,1400.95,1380.3199,1390.46,902499968
1092015000,1388.08,1397.59,1382.9399,1395.85,795200000
1092101400,1396.62,1404.72,1390.9399,1400.77,681699968
1092187800,1401.02,1401.25,1382.24,1384.96,756000000
1092274200,1378.79,1378.79,1357.08,1368.2,829600000
1092360600,1361.98,1377.8199,1358.3199,1368.45,826200000
1092619800,1366.52,1369.87,1350.84,1354.51,749000000
1092706200,1354.38,1364.41,1344.8101,1360.2,692099968
1092792600,1359.87,1371.23,1357.03,1358.22,744800000
1092879000,1357.23,1357.27,1333.48,1340.45,809900032
1092965400,1338.3101,1349.48,1327.77,1341.74,802899968
1093224600,1339.9301,1339.9399,1322.98,1325.41,619400000
1093311000,1323.79,1347.15,1317.5601,1344.63,946499968
1093397400,1344.46,1346.97,1334.29,1339.78,656099968
1093483800,1339.62,1340.95,1330.22,1334.42,583100032
1093570200,1333.3101,1337.73,1314.6,1320.61,675200000
1093829400,1318.3199,1322.23,1310.02,1319.53,592099968
1093915800,1342.3,1360.75,1331.76,1342.0601,1165299968
1094002200,1340.75,1340.77,1319.86,1321.46,624600000
1094088600,1319.0699,1328.61,1303.1899,1327.9301,853299968
1094175000,1327.8101,1333.22,1319.8199,1327.12,747200000
1094434200,1326.46,1326.87,1315.96,1321.46,578700032
1094520600,1321.21,1325.6801,1312.3101,1324.29,565299968
1094607000,1322.84,1323.26,1302.11,1309.33,821299968
1094693400,1307.47,1307.47,1281.75,1284.3101,808600000
1094779800,1281.58,1287.75,1270.9399,1287.08,611100032
1095039000,1285.3199,1285.3199,1259.4301,1260.3199,686200000
1095125400,1266.23,1305.73,1266.23,1300.36,1261100032
1095211800,1303.29,1374.04,1301.38,1355.23,2931300096
1095298200,1364.25,1377.99,1354.2,1371.2,2302500096
1095384600,1373.5,1415.64,1368.54,1414.7,3108600064
1095643800,1423.97,1463.79,1422.9,1463.22,4188800000
1095730200,1466.2,1467.54,1436.51,1448.5601,3477600000
1095816600,1444.25,1451.41,1414.7,1420.15,3018500096
1095903000,1417.39,1464.98,1408.61,1464.78,2235200000
1095989400,1475.09,1496.21,1434.3101,1435.5601,4085499904
1096248600,1452.51,1466.4,1419.3101,1427.4,1975000064
1096335000,1430.22,1438.05,1416.6,1435.59,1412199936
1096421400,1436.71,1438.98,1417.83,1420.01,1318000000
1096507800,1418.11,1420.05,1390.6801,1396.7,1295900032
1097199000,1395.67,1423.2,1373.9301,1422.9301,1381400064
1097458200,1424.22,1437.5699,1409.22,1413.15,2321499904
1097544600,1410.61,1410.61,1380.6899,1384.4399,1708999936
1097631000,1382.36,1393.65,1372.0601,1386.72,1428400000
1097717400,1386.86,1387.36,1331.13,1332.9399,1724800000
1097803800,1328.47,1340.12,1312.55,1330.52,1354300032
1098063000,1332.52,1341.78,1316.3199,1335.39,1011900032
1098149400,1339.0601,1361.8101,1334.46,1337.62,1304000000
1098235800,1337.71,1337.72,1311.88,1330.58,1186499968
1098322200,1331.22,1340.96,1304.54,1310.54,1643600000
1098408600,1310.85,1330.5601,1294.04,1329.36,1792499968
1098667800,1337.25,1346.88,1308.89,1311.15,1756600064
1098754200,1309.62,1325.2,1289.87,1324.78,1707000064
1098840600,1326.92,1343.03,1314.87,1342.8,2076800000
1098927000,1340.8199,1356.63,1336.75,1341.74,1959399936
1099013400,1316.6,1337.28,1304.0699,1320.54,1790599936
1099272600,1317.66,1323.1,1304.29,1305.29,1196199936
1099359000,1303.88,1306.28,1290.99,1301.53,1096099968
1099445400,1304.58,1327.5,1301.3199,1326.75,1328300032
1099531800,1328.12,1338.26,1301.36,1304.78,1397400064
1099618200,1308.65,1315.9399,1298.71,1305.13,999600000
1099877400,1303.52,1307.62,1292.91,1304.23,737699968
1099963800,1304.37,1313.15,1299.9399,1307.4301,711200000
1100050200,1310.3199,1360.71,1302.7,1354.39,2332000000
1100136600,1358.65,1379.86,1346.03,1347.0699,2743000064
1100223000,1346.84,1360.33,1341.12,1352.22,1574400000
1100482200,1354.48,1370.62,1354.48,1370.05,1423100032
1100568600,1372.58,1376.1899,1361.28,1370.39,1416600064
1100655000,1370.7,1370.79,1350.52,1356.14,1223399936
1100741400,1353.5,1368.0601,1352.89,1367.83,1158899968
1100827800,1369.8101,1380.08,1365.24,1379.96,1410800000
1101087000,1381.58,1387.34,1374.41,1383.02,1666700032
1101173400,1383.52,1383.79,1368.14,1371.24,1632899968
1101259800,1371.3199,1380.77,1358.45,1359.12,1635500032
1101346200,1358.41,1362.16,1348.41,1358.33,1342499968
1101432600,1357.54,1362.49,1354.8,1356.73,1043500032
1101691800,1354.58,1354.58,1335.61,1337.4301,1008300032
1101778200,1336,1341.48,1332.29,1340.77,927699968
1101864600,1340.92,1342.55,1332.97,1334.9399,955299968
1101951000,1333.5699,1334.0601,1324.55,1333.09,1280400000
1102037400,1333.01,1343.71,1332.86,1337.2,1350499968
1102296600,1337.8101,1342.83,1327.38,1339.64,1066499968
1102383000,1339.8199,1340.88,1322.8199,1323.75,1023699968
1102469400,1331.28,1337.87,1322.05,1326.4399,859299968
1102555800,1326.74,1352.46,1318.47,1338.8101,1525799936
1102642200,1336.63,1340.36,1316.64,1317.72,1107200000
1102901400,1312.6,1314.4,1299.8,1309.7,854899968
1102987800,1309.0699,1315.89,1303.15,1307.55,804600000
1103074200,1307.34,1317.8199,1291.86,1313.04,1140499968
1103160600,1311.03,1317.62,1302.48,1305.02,905900032
1103247000,1303.9399,1303.9399,1288.24,1290.49,766200000
1103506200,1286.0699,1286.0699,1272.15,1275.46,805299968
1103592600,1275.09,1285.7,1271.03,1275.17,700000000
1103679000,1277.1801,1307.73,1275.0601,1307.5699,1334000000
1103765400,1308.58,1308.59,1280.72,1282.72,847600000
1103851800,1281.3199,1290.66,1280.38,1285.04,718099968
1104111000,1285.41,1292.3101,1276.73,1280.27,723100032
1104197400,1280.9301,1283.63,1271.91,1278.9399,775800000
1104283800,1278.6899,1285.55,1270.89,1274.3101,871400000
1104370200,1273.15,1280.5699,1264.15,1273.71,881299968
1104456600,1275.39,1280.83,1264.49,1266.5,830400000
1104802200,1260.78,1260.78,1238.1801,1242.77,816200000
1104888600,1241.6801,1258.58,1235.75,1251.9399,867900032
1104975000,1252.49,1252.73,1234.24,1239.4301,792200000
1105061400,1239.3199,1256.3101,1235.51,1244.75,894099968
1105320600,1243.58,1252.72,1236.09,1252.4,723500032
1105407000,1252.71,1260.87,1247.84,1257.46,772600000
1105493400,1257.17,1257.1899,1246.42,1256.92,677000000
1105579800,1255.72,1259.5,1251.02,1256.3101,874700032
1105666200,1255.87,1268.86,1243.87,1245.62,989800000
1105925400,1235.5699,1236.4,1214.0601,1216.65,1002899968
1106011800,1215.78,1226.04,1207.05,1225.45,1019000000
1106098200,1225.08,1225.08,1214.64,1218.11,937699968
1106184600,1213.37,1213.96,1199.17,1204.39,1031000000
1106271000,1201.9301,1237.91,1189.21,1234.48,1696999936
1106530200,1258.02,1265.95,1239.8,1255.78,1802000000
1106616600,1252.35,1254.87,1239.16,1254.23,1181400064
1106703000,1252.37,1254.23,1240.13,1241.96,964099968
1106789400,1239.58,1241.14,1223.88,1225.89,941299968
1106875800,1223.73,1226.3,1208.86,1213.67,817100032
1107135000,1210.76,1210.76,1190.17,1191.8199,907800000
1107221400,1189.5,1203.0699,1187.26,1188.9301,934000000
1107307800,1189.5,1253.16,1189.5,1252.5,1905400064
1107394200,1253.8101,1269.16,1236.1801,1242.3101,2041500032
1107480600,1238.61,1274.12,1235.64,1269,1702800000
1108517400,1276.02,1291.46,1270.3199,1278.88,1444499968
1108603800,1280.03,1280.03,1263.71,1276.13,1121900032
1108690200,1275.66,1278.62,1258.5601,1258.97,1068800000
1108949400,1259.53,1284.9399,1259.51,1284.48,1253699968
1109035800,1285.63,1312.53,1282.78,1309.28,2260300032
1109122200,1309.62,1316.59,1299.15,1309.47,2418899968
1109208600,1307.04,1310.97,1296.98,1309.95,2011600000
1109295000,1311.37,1328.53,1311.2,1312.4399,2407000064
1109554200,1311.4399,1315.14,1298.9301,1306,1765100032
1109640600,1305.25,1308.76,1295.64,1303.41,1398099968
1109727000,1303.3101,1316.72,1285.92,1287.45,1862899968
1109813400,1285.2,1295.25,1276.88,1294.34,1282400000
1109899800,1294.16,1299.6,1286.48,1287.71,1104999936
1110159000,1288.41,1296.88,1287.74,1293.74,1076199936
1110245400,1298.25,1318.9,1296.91,1318.27,1798400000
1110331800,1321.21,1326.08,1310.23,1316.79,2056700032
1110418200,1316.9,1316.9,1282.53,1286.23,1789799936
1110504600,1284.51,1292.53,1278.15,1289.9399,1499699968
1110763800,1288.98,1304.11,1271.51,1293.5,1869299968
1110850200,1293.13,1293.26,1266.64,1269.14,1564300032
1110936600,1267.05,1268.1899,1247.89,1255.59,1366300032
1111023000,1255.98,1257.79,1242.51,1243.47,1289600000
1111109400,1242.45,1248.03,1223.62,1227.4,1245200000
1111368600,1226.14,1232.8199,1220.8199,1231.05,996400000
1111455000,1230.6801,1231.6801,1202.4301,1206.92,1465299968
1111541400,1205.76,1218.01,1194.3199,1201.65,1344099968
1111627800,1200.26,1208.61,1187.58,1208.1899,1147699968
1111714200,1207.2,1211.16,1199.87,1205.63,952800000
1111973400,1204.85,1204.85,1185.46,1200.11,902300032
1112059800,1199.6899,1209.23,1194.59,1195.02,923299968
1112146200,1192.45,1192.45,1171.8101,1172.5699,1138300032
1112232600,1168.83,1181.53,1162.03,1181.24,1043800000
1112319000,1180.37,1237.8,1173.54,1223.5699,1966000000
1112578200,1212.12,1218.28,1196.9399,1202.97,1379399936
1112664600,1200.6899,1209.34,1189.26,1191.74,1158300032
1112751000,1191.2,1220.42,1183.91,1214.87,1672800000
1112837400,1216.73,1248.0601,1213.65,1225.49,2427699968
1112923800,1225.05,1249.2,1218.76,1248.52,1776899968
1113183000,1248.15,1252.8101,1235.36,1240.97,1930099968
1113269400,1239.13,1239.13,1218.51,1219.51,1307600000
1113355800,1228.97,1254.3199,1228.97,1248.2,1954700032
1113442200,1252.21,1253.6,1233.24,1234.33,1561600000
1113528600,1229.6801,1229.6801,1213.2,1216.96,1426200064
1113787800,1212.39,1212.39,1190.98,1197.73,1167100032
1113874200,1196.28,1202.49,1191.23,1199.9,1095000064
1113960600,1198.96,1198.96,1178.64,1184.1899,1118300032
1114047000,1182.2,1190.54,1167.99,1172.5601,1326700032
1114133400,1171.03,1177.88,1163.4,1169.1899,1357799936
1114392600,1166.34,1166.34,1146.41,1157.97,1354800000
1114479000,1155.64,1169.14,1151.64,1165.34,1397400064
1114565400,1165.1,1166.2,1148.14,1148.76,1361299968
1114651800,1145.75,1172.71,1135.73,1169.12,1742000000
1114738200,1168.33,1170.2,1155.98,1159.15,1410599936
1115602200,1160.62,1165.39,1130.41,1130.84,1086899968
1115688600,1126.8199,1135.8,1108.42,1135.5601,1316400000
1115775000,1134.6,1140.17,1121.87,1124.27,1099600000
1115861400,1122.1801,1122.92,1099.84,1103.99,1235600000
1115947800,1101.61,1120.17,1093.28,1107.63,1347500032
1116207000,1105.4,1105.4,1082.14,1095.47,1022800000
1116293400,1091.26,1108.1801,1083.9399,1099.64,1156899968
1116379800,1099.74,1108.84,1090.3,1102.96,1037800000
1116466200,1101.75,1107.23,1083.12,1103.47,1065800000
1116552600,1100.49,1108.61,1094.67,1099.27,958400000
1116811800,1095.3101,1095.3101,1069.4399,1070.84,953400000
1116898200,1066,1078.1,1057.54,1073.85,1102899968
1116984600,1072.52,1082.1801,1064.88,1072.14,980800000
1117071000,1071.21,1077.4399,1055.8199,1058.87,949900032
1117157400,1056.3199,1068.21,1050.0601,1051.95,1014600000
1117416600,1049.72,1063.95,1043.28,1060.16,860000000
1117503000,1061.61,1070.5,1057.75,1060.74,923900032
1117589400,1059.61,1063.52,1035.71,1039.1899,1006200000
1117675800,1036.73,1036.73,1008.75,1016.06,1146599936
1117762200,1013.9,1019.92,1000.52,1013.64,1001600000
1118021400,1010.38,1034.85,998.22998,1034.38,1104400000
1118107800,1036.62,1055.63,1029.54,1030.9399,1570300032
1118194200,1044.1801,1118.6899,1040.16,1115.58,4028300032
1118280600,1118.8101,1146.42,1103.6801,1131.05,4069100032
1118367000,1130.55,1130.55,1101.83,1108.29,2841100032
1118626200,1105.96,1112.1,1085.87,1106.29,1920400000
1118712600,1108.34,1119.6801,1092.4,1093.46,1836800000
1118799000,1090.46,1090.46,1070.0601,1072.84,1526800000
1118885400,1071.77,1086.35,1064.03,1086.01,1448300032
1118971800,1090.11,1094.67,1079.08,1085.61,1675299968
1119231000,1087.85,1115.86,1073.41,1115.62,2146899968
1119317400,1115.66,1115.66,1098.9,1101.49,1547800064
1119403800,1098.96,1103.25,1090.74,1102.03,1235100032
1119490200,1100.5601,1106.75,1092.48,1093.7,1148499968
1119576600,1091.99,1102.23,1087.6899,1101.88,1112099968
1119835800,1108.46,1129.96,1108.46,1124.64,2184199936
1119922200,1120.9399,1120.9399,1105.34,1108.59,1345799936
1120008600,1111.67,1113.52,1103.91,1104.99,1346899968
1120095000,1103.48,1103.48,1078.1,1080.9399,1378599936
1120181400,1077.3101,1077.3101,1053.63,1055.59,1359800064
1120440600,1050.24,1050.24,1030.1801,1047.28,1227600000
1120527000,1043.88,1047.8199,1032.52,1039.04,1049500032
1120613400,1040.699,1044.7791,1028.22,1033.545,919600000
1120699800,1033.218,1044.053,1030.498,1038.597,857000000
1120786200,1036.412,1036.412,1015.399,1017.983,1033699968
1121045400,1026.79,1043.207,1009.038,1011.499,1132999936
1121131800,1007.901,1048.918,1004.081,1046.161,1845799936
1121218200,1044.578,1045.943,1033.8101,1037.394,1282200064
1121304600,1035.527,1049.881,1033.165,1040.416,1257100032
1121391000,1039.609,1046.364,1021.986,1026.115,1275100032
1121650200,1023.38,1023.38,1008.521,1012.097,1096499968
1121736600,1011.005,1020.675,1004.657,1014.355,988200000
1121823000,1013.984,1025.103,1008.682,1021.052,1056899968
1121909400,1020.693,1022.044,1009.986,1020.632,1114000000
1121995800,1026.129,1054.635,1024.001,1046.321,2548800000
1122255000,1045.269,1048.974,1040.592,1045.4,1413400064
1122341400,1046.536,1078.056,1046.536,1072.807,2557799936
1122427800,1072.564,1090.1851,1068.4969,1089.9091,2381199872
1122514200,1090.11,1097.634,1083.3571,1086.548,2469600000
1122600600,1084.972,1088.476,1077.1219,1083.033,1768400000
1122859800,1082.796,1094.151,1081.118,1088.948,1473200000
1122946200,1089.528,1104.0439,1084.796,1104.038,1901500032
1123032600,1106.317,1120.679,1103.9041,1107.699,3143600128
1123119000,1104.91,1108.163,1099.134,1102.589,1943699968
1123205400,1102.62,1129.068,1102.5959,1128.743,2709600000
1123464600,1131.803,1146.7271,1131.803,1138.882,3023800064
1123551000,1139.1219,1152.9399,1130.585,1152.5341,2715399936
1123637400,1153.209,1165.127,1144.95,1165.033,3142700032
1123723800,1165.443,1184.256,1164.104,1183.579,3696699904
1123810200,1185.266,1192.049,1161.787,1167.915,4047899904
1124069400,1167.033,1187.797,1163.848,1187.006,3032000000
1124155800,1188.02,1192.917,1170.11,1177.278,3315500032
1124242200,1175.176,1193.568,1160.082,1192.834,3230700032
1124328600,1194.436,1201.755,1146.561,1148.035,4920099840
1124415000,1144.459,1157.37,1132.865,1150.184,3150099968
1124674200,1148.972,1162.04,1142.678,1158.597,2403300096
1124760600,1158.829,1159.631,1139.239,1149.957,2184100096
1124847000,1151.448,1171.434,1151.448,1167.137,2267399936
1124933400,1167.999,1172.6899,1157.183,1172.475,2423200000
1125019800,1173.01,1174.537,1163.991,1171.86,2429600000
1125279000,1171.999,1172.014,1147.934,1154.428,2433299968
1125365400,1151.621,1153.765,1145.272,1146.385,1855200000
1125451800,1145.813,1163.524,1140.099,1162.798,2167600128
1125538200,1163.7,1185.76,1160.048,1184.933,3383000064
1125624600,1187.062,1188.38,1179.109,1186.1071,2892000000
1125883800,1189.0649,1196.866,1184.011,1196.224,2670000128
1125970200,1170.77,1181.397,1168.5811,1177.96,3368499968
1126056600,1170.77,1194.59,1168.58,1194.3101,2860300032
1126143000,1196.2729,1201.463,1184.788,1194.411,3052800000
1126229400,1194.495,1204.4561,1184.423,1189.625,2215600128
1126488600,1189.7469,1191.933,1181.434,1188.212,1709699968
1126575000,1188.25,1207.401,1186.22,1207.1639,2591399936
1126661400,1209.267,1217.413,1204.546,1217.261,3224399872
1126747800,1217.519,1218.941,1210.718,1217.281,2721700096
1126834200,1217.4189,1217.7581,1208.561,1212.947,2239699968
1127093400,1213.49,1220.97,1210.1899,1220.63,2465700096
1127179800,1222.255,1223.5649,1204.869,1212.6169,3230099968
1127266200,1210.8521,1210.8521,1186.981,1187.988,3179899904
1127352600,1185.688,1185.688,1147.194,1159.96,2860199936
1127439000,1157.295,1164.599,1149.745,1151.98,1877400064
1127698200,1150.933,1155.604,1147.2679,1155.042,1453799936
1127784600,1155.053,1157.799,1132.527,1133.2371,1809400064
1127871000,1131.317,1142.49,1129.054,1131.774,1475200000
1127957400,1134.441,1155.777,1134.441,1155.485,1853699968
1128043800,1156.77,1158.698,1150.627,1155.614,1449299968
1128907800,1153.672,1153.672,1137.2889,1138.95,1172000000
1128994200,1137.948,1157.303,1133.895,1157.192,1342700032
1129080600,1157.485,1165.666,1152.251,1161.853,1846700032
1129167000,1162.0229,1165.355,1152.089,1152.6071,1690499968
1129253400,1152.374,1154.3199,1135.509,1139.547,1514599936
1129512600,1138.379,1138.379,1121.968,1131.375,1513500032
1129599000,1131.2629,1142.037,1129.6689,1141.201,1892800000
1129685400,1141.052,1150.594,1132.479,1134.608,1890800000
1129771800,1133.453,1136.314,1119.3781,1135.949,1737200000
1129858200,1135.61,1145.99,1132.358,1141.318,1801100032
1130117400,1141.3311,1143.459,1133.92,1141.171,1727600000
1130203800,1140.173,1140.173,1121.286,1121.918,1692999936
1130290200,1119.429,1119.429,1094.571,1097.161,1921200000
1130376600,1093.9301,1101.269,1087.484,1097.782,1720400000
1130463000,1097.585,1102.0229,1067.407,1080.8669,1797400064
1130722200,1091.677,1094.153,1074.298,1089.95,1483500032
1130808600,1089.9969,1108.884,1089.9969,1104.792,1398599936
1130895000,1104.594,1111.437,1090.821,1095.2729,1876499968
1130981400,1094.2581,1100.4301,1087.845,1100.045,1686300032
1131067800,1094.26,1100.4301,1087.84,1100.04,1278300032
1131327000,1099.9399,1111.119,1092.5389,1110.147,1208199936
1131413400,1110.547,1117.063,1107.642,1108.153,1531100032
1131499800,1106.944,1106.944,1086.1,1088.301,1672499968
1131586200,1085.694,1094.307,1078.583,1090.1949,1615600000
1131672600,1085.6899,1094.3101,1078.58,1090.2,1256000000
1131931800,1088.512,1099.0291,1082.507,1087.5081,920300032
1132018200,1086.826,1096.297,1075.431,1095.89,1221600000
1132104600,1094.8781,1098.675,1090.355,1095.3101,1260899968
1132191000,1095.521,1122.61,1093.5291,1116.999,1196199936
1132277400,1095.52,1122.61,1093.53,1117,2248100096
1132536600,1119.689,1119.689,1098.495,1098.655,1554400000
1132623000,1096.5601,1106.4771,1093.952,1105.746,1464700032
1132709400,1105.335,1117.944,1103.7629,1112.801,1260199936
1132795800,1113.283,1115.0811,1107.213,1114.916,1714099968
1132882200,1113.28,1115.08,1107.21,1114.92,1550899968
1133141400,1109.569,1110.3051,1095.344,1096.986,1285200000
1133227800,1095.299,1099.577,1090.723,1099.261,1188000000
1133314200,1098.7841,1104.563,1094.438,1098.7469,1087600000
1133400600,1099.756,1102.759,1089.562,1094.287,893200000
1133487000,1099.76,1102.76,1089.5601,1094.29,1063699968
1133746200,1077.578,1089.594,1074.007,1087.7939,1122499968
1133832600,1087.741,1100.048,1086.733,1099.615,1105299968
1133919000,1100.6851,1106.342,1092.9919,1098.323,1038899968
1134005400,1097.515,1114.584,1094.738,1113.4771,1039900032
1134091800,1097.52,1114.58,1094.74,1113.48,1348700032
1134351000,1115.765,1119.421,1106.749,1117.8459,1194499968
1134437400,1117.47,1127.629,1110.2061,1125.387,1137600000
1134523800,1125.672,1134.853,1121.556,1123.5551,1502200064
1134610200,1122.733,1127.941,1118.936,1127.5081,1682400000
1134696600,1122.73,1127.9399,1118.9399,1127.51,1261100032
1134955800,1131.796,1136.386,1126.991,1136.342,1222899968
1135042200,1135.9771,1142.3929,1128.943,1130.759,1171299968
1135128600,1129.564,1136.001,1125.954,1135.238,1229200000
1135215000,1135.705,1144.938,1135.074,1144.871,1112199936
1135301400,1135.7,1144.9399,1135.0699,1144.87,1447299968
1135560600,1157.489,1158.163,1149.847,1154.288,1865299968
1135647000,1155.1169,1157.197,1149.271,1157.0341,1567399936
1135733400,1157.506,1169.8669,1157.505,1169.8621,1468000000
1135819800,1171.575,1173.064,1158.9659,1161.057,2180300032
1135906200,1171.58,1173.0601,1158.97,1161.0601,2002800000
1136251800,1163.8781,1181.004,1161.906,1180.963,23258542
1136338200,1183.3051,1197.837,1180.451,1197.269,2325900032
1136424600,1198.811,1215.536,1191.614,1209.422,2948400128
1136511000,1198.8101,1215.54,1191.61,1209.42,3434299904
1136770200,1215.848,1220.756,1203.651,1220.618,2870700032
1136856600,1219.811,1223.559,1204.041,1211.053,2679500032
1136943000,1226.704,1226.704,1226.704,1226.704,3063099904
1137029400,1228.157,1231.223,1214.881,1221.459,2701900032
1137115800,1228.16,1231.22,1214.88,1221.46,2770899968
1137375000,1200.255,1209.024,1198.839,1208.438,2527399936
1137461400,1207.525,1234.5291,1206.359,1233.35,1972600064
1137547800,1235.083,1251.957,1230.85,1251.576,2666800128
1137634200,1251.4091,1258.698,1247.205,1255.308,3361799936
1137720600,1251.41,1258.7,1247.2,1255.3101,3320399872
1137979800,1256.005,1262.087,1247.007,1252.062,2902899968
1138066200,1251.269,1260.174,1245.916,1258.046,2967099904
1138152600,1251.27,1260.17,1245.92,1258.05,2655899904
1139189400,1289.453,1297.4041,1270.4041,1282.0959,2917799936
1139275800,1282.121,1291.7371,1276.02,1290.0551,3840499968
1139362200,1288.9659,1288.9659,1266.811,1269.454,3285700096
1139448600,1269.536,1284.0959,1266.225,1282.656,2907899904
1139535000,1269.54,1284.1,1266.22,1282.66,2631399936
1139794200,1279.627,1286.421,1275.85,1286.327,2613199872
1139880600,1289.1379,1300.995,1288.637,1299.166,2254200064
1139967000,1298.4969,1298.4969,1268.564,1270.6331,3014799872
1140053400,1269.4,1280.041,1265.141,1267.408,3235300096
1140139800,1269.4,1280.04,1265.14,1267.41,2590299904
1140399000,1266.645,1288.546,1256.808,1288.4189,2154299904
1140485400,1288.853,1297.939,1282.91,1284.226,2665900032
1140571800,1284.13,1289.943,1273.942,1288.847,2851800064
1140658200,1289.434,1297.343,1286.962,1296.866,2287500032
1140744600,1289.4301,1297.34,1286.96,1296.87,2357799936
1141003800,1294.807,1299.473,1277.741,1299.03,2681999872
1141090200,1299.1541,1308.196,1297.7629,1306.5861,2364699904
1141176600,1306.585,1307.639,1281.571,1285.666,2364100096
1141263000,1284.606,1295.411,1275.624,1293.297,2844600064
1141349400,1284.61,1295.41,1275.62,1293.3,2492499968
1141608600,1259.916,1259.916,1259.916,1259.916,2032999936
1141695000,1256.6851,1258.239,1238.156,1250.384,2265299968
1141781400,1247.462,1253.7581,1242.681,1245.166,1984199936
1141867800,1245.188,1253.911,1240.751,1245.653,1538599936
1141954200,1245.1899,1253.91,1240.75,1245.65,1409600000
1142213400,1260.422,1262.752,1250.277,1259.0439,1377500032
1142299800,1259.231,1275.515,1258.146,1274.812,1487600000
1142386200,1274.615,1277.194,1270.8311,1274.1899,1845100032
1142472600,1273.01,1276.6281,1265.606,1269.462,1832300032
1142559000,1273.01,1276.63,1265.61,1269.46,1875500032
1142818200,1288.5551,1297.608,1285.431,1290.395,2029699968
1142904600,1289.4611,1296.912,1281.1281,1296.7061,2434599936
1142991000,1296.194,1302.791,1289.525,1302.457,2232999936
1143077400,1302.141,1308.057,1293.296,1294.704,2546500096
1143163800,1302.14,1308.0601,1293.3,1294.7,2442400000
1143423000,1295.76,1302.6479,1293,1298.791,2061299968
1143509400,1299.3831,1313.125,1296.59,1305.567,2501199872
1143595800,1305.843,1308.496,1293.829,1294.718,3415200000
1143682200,1291.5179,1298.751,1285.735,1298.295,2603899904
1143768600,1291.5179,1298.751,1285.735,1298.295,2663699968
1144027800,1298.684,1319.485,1298.684,1319.4709,3280499968
1144114200,1329.798,1329.798,1329.798,1329.798,3713400064
1144200600,1330.561,1341.504,1326.533,1340.162,3776300032
1144287000,1341.736,1348.52,1336.1379,1339.7371,4171500032
1144373400,1340.646,1345.291,1330.5129,1342.965,4066599936
1144632600,1344.239,1359.408,1339.5229,1359.0811,4141499904
1144719000,1360.978,1366.5229,1350.323,1362.229,4386999808
1144805400,1361.741,1364.691,1355.655,1360.132,3712900096
1144891800,1359.278,1364.316,1331.682,1332.33,4129900032
1144978200,1330.095,1360.094,1328.4351,1359.538,3787099904
1145237400,1360.644,1383.6541,1353.396,1378.614,4222000128
1145323800,1379.813,1391.3781,1370.153,1385.114,3678500096
1145410200,1389.134,1399.547,1378.796,1396.702,4057799936
1145496600,1398.098,1404.192,1376.9611,1385.9,4330299904
1145583000,1385.923,1419.891,1383.45,1416.793,4556899840
1145842200,1409.786,1409.786,1409.786,1409.786,5201600000
1145928600,1405.8979,1409.274,1386.126,1399.767,4324899840
1146015000,1399.068,1426.626,1397.349,1417.4771,4841099776
1146101400,1418.903,1424.465,1407.141,1416.7321,3760800000
1146187800,1403.5229,1444.714,1389.3459,1440.223,4456200192
1147051800,1446.9919,1497.202,1446.9919,1497.104,5162100224
1147138200,1503.239,1532.754,1497.994,1531.161,6468400128
1147224600,1537.561,1554.0341,1518.335,1545.687,6271699968
1147311000,1547.556,1583.761,1536.292,1537.377,7321800192
1147397400,1532.8781,1603.2111,1531.233,1602.832,6839399936
1147656600,1616.259,1664.938,1606.5699,1664.088,8772500480
1147743000,1658.692,1678.599,1604.7841,1613.251,8827499520
1147829400,1613.23,1640.6949,1592.1851,1625.146,7098100224
1147915800,1611.657,1630.073,1582.962,1617.281,6058500096
1148002200,1620.213,1664.614,1610.04,1659.545,7708599808
1148261400,1656.754,1674.2209,1646.683,1657.689,7725899776
1148347800,1647.962,1648.528,1597.1021,1604.552,6990000128
1148434200,1590.924,1590.924,1590.924,1590.924,5727000064
1148520600,1585.4659,1598.559,1563.863,1591.425,4104900096
1148607000,1596.5649,1614.553,1593.093,1613.894,4372299776
1148866200,1622.108,1648.838,1609.005,1648.538,5171500032
1148952600,1654.98,1663.929,1634.9,1657.288,5308800000
1149039000,1656.2841,1667.233,1628.679,1641.3,5701600256
1149125400,1639.673,1684.709,1635.746,1684.1949,6784399872
1149211800,1688.782,1695.58,1659.14,1669.399,7814499840
1149471000,1669.236,1685.292,1639.6801,1684.624,6729800192
1149557400,1681.22,1692.825,1672.814,1679.126,5842299904
1149643800,1678.238,1678.238,1588.9709,1589.545,6508499968
1149730200,1576.4351,1596.1219,1540.934,1591.49,5457699840
1149816600,1583.9561,1594.438,1550.202,1551.384,4700400128
1150075800,1540.2159,1566.447,1529.5031,1552.798,3149600000
1150162200,1552.098,1570.1,1532.059,1548.495,3245100032
1150248600,1540.635,1540.635,1512.521,1531.327,3243800064
1150335000,1531.2469,1551.3,1528.23,1533.98,2847300096
1150421400,1540.187,1574.475,1540.187,1574.467,3357299968
1150680600,1559.985,1591.85,1544.931,1586.286,3556199936
1150767000,1583.871,1592.832,1572.582,1592.332,3553700096
1150853400,1590.6071,1617.714,1570.083,1598.116,3970599936
1150939800,1593.097,1605.252,1587.799,1596.066,3246599936
1151026200,1594.495,1608.108,1582.019,1605.7111,3502700032
1151285400,1607.786,1635.803,1607.786,1633.449,3949900032
1151371800,1636.703,1642.571,1627.592,1639.551,3645199872
1151458200,1638.23,1642.354,1627.068,1639.286,3322099968
1151544600,1641.928,1672.101,1641.928,1671.618,5179899904
1151631000,1679.724,1690.953,1662.28,1672.2111,4983699968
1151890200,1677.311,1697.83,1670.016,1697.282,4863699968
1151976600,1700.323,1702.658,1670.13,1681.547,5431600128
1152063000,1755.222,1757.472,1703.585,1718.5551,6072099840
1152149400,1715.2791,1742.204,1711.651,1741.47,5006300160
1152235800,1746.521,1750.028,1724.675,1730.1899,4943000064
1152495000,1730.698,1737.031,1715.828,1734.329,3904999936
1152581400,1736.986,1746.724,1725.231,1745.806,4008499968
1152667800,1745.8781,1753.275,1737.999,1740,4878600192
1152754200,1736.207,1737.595,1654.486,1655.7729,6747200000
1152840600,1641.1379,1676.754,1633.8979,1665.208,4158799872
1153099800,1662.047,1684.344,1653.603,1682.887,3220400128
1153186200,1682.36,1684.672,1666.311,1684.252,3140499968
1153272600,1681.771,1681.771,1637.486,1645.16,3505999872
1153359000,1642.624,1658.054,1636.259,1655.1219,2866099968
1153445400,1653.811,1669.288,1653.507,1665.328,2996000000
1153704600,1648.749,1667.6169,1632.687,1665.944,3118400000
1153791000,1668.1379,1690.613,1668.1379,1685.4611,3423800064
1153877400,1688.538,1691.429,1675.662,1686.6541,3116699904
1153963800,1685.347,1701.611,1665.386,1675.168,3620199936
1154050200,1674.4301,1678.527,1646.3459,1662.031,3326899968
1154309400,1659.535,1659.535,1611.163,1612.733,3365400064
1154395800,1600.614,1600.614,1600.614,1600.614,3231099904
1154482200,1598.7581,1608.777,1577.902,1600.8719,2786599936
1154568600,1599.746,1609.425,1587.119,1601.058,2082200064
1154655000,1601.608,1612.1,1567.251,1570.15,2586700032
1154914200,1561.801,1570.054,1541.413,1547.436,2409900032
1155000600,1547.905,1581.7531,1547.905,1580.577,2338299904
1155087000,1581.803,1585.173,1571.709,1578.566,2163599872
1155173400,1578.354,1606.943,1577.86,1606.0649,2632300032
1155259800,1605.597,1610.7629,1596.217,1605.926,2345100032
1155519000,1605.202,1611.661,1566.722,1570.738,2565499904
1155605400,1568.267,1596.653,1564.3979,1595.657,2025900032
1155691800,1596.056,1616.453,1591.8571,1616.41,2856399872
1155778200,1612.412,1612.412,1592.8459,1603.332,2339200000
1155864600,1601.567,1614.365,1596.562,1598.0179,2397400064
1156123800,1565.457,1602.13,1558.1,1601.15,2337400064
1156210200,1601.5229,1619.074,1598.776,1613.355,2670099968
1156296600,1614.3929,1621.399,1608.741,1612.396,2721299968
1156383000,1612.699,1623.1689,1601.887,1623.017,2506099968
1156469400,1622.481,1630.047,1619.735,1623.0341,2782200064
1156728600,1627.123,1651.2889,1624.281,1650.438,3934099968
1156815000,1652.672,1667.53,1649.593,1651.024,4805000192
1156901400,1648.348,1656.2321,1640.281,1655.1949,3144300032
1156987800,1655.903,1661.473,1649.9969,1658.6379,3513499904
1157074200,1658.66,1660.5179,1634.026,1636.691,3595500032
1157333400,1635.332,1657.691,1635.1219,1657.52,3309299968
1157419800,1659.7371,1669.901,1657.047,1664.078,4053299968
1157506200,1665.13,1672.26,1656.863,1672.121,3358000128
1157592600,1683.782,1683.89,1655.408,1661.1899,3152300032
1157679000,1659.702,1671.308,1658.673,1667.984,2655200000
1157938200,1674.9659,1674.9659,1674.9659,1674.9659,3059099904
1158024600,1675.198,1699.585,1673.441,1695.8621,3739000064
1158111000,1695.351,1713.989,1687.049,1689.389,4304600064
1158197400,1689.631,1696.6219,1672.884,1689.692,3388800000
1158283800,1689.605,1722.66,1689.51,1721.045,4703200256
1158543000,1727.915,1733.413,1719.16,1732.9871,4483999744
1158629400,1735.301,1743.021,1728.2889,1735.241,4345500160
1158715800,1733.637,1737.734,1720.835,1732.453,3883699968
1158802200,1731.585,1743.63,1731.222,1740.901,3953299968
1158888600,1744.605,1746.615,1724.104,1725.361,4477799936
1159147800,1722.744,1732.2791,1709.771,1722.366,4016800000
1159234200,1720.781,1721.584,1704.774,1712.637,3313499904
1159320600,1711.514,1725.501,1709.766,1725.0389,2924699904
1159407000,1725.515,1740.787,1722.219,1736.963,3398000128
1159493400,1740.059,1755.691,1740.059,1752.424,4123599872
1159752600,1752.424,1752.424,1752.424,1752.424,0
1159925400,1752.424,1752.424,1752.424,1752.424,0
1160357400,1768.144,1786.11,1763.111,1785.385,5293499904
1160443800,1784.22,1793.141,1771.856,1784.8621,5513600000
1160530200,1784.5179,1792.761,1771.016,1790.104,4928399872
1160616600,1790.631,1792.239,1774.142,1778.181,5316899840
1160703000,1776.511,1792.868,1773.233,1784.656,4254000128
1160962200,1787.7,1789.175,1766.308,1771.299,4676599808
1161048600,1768.6281,1777.598,1758.311,1763.901,3926200064
1161135000,1762.4041,1787.743,1760.8831,1787.1851,3681100032
1161221400,1788.582,1799.2939,1784.345,1792.2531,4149100032
1161307800,1792.6,1801.334,1786.344,1790.364,4146200064
1161567000,1789.645,1797.427,1753.494,1759.394,4444100096
1161653400,1756.457,1805.2729,1756.457,1805.181,3991099904
1161739800,1807.03,1825.609,1789.905,1806.646,4451200000
1161826200,1804.8929,1816.762,1791.947,1810.646,4873699840
1161912600,1836.214,1842.73,1803.215,1807.175,7374900224
1162171800,1811.469,1839.318,1811.469,1837.993,4533600256
1162258200,1838.6801,1855.887,1833.201,1855.713,4655699968
1162344600,1856.921,1857.145,1834.844,1851.314,4778399744
1162431000,1851.4041,1873.6639,1850.151,1866.3621,5174199808
1162517400,1851.4,1873.66,1850.15,1866.36,4986100224
1162776600,1889.5341,1897.41,1862.932,1889.53,4954500096
1162863000,1885.855,1886.256,1865.223,1866.817,5484899840
1162949400,1860.954,1899.097,1858.595,1896.4821,3776999936
1163035800,1896.929,1920.184,1870.96,1883.347,4409600000
1163122200,1896.9301,1920.1801,1870.96,1883.35,6280900096
1163381400,1868.173,1888.432,1841.823,1888.239,5001699840
1163467800,1888.5389,1923.139,1878.6949,1922.9351,4318799872
1163554200,1930.926,1976.046,1926.724,1941.547,4668199936
1163640600,1934.637,1972.6071,1925.149,1971.793,6398400000
1163727000,1934.64,1972.61,1925.15,1971.79,4941899776
1163986200,2013.067,2037.738,1988.926,2037.552,5914699776
1164072600,2031.297,2062.804,2010.792,2041.355,5389400064
1164159000,2045.0811,2071.2351,2042.151,2062.363,6488200192
1164245400,2051.4709,2057.9109,2022.625,2050.812,6072200192
1164331800,2051.47,2057.9099,2022.63,2050.8101,6123200000
1164591000,2042.379,2051.49,2016.473,2038.7209,5784000000
1164677400,2005.9871,2059.728,1992.538,2054.0911,5507100160
1164763800,2058.77,2102.0569,2058.77,2099.2891,5600200192
1164850200,2106.2949,2112.5759,2087.6011,2102.0491,7278000128
1164936600,2106.3,2112.5801,2087.6001,2102.05,7617900032
1165195800,2167.363,2195.5291,2159.323,2173.2849,8723300352
1165282200,2156.604,2156.604,2156.604,2156.604,8815699968
1165368600,2156.75,2156.75,2156.75,2156.75,10434799616
1165455000,2133.355,2164.021,2090.4031,2093.6379,9927900160
1165541400,2133.3601,2164.02,2090.3999,2093.6399,8088999936
1165800600,2189.6941,2228.6431,2180.3701,2218.9509,6267599872
1165887000,2224.429,2244.407,2195.6389,2223.4551,7019200000
1165973400,2226.001,2250.321,2212.905,2249.1101,5749300224
1166059800,2255.24,2275.49,2241.199,2273.908,5843899904
1166146200,2255.24,2275.49,2241.2,2273.9099,6061199872
1166405400,2342.1799,2381.634,2315.9851,2364.177,7825200128
1166491800,2356.262,2381.1321,2332.927,2373.2051,8705500160
1166578200,2372.4641,2386.824,2339.9089,2342.938,7829899776
1166664600,2334.2729,2366.6941,2321.9221,2343.668,8318300160
1166751000,2334.27,2366.6899,2321.9199,2343.6699,7048500224
1167010200,2437.854,2505.697,2424.936,2479.7319,7393900032
1167096600,2478.063,2538.6631,2461.071,2536.387,7226100224
1167183000,2538.9519,2611.791,2530.3311,2567.594,7211800064
1167269400,2585.417,2698.9041,2585.417,2675.4741,7871900160
1167355800,2585.4199,2698.8999,2585.4199,2675.47,8676899840
1167615000,2675.4741,2675.4741,2675.4741,2675.4741,0
1167787800,2728.188,2847.615,2684.8181,2715.719,120156020
1167874200,2668.5769,2685.804,2617.019,2641.334,12015599616
1167960600,2668.5801,2685.8,2617.02,2641.3301,10615600128
1168219800,2807.804,2807.804,2807.804,2807.804,10681299968
1168306200,2838.113,2841.741,2770.988,2825.5759,11075099648
1168392600,2819.3669,2841.1799,2763.886,2770.1101,11176899584
1168479000,2745.321,2782.0249,2652.5779,2668.1101,12159899648
1168565400,2745.3201,2782.03,2652.5801,2668.1101,10730399744
1168824600,2818.6631,2830.803,2757.2051,2821.0171,9176200192
1168911000,2828.4009,2870.4221,2742.5879,2778.8999,11117899776
1168997400,2760.9441,2784.043,2679.7051,2756.9829,12737699840
1169083800,2761.886,2833.4541,2761.886,2832.207,11231399936
1169170200,2761.8899,2833.45,2761.8899,2832.21,12206199808
1169429400,2964.687,2970.6851,2851.9189,2949.144,13857599488
1169515800,2955.4241,2994.282,2927.7209,2975.1289,14279199744
1169602200,2946.5039,2947.1489,2853.822,2857.365,12205700096
1169688600,2805.9561,2905.9839,2720.8269,2882.5581,11719700480
1169775000,2805.96,2905.98,2720.8301,2882.5601,10959899648
1170034200,2897.25,2954.3401,2885.8601,2945.26,11206800384
1170120600,2926.075,2929.646,2766.7471,2786.335,11193199616
1170207000,2744.814,2801.689,2706.291,2785.4319,11426599936
1170293400,2791.49,2796.436,2666.8621,2673.2119,9344400384
1170379800,2791.49,2796.4399,2666.8601,2673.21,8544600064
1170639000,2612.8391,2677.042,2541.5249,2675.697,6922500096
1170725400,2688.96,2745.387,2681.3291,2716.175,8663000064
1170811800,2725.1399,2751.1621,2691.2681,2737.7319,9488400384
1170898200,2741.48,2747.9441,2704.365,2730.386,8843400192
1170984600,2741.48,2747.9399,2704.3701,2730.3899,8087399936
1171243800,2819.1379,2835.0891,2801.313,2831.8721,7900899840
1171330200,2836.8191,2915.063,2823.3821,2905.093,7900199936
1171416600,2923.666,2994.6221,2923.666,2993.0081,9404499968
1171503000,3018.1799,3036.3459,2975.8269,2998.4741,10883099648
1171589400,3018.1799,3036.3501,2975.8301,2998.47,11792199680
1172453400,3048.8291,3049.771,2763.395,2771.791,11205699584
1172539800,2734.595,2888.8989,2732.884,2881.073,16137600000
1172626200,2877.2029,2878.355,2760.9121,2797.1899,12147900416
1172712600,2792.9409,2846.158,2777.7959,2831.5259,12736499712
1172799000,2792.9399,2846.1599,2777.8,2831.53,9394400256
1173058200,2776.167,2866.332,2756.9609,2840.175,10691099648
1173144600,2851.7471,2911.416,2849.6479,2896.594,7704000000
1173231000,2904.1851,2928.803,2871.4641,2928.0149,8791400448
1173317400,2934.4929,2962.4209,2891.814,2937.9099,8895500288
1173403800,2937.9099,2937.9099,2937.9099,2937.9099,10713900032
1173663000,2945.9231,2958.6321,2904.7439,2954.9141,10154200064
1173749400,2958.0959,2966.1941,2932.2339,2964.7939,10718900224
1173835800,2933.679,2934.4541,2868.8069,2906.334,11373100032
1173922200,2905.9761,2955.4619,2905.9761,2951.698,10174600192
1174008600,2964.094,2979.708,2899.032,2930.481,12268099584
1174267800,2864.2561,3037.999,2852.8579,3014.4419,10997199872
1174354200,3024.78,3033.02,2998.8,3032.2,9276199936
1174440600,3042.0979,3057.71,3020.949,3057.3799,9918999552
1174527000,3080.6021,3099.8191,3059.3811,3071.2251,12606600192
1174613400,3071.8081,3085.324,3008.1541,3074.2859,11868600320
1174872600,3083.938,3123.179,3069.4729,3122.811,12266099712
1174959000,3126.0249,3145.0439,3103.7791,3138.8259,12457900032
1175045400,3140.6799,3180.332,3052.0779,3173.0181,16726800384
1175131800,3179.803,3273.7271,3176.5259,3197.5371,14954000384
1175218200,3178.4961,3212.3889,3157.03,3183.9829,8942399488
1175477400,3196.5869,3253.4351,3196.5869,3252.595,9735000064
1175563800,3265.676,3292.5779,3251.5229,3291.2991,10860099584
1175650200,3295.98,3308.1499,3266.5601,3291.54,11261599744
1175736600,3286.1631,3326.916,3259.626,3319.1399,11452800000
1175823000,3287.6841,3334.2241,3273.855,3323.585,11964499968
1176082200,3333.4221,3399.5149,3333.262,3398.95,13731399680
1176168600,3405.2329,3444.374,3351.105,3444.291,14780699648
1176255000,3454.417,3497.52,3428.782,3495.2241,14757199872
1176341400,3503.2271,3532.8621,3488.0769,3531.0291,13539000320
1176427800,3537.22,3563.856,3504.1609,3518.2671,15069599744
1176687000,3523.217,3597.2151,3523.217,3596.4409,13103899648
1176773400,3611.6299,3622.8879,3510.498,3611.8701,16066100224
1176859800,3614.678,3623.8669,3564.23,3612.396,15048500224
1176946200,3610.0239,3617.438,3358.9299,3449.0161,17272600576
1177032600,3460.9041,3591.4609,3460.9041,3584.2041,13888900096
1177291800,3615.7891,3710.886,3615.7891,3710.886,16349800448
1177378200,3736.1541,3762.3879,3689.134,3720.532,17438900224
1177464600,3708.571,3769.2471,3653.989,3743.959,15176299520
1177551000,3766.4761,3784.6799,3732.6011,3783.063,11725700096
1177637400,3788.748,3802.9231,3720.5959,3759.8669,13217500160
1177896600,3784.272,3851.3501,3759.48,3841.272,14652600320
1178587800,3937.938,3964.7141,3901.3259,3950.011,16056800256
1178674200,3961.103,4015.219,3875.384,4013.085,20839700480
1178760600,4021.4221,4072.1379,3991.4771,4049.7009,17111400448
1178847000,4024.4221,4039.668,3949.3679,4021.678,14063800320
1179106200,3970.6609,4081.426,3940.3579,4046.3921,13932600320
1179192600,4055.834,4069.8459,3891.363,3899.178,15667800064
1179279000,3890.8091,3987.405,3845.2271,3986.043,13171999744
1179365400,4002.4851,4064.283,3982.9951,4048.293,13927799808
1179451800,4041.3899,4052.0969,3999.165,4030.2581,13075600384
1179711000,3902.3469,4083.416,3892.9751,4072.2251,15617099776
1179797400,4091.1431,4136.6299,4086.825,4110.3789,17356199936
1179883800,4125.4258,4175.4438,4093.915,4173.709,16139899904
1179970200,4188.6768,4208.3882,4089.385,4151.1328,18098399232
1180056600,4133.1919,4190.4692,4111.2622,4179.7759,15419299840
1180315800,4221.5781,4283.9302,4215.2432,4272.1108,17861500928
1180402200,4288.98,4335.9629,4262.0239,4334.9238,17209800704
1180488600,4087.405,4275.2368,4015.512,4053.0879,18559700992
1180575000,4006.28,4178.1069,3858.04,4109.6538,17311500288
1180661400,4120.6279,4181.2798,3966.9771,4000.7419,16093500416
1180920600,3981.8169,3987.269,3659.0891,3670.4009,11485899776
1181007000,3564.4331,3768.563,3404.146,3767.1011,15713800192
1181093400,3781.375,3821.697,3682.7939,3776.3169,14587400192
1181179800,3787.7019,3891.4031,3779.5,3890.803,14236600320
1181266200,3900.0271,3935.7859,3852.0449,3913.135,13587699712
1181525400,3942.0049,4000.416,3930.74,3995.6799,13384299520
1181611800,4011.679,4073.1809,3910.001,4072.1379,14947200000
1181698200,4110.7422,4193.4458,4102.041,4176.48,16694899712
1181784600,4162.207,4179.7251,4085.7849,4115.209,13838600192
1181871000,4085.656,4152.543,4067.3569,4132.8691,10866599936
1182130200,4195.3911,4267.7402,4193.314,4253.3481,12897800192
1182216600,4247.7451,4280.8501,4209.5752,4269.5239,12458200064
1182303000,4269.4551,4311.9971,4164.2749,4181.3232,13521300480
1182389400,4170.894,4256.542,4147.0542,4230.8232,11292000256
1182475800,4230.9668,4249.4312,4024.489,4091.4451,11969200128
1182735000,4102.7871,4131.1299,3912.4221,3941.0811,10160700416
1182821400,3863.248,3976.1909,3818.853,3973.3711,9381699584
1182907800,3985.7161,4090.7151,3948.2871,4078.5991,9511300096
1182994200,4080.1941,4113.2832,3912.814,3914.2041,9783199744
1183080600,3824.29,3919.345,3779.813,3820.7029,8609999872
1183339800,3800.2329,3859.8611,3724.187,3836.2939,7425399808
1183426200,3854.7161,3906.761,3821.4629,3899.7241,6974900224
1183512600,3906.012,3916.4751,3800.2749,3816.165,5647499776
1183599000,3769.6389,3778.3989,3614.531,3615.8721,6340599808
1183685400,3599.8181,3785.3459,3563.5439,3781.3479,8073699840
1183944600,3809.6699,3900.9041,3782.7329,3883.2161,8348100096
1184031000,3895.9089,3929.416,3841.801,3853.021,7656300032
1184117400,3837.7959,3879.292,3812.1379,3865.7229,5135399936
1184203800,3874.0391,3925.604,3861.0371,3915.991,5515800064
1184290200,3920.8269,3935.5061,3878.1841,3914.395,4602399744
1184549400,3920.6531,3931.8679,3820.574,3821.916,4761500160
1184635800,3809.5581,3919.7771,3767.2219,3896.1909,4871199744
1184722200,3880.8521,3971.6101,3861.907,3930.0601,6287200256
1184808600,3918.5391,3947.3301,3887.5891,3912.9409,4873800192
1184895000,3918.4089,4062.116,3918.4089,4058.853,8311099904
1185154200,4091.2419,4220.3218,4091.2419,4213.3608,12166899712
1185240600,4238.3198,4284.8291,4192.7202,4210.3291,11098900480
1185327000,4212.9502,4325.3779,4212.23,4323.9658,9395000320
1185413400,4347.7778,4371.5122,4304.1929,4346.458,9921099776
1185499800,4315.373,4357.3428,4268.7881,4345.3569,10024599552
1185759000,4348.6069,4450.188,4345.793,4440.769,11258999808
1185845400,4432.2651,4476.626,4379.1992,4471.0322,10856099840
1185931800,4488.7739,4502.2959,4284.8711,4300.563,12629300224
1186018200,4316.5669,4431.8501,4290.8091,4407.73,9827900416
1186104600,4440.9761,4562.688,4438.9629,4560.7739,11511700480
1186363800,4600.1182,4629.9678,4564.313,4628.1079,11170799616
1186450200,4642.0098,4687.4351,4581.2939,4651.2251,11618100224
1186536600,4614.5859,4711.3159,4568.6948,4663.1621,11890899968
1186623000,4658.5918,4768.8862,4658.5918,4754.0952,9765999616
1186709400,4745.1812,4769.6191,4640.7661,4749.3691,10186699776
1186968600,4768.6191,4872.5479,4728.8921,4820.064,11418500096
1187055000,4820.1499,4876.8511,4789.895,4872.7852,8856800256
1187141400,4875.5112,4916.3101,4762.7178,4869.8828,9050999808
1187227800,4845.0161,4845.0161,4710.3101,4765.4482,9053800448
1187314200,4733.1372,4814.3691,4646.4331,4656.5742,9115899904
1187573400,4773.832,4906.0029,4758.397,4904.855,9915299840
1187659800,4944.2139,4982.981,4917.8208,4955.207,10420400128
1187746200,4876.3452,4999.1948,4861.271,4980.0752,10811100160
1187832600,5002.8408,5050.3828,4968.3271,5032.4941,9930900480
1187919000,5070.6509,5125.3589,5052.2412,5107.668,10899600384
1188178200,5144.8242,5192.061,5092.0762,5150.1182,11615399936
1188264600,5134.1411,5209.5068,5058.4458,5194.689,10543699968
1188351000,5147.7129,5204.5259,5063.4121,5109.4268,10082400256
1188437400,5144.1108,5186.5259,5109.6621,5167.8838,10121100288
1188523800,5184.0908,5235.1572,5158.3682,5218.8252,10355600384
1188783000,5257.7769,5327.5381,5257.7769,5321.0552,12577999872
1188869400,5333.3999,5357.9258,5264.9961,5294.0449,12042600448
1188955800,5296.0698,5337.9292,5223.6699,5310.7158,9624099840
1189042200,5336.6689,5412.3188,5314.3369,5393.6602,10698800128
1189128600,5381.186,5405.3579,5269.25,5277.1758,11984100352
1189387800,5208.3179,5356.856,5169.9048,5355.2871,10236800000
1189474200,5362.9409,5395.0381,5093.9229,5113.9678,11005500416
1189560600,5092.5762,5192.3018,5025.3359,5172.627,9705900032
1189647000,5193.4092,5276.771,5178.8711,5273.5918,8654999552
1189733400,5290.2559,5324.439,5201.854,5312.1821,9467400192
1189992600,5309.0571,5427.1709,5307.7739,5421.3921,10563900416
1190079000,5446.7319,5458.5781,5339.917,5425.208,10269100032
1190165400,5439.0181,5447.3599,5336.0698,5395.2651,8972600320
1190251800,5408.4839,5482.4248,5396.1089,5470.0649,8654699520
1190338200,5482.5068,5489.0742,5363.3472,5454.6738,9283900416
1190597400,5469.8369,5506.064,5404.4189,5485.0132,8179800064
1190683800,5500.269,5509.2339,5396.4819,5425.8799,9651000320
1190770200,5407.8291,5463.8989,5320.02,5338.52,6360900096
1190856600,5338.1079,5411.189,5306.8232,5409.4028,5888399872
1190943000,5461.5801,5560.417,5461.5801,5552.3008,8063099904
1191807000,5683.3101,5729.9629,5620,5692.7549,9598300160
1191893400,5678.9131,5725.4072,5628.3501,5715.8921,8328900096
1191979800,5742.6479,5860.8589,5727.2378,5771.4639,9244499968
1192066200,5798.3862,5914.772,5755.9902,5913.23,9470999552
1192152600,5950.9019,5959.3638,5658.812,5903.2642,11914800128
1192411800,5934.7749,6039.042,5866.1309,6030.0859,9870699520
1192498200,6056.9458,6124.0439,6040.7129,6092.0571,8815200256
1192584600,6057.4282,6088.8921,5982.2031,6036.2808,7131299840
1192671000,6031.916,6055.4731,5804.9731,5825.2822,6980499968
1192757400,5869.124,5932.1099,5766.8608,5818.0469,5522500096
1193016600,5742.791,5804.8359,5654.9072,5667.332,5443400192
1193103000,5660.0659,5776.0161,5574.8398,5773.3872,5845400064
1193189400,5804.0151,5906.6948,5793.5571,5843.1089,6029300224
1193275800,5794.2231,5819.8838,5546.041,5562.394,7171400192
1193362200,5498.8579,5628.834,5462.0132,5589.6309,5151900160
1193621400,5641.9829,5750.2539,5617.9761,5747.9971,5016399872
1193707800,5769.2031,5899.6499,5701.3369,5897.1929,5427899904
1193794200,5984.7129,6002.1182,5871.48,5954.7651,7103000064
1193880600,5978.939,6005.1309,5912.502,5914.2852,6488500224
1193967000,5812.4648,5860.5942,5740.4028,5777.8091,5954200064
1194226200,5710,5785,5606,5634.4502,6413300224
1194312600,5593.3472,5649.752,5510.1611,5536.5688,4506800128
1194399000,5565.6479,5610.9531,5469.7612,5601.7832,4272999936
1194485400,5559.1509,5559.1509,5328.2012,5330.0229,4892499968
1194571800,5276.0078,5382.6968,5217.6289,5315.54,4734099968
1194831000,5182,5250,5040,5187.73,5258299904
1194917400,5239.3428,5311.6982,5085.4438,5158.1182,4923700224
1195003800,5246.5742,5414.6089,5165.063,5412.6938,5099299840
1195090200,5391.0171,5453.7402,5338.9048,5365.2671,4781899776
1195176600,5273.082,5335.5132,5224.313,5316.2739,3738700032
1195435800,5325,5325,5241.5,5269.8198,4109799936
1195522200,5230.7422,5338.1729,5158.542,5293.7031,4905699840
1195608600,5307.5,5343,5210,5214,4123200000
1195695000,5113.8818,5154.8579,4969.894,4984.1611,4036999936
1195781400,4946.2578,5034.2251,4896.9878,5032.1299,3087300096
1196040600,5102.5,5110.5,4953.5,4958.75,3675599872
1196127000,4919.9131,4947.0762,4857.0381,4861.1108,3083399936
1196213400,4870.8398,4907.75,4778.7202,4803.3901,3275699968
1196299800,4870.8608,5011.1938,4814.7832,5003.333,5007200256
1196386200,4994,4994,4862,4871.75,4331500032
1196645400,4838,4881.5,4799,4868.5,5375099904
1196731800,4882.1489,4971.4038,4882.1489,4915.8892,4283599872
1196818200,4917.3652,5052.748,4893.3232,5042.6538,5430000128
1196904600,5055.835,5065.5098,4995.4722,5035.0732,4315899904
1196991000,5038.478,5096.7988,5021.3662,5091.7559,4996199936
1197250200,5010.8262,5168.7642,4990.7178,5161.9189,6881800192
1197336600,5180.541,5209.7051,5103.7471,5175.0762,6684800000
1197423000,5148.2539,5149.9312,5054.5649,5095.543,7215600128
1197509400,5078.1821,5095.1519,4954.3569,4958.043,6728300032
1197595800,4899.75,5011.2012,4860.1558,5007.9111,5305299968
1197855000,5007.2852,5007.3462,4874.624,4876.7612,6354699776
1197941400,4856.4712,4905.4922,4812.1558,4836.1738,4055800064
1198027800,4878.0659,4960.417,4868.354,4941.7842,5627599872
1198114200,4965.29,5050.7852,4923.2949,5043.5352,5774300160
1198200600,5017.1948,5112.3882,5013.7588,5101.7788,6614300160
1198459800,5132.9131,5284.3398,5104.645,5234.2622,8508000256
1198546200,5233.1748,5254.4048,5178.8008,5201.1812,7102400000
1198632600,5209.0352,5262.5918,5158.7559,5233.3511,7445899776
1198719000,5248.2222,5316.5229,5203.502,5308.8892,8732399616
1198805400,5320.0068,5336.499,5248.6919,5261.563,7718700032
1199064600,5261.563,5261.563,5261.563,5261.563,0
1199237400,5265,5295.0161,5201.8921,5272.814,7656699904
1199323800,5269.8008,5321.457,5211.0459,5319.8608,9850999808
1199410200,5328.4111,5372.4609,5318.4609,5361.5742,8087499776
1199669400,5357.4502,5403.3491,5332.5972,5393.3428,9193299968
1199755800,5414.5581,5480.0698,5344.6479,5386.5308,10247799808
1199842200,5365.2222,5437.7642,5346.8462,5435.8071,7680600064
1199928600,5449.1602,5483.8271,5407.3071,5456.541,9655300096
1200015000,5471.3872,5500.061,5423.8071,5484.6768,8772500480
1200274200,5507.5781,5522.7778,5456.9292,5497.9009,7871399936
1200360600,5503.9312,5505.0352,5405.5952,5443.791,8072000000
1200447000,5395.2769,5396.0439,5288.7651,5290.606,8927800320
1200533400,5235.9082,5312.2871,5039.7861,5151.626,9894200320
1200619800,5141.3711,5187.605,5093.1338,5180.5142,6863600128
1200879000,5188.7949,5200.9258,4891.2852,4914.4351,7564400128
1200965400,4817.9971,4817.9971,4511.9531,4559.751,9249099776
1201051800,4572.9019,4705.0732,4510.5039,4703.0469,8796399616
1201138200,4753.4448,4767.7988,4625.46,4717.7339,9003799552
1201224600,4716.9771,4806.8892,4657.709,4761.688,7792799744
1201483800,4720.564,4720.564,4409.0791,4419.2939,6935000064
1201570200,4426.2671,4517.6011,4389.5171,4457.9438,5035599872
1201656600,4505.6348,4554.3428,4330.6968,4417.8491,5507999744
1201743000,4408.0239,4487.3179,4368.2959,4383.3931,4514200064
1201829400,4388.2539,4411.7041,4195.7529,4320.7671,5930699776
1202088600,4415.0229,4672.2139,4415.0229,4672.1699,6337500160
1202175000,4622.5391,4662.9712,4550.4292,4599.6958,5262000128
1202866200,4525.0259,4547.5391,4454.6421,4490.7212,3691399936
1202952600,4527.0542,4576.9829,4507.9429,4552.3159,3491300096
1203039000,4523.792,4523.792,4431.4629,4497.127,4138700032
1203298200,4546.752,4601.2241,4517.5962,4568.1509,5582499840
1203384600,4582.2842,4665.5542,4544.9438,4664.2949,6066299904
1203471000,4682.5879,4695.8018,4556.814,4567.0259,6647499776
1203557400,4534.1689,4568.208,4452.6748,4527.1768,6130899968
1203643800,4500.3848,4500.3848,4333.0332,4370.2852,6760200192
1203903000,4370.188,4391.333,4182.7739,4192.5332,5881200128
1203989400,4302.7349,4331.6401,4123.3052,4238.1792,5568699904
1204075800,4256.5322,4360.7002,4222.459,4334.0469,5052499968
1204162200,4343.2769,4344.9258,4265.498,4299.5132,4792200192
1204248600,4293.5332,4364.814,4275.8989,4348.543,4783499776
1204507800,4323.6982,4456.9629,4279.3452,4438.2651,7851400192
1204594200,4454.1802,4472.1509,4321.2661,4335.4458,8695700480
1204680600,4316.25,4352.8218,4210.9629,4292.6538,7410999808
1204767000,4310.354,4427.498,4260.7871,4360.9858,8493199872
1204853400,4315.8081,4341.2949,4265.8291,4300.5151,5674699776
1205112600,4265.6108,4265.6108,4120.5298,4146.2988,6568200192
1205199000,4121.6528,4165.915,4063.47,4165.8779,5133300224
1205285400,4254.6729,4272.979,4068.781,4070.116,5722399744
1205371800,4033.3191,4055.446,3902.248,3971.2571,6365300224
1205458200,3956.7461,4000.78,3891.7,3962.6731,4140699904
1205717400,3941.2581,3941.2581,3812.999,3820.0481,4910000128
1205803800,3789.5649,3862.772,3607.25,3668.897,5786100224
1205890200,3746.0471,3813.885,3677.8169,3761.605,6158700032
1205976600,3721.5039,3857.6201,3516.3301,3804.054,7326300160
1206063000,3790.1111,3838.0581,3746.395,3796.5759,6509300224
1206322200,3830.3459,3840.479,3624.936,3626.188,5896000000
1206408600,3559.9419,3659.21,3521.5281,3629.6189,5276499968
1206495000,3644.1299,3698.325,3591.1079,3606.8569,4625200128
1206581400,3541.2759,3541.2759,3407.896,3411.4929,5506999808
1206667800,3378.6279,3590.7529,3357.229,3580.146,6329200128
1206927000,3465.908,3555.824,3445.5559,3472.7129,4711300096
1207013400,3461.085,3493.1331,3308.9021,3329.1621,5483100160
1207099800,3370.604,3464.531,3283.6399,3347.8821,6548700160
1207186200,3323.426,3456.948,3271.29,3446.2439,5088900096
1207531800,3418.5161,3613.48,3386.512,3599.6179,6099500032
1207618200,3604.2629,3656.9609,3563.8501,3612.5391,6548499968
1207704600,3585.8469,3606.887,3413.072,3413.907,5985200128
1207791000,3378.1389,3474.312,3344.8701,3471.7429,4545500160
1207877400,3498.5549,3517.8181,3462.136,3492.8931,4328399872
1208136600,3419.0471,3427.884,3285.2981,3296.6721,5031199744
1208223000,3282.572,3349.76,3212.1499,3348.353,4466800128
1208309400,3349.9309,3363.2161,3283.0779,3291.5991,4009100032
1208395800,3286.4141,3352.9509,3180.199,3222.741,4584300032
1208482200,3200.5701,3203.71,3078.1741,3094.668,4366499840
1208741400,3305.1521,3305.168,3073.563,3116.9771,5995500032
1208827800,3076.7151,3148.731,2990.7881,3147.793,4878700032
1208914200,3116.4121,3296.717,3089.8931,3278.3301,6623499776
1209000600,3539.8679,3593.197,3461.6431,3583.0281,14206600192
1209087000,3572.5471,3658.551,3527.8379,3557.749,12962100224
1209346200,3497.3831,3530.905,3460.2549,3474.7219,7574499840
1209432600,3457.3511,3544.229,3453.2791,3523.405,6717499904
1209519000,3545.573,3705.093,3543.019,3693.106,10761799680
1209951000,3739.7971,3768.2161,3696.697,3761.009,9969699840
1210037400,3735.8491,3786.0239,3680.99,3733.5029,9893199872
1210123800,3716.446,3774.0659,3577.991,3579.147,9049700352
1210210200,3656.8391,3656.8391,3656.8391,3656.8391,7517300224
1210296600,3682.9551,3693.1599,3552.4729,3613.4939,8789799936
1210555800,3626.9819,3626.9819,3626.9819,3626.9819,7989100032
1210642200,3515.7109,3615.0601,3508.3201,3560.2429,9074700288
1210728600,3549.668,3661.9709,3549.668,3657.4319,8859199488
1210815000,3676.8391,3706.7219,3636.2241,3637.324,8395500032
1210901400,3637.636,3661.071,3582.5,3624.2329,6481299968
1211160600,3615.594,3624.844,3563.6089,3604.761,4845000192
1211247000,3601.5491,3632.0061,3432.3821,3443.1621,6637700096
1211333400,3414.344,3560.5281,3355.084,3544.186,7364100096
1211419800,3493.0669,3558.019,3469.792,3485.6299,6850500096
1211506200,3473.801,3521.3931,3435.8411,3473.0911,5995100160
1211765400,3442.291,3443.988,3361.9851,3364.5439,5277700096
1211851800,3355.114,3383.679,3333.9509,3375.407,4249900032
1211938200,3382.7739,3486.332,3354.2539,3459.0259,5247699968
1212024600,3447.7681,3481.7339,3400.7729,3401.437,5144000000
1212111000,3414.2539,3450.4929,3390.8831,3433.354,4849500160
1212370200,3426.1951,3483.6101,3400.7229,3459.0439,4918600192
1212456600,3456.5801,3469.063,3409.2261,3436.3979,5664200192
1212543000,3424.0371,3428.467,3341.739,3369.9131,4803800064
1212629400,3355.928,3376.3411,3326.5371,3351.645,4183500032
1212715800,3362.0049,3371.283,3312.7209,3329.6699,3476300032
1213061400,3202.113,3215.501,3045.0581,3072.333,5090999808
1213147800,3042.158,3064.2,2992.3511,3024.24,4693899776
1213234200,3011.5581,3031.064,2900.116,2957.532,4953600000
1213320600,2960.905,2976.45,2865.5,2868.8,4106899968
1213579800,2876.2939,2917.8101,2811.7161,2874.103,4038599936
1213666200,2873.1289,2893.4709,2769.1179,2794.751,4329800192
1213752600,2772.3669,2945.4221,2729.7109,2941.115,6634999808
1213839000,2921.7209,2921.7209,2742.1509,2748.874,5679600128
1213925400,2811.084,2917.325,2695.6279,2831.7361,7415699968
1214184600,2780.1479,2813.137,2741.1899,2760.417,4067000064
1214271000,2747.322,2817.168,2728.8301,2803.019,4838700032
1214357400,2794.04,2910.481,2784.416,2905.0139,6481900032
1214443800,2904.094,2931.3059,2851.116,2901.8501,6551900160
1214530200,2809.3091,2822.2639,2723.158,2748.4319,6053000192
1214789400,2724.4041,2766.803,2693.4041,2736.103,3851899904
1214875800,2743.1641,2753.3301,2644.7759,2651.605,4068100096
1214962200,2656.0381,2700.9031,2627.8979,2651.7251,4018200064
1215048600,2610.8149,2746.3689,2566.5281,2703.5291,6814700032
1215135000,2691.207,2713.4761,2645.8291,2669.8921,5729200128
1215394200,2673.55,2801.5339,2673.55,2792.397,7740599808
1215480600,2805.6079,2843.603,2754.616,2814.947,8020499968
1215567000,2838.863,2920.5459,2838.863,2920.5459,9702599680
1215653400,2879.624,2952.0391,2862.0591,2875.45,9090499584
1215739800,2863.813,2888.2871,2821.311,2856.634,6482100224
1215999000,2837.4951,2895.302,2828.2361,2878.2561,5446600192
1216085400,2886.1121,2896.3279,2769.9141,2779.448,7091500032
1216171800,2753.8979,2765.1479,2656.613,2705.8669,6004400128
1216258200,2747.9509,2773.281,2676.1489,2684.7781,5084199936
1216344600,2711.7419,2785.53,2665.907,2778.3669,5787400192
1216603800,2759.8831,2865.0649,2745.6421,2861.418,6648800256
1216690200,2852.4419,2868.6211,2830.7649,2846.1169,6151900160
1216776600,2870.9341,2887.5759,2831.1111,2837.8491,6149799936
1216863000,2861.8101,2912.7019,2846.1169,2846.1169,7250500096
1216949400,2875.77,2888.5779,2851.929,2865.1011,6253100032
1217208600,2883.761,2924.447,2883.761,2903.012,6231900160
1217295000,2868.0081,2868.0081,2827.697,2850.311,5863199744
1217381400,2884.5859,2894.3689,2822.188,2836.668,4894700032
1217467800,2844.6509,2847.9961,2774.104,2775.717,4453000192
1217554200,2751.02,2830.7639,2721.9519,2801.8169,4921500160
1217813400,2782.9851,2793.2571,2738.8501,2741.74,3716999936
1217899800,2751.2,2762.2629,2684.7339,2690.7461,4237900032
1217986200,2711.6021,2743.113,2678.8621,2719.3679,4060600064
1218072600,2717.502,2742.7051,2691.355,2727.5769,3949199872
1218159000,2724.4299,2725.9309,2595.917,2605.719,4850699776
1218418200,2595.895,2601.502,2453.707,2470.074,4716100096
1218504600,2445.2161,2484.7461,2430.8491,2457.198,3663300096
1218591000,2440.5249,2458.769,2370.7371,2446.2971,4100499968
1218677400,2432.197,2454.251,2409.01,2437.082,3130500096
1218763800,2434.408,2476.8579,2414.573,2450.6101,3129600000
1219023000,2451.7781,2455.5039,2318.926,2319.8679,5365700096
1219109400,2297.2451,2355.929,2284.585,2344.469,3859399936
1219195800,2332.4839,2523.469,2306.6621,2523.282,7373700096
1219282200,2484.4851,2518.4431,2431.0459,2431.7161,6133199872
1219368600,2414.459,2426.707,2362.093,2405.2261,4628499968
1219627800,2408.095,2443.99,2382.291,2413.374,3375699968
1219714200,2384.946,2403.0161,2327.22,2350.084,4097900032
1219800600,2343.8821,2385.991,2310.4551,2342.147,4095300096
1219887000,2341.9561,2374.2461,2333.03,2350.1431,3475300096
1219973400,2361.0459,2420.8479,2352.0991,2397.3689,4640600064
1220232600,2380.468,2380.468,2311.7271,2325.135,3626500096
1220319000,2312.1021,2329.009,2284.9199,2304.8911,3419000064
1220405400,2301.9409,2321.5349,2248.0669,2276.6721,4224999936
1220491800,2270.5239,2295.355,2249.1201,2277.4109,3416300032
1220578200,2224.5271,2238.324,2199.365,2202.446,3860800000
1220837400,2210.344,2220.5459,2135.375,2143.4209,3766899968
1220923800,2152.2771,2161.3501,2114.5029,2145.7791,3072300032
1221010200,2131.8,2185.6941,2102.906,2150.759,3901199872
1221096600,2143.3999,2148.124,2070.427,2078.981,3644199936
1221183000,2077.55,2104.6299,2064.29,2079.6699,3031200000
1221528600,2049.813,2049.813,1974.3879,1986.636,4622300160
1221615000,1971.944,1999.953,1922.6801,1929.047,4585299968
1221701400,1876.1219,1942.8459,1802.3311,1895.837,6633299968
1221787800,2067.6431,2075.0911,2043.316,2075.0911,5843400192
1222047000,2241.7229,2269.7329,2164.7981,2236.4099,13993100288
1222133400,2209.1221,2253.395,2181.96,2201.51,10016499712
1222219800,2133.0979,2218.291,2116.96,2216.811,6454799872
1222306200,2214.584,2333.2771,2211.45,2297.501,10122999808
1222392600,2304.1189,2310.4451,2246.2791,2293.7839,7825900032
1223256600,2267.394,2267.394,2172.5691,2173.738,6093799936
1223343000,2101.093,2182.998,2072.896,2157.8391,5690299904
1223429400,2095.9109,2127.085,2059.0859,2092.2241,5075899904
1223515800,2125.5669,2130.8701,2063.408,2074.583,4507100160
1223602200,1995.957,2027.8311,1963.183,2000.572,5407799808
1223861400,1978.5601,2074.468,1931.472,2073.5681,5663399936
1223947800,2139.0649,2146.73,2016.184,2017.321,6804199936
1224034200,1995.885,2013.491,1963.103,1994.667,4081799936
1224120600,1916.1331,1943.3199,1901.5031,1909.941,5067200000
1224207000,1921.842,1941.299,1902.598,1930.651,3864699904
1224466200,1924.177,1979.839,1890.92,1974.006,4456999936
1224552600,1978.674,1996.658,1956.11,1958.5291,5409699840
1224639000,1932.677,1950.791,1894.3101,1895.822,4831000064
1224725400,1851.259,1879.849,1828.308,1875.561,4783000064
1224811800,1875.631,1888.101,1825.526,1839.621,4624500224
1225071000,1809.225,1809.225,1721.604,1723.351,5053499904
1225157400,1671.396,1786.4351,1664.925,1771.821,5984699904
1225243800,1786.2,1795.087,1719.335,1719.812,5218899968
1225330200,1732.772,1788.204,1710.726,1763.6071,5356100096
1225416600,1754.2061,1765.679,1721.59,1728.786,4022000128
1225675800,1713.7629,1750.319,1702.981,1719.774,3585799936
1225762200,1707.925,1717.101,1678.957,1706.703,3925299968
1225848600,1716.219,1788.2581,1716.219,1760.609,6031799808
1225935000,1720.421,1728.219,1703.099,1717.722,4568099840
1226021400,1686.524,1762.233,1680.6021,1747.713,4680800256
1226280600,1782.3051,1876.162,1782.3051,1874.801,9127300096
1226367000,1872.067,1887.795,1840.916,1843.6071,9087899648
1226453400,1820.439,1863.896,1815.076,1859.11,6587299840
1226539800,1837.274,1942.897,1825.8831,1927.613,12106699776
1226626200,1943.964,1987.261,1921.8361,1986.438,13043900416
1226885400,1981.264,2031.103,1963.854,2030.485,13684100096
1226971800,2020.986,2050.8789,1889.865,1902.4301,15669900288
1227058200,1889.351,2023.911,1883.835,2017.474,12881000448
1227144600,1977.208,2030.868,1956.734,1983.76,13084099584
1227231000,1932.5959,2013.179,1893.147,1969.389,12712299520
1227490200,1961.2061,1974.47,1893.343,1897.0601,8451899904
1227576600,1925.248,1939.369,1858.165,1888.715,6954100224
1227663000,1890.333,1914.708,1873.179,1897.884,6513999872
1227749400,2012.686,2022.483,1916.4659,1917.861,12233700352
1227835800,1901.675,1915.274,1856.286,1871.156,7772199936
1228095000,1865.743,1895.756,1838.1,1894.615,8189000192
1228181400,1856.97,1907.775,1846.533,1889.6379,10428900352
1228267800,1903.429,1965.83,1902.9399,1965.4139,13491600384
1228354200,1992.72,2055.207,1985.198,2001.504,17595199488
1228440600,1984.2581,2019.748,1975.7111,2018.656,11848999936
1228699800,2049.1621,2091.2839,2038.189,2090.7729,16497300480
1228786200,2100.772,2100.8059,2036.889,2037.74,14533399552
1228872600,2025.027,2079.552,2005.558,2079.1169,12825100288
1228959000,2072.5769,2087.196,2028.726,2031.681,12169700352
1229045400,2014.58,2023.177,1932.272,1954.215,10814799872
1229304600,1977.028,1989.303,1936.561,1964.374,8153699840
1229391000,1948.859,1976.719,1907.826,1975.006,7832900096
1229477400,1983.8361,2003.375,1971.816,1976.819,9724699648
1229563800,1978.974,2016.569,1958.975,2015.694,9216000000
1229650200,2006.208,2038.657,1997.12,2018.463,10218300416
1229909400,2016.454,2016.454,1965.354,1987.755,8682099712
1229995800,1990.049,1990.049,1895.178,1897.225,9898600448
1230082200,1873.577,1887.314,1850.855,1863.8,7449600000
1230168600,1865.7209,1877.7679,1832.355,1852.4189,6456600064
1230255000,1852.911,1866.63,1840.191,1851.5179,5325599744
1230514200,1846.304,1856.334,1815.407,1850.48,5502099968
1230600600,1851.9091,1862.937,1826.98,1832.91,5646600192
1230687000,1834.949,1844.3669,1814.752,1820.8051,5039600128
1231119000,1849.02,1880.7159,1844.094,1880.7159,6713699840
1231205400,1878.827,1938.6899,1871.9709,1937.145,9906700288
1231291800,1938.974,1948.233,1920.515,1924.012,9235999744
1231378200,1890.2419,1894.171,1862.2629,1878.181,8037400064
1231464600,1875.1639,1909.349,1875.1639,1904.861,7122500096
1231723800,1897.703,1924.441,1886.833,1900.347,8364599808
1231810200,1880.868,1888.309,1861.811,1863.3669,7383600128
1231896600,1862.3101,1929.276,1862.309,1928.869,8791799808
1231983000,1912.772,1937.728,1902.542,1920.2061,11598399488
1232069400,1928.922,1984.728,1928.922,1954.438,13297300480
1232328600,1971,2018.51,1966.188,1986.672,10940099584
1232415000,1981.147,1994.809,1956.1021,1994.1071,7456500224
1232501400,1965.944,2007.911,1960.5291,1985.016,8728899584
1232587800,1996.0861,2009.851,1980.438,2004.951,8828399616
1232674200,2001.172,2008.788,1986.348,1990.657,8596799488
1233538200,2008.134,2012.7419,1987.129,2011.683,8476599808
1233624600,2011.77,2060.925,2005.022,2060.8081,13440799744
1233711000,2068.0859,2108.2571,2067.7859,2107.749,15178600448
1233797400,2106.835,2149.4761,2082.5959,2098.0181,16535199744
1233883800,2102.0779,2185.0859,2102.0779,2181.239,16085999616
1234143000,2211.3169,2238.894,2196.708,2224.7141,19231299584
1234229400,2218.489,2266.3979,2197.0071,2265.1609,17258700800
1234315800,2230.49,2305.7051,2218.2971,2260.8201,20932800512
1234402200,2265.7891,2274.2009,2191.887,2248.0911,17397700608
1234488600,2249.1851,2323.1201,2236.178,2320.792,19971600384
1234747800,2338.7581,2389.8779,2328.179,2389.387,21142800384
1234834200,2387.354,2402.8069,2316.9341,2319.4409,19811799040
1234920600,2271.26,2295.741,2206.062,2209.8621,16246200320
1235007000,2224.49,2247.616,2190.4729,2227.125,12984399872
1235093400,2234.365,2262.332,2206.2109,2261.478,12893800448
1235352600,2249.2891,2313.594,2219.7141,2305.7771,16028900352
1235439000,2273.7549,2295.5901,2193.2681,2200.6541,18385299456
1235525400,2222.5061,2234.0181,2142.6011,2206.574,15237699584
1235611800,2201.6721,2237.5471,2102.3459,2121.251,14863899648
1235698200,2100.063,2123.2439,2064.918,2082.8521,12290499584
1235957400,2066.229,2102.1121,2052.9919,2093.447,8746300416
1236043800,2047.213,2088.6279,2037.024,2071.4309,9778199552
1236130200,2076.616,2201.7271,2076.616,2198.1069,15481100288
1236216600,2220.1499,2241.761,2173.491,2221.0759,18244100096
1236303000,2180.7881,2221.04,2171.668,2193.0071,12386299904
1236562200,2205.7461,2232.6741,2116.4529,2118.748,12430100480
1236648600,2097.1389,2159.2681,2088.1621,2158.5681,8393999872
1236735000,2199.9829,2203.5339,2133.1411,2139.0249,10372299776
1236821400,2127.7261,2136.7949,2086.0181,2133.8811,8721300480
1236907800,2148.418,2166.022,2124.979,2128.8479,8350499840
1237167000,2122.408,2158.8999,2108.6121,2153.291,7338299904
1237253400,2156.7739,2225.1919,2151.7759,2218.3259,13080500224
1237339800,2227.981,2255.009,2221.5879,2223.7251,14699499520
1237426200,2227.344,2268.144,2220.1641,2265.759,14582200320
1237512600,2272.437,2294.1169,2250.405,2281.0869,15052399616
1237771800,2286.2461,2329.1831,2276.8101,2325.48,16005999616
1237858200,2359.679,2369.4541,2327.4299,2338.4199,16272700416
1237944600,2333.1631,2355.6899,2291.3589,2291.5549,14484200448
1238031000,2296.0471,2362.0481,2274.895,2361.7041,15855699968
1238117400,2380.626,2392.769,2361.0911,2374.438,18652798976
1238376600,2377.9641,2380.1941,2348.5271,2358.04,13988100096
1238463000,2313.8831,2375.7119,2299.158,2373.2129,14269500416
1238549400,2380.979,2422.625,2380.979,2408.0171,17985800192
1238635800,2417.217,2450.0029,2417.1111,2425.291,18838599680
1238722200,2446.124,2456.811,2406.4961,2419.7781,17025200128
1239067800,2422.1001,2449.5371,2407.5061,2439.1819,12420899840
1239154200,2429.8789,2435.3879,2346.5371,2347.385,14680899584
1239240600,2345.009,2380.9351,2331.877,2379.876,11323499520
1239327000,2400.0139,2444.981,2392.8,2444.2261,15749099520
1239586200,2468.083,2522.4451,2464.061,2513.7009,19134500864
1239672600,2512.009,2532.0891,2495.3369,2527.1809,16517999616
1239759000,2514.5911,2542.54,2485.926,2536.0559,18108600320
1239845400,2542.3359,2549.312,2497.1221,2534.134,18616299520
1239931800,2524.626,2539.3521,2481.8989,2503.9351,16159399936
1240191000,2500.1731,2559.0359,2497.321,2557.4561,14790400000
1240277400,2523.262,2552.5979,2499.6011,2535.8279,16462199808
1240363800,2548.105,2579.218,2449.895,2461.3459,19398400000
1240450200,2440.676,2474.146,2422.7891,2463.9541,12611999744
1240536600,2477.156,2481.5271,2445.6641,2448.595,11379699712
1240795800,2443.436,2452.928,2393.1621,2405.3479,11300800512
1240882200,2382.884,2411.438,2372.343,2401.438,9481499648
1240968600,2401.658,2477.7251,2395.4829,2468.1919,12653100032
1241055000,2477.928,2491.072,2461.365,2477.5691,13115400192
1241400600,2486.6851,2560.5439,2486.2251,2559.9109,15336999936
1241487000,2577.429,2590.7759,2552.3899,2567.3369,15842199552
1241573400,2563.564,2596.925,2552.6321,2592.52,16070899712
1241659800,2612.123,2622.1121,2566.1211,2597.447,18181099520
1241746200,2586.759,2634.061,2574.572,2625.645,16192100352
1242005400,2646.2871,2663.95,2579.7471,2579.7471,17824800768
1242091800,2562.363,2619.6919,2558.9629,2618.1721,12300600320
1242178200,2629.031,2670.2129,2608.3169,2663.7661,14583600128
1242264600,2631.4451,2651.488,2610.2229,2639.887,12476199936
1242351000,2646.8911,2661.366,2623.364,2645.2629,11089000448
1242610200,2632.5691,2656.844,2589.613,2652.7791,11904900096
1242696600,2679.396,2688.1121,2660.5601,2676.6819,14746600448
1242783000,2680.5471,2686.345,2651.011,2651.4141,13824600064
1242869400,2639.1411,2663.2271,2598.8689,2610.6221,13892700160
1242955800,2595.988,2617.749,2578.593,2597.6011,9914699776
1243215000,2555.342,2618.3589,2538.6221,2610.01,11200100352
1243301400,2615.0061,2618.8,2585.9099,2588.575,11451499520
1243387800,2601.24,2635.313,2592.7939,2632.9299,10316800000
1243819800,2668.3999,2726.7161,2668.3999,2721.28,14796000256
1243906200,2739.4419,2750.8799,2713.4661,2724.302,15635600384
1243992600,2722.2661,2778.6831,2717.863,2778.5891,15568199680
1244079000,2753.248,2778.2419,2728.199,2767.2439,17087899648
1244165400,2783.8589,2791.6489,2750.377,2753.8911,14664800256
1244424600,2753.345,2795.1489,2729.0281,2768.3359,13323100160
1244511000,2766.51,2788.366,2721.854,2787.887,13260199936
1244597400,2796.9031,2820.575,2789.9961,2816.2471,14526699520
1244683800,2812.2791,2828.739,2787.449,2797.3201,13411500032
1244770200,2793.968,2812.679,2722.217,2743.762,12769500160
1245029400,2743.031,2790.9771,2727.739,2789.5491,10622499840
1245115800,2762.741,2797.4829,2753.6941,2776.022,10338299904
1245202200,2771.521,2813.613,2744.218,2810.123,11078400000
1245288600,2812.989,2855.415,2810.853,2853.9031,13884300288
1245375000,2861.177,2886.499,2847.3579,2880.4919,15302299648
1245634200,2900.572,2923.2361,2884.1311,2896.302,14697199616
1245720600,2853.491,2941.0549,2841.9021,2892.697,14446499840
1245807000,2889.0459,2923.47,2880.2849,2922.2991,14057400320
1245893400,2926.6201,2946.8979,2909.0901,2925.0459,11961299968
1245979800,2930.502,2937.614,2910.345,2928.2109,10956099584
1246239000,2930.313,2976.9221,2918.3899,2975.314,12854400000
1246325400,2990.1179,2997.272,2953.364,2959.3621,12581399552
1246411800,2950.1689,3009.7061,2947.6899,3008.1499,13825000448
1246498200,3015.0769,3062.564,3015.0769,3060.2539,16195999744
1246584600,3035.814,3088.8621,3029.5459,3088.3669,15946800128
1246843800,3091.478,3128.3101,3090.0991,3124.667,18323699712
1246930200,3118.2681,3130.0669,3077.4761,3089.45,17877600256
1247016600,3057.46,3097.9641,3011.2141,3080.7739,15548900352
1247103000,3073.5181,3123.51,3064.209,3123.0349,16728800256
1247189400,3124.7891,3140.0439,3099.9871,3113.9319,16116200448
1247448600,3098.9561,3112.875,3076.302,3080.5559,15660999680
1247535000,3088.5801,3147.592,3088.5801,3145.157,16168800256
1247621400,3156.625,3188.9099,3156.625,3188.551,19591100416
1247707800,3209.7749,3221.0681,3175.957,3183.7419,19122999296
1247794200,3181.063,3197.231,3158.5659,3189.741,16469099520
1248053400,3203.8879,3269.1799,3192.9041,3266.9199,19887099904
1248139800,3275.667,3279.5869,3207.501,3213.2061,19756599296
1248226200,3207.9871,3301.427,3207.2571,3296.615,16821300224
1248312600,3301.103,3331.063,3289.2241,3328.49,16639800320
1248399000,3343.7561,3398.0491,3306.9109,3372.603,18973900800
1248658200,3377.7161,3435.9331,3376.2859,3435.2119,19762399232
1248744600,3434.3201,3439.9241,3392.428,3438.3711,20424599552
1248831000,3419.991,3454.019,3174.2141,3266.4319,27580100608
1248917400,3281.2029,3336.6399,3215.7529,3321.5601,19800999936
1249003800,3354.679,3414.145,3333.718,3412.062,19371399168
1249263000,3429.6931,3465.1731,3398.448,3462.5901,20081399808
1249349400,3477.1121,3478.01,3404.8181,3471.4419,21148999680
1249435800,3467.0471,3468.0969,3385.4241,3428.501,20250300416
1249522200,3401.479,3419.7439,3309.606,3356.3301,17482700800
1249608600,3352.6589,3374.4609,3244.1011,3260.6899,15315999744
1249867800,3287.759,3307.885,3201.0601,3249.76,12668399616
1249954200,3261.406,3273.021,3222.707,3264.7261,10375199744
1250040600,3255.9851,3255.9861,3104.5649,3112.719,13444700160
1250127000,3112.573,3150.365,3060.1189,3140.5601,11693400064
1250213400,3138.146,3146.0049,3039.3049,3046.9719,12581600256
1250472600,2994.866,3020.2639,2867.394,2870.6299,12505900032
1250559000,2845.335,2920.6389,2827.113,2910.884,10625200128
1250645400,2916.095,2929.063,2761.395,2785.584,11446899712
1250731800,2798.3701,2914.6399,2798.3701,2911.582,11003899904
1250818200,2905.053,2969.521,2883.2729,2960.771,12679000064
1251077400,2982.1919,3004.9041,2944.9231,2993.429,12287599616
1251163800,2980.1001,2980.1001,2823.637,2915.803,14523599872
1251250200,2889.7351,2995.803,2872.2639,2967.595,13042499584
1251336600,2947.8269,2988.0281,2909.8931,2946.395,13674600448
1251423000,2938.4231,2949.4319,2843.1089,2860.688,12304900096
1251682200,2817.6289,2817.6289,2662.9971,2667.7451,11824600064
1251768600,2649.168,2727.0769,2639.759,2683.7241,9804300288
1251855000,2681.3301,2729.7061,2669.217,2714.9741,8393500160
1251941400,2722.3049,2854.1609,2715.6189,2845.0239,12988999680
1252027800,2841.1709,2875.9829,2827.5759,2861.6089,12888999936
1252287000,2877.6221,2919.3501,2860,2881.116,13118300160
1252373400,2865.6951,2931.23,2831.8521,2930.4751,12792899584
1252459800,2944.1741,2962.2871,2900.1111,2946.259,13075399680
1252546200,2934.958,2958.9541,2911.2119,2924.8831,10589500416
1252632600,2917.1931,2999.3279,2915.9041,2989.792,12324700160
1252891800,2990.9331,3033.083,2984.835,3026.741,14371099648
1252978200,3029.0969,3050.426,2999.4331,3033.728,14446799872
1253064600,3027.5061,3028.564,2960.5911,2999.71,14741600256
1253151000,3015.5859,3064.2339,3015.5859,3060.26,16074000384
1253237400,3063.3091,3068.0281,2940.8301,2962.667,16807700480
1253496600,2937.926,2968.7009,2871.646,2967.011,13623199744
1253583000,2956.1289,2982.895,2896.937,2897.553,12407499776
1253669400,2897.8081,2924.198,2825.8589,2842.7209,10762600448
1253755800,2824.583,2886.2561,2783.106,2853.554,10254100480
1253842200,2836.699,2864.075,2812.918,2838.842,7516800000
1254101400,2844.3701,2857.948,2752.7729,2763.5249,7187500032
1254187800,2763.7639,2779.6909,2712.2991,2754.54,7356599808
1254274200,2772.5691,2803.8579,2763.7119,2779.426,6483299840
1255051800,2840.1311,2912.55,2834.6179,2911.7151,8554699776
1255311000,2927.021,2932.0779,2893.573,2894.4829,8818700288
1255397400,2889.7881,2937.824,2886.959,2936.1909,7999799808
1255483800,2945.6689,3010.6111,2943.7419,2970.532,12963000320
1255570200,2994.8899,3014.26,2967.1079,2979.7881,9861799936
1255656600,2992.7451,3008.179,2931.9199,2976.6331,9222299648
1255915800,2974.644,3039.605,2962.3069,3038.2729,12061599744
1256002200,3062.551,3084.9441,3053.6431,3084.4541,14365100032
1256088600,3080.52,3105.5139,3062.5601,3070.5891,13548300288
1256175000,3068.678,3080.6631,3045.033,3051.4121,10303099904
1256261400,3057.387,3123.4629,3057.387,3107.8469,13860100096
1256520600,3114.2939,3123.364,3083.1831,3109.5659,11482600448
1256607000,3086.0911,3086.0911,3020.4939,3021.459,12088699904
1256693400,3014.1819,3038.0591,2974.2581,3031.3291,10097300480
1256779800,2975.199,2993.4351,2952.0139,2960.4661,11028200448
1256866200,3007.25,3027.1311,2983.9299,2995.8479,10479200256
1257125400,2933.8169,3077.907,2923.5249,3076.6489,13728600064
1257211800,3085.7439,3121.2019,3078.9441,3114.2271,15055200256
1257298200,3119.313,3141.4529,3096.354,3128.5371,14536999936
1257384600,3133.5049,3158.718,3122.5239,3155.053,14546599936
1257471000,3176.137,3183.574,3156.9929,3164.0371,16349100032
1257730200,3162.146,3176.6609,3141.77,3175.585,13918999552
1257816600,3203.1709,3211.105,3176.2549,3178.6101,14244800512
1257903000,3176.311,3186.595,3149.071,3175.1919,12682200064
1257989400,3181.457,3199.8689,3163.0779,3172.9451,13803299840
1258075800,3164.6499,3189.0911,3127.502,3187.647,15114699776
1258335000,3206.428,3275.5491,3206.428,3275.0481,20037900288
1258421400,3291.0439,3298.3789,3275.3049,3282.8889,16603700224
1258507800,3287.2649,3315.8721,3274.2119,3303.2339,15866399744
1258594200,3311.188,3329.0281,3285.8049,3320.6121,17461999616
1258680600,3309.376,3332.531,3280.1841,3308.3459,17607399424
1258939800,3312.9741,3339.3049,3305.502,3338.6631,16953199616
1259026200,3352.22,3361.386,3214.0259,3223.5259,25021200384
1259112600,3214.8149,3291.1731,3188.019,3290.165,18902700032
1259199000,3296.0139,3305.3269,3160.3501,3170.98,21797900288
1259285400,3137.2971,3169.7549,3080.885,3096.2649,14880300032
1259544600,3114.29,3195.8789,3114.29,3195.301,13886000128
1259631000,3191.0581,3240.6609,3173.416,3235.363,16528000000
1259717400,3252.979,3278.27,3245.9641,3269.752,17505099776
1259803800,3267.9951,3270.3669,3227.772,3264.6279,15921999872
1259890200,3256.614,3319.1289,3214.8401,3317.0439,21594499072
1260149400,3313.0601,3334.011,3302.134,3331.897,13987600384
1260235800,3330.3259,3330.3821,3260.6709,3296.6641,13706600448
1260322200,3258.0029,3284.645,3228.2041,3239.5681,11509499904
1260408600,3258.354,3276.126,3225.562,3254.2639,9430700032
1260495000,3260.448,3280.939,3242.373,3247.3181,9154299904
1260754200,3246.9509,3315.0339,3178.229,3302.9041,11824300032
1260840600,3283.5979,3303.176,3267.9351,3274.46,10148500480
1260927000,3262.8621,3299.3311,3246.6069,3255.2129,10387399680
1261013400,3261.6079,3272.9751,3176.626,3179.0779,10564700160
1261099800,3154.8149,3169.582,3108.03,3113.886,10186600448
1261359000,3108.0669,3123.9861,3088.0029,3122.9729,7456799744
1261445400,3126.615,3129.314,3039.8579,3050.52,8508100096
1261531800,3048.199,3078.8369,3041.3479,3073.7771,8005799936
1261618200,3080.874,3156.531,3075.1069,3153.4099,10240600064
1261704600,3149.2261,3154.7739,3128.1499,3141.353,8454600192
1261963800,3148.8601,3202.0869,3148.8601,3188.7849,9121200128
1262050200,3190.1721,3212.5161,3166.7581,3211.761,10261300224
1262136600,3211.8279,3267.001,3206.217,3262.6001,12945600512
1262223000,3264.998,3282.2109,3250.0259,3277.1389,11651999744
1262568600,3289.75,3295.28,3243.3201,3243.76,10944799744
1262655000,3254.468,3290.512,3221.4619,3282.179,12611500032
1262741400,3277.5171,3295.8679,3253.0439,3254.2151,12365100032
1262827800,3253.991,3268.8191,3176.707,3192.7759,12865300480
1262914200,3177.259,3198.9199,3149.0171,3195.9971,9837700096
1263173400,3301.6111,3306.751,3197.3279,3212.75,13632700416
1263259800,3205.7051,3275.2019,3180.085,3273.9661,14065500160
1263346200,3204.9761,3232.8181,3165.4851,3172.658,15834399744
1263432600,3183.3811,3219.0161,3165.5959,3215.55,13595499520
1263519000,3217.1899,3241.8149,3197.2209,3224.1521,12054099968
1263778200,3213.637,3238.2419,3202.207,3237.0979,13506700288
1263864600,3242.2161,3268.8059,3236.8391,3246.874,12994400256
1263951000,3252.0371,3255.1279,3148.334,3151.8501,15824300032
1264037400,3154.189,3176.147,3126.9021,3158.863,11433700352
1264123800,3118.7241,3147.8291,3062.6289,3128.5879,13775899648
1264383000,3103.3201,3136.999,3092.926,3094.4109,7836199936
1264469400,3094.8479,3107.198,3001.9561,3019.394,9350700032
1264555800,3020.54,3028.647,2972.627,2986.6069,7655199744
1264642200,2985.2141,3006.0391,2963.8911,2994.1431,7336600064
1264728600,2979.7429,3024.8479,2968.4529,2989.292,8047600128
1264987800,2981.374,2981.374,2912.887,2941.3601,8814699520
1265074200,2955.7529,2990.748,2930.5591,2934.7129,8248600064
1265160600,2945.0339,3005.1311,2890.021,3003.835,10102299648
1265247000,2983.05,3015.126,2968.6799,2995.3081,9991799808
1265333400,2936.197,2959.2329,2918.9089,2939.4021,9727500288
1265592600,2936.4519,2954.2661,2922.187,2935.1741,6329999872
1265679000,2932.0901,2957.4741,2929.21,2948.842,6228199936
1265765400,2967.1379,2983.179,2958.217,2982.5,5558799872
1265851800,2985.082,3001.636,2976.0791,2985.499,5664600064
1265938200,2996.0879,3018.8579,2993.437,3018.1331,5609200128
1266802200,3016.7029,3026.6589,3002.811,3003.3979,6850500096
1266888600,2998.907,2998.907,2938.7529,2982.575,8039300096
1266975000,2964.9839,3023.739,2955.0691,3022.177,9291899904
1267061400,3026.656,3063.0039,3022.373,3060.6179,11967099904
1267147800,3053.498,3067.5249,3041.689,3051.9431,10129600512
1267407000,3057.0061,3093.095,3054.554,3087.842,11103899648
1267493400,3089.7061,3095.9919,3060.9561,3073.1079,10532800512
1267579800,3074.0991,3098.4561,3061.467,3097.0049,11715699712
1267666200,3098.0691,3102.3979,3016.2151,3023.373,12638400512
1267752600,3026.6389,3044.165,3011.0879,3031.0649,9226000384
1268011800,3036.415,3058.832,3030.905,3053.2319,8101199872
1268098200,3053.26,3084.8501,3028.6899,3069.1411,9238200320
1268184600,3067.1499,3085.9939,3034.739,3048.927,8461300224
1268271000,3050.644,3070.9351,3025.3091,3051.282,7987200000
1268357400,3051.4741,3057.519,3011.9719,3013.4121,7141899776
1268616600,3010.7219,3013.5171,2963.4939,2976.939,6375000064
1268703000,2974.4871,2993.843,2963.438,2992.8411,5962800128
1268789400,2999.8149,3050.7571,2994.8931,3050.479,8708599808
1268875800,3053.158,3063.5859,3035.019,3046.0891,9137899520
1268962200,3046.749,3069.6621,3031.0229,3067.75,8848100352
1269221400,3069.6599,3083.345,3061.759,3074.5759,9649899520
1269307800,3076.957,3082.9651,3051.2109,3053.125,9286700032
1269394200,3058.928,3076.749,3052.2129,3056.8081,8926600192
1269480600,3051.356,3051.356,3012.3081,3019.176,9019100160
1269567000,3017.2151,3067.707,3009.905,3059.7151,9307799552
1269826200,3076.0481,3130.2791,3071.6899,3123.7981,13189499904
1269912600,3123.832,3132.5759,3113.7671,3128.468,10243200000
1269999000,3129.574,3130.1121,3101.7561,3109.105,10114299904
1270085400,3111.9351,3148.344,3111.9351,3147.416,12677900288
1270171800,3154.77,3159.5979,3141.866,3157.957,12278899712
1270517400,3170.6121,3177.968,3141.9299,3158.6809,11681500160
1270603800,3156.314,3161.0811,3132.2361,3148.2219,10352199680
1270690200,3143.4509,3143.8269,3110.2561,3118.709,11464299520
1270776600,3118.926,3146.459,3114.7881,3145.3469,10542600192
1271035800,3151.8879,3156.2109,3111.8989,3129.2629,13796299776
1271122200,3129.6919,3173.634,3101.4829,3161.251,14398199808
1271208600,3161.551,3167.658,3145.5549,3166.1831,10643600384
1271295000,3168.1389,3181.6631,3135.99,3164.9661,10626400256
1271381400,3159.6721,3159.6721,3121.366,3130.302,8093499904
1271640600,3096.7849,3096.7849,2977.7739,2980.2971,12936099840
1271727000,2980.0811,2998.9131,2941.3501,2979.533,10173200384
1271813400,2984.6179,3034.3269,2972.0959,3033.2781,11630900224
1271899800,3021.2891,3023.6411,2978.457,2999.4839,12172699648
1271986200,2995.5681,3015.6331,2966.7849,2983.5371,10351899648
1272245400,2988.0769,2996.8279,2965.832,2969.5029,8914700288
1272331800,2962.145,2962.145,2866.342,2907.928,10827100160
1272418200,2883.167,2916.676,2865.469,2900.3311,8374900224
1272504600,2912.196,2928.9299,2867.938,2868.4319,8934400000
1272591000,2867.6489,2875.8059,2820.949,2870.6111,8873400320
1272936600,2821.354,2862.5549,2809.1321,2835.2771,6608000000
1273023000,2804.5139,2857.293,2770.3279,2857.1509,9534100480
1273109400,2838.9509,2838.9509,2734.999,2739.7019,9264900096
1273195800,2685.9919,2732.1831,2665.812,2688.3831,9202599936
1273455000,2690.8589,2713.061,2646.5891,2698.7571,8185399808
1273541400,2745.604,2751.0701,2638.533,2647.574,8789699584
1273627800,2628.019,2668.1179,2604.198,2655.7141,8254400000
1273714200,2653.5791,2711.0659,2646.896,2710.5071,8307800064
1273800600,2692.0959,2712.863,2677.1899,2696.6289,7336800256
1274059800,2663.8821,2663.8821,2557.239,2559.9309,8264800256
1274146200,2555.1411,2603.3201,2529.625,2594.783,8279199744
1274232600,2581.6299,2623.959,2554.9839,2587.8069,7137200128
1274319000,2571.54,2609.6389,2551.4519,2555.9399,6639000064
1274405400,2492.575,2584.4519,2481.9741,2583.522,8385600000
1274664600,2596.3181,2680.4929,2596.3181,2673.4231,11249699840
1274751000,2654.3589,2659.74,2609.0859,2622.6299,9326900224
1274837400,2620.853,2644.9409,2610.51,2625.793,6871000064
1274923800,2615.105,2662.0811,2583.5481,2655.918,8788400128
1275010200,2680.4031,2686.542,2641.405,2655.7671,8694800384
1275269400,2647.8679,2665.3899,2591.5349,2592.147,7874400256
1275355800,2577.7629,2598.897,2534.2671,2568.283,7466599936
1275442200,2548.542,2572.343,2521.0569,2571.4231,6486700032
1275528600,2575.77,2596.137,2551.5291,2552.656,6950199808
1275615000,2536.231,2556.969,2527.873,2553.593,5651800064
1275874200,2508.3291,2527.104,2491.6609,2511.729,6569800192
1275960600,2510.084,2531.8821,2491.647,2513.947,6303200256
1276047000,2523.8789,2589.4729,2501.1179,2583.8701,9603099648
1276133400,2561.5491,2581.0471,2554.7871,2562.5801,7458400256
1276219800,2574.8989,2590.979,2566.616,2569.9419,6651899904
1276738200,2588.9651,2595.509,2559.7229,2560.2451,5495699968
1276824600,2556.6021,2568.8611,2505.3269,2513.2219,6721800192
1277083800,2517.292,2587.3401,2504.3149,2586.21,7855399936
1277170200,2579.6311,2598.353,2572.9619,2588.698,6368099840
1277256600,2576.343,2593.6731,2546.52,2569.8721,5877700096
1277343000,2563.6389,2586.8979,2554.342,2566.7451,4885700096
1277429400,2556.54,2572.832,2534.269,2552.8169,5007900160
1277688600,2550.6489,2561.4851,2528.385,2535.2781,4320399872
1277775000,2534.4961,2541.1421,2425.927,2427.053,7374499840
1277861400,2409.542,2411.4409,2382.3579,2398.3701,5521099776
1277947800,2393.947,2410.769,2371.7781,2373.792,4996800000
1278034200,2371.323,2386.3999,2319.739,2382.9009,6832999936
1278293400,2358.7571,2378.0879,2335.571,2363.947,4799600128
1278379800,2358.2839,2409.783,2356.553,2409.4241,6136399872
1278466200,2407.665,2421.679,2392.5669,2421.1169,5611100160
1278552600,2429.676,2436.283,2402.002,2415.1499,5448600064
1278639000,2416.5801,2485.6001,2398.676,2470.9231,8589000192
1278898200,2468.541,2501.0239,2455.814,2490.718,8292199936
1278984600,2468.6899,2468.6899,2439.2429,2450.2859,6632699904
1279071000,2456.103,2494.5891,2456.103,2470.4399,7294600192
1279157400,2465.989,2487.2371,2423.6489,2424.304,10553900032
1279243800,2414.6809,2428.4641,2389.071,2424.271,7079300096
1279503000,2399.5801,2484.1941,2392.2729,2475.4209,8883900416
1279589400,2477.7529,2530.3311,2477.46,2528.73,11859800064
1279675800,2529.6189,2553.4519,2520.1489,2535.394,11424799744
1279762200,2525.9761,2563.239,2522.2009,2562.406,10593399808
1279848600,2566.8511,2579.5229,2549.2371,2572.0281,11437299712
1280107800,2576.3721,2589.4839,2556.4661,2588.6831,9332599808
1280194200,2581.5901,2587.9971,2565.636,2575.3679,8660500480
1280280600,2574.322,2636.002,2564.156,2633.6631,12897999872
1280367000,2635.0481,2656.408,2623.9441,2648.116,13912399872
1280453400,2642.8521,2643.0349,2614.7319,2637.5029,9477399552
1280712600,2635.8069,2675.762,2633.647,2672.5161,11294499840
1280799000,2678.791,2681.7859,2626.7219,2627.002,12797100032
1280885400,2620.499,2638.8979,2589.988,2638.522,11212399616
1280971800,2636.2429,2640.5891,2606.6221,2620.7571,11351400448
1281058200,2618.7129,2659.4121,2598.9131,2658.3921,12092699648
1281317400,2656.364,2676.0901,2650.397,2672.533,11996499968
1281403800,2672.793,2675.313,2594.3359,2595.2739,12700999680
1281490200,2587.615,2618.4509,2586.0181,2607.4971,8694099968
1281576600,2584.9189,2608.761,2570.9629,2575.4751,9267500032
1281663000,2576.687,2607.033,2564.8379,2606.7,8881999872
1281922200,2603.792,2665.314,2596.771,2661.708,12586300416
1282008600,2663.1841,2677.5701,2654.011,2671.8931,12263799808
1282095000,2674.501,2687.76,2654.408,2666.301,13625400320
1282181400,2669.4309,2701.9299,2659.2971,2687.979,12844199936
1282267800,2677.019,2683.2881,2636.908,2642.3069,11617200128
1282527000,2637.8201,2656.116,2629.707,2639.366,8813700096
1282613400,2636.532,2667.1709,2614.563,2650.3069,10724400128
1282699800,2634.95,2645.5029,2595.728,2596.5801,10969600000
1282786200,2604.8821,2616.9619,2590.614,2603.481,8031399936
1282872600,2602.501,2613.4871,2588.6431,2610.7419,7046600192
1283131800,2622.2661,2656.355,2620.1899,2652.6641,11047999488
1283218200,2644.7871,2647.2529,2626.793,2638.7981,11089000448
1283304600,2641.053,2662.876,2604.4871,2622.8821,12716499968
1283391000,2646.8931,2659.978,2636.418,2655.7759,12407600128
1283477400,2658.1289,2660.5391,2631.8511,2655.394,12945699840
1283736600,2667.1951,2698.6011,2664.239,2696.25,14420899840
1283823000,2698.218,2704.9331,2679.0229,2698.363,11223199744
1283909400,2687.7109,2695.845,2674.321,2695.291,11351900160
1283995800,2698.6379,2698.6379,2651.6021,2656.3521,13298899968
1284082200,2657.2351,2667.8369,2628.8291,2663.209,11304099840
1284341400,2665.655,2696.6741,2660.6069,2688.3201,11791899648
1284427800,2694.0691,2703.781,2678.9741,2688.522,12071199744
1284514200,2688.386,2688.49,2645.864,2652.5029,12204000256
1284600600,2646.9209,2653.272,2583.3369,2602.4651,11899799552
1284687000,2607.551,2615.0791,2592.5349,2598.689,8317100032
1284946200,2601.4819,2607.3469,2573.6289,2588.7129,7946999808
1285032600,2593.7629,2601.0991,2580.177,2591.55,5810100224
1285551000,2600.54,2629.0449,2597.1389,2627.967,7684499968
1285637400,2625.3259,2625.3259,2607.0181,2611.354,9311699968
1285723800,2608.9189,2634.124,2603.927,2610.678,8861899776
1285810200,2599.7151,2655.999,2597.5969,2655.658,8958000128
1286501400,2681.2529,2747.8049,2677.9939,2738.7439,13575999488
1286760600,2755.0259,2823.5969,2755.0259,2806.9419,20753500160
1286847000,2795.7639,2843.428,2782.3411,2841.407,16742800384
1286933400,2842.1379,2862.0349,2826.2209,2861.3611,18528200704
1287019800,2881.552,2919.4141,2864.519,2879.636,22946199552
1287106200,2863.738,2971.1599,2858.2161,2971.1599,23656900608
1287365400,2985.4619,3026.0991,2944.7151,2955.2271,26331699200
1287451800,2949.6299,3002.3711,2931.9099,3001.853,17066800128
1287538200,2947.511,3041.1509,2942.5049,3003.9509,20780400640
1287624600,3009.2251,3018.2439,2958.5459,2983.533,16143599616
1287711000,2976.7539,2997.624,2954.6189,2975.043,14707999744
1287970200,2979.7061,3051.5391,2959.2981,3051.4189,19211399168
1288056600,3065.844,3073.384,3017.8181,3041.543,19877900288
1288143000,3031.645,3056.3989,2988.8711,2997.0481,17626800128
1288229400,2989.29,3007.0129,2969.304,2992.5791,14353800192
1288315800,2993.2959,2996.7739,2955.48,2978.835,14711000064
1288575000,2986.886,3054.05,2986.886,3054.021,18624299008
1288661400,3061.6311,3089.5681,3029.324,3045.4341,22494699520
1288747800,3044.022,3069.0659,3017.0979,3030.988,18984800256
1288834200,3035.366,3087.4209,3035.366,3086.939,17685700608
1288920600,3129.8701,3142.5891,3105.9209,3129.4971,21195599872
1289179800,3140.395,3160.699,3124.0911,3159.512,20541800448
1289266200,3159.019,3159.019,3110.343,3135,19245600768
1289352600,3120.4399,3124.2561,3093.8779,3115.356,18505199616
1289439000,3108.511,3186.72,3102.7739,3147.7439,21027500032
1289525400,3121.9221,3150.146,2975.1631,2985.4351,23308500992
1289784600,2984.8721,3016.1311,2939.6799,3014.4131,15315200000
1289871000,3007.6431,3007.6431,2885.7529,2894.5381,17108899840
1289957400,2852.478,2891.052,2824.1211,2838.8569,12378000384
1290043800,2855.605,2873.696,2827.179,2865.4519,10222600192
1290130200,2879.655,2888.75,2806.644,2888.5659,12377799680
1290389400,2861.606,2904.97,2852.7739,2884.3711,12711799808
1290475800,2872.1721,2872.1721,2791.584,2828.282,11631200256
1290562200,2794.864,2861.4851,2794.864,2859.936,11615599616
1290648600,2875.8579,2901.675,2856.9619,2898.261,13160800256
1290735000,2890.2871,2894.4209,2851.957,2871.698,11086600192
1290994200,2861.1489,2878.8269,2841.7949,2866.356,10245300224
1291080600,2863.4121,2881.1599,2758.9241,2820.1809,13932499968
1291167000,2810.543,2834.199,2795.811,2823.449,8126300160
1291253400,2860.4641,2870.8059,2841.4729,2843.6069,10419600384
1291339800,2846.7251,2853.4009,2822.7429,2842.4309,8352099840
1291599000,2850.3821,2871.407,2831.697,2857.178,8977300480
1291685400,2843.7671,2884.53,2809.1101,2875.8611,8678500352
1291771800,2868.7329,2880.5581,2843.9399,2848.5459,8670699520
1291858200,2837.615,2854.7,2808.5061,2810.949,9462299648
1291944600,2798.7361,2850.4221,2792.522,2841.04,8049600000
1292203800,2850.325,2923.7739,2847.658,2922.9541,12887799808
1292290200,2928.3,2933.407,2912.4199,2927.0769,12094499840
1292376600,2927.2639,2939.05,2905.6489,2911.4141,10946199552
1292463000,2908.865,2921.2749,2891.8579,2898.1379,8760599552
1292549400,2896.77,2898.812,2881.0039,2893.74,7367699968
1292808600,2901.47,2911.561,2804.5559,2852.916,11375500288
1292895000,2857.5891,2908.166,2846.6331,2904.115,10682600448
1292981400,2910.731,2917.199,2867.0491,2877.8999,9832599552
1293067800,2874.2019,2893.7109,2849.8359,2855.22,8900200448
1293154200,2841.3459,2853.4861,2813.4961,2835.157,8121699840
1293413400,2842.8069,2876.811,2774.5381,2781.4021,9780700160
1293499800,2768.031,2775.1489,2730.407,2732.99,8433299968
1293586200,2735.4761,2753.0249,2721.479,2751.5271,6394100224
1293672600,2751.9729,2768.126,2724.541,2759.575,7317199872
1293759000,2759.1621,2808.926,2758.1311,2808.0769,8335000064
1294104600,2825.3291,2855.396,2810.1079,2852.6479,11007299584
1294191000,2833.1169,2850.4929,2824.2959,2838.593,10441499648
1294277400,2838.4351,2853.875,2816.9509,2824.197,8470600192
1294363800,2820.665,2868.0049,2807.8701,2838.801,11313000448
1294623000,2832.6221,2847.3579,2786.8611,2792.376,9078099968
1294709400,2783.4761,2810.762,2770.3379,2805.4031,8055399936
1294795800,2811.7849,2828.468,2788.1299,2821.002,7924599808
1294882200,2830.5339,2837.5259,2810.874,2827.627,7488600064
1294968600,2817.0481,2817.0481,2780.438,2790.678,7675400192
1295227800,2772.45,2780.9419,2698.781,2707.1001,9251900416
1295314200,2696.147,2715.406,2683.3669,2709.168,6037700096
1295400600,2707.8159,2759.6021,2700.811,2759.26,7849299968
1295487000,2752.7991,2752.7991,2676.1289,2678.4551,8604699648
1295573400,2668.677,2746.178,2667.2859,2715.946,9563899904
1295832600,2716.5239,2736.1089,2690.6521,2696.719,8792099840
1295919000,2691.6931,2701.0439,2661.448,2677.4319,6948100096
1296005400,2677.1721,2710.738,2676.769,2708.738,6075100160
1296091800,2690.825,2753.001,2677.21,2748.6909,10556900352
1296178200,2741.314,2759.4399,2733.291,2752.9541,8542799872
1296437400,2751.5271,2790.9209,2748.5381,2789.822,9150300160
1296523800,2795.071,2805.0491,2785.2959,2799.3979,7335000064
1297215000,2778.7009,2804.208,2764.8669,2773.1641,8725799936
1297301400,2769.646,2819.063,2760.175,2819.063,9792000000
1297387800,2815.1189,2835.4109,2807.605,2827.7661,10775799808
1297647000,2828.5701,2906.26,2828.5701,2898.9709,15424300032
1297733400,2900.427,2934.467,2892.637,2899.6211,15244999680
1297819800,2893.6819,2924.188,2882.5491,2924.188,12780600320
1297906200,2929.2549,2939.2839,2905.032,2926.9641,13041500160
1297992600,2924.23,2924.23,2890.262,2899.979,11377500160
1298251800,2886.54,2932.8201,2884.1909,2932.7561,11885599744
1298338200,2941.3181,2944.4131,2851.6201,2855.96,15300500480
1298424600,2844.99,2868.4839,2839.1951,2862.634,11108299776
1298511000,2861.3931,2881.5371,2854.564,2879.208,10977300480
1298597400,2876.7771,2890.324,2848.6499,2878.5811,10009400320
1298856600,2880.1699,2906.1689,2861.8169,2905.4561,11870600192
1298943000,2906.2849,2931.5801,2901.552,2919.8491,13655499776
1299029400,2905.5139,2924.9629,2883.5659,2914.2749,13344199680
1299115800,2918.731,2937.5569,2900.761,2903.8259,15048899584
1299202200,2902.1899,2944.459,2898.084,2942.1689,11827699712
1299461400,2952.7219,3000.429,2952.7219,2996.9741,16010600448
1299547800,2996.7271,3001.624,2976.6001,3000.571,12668099584
1299634200,3002.5459,3012.0439,2989.342,3003.1741,12479099904
1299720600,2995.7681,2995.7681,2954.3669,2958.1609,12380000256
1299807000,2942.4189,2966.98,2927.6831,2935.606,11599399936
1300066200,2923.9819,2939.6521,2914.458,2938.908,11691100160
1300152600,2927.9839,2927.9839,2850.9451,2897.0591,15495199744
1300239000,2894.252,2934.0181,2894.252,2931.104,13077699584
1300325400,2906.9551,2935.625,2885.6509,2897.2981,13779800064
1300411800,2920.8059,2930.606,2900.8721,2909.3979,10063699968
1300671000,2913.9131,2927.073,2895.1541,2909.811,9676000256
1300757400,2917.687,2923.3921,2884.751,2919.167,9511700480
1300843800,2919.0161,2950.4221,2911.626,2949.073,11260300288
1300930200,2949.8501,2958.6631,2942.134,2946.6731,10895599616
1301016600,2948.543,2985.083,2946.697,2978.2891,13639600128
1301275800,2985.356,3005.782,2979.196,2984.1331,15601699840
1301362200,2979.865,2994.1731,2953.54,2958.429,16854299648
1301448600,2955.4529,2968.1819,2935.7471,2955.9109,12649400320
1301535000,2954.6531,2961.6299,2914.384,2929.8931,10893599744
1301621400,2932.481,2967.8469,2924.394,2967.0029,9984400384
1302053400,2964.2119,3005.238,2963.8989,3001.2329,14165099520
1302139800,3003.2041,3012.2881,2990.311,3008.071,12473499648
1302226200,3005.3679,3031.0969,2998.3401,3030.104,11433799680
1302485400,3037.9099,3059.5681,3019.885,3022.5371,14718999552
1302571800,3012.7949,3039.124,3003.4451,3023.3259,14599100416
1302658200,3006.8301,3050.4009,2994.4651,3049.926,12820299776
1302744600,3049.667,3058.239,3036.7261,3043.0569,12948700160
1302831000,3036.345,3062.53,3020.156,3050.8069,12853099520
1303090200,3040.531,3067.4561,3037.189,3056.9839,13748899840
1303176600,3038.8069,3038.8069,2996.2219,3000.0779,14189599744
1303263000,3005.9751,3019.123,2992.6721,3007.7661,11974200320
1303349400,3021.77,3035.4709,3012.5439,3027.2129,12151100416
1303435800,3025.699,3032.9651,3004.4651,3010.999,11852600320
1303695000,3003.031,3003.6101,2964.6431,2965.062,11731699712
1303781400,2956.949,2970.2781,2931.502,2939.178,9515499520
1303867800,2946.3269,2961.1331,2907.6621,2925.5259,10549199872
1303954200,2937.947,2953.1931,2884.8391,2887.6699,10523100160
1304040600,2886.6289,2913.5559,2871.01,2912.137,8753399808
1304386200,2911.51,2933.46,2890.2251,2932.188,9640299520
1304472600,2916.845,2916.97,2860.075,2866.929,11148099584
1304559000,2854.7681,2880.125,2849.9099,2873.3811,9108400128
1304645400,2842.7649,2881.7061,2834.4561,2864.1499,9106400256
1304904600,2868.2351,2885.178,2861.4199,2873.0291,8157599744
1304991000,2876.98,2891.0339,2865.104,2889.824,8129699840
1305077400,2890.353,2897.1411,2868.3491,2883.8931,9247699968
1305163800,2864.9761,2876.448,2843.0969,2845.1079,10024099840
1305250200,2846.311,2871.9919,2832.2539,2871.8689,9323899904
1305509400,2864.377,2877.0911,2846.3069,2849.9529,8464799744
1305595800,2846.447,2869.23,2821.2029,2852.7729,9482000384
1305682200,2846.7241,2877.427,2843.676,2872.751,7682699776
1305768600,2879.387,2884.1411,2856.8291,2859.74,7699500032
1305855000,2858.311,2866.7629,2850.4451,2858.384,7074400256
1306114200,2853.2859,2853.2859,2771.1169,2775.52,9862200320
1306200600,2766.0591,2771.748,2744.7771,2767.6111,7485300224
1306287000,2764.5601,2771.177,2737.3301,2742.1689,7440699904
1306373400,2755.394,2764.8899,2734.5359,2735.2129,7874100224
1306459800,2739.387,2746.842,2708.5481,2709.6221,8252100096
1306719000,2704.4851,2728.062,2689.2061,2706.116,6517400064
1306805400,2707.5591,2744.9341,2702.095,2743.7161,6790000128
1306891800,2737.0569,2744.5591,2726.4951,2743.967,6855600128
1306978200,2715.3159,2727.9951,2676.5381,2705.1809,8602099712
1307064600,2701.7729,2732.427,2701.25,2728.2261,6798400000
1307410200,2720.97,2745.77,2717.313,2745.522,6502099968
1307496600,2742.043,2754.1221,2715.25,2750.29,7429499904
1307583000,2743.5391,2747.332,2702.6951,2703.323,8346899968
1307669400,2696.1299,2707.7419,2672.3201,2706.179,7340000256
1307928600,2687.6531,2703.4231,2669.395,2700.6951,6306899968
1308015000,2696.2229,2735.552,2691.6709,2730.051,8309799936
1308101400,2717.677,2730.4761,2705.072,2705.4309,7485700096
1308187800,2685.6321,2691.9441,2663.1201,2664.4199,7092800000
1308274200,2661.4141,2675.0259,2641.3921,2643.647,6444299776
1308533400,2635.834,2637.8831,2610.99,2622.626,6006000128
1308619800,2628.022,2648.0239,2618.8069,2647.6831,6482200064
1308706200,2648.5339,2657.7251,2633.4741,2648.978,5831399936
1308792600,2640.6599,2693.417,2630.3359,2687.5911,7377299968
1308879000,2678.052,2759.71,2674.303,2745.749,12577399808
1309138200,2746.7871,2769.043,2743.4961,2757.7539,10160100352
1309224600,2759.7129,2763.28,2736.3979,2759.9741,8827700224
1309311000,2757.3999,2759.231,2727.2529,2728.4829,8822400000
1309397400,2729.9919,2774.365,2729.9919,2762.78,9096699904
1309483800,2767.834,2778.668,2752.9661,2759.446,9207300096
1309743000,2770.9399,2813.27,2770.9399,2813.0769,12196200448
1309829400,2812.7219,2818.1411,2799.1101,2816.4961,11012400128
1309915800,2811.8149,2811.8149,2780.728,2809.9319,10310400000
1310002200,2813.1931,2825.123,2793.8921,2795.1509,11651200000
1310088600,2797.0259,2807.3799,2784.126,2797.061,8621200384
1310347800,2789.4541,2807.322,2780.665,2803.6641,8606400512
1310434200,2783.7219,2783.7219,2752.186,2755.1731,9667399680
1310520600,2756.032,2797.2661,2756.032,2795.7981,9192899584
1310607000,2798.2119,2811.7041,2788.9829,2811.4871,10450199552
1310693400,2803.5847,2821.3386,2794.1589,2819.3193,10746999808
1310952600,2821.3579,2826.959,2807.1079,2817.313,10810900480
1311039000,2804.9231,2809.3149,2790.6851,2798.323,9274099712
1311125400,2810.436,2817.2849,2779.3811,2795,8403100160
1311211800,2795.896,2799.8521,2763.418,2766.1599,8176099840
1311298200,2769.863,2782.1689,2763.8,2770.2971,7021199872
1311557400,2759.6279,2759.6279,2680.7471,2688.9541,11124200448
1311643800,2685.7539,2704.939,2677.1189,2704.207,7288099840
1311730200,2690.144,2726.801,2680.4331,2724.4419,8040800256
1311816600,2701.771,2712.0901,2684.6609,2709.061,7847499776
1311903000,2706.4971,2721.53,2681.272,2701.7681,7547200000
1312162200,2697.575,2712.8879,2688.5291,2704.5491,5900100096
1312248600,2689.9709,2689.9709,2651.28,2679.667,6999300096
1312335000,2659.1179,2688.0649,2654.364,2678.0991,6398199808
1312421400,2683.1909,2698.8149,2675.5339,2684.136,5887200256
1312507800,2620.2771,2644.5811,2605.137,2627.083,7857200128
1312767000,2599.2891,2614.1899,2497.918,2527.311,11030200320
1312853400,2468.032,2537.4089,2437.6799,2526.2329,10372400128
1312939800,2562.3931,2579.156,2544.9519,2549.199,10036899840
1313026200,2508.8569,2582.155,2505.012,2581.6101,9559700480
1313112600,2593.395,2605.447,2585.8459,2593.926,9717099520
1313371800,2598.1379,2627.104,2584.407,2626.0549,8867699712
1313458200,2627.854,2636.3601,2601.501,2608.2471,8522699776
1313544600,2603.9609,2617.165,2596.0391,2600.979,7010899968
1313631000,2601.99,2603.4851,2556.8589,2559.7771,7098899968
1313717400,2519.645,2538.272,2513.7539,2535.0649,7060700160
1313976600,2534.5701,2553.415,2507.782,2516.8989,6121399808
1314063000,2524.877,2554.178,2514.949,2553.1111,6094400000
1314149400,2562.4109,2569.2781,2536.2561,2541.0649,6546200064
1314235800,2546.4021,2616.304,2545.054,2615.093,10453799936
1314322200,2602.208,2616.636,2593.238,2612.792,7784999936
1314581400,2595.4661,2595.4661,2570.844,2576.7981,7369600000
1314667800,2592.5969,2615.135,2563.689,2566.613,7591099904
1314754200,2566.5291,2574.415,2545.0959,2567.614,5917000192
1314840600,2569.7991,2584.804,2547.855,2555.53,5729099776
1314927000,2551.5559,2557.3101,2517.6179,2529.7571,5443700224
1315186200,2510.1001,2510.1001,2478.1951,2479.812,5503099904
1315272600,2465.5649,2482.2419,2459.543,2471.2661,4922299904
1315359000,2480.9409,2516.7539,2475.218,2516.0901,5966600192
1315445400,2523.9619,2524.376,2498.113,2498.699,5527199744
1315531800,2506.969,2528.4221,2487.144,2498.0969,5125300224
1315877400,2467.73,2477.083,2453.7959,2471.675,4993099776
1315963800,2478.5859,2485.9341,2439.3721,2484.8269,5406600192
1316050200,2482.8589,2496.572,2477.6509,2479.949,5600399872
1316136600,2490.177,2499.481,2475.7581,2481.2871,4798700032
1316395800,2469.6001,2469.6001,2437.165,2438.772,4874699776
1316482200,2433.7209,2460.0339,2426.7029,2448.375,4626599936
1316568600,2450.116,2517.6731,2438.8521,2513.1919,8668900352
1316655000,2491.2119,2499.9761,2442.4609,2443.114,7469499904
1316741400,2411.833,2440.751,2400.1411,2433.615,6730299904
1317000600,2416.2261,2441.729,2384.6399,2392.6089,5742499840
1317087000,2410.99,2423.9131,2395.1641,2416.282,5523100160
1317173400,2427.2891,2430.27,2383.396,2392.281,5575799808
1317259800,2378.4231,2387.5381,2358.572,2364.5471,5919099904
1317346200,2368.3979,2377.541,2348.217,2359.4719,4881800192
1318210200,2363.0779,2368.1489,2338.6851,2345.0991,4174500096
1318296600,2401.738,2412.376,2323.4121,2347.1541,6397599744
1318383000,2335.488,2421.6931,2318.6279,2420.176,9150900224
1318469400,2412.8311,2439.6399,2406.282,2439.1851,8785999872
1318555800,2429.885,2437.594,2409.2881,2430.4829,6067299840
1318815000,2434.4861,2452.99,2424.7261,2440.3979,5826800128
1318901400,2423.282,2425.646,2378.667,2383.063,7952600064
1318987800,2387.8311,2401.688,2374.417,2377.998,5853499904
1319074200,2365.9089,2368.6399,2315.8999,2331.959,6542499840
1319160600,2330.512,2340.3149,2313.782,2317.9309,4843700224
1319419800,2322.02,2371.092,2307.146,2370.7839,7087399936
1319506200,2366.3979,2414.0491,2357.387,2408.9209,9088900096
1319592600,2398.187,2448.981,2394.7329,2428.3169,10744699904
1319679000,2432.4719,2449.7009,2426.3149,2436.072,8240900096
1319765400,2462.085,2483.7581,2456.177,2473.4099,11003299840
1320024600,2470.2539,2478.3069,2455.2051,2468.147,8417299968
1320111000,2450.3311,2491.355,2445.5271,2469.8911,8889199616
1320197400,2437.8701,2505.1211,2433.7151,2504.332,10546799616
1320283800,2510.842,2535.24,2507.2971,2508.0381,13657600000
1320370200,2525.2439,2536.7791,2512.9041,2528.217,10187400192
1320629400,2518.8979,2536.1799,2507.615,2509.792,7886700032
1320715800,2514.259,2524.8201,2500.019,2504.9199,7867299840
1320802200,2512.5869,2527.7029,2489.0249,2524.8989,7820899840
1320888600,2498.594,2507.4519,2478.1389,2479.46,8711100416
1320975000,2483.957,2496.5271,2472.761,2480.3469,6613799936
1321234200,2498.6721,2529.6321,2496.335,2528.7939,8122999808
1321320600,2525.948,2534.0591,2518.7019,2528.9199,7922800128
1321407000,2529.073,2529.458,2456.856,2467.782,9338200064
1321493400,2467.7041,2482.5281,2459.165,2462.1741,6641399808
1321579800,2448.387,2448.51,2411.042,2415.8501,7218100224
1321839000,2416.7319,2419.2439,2396.0859,2415.9189,5016999936
1321925400,2400.9839,2414.8491,2387.8259,2413.894,5144300032
1322011800,2415.197,2418.5601,2390.6541,2395.0071,5054799872
1322098200,2379.146,2409.719,2370.6951,2398.7061,5215399936
1322184600,2393.3269,2403.9419,2372.6221,2380.7671,4536300032
1322443800,2383.8931,2396.8269,2372.156,2386.1389,4606499840
1322530200,2398.9939,2413.3259,2388.2019,2413.0291,5512300032
1322616600,2406.3291,2407.3259,2319.4399,2334.762,7661100032
1322703000,2392.4851,2423.5591,2376.916,2386.5491,9864999936
1322789400,2374.8989,2378.2991,2344.8459,2361.177,5986899968
1323048600,2363.1111,2363.127,2327.6101,2333.2009,5221499904
1323135000,2326.6599,2331.8921,2310.155,2325.948,4591699968
1323221400,2325.562,2339.8469,2317.814,2334.679,4156999936
1323307800,2329.9109,2346.6541,2302.6421,2329.6389,5147400192
1323394200,2315.5129,2331.259,2309.457,2315.345,3998899968
1323653400,2312.1509,2315.811,2290.2639,2292.376,3963300096
1323739800,2283.2229,2285.814,2245.8679,2247.9741,5862700032
1323826200,2241.387,2256.7439,2224.7251,2229.2141,4408000000
1323912600,2215.792,2216.9089,2179.467,2181.521,5671199744
1323999000,2179.509,2225.5371,2170.748,2224.699,5726600192
1324258200,2208.071,2221.448,2164.887,2218.2471,5781799936
1324344600,2209.699,2239.8589,2206.519,2215.626,5276100096
1324431000,2230.1799,2237.4661,2188.71,2191.085,5087699968
1324517400,2178.572,2201.5869,2149.4231,2186.5879,5898599936
1324603800,2183.9109,2219.7859,2178.1411,2204.928,5242100224
1324863000,2193.6589,2213.4529,2186.0701,2190.0491,4361399808
1324949400,2186.709,2196.9719,2162.7229,2166.3491,4571200000
1325035800,2157.6499,2170.6721,2134.0171,2170.238,4963299840
1325122200,2161.1841,2181.9551,2157.115,2173.561,4474899968
1325208600,2177.5171,2200.988,2177.5171,2200.1279,5194399744
1325640600,2211.9951,2217.52,2168.644,2169.7539,4924599808
1325727000,2160.8979,2183.4041,2145.5559,2148.719,5874299904
1325813400,2148.147,2164.322,2132.626,2163.439,5058299904
1326072600,2164.741,2226.218,2148.4529,2225.999,7676000256
1326159000,2221.8311,2288.6279,2218.2749,2286.1931,10958499840
1326245400,2282.9131,2290.644,2265.1851,2276.8269,8444199936
1326331800,2268.739,2295.2241,2265.2561,2276.3479,7157000192
1326418200,2277.0801,2281.532,2225.7361,2244.261,7147400192
1326677400,2230.4331,2241.259,2206.0449,2206.6289,4585999872
1326763800,2206.531,2298.376,2196.1169,2297.2671,8780399616
1326850200,2298.834,2311.5791,2257.8979,2266.823,8993999872
1326936600,2266.0759,2305.707,2259.3369,2296.5029,7249900032
1327023000,2300.5,2322.8911,2293.8931,2319.7371,6992300032
1327887000,2324.4929,2324.4929,2284.291,2286.3469,5841399808
1327973400,2285.9541,2296.384,2277.0559,2292.4761,4873800192
1328059800,2288.0659,2305.863,2263.342,2268.6841,5355400192
1328146200,2273.8501,2312.5559,2268.687,2311.6899,6347200000
1328232600,2306.655,2336.2671,2300.9819,2330.416,7894400000
1328491800,2334.248,2341.575,2317.4221,2331.6021,7573400064
1328578200,2319.4209,2319.708,2278.825,2292.876,6732700160
1328664600,2291.812,2350.9651,2286.8191,2347.012,8711499776
1328751000,2344.2241,2363.613,2333.9341,2349.8521,9803200512
1328837400,2342.011,2368.979,2339.885,2352.7991,9650199552
1329096600,2332.0549,2365.3391,2325.0281,2352.2429,8626400256
1329183000,2348.877,2352.468,2332.2471,2345.377,7312999936
1329269400,2340.4551,2374.282,2335.1011,2367.1819,9886100480
1329355800,2363.897,2373.804,2342.073,2357.425,9505099776
1329442200,2366.6299,2372.512,2344.76,2358.1609,7192500224
1329701400,2383.686,2388.009,2362.012,2363.0171,8891199488
1329787800,2365.4871,2382.146,2345.053,2381.5481,7934900224
1329874200,2380.5029,2404.4419,2374.03,2403.8511,11868399616
1329960600,2401.738,2416.8049,2396.71,2410.2759,11255400448
1330047000,2410.8811,2439.9771,2405.2739,2439.469,13490299904
1330306200,2447.406,2478.375,2444.6289,2446.981,15807299584
1330392600,2440.9141,2458.6509,2431.8279,2452.2939,11836199936
1330479000,2446.228,2453.0659,2426.3291,2428.0439,9553699840
1330565400,2418.7871,2437.874,2418.334,2427.615,7508299776
1330651800,2430.0969,2461.1211,2430.0969,2459.938,10322799616
1330911000,2464.8491,2469.8411,2442.115,2445.905,11269300224
1330997400,2439.7791,2442.001,2406.0559,2411.2549,10370899968
1331083800,2391.2019,2413.6951,2388.519,2395.0669,9479100416
1331170200,2401.1021,2426.698,2401.1021,2419.936,9678199808
1331256600,2425.885,2440.511,2414.9651,2439.49,10062399488
1331515800,2438.5459,2440.8569,2420.8401,2434.5491,10622300160
1331602200,2432.843,2457.22,2428.6089,2456.354,10465000448
1331688600,2464.915,2476.2161,2382.8359,2392.272,17978599424
1331775000,2388.063,2403.7419,2366.0239,2374.3201,12002499584
1331861400,2377.7571,2406.1479,2368.311,2405.106,10367599616
1332120600,2401.217,2412.3359,2383.6741,2410.499,10215300096
1332207000,2407.542,2407.542,2376.031,2377.5039,9790400512
1332293400,2384.709,2396.7219,2361.2219,2378.8879,9568700416
1332379800,2376.991,2386.0991,2364.1299,2376.457,7934900224
1332466200,2369.0769,2371.262,2342.1189,2351.1909,7686199808
1332725400,2349.0859,2357.9961,2339.1411,2350.8511,5542799872
1332811800,2358.5449,2363.7661,2344.304,2347.804,6088099840
1332898200,2341.0029,2341.4199,2281.4331,2285.5391,8364499968
1332984600,2276.74,2280.958,2242.345,2252.167,7424799744
1333071000,2256.042,2266.208,2246.2451,2262.3899,6202399744
1333589400,2258.031,2303.824,2251.3931,2302.655,8010100224
1333675800,2299.0549,2309.6399,2291.5591,2306.553,7213700096
1333935000,2300.051,2304.6499,2284.4419,2285.3579,5976099840
1334021400,2281.0239,2306.387,2258.853,2306.092,6734600192
1334107800,2286.7161,2319.053,2280.0349,2308.6831,7512999936
1334194200,2310.4839,2351.0549,2307.8411,2350.0801,9768800256
1334280600,2351.5129,2369.7009,2346.9441,2359.1521,9877399552
1334539800,2346.3069,2364.1111,2342.199,2356.282,8532299776
1334626200,2355.3689,2363.0129,2333.3411,2334.1621,8468800000
1334712600,2341.135,2383.6399,2337.856,2380.8479,10861299712
1334799000,2378.6321,2386.978,2369.459,2378.7151,9427200000
1334885400,2374.6621,2407.2939,2372.1299,2406.5081,11552199680
1335144600,2403.521,2411.51,2383.0681,2389.501,12290799616
1335231000,2380.2361,2415.749,2350.3989,2389.071,13372199936
1335317400,2382.2109,2411.4209,2376.626,2406.4651,13097299968
1335403800,2408.5569,2414.7529,2393.2649,2404.541,11553000448
1335490200,2402.4309,2408.4199,2393.8669,2396.2771,9122799616
1335922200,2421.082,2446.3501,2407.7871,2438.2639,12800600064
1336008600,2433.5891,2441.9529,2427.728,2440.054,10224799744
1336095000,2437.4651,2453.731,2427.969,2452.3469,10220499968
1336354200,2441.7571,2451.947,2432.7361,2451.1221,10883000320
1336440600,2451.575,2451.5979,2431.0249,2448.761,10485600256
1336527000,2432.4719,2432.4719,2407.5081,2409.313,9790199808
1336613400,2409.9451,2419.1211,2402.2041,2410.678,8169800192
1336699800,2406.074,2415.9771,2393.3779,2395.3999,7486400000
1336959000,2408.262,2411.271,2377.9829,2381.7839,9052600320
1337045400,2367.083,2376.594,2354.614,2374.821,7792300032
1337131800,2369.2949,2372.032,2344.5,2346.2471,7673399808
1337218200,2347.177,2383.3059,2342.3521,2379.0149,8686999552
1337304600,2364.8989,2369.5979,2338.241,2345.425,8968899584
1337563800,2343.575,2360.386,2330.325,2348.4861,7484000256
1337650200,2355.7319,2374.0559,2354.8679,2373.9541,7678000128
1337736600,2369.2649,2378.0769,2350.5481,2364.314,8421700096
1337823000,2359.6819,2373.0569,2344.5801,2352.0491,7920699904
1337909400,2350.541,2355.8081,2327.408,2334.0139,7401900032
1338168600,2325.3169,2361.7439,2309.072,2361.1021,9496200192
1338255000,2361.0029,2393.2791,2358.374,2389.25,11715800064
1338341400,2385.3921,2391.6909,2378.1331,2383.343,8981000192
1338427800,2370.0071,2382.989,2362.314,2373.054,7789000192
1338514200,2373.2241,2388.0859,2365.4419,2374.3291,7702199808
1338773400,2346.9839,2348.199,2308.229,2309.583,9017900032
1338859800,2313.741,2323.2981,2304.0459,2311.5391,6607900160
1338946200,2315.561,2323.113,2301.0349,2309.616,5853199872
1339032600,2324.6721,2328.6721,2288.665,2293.509,6023199744
1339119000,2306.218,2306.8821,2276.7141,2281.5139,6792500224
1339378200,2282.8911,2311.772,2278.1631,2305.1541,6419800064
1339464600,2295.0701,2298.95,2280.9509,2290.689,5994200064
1339551000,2289.707,2319.7141,2284.6499,2319.5769,7845400064
1339637400,2306.781,2314.585,2293.0649,2296.301,7163400192
1339723800,2299.781,2314.2419,2283.3999,2308.2461,6868800000
1339983000,2313.53,2325.052,2309.709,2316.604,6059500032
1340069400,2313.4541,2313.4541,2298.394,2301.0039,6013599744
1340155800,2300.406,2304.458,2291.541,2294.542,5410400256
1340242200,2288.4541,2288.4541,2253.7891,2262.019,5899200000
1340587800,2253.5139,2253.5139,2223.054,2224.7219,5976900096
1340674200,2214.6489,2229.24,2203.9441,2221.884,5294099968
1340760600,2219.9441,2233.543,2213.323,2216.8181,5104900096
1340847000,2220.2361,2224.155,2195.356,2195.97,5418200064
1340933400,2190.575,2226.4851,2188.7161,2225.7759,6144200192
1341192600,2234.3201,2234.873,2215.3579,2225.4961,6219599872
1341279000,2225.5681,2244.832,2219.05,2229.1179,6270300160
1341365400,2233.335,2239.269,2219.448,2226.7549,5527399936
1341451800,2218.2161,2218.2161,2192.6479,2200.9619,5796800000
1341538200,2203.73,2227.4729,2185.522,2224.554,7655799808
1341797400,2210.7141,2216.697,2168.6079,2171.324,7511099904
1341883800,2166.947,2178.1951,2156.7261,2164.8931,5899400192
1341970200,2160.02,2176.491,2156.5959,2176.491,5861400064
1342056600,2172.064,2197.0439,2152.675,2185.3401,8213400064
1342143000,2180.1721,2198.6609,2177.9231,2185.7329,5754699776
1342402200,2187.887,2188.063,2146.1531,2147.9551,6748800000
1342488600,2142.4299,2165.335,2141.481,2161.186,5518400000
1342575000,2159.8569,2170.2959,2138.792,2169.0991,6655300096
1342661400,2164.2739,2197.79,2159.9431,2184.8411,7933799936
1342747800,2180.012,2185.7329,2162.064,2168.6379,6434699776
1343007000,2154.1709,2154.1709,2135.563,2141.4009,5567699968
1343093400,2132.3169,2158.948,2131.0129,2146.5879,5441099776
1343179800,2141.0359,2151.45,2132.833,2136.1509,4857600000
1343266200,2134.9871,2147.6641,2124.155,2126.0039,5288399872
1343352600,2132.0081,2139.1531,2120.6299,2128.7649,5207699968
1343611800,2128.1589,2137.7361,2107.634,2109.9141,5199200256
1343698200,2109.325,2116.9041,2100.252,2103.634,5345600000
1343784600,2101.7229,2130.7119,2101.708,2123.3601,5380499968
1343871000,2120.146,2126.46,2103.4951,2111.1819,5346800128
1343957400,2113.9641,2133.2661,2108.3301,2132.7959,5337099776
1344216600,2129.1479,2158.6809,2127.2629,2154.916,7184300032
1344303000,2153.093,2159.6831,2148.897,2157.6201,7504999936
1344389400,2158.9819,2168.7339,2153.02,2160.99,7287000064
1344475800,2159.4341,2175.5449,2148.6941,2174.1021,7252899840
1344562200,2172.9641,2176.7949,2165.2839,2168.814,6836899840
1344821400,2164.043,2164.043,2134.554,2136.0779,7135200256
1344907800,2137.0471,2144.0061,2119.2529,2142.5249,6757199872
1344994200,2138.2781,2139.1421,2118.5029,2118.9451,5460899840
1345080600,2116.0801,2122.6831,2109.658,2112.197,4517300224
1345167000,2111.6531,2120.7141,2100.7871,2114.8911,4439099904
1345426200,2102.231,2110.78,2089.0181,2106.9561,4671699968
1345512600,2106.3811,2124.1951,2103.071,2118.2681,6075700224
1345599000,2118.8811,2121.1489,2097.605,2107.7109,5844100096
1345685400,2106.96,2118.7361,2097.083,2113.072,5847199744
1345771800,2108.3601,2109.822,2089.217,2092.104,6017900032
1346031000,2085.373,2085.373,2055.376,2055.708,6031499776
1346117400,2054.967,2083.9561,2052.4919,2073.1541,5442200064
1346203800,2066.8201,2073.949,2051.7749,2053.2351,5221000192
1346290200,2044.033,2060.1841,2032.537,2052.585,6196400128
1346376600,2046.2889,2059.302,2044.65,2047.522,4614400000
1346635800,2044.824,2066.78,2041.161,2059.147,6063499776
1346722200,2060.613,2063.8169,2039.266,2043.649,5746200064
1346808600,2038.873,2048.3191,2029.054,2037.681,5765000192
1346895000,2040.668,2052.95,2036.366,2051.918,5609200128
1346981400,2062.99,2145.0029,2062.99,2127.762,13993299968
1347240600,2128.0649,2140.168,2120.4861,2134.8931,10357999616
1347327000,2127.519,2127.519,2107.219,2120.554,8042699776
1347413400,2129.687,2137.8899,2109.137,2126.554,8411500032
1347499800,2123.8401,2130.0791,2109.9961,2110.3789,7904500224
1347586200,2127.3889,2136.2261,2111.1201,2123.8469,9124800512
1347845400,2120.6169,2121.583,2077.4839,2078.5,7639199744
1347931800,2069.343,2074.762,2053.6621,2059.543,5379500032
1348018200,2061.061,2069.95,2055.198,2067.8311,5224399872
1348104600,2060.3059,2060.3059,2023.085,2024.837,6748299776
1348191000,2020.554,2041.948,2018.2629,2026.6899,6028899840
1348450200,2015.767,2040.85,2005.2629,2033.191,5763800064
1348536600,2028.632,2039.0959,2021.809,2029.293,4821899776
1348623000,2027.855,2033.036,1999.484,2004.172,5040099840
1348709400,2003.099,2068.071,2002.324,2056.323,7669100032
1348795800,2042.886,2089.6331,2040.35,2086.1689,7944900096
1349659800,2084.8491,2096.259,2063.0891,2074.4189,5513200128
1349746200,2081.5879,2119.3359,2081.5879,2115.229,8456399872
1349832600,2111.5869,2121.9919,2102.5349,2119.9419,7891200000
1349919000,2114.2319,2117.8391,2101.1399,2102.8679,7449699840
1350005400,2109.0701,2127.3069,2092.511,2104.9319,6826299904
1350264600,2105.0239,2107.199,2085.115,2098.7029,5394100224
1350351000,2097.05,2111.78,2089.6951,2098.8081,5781799936
1350437400,2104.28,2113.1621,2088.0439,2105.6179,5987400192
1350523800,2108.498,2137.686,2107.4919,2131.688,8719099904
1350610200,2129.8201,2136.8689,2125.7361,2128.302,6764100096
1350869400,2118.521,2138.0271,2112.752,2132.7581,6011700224
1350955800,2132.1079,2136.218,2111.9231,2114.447,7268400128
1351042200,2106.8301,2123.998,2104.6699,2115.99,7288699904
1351128600,2114.7639,2128.74,2100.6089,2101.5791,8539299840
1351215000,2100.1001,2102.1621,2058.063,2066.209,7860599808
1351474200,2061.8469,2068.2371,2053.092,2058.9431,5363500032
1351560600,2059.2019,2075.905,2054.2639,2062.3469,6056900096
1351647000,2061.124,2070.479,2053.583,2068.8799,5952699904
1351733400,2070.02,2109.4961,2069.947,2104.428,8288699904
1351819800,2105.449,2119.2241,2096.531,2117.0459,7655699968
1352079000,2113.3279,2123.3269,2104.584,2114.0271,7153900032
1352165400,2113.658,2114.791,2078.4719,2105.999,7134400000
1352251800,2102.4189,2112.6311,2093.2891,2105.73,5937999872
1352338200,2091.2539,2092.5649,2070.6499,2071.509,6659500032
1352424600,2066.4951,2077.228,2062.416,2069.0669,5422300160
1352683800,2069.2141,2079.571,2061.8401,2079.2729,5669499904
1352770200,2078.1331,2078.1331,2044.036,2047.889,6108700160
1352856600,2047.257,2056.488,2040.172,2055.4189,4809299968
1352943000,2045.4561,2053.5601,2029.874,2030.29,5055699968
1353029400,2026.563,2028.686,2001.7159,2014.725,4958199808
1353288600,2013.246,2018.38,1995.7209,2016.9821,4532700160
1353375000,2020.433,2023.611,2004.17,2008.923,4258099968
1353461400,2008.2111,2031.149,1995.174,2030.319,5328200192
1353547800,2021.209,2023.085,2009.72,2015.611,4557799936
1353634200,2020.015,2034.884,2017.004,2027.384,5155100160
1353893400,2023.339,2027.274,2014.0291,2017.464,4478000128
1353979800,2012.075,2014.21,1990.3361,1991.165,5662700032
1354066200,1984.48,1984.863,1968.213,1973.5229,5050599936
1354152600,1972.925,1980.556,1961.822,1963.488,4953999872
1354239000,1961.8149,1983.4189,1959.334,1980.1169,5689299968
1354498200,1977.254,1988.191,1957.884,1959.767,6165300224
1354584600,1956.616,1980.119,1949.457,1975.1429,6237799936
1354671000,1973.1071,2040.604,1970.201,2031.907,11997299712
1354757400,2029.562,2036.609,2018.379,2029.2371,8145900032
1354843800,2028.766,2065.7439,2023.9611,2061.7859,11515700224
1355103000,2067.324,2087.0071,2064.615,2083.77,11538299904
1355189400,2077.5569,2088.635,2070.1919,2074.7041,9337100288
1355275800,2073.271,2085.9341,2066.3911,2082.7261,7855900160
1355362200,2077.416,2081.363,2059.4719,2061.4761,7227200000
1355448600,2062.689,2152.4961,2062.543,2150.625,16087400448
1355707800,2152.0969,2169.5701,2151.936,2160.342,14424200192
1355794200,2155.8579,2183.7129,2144.7329,2162.4641,12609899520
1355880600,2158.6699,2175.395,2154.2871,2162.239,9439200256
1355967000,2156.1931,2174.8191,2142.9509,2168.353,9938400256
1356053400,2169.5701,2190.3979,2148.1699,2153.3101,10337300480
1356312600,2150.6531,2170.394,2149.825,2159.053,7847000064
1356399000,2154.3201,2220.2629,2146.8621,2213.6111,14332800000
1356485400,2211.594,2220.4751,2206.7871,2219.1321,12185900032
1356571800,2223.655,2234.7241,2204.79,2205.897,12902400000
1356658200,2207.9121,2234.8689,2204.0029,2233.252,11592500224
1356917400,2236.4609,2269.512,2236.4609,2269.1279,12803099648
1357263000,2289.51,2296.113,2256.5601,2276.9919,13946999808
1357522200,2271.6631,2293.3169,2266.8621,2285.364,11816299520
1357608600,2284.6541,2289.1389,2262.979,2276.0701,12290799616
1357695000,2271.2991,2283.896,2259.051,2275.3401,12201499648
1357781400,2274.377,2295.4839,2268.6479,2283.657,12006700032
1357867800,2285.1851,2290.2051,2234.947,2242.9971,12506800128
1358127000,2236.2881,2317.6169,2235.1069,2311.74,14474999808
1358213400,2312.468,2332.783,2309.323,2325.6819,16564599808
1358299800,2322.158,2326.7639,2279.5071,2309.499,15351100416
1358386200,2305.1399,2305.6021,2275.877,2284.9089,11910200320
1358472600,2295.8091,2324.509,2285.9719,2317.0701,12543800320
1358731800,2321.49,2329.5811,2305.0991,2328.2209,13468000256
1358818200,2326.49,2335.8059,2301.301,2315.1389,14946700288
1358904600,2308.521,2325.1179,2296.491,2320.9109,11818000384
1358991000,2320.2581,2362.9431,2287.2959,2302.5979,16103199744
1359077400,2300.001,2308.3799,2288.262,2291.304,9260600320
1359336600,2295.3521,2346.9209,2295.3521,2346.5049,12838400000
1359423000,2347.2151,2363.7971,2337.353,2358.9771,14185400320
1359509400,2360.748,2383.7629,2347.8899,2382.4751,14987899904
1359595800,2383.426,2391.821,2371.2261,2385.4221,13970799616
1359682200,2377.4141,2421.1541,2369.5701,2419.02,14081800192
1359941400,2425.9209,2440.376,2417.585,2428.1541,16755099648
1360027800,2411.001,2437.415,2403.302,2433.1299,15075500032
1360114200,2432.677,2441.7261,2427.699,2434.4771,11658000384
1360200600,2430.688,2433.8931,2394.218,2418.53,12000900096
1360287000,2416.6189,2443.032,2414.3979,2432.4021,10906999808
1361151000,2441.906,2444.804,2415.429,2421.5581,11617500160
1361237400,2420.2649,2427.075,2373.5349,2382.9141,12347299840
1361323800,2383.4929,2397.9409,2370.6079,2397.178,11028100096
1361410200,2378.822,2378.822,2309.1709,2325.9509,14405900288
1361496600,2322.9399,2330.8789,2308.76,2314.1641,9698199552
1361755800,2320.6179,2338.78,2315.012,2325.8191,8836700160
1361842200,2313.74,2340.709,2289.887,2293.3401,11763900416
1361928600,2297.7671,2324.627,2292.0339,2313.22,9782500352
1362015000,2322.323,2366.1641,2308.916,2365.593,12695000064
1362101400,2364.5439,2369.6489,2330.8579,2359.5061,12031299584
1362360600,2332.0801,2333.54,2259.2471,2273.4041,16174999552
1362447000,2274.8081,2328.1431,2270.1001,2326.3059,13113700352
1362533400,2333.615,2351.4409,2321.6001,2347.179,14133399552
1362619800,2340.436,2352.021,2304.27,2324.293,13975600128
1362706200,2326.417,2333.667,2314.5869,2318.6111,9879400448
1362965400,2314.6831,2320.9609,2296.583,2310.593,8411200000
1363051800,2309.158,2333.2859,2264.8291,2286.605,11766400000
1363138200,2282.1699,2286.3291,2253.249,2263.968,9097299968
1363224600,2255.7749,2276.2219,2253.3101,2270.2771,8029400064
1363311000,2269.3149,2312.0779,2250.0049,2278.4009,11647800320
1363570200,2267.2871,2276.05,2239.2141,2240.0161,9312300032
1363656600,2244.2649,2261.314,2232.0229,2257.4341,8758200320
1363743000,2257.7371,2317.8601,2257.4209,2317.374,13124100096
1363829400,2318.2051,2330.813,2311.603,2324.2419,11920100352
1363915800,2321.4031,2331.9951,2314.967,2328.2781,10116700160
1364175000,2334.7351,2344.894,2319.908,2326.7151,9703199744
1364261400,2318.5779,2319.988,2281.1179,2297.6689,10444900352
1364347800,2299.377,2323.4771,2288.9951,2301.259,9633099776
1364434200,2273.552,2273.552,2232.905,2236.302,12765899776
1364520600,2238.4851,2246.8679,2228.813,2236.6211,8556499968
1364779800,2229.46,2243.949,2227.314,2234.395,7741199872
1364866200,2234.9009,2253.4209,2220.439,2227.74,8971400192
1364952600,2232.6941,2241.3401,2217.252,2225.2949,8179500032
1365384600,2196.238,2212.5859,2180.6731,2211.592,8625699840
1365471000,2215.467,2234.7251,2215.467,2225.7749,8289699840
1365557400,2224.9341,2233.04,2212.561,2226.126,8062000128
1365643800,2236.9829,2242.479,2217.2649,2219.553,7363299840
1365730200,2218.095,2226.262,2204.438,2206.78,6684599808
1365989400,2199.9141,2204.9871,2177.3879,2181.9409,7163200000
1366075800,2169.6299,2196.4319,2165.7839,2194.845,7999200256
1366162200,2195.032,2197.5081,2178.468,2193.7959,6831399936
1366248600,2181.822,2206.0271,2175.4441,2197.6021,7161699840
1366335000,2201.1221,2250.1101,2200.584,2244.6431,10966099968
1366594200,2236.4021,2245.1189,2232.2581,2242.1689,9523399680
1366680600,2242.616,2242.616,2182.8059,2184.5381,9654099968
1366767000,2187.3491,2226.1169,2184.1089,2218.3181,9159999488
1366853400,2213.1851,2224.6299,2191.8479,2199.3069,9670400000
1366939800,2203.8889,2210.5811,2173.863,2177.9121,7667400192
1367458200,2170.783,2179.647,2161.1399,2174.123,6833800192
1367544600,2179.0491,2222.8101,2179.0491,2205.4971,8858300416
1367803800,2212.4939,2236.0649,2212.4939,2231.165,9226800128
1367890200,2227.8611,2240.2561,2219.4351,2235.574,8645199872
1367976600,2242.3931,2255.207,2235.417,2246.3,9037200384
1368063000,2246.8999,2247.8,2221.3,2232.8999,9853200384
1368149400,2228.8191,2247.6731,2225.811,2246.8311,9033499648
1368408600,2247.678,2250.853,2231.363,2241.9189,8621100032
1368495000,2238.8999,2239.9199,2205.8701,2217.01,8324499968
1368581400,2217.0801,2225.1799,2213.5801,2224.79,7172299776
1368667800,2221.3359,2252.8721,2210.769,2251.8049,11028400128
1368754200,2249.8101,2288.0901,2248.4131,2282.8689,12612599808
1369013400,2286.3201,2309.3899,2281.8899,2299.98,13915100160
1369099800,2297.1101,2305.3,2290.123,2305.113,12417300480
1369186200,2303.749,2314.1819,2292.4309,2302.4031,12835999744
1369272600,2293.8081,2304.9519,2274.1011,2275.666,12401999872
1369359000,2281.4451,2292.595,2270.249,2288.532,10144100352
1369618200,2286.6609,2301.7019,2283.9341,2293.0769,10732499968
1369704600,2293.3999,2322,2281.3999,2321.3,13263299584
1369791000,2323.5381,2334.334,2321.165,2324.0171,12525100032
1369877400,2316.2529,2325.7209,2310.4919,2317.748,11191300096
1369963800,2320.738,2325.533,2299.3679,2300.594,10816300032
1370223000,2300.209,2313.425,2294.113,2299.252,9688299520
1370309400,2297.1001,2297.1001,2264.7,2272.3999,10189599744
1370395800,2270.7109,2276.864,2260.8701,2270.9299,7648300032
1370482200,2264.4241,2266.6909,2240.0691,2242.1089,8153900032
1370568600,2242.26,2250.6201,2205.0601,2210.8899,8997799936
1371087000,2190.1011,2190.1011,2126.2151,2148.355,9437100032
1371173400,2150.0601,2163.845,2142.78,2162.041,7785699840
1371432600,2165.9939,2169.356,2147.0281,2156.2141,7575799808
1371519000,2158.5449,2161.6799,2138.3469,2159.291,6963200000
1371605400,2150.8149,2150.8149,2115.792,2143.4541,7542499840
1371691800,2132.813,2132.813,2082.824,2084.021,7778800128
1371778200,2058.97,2085.8601,2042.87,2073.0901,7967300096
1372037400,2068.8611,2068.8611,1958.401,1963.235,10919799808
1372123800,1948.3149,1963.566,1849.653,1959.5081,13815900160
1372210200,1954.473,1959.157,1922.823,1951.495,10119300096
1372296600,1955.125,1980.5389,1942.371,1950.012,10581300224
1372383000,1935.515,1987.984,1925.651,1979.2061,10073799680
1372642200,1965.986,1995.915,1957.5699,1995.2419,7805100032
1372728600,1992.889,2007.619,1978.427,2006.559,8641500160
1372815000,1996.5,1996.53,1965.51,1994.26,9346599936
1372901400,1982.869,2022.136,1974.103,2006.097,10039400448
1372987800,2006.191,2021.541,2002.3669,2007.199,9134499840
1373247000,1983.214,1983.214,1953.121,1958.272,8413599744
1373333400,1953.6021,1969.1479,1946.365,1965.454,6453899776
1373419800,1962.839,2009.359,1960.276,2008.125,8979800064
1373506200,2011.02,2092.8679,2010.4,2072.991,15997100032
1373592600,2068.0439,2074.8569,2036.05,2039.486,12117399552
1373851800,2046.119,2076.6641,2037.248,2059.3899,10147000320
1373938200,2054.6001,2066.363,2038.535,2065.72,9673700352
1374024600,2061.186,2075.813,2043.231,2044.922,10325099520
1374111000,2038.4,2043.3719,2016.899,2023.396,9213200384
1374197400,2025.317,2035.22,1990.2531,1992.6479,10457799680
1374456600,1977.733,2005.474,1970.639,2004.762,8292199936
1374543000,2008.955,2051.5259,2005.092,2043.876,10951700480
1374629400,2035.691,2042.7729,2010.424,2033.329,10665600000
1374715800,2037.3361,2045.365,2016.431,2021.174,9854499840
1374802200,2013.1899,2021.574,2000.797,2010.85,7379999744
1375061400,1997.838,1997.838,1969.853,1976.306,7868299776
1375147800,1981.452,2006.2321,1965.361,1990.064,7721999872
1375234200,2000.7939,2015.472,1987.88,1993.799,7016099840
1375320600,2000.818,2029.928,1997.058,2029.067,9125699584
1375407000,2039.514,2047.084,2025.6541,2029.418,9359299584
1375666200,2031.724,2050.9109,2025.226,2050.481,8551799808
1375752600,2043.653,2066.74,2034.957,2060.5,10558100480
1375839000,2056.3669,2069.561,2043.75,2046.778,10771300352
1375925400,2044.436,2058.561,2037.251,2044.895,8413300224
1376011800,2052.2439,2061.708,2030.127,2052.2351,9531599872
1376271000,2058.416,2102.3469,2055.7151,2101.283,13512899584
1376357400,2101.324,2106.396,2093.7959,2106.156,11770900480
1376443800,2109.2251,2122.9651,2093.043,2100.137,11443800064
1376530200,2099.2791,2108.405,2079.969,2081.8799,9939699712
1376616600,2075.9829,2198.8479,2061.6541,2068.4519,15306300416
1376875800,2055.1279,2091.1321,2052.7029,2085.6021,9744700416
1376962200,2081.9651,2098.98,2066.072,2072.595,10738199552
1377048600,2076.271,2076.3169,2056.9131,2072.9609,8744599552
1377135000,2069.313,2083.333,2062.3669,2067.124,9092800512
1377221400,2075.929,2079.8459,2029.365,2057.458,11242600448
1377480600,2061.417,2097.343,2056.1331,2096.4741,11993299968
1377567000,2095.4399,2105.376,2090.425,2103.5659,12634200064
1377653400,2092.311,2113.8159,2080.8611,2101.301,16139200512
1377739800,2108.436,2110.894,2088.2361,2097.2271,13326799872
1377826200,2097.217,2114.3931,2089.095,2098.3821,17007599616
1378085400,2104.0901,2108.6831,2078.4551,2098.448,14915900416
1378171800,2100.449,2123.8469,2095.4551,2123.1121,13889300480
1378258200,2121.6799,2132.9961,2115.7529,2127.6179,14200000512
1378344600,2125.2549,2127.855,2115.2361,2122.4299,12654399488
1378431000,2119.333,2143.2439,2119.021,2139.9929,14326099968
1378690200,2151.3469,2218.5291,2151.3469,2212.5161,21942700032
1378776600,2214.814,2238.551,2202.8159,2237.9839,23720699904
1378863000,2244.9619,2258.075,2233.0029,2241.2681,24434900992
1378949400,2236.1709,2270.2681,2226.2881,2255.604,20971499520
1379035800,2251.4619,2259.4241,2228.4829,2236.217,17198399488
1379295000,2244.4629,2248.4709,2226.1709,2231.4009,15488400384
1379381400,2230.3879,2230.929,2184.9221,2185.5601,15454300160
1379467800,2185.936,2195.9041,2172.043,2191.8511,11511199744
1379899800,2199.3611,2223.0681,2198.3359,2221.0439,13317499904
1379986200,2219.467,2219.543,2187.2361,2207.531,16041499648
1380072600,2206.2251,2217.9741,2193.7219,2198.5149,16021300224
1380159000,2192.2261,2192.2261,2154.7209,2155.8091,14041499648
1380245400,2150.9609,2165.7771,2149.594,2160.0271,10540199936
1380504600,2167.7339,2176.303,2165.1621,2174.665,9281000448
1381195800,2171.9041,2200.0181,2161.489,2198.199,12670999552
1381282200,2191.3921,2212.3469,2185.1799,2211.769,13087200256
1381368600,2214.405,2214.592,2186.48,2190.929,14977599488
1381455000,2201.4089,2228.8711,2200.53,2228.146,15689199616
1381714200,2232.218,2242.9839,2226.4031,2237.7729,16598299648
1381800600,2237.9309,2240.249,2221.1389,2233.4121,15372300288
1381887000,2228.113,2228.113,2183.4031,2193.074,15463900160
1381973400,2201.71,2211.03,2183.2461,2188.542,12676800512
1382059800,2188.7141,2203.291,2184.3601,2193.78,10372500480
1382319000,2198.114,2230.2849,2190.394,2229.2371,13669399552
1382405400,2227.3411,2227.3411,2204.2439,2210.6521,14913300480
1382491800,2213.2739,2226.8469,2177.7251,2183.1069,14634699776
1382578200,2178.8201,2183.4121,2159.8711,2164.322,10300900352
1382664600,2163.689,2170.6121,2122.677,2132.9551,11392499712
1382923800,2135.8779,2140.957,2123.0691,2133.8689,8840099840
1383010200,2135.2261,2163.657,2093.197,2128.864,14309300224
1383096600,2126.6899,2161.9351,2121.8411,2160.4629,11964300288
1383183000,2155.511,2155.511,2137.4661,2141.614,10806299648
1383269400,2139.8799,2157.313,2132.6289,2149.562,8911800320
1383528600,2156.0869,2160.5779,2143.207,2149.634,7614799872
1383615000,2139.8369,2158.1479,2124.845,2157.24,9189999616
1383701400,2149.3899,2166.1709,2138.78,2139.6069,10048700416
1383787800,2136.626,2141.6001,2119.186,2129.3999,8184300032
1383874200,2120.9231,2128.5811,2103.51,2106.127,8309700096
1384133400,2103.2991,2117.28,2093.626,2109.4709,6967799808
1384219800,2110.7241,2127.938,2108.396,2126.772,7944699904
1384306200,2117.886,2117.9121,2086.0061,2087.9409,8825700352
1384392600,2087.1189,2102.3799,2078.988,2100.5061,8379899904
1384479000,2100.8999,2153.2129,2100.7859,2135.8269,12589500416
1384738200,2147.373,2198.3159,2143.7681,2197.219,15750299648
1384824600,2198.3181,2203.2971,2186.114,2193.125,12508199936
1384911000,2201.4741,2207.105,2186.6421,2206.613,11896200192
1384997400,2197.0081,2206.531,2177.7351,2205.7661,13724600320
1385083800,2206.4709,2211.0659,2188.7671,2196.3779,11386600448
1385343000,2186.0581,2209.1479,2181.418,2186.115,10828300288
1385429400,2184.332,2192.5791,2176.177,2183.073,10046100480
1385515800,2181.7251,2207.6169,2176.8469,2201.0701,11538400256
1385602200,2204.3779,2234.387,2202.623,2219.3721,13445699584
1385688600,2221.6179,2224.9441,2212.262,2220.5039,10695900160
1385947800,2203.1221,2231.9209,2172.6331,2207.3711,17428199424
1386034200,2196.824,2227.925,2193.251,2222.6699,11350599680
1386120600,2219.9651,2260.8711,2215.916,2251.762,15729300480
1386207000,2252.7229,2255.261,2239.144,2247.063,12204800000
1386293400,2242.563,2248.147,2228.6321,2237.1079,10370100224
1386552600,2241.793,2249.1689,2231.7329,2238.2,9327399936
1386639000,2239.864,2250.5039,2231.6799,2237.4919,10904299520
1386725400,2228.6331,2228.6331,2193.1599,2204.166,10947300352
1386811800,2199.3169,2214.5481,2194.9009,2202.7959,8610899968
1386898200,2188.259,2204.637,2183.842,2196.075,8510099968
1387157400,2197.2339,2201.696,2159.9871,2160.8611,10138800128
1387243800,2161.5359,2165.543,2146.314,2151.0791,7857900032
1387330200,2150.4121,2156.593,2142.624,2148.2849,6417399808
1387416600,2153.6741,2159.1421,2126.2461,2127.792,7312300032
1387503000,2128.374,2131.7371,2082.854,2084.7939,8677499904
1387762200,2089.5391,2099.522,2068.543,2089.707,6814700032
1387848600,2094.073,2111.8049,2079.8101,2092.905,7025099776
1387935000,2095.019,2107.2319,2088.2971,2106.354,6513900032
1388021400,2102.6599,2102.6599,2070.5459,2073.0991,7854099968
1388107800,2074.592,2110.3569,2069.5901,2101.251,7675700224
1388367000,2108.8831,2112.009,2095.063,2097.5291,7408500224
1388453400,2090.679,2120.2739,2087.415,2115.978,8047399936
1388626200,2112.126,2113.1101,2101.0161,2109.387,6848500224
1388712600,2101.542,2102.167,2075.8989,2083.135,8449699840
1388971800,2078.6841,2078.6841,2034.006,2045.709,8958799872
1389058200,2034.224,2052.2781,2029.246,2047.317,6340299776
1389144600,2047.256,2062.9519,2037.11,2044.34,7164700160
1389231000,2041.7729,2057.196,2026.446,2027.6219,7594200064
1389317400,2023.535,2029.297,2008.007,2013.298,7561600000
1389576600,2014.978,2027.181,2000.403,2009.564,6654499840
1389663000,2007.156,2027.428,2001.135,2026.842,7036700160
1389749400,2024.228,2027.4091,2010.204,2023.348,6743600128
1389835800,2022.538,2034.707,2014.407,2023.701,7275599872
1389922200,2017.522,2017.868,2001.33,2004.949,6730599936
1390181400,2001.894,2005.938,1984.824,1991.2531,5627100160
1390267800,1992.015,2014.152,1992.015,2008.313,5984500224
1390354200,2009.969,2052.3391,2008.9301,2051.749,9889300480
1390440600,2048.3311,2052.5281,2039.052,2042.1801,8421100032
1390527000,2037.667,2060.9861,2034.453,2054.3921,9294799872
1390786200,2044.272,2044.8459,2029.626,2033.3,8881500160
1390872600,2036.402,2047.129,2026.9871,2038.5129,7252899840
1390959000,2042.176,2051.583,2039.771,2049.9141,7386500096
1391045400,2045.931,2045.931,2031.4659,2033.083,6261499904
1391736600,2022.323,2044.73,2014.698,2044.4969,7359900160
1391995800,2049.9839,2087.9751,2049.9839,2086.0669,12433200128
1392082200,2086.177,2111.061,2082.521,2103.6709,14221100032
1392168600,2103.8279,2110.9041,2096.509,2109.9551,12633299968
1392255000,2106.9341,2122.8259,2096.9661,2098.4009,14653299712
1392341400,2097.3201,2116.186,2095.0901,2115.8479,11151800320
1392600600,2124.8799,2136.447,2117.689,2135.415,14024399872
1392687000,2134.1431,2134.1431,2113.1279,2119.0659,14286900224
1392773400,2116.9189,2152.9609,2111.168,2142.554,15126099968
1392859800,2152.8911,2177.978,2136.481,2138.782,15705199616
1392946200,2131.592,2132.7029,2098.3279,2113.6931,11766299648
1393205400,2099.717,2099.717,2058.791,2076.686,12355500032
1393291800,2077.2849,2087.616,2026.543,2034.219,14013299712
1393378200,2026.61,2041.627,2014.381,2041.254,11011300352
1393464600,2045.095,2068.314,2036.391,2047.354,13216400384
1393551000,2040.624,2058.489,2020.9351,2056.302,11163799552
1393810200,2052.075,2078.333,2047.067,2075.2351,12746099712
1393896600,2068.1069,2074.0249,2050.125,2071.4729,11592579072
1393983000,2073.2949,2074.8149,2050.175,2053.084,10773300224
1394069400,2050.032,2065.79,2030.946,2059.5779,10929000448
1394155800,2058.375,2079.49,2050.47,2057.908,10371000320
1394415000,2042.3521,2042.634,1995.549,1999.0649,11569699840
1394501400,1994.415,2008.071,1985.599,2001.157,9270500352
1394587800,1996.239,2011.0601,1974.382,1997.692,10136200192
1394674200,2000.6949,2029.12,1996.5291,2019.111,10097800192
1394760600,2008.824,2017.913,1990.98,2004.339,8777499648
1395019800,2009.882,2024.3719,1999.249,2023.672,8625000448
1395106200,2026.224,2034.917,2020.41,2025.196,9677700096
1395192600,2019.98,2022.1801,2002.441,2021.734,9518100480
1395279000,2017.22,2030.847,1993.002,1993.479,11033299968
1395365400,1987.679,2052.4719,1986.071,2047.619,14447800320
1395624600,2050.8269,2074.0559,2043.33,2066.2791,14769999872
1395711000,2063.323,2079.551,2057.491,2067.311,13182199808
1395797400,2070.574,2074.572,2057.6479,2063.6699,10261099520
1395883800,2060.812,2073.981,2042.713,2046.588,11914900480
1395970200,2046.851,2060.134,2035.243,2041.712,12168200192
1396229400,2043.045,2048.134,2024.1851,2033.306,9435700224
1396315800,2031.005,2050.6809,2028.0959,2047.46,8328699904
1396402200,2049.4231,2060.7781,2046.7419,2058.988,10265900032
1396488600,2063.4971,2066.0071,2037.447,2043.702,10861800448
1396575000,2037.552,2060.104,2035.2209,2058.8311,8318900224
1396920600,2054.53,2102.4519,2052.8999,2098.2839,13337100288
1397007000,2100.6509,2108.75,2095.6399,2105.2371,10533999616
1397093400,2105.876,2146.6699,2098.0791,2134.3,15678999552
1397179800,2130.3679,2138.6509,2120.179,2130.542,13176800256
1397439000,2127.4089,2134.4341,2116.6101,2131.5391,10207800320
1397525400,2125.9021,2125.9021,2098.1499,2101.6011,10753099776
1397611800,2097.2129,2112.05,2092.157,2105.1221,8936200192
1397698200,2108.947,2110.7161,2095.7141,2098.885,8989599744
1397784600,2091.48,2099.637,2081.1851,2097.7471,8815599616
1398043800,2085.98,2103.0779,2065.2339,2065.8259,9637799936
1398130200,2062.7871,2073.6631,2047.332,2072.8311,9872000000
1398216600,2068.084,2076.3491,2059.1089,2067.3821,7853199872
1398303000,2064.156,2075.7571,2056.1931,2057.033,7818599936
1398389400,2060.5381,2065.6421,2035.566,2036.519,9304200192
1398648600,2033.337,2035.99,2000.137,2003.4871,8979500032
1398735000,2001.896,2021.6801,1997.64,2020.3409,7622099968
1398821400,2020.438,2029.538,2016.577,2026.358,7452899840
1399253400,2022.178,2028.957,2007.351,2027.353,7993299968
1399339800,2024.256,2038.705,2021.485,2028.038,7460899840
1399426200,2023.152,2024.631,2008.45,2010.083,7436000256
1399512600,2006.853,2036.941,2005.6851,2015.274,7786500096
1399599000,2016.501,2020.454,2001.3,2011.135,7622400000
1399858200,2022.932,2055.5061,2016.6379,2052.8711,11574200320
1399944600,2055.0791,2061.0591,2043.547,2050.728,9722300416
1400031000,2049.27,2056.574,2042.744,2047.91,7201099776
1400117400,2044.377,2047.316,2022.861,2024.974,7584500224
1400203800,2023.5959,2027.756,2012.694,2026.504,6635400192
1400463000,2023.014,2023.267,1996.015,2005.183,6532899840
1400549400,2011.845,2018.156,2002.759,2008.119,6134499840
1400635800,2001.306,2025.194,1991.0551,2024.951,6181199872
1400722200,2023.1479,2041.96,2018.877,2021.285,7472799744
1400808600,2020.115,2034.569,2017.739,2034.569,6348800000
1401067800,2042.028,2045.381,2035.093,2041.476,7028100096
1401154200,2039.791,2044.1479,2032.839,2034.5649,6757799936
1401240600,2034.561,2052.656,2029.3361,2050.228,8133899776
1401327000,2051.8401,2057.0769,2039.238,2040.595,8124299776
1401413400,2040.394,2046.96,2031.373,2039.212,7514899968
1401759000,2039.196,2049.5759,2037.3,2038.3051,7158400000
1401845400,2037.989,2038.481,2012.913,2024.834,7241299968
1401931800,2019.442,2041.701,2016.175,2040.8781,6794999808
1402018200,2040.864,2041.573,2022.158,2029.9561,6602200064
1402277400,2024.942,2045.255,2023.198,2030.502,6478799872
1402363800,2033.207,2052.7649,2026.389,2052.532,7962399744
1402450200,2049.1279,2056.6311,2045.407,2054.948,7444400128
1402536600,2051.582,2057.105,2045.962,2051.7129,8171100160
1402623000,2049.2061,2073.5959,2048.6179,2070.7151,9717499904
1402882200,2070.699,2087.322,2069.4409,2085.9829,9594000384
1402968600,2080.4819,2080.4819,2064.666,2066.698,8780000256
1403055000,2064.3831,2066.9131,2051.7461,2055.519,8724500480
1403141400,2054.6201,2059.2549,2017.653,2023.735,9291400192
1403227800,2013.4139,2027.1479,2010.53,2026.674,6716700160
1403487000,2026.226,2033.3199,2022.917,2024.365,7048500224
1403573400,2023.699,2034.707,2021.75,2033.931,7121500160
1403659800,2030.432,2030.616,2018.36,2025.502,6753999872
1403746200,2025.662,2040.754,2025.314,2038.677,8095600128
1403832600,2031.907,2043.9821,2025.073,2036.51,9759200256
1404091800,2038.613,2052.342,2038.526,2048.3269,9666700288
1404178200,2051.2251,2052.635,2041.937,2050.3811,9845699584
1404264600,2049.4851,2060.595,2044.035,2059.418,10955400192
1404351000,2051.6321,2066.6411,2048.0811,2063.229,12292700160
1404437400,2062.3579,2065.0779,2054.217,2059.375,10500899840
1404696600,2058.1279,2064.043,2050.887,2059.927,9716899840
1404783000,2058.134,2064.4331,2047.204,2064.021,9505300480
1404869400,2061.635,2062.4741,2037.601,2038.6121,11330599936
1404955800,2036.54,2045.527,2034.9561,2038.342,9794400256
1405042200,2033.869,2051.7371,2033.004,2046.9611,10508800000
1405301400,2047.744,2067.342,2044.901,2066.646,11512000512
1405387800,2065.8999,2070.3579,2059.679,2070.3569,12448900096
1405474200,2068.343,2075.4929,2061.572,2067.2759,13712799744
1405560600,2062.887,2062.887,2046.189,2055.5911,10449200128
1405647000,2047.498,2067.2329,2045.996,2059.0669,10664099840
1405906200,2057.7671,2061.823,2049.175,2054.479,9385799680
1405992600,2050.499,2078.085,2049.8149,2075.481,12319200256
1406079000,2074.1951,2088.1919,2072.229,2078.489,13729200128
1406165400,2079.6321,2107.946,2079.6321,2105.062,16567700480
1406251800,2108.7141,2127.217,2106.7141,2126.614,14249600000
1406511000,2135.249,2181.4961,2135.249,2177.948,23618600960
1406597400,2179.8259,2193.5229,2172.1021,2183.1919,20026400768
1406683800,2178.179,2194.572,2177.2439,2181.2429,18492200960
1406770200,2179.543,2202.126,2173.8999,2201.562,16469199872
1406856600,2194.1699,2218.7891,2184.6411,2185.303,19147499520
1407115800,2190.0359,2224.0681,2186.917,2223.3311,17409699840
1407202200,2224.6321,2226.8379,2206.8501,2219.9451,17538699264
1407288600,2212.0029,2223.8931,2192.9929,2217.4651,17771200512
1407375000,2216.6589,2220.5681,2185.7629,2187.6689,17523300352
1407461400,2188.709,2199.5779,2180.5969,2194.425,13518100480
1407720600,2199.4331,2225.9609,2198.314,2224.6531,15058299904
1407807000,2222.696,2222.979,2210,2221.595,15479900160
1407893400,2223.051,2230.991,2202.4431,2222.877,17806299136
1407979800,2221.541,2230.894,2204.384,2206.4661,17014899712
1408066200,2207.2261,2230.8721,2203.2419,2226.7329,14997900288
1408325400,2229.804,2242.0349,2228.1331,2239.4661,16392899584
1408411800,2242.3401,2246.0161,2227.925,2245.3301,17774499840
1408498200,2241.6641,2248.939,2233.8921,2240.2109,16765800448
1408584600,2239.5681,2240.0769,2211.6299,2230.458,16573299712
1408671000,2228.9741,2243.302,2225.2671,2240.812,16011200512
1408930200,2241.0991,2241.553,2222.009,2229.2739,16211999744
1409016600,2225.291,2232.7849,2200.6179,2207.106,16350699520
1409103000,2207.03,2216.6699,2204.0481,2209.4651,12088599552
1409189400,2210.4839,2219.4719,2194.8611,2195.8181,12422899712
1409275800,2198.9451,2218.696,2193.2629,2217.2,10520200192
1409535000,2220.1289,2236.2859,2217.6851,2235.511,12916700160
1409621400,2239.6841,2267.509,2234.3779,2266.0459,19212500992
1409707800,2268.395,2290.5471,2268.1001,2288.626,21247899648
1409794200,2290.0291,2307.7009,2283.2771,2306.8621,19949000704
1409880600,2311.3049,2327.5569,2307.447,2326.4319,21318199296
1410226200,2328.426,2331.917,2315.894,2326.5271,19698999296
1410312600,2318.4961,2321.908,2306.4209,2318.3049,18982899712
1410399000,2315.7319,2343.595,2304.6021,2311.679,22222200832
1410485400,2308.3459,2331.95,2302.7749,2331.95,19347200000
1410744600,2330.187,2340.449,2321.593,2339.1399,21511200768
1410831000,2341.0271,2347.9351,2293.8689,2296.5549,30269399040
1410917400,2298.9819,2309.0481,2282.7949,2307.8931,21084200960
1411003800,2303.8501,2319.875,2297.9309,2315.927,18908899328
1411090200,2312.9839,2331.561,2305.5171,2329.4509,17464799232
1411349400,2323.554,2323.554,2284.3779,2289.866,17584199680
1411435800,2289.0911,2311.5249,2289.0239,2309.718,15685499904
1411522200,2302.231,2345.7471,2297.876,2343.575,22252599296
1411608600,2352.865,2365.1541,2336.8049,2345.103,22568800256
1411695000,2339.2881,2350.1089,2329.9551,2347.718,17474799616
1411954200,2353.708,2363.0591,2346.5791,2357.7109,20011100160
1412040600,2361.3181,2365.491,2354.2681,2363.8701,19391899648
1412731800,2368.5759,2382.7939,2354.29,2382.7939,20439699456
1412818200,2383.8589,2391.3479,2367.1111,2389.3711,23591999488
1412904600,2380.7549,2386.2771,2365.075,2374.54,22467100672
1413163800,2366.426,2366.8621,2341.124,2366.009,20089899008
1413250200,2362.802,2380.5149,2349.1941,2359.4751,19683100672
1413336600,2358.2329,2374.8081,2344.373,2373.6699,20280500224
1413423000,2361.1299,2389.675,2353.406,2356.499,24820099072
1413509400,2352.7839,2360.5969,2312.8259,2341.1841,21230100480
1413768600,2346.052,2357.509,2340.459,2356.728,16002199552
1413855000,2355.033,2361.6531,2337.551,2339.657,16882799616
1413941400,2339.2229,2352.124,2324.5901,2326.553,15269799936
1414027800,2322.3159,2329.927,2297.3301,2302.418,16263600128
1414114200,2303.0801,2314.875,2296.657,2302.28,13222500352
1414373400,2293.573,2293.644,2279.8359,2290.437,13026199552
1414459800,2294.012,2338.2781,2294.012,2337.8711,17859000320
1414546200,2343.72,2381.6431,2339.7119,2373.03,26558900224
1414632600,2371.8911,2397.2561,2365.9189,2391.0759,29464600576
1414719000,2393.178,2423.5959,2384.4829,2420.178,32576399360
1414978200,2425.2251,2436.7849,2418.167,2430.032,29882099712
1415064600,2428.271,2435.2229,2417.2209,2430.677,30901299200
1415151000,2432.1689,2434.363,2415.502,2419.2539,26360700928
1415237400,2419.6169,2426.8899,2401.75,2425.864,22200500224
1415323800,2427.8979,2454.4231,2407.4419,2418.1709,29117200384
1415583000,2436.6279,2474.156,2428.1851,2473.6731,30062800896
1415669400,2483.6479,2508.623,2445.96,2469.6731,41190400000
1415755800,2454.6021,2494.917,2444.814,2494.4761,25293400064
1415842200,2494.998,2507.7429,2471.407,2485.606,29503700992
1415928600,2477.9661,2481.0249,2457.0449,2478.824,22060800000
1416187800,2506.864,2508.7671,2472.446,2474.009,21568800768
1416274200,2474.1819,2477.052,2449.813,2456.366,20106299392
1416360600,2452.1499,2461.491,2442.71,2450.9861,18623600640
1416447000,2443.2759,2458.3191,2437.4761,2452.6599,16549499904
1416533400,2452.635,2488.2009,2446.646,2486.791,21223999488
1416792600,2505.532,2546.7461,2495.521,2532.8789,36348600320
1416879000,2531.998,2568.3811,2527.0769,2567.5969,31431600128
1416965400,2572.6489,2605.0701,2570.4041,2604.345,33712699392
1417051800,2615.3669,2631.3989,2599.1079,2630.4861,36407599104
1417138200,2629.626,2683.1799,2622.061,2682.835,46587998208
1417397400,2691.7251,2720.7429,2668.8411,2680.155,44679200768
1417483800,2667.8201,2777.3721,2665.686,2763.5449,43773300736
1417570200,2768.678,2824.179,2733.8679,2779.5249,56212000768
1417656600,2783.469,2900.5081,2772.4319,2899.4561,53268799488
1417743000,2926.573,2978.0291,2813.052,2937.647,64049999872
1418002200,2907.8149,3041.657,2879.8469,3020.2581,58757099520
1418088600,2992.49,3091.324,2834.592,2856.269,77199802368
1418175000,2855.9399,2946.707,2807.678,2940.0061,51288698880
1418261400,2912.3459,2965.675,2892.6111,2925.7429,48263299072
1418347800,2929.3601,2962.51,2914.9561,2938.1731,40948101120
1418607000,2921.446,2960.2271,2890.9041,2953.4209,40037199872
1418693400,2953.811,3021.897,2943.9121,3021.5181,45384298496
1418779800,3031.9519,3076.5991,2993.333,3061.02,54250299392
1418866200,3062.801,3089.791,3030.3191,3057.521,43590500352
1418952600,3053.075,3117.5271,3018.4209,3108.5959,52107399168
1419211800,3129.2671,3189.8669,3090.509,3127.4451,67937198080
1419298200,3085.0801,3136.8379,3025.667,3032.6121,43776200704
1419384600,3039.2061,3050.5071,2934.9109,2972.532,37680500736
1419471000,2992.4619,3073.345,2969.874,3072.5359,37694799872
1419557400,3078.0049,3164.155,3064.176,3157.603,46070099968
1419816600,3212.5591,3223.8601,3126.9441,3168.0161,51011100672
1419903000,3160.801,3190.2991,3130.353,3165.8149,39772499968
1419989400,3172.5969,3239.3569,3157.259,3234.677,40599900160
1420421400,3258.627,3369.281,3253.8831,3350.519,53135200256
1420507800,3330.7991,3394.2241,3303.1841,3351.446,50166198272
1420594200,3326.6489,3374.896,3312.2109,3373.9541,39191900160
1420680600,3371.957,3381.5659,3285.095,3293.4561,37113098240
1420767000,3276.9651,3404.834,3267.509,3285.4121,41024098304
1421026200,3258.2129,3275.1851,3191.582,3229.3159,32206499840
1421112600,3223.542,3259.386,3214.4121,3235.301,23072600064
1421199000,3242.3369,3268.4829,3193.978,3222.437,24019099648
1421285400,3224.0701,3337.084,3207.5449,3336.4551,28254599168
1421371800,3343.603,3400.3181,3340.49,3376.4951,33987700736
1421631000,3189.7271,3262.207,3095.0659,3116.3511,40109899776
1421717400,3114.5601,3190.2451,3100.4771,3173.052,35708100608
1421803800,3189.085,3337.0039,3178.343,3323.6111,41095598080
1421890200,3327.3191,3352.384,3293.978,3343.344,35338301440
1421976600,3357.0959,3406.7859,3328.293,3351.7639,36624900096
1422235800,3347.2571,3384.7981,3321.3149,3383.1819,31754100736
1422322200,3389.853,3390.2161,3290.219,3352.96,37451800576
1422408600,3325.7219,3354.802,3294.655,3305.738,30192699392
1422495000,3258.9971,3286.7859,3234.241,3262.3049,27465900032
1422581400,3273.7471,3288.5029,3210.3081,3210.363,25831299072
1422840600,3148.136,3175.134,3122.572,3128.3,25086199808
1422927000,3156.0859,3207.9351,3129.7319,3204.907,24819200000
1423013400,3212.822,3238.9819,3171.144,3174.126,24909799424
1423099800,3251.2119,3251.2119,3135.8191,3136.531,30613899264
1423186200,3120.0901,3129.5391,3052.939,3075.907,24675000320
1423445400,3063.51,3119.0339,3049.1111,3095.124,20610799616
1423531800,3090.49,3142.0991,3084.2529,3141.593,19381700608
1423618200,3145.7649,3166.4209,3139.052,3157.7041,17283999744
1423704600,3157.959,3181.7661,3134.2439,3173.416,19459198976
1423791000,3186.8081,3237.1589,3182.7939,3203.8269,26129000448
1424050200,3206.137,3228.8459,3195.884,3222.363,22379700224
1424136600,3230.884,3255.7251,3230.772,3246.906,22833299456
1424827800,3256.479,3257.2229,3215.552,3228.843,23334799360
1424914200,3222.1509,3300.616,3202.188,3298.3589,30126399488
1425000600,3296.8311,3324.5459,3291.0071,3310.303,29916399616
1425259800,3332.7209,3336.76,3298.6689,3336.2849,34644598784
1425346200,3317.6951,3317.6951,3260.429,3263.052,38204502016
1425432600,3264.1819,3286.5879,3250.4839,3279.533,29364000768
1425519000,3264.085,3266.6379,3221.666,3248.4761,32066400256
1425605400,3248.0359,3266.9331,3234.533,3241.187,28291600384
1425864600,3224.314,3307.7019,3198.3701,3302.408,32149499904
1425951000,3289.085,3309.915,3277.095,3286.0681,28581799936
1426037400,3289.594,3325.054,3278.4709,3290.8999,28298600448
1426123800,3314.813,3360.054,3300.488,3349.323,35729498112
1426210200,3359.488,3391.2549,3352.1499,3372.9109,32841000960
1426469400,3391.158,3449.3049,3377.0869,3449.3049,39913201664
1426555800,3469.603,3504.123,3459.6941,3502.8469,52094001152
1426642200,3510.501,3577.6621,3503.853,3577.301,54521700352
1426728600,3576.019,3600.6841,3546.844,3582.271,53734699008
1426815000,3587.084,3632.3379,3569.3799,3617.3181,51666198528
1427074200,3640.104,3688.249,3635.4851,3687.728,53606301696
1427160600,3692.5691,3715.873,3600.698,3691.4099,63955501056
1427247000,3680.9529,3693.1509,3634.5591,3660.7271,52188598272
1427333400,3641.9419,3707.3181,3615.011,3682.095,48864698368
1427419800,3686.134,3710.4771,3656.8311,3691.0959,40894500864
1427679000,3710.6121,3795.9351,3710.6121,3786.5681,56470200320
1427765400,3822.9871,3835.5669,3737.043,3747.8989,56167600128
1427851800,3748.3401,3817.082,3742.2129,3810.2939,44745801728
1427938200,3827.689,3835.4509,3775.894,3825.7839,47929999360
1428024600,3803.3831,3864.405,3792.2109,3863.929,47303299072
1428370200,3899.4199,3961.6699,3891.73,3961.3799,57044799488
1428456600,3976.532,4000.22,3903.6479,3994.811,61808500736
1428543000,4006.1299,4016.396,3900.0271,3957.5339,58517700608
1428629400,3947.4919,4040.3479,3929.3191,4034.3091,48428400640
1428888600,4072.7229,4128.0718,4057.293,4121.7148,58981400576
1428975000,4125.7822,4168.3462,4091.2571,4135.5649,61068398592
1429061400,4135.6479,4175.4941,4069.0071,4084.1631,61300600832
1429147800,4055.916,4195.3052,4031.2439,4194.8232,55124299776
1429234200,4254.7231,4317.2231,4238.9102,4287.2959,70170599424
1429493400,4301.3521,4356.001,4190.6812,4217.0771,85713297408
1429579800,4212.1851,4294.375,4188.5688,4293.623,63447101440
1429666200,4304.5972,4400.1929,4297.9512,4398.4941,68030500864
1429752600,4414.4849,4444.4102,4358.8428,4414.5078,66734501888
1429839000,4355.9512,4416.376,4318.1191,4393.686,62855499776
1430098200,4441.9292,4529.7349,4441.9292,4527.396,67108900864
1430184600,4527.6348,4572.3911,4432.9038,4476.2148,76767600640
1430271000,4446.1191,4499.9448,4398.6392,4476.6201,51983400960
1430357400,4483.0122,4507.3442,4441.0542,4441.6548,52672798720
1430703000,4441.3428,4487.5688,4387.4258,4480.4639,49417302016
1430789400,4479.8481,4488.8652,4282.2368,4298.7061,57285898240
1430875800,4311.6411,4376.353,4187.3682,4229.2661,48173301760
1430962200,4197.896,4213.7642,4108.0088,4112.2139,39456698368
1431048600,4152.9839,4206.8599,4099.042,4205.917,39742799872
1431307800,4231.27,4334.877,4187.8198,4333.584,48875098112
1431394200,4342.3701,4402.3091,4317.9751,4401.2192,52186599424
1431480600,4402.3779,4415.6289,4342.481,4375.7598,51049000960
1431567000,4372.8159,4397.7451,4329.042,4378.311,44907798528
1431653400,4366.8218,4366.8218,4278.5532,4308.6909,43970600960
1431912600,4277.895,4324.8262,4260.5088,4283.4912,38005698560
1431999000,4285.7769,4418.4028,4285.7769,4417.5518,43673501696
1432085400,4434.979,4520.5381,4432.2788,4446.2881,51410599936
1432171800,4456.4351,4530.478,4438.2578,4529.4219,46499700736
1432258200,4584.9839,4658.2729,4562.9888,4657.5962,65559101440
1432517400,4660.0752,4814.6719,4656.8252,4813.7969,68246102016
1432603800,4854.8501,4911.6851,4779.0752,4910.897,70489300992
1432690200,4932.8462,4958.1558,4857.0562,4941.7139,68116500480
1432776600,4943.7422,4986.5029,4614.2412,4620.2661,78296498176
1432863000,4603.4648,4698.1929,4431.563,4611.7441,61126201344
1433122200,4633.0981,4829.502,4615.231,4828.7378,59338899456
1433208600,4844.7041,4911.5742,4797.5518,4910.5269,62374801408
1433295000,4924.3809,4942.0649,4822.4419,4909.978,61145399296
1433381400,4912.9448,4947.9648,4647.4072,4947.1021,67495198720
1433467800,5016.0879,5051.626,4898.0679,5023.0962,77224099840
1433727000,5045.6938,5146.9492,4997.481,5131.8809,85503500288
1433813400,5145.978,5147.4541,5042.9629,5113.5342,72989401088
1433899800,5049.1968,5164.1621,5001.4888,5106.0361,59696898048
1433986200,5101.4399,5122.457,5050.7651,5121.5918,56399101952
1434072600,5143.3428,5178.1909,5103.4009,5166.3501,62562799616
1434331800,5174.418,5176.7949,5048.7422,5062.9932,63780401152
1434418200,5004.4121,5029.6841,4842.1001,4887.4321,55080099840
1434504600,4890.5508,4983.6582,4767.2158,4967.8979,53710098432
1434591000,4942.52,4966.7671,4780.873,4785.356,50744098816
1434677400,4689.9292,4744.0811,4476.501,4478.3638,45269000192
1435023000,4471.6128,4577.939,4264.772,4576.4922,47352598528
1435109400,4604.5791,4691.7681,4552.1279,4690.1499,54300401664
1435195800,4711.7632,4720.7002,4483.5479,4527.7788,57279799296
1435282200,4399.9331,4456.896,4139.5298,4192.873,56521801728
1435541400,4289.771,4297.4751,3875.05,4053.03,67378601984
1435627800,4006.7539,4279.9692,3847.8799,4277.2222,70917701632
1435714200,4214.1499,4317.0532,4043.3669,4053.7,59876900864
1435800600,4058.624,4080.387,3795.2529,3912.7671,58601598976
1435887000,3793.7119,3927.1279,3629.5559,3686.915,54816301056
1436146200,3975.2141,3975.2141,3653.0371,3775.9121,83113902080
1436232600,3654.7781,3750.5701,3585.3989,3727.125,69881896960
1436319000,3467.3989,3599.2529,3421.5249,3507.1919,68035698688
1436405400,3432.4541,3748.479,3373.54,3709.3301,65691500544
1436491800,3707.458,3959.22,3677.4341,3877.803,58636398592
1436751000,3918.99,4030.1951,3858.637,3970.3879,64348901376
1436837400,3958.373,4035.4341,3855.5601,3924.4871,67055898624
1436923800,3874.968,3914.2729,3741.25,3805.7029,60130099200
1437010200,3758.5049,3877.5139,3688.4409,3823.175,49225601024
1437096600,3831.4209,3994.4771,3814.147,3957.3521,48172601344
1437355800,3948.4209,4021.325,3927.1211,3992.1101,53910700032
1437442200,3939.8979,4041.8191,3912.801,4017.675,50428801024
1437528600,3996.427,4042.3379,3960.864,4026.0449,52073201664
1437615000,4022.2681,4132.6118,4019.0381,4123.9229,56358600704
1437701400,4124.7549,4184.4492,4044.8311,4070.908,62742499328
1437960600,3985.5701,4051.1589,3720.4441,3725.5581,55600300032
1438047000,3573.1431,3762.5259,3537.3579,3663.002,56333000704
1438133400,3689.825,3792.072,3612.064,3789.168,43435200512
1438219800,3773.7881,3844.374,3685.9561,3705.7661,45794299904
1438306200,3655.667,3729.512,3620.165,3663.7261,35095601152
1438565400,3614.99,3648.9431,3549.4961,3622.905,36396900352
1438651800,3621.855,3757.0291,3601.2891,3756.5449,36290199552
1438738200,3745.646,3782.3521,3676.3899,3694.573,36642299904
1438824600,3625.5029,3710.5701,3614.7419,3661.5391,27407499264
1438911000,3692.614,3756.74,3686.3,3744.2041,34075699200
1439170200,3786.033,3943.624,3775.854,3928.415,49730400256
1439256600,3928.8069,3970.3369,3891.179,3927.908,53892300800
1439343000,3881.228,3937.772,3871.136,3886.3201,44268797952
1439429400,3869.9109,3955.7891,3838.1589,3954.5559,43007299584
1439515800,3976.405,4000.6841,3939.835,3965.335,46798798848
1439775000,3947.844,3994.5371,3907.3989,3993.668,46043201536
1439861400,3999.134,4006.3369,3743.394,3748.1641,54377099264
1439947800,3646.803,3811.427,3558.3831,3794.1089,47539601408
1440034200,3754.5669,3788.0049,3663.6069,3664.291,39006298112
1440120600,3609.959,3652.8369,3490.54,3507.7439,36992000000
1440379800,3373.478,3388.364,3191.8789,3209.905,33467199488
1440466200,3004.126,3123.0339,2947.9441,2964.967,35232501760
1440552600,2980.7939,3092.041,2850.7129,2927.2881,46670000128
1440639000,2978.03,3085.4221,2906.49,3083.5911,40030801920
1440725400,3125.2639,3235.8379,3102.9451,3232.3491,44313698304
1440984600,3203.5591,3207.8621,3109.1631,3205.9851,39743098880
1441071000,3157.832,3180.3311,3053.738,3166.624,43243200512
1441157400,3027.678,3194.4851,3019.0869,3160.167,43817000960
1441589400,3149.3799,3217.5791,3066.304,3080.4199,29646800896
1441675800,3054.4441,3174.709,3011.1169,3170.4519,25541500928
1441762200,3182.552,3256.7429,3165.6951,3243.0891,37532798976
1441848600,3190.553,3243.281,3178.9041,3197.8931,27326199808
1441935000,3189.479,3223.762,3163.449,3200.2339,22455799808
1442194200,3221.165,3229.4819,3049.23,3114.7981,34663100416
1442280600,3043.8049,3081.7029,2983.9199,3005.1721,24919400448
1442367000,2998.0359,3182.9341,2983.5349,3152.2629,27752499200
1442453400,3131.9819,3204.7019,3085.314,3086.061,31760300032
1442539800,3100.28,3122.0481,3070.3359,3097.917,20917499904
1442799000,3072.094,3159.8831,3060.856,3156.54,23989700608
1442885400,3161.3181,3213.4761,3152.481,3185.6189,27478599680
1442971800,3137.7229,3164.041,3104.7439,3115.8879,23632300032
1443058200,3126.491,3151.165,3109.6909,3142.687,21288800256
1443144600,3130.8511,3149.948,3062.9951,3092.3469,23626399744
1443403800,3085.5669,3103.0681,3042.3101,3100.7561,15672800256
1443490200,3055.218,3068.2981,3021.157,3038.137,16322299904
1443576600,3052.8411,3073.3,3039.7419,3052.781,14664200192
1444267800,3156.075,3172.281,3133.127,3143.3569,23427600384
1444354200,3146.644,3192.717,3137.7881,3183.1521,23485100032
1444613400,3193.54,3318.7141,3188.407,3287.6621,38629498880
1444699800,3262.156,3298.626,3253.249,3293.23,29715300352
1444786200,3280.02,3307.3149,3256.2529,3262.4409,29507799040
1444872600,3255.032,3338.2971,3254.3921,3338.073,31628400640
1444959000,3358.2971,3393.0181,3334.854,3391.3521,39546101760
1445218200,3401.627,3423.4021,3355.5659,3386.7,37811200000
1445304600,3377.5471,3425.5161,3357.8611,3425.3301,31897399296
1445391000,3428.561,3447.2581,3265.436,3320.676,45845499904
1445477400,3292.291,3373.7759,3282.9929,3368.739,32373899264
1445563800,3377.5481,3422.022,3360.218,3412.4341,34737299456
1445823000,3448.6489,3457.5171,3402,3429.5811,36556099584
1445909400,3409.137,3441.5649,3332.616,3434.3359,32817299456
1445995800,3417.011,3439.7581,3367.231,3375.196,29352300544
1446082200,3387.7739,3411.7141,3362.509,3387.3149,23567599616
1446168600,3380.2839,3417.2009,3346.5911,3382.561,24359499776
1446427800,3337.5779,3391.064,3322.312,3325.085,23095099392
1446514200,3330.3159,3346.2749,3302.1841,3316.6951,19289700352
1446600600,3325.6189,3459.646,3325.6189,3459.6399,33907900416
1446687000,3459.2151,3585.657,3455.5249,3522.8181,55325499392
1446773400,3514.436,3596.3821,3508.8269,3590.032,42916700160
1447032600,3588.498,3673.76,3588.498,3646.8811,50301698048
1447119000,3617.396,3669.532,3607.8911,3640.4851,42974699520
1447205400,3635.0039,3654.877,3605.6211,3650.249,36097298432
1447291800,3656.8169,3659.3149,3603.228,3632.9021,36171800576
1447378200,3600.7639,3632.5559,3564.8091,3580.8391,34587099136
1447637400,3522.4609,3607.6121,3519.4209,3606.957,27618699264
1447723800,3629.9771,3678.2729,3598.0681,3604.7949,38357499904
1447810200,3605.061,3617.0691,3558.697,3568.468,29758099456
1447896600,3573.7759,3618.2129,3561.0439,3617.062,24791599104
1447983000,3620.791,3640.5291,3607.915,3630.499,31080200192
1448242200,3630.8669,3654.7539,3598.8711,3610.3149,31599699968
1448328600,3602.887,3616.4839,3563.104,3616.113,24881100800
1448415000,3614.0681,3648.3669,3607.5181,3647.9299,27302500352
1448501400,3659.574,3668.376,3629.865,3635.552,30676199424
1448587800,3616.5439,3621.896,3412.427,3436.303,35428798464
1448847000,3433.855,3470.3711,3327.811,3445.405,30419800064
1448933400,3442.4409,3483.4141,3417.5449,3456.3091,25239099392
1449019800,3450.2781,3538.8469,3427.6609,3536.905,30149099520
1449106200,3525.7271,3591.73,3517.23,3584.824,28111099904
1449192600,3558.1489,3568.97,3510.4121,3524.9919,25173600256
1449451800,3529.8059,3543.9451,3506.625,3536.927,20830300160
1449538200,3518.6479,3518.6479,3466.79,3470.0701,22436700160
1449624600,3462.583,3495.7019,3454.8789,3472.439,19569899520
1449711000,3469.8059,3503.6531,3446.2729,3455.4951,20042799104
1449797400,3441.5969,3455.5481,3410.9241,3434.5811,18290900992
1450056600,3403.5071,3521.7791,3399.28,3520.668,21537499136
1450143000,3518.126,3529.9609,3496.854,3510.354,20047099904
1450229400,3522.0911,3538.689,3506.291,3516.187,19348199424
1450315800,3533.6279,3583.408,3533.6279,3579.999,28385599488
1450402200,3574.9399,3614.698,3568.1609,3578.9641,27370799104
1450661400,3568.5811,3651.0559,3565.751,3642.4719,29984899072
1450747800,3645.99,3652.635,3616.8701,3651.7671,26117900288
1450834200,3653.282,3684.5669,3633.0249,3636.0891,29820200960
1450920600,3631.313,3640.2209,3572.2771,3612.4851,22778499072
1451007000,3614.054,3635.2561,3601.738,3627.9141,19845099520
1451266200,3635.769,3641.5879,3533.7791,3533.7791,26998300672
1451352600,3528.395,3564.1709,3515.52,3563.7361,18255200256
1451439000,3566.731,3573.6841,3538.1121,3572.876,18788999168
1451525400,3570.467,3580.6021,3538.353,3539.1819,17696399360
1451871000,3536.5879,3538.689,3295.741,3296.2581,18441799680
1451957400,3196.6509,3328.1389,3189.605,3287.7109,26688200704
1452043800,3291.1951,3362.9741,3288.9331,3361.8401,23888699392
1452130200,3309.657,3309.657,3115.885,3125.001,7056900096
1452216600,3194.625,3235.4509,3056.8779,3186.4121,28644100096
1452475800,3131.853,3166.2151,3016.697,3016.7041,27164399616
1452562200,3026.1589,3047.6641,2978.4629,3022.8611,20765999104
1452648600,3041.1069,3059.0149,2949.29,2949.5969,19428200448
1452735000,2874.0491,3012.293,2867.553,3007.6489,21290600448
1452821400,2988.0481,3001.708,2883.8679,2900.97,19872200704
1453080600,2847.5391,2945.45,2844.7041,2913.8369,16469999616
1453167000,2914.408,3012.0681,2906.4041,3007.739,20528001024
1453253400,2993.0139,3016.283,2951.9221,2976.6941,21650499584
1453339800,2934.3911,2998.79,2880.085,2880.4819,19167600640
1453426200,2911.1121,2931.3589,2851.7329,2916.562,15981100032
1453685400,2934.0779,2955.783,2911.8291,2938.5149,15303900160
1453771800,2907.718,2911.991,2743.8391,2749.7849,21083600896
1453858200,2756.082,2768.772,2638.302,2735.5581,21572200448
1453944600,2711.158,2740.5359,2647.4929,2655.6609,17112000512
1454031000,2652.854,2755.3669,2649.791,2737.6001,18667300864
1454290200,2730.9839,2735.2549,2655.623,2688.854,15638400000
1454376600,2687.9819,2755.1589,2687.9819,2749.5701,15807800320
1454463000,2719.574,2746.072,2696.8831,2739.2471,14839700480
1454549400,2751.4319,2793.2981,2751.314,2781.0229,17038199808
1454635800,2783.0759,2790.061,2762.1599,2763.4919,14118599680
1455499800,2684.9609,2760.3589,2682.0901,2746.196,12926400512
1455586200,2758.5791,2840.6221,2758.5791,2836.5701,19596199936
1455672600,2829.7639,2868.7009,2824.356,2867.3379,21691000832
1455759000,2881.7771,2893.2151,2857.699,2862.8931,21920399360
1455845400,2854.9041,2872.7241,2840.488,2860.021,16339099648
1456104600,2888.5979,2933.9641,2880.3469,2927.175,23217600512
1456191000,2925.708,2928.0481,2872.282,2903.3311,19974100992
1456277400,2889.885,2929.8711,2872.2739,2928.896,21340999680
1456363800,2922.2371,2922.2371,2729.8511,2741.2451,27028400128
1456450200,2760.0569,2784.7529,2715.874,2767.21,19111000064
1456709400,2754.814,2755.8899,2638.9629,2687.979,20741099520
1456795800,2688.3799,2747.562,2668.7571,2733.1699,18720700416
1456882200,2733.7671,2852.7,2732.5391,2849.6809,27096199168
1456968600,2847.3311,2878.4451,2840.874,2859.7581,28747800576
1457055000,2848.5381,2880.3721,2808.8491,2874.147,31249500160
1457314200,2886.6399,2911.8391,2871.3459,2897.3401,21746700288
1457400600,2895.666,2902.6211,2802.563,2901.387,23348299776
1457487000,2839.4109,2863.0149,2811.718,2862.5559,18335500288
1457573400,2847.5669,2863.176,2803.4761,2804.7261,13897900032
1457659800,2781.6001,2815.6069,2772.551,2810.3069,12724799488
1457919000,2830.084,2889.8159,2823.0281,2859.499,19481600000
1458005400,2853.978,2865.7871,2819.7949,2864.3679,16338700288
1458091800,2858.709,2881.5291,2854.1919,2870.4299,18649300992
1458178200,2875.4109,2921,2857.1909,2904.832,20028999680
1458264600,2915.5181,2971.551,2908.7419,2955.1499,31333300224
1458523800,2978.4551,3028.322,2973.7581,3018.802,35240001536
1458610200,3001.6299,3019.1011,2988.426,2999.363,27037700096
1458696600,2991.1689,3012.5601,2980.855,3009.96,21697699840
1458783000,2986.801,2998.1541,2960.5371,2960.97,23700600832
1458869400,2956.2,2981.408,2952.106,2979.4341,17507399680
1459128600,2988.01,3008.168,2948.5259,2957.8201,20202100736
1459215000,2956.7051,2962.2029,2905.251,2919.832,18296500224
1459301400,2941.218,3001.106,2941.218,3000.645,21037099008
1459387800,3009.3669,3023.4089,2992.916,3003.915,22041300992
1459474200,2997.0879,3009.6731,2956.2471,3009.53,20654600192
1459819800,3000.938,3057.3301,2993.1479,3053.0649,25673000960
1459906200,3039.7451,3059.7939,3029.0049,3050.592,23226200064
1459992600,3058.3391,3062.3579,3007.0601,3008.4199,22091999232
1460079000,2988.2,2996.1709,2960.46,2984.958,18790500352
1460338200,3006.9089,3048.9771,3006.9089,3033.957,22001799168
1460424600,3031.301,3036.825,3001.3149,3023.646,18271899648
1460511000,3041.3579,3097.165,3041.3579,3066.6379,31000299520
1460597400,3080.0901,3086.698,3056.989,3082.3621,20823799808
1460683800,3085.0259,3089.9509,3066.8721,3078.1169,18961299456
1460943000,3058.4629,3058.4629,3022.97,3033.6599,18330499072
1461029400,3047.1331,3054.5029,3024.895,3042.823,15653300224
1461115800,3050.3811,3055.689,2905.0481,2972.584,28314400768
1461202200,2954.3701,2990.6731,2943.4641,2952.8911,18940700672
1461288600,2933.0349,2960.209,2926.7759,2959.24,13721199616
1461547800,2949.9729,2954.092,2917.02,2946.6699,12585600000
1461634200,2944.7161,2965.429,2933.9709,2964.7,11771199488
1461720600,2967.1899,2976.022,2949.4319,2953.6709,13086799872
1461807000,2955.7419,2959.512,2916.374,2945.5891,13866300416
1461893400,2935.376,2950.5759,2930.356,2938.324,10931099648
1462239000,2940.3921,2993.5349,2929.8149,2992.6431,16870400000
1462325400,2983.0271,3004.418,2978.3291,2991.272,16540699648
1462411800,2987.022,2999.1179,2977.2,2997.842,14483099648
1462498200,2998.4021,3003.5901,2913.0359,2913.248,20679600128
1462757400,2896.1621,2896.1621,2821.8259,2832.113,18037800960
1462843800,2822.3269,2845.238,2820.1641,2832.5911,12082899968
1462930200,2843.5449,2857.2539,2818.699,2837.0371,13579499520
1463016600,2812.1079,2839.2759,2781.2361,2835.8621,13633800192
1463103000,2828.4609,2850.093,2814.115,2827.1089,11431999488
1463362200,2816.7749,2851.229,2804.991,2850.8621,11465400320
1463448600,2850.926,2860.3201,2832.459,2843.6841,12336900096
1463535000,2828.178,2828.2549,2781.416,2807.5139,14048799744
1463621400,2802.3149,2829.4021,2801.5481,2806.906,11159499776
1463707800,2792.8879,2825.9519,2785.0791,2825.4829,10870099968
1463967000,2826.312,2848.071,2826.2561,2843.645,12046999552
1464053400,2839.6819,2839.6951,2807.188,2821.666,11145199616
1464139800,2835.0291,2843.165,2807.749,2815.0859,10352700416
1464226200,2813.543,2827.092,2780.7629,2822.4431,11476700160
1464312600,2817.968,2832.7991,2809.7991,2821.0459,10984599552
1464571800,2814.6509,2830.97,2794.6609,2822.4509,10631999488
1464658200,2822.593,2917.135,2822.593,2916.616,21525999616
1464744600,2917.1541,2929.0759,2909.512,2913.5081,18838599680
1464831000,2911.219,2925.6699,2906.5239,2925.229,15971699712
1464917400,2929.7881,2945.519,2915.1851,2938.6819,17202100224
1465176600,2940.9939,2945.9419,2922.283,2934.0979,14199400448
1465263000,2936.282,2938.4441,2923.502,2936.0449,13298799616
1465349400,2932.376,2937.9861,2908.3669,2927.1589,14304600064
1465781400,2897.2729,2911.158,2832.5071,2833.071,16925500416
1465867800,2824.229,2843.4561,2822.061,2842.189,11975499776
1465954200,2814.6931,2894.2639,2811.781,2887.21,16667100160
1466040600,2878.4021,2887.7429,2865.3879,2872.8169,17388300288
1466127000,2873.009,2900.2991,2872.1841,2885.105,17147299840
1466386200,2887.636,2891.658,2864.02,2888.8091,13657100288
1466472600,2898.384,2919.302,2869.176,2878.5569,16435900416
1466559000,2872.7339,2905.978,2869.5129,2905.55,13059000320
1466645400,2902.3979,2904.1121,2878.6609,2891.96,13613700096
1466731800,2883.759,2899.5691,2807.5979,2854.2859,19084300288
1466991000,2840.5591,2895.731,2840.2759,2895.7029,15669699584
1467077400,2885.011,2913.582,2878.824,2912.5569,17387100160
1467163800,2918.5339,2933.9971,2915.062,2931.592,19321600000
1467250200,2931.481,2938.137,2922.312,2929.606,15446500352
1467336600,2931.802,2944.989,2925.8101,2932.4761,14124600320
1467595800,2924.293,2992.498,2922.52,2988.604,22201700352
1467682200,2991.752,3010.2749,2990.6421,3006.3921,23520399360
1467768600,2998.521,3017.6521,2984.8279,3017.292,21237100544
1467855000,3009.353,3024.1089,2994.6431,3016.8469,22268200960
1467941400,3000.3259,3001.551,2983.8811,2988.094,16898700288
1468200600,2993.749,3022.9441,2990.907,2994.917,22433800192
1468287000,2992.519,3049.6809,2984.4209,3049.3811,25948600320
1468373400,3049.5129,3069.0471,3048.199,3060.689,25365899264
1468459800,3054.9751,3057.0459,3036.5229,3054.0181,18019500032
1468546200,3056.6819,3062.6831,3044.5371,3054.2959,17286600704
1468805400,3047.637,3058.321,3031.6389,3043.564,17749700608
1468891800,3040.2261,3043.6001,3014.2891,3036.5979,15536100352
1468978200,3034.7141,3042.9971,3022.6311,3027.8999,13824300032
1469064600,3027.604,3053.334,3027.3679,3039.009,16376699904
1469151000,3038.1179,3039.27,3007.457,3012.8159,16200999936
1469410200,3008.094,3027.123,3003.292,3015.8279,14420700160
1469496600,3014.04,3050.615,3013.802,3050.166,15669499904
1469583000,3050.3669,3057.4241,2939.2271,2991.999,28016099328
1469669400,2980.501,3003.363,2968.1819,2994.323,19056500736
1469755800,2992.5359,3000.0549,2972.917,2979.3391,15010199552
1470015000,2971.949,2972.875,2931.9629,2953.385,14740799488
1470101400,2950.0801,2971.2791,2946.637,2971.2791,11546900480
1470187800,2963.2151,2981.155,2956.7859,2978.4609,14114100224
1470274200,2976.4099,2982.8601,2958.9331,2982.426,13393300480
1470360600,2978.7781,2991.677,2971.564,2976.696,14185700352
1470619800,2972.625,3004.718,2959.0481,3004.2771,15573000192
1470706200,3001.3059,3025.9109,2998.677,3025.6799,16999499776
1470792600,3023.4719,3033.196,3017.0901,3018.7461,16467500032
1470879000,3013.678,3038.0481,3001.168,3002.6379,16187899904
1470965400,3000.2729,3051.054,2999.0391,3050.667,16817399808
1471224600,3056.4829,3137.4761,3053.8711,3125.1951,29761699840
1471311000,3130.533,3140.4409,3102.0649,3110.0371,27832899584
1471397400,3106.991,3114.2549,3090.281,3109.5549,21383999488
1471483800,3107.7529,3125.5811,3093.3169,3104.114,22935900160
1471570200,3100.3911,3113.344,3082.771,3108.1021,19434700800
1471829400,3107.3811,3112.74,3083.593,3084.8049,18538799104
1471915800,3081.572,3101.1101,3073.5291,3089.7061,16136899584
1472002200,3092.02,3097.1479,3079.5481,3085.8799,14570699776
1472088600,3073.4441,3073.4441,3041.5049,3068.3291,17403299840
1472175000,3069.8501,3087.6521,3063.894,3070.3091,14966400000
1472434200,3068.46,3074.9431,3058.7849,3070.0271,14449999872
1472520600,3071.4399,3082.988,3065.9709,3074.677,14043499520
1472607000,3072.916,3087.698,3063.396,3085.491,14136899584
1472693400,3083.9609,3088.7041,3062.876,3063.3049,15519099904
1472779800,3057.4939,3072.5259,3050.4919,3067.3521,15044700160
1473039000,3070.707,3085.4851,3065.3291,3072.095,14496300032
1473125400,3071.0549,3095.509,3053.187,3090.7129,17290899456
1473211800,3091.3291,3105.677,3087.8789,3091.928,18695700480
1473298200,3089.9529,3096.783,3083.9009,3095.9541,14588399616
1473384600,3095.427,3101.792,3078.218,3078.855,16069300224
1473643800,3037.5071,3040.9519,2999.929,3021.9771,20601200640
1473730200,3025.0349,3029.7209,3008.74,3023.51,13538799616
1473816600,3008.9041,3017.9451,2995.416,3002.8491,13341299712
1474248600,3005.323,3026.6509,3005.323,3026.051,11922499584
1474335000,3027.1721,3027.8159,3015.8799,3022.999,11892400128
1474421400,3021.5759,3032.45,3017.541,3025.874,11572100096
1474507800,3038.4221,3054.4351,3035.0701,3042.313,13930999808
1474594200,3044.7859,3046.8049,3032.802,3033.896,12559099904
1474853400,3028.2429,3028.2429,2980.1169,2980.4299,14433000448
1474939800,2974.593,2998.2329,2969.1321,2998.1721,12170099712
1475026200,3000.6951,3000.6951,2984.321,2987.8579,10462600192
1475112600,2992.168,3009.198,2991.9089,2998.4829,11321400320
1475199000,2994.251,3009.1951,2993.062,3004.7029,10133399552
1476063000,3020.457,3048.2361,3014.6201,3048.1431,16005099520
1476149400,3051.6221,3066.104,3048.0171,3065.25,16727300096
1476235800,3057.3159,3060.5139,3048.8879,3058.498,14249400320
1476322200,3057.9719,3064.999,3052.6399,3061.3459,15475699712
1476408600,3056.9929,3064.7891,3043.1841,3063.8091,15537399808
1476667800,3064.6909,3068.812,3033.7529,3041.166,16373300224
1476754200,3037.4041,3084.187,3037.4041,3083.875,18204200960
1476840600,3085.749,3096.2229,3076.771,3084.719,18247000064
1476927000,3084.908,3089.6819,3076.2949,3084.458,16069099520
1477013400,3081.3889,3101.8491,3069.2671,3090.9409,18738800640
1477272600,3092.0471,3137.0339,3090.7859,3128.2471,24052199424
1477359000,3127.968,3132.5049,3121.05,3131.939,20338100224
1477445400,3129.8379,3129.8379,3110.387,3116.312,19166300160
1477531800,3112.603,3114.759,3100.3921,3112.3501,15800899584
1477618200,3111.7041,3128.6431,3101.2371,3104.27,18177400832
1477877400,3097.188,3102.302,3081.072,3100.4919,15150699520
1477963800,3101.6641,3122.615,3097.042,3122.436,16023199744
1478050200,3115.729,3118.9771,3099.8201,3102.7329,18272200704
1478136600,3096.7649,3140.9299,3094.103,3128.936,22298599424
1478223000,3126.3491,3141.334,3119.5349,3125.3169,19768299520
1478482200,3124.8921,3139.2019,3117.0959,3133.333,17941800960
1478568600,3140.9431,3156.8811,3134.9551,3147.887,19084699648
1478655000,3146.0769,3146.95,3096.947,3128.3701,24111499264
1478741400,3148.5439,3172.3091,3148.5439,3171.282,24419299328
1478827800,3169.4009,3202.74,3166.0701,3196.0439,31085500416
1479087000,3187.709,3221.458,3186.7959,3210.3711,32960800768
1479173400,3209.9551,3214.292,3195.0349,3206.9861,24088600576
1479259800,3208.4971,3210.8931,3195.4109,3205.0569,22176700416
1479346200,3198.499,3211.053,3187.2061,3208.4519,21420599296
1479432600,3207.1931,3212.394,3187.4961,3192.856,20982700032
1479691800,3188.4961,3229.7571,3188.28,3218.1479,23065300992
1479778200,3220.9829,3249.677,3220.9829,3248.3521,26163200000
1479864600,3247.9451,3262.8789,3231.5859,3241.137,24995999744
1479951000,3237.428,3257.8569,3232.8689,3241.7361,23232499712
1480037400,3241.2429,3262.438,3209.5979,3261.938,23392200704
1480296600,3270.0471,3288.3369,3267.6741,3277,28155099136
1480383000,3269.2339,3301.2129,3263.397,3282.9241,32083599360
1480469400,3272.1421,3277.269,3239.521,3250.0339,24357599232
1480555800,3257.0271,3279.6709,3256.2561,3273.3091,23776000000
1480642200,3270.1211,3279.7141,3235.2771,3243.843,25956700160
1480901400,3203.7839,3219.5181,3194.8779,3204.709,22300999680
1480987800,3202.0291,3215.311,3196.5249,3199.647,15757299712
1481074200,3198.4751,3222.428,3189.4851,3222.2419,16907299840
1481160600,3225.55,3228.1221,3211.4709,3215.366,17070999552
1481247000,3209.3401,3244.801,3207.043,3232.8831,20402399232
1481506200,3233.666,3245.095,3149.896,3152.97,27470800896
1481592600,3138.988,3162.4961,3118.7119,3155.0371,18516400128
1481679000,3149.377,3170.021,3136.3479,3140.531,20135899136
1481765400,3125.7571,3138.7791,3100.9131,3117.677,18999099392
1481851800,3111.5144,3128.8735,3106.3464,3122.9814,16498899968
1482111000,3120.6963,3125.2839,3110.0818,3118.0847,15416999936
1482197400,3115.8984,3117.0144,3084.7998,3102.876,15742699520
1482283800,3107.2395,3140.2512,3107.2395,3137.4297,18670700544
1482370200,3132.1558,3143.1685,3126.8872,3139.5581,16780499968
1482456600,3134.9292,3138.4041,3103.7476,3110.1543,16617700352
1482715800,3095.5786,3122.8811,3068.415,3122.5691,15257199616
1482802200,3117.3867,3127.8828,3113.7451,3114.6641,14152899584
1482888600,3113.7671,3118.7817,3094.5488,3102.2356,13572700160
1482975000,3095.8447,3111.7993,3087.344,3096.0967,13262300160
1483061400,3097.3455,3108.8394,3089.9895,3103.6372,13326699520
1483407000,3105.3086,3136.4558,3105.3086,3135.9209,14156699648
1483493400,3133.7874,3160.1028,3130.1145,3158.7939,16786100224
1483579800,3157.9063,3168.5022,3154.281,3165.4109,17472800768
1483666200,3163.7761,3172.0347,3153.0254,3154.321,18370899968
1483925400,3148.5317,3173.136,3147.7351,3171.2361,17171399680
1484011800,3167.5701,3174.5781,3157.3323,3161.6714,17975900160
1484098200,3156.6855,3167.0288,3136.2666,3136.7534,17836199936
1484184600,3133.6016,3144.97,3115.9788,3119.2886,14888899584
1484271000,3116.0828,3130.5146,3102.1628,3112.7644,15627400192
1484530200,3104.4924,3105.1423,3044.2913,3103.428,25788600320
1484616600,3087.0295,3108.9072,3072.3384,3108.7747,13615800320
1484703000,3104.7664,3123.7202,3098.5864,3113.0122,13178000384
1484789400,3104.9714,3115.7778,3094.0056,3101.2993,12385099776
1484875800,3095.8186,3125.6599,3095.2146,3123.1389,12236699648
1485135000,3125.4209,3145.8411,3125.4209,3136.7749,13265999872
1485221400,3134.592,3149.5313,3131.218,3142.5532,12597399552
1485307800,3137.6462,3151.4724,3133.1912,3149.5547,11207400448
1485394200,3149.2168,3163.104,3148.9082,3159.166,11387700224
1486085400,3160.0815,3162.677,3136.0129,3140.1699,9222500352
1486344600,3143.093,3158.8433,3135.387,3156.9839,12719800320
1486431000,3154.4045,3159.5439,3140.0356,3153.0879,12833699840
1486517400,3148.0859,3167.4465,3132.0332,3166.9817,14492000256
1486603800,3164.6875,3186.8379,3162.5745,3183.1794,19164000256
1486690200,3183.0068,3205.0491,3182.802,3196.699,23934900224
1486949400,3198.9946,3219.4072,3198.9946,3216.8394,22019198976
1487035800,3216.137,3219.4048,3205.2854,3217.928,18879799296
1487122200,3215.4639,3235.9978,3206.5605,3212.9856,24150800384
1487208600,3210.3567,3230.2754,3207.7852,3229.6184,21695600640
1487295000,3227.7073,3238.396,3199.4248,3202.0757,22622799872
1487554200,3198.9634,3241.458,3198.9634,3239.9612,23215200256
1487640600,3242.2227,3254.3354,3239.8774,3253.3257,21167300608
1487727000,3252.6897,3261.3809,3243.8398,3261.2185,20745400320
1487813400,3258.8318,3264.0818,3236.355,3251.375,20917999616
1487899800,3246.8604,3253.9556,3233.5349,3253.4326,18640599040
1488159000,3249.1946,3251.6543,3224.0884,3228.6602,18258100224
1488245400,3225.969,3242.679,3225.969,3241.7332,15124400128
1488331800,3240.0725,3259.978,3237.8713,3246.9336,19067799552
1488418200,3250.5183,3256.8074,3228.6648,3230.0281,18121500672
1488504600,3219.2019,3221.1553,3206.6128,3218.3118,15708199936
1488763800,3217.3345,3234.6626,3215.0669,3233.8657,15609199616
1488850200,3233.094,3242.6592,3226.822,3242.4063,16406400000
1488936600,3240.5322,3245.3042,3230.6084,3240.6646,16073100288
1489023000,3233.7007,3233.875,3205.2793,3216.7456,16737099776
1489109400,3213.7295,3222.3188,3208.4473,3212.76,13667300352
1489368600,3209.4492,3237.1211,3193.1565,3237.0244,16367399936
1489455000,3235.2515,3246.3286,3231.521,3239.3279,14694599680
1489541400,3235.4031,3243.7129,3227.7378,3241.7598,14405600256
1489627800,3247.1628,3269.77,3247.1628,3268.9353,18941599744
1489714200,3271.8665,3274.1902,3232.2805,3237.447,20058300416
1489973400,3241.1101,3251.1272,3228.1177,3250.8081,17054799872
1490059800,3250.2473,3262.2209,3246.6958,3261.6108,16271899648
1490146200,3246.2234,3255.7778,3229.1284,3245.2197,18973200384
1490232600,3245.8079,3262.0913,3221.9343,3248.5496,19302899712
1490319000,3247.3496,3275.2065,3241.1233,3269.4451,21977800704
1490578200,3268.9241,3283.2393,3262.1184,3266.9551,20185300992
1490664600,3265.6345,3265.6345,3246.0862,3252.948,16170999808
1490751000,3252.8652,3262.0977,3233.2795,3241.3145,21610600448
1490837400,3235.137,3240.0173,3195.8523,3210.2368,24713500672
1490923800,3206.2529,3226.2483,3205.5366,3222.5142,19644299264
1491355800,3235.6604,3270.6453,3233.2368,3270.3054,24832000000
1491442200,3272.1926,3286.6738,3265.7644,3281.0046,24528799744
1491528600,3280.6238,3295.187,3275.0508,3286.616,23610900480
1491787800,3285.4595,3285.4595,3265.0122,3269.3926,23269500928
1491874200,3266.2219,3290.3887,3244.4048,3288.9658,28128100352
1491960600,3283.8369,3284.9338,3262.2773,3273.8301,26938200064
1492047000,3265.218,3281.137,3261.49,3275.9602,20734699520
1492133400,3276.1382,3276.7112,3238.896,3246.0669,21450899456
1492392600,3229.9492,3229.9492,3199.9121,3222.1672,21273700352
1492479000,3215.3962,3225.0547,3196.4883,3196.7134,18866100224
1492565400,3184.666,3189.4368,3147.0654,3170.6868,21323800576
1492651800,3165.665,3178.1826,3148.1843,3172.1003,19087400960
1492738200,3170.2898,3180.7944,3158.6287,3173.1511,16476199936
1492997400,3164.2478,3164.2478,3111.2146,3129.5313,18627700736
1493083800,3123.8943,3145.2671,3117.4487,3134.5674,15341800448
1493170200,3132.9182,3152.9534,3131.418,3140.8472,16987799552
1493256600,3131.3496,3155.0034,3097.3335,3152.187,21179299840
1493343000,3144.022,3154.7266,3136.5781,3154.6584,16289000448
1493688600,3147.2275,3154.7813,3136.5391,3143.7122,15422300160
1493775000,3138.3069,3148.2856,3123.751,3135.3459,16376399872
1493861400,3127.1057,3143.8179,3111.3911,3127.3687,17796700160
1493947800,3114.7734,3117.614,3092.0918,3103.0378,17621399552
1494207000,3090.0652,3093.4517,3067.6943,3078.6128,18052700160
1494293400,3064.8484,3084.2078,3056.5581,3080.5269,13506700288
1494379800,3078.1729,3090.8191,3051.5896,3052.7849,16079399936
1494466200,3036.7891,3063.5637,3016.5305,3061.5002,19134199808
1494552600,3054.1123,3090.4915,3051.8713,3083.5132,15968400384
1494811800,3085.9319,3098.9126,3085.9319,3090.229,13566100480
1494898200,3082.8716,3113.5117,3060.5344,3112.9641,17377599488
1494984600,3107.802,3119.5815,3101.2954,3104.4414,16867399680
1495071000,3082.3289,3103.4414,3077.9631,3090.1389,14862000128
1495157400,3086.7053,3095.4827,3081.2781,3090.6309,12963500032
1495416600,3087.1704,3103.9375,3063.1528,3075.6755,15368399872
1495503000,3069.3936,3084.2351,3050.8423,3061.947,17831100416
1495589400,3047.5681,3064.8127,3022.3025,3064.0759,13981299712
1495675800,3055.3425,3114.6577,3052.8308,3107.8311,19139198976
1495762200,3101.2864,3120.6626,3100.3877,3110.0586,15592299520
1496194200,3125.3252,3143.2788,3111.5564,3117.1777,15294999552
1496280600,3108.4214,3113.5212,3097.6794,3102.6233,16301599744
1496367000,3094.2253,3110.3892,3081.8484,3105.54,14250500096
1496626200,3102.1096,3105.5056,3084.8301,3091.656,13256999936
1496712600,3084.54,3102.8633,3078.7871,3102.126,11344000000
1496799000,3101.7607,3140.7744,3098.9507,3140.325,17322899456
1496885400,3136.4705,3153.2634,3132.8279,3150.3335,15227799552
1496971800,3147.4534,3165.9197,3146.1074,3158.4004,16013599744
1497231000,3149.5266,3164.9502,3135.314,3139.8767,14672900096
1497317400,3134.0088,3155.9895,3131.0432,3153.7429,12831800320
1497403800,3146.748,3149.1731,3125.3545,3130.6741,13834699776
1497490200,3125.5864,3137.5854,3117.084,3132.4863,14695400448
1497576600,3126.3728,3134.2512,3117.8567,3123.1663,12965300224
1497835800,3122.1577,3146.7703,3121.7788,3144.3738,13489200128
1497922200,3148.0188,3150.4646,3134.6106,3140.0137,14119199744
1498008600,3148.9861,3157.0276,3132.6172,3156.2119,13668800512
1498095000,3152.2424,3186.9824,3146.6433,3147.4531,19134400512
1498181400,3138.4441,3158.0474,3118.0945,3157.873,15484399616
1498440600,3157.0022,3187.8892,3156.9768,3185.4438,17357899776
1498527000,3183.4199,3193.4612,3172.4629,3191.197,14820100096
1498613400,3183.6333,3193.4397,3170.7859,3173.2014,14651700224
1498699800,3174.9812,3188.7742,3174.2834,3188.0625,12875499520
1498786200,3176.948,3193.2412,3171.5703,3192.427,12146499584
1499045400,3191.9983,3196.2861,3177.0244,3195.9116,14030600192
1499131800,3192.8884,3193.0645,3174.314,3182.804,14111500288
1499218200,3179.2168,3207.3096,3174.708,3207.1343,14829599744
1499304600,3203.863,3215.95,3188.7732,3212.4441,17580900352
1499391000,3203.8225,3219.5232,3195.2905,3217.9568,17671499776
1499650200,3208.4626,3223.3401,3203.209,3212.6318,19892799488
1499736600,3201.5168,3226.908,3199.2234,3203.0376,18783700992
1499823000,3201.9292,3215.1963,3177.9346,3197.5439,18690099200
1499909400,3192.3616,3219.2683,3190.3394,3218.1631,19530399744
1499995800,3212.0315,3222.9785,3204.8528,3222.4167,16012699648
1500255000,3219.7915,3230.354,3139.5034,3176.4648,26620499968
1500341400,3159.7317,3187.6709,3150.1284,3187.5671,19062300672
1500427800,3181.4016,3232.9409,3179.73,3230.9763,27242100736
1500514200,3227.5056,3246.2361,3225.4329,3244.8647,23210799104
1500600600,3236.5881,3247.7122,3231.9556,3237.9817,20600299520
1500859800,3230.8979,3261.1045,3230.0706,3250.5989,23305601024
1500946200,3249.1377,3261.6455,3233.1377,3243.6895,20557400064
1501032600,3244.4607,3264.8484,3228.0388,3247.6748,21354199040
1501119000,3243.7649,3251.926,3220.6367,3249.7815,22848600064
1501205400,3240.1729,3256.3706,3232.9634,3253.2405,18222700544
1501464600,3252.752,3276.946,3251.1941,3273.0283,24603899904
1501551000,3274.3684,3292.6382,3273.5039,3292.6382,23719499776
1501637400,3288.5183,3305.4314,3282.0376,3285.0569,26673100800
1501723800,3279.9863,3293.3687,3262.1555,3272.9287,23327700992
1501810200,3269.3181,3287.1929,3261.3066,3262.0808,27590600704
1502069400,3257.6699,3280.1035,3243.7153,3279.4565,23117299712
1502155800,3277.1887,3285.4834,3269.6582,3281.8728,25204400128
1502242200,3277.8083,3277.9434,3263.8467,3275.573,23559800832
1502328600,3269.7346,3282.519,3236.1829,3261.7495,24068499456
1502415000,3237.9221,3245.1162,3200.748,3208.5413,26296299520
1502674200,3206.0437,3240.0518,3206.0437,3237.3601,19034699776
1502760600,3235.2297,3263.5891,3235.1013,3251.2617,18229800960
1502847000,3247.8525,3248.7849,3228.8706,3246.4512,17685200896
1502933400,3253.8455,3269.1389,3251.4592,3268.4297,20362299392
1503019800,3253.2434,3275.0764,3248.0833,3268.7244,19112200192
1503279000,3274.5806,3287.5186,3270.4753,3286.9055,18612199424
1503365400,3287.6147,3293.4761,3274.9409,3290.2256,18653800448
1503451800,3283.7966,3299.4573,3274.4404,3287.7048,17983199232
1503538200,3287.9595,3297.9885,3266.3589,3271.5117,16346900480
1503624600,3271.4607,3331.9146,3271.4607,3331.5222,20583899136
1503883800,3336.1265,3375.0339,3336.1265,3362.6514,25746100224
1503970200,3362.0603,3374.5947,3354.4626,3365.2261,21950500864
1504056600,3361.8208,3376.6482,3357.0803,3363.6267,24686299136
1504143000,3361.4622,3367.3582,3340.6865,3360.8103,23441999872
1504229400,3365.9912,3381.9253,3358.4724,3367.1194,28249800704
1504488600,3369.7185,3381.4026,3359.1309,3379.583,26742800384
1504575000,3377.1968,3390.8232,3371.5706,3384.3169,21655300096
1504661400,3372.4277,3391.0105,3364.7644,3385.3889,22909100032
1504747800,3383.6282,3387.7957,3363.1765,3365.4973,22111899648
1504834200,3364.4275,3380.8899,3353.6875,3365.2427,19840499712
1505093400,3365.3506,3384.8101,3360.0461,3376.4187,21901099008
1505179800,3381.4871,3391.0693,3370.8518,3379.488,27291000832
1505266200,3374.7185,3387.1396,3366.5413,3384.147,19455100928
1505352600,3383.47,3391.6436,3361.3335,3371.4255,22130599936
1505439000,3365.1455,3365.5276,3345.3284,3353.6191,21976600576
1505698200,3352.5134,3371.7485,3352.5134,3362.8586,19032000512
1505784600,3365.5315,3370.4009,3344.7053,3356.8445,19113000960
1505871000,3352.1848,3370.0979,3346.5356,3365.9958,19219699712
1505957400,3364.6978,3377.8845,3356.8755,3357.8123,19744899072
1506043800,3347.157,3356.4514,3334.9846,3352.5293,17923399680
1506303000,3344.5886,3350.9612,3334.9438,3341.5486,16962100224
1506389400,3336.3496,3347.1628,3332.5984,3343.5825,13262900224
1506475800,3340.822,3349.6948,3340.2988,3345.2717,14308700160
1506562200,3343.8445,3344.6006,3336.1785,3339.6421,14944400384
1506648600,3340.3108,3357.0154,3340.3108,3348.9431,14486200320
1507512600,3403.2458,3410.1704,3366.9651,3374.3782,19173599232
1507599000,3373.3445,3384.0261,3358.7954,3382.9878,17942401024
1507685400,3381.488,3395.7793,3379.1633,3388.2837,18147700736
1507771800,3385.533,3390.2036,3372.5332,3386.1001,16180899840
1507858200,3384.4883,3395.7483,3383.2393,3390.5232,13995499520
1508117400,3393.2056,3400.5112,3374.7688,3378.4705,17433100288
1508203800,3373.2341,3382.4072,3365.5647,3372.0408,12538200064
1508290200,3373.5281,3383.2324,3371.9248,3381.7937,15722900480
1508376600,3374.6443,3378.7358,3359.6284,3370.1721,15847600128
1508463000,3363.5139,3379.7651,3360.1001,3378.6482,12717299712
1508722200,3382.28,3385.2854,3374.7051,3380.699,13084600320
1508808600,3376.5989,3388.6887,3374.1245,3388.2478,13989799936
1508895000,3384.8579,3398.3042,3382.0337,3396.8975,12313100288
1508981400,3397.519,3414.2415,3391.4548,3407.5671,18376900608
1509067800,3404.4978,3421.1025,3402.114,3416.8125,17025699840
1509327000,3413.8679,3419.7314,3357.2761,3390.3372,20834899968
1509413400,3380.999,3397.0989,3376.1238,3393.3418,15349799936
1509499800,3393.9678,3410.3518,3388.5979,3395.9126,18056599552
1509586200,3391.6521,3391.6521,3372.2131,3383.3096,16686399488
1509672600,3377.7356,3380.5701,3347.3604,3371.7441,17271500800
1509931800,3369.6851,3389.3826,3356.5337,3388.1743,15463600128
1510018200,3389.4722,3415.1482,3387.9458,3413.5747,19057199104
1510104600,3409.1475,3434.4917,3404.8811,3415.4602,18543599616
1510191000,3410.6724,3428.7705,3408.6187,3427.7947,15864999936
1510277400,3423.1846,3438.7925,3414.3286,3432.6731,18927699968
1510536600,3435.1838,3449.1638,3435.085,3447.8357,20538900480
1510623000,3446.5454,3450.4949,3419.6919,3429.5481,19647299584
1510709400,3416.2112,3423.7495,3396.3811,3402.5244,16879200256
1510795800,3393.1936,3409.6533,3390.5889,3399.2502,15668400128
1510882200,3392.6833,3403.2854,3373.2957,3382.9075,24945799168
1511141400,3361.3562,3393.1062,3337.116,3392.3987,17652500480
1511227800,3382.3596,3419.802,3377.5989,3410.4978,19687200768
1511314200,3417.3313,3442.1777,3404.2866,3430.4644,21356699648
1511400600,3425.0093,3429.4236,3342.3325,3351.9182,21526499328
1511487000,3340.3843,3360.7458,3328.334,3353.8208,15957000192
1511746200,3346.6567,3347.0505,3315.2642,3322.2297,16643900416
1511832600,3311.2322,3333.7998,3300.7808,3333.657,13824799744
1511919000,3335.5671,3343.0625,3305.572,3337.8621,18380599296
1512005400,3328.6426,3340.9202,3306.2832,3317.1885,15659599872
1512091800,3315.105,3324.5161,3302.4397,3317.6174,13919800320
1512351000,3310.3813,3323.9961,3304.1035,3309.6184,14805300224
1512437400,3301.6907,3315.7373,3300.5117,3303.675,20827899904
1512523800,3291.3127,3296.2014,3254.6108,3293.9648,15160399872
1512610200,3283.2791,3291.2817,3259.1638,3272.0542,13210600448
1512696600,3264.4775,3297.1304,3258.7593,3289.9924,13320899584
1512955800,3290.488,3322.6736,3288.2949,3322.1956,13196598272
1513042200,3320.3103,3320.3103,3280.3291,3280.8137,12460482560
1513128600,3278.3967,3304.01,3273.3247,3303.0374,11199864832
1513215000,3302.9321,3309.5295,3282.5732,3292.4385,12054423552
1513301400,3287.5293,3287.5293,3259.3882,3266.1372,13094062080
1513560600,3268.0334,3280.5437,3254.1775,3267.9224,12070038528
1513647000,3266.019,3296.9397,3266.019,3296.5383,11514013696
1513733400,3296.7402,3300.2124,3276.1201,3287.6057,13774512128
1513819800,3281.1179,3309.2234,3267.4043,3300.0593,14212792320
1513906200,3297.6853,3307.3276,3293.4414,3297.063,12404732928
1514165400,3296.2107,3312.2998,3270.4407,3280.4609,14689363968
1514251800,3277.8372,3307.2993,3274.3274,3306.1245,14243449856
1514338200,3302.4612,3307.0798,3270.3491,3275.7827,16267489280
1514424600,3272.2913,3304.0962,3263.7283,3296.3848,17537167360
1514511000,3295.2461,3308.2249,3292.77,3307.1721,14158683136
1514856600,3314.0308,3349.053,3314.0308,3348.3259,20227885056
1514943000,3347.7429,3379.9153,3345.2888,3369.1084,21383614464
1515029400,3371,3392.8264,3365.2954,3385.7102,20695529472
1515115800,3386.4641,3402.0693,3380.2451,3391.75,21306068992
1515375000,3391.5527,3412.7307,3384.5591,3409.4795,23616499712
1515461400,3406.1116,3417.2278,3403.5869,3413.8997,19148900352
1515547800,3414.1128,3430.2139,3398.8423,3421.8342,20909500416
1515634200,3415.585,3426.4829,3405.6389,3425.345,17381199872
1515720600,3423.8794,3435.4238,3417.9802,3428.9407,17406300160
1515979800,3428.9507,3442.5007,3402.312,3410.4883,23200899072
1516066200,3403.4695,3437.5828,3401.9607,3436.594,21147500544
1516152600,3438.5762,3465.2048,3430.5115,3444.6714,26104500224
1516239000,3449.8811,3476.5459,3448.7886,3474.7539,22004000768
1516325400,3481.6201,3498.4341,3474.2915,3487.864,24753700864
1516584600,3476.9939,3503.3857,3475.6731,3501.3623,21748799488
1516671000,3504.344,3547.2222,3504.344,3546.5049,23870599168
1516757400,3553.4788,3569.489,3527.1118,3559.4653,25295449600
1516843800,3555.1677,3571.4805,3528.0349,3548.3069,24341342200
1516930200,3535.4932,3574.9048,3534.1953,3558.1289,22269829500
1517189400,3563.6399,3587.0322,3510.2688,3523.0007,23602696500
1517275800,3511.5005,3523.0513,3484.6555,3488.009,18636997500
1517362200,3470.5088,3495.4534,3454.7258,3480.8335,20725340300
1517448600,3478.6702,3495.0933,3424.4187,3446.98,26050470700
1517535000,3419.2249,3463.1638,3388.8596,3462.0808,20812055100
1517794200,3411.6699,3487.7212,3406.2405,3487.4971,21767375400
1517880600,3418.01,3440.124,3364.2163,3370.6521,28055548000
1517967000,3412.7441,3425.5376,3304.0071,3309.2598,26093971400
1518053400,3281.0459,3307.1624,3225.7117,3262.0503,20126249900
1518139800,3172.8508,3180.1101,3062.7427,3129.8508,25638917600
1518399000,3128.3708,3168.1257,3113.6055,3154.1255,15331083100
1518485400,3176.1067,3219.2168,3176.1067,3184.9587,15152759700
1518571800,3188.2476,3203.4966,3171.3835,3199.1589,10032282700
1519263000,3237.5691,3269.9155,3234.1152,3268.5588,13873044500
1519349400,3275.429,3294.1338,3258.4878,3289.0242,14579036800
1519608600,3307.2949,3335.9856,3281.615,3329.5737,18856860200
1519695000,3328.6719,3328.6719,3284.6294,3292.0679,17421936800
1519781400,3264.0586,3277.8325,3239.8438,3259.408,15104353600
1519867800,3235.0886,3280.1492,3228.5847,3273.7549,15909832000
1519954200,3248.4463,3269.9377,3242.2668,3254.5283,15086106300
1520213400,3255.8713,3269.3999,3236.7173,3256.9263,14483598800
1520299800,3266.4868,3290.2534,3243.6541,3289.6418,19535804600
1520386200,3288.8645,3308.4063,3264.7639,3271.6682,16866501900
1520472600,3268.3467,3289.4973,3261.5525,3288.4055,14982751900
1520559000,3291.4258,3309.7153,3283.5591,3307.1655,16842450900
1520818200,3319.209,3333.561,3313.5552,3326.6992,20653243600
1520904600,3324.1216,3333.8755,3307.3765,3310.239,17711435300
1520991000,3298.6655,3304.9788,3287.3557,3291.3818,15749108500
1521077400,3277.5144,3297.0981,3273.2007,3291.1121,14857360600
1521163800,3290.209,3300.5654,3269.2827,3269.8821,14120364700
1521423000,3264.928,3280.5674,3251.0471,3279.2517,13795498000
1521509400,3257.2188,3292.5742,3252.4333,3290.6399,13988108100
1521595800,3299.731,3314.209,3268.8779,3280.9521,16839827700
1521682200,3281.2649,3288.7966,3242.762,3263.4802,15043297700
1521768600,3172.772,3188.2351,3110.6638,3152.7607,27553201000
1522027800,3117.3191,3134.2759,3091.4575,3133.7217,18636635000
1522114200,3164.7976,3172.7776,3143.5696,3166.6487,18907338300
1522200600,3130.571,3165.2126,3117.5337,3122.2896,16350048800
1522287000,3127.2627,3174.5088,3098.2466,3160.5305,17031238400
1522373400,3161.7856,3177.7207,3152.8889,3168.8965,15464659600
1522632600,3169.7788,3192.3403,3159.9861,3163.179,17772777700
1522719000,3130.0129,3144.332,3119.1321,3136.6333,15221667400
1522805400,3147.0491,3163.3403,3128.8667,3131.1113,14697668200
1523237400,3125.4414,3146.0925,3110.3025,3138.2937,13960862100
1523323800,3144.2568,3190.6492,3139.0808,3190.3215,16820135900
1523410200,3197.3718,3220.8452,3191.5864,3208.0818,17586719700
1523496600,3203.2783,3205.2522,3177.0493,3180.1582,14823131300
1523583000,3192.0417,3197.896,3155.5059,3159.052,12755231000
1523842200,3152.8882,3153.1062,3096.1003,3110.6489,15441569500
1523928600,3112.9746,3118.7595,3064.0281,3066.7966,14722284600
1524015000,3091.9094,3096.8889,3041.625,3091.3987,15929050300
1524101400,3094.2737,3127.439,3090.2866,3117.376,16005680500
1524187800,3105.4617,3111.1707,3065.9214,3071.5425,15514709100
1524447000,3063.4426,3085.0574,3045.937,3068.012,13168634000
1524533400,3069.7456,3136.0396,3069.7456,3128.927,16227480600
1524619800,3112.3977,3122.9082,3107.0007,3117.9739,12731105300
1524706200,3119.4961,3121.9333,3067.9287,3075.03,13397273600
1524792600,3082.4148,3088.0347,3049.9138,3082.2317,13122564300
1525224600,3087.4087,3097.604,3064.7629,3081.1772,13418456600
1525311000,3074.5166,3105.6599,3056.1572,3100.8586,13998562000
1525397400,3093.1169,3104.0925,3086.7844,3091.0334,11871126500
1525656600,3094.8989,3136.8362,3091.658,3136.6448,13894818600
1525743000,3135.2957,3169.7014,3134.062,3161.4976,14692706100
1525829400,3160.1382,3165.3733,3145.6575,3159.1501,12263726800
1525915800,3169.0498,3176.1377,3155.5332,3174.4126,13300075600
1526002200,3179.7966,3180.7563,3162.2122,3163.2632,13065974900
1526261400,3167.0417,3183.8159,3163.4761,3174.032,12932735300
1526347800,3180.4246,3192.8069,3164.5181,3192.1184,12454905100
1526434200,3180.2258,3191.948,3166.8113,3169.5652,13052496800
1526520600,3170.0063,3172.7664,3148.6213,3154.2825,11399556700
1526607000,3151.0818,3193.4531,3144.7759,3193.3035,13651691800
1526866200,3206.1755,3219.7397,3203.3362,3213.8403,16445941300
1526952600,3211.2471,3214.5889,3192.2278,3214.3496,14429268400
1527039000,3205.437,3205.437,3168.9641,3168.9641,15780764800
1527125400,3167.9392,3173.531,3152.0691,3154.6506,12408580000
1527211800,3148.4099,3156.7261,3131.0674,3141.3032,12861084300
1527471000,3136.8091,3149.6646,3115.9585,3135.082,12875591800
1527557400,3129.6211,3143.2075,3112.1531,3120.4604,13571780000
1527643800,3081.1418,3085.397,3041.0002,3041.4434,15511512600
1527730200,3061.8291,3098.0764,3054.2686,3095.4736,14047553200
1527816600,3084.7537,3102.0879,3059.7856,3075.1372,12987219900
1528075800,3083.4265,3098.4021,3076.9937,3091.1909,11459390200
1528162200,3088.0076,3114.7688,3080.0457,3114.2056,11873559200
1528248600,3109.1746,3117.5251,3103.533,3115.1804,12019613500
1528335000,3121.1841,3128.7153,3105.5779,3109.4988,12778497000
1528421400,3100.6038,3100.6848,3053.2878,3067.1477,13468822000
1528680600,3057.3394,3063.6101,3037.9138,3052.7832,10856378600
1528767000,3053.0278,3081.4473,3034.1013,3079.8018,11327509600
1528853400,3071.4636,3071.4636,3044.1199,3049.7964,11960788600
1528939800,3038.0703,3066.0469,3032.4063,3044.1597,11546948700
1529026200,3037.4521,3048.7966,3008.7324,3021.9009,14453257100
1529371800,2982.6504,2984.9707,2871.3547,2907.822,23055006700
1529458200,2889.9839,2925.561,2872.1628,2915.7314,14430142000
1529544600,2912.0032,2940.5862,2872.6189,2875.8098,15437833200
1529631000,2855.585,2891.9685,2837.1443,2889.7603,12614312900
1529890200,2903.4495,2908.624,2857.8708,2859.3364,12191768700
1529976600,2829.9946,2850.24,2803.7852,2844.5081,12591846800
1530063000,2842.3958,2854.2578,2798.7998,2813.1775,12942083300
1530149400,2799.9038,2825.9873,2782.4463,2786.8965,11835790700
1530235800,2789.811,2848.3721,2782.3811,2847.4182,12567168500
1530495000,2841.5796,2845.6802,2756.8149,2775.5569,13703503400
1530581400,2774.5701,2786.8877,2722.4485,2786.8877,14249846600
1530667800,2776.6323,2793.179,2754.1553,2759.126,12326218100
1530754200,2755.3394,2777.5227,2727.9399,2733.8818,12922611200
1530840600,2731.3533,2768.8738,2691.0208,2747.2285,13629438000
1531099800,2752.4465,2815.79,2752.4465,2815.1096,12154930900
1531186200,2819.7122,2828.4927,2800.625,2827.6252,11706274800
1531272600,2780.7043,2794.3596,2752.4351,2777.771,12682114900
1531359000,2771.0408,2844.1931,2771.0408,2837.6587,14698020000
1531445400,2831.4285,2835.4626,2818.8484,2831.1836,11768934800
1531704600,2827.0823,2837.5093,2804.4929,2814.0417,10776715100
1531791000,2806.8853,2806.9194,2774.7625,2798.126,10540922000
1531877400,2801.7773,2818.3953,2786.0403,2787.2571,12096116500
1531963800,2791.0156,2805.0105,2764.4858,2772.5454,11448649300
1532050200,2769.7537,2837.8623,2753.8396,2829.2712,14590768800
1532309400,2815.2007,2863.571,2809.6162,2859.5425,17338279700
1532395800,2862.2671,2911.4646,2862.2671,2905.5618,22957830700
1532482200,2911.4529,2912.3135,2894.0391,2903.6467,16780020700
1532568600,2905.7942,2915.2974,2875.7007,2882.2253,16842820200
1532655000,2879.6902,2889.6936,2864.1099,2873.5938,14637161000
1532914200,2871.9397,2896.011,2850.2959,2869.0496,15165224900
1533000600,2866.8984,2884.6799,2854.3196,2876.4009,11893111700
1533087000,2882.5061,2897.3997,2823.9292,2824.5337,14951434800
1533173400,2815.3438,2815.3438,2726.4824,2768.0239,17417900300
1533259800,2763.3958,2777.6572,2740.4316,2740.4429,12700636300
1533519000,2736.5256,2760.4744,2692.3215,2705.1565,12975305800
1533605400,2711.7361,2779.374,2696.0391,2779.374,14957974300
1533691800,2771.1287,2779.9124,2741.0669,2744.0696,14768871500
1533778200,2729.5786,2801.6592,2726.2153,2794.3818,15166033300
1533864600,2791.4019,2806.115,2777.5061,2795.3098,12153223200
1534123800,2769.0166,2789.7983,2742.5598,2785.8721,12753224100
1534210200,2780.7356,2789.4436,2766.5693,2780.9646,10957107700
1534296600,2777.2493,2777.7031,2721.2405,2723.2576,11616178700
1534383000,2691.426,2732.949,2672.7407,2705.1917,12027787800
1534469400,2723.8872,2730.3325,2665.5918,2668.9661,11244529400
1534728600,2673.0662,2698.4658,2653.1118,2698.4658,11078416400
1534815000,2700.3416,2739.1731,2696.2922,2733.8264,11358683900
1534901400,2731.9575,2731.9575,2709.0615,2714.6082,9366464000
1534987800,2714.8669,2736.01,2700.8042,2724.6245,9844647000
1535074200,2717.0813,2748.8242,2705.3237,2729.4309,10051626900
1535333400,2736.3186,2780.8989,2736.3186,2780.8989,13276257800
1535419800,2782.2927,2791.3899,2769.4014,2777.9807,11874936700
1535506200,2774.8645,2778.5393,2762.3501,2769.2947,10015692900
1535592600,2769.3323,2780.5271,2736.3459,2737.7368,10606094300
1535679000,2730.1133,2744.6311,2710.5369,2725.25,10975874200
1535938200,2716.4038,2722.8523,2692.3645,2720.7344,10221301100
1536024600,2720.6477,2756.6072,2712.376,2750.5803,10901030700
1536111000,2741.3801,2745.4673,2704.3369,2704.3369,10500226900
1536197400,2697.5776,2719.4055,2683.7444,2691.593,9901783300
1536283800,2696.6775,2728.5464,2683.7192,2702.3008,10752329300
1536543000,2698.0107,2703.4285,2667.3169,2669.4846,10355917000
1536629400,2668.4873,2680.5728,2652.7043,2664.7998,9986594600
1536715800,2659.7439,2672.0735,2647.1702,2656.1101,9002675800
1536802200,2679.2078,2689.0625,2653.1895,2686.5784,10733501400
1536888600,2688.7788,2694.9202,2675.2896,2681.6431,10000500800
1537147800,2671.2908,2671.2908,2647.9153,2651.7886,8823888800
1537234200,2644.2961,2700.1934,2644.2961,2699.9502,11576799300
1537320600,2694.7993,2746.0796,2690.9941,2730.8503,14155031800
1537407000,2732.1697,2743.9646,2724.0835,2729.2439,11138746300
1537493400,2733.8743,2797.4851,2722.032,2797.4849,15801664200
1537839000,2775.0664,2790.032,2771.1594,2781.1384,11198317900
1537925400,2785.3164,2827.3413,2783.3418,2806.8132,13956770600
1538011800,2805.793,2810.5061,2786.3218,2791.7749,12399769600
1538098200,2794.2644,2821.7554,2791.8362,2821.3501,13429045600
1538962200,2768.2075,2771.9385,2710.178,2716.5105,14950138800
1539048600,2713.7319,2734.3142,2711.197,2721.0129,11677189900
1539135000,2723.7241,2743.5481,2703.0625,2725.8367,11348573600
1539221400,2643.074,2661.2859,2560.3164,2583.4575,19715070200
1539307800,2574.0415,2615.917,2536.6653,2606.9126,17008163500
1539567000,2605.9124,2611.9685,2564.7375,2568.0984,11857619700
1539653400,2567.7644,2597.7151,2536.4409,2546.3296,11941914400
1539739800,2574.3127,2582.5486,2517.5728,2561.614,12995399700
1539826200,2544.9109,2544.9109,2485.6191,2486.4187,12542851300
1539912600,2460.0808,2553.3867,2449.197,2550.4651,14732355800
1540171800,2565.6443,2675.4063,2565.6443,2654.8762,21188844900
1540258200,2652.6477,2659.8123,2583.2605,2594.8254,17834354300
1540344600,2579.9714,2640.4016,2577.7725,2603.2952,16006040700
1540431000,2540.9348,2606.1006,2531.5349,2603.7996,16203297900
1540517400,2610.8982,2626.116,2580.8452,2598.8467,15893611900
1540776600,2593.5908,2595.5366,2529.1882,2542.1033,13424192300
1540863000,2538.5737,2586.9187,2521.7837,2568.0481,16668230900
1540949400,2573.0146,2612.9221,2567.0273,2602.7832,18055034800
1541035800,2617.0325,2636.7993,2603.6514,2606.2373,20090393200
1541122200,2649.2512,2676.4763,2628.8696,2676.4763,22502692100
1541381400,2665.427,2673.188,2639.2708,2665.4307,19376010000
1541467800,2660.7192,2660.8628,2635.3208,2659.3564,16366947900
1541554200,2659.8445,2675.6772,2639.2463,2641.342,17320198600
1541640600,2660.0874,2662.3689,2632.3013,2635.6321,15963548700
1541727000,2621.238,2621.238,2598.1609,2598.8716,15244630700
1541986200,2593.2004,2631.1697,2590.2107,2630.5195,17503130800
1542072600,2600.5005,2666.4854,2597.3477,2654.8794,24928244700
1542159000,2648.3091,2658.3071,2627.9565,2632.2424,23844935100
1542245400,2632.1379,2668.1704,2631.8875,2668.1704,20784872100
1542331800,2669.7798,2695.5688,2657.0342,2679.1096,24219884900
1542591000,2681.8987,2703.5117,2674.178,2703.5117,23166282700
1542677400,2684.2874,2690.8298,2643.3589,2645.8545,21589130900
1542763800,2619.821,2653.7959,2617.7759,2651.5054,18259644700
1542850200,2655.8965,2658.0012,2634.4827,2645.4338,14930906300
1542936600,2640.6675,2642.0356,2577.3511,2579.4832,19147454900
1543195800,2580.8423,2594.9966,2568.0352,2575.8101,13431454000
1543282200,2585.8262,2592.5354,2566.1663,2574.6792,12365843600
1543368600,2575.4541,2601.9626,2561.5618,2601.7366,14596347300
1543455000,2613.7805,2617.5479,2567.4434,2567.4434,15716873800
1543541400,2564.5645,2590.2102,2555.3223,2588.1875,13932902100
1543800600,2647.1318,2665.2981,2629.1843,2654.7981,20747895500
1543887000,2651.5613,2666.0784,2644.8965,2665.9578,16794055800
1543973400,2629.8328,2660.3889,2625.9131,2649.8052,15450205600
1544059800,2629.8196,2633.6777,2603.1323,2605.1814,14166165000
1544146200,2609.3408,2614.5818,2599.2776,2605.8877,10907499300
1544405400,2589.1941,2599.7615,2576.2424,2584.5823,11319966900
1544491800,2587.0149,2596.1465,2583.1958,2594.0881,10130436400
1544578200,2608.114,2610.0085,2595.075,2602.1526,10351830100
1544664600,2607.144,2645.8367,2599.4585,2634.0491,15073811500
1544751000,2627.2832,2629.1641,2593.7407,2593.7407,14594248800
1545010200,2587.2632,2598.967,2573.8674,2597.9736,11736325000
1545096600,2583.6343,2599.1479,2563.573,2576.6494,11703337000
1545183000,2578.675,2579.8743,2547.0784,2549.5635,10766179700
1545269400,2544.5054,2554.8586,2516.0193,2536.2676,12056649600
1545355800,2526.5535,2527.4214,2498.6936,2516.2505,11567120000
1545615000,2506.7373,2529.4395,2500.4431,2527.0071,9733985200
1545701400,2503.9497,2513.9641,2462.8447,2504.8191,14067056000
1545787800,2501.1199,2513.8264,2492.0757,2498.2939,10879962900
1545874200,2527.7168,2532.0022,2483.0864,2483.0864,13540684300
1545960600,2483.6172,2505.1138,2478.325,2493.8962,11924525000
1546392600,2497.8806,2500.2783,2456.4233,2465.291,10993201300
1546479000,2461.783,2488.479,2455.9255,2464.3628,12439749700
1546565400,2446.0193,2515.3159,2440.9065,2514.8682,16887766700
1546824600,2528.6987,2536.9775,2515.5083,2533.0886,17730501000
1546911000,2530.3,2531.345,2520.1648,2526.4622,15809918100
1546997400,2536.4172,2574.408,2536.157,2544.345,19188793000
1547083800,2543.8535,2551.8257,2531.6638,2535.0984,15987432600
1547170200,2539.5486,2554.7869,2533.3586,2553.8313,14944410000
1547429400,2553.3284,2556.2939,2533.01,2535.7654,14482546400
1547515800,2537.3696,2571.5017,2532.4333,2570.345,16026553000
1547602200,2569.0696,2574.2361,2563.0061,2570.4221,14930153900
1547688600,2573.5754,2582.5559,2557.7114,2559.637,16246813400
1547775000,2567.7385,2598.8835,2565.9043,2596.0056,19076723700
1548034200,2599.0576,2618.98,2599.0576,2610.5095,16342511500
1548120600,2609.6421,2609.6421,2573.0618,2579.7041,15253777300
1548207000,2575.2583,2589.5127,2572.4055,2581.0042,13142679800
1548293400,2584.6482,2597.2893,2569.7004,2591.6936,15404204600
1548379800,2596.2617,2617.0022,2595.6294,2601.7234,15939402600
1548639000,2615.7119,2630.3184,2591.1001,2596.9768,14698176500
1548725400,2592.355,2601.7358,2559.9819,2594.2537,15558111200
1548811800,2584.7458,2598.8149,2575.4092,2575.5757,12050257100
1548898200,2581.3315,2606.6284,2571.5789,2584.5725,15430386900
1548984600,2597.7776,2618.4766,2590.5542,2618.2324,13198685000
1549848600,2613.1743,2654.0964,2613.1743,2653.896,15489885800
1549935000,2654.0349,2674.4778,2648.8296,2671.8938,18410117900
1550021400,2674.5198,2727.075,2666.522,2721.0684,24379401000
1550107800,2715.5359,2729.4551,2707.4866,2719.7,19703734900
1550194200,2712.7861,2715.6321,2679.7849,2682.385,19600426500
1550453400,2699.8171,2754.3567,2699.8171,2754.3567,26043600700
1550539800,2759.4961,2780.7837,2737.5864,2755.646,28804627000
1550626200,2761.0588,2767.4109,2739.9783,2761.219,24597252700
1550712600,2759.9382,2794.0132,2744.9763,2751.8013,29864997000
1550799000,2749.4614,2804.2263,2736.3325,2804.2263,30148141000
1551058200,2838.3896,2961.7952,2838.3896,2961.2834,52865859000
1551144600,2969.0977,2995.6763,2938.6228,2941.5164,56555797000
1551231000,2939.9287,2997.4883,2924.6433,2953.8242,47497645000
1551317400,2950.0547,2965.3037,2930.1951,2940.9539,35020660000
1551403800,2954.4021,2994.0049,2930.8345,2994.0049,34578620000
1551663000,3015.9426,3090.7959,3006.9417,3027.5754,52564944000
1551749400,3019.8796,3054.9617,3009.4475,3054.2466,42414253000
1551835800,3060.4326,3103.8252,3050.1113,3102.0991,55500637000
1551922200,3103.6677,3129.9395,3074.9785,3106.418,58381707000
1552008600,3038.3362,3075.0461,2969.5815,2969.8613,57785547000
1552267800,2969.0801,3028.2544,2963.5835,3026.9924,42621303000
1552354200,3049.0845,3093.3914,3029.8999,3060.3074,51117316000
1552440600,3062.3267,3065.2883,3013.9319,3026.9514,45321463000
1552527000,3013.5969,3041.1558,2968.8237,2990.6851,37314180000
1552613400,3000.8789,3048.1211,2999.4316,3021.7512,34120614000
1552872600,3027.8013,3096.4175,3009.5071,3096.4175,39779718000
1552959000,3099.8972,3113.4326,3076.3628,3090.9751,35090886000
1553045400,3084.1704,3102.5203,3053.4519,3090.6404,35855751000
1553131800,3094.1248,3125.0193,3086.8501,3101.4551,41425118000
1553218200,3100.7263,3107.2754,3064.884,3104.1487,36484835000
1553477400,3058.8015,3086.9961,3041.9504,3043.0313,38027876000
1553563800,3057.5591,3062.6897,2988.4905,2997.0955,35349802000
1553650200,3012.2573,3022.7622,2987.7717,3022.7195,29139036000
1553736600,3009.7988,3025.7788,2991.7788,2994.9434,28810643000
1553823000,3000.6782,3093.033,2999.9866,3090.7581,37508299000
1554082200,3111.6619,3176.6221,3111.6619,3170.3611,46612469000
1554168600,3183.2737,3193.2717,3164.9065,3176.8228,44706898000
1554255000,3159.1467,3219.2563,3152.3318,3216.2952,43054864000
1554341400,3233.6887,3254.1401,3216.8545,3246.5713,46911767000
1554687000,3271.2722,3288.4531,3210.5151,3244.8103,50451840000
1554773400,3240.3938,3251.6458,3215.7048,3239.6638,36417000000
1554859800,3224.6455,3264.7778,3204.8784,3241.9299,38013441000
1554946200,3241.5474,3254.126,3185.5459,3189.9619,35303188000
1555032600,3184.8596,3199.2781,3168.042,3188.6255,28978900000
1555291800,3233.4583,3253.9763,3177.2698,3177.7866,34880979000
1555378200,3164.397,3253.5979,3153.2063,3253.5979,35791875000
1555464600,3250.1519,3275.3335,3239.8047,3263.1179,35754180000
1555551000,3261.0742,3271.3877,3241.8257,3250.2012,32553994000
1555637400,3250.1453,3274.3347,3226.8125,3270.7974,31519800000
1555896600,3278.4905,3279.4895,3206.8779,3215.0425,35321739000
1555983000,3211.8718,3231.5815,3186.7568,3198.5938,32836121000
1556069400,3203.5588,3210.6509,3156.6069,3201.6138,27487216000
1556155800,3190.5852,3193.7495,3123.0259,3123.8262,32587913000
1556242200,3108.1636,3129.2134,3085.8049,3086.3989,28087385000
1556501400,3090.6331,3107.7605,3050.0261,3062.4985,29211489000
1556587800,3052.6223,3088.4075,3052.6223,3078.3389,22230251700
1557106200,2984.7273,2986.5398,2876.4688,2906.4641,32697227000
1557192600,2914.2915,2937.2832,2889.0732,2926.3909,25328176900
1557279000,2873.1433,2929.4307,2866.7041,2893.7566,23153051900
1557365400,2871.1968,2888.8596,2845.0374,2850.9536,20004113300
1557451800,2878.2344,2941.4539,2838.3848,2939.2107,28230681000
1557711000,2905.0669,2921.4104,2892.1746,2903.7131,21202988200
1557797400,2872.8335,2909.2041,2872.8335,2883.6106,20834535300
1557883800,2902.6423,2945.3945,2902.6423,2938.678,23051970100
1557970200,2933.4954,2956.1709,2929.0645,2955.7109,24838570100
1558056600,2955.7668,2956.7832,2873.7998,2882.2961,26630164300
1558315800,2874.801,2882.6294,2838.4529,2870.6045,20947244200
1558402200,2867.7065,2919.2373,2862.4951,2905.9688,21138702200
1558488600,2905.5242,2912.3953,2879.6438,2891.7046,20002690500
1558575000,2880.8425,2885.1389,2846.9561,2852.5154,19734030900
1558661400,2847.8357,2871.8555,2846.0215,2852.9949,16720549000
1558920600,2851.281,2898.1289,2833.0364,2892.3782,19672090200
1559007000,2890.2659,2924.0396,2887.0835,2909.9106,22331055700
1559093400,2894.8296,2934.9768,2890.6646,2914.6963,19895882100
1559179800,2903.4246,2907.8462,2881.3801,2905.8054,20575878900
1559266200,2904.4976,2922.9075,2895.5779,2898.696,19523058000
1559525400,2901.7424,2920.8291,2875.9019,2890.0808,21594355400
1559611800,2887.6404,2888.386,2851.9729,2862.2803,18846354100
1559698200,2882.937,2888.7676,2858.572,2861.4182,18156104700
1559784600,2862.3328,2862.3328,2822.1853,2827.7979,17706441100
1560130200,2833.0144,2861.1311,2824.3555,2852.1301,16658591800
1560216600,2854.0703,2927.4304,2854.0703,2925.7163,26052579600
1560303000,2917.2239,2924.7019,2903.8833,2909.3796,24025577500
1560389400,2905.2876,2918.4226,2885.9231,2910.7405,21295779100
1560475800,2912.9988,2924.3196,2879.6572,2881.9744,21543579600
1560735000,2880.4226,2902.4807,2877.394,2887.6221,15396496000
1560821400,2891.0918,2898.3303,2874.313,2890.158,14770532000
1560907800,2944.1155,2953.3354,2916.2148,2917.803,23075697300
1560994200,2917.3311,2997.3889,2915.0896,2987.1187,29101154000
1561080600,2990.3687,3010.3491,2989.2454,3001.9802,28697384000
1561339800,3004.2891,3012.8259,2994.4219,3008.1479,21049389400
1561426200,3004.9094,3004.9094,2948.9907,2982.0737,24369924400
1561512600,2964.6152,2986.9138,2958.4631,2976.2837,17444953300
1561599000,2982.6125,3011.5381,2981.0449,2996.7925,19539704900
1561685400,2992.2427,2992.2427,2961.2224,2978.8784,18143152300
1561944600,3024.6238,3045.3669,3014.687,3044.9028,25084043300
1562031000,3042.5801,3048.4839,3033.781,3043.9429,21452062400
1562117400,3031.832,3031.832,3006.3247,3015.2632,21229617300
1562203800,3015.6785,3024.5022,2991.908,3005.2488,19441513300
1562290200,3004.7383,3014.8474,2990.9248,3011.0588,15675542900
1562549400,2997.8066,2997.8066,2918.7158,2933.3633,21154126800
1562635800,2928.8188,2937.7622,2912.8064,2928.2295,14511060400
1562722200,2935.1855,2936.752,2908.1621,2915.3022,13548353800
1562808600,2928.0554,2945.8022,2907.8853,2917.761,14369252200
1562895000,2915.3401,2938.531,2905.8091,2930.5461,13779475900
1563154200,2921.5459,2955.0002,2886.6992,2942.1853,16764339700
1563240600,2938.6411,2944.821,2931.2925,2937.6167,13181175100
1563327000,2933.0227,2942.0669,2924.4595,2931.6926,14963161600
1563413400,2921.7388,2921.7388,2901.1765,2901.1765,14988882800
1563499800,2909.6794,2939.5974,2909.6794,2924.2007,14946955300
1563759000,2925.7881,2927.1602,2879.6899,2886.9741,18067496000
1563845400,2886.9043,2901.3591,2883.0457,2899.9446,12931050800
1563931800,2907.9275,2936.4521,2907.7866,2923.2776,15524576200
1564018200,2923.1887,2937.3601,2916.1499,2937.3601,14568438500
1564104600,2928.0613,2948.3262,2924.4514,2944.541,13934338800
1564363800,2943.918,2948.4666,2932.9773,2941.0071,12799184600
1564450200,2946.2566,2965.6321,2946.2566,2952.3384,14831646200
1564536600,2944.3977,2944.3977,2926.4854,2932.5059,14105234800
1564623000,2920.8506,2927.342,2901.7502,2908.7661,14238981300
1564709400,2861.3323,2872.4729,2851.4402,2867.8376,18488844300
1564968600,2854.5779,2863.6892,2821.4956,2821.4956,16741942300
1565055000,2776.989,2787.4185,2733.9243,2777.5559,23112372700
1565141400,2789.0188,2792.6934,2768.6794,2768.6794,15771675200
1565227800,2784.1836,2799.6858,2782.2446,2794.5522,14953956400
1565314200,2805.5857,2808.3289,2770.4778,2774.7532,14824029300
1565573400,2781.9817,2814.9944,2776.6196,2814.9944,13156343300
1565659800,2798.0513,2802.0415,2790.6079,2797.2595,13091650500
1565746200,2824.4863,2829.8906,2807.719,2808.9146,14401464100
1565832600,2762.3391,2815.8965,2756.834,2815.7976,15277215200
1565919000,2817.5708,2840.3164,2811.8015,2823.8237,14858234400
1566178200,2835.5181,2883.0959,2829.8542,2883.0959,21454666800
1566264600,2879.0815,2892.0796,2874.9988,2880.0012,18967720600
1566351000,2875.4707,2885.5862,2872.5574,2880.3308,15901966500
1566437400,2887.6648,2888.4968,2867.5522,2883.4358,14920621500
1566523800,2885.1509,2902.4563,2878.7444,2897.4253,15915682600
1566783000,2851.0159,2870.4939,2849.238,2863.5674,16989536300
1566869400,2879.5154,2919.6443,2879.406,2902.1931,20814179400
1566955800,2901.6267,2905.4353,2887.0115,2893.7563,18309790300
1567042200,2895.999,2898.6045,2878.5879,2890.9192,17861308200
1567128600,2907.3826,2914.5767,2874.1028,2886.2366,19395995100
1567387800,2886.9419,2928.4792,2883.6824,2924.1062,20278680700
1567474200,2925.9421,2930.1538,2915.1975,2930.1538,18900121600
1567560600,2927.7471,2957.4116,2925.8826,2957.4116,22549590700
1567647000,2972.6619,3015.8442,2972.6619,2985.8647,30543871000
1567733400,2996.6216,2999.9434,2981.5984,2999.6013,21682603500
1567992600,3023.7781,3026.2397,3005.6948,3024.7388,24337775200
1568079000,3027.4104,3027.4104,3005.3826,3021.2024,24001294700
1568165400,3029.9333,3030.5569,3004.2151,3008.8118,22983736200
1568251800,3016.6267,3033.4729,3005.1948,3031.2351,19696870100
1568597400,3041.9221,3042.9285,3020.0496,3030.7544,22187895900
1568683800,3023.7109,3023.7109,2970.5703,2978.1179,22333806100
1568770200,2984.0837,2996.4021,2982.4004,2985.6587,16804669900
1568856600,2992.9221,2999.2788,2975.3977,2999.2788,16269061500
1568943000,3004.8142,3011.3401,2996.1929,3006.4468,18214530200
1569202200,2998.3994,2998.3994,2960.8269,2977.0767,16813945000
1569288600,2979.4751,3002.8967,2973.76,2985.3406,16390276100
1569375000,2977.6675,2977.6675,2955.4326,2955.4326,16854313500
1569461400,2964.4775,2970.0354,2928.2588,2929.0874,18893254100
1569547800,2929.4861,2939.0789,2920.9299,2932.167,13290577700
1569807000,2927.9165,2936.4819,2905.1892,2905.1892,11664681100
1570498200,2905.7559,2933.0164,2905.7559,2913.5703,12553581200
1570584600,2902.0752,2924.8567,2891.5393,2924.8567,13042414400
1570671000,2923.7068,2949.2405,2918.2285,2947.7107,13423975200
1570757400,2954.8188,2980.7876,2943.0137,2973.6558,16120374600
1571016600,2993.9617,3026.3833,2989.8125,3007.8833,20861480200
1571103000,3005.6646,3005.6646,2986.3032,2991.0459,15537690400
1571189400,2992.6104,3010.4241,2975.9233,2978.7124,14988549600
1571275800,2979.9929,2986.719,2969.5681,2977.3342,12252761400
1571362200,2982.3418,2987.2036,2933.2424,2938.1414,14999067800
1571621400,2933.897,2940.3247,2917.6885,2939.6179,13247510700
1571707800,2945.6001,2954.6416,2934.3872,2954.3799,11748204800
1571794200,2952.9692,2957.2996,2934.6274,2941.6189,12381288100
1571880600,2944.0066,2953.0442,2927.0613,2940.9214,12654029000
1571967000,2940.4741,2958.241,2920.5195,2954.9326,13686070600
1572226200,2958.686,2980.1279,2956.9607,2980.0498,17373148100
1572312600,2979.0366,2979.0366,2954.176,2954.176,16611005800
1572399000,2949.4631,2953.2986,2934.8279,2939.3208,15879811000
1572485400,2944.8428,2946.7522,2923.5166,2929.0562,16157148300
1572571800,2924.3401,2959.833,2917.1455,2958.1992,15990737300
1572831000,2964.5759,2983.0581,2964.5759,2975.4919,16724836400
1572917400,2977.7048,3008.3145,2968.0325,2991.5623,17989159300
1573003800,2992.0398,2995.563,2969.7241,2978.5955,16526354700
1573090200,2978.1531,2988.9551,2969.1201,2978.7144,13695267800
1573176600,2993.9773,2998.7595,2962.8447,2964.1848,14974210700
1573435800,2949.9619,2949.9619,2906.769,2909.9746,15791610500
1573522200,2912.9956,2918.303,2891.5105,2914.8232,12972915400
1573608600,2913.0198,2913.8611,2893.9712,2905.241,12976584100
1573695000,2907.7358,2917.374,2899.6187,2909.8696,12914544800
1573781400,2911.3501,2917.8293,2891.2043,2891.343,13551946300
1574040600,2889.5496,2911.3784,2884.0884,2909.2002,12443317700
1574127000,2904.2783,2933.9907,2902.855,2933.9907,13541760400
1574213400,2928.1067,2930.4929,2907.4229,2911.0535,13735753000
1574299800,2902.553,2910.3608,2891.5315,2903.6379,12345860700
1574386200,2906.2434,2925.0178,2873.99,2885.2883,15862336500
1574645400,2885.6133,2906.6091,2880.6543,2906.1687,17858742900
1574731800,2912.521,2915.041,2897.9275,2907.0603,17000466300
1574818200,2905.396,2914.4866,2893.4175,2903.1946,13386220500
1574904600,2902.3645,2909.8398,2883.4338,2889.6934,11952246800
1574991000,2885.9744,2892.3882,2858.5808,2871.9812,12261296800
1575250200,2874.4485,2888.8896,2870.2424,2875.8071,12875580600
1575336600,2869.8821,2884.856,2857.3203,2884.6987,12377874200
1575423000,2876.908,2882.498,2869.4219,2878.1157,12554365300
1575509400,2886.5164,2902.002,2885.0798,2899.4685,14316309600
1575595800,2902.2781,2912.0137,2894.7512,2912.0137,13412887800
1575855000,2914.4575,2919.5889,2905.2502,2914.4775,16079652700
1575941400,2908.9438,2919.2012,2902.7896,2917.3157,17012399800
1576027800,2922.6021,2928.2563,2915.0007,2924.4172,16554108700
1576114200,2926.3416,2926.3416,2913.4756,2915.6982,15176080400
1576200600,2937.7764,2969.981,2935.8491,2967.6765,21197858500
1576459800,2970.9695,2984.6414,2958.7063,2984.3926,21186211900
1576546200,2985.262,3039.3833,2982.4956,3022.4219,29303225000
1576632600,3021.4658,3033.2336,3011.7207,3017.0444,24408969100
1576719000,3017.1531,3021.4175,3007.9919,3017.0659,20862426400
1576805400,3019.6394,3027.4834,3002.26,3004.9375,21507575500
1577064600,2999.0356,3009.3379,2960.4351,2962.7512,20571661700
1577151000,2965.8257,2983.8193,2960.6838,2982.6807,16303025000
1577237400,2980.4275,2988.2925,2970.6572,2981.8806,17565402800
1577323800,2981.2485,3007.3545,2980.3965,3007.3545,18244042600
1577410200,3006.8518,3036.1128,3003.6309,3005.0354,24710277900
1577669400,2998.1689,3041.397,2983.3435,3040.0239,24806653000
1577755800,3036.3857,3051.677,3030.5122,3050.124,21742902200
1577928600,3066.3357,3098.1001,3066.3357,3085.1975,29247021000
1578015000,3089.022,3093.8191,3074.5178,3083.7859,26149666700
1578274200,3070.9087,3107.2031,3065.3088,3083.4082,31257584000
1578360600,3085.4883,3105.4507,3084.3291,3104.8015,27658311000
1578447000,3094.239,3094.239,3059.1313,3066.8926,29787255000
1578533400,3082.6399,3097.3291,3080.1313,3094.8818,24343564900
1578619800,3102.2937,3105.2249,3081.396,3092.2908,21044246200
1578879000,3091.4929,3115.5696,3075.3838,3115.5696,21062100400
1578965400,3120.667,3127.1692,3105.605,3106.8203,22997376900
1579051800,3103.1748,3107.9426,3082.0425,3090.0378,20231302300
1579138200,3095.7341,3096.3716,3070.884,3074.0813,20337547500
1579224600,3081.4641,3091.9517,3067.2524,3075.4956,19030429900
1579483800,3082.1133,3096.3105,3070.48,3095.7874,21049334100
1579570200,3085.7896,3085.7896,3051.23,3052.1418,23483073900
1579656600,3038.4868,3069.2527,3006.2676,3060.7544,22385286500
1579743000,3037.9524,3045.0405,2955.3459,2976.5281,27276323000
1580693400,2716.6978,2766.5774,2716.6978,2746.6057,21591210300
1580779800,2685.2693,2786.1643,2685.2693,2783.2876,36404620000
1580866200,2792.3713,2842.7427,2778.864,2818.0879,30976182000
1580952600,2826.885,2876.5879,2807.6089,2866.5098,31639214000
1581039000,2858.9324,2875.9636,2838.7703,2875.9636,30947964000
1581298200,2860.499,2891.8479,2851.0503,2890.4878,29492978000
1581384600,2894.5415,2913.8159,2882.2429,2901.6743,26916834000
1581471000,2895.5562,2926.8992,2892.4241,2926.8992,24873342900
1581557400,2927.1443,2935.406,2901.2424,2906.0735,27480484000
1581643800,2899.866,2926.9426,2899.574,2917.0078,25065062700
1581903000,2924.9912,2983.6372,2924.9912,2983.6223,31319801000
1581989400,2981.4097,2990.6003,2960.7751,2984.9717,31166591000
1582075800,2979.5222,2998.2717,2971.822,2975.4019,31514115000
1582162200,2981.8801,3031.3706,2968.4451,3030.1543,34573288000
1582248600,3022.2456,3058.8979,3020.1411,3039.6692,36455728000
1582507800,3027.8926,3042.1821,3007.3557,3031.2334,37043004000
1582594200,2982.0696,3016.9458,2943.7168,3013.05,44162276000
1582680600,2978.4194,3028.7788,2974.9424,2987.9287,46904955000
1582767000,2992.4919,3009.4575,2980.4773,2991.3289,35052366000
1582853400,2924.6406,2948.1262,2878.5442,2880.3037,40121691000
1583112600,2899.3101,2982.5068,2899.3101,2970.9312,36733337000
1583199000,3006.8889,3026.842,2976.623,2992.8967,41010805000
1583285400,2981.8059,3012.0034,2974.3584,3011.6658,35333828000
1583371800,3036.1545,3074.2571,3022.9263,3071.677,44542581000
1583458200,3039.9395,3052.4438,3029.4631,3034.5112,36206153000
1583717400,2987.1804,2989.2051,2940.7139,2943.2908,41456074000
1583803800,2918.9348,3000.2964,2904.7988,2996.7617,39329665000
1583890200,3001.7617,3010.0286,2968.5173,2968.5173,35247097000
1583976600,2936.0164,2944.4651,2906.2837,2923.4856,30777846000
1584063000,2804.2322,2910.8811,2799.9841,2887.4265,36645044000
1584322200,2897.3008,2898.0349,2784.6616,2789.2537,35187867000
1584408600,2796.2839,2826.9067,2715.2212,2779.6406,30614968000
1584495000,2792.322,2815.8738,2728.7563,2728.7563,29115985000
1584581400,2719.4063,2736.8201,2646.8047,2702.1296,30230275000
1584667800,2727.0186,2751.8965,2702.4934,2745.6182,25201950700
1584927000,2677.5911,2703.3296,2656.5007,2660.1675,24982025000
1585013400,2703.0193,2723.4065,2667.1333,2722.438,25702193000
1585099800,2775.3032,2788.6355,2757.8015,2781.5913,27314447000
1585186200,2761.896,2788.5039,2753.4282,2764.9109,23408402200
1585272600,2792.9844,2805.5479,2771.7563,2772.2034,24076406600
1585531800,2739.719,2759.0989,2723.0542,2747.2139,23970660400
1585618200,2767.3071,2771.1682,2743.1155,2750.2961,21859867400
1585704600,2743.541,2773.364,2731.0793,2734.5215,21725342700
1585791000,2720.2285,2780.6379,2719.9043,2780.6379,21786460000
1585877400,2773.5764,2780.5869,2754.073,2763.9873,20083740400
1586223000,2806.9675,2823.2766,2801.8386,2820.7634,27019819000
1586309400,2805.9165,2823.2139,2800.2964,2815.3687,24351530500
1586395800,2825.8394,2832.395,2820.4326,2825.9036,23818484300
1586482200,2827.1873,2833.0149,2789.9756,2796.6311,23345476800
1586741400,2784.5979,2792.8906,2774.0808,2783.0476,17712455400
1586827800,2794.801,2827.2981,2789.428,2827.283,20269656900
1586914200,2826.6619,2829.7502,2808.7039,2811.1741,20562114600
1587000600,2798.4294,2823.3381,2796.8389,2819.9351,20300377300
1587087000,2835.5581,2854.96,2830.0217,2838.4944,24573675000
1587346200,2840.4084,2852.99,2833.2615,2852.5527,21184707800
1587432600,2842.2373,2842.2373,2808.0215,2827.0132,23323587000
1587519000,2814.0662,2843.9805,2808.4819,2843.9805,21732000000
1587605400,2850.5105,2853.6357,2835.896,2838.4995,24877903700
1587691800,2834.9387,2834.9387,2802.4988,2808.5293,23518507600
1587951000,2812.2422,2832.6663,2802.958,2815.4946,21013098100
1588037400,2819.9915,2821.7451,2758.2458,2810.0244,25387274500
1588123800,2801.3831,2831.7642,2800.7378,2822.4424,20206180700
1588210200,2832.3843,2865.5901,2832.3843,2860.0823,24245527800
1588728600,2831.6326,2879.2634,2830.6536,2878.1401,24982661600
1588815000,2876.4727,2882.0222,2864.5813,2871.5232,22673695700
1588901400,2882.7078,2903.7966,2879.2034,2895.3445,22682207500
1589160600,2901.574,2914.2837,2884.3806,2894.802,22512041000
1589247000,2894.6172,2897.9019,2871.23,2891.5564,19708298500
1589333400,2882.9551,2900.2588,2875.5354,2898.0496,18506131000
1589419800,2887.0576,2887.0576,2869.1831,2870.3423,19777620200
1589506200,2880.7068,2884.22,2863.3699,2868.4587,18898359200
1589765400,2872.5244,2889.9795,2862.271,2875.4175,22602288200
1589851800,2897.6868,2900.2188,2887.5769,2898.5759,19722240500
1589938200,2896.4658,2896.4658,2876.1765,2883.7378,21051998500
1590024600,2890.7212,2891.5176,2864.2073,2867.9236,20353203800
1590111000,2863.0461,2863.0461,2808.0176,2813.7654,20906371200
1590370200,2816.241,2821.4978,2802.4653,2817.9697,17288555700
1590456600,2827.8967,2848.3372,2825.9009,2846.5474,17456236900
1590543000,2847.3198,2848.9966,2831.928,2836.8037,19814934300
1590629400,2838.2073,2861.9241,2820.1455,2846.2217,20754601900
1590715800,2835.584,2855.3755,2829.6272,2852.3513,20679280400
1590975000,2871.9641,2917.1509,2871.9641,2915.4312,26019605000
1591061400,2916.3169,2926.3589,2909.1277,2921.3979,25610804900
1591147800,2930.3906,2942.7598,2922.6611,2923.3711,25566398000
1591234200,2931.8376,2932.9678,2910.7517,2919.2505,22660587300
1591320600,2923.1892,2930.7993,2909.1182,2930.7993,21736067300
1591579800,2941.9817,2950.0657,2934.2102,2937.7712,23112436000
1591666200,2939.5352,2957.1187,2932.9385,2956.1116,20904858500
1591752600,2951.2783,2951.3298,2934.8428,2943.7524,20792596900
1591839000,2939.7915,2952.6509,2912.1931,2920.8967,23372294700
1591925400,2876.803,2930.2549,2872.6165,2919.7407,23600864200
1592184600,2908.2766,2922.5364,2890.0305,2890.0305,24320504600
1592271000,2912.8252,2931.7791,2909.134,2931.7493,22331306500
1592357400,2932.6709,2936.6162,2919.0354,2935.873,23465439100
1592443800,2929.8799,2942.8982,2920.1055,2939.3152,25869137700
1592530200,2938.7888,2973.3164,2935.824,2967.634,26431396100
1592789400,2966.9009,2983.4382,2959.0349,2965.2717,26788383400
1592875800,2960.8875,2972.4026,2949.8469,2970.6204,22521220800
1592962200,2972.9827,2982.9424,2971.2234,2979.5505,21320073200
1593394200,2973.0757,2977.9121,2951.7703,2961.5164,22062272900
1593480600,2965.1055,2990.8252,2965.1055,2984.6741,21495721400
1593567000,2991.1814,3026.1863,2984.9841,3025.981,27331314000
1593653400,3023.719,3092.4431,3021.6736,3090.5693,39112800000
1593739800,3103.9951,3152.8125,3103.9951,3152.8125,45879385000
1593999000,3187.8394,3337.2722,3187.8394,3332.8806,64387891000
1594085400,3380.9536,3407.0811,3336.2417,3345.3369,65784016000
1594171800,3337.5518,3421.5313,3327.7063,3403.4402,58708169000
1594258200,3403.4832,3456.9722,3393.6379,3450.5935,62000182000
1594344600,3418.9348,3433.1084,3372.5066,3383.3223,55612001000
1594603800,3379.3867,3458.7915,3369.0378,3443.2864,55800688000
1594690200,3435.0237,3451.2224,3366.0828,3414.6187,54321149000
1594776600,3422.0779,3432.4507,3345.7488,3361.3044,49203054000
1594863000,3356.3589,3373.5317,3209.7273,3210.0986,49061312000
1594949400,3214.4021,3252.7786,3181.2744,3214.1287,35965241000
1595208600,3243.9104,3314.1489,3220.6841,3314.1489,41855531000
1595295000,3330.5466,3336.6792,3300.572,3320.8948,35925203000
1595381400,3315.1816,3381.9756,3311.7861,3333.1636,39333534000
1595467800,3306.1489,3336.3003,3257.8269,3325.1101,40704250000
1595554200,3310.645,3319.1267,3184.9646,3196.7683,42705403000
1595813400,3210.3862,3221.9846,3174.6582,3205.2268,29931902000
1595899800,3226.1328,3245.2966,3208.4939,3227.9604,28937786000
1595986200,3221.9883,3294.552,3209.9902,3294.552,32492406000
1596072600,3299.5718,3312.4507,3282.1616,3286.822,34070412000
1596159000,3280.7959,3333.7859,3261.6135,3310.0066,35375898000
1596418200,3332.1826,3368.1028,3327.6772,3367.9658,40746087000
1596504600,3376.4402,3391.0742,3352.5017,3371.6875,44232855000
1596591000,3363.3325,3383.6365,3333.877,3377.5647,38582303000
1596677400,3380.7622,3392.7048,3334.334,3386.4631,41530251000
1596763800,3370.5879,3374.1331,3307.7126,3354.0352,40392963000
1597023000,3341.5276,3399.9324,3335.0427,3379.2524,38137963000
1597109400,3379.4873,3409.0588,3336.0945,3340.29,40045271000
1597195800,3327.4929,3335.729,3263.2654,3319.2656,37832896000
1597282200,3328.1753,3338.1519,3309.4629,3320.7261,32429128000
1597368600,3315.6687,3362.0266,3302.7356,3360.0989,30599838000
1597627800,3373.9019,3450.8987,3369.3743,3438.801,43459826000
1597714200,3441.9336,3456.7207,3432.6401,3451.0894,38072928000
1597800600,3444.5647,3454.4612,3406.1643,3408.1289,40572221000
1597887000,3385.9646,3394.5569,3352.7766,3363.8987,33560098000
1597973400,3380.2268,3393.9175,3358.0005,3380.6826,28748834000
1598232600,3391.1133,3396.5664,3368.0259,3385.6382,26622784100
1598319000,3392.8796,3408.8696,3364.1602,3373.5781,27711342000
1598405400,3371.8083,3382.6033,3320.1355,3329.7388,29445104000
1598491800,3333.491,3351.8325,3312.9858,3350.1128,23709935300
1598578200,3346.2893,3405.8767,3339.6494,3403.8066,27132555000
1598837400,3416.5498,3442.7363,3395.4675,3395.6775,32347389000
1598923800,3389.7424,3410.6067,3381.7107,3410.6067,24699924900
1599010200,3420.4692,3421.396,3377.2112,3404.8018,26154631900
1599096600,3404.032,3425.6294,3374.2634,3384.9807,25534627900
1599183000,3336.4077,3360.1062,3328.5518,3355.3667,22163655000
1599442200,3349.9185,3368.2446,3285.6326,3292.5908,26061656700
1599528600,3301.2173,3324.3928,3276.4431,3316.417,27106628000
1599615000,3280.9973,3289.6147,3238.5605,3254.6279,35150975000
1599701400,3282.2319,3285.4731,3227.6436,3234.8235,31247280000
1599787800,3225.7837,3262.4976,3220.5364,3260.3462,22169883000
1600047000,3275.9182,3283.5325,3261.1479,3278.8137,21392413700
1600133400,3277.1284,3297.6904,3263.7522,3295.6794,19768440000
1600219800,3293.1677,3302.4556,3271.075,3283.9243,20044336400
1600306200,3277.3237,3290.4094,3248.499,3270.4351,20293197200
1600392600,3270.9109,3338.3242,3268.5259,3338.0896,25626078800
1600651800,3348.8987,3350.5894,3313.0713,3316.9351,21650309300
1600738200,3290.6655,3320.2278,3265.7024,3274.3015,21401506500
1600824600,3278.8357,3289.7625,3264.8906,3279.7104,16917806800
1600911000,3262.8789,3265.3452,3221.2366,3223.1765,20673601100
1600997400,3234.3738,3239.4663,3208.0349,3219.418,16482241900
1601256600,3224.9768,3238.1826,3210.8926,3217.5347,15598278300
1601343000,3231.855,3242.7937,3219.7903,3224.3594,15134987000
1601429400,3232.7104,3244.9133,3202.3435,3218.052,15350445700
1602207000,3262.6106,3280.5125,3260.1873,3272.0762,18832564800
1602466200,3287.3281,3359.1526,3286.1111,3358.4651,25962240800
1602552600,3353.1213,3361.8315,3334.4988,3359.75,20492610300
1602639000,3353.6248,3353.6248,3332.9634,3340.7783,19865938200
1602725400,3342.9221,3354.5784,3330.0015,3332.1831,19103128200
1602811800,3334.4568,3348.9543,3319.1101,3336.3582,19429542100
1603071000,3351.0962,3371.0862,3307.8408,3312.667,21230354000
1603157400,3307.1499,3328.1028,3293.7661,3328.1028,16508476200
1603243800,3332.147,3332.147,3304.1692,3325.0247,17763211500
1603330200,3315.8206,3320.8787,3281.3662,3312.5005,16594998700
1603416600,3308.1582,3326.0488,3276.6196,3277.9973,17420898200
1603675800,3258.7029,3264.4463,3226.6018,3251.1189,16773179500
1603762200,3240.7395,3258.3369,3235.5442,3254.3157,14911556600
1603848600,3256.2224,3275.8713,3238.3821,3269.238,17318196500
1603935000,3235.7646,3289.7654,3231.1243,3272.7273,18470358900
1604021400,3278.6311,3279.8562,3219.4216,3224.5325,23018880300
1604280600,3228.7151,3242.8042,3209.9094,3225.1196,22677913700
1604367000,3239.8064,3278.3806,3237.854,3271.0745,21529786400
1604453400,3273.4326,3286.6211,3254.1113,3277.4402,18851412800
1604539800,3305.5798,3320.408,3291.6001,3320.1333,22680146200
1604626200,3326.4646,3326.4646,3292.1506,3312.1589,23486413200
1604885400,3329.4285,3380.8235,3329.4285,3373.7336,31021977000
1604971800,3387.6218,3387.6218,3346.1714,3360.1484,27870111000
1605058200,3354.0247,3365.8359,3339.0408,3342.2024,27120465000
1605144600,3344.4563,3350.2849,3329.4851,3338.6787,21650130900
1605231000,3327.2292,3327.2292,3291.6426,3310.1045,22789836400
1605490200,3325.6208,3346.9692,3313.647,3346.9692,27959376000
1605576600,3347.1514,3347.698,3323.9507,3339.895,28363248000
1605663000,3337.3315,3358.8938,3333.9917,3347.3035,28753126000
1605749400,3339.0864,3367.3328,3330.4497,3363.0876,25326299200
1605835800,3359.5967,3380.1489,3356.3086,3377.7268,26127121900
1606095000,3384.104,3431.6528,3377.9861,3414.49,37387205000
1606181400,3407.4087,3413.9263,3396.2437,3402.8225,30099414000
1606267800,3417.5149,3423.4854,3362.3274,3362.3274,32211021000
1606354200,3360.0608,3371.4536,3344.2822,3369.7334,25588682200
1606440600,3373.8435,3408.3071,3364.4919,3408.3071,28064989000
1606699800,3418.1582,3456.7366,3391.7551,3391.7551,38498997000
1606786200,3388.9868,3457.6355,3386.9114,3451.9385,31618898000
1606872600,3453.5181,3465.7288,3435.8711,3449.3806,31281111000
1606959000,3448.5403,3452.1611,3428.8044,3442.136,29845993000
1607045400,3436.729,3448.4036,3417.0483,3444.5813,25627670500
1607304600,3446.6477,3449.5781,3414.3142,3416.6038,25452250800
1607391000,3417.6936,3428.6619,3403.0264,3410.177,22690732800
1607477400,3416.0781,3422.5359,3371.9155,3371.9641,26074742400
1607563800,3365.731,3384.8875,3357.7532,3373.2759,24730830400
1607650200,3381.0081,3383.1782,3325.1721,3347.1909,29861716000
1607909400,3349.5339,3371.1292,3338.6262,3369.1201,23980792600
1607995800,3366.5813,3373.5579,3348.4192,3367.2327,22566740200
1608082200,3371.2632,3378.6626,3359.1704,3366.9832,22081397600
1608168600,3367.2771,3406.1548,3354.0112,3404.8733,27546363000
1608255000,3400.4856,3413.8135,3382.7507,3394.896,28099264000
1608514200,3394.3945,3423.6089,3381.1157,3420.5693,28375979000
1608600600,3410.9678,3415.7539,3353.8582,3356.7822,32303765000
1608687000,3362.4722,3394.209,3360.2019,3382.3196,29952353000
1608773400,3382.1931,3394.0747,3354.0215,3363.1133,27504445000
1608859800,3351.79,3397.0066,3348.3452,3396.5625,29454690000
1609119000,3396.3589,3412.5193,3383.6541,3397.2854,31618154000
1609205400,3399.2939,3407.0884,3376.0876,3379.0361,31176919000
1609291800,3375.0085,3414.4539,3374.4155,3414.4526,29102354000
1609378200,3419.7268,3474.9182,3419.7268,3473.0693,33567393000
1609723800,3474.6792,3511.6555,3457.2061,3502.9585,38079080000
1609810200,3492.1912,3528.6768,3484.7151,3528.6768,40799593000
1609896600,3530.9072,3556.8022,3513.1262,3550.8767,37023093000
1609983000,3552.9087,3576.2046,3526.6174,3576.2046,40534823000
1610069400,3577.6924,3588.0625,3544.8911,3570.1082,34555790000
1610328600,3571.3213,3597.7021,3516.9861,3531.4978,36247915000
1610415000,3518.0105,3608.3389,3517.469,3608.3389,32340615000
1610501400,3613.281,3622.3474,3575.5945,3598.6519,38812779000
1610587800,3584.9324,3599.0583,3559.6001,3565.9045,34766682000
1610674200,3566.2847,3589.2654,3533.7881,3566.3777,32461274000
1610933400,3554.7976,3608.7666,3544.2615,3596.2236,30165257000
1611019800,3596.3564,3603.1477,3553.0237,3566.3813,32343954000
1611106200,3564.1211,3589.9624,3556.4424,3583.092,27227166000
1611192600,3590.9248,3636.2444,3585.8018,3621.2642,32746700000
1611279000,3616.54,3616.54,3585.0339,3606.7495,32446308000
1611538200,3605.3611,3637.1001,3591.0205,3624.238,32734107000
1611624600,3610.9685,3610.9685,3564.7415,3569.429,27813988000
1611711000,3567.5486,3578.7969,3546.4919,3573.3413,26410716100
1611797400,3534.6685,3549.5439,3496.8789,3505.1758,27086246000
1611883800,3521.7175,3531.5981,3446.5471,3483.0691,29366266000
1612143000,3477.1714,3506.3889,3469.875,3505.2837,27756790000
1612229400,3510.8083,3535.502,3495.5681,3533.6848,26454063000
1612315800,3531.1489,3544.0093,3508.5068,3517.3081,29735172000
1612402200,3503.7786,3524.7219,3465.7705,3501.8591,29883485000
1612488600,3509.4873,3536.5417,3492.9624,3496.333,29014617000
1612747800,3504.563,3542.2075,3492.1287,3532.4468,24979961900
1612834200,3539.7727,3604.0112,3528.6755,3603.489,25382176000
1612920600,3612.6125,3662.7654,3612.5049,3655.0879,25794082400
1613611800,3721.0864,3731.687,3663.6638,3675.3572,34030907000
1613698200,3661.7834,3699.6501,3634.0149,3696.168,36105980000
1613957400,3707.1912,3717.2668,3642.4448,3642.4448,48882148000
1614043800,3617.7014,3672.1511,3617.7014,3636.3574,39887317000
1614130200,3638.9358,3645.6475,3531.5935,3564.0798,36215895000
1614216600,3595.5425,3608.5569,3568.4734,3585.0459,36623230000
1614303000,3514.5647,3550.4055,3500.7036,3509.0803,33328007000
1614562200,3531.4802,3552.5664,3511.9888,3551.3999,31548753000
1614648600,3566.8521,3566.8521,3485.3635,3508.5913,33983049000
1614735000,3500.1577,3577.6218,3498.7192,3576.9045,34765685000
1614821400,3546.6406,3552.2024,3487.3757,3503.4917,39361612000
1614907800,3463.3086,3523.5681,3456.6667,3501.9868,35640922000
1615167000,3524.9829,3542.304,3421.2153,3421.4141,38704795000
1615253400,3415.3391,3429.1504,3328.312,3359.292,40765254000
1615339800,3389.8389,3397.0251,3354.823,3357.7373,29974917000
1615426200,3369.9023,3436.8313,3369.9023,3436.8313,32211204000
1615512600,3447.2034,3454.5063,3417.239,3453.0776,35802704000
1615771800,3441.8821,3457.4893,3392.5088,3419.9456,36781329000
1615858200,3424.6523,3448.8828,3406.1746,3446.7334,31666875000
1615944600,3435.7319,3454.0562,3410.2815,3445.5508,28005982000
1616031000,3449.6414,3478.1448,3449.3774,3463.0681,28440389000
1616117400,3423.8733,3439.5237,3389.293,3404.6633,30916172000
1616376600,3406.1228,3443.6597,3404.2341,3443.4392,31255908000
1616463000,3445.3408,3445.416,3390.0476,3411.5088,32638941000
1616549400,3394.1284,3415.2949,3362.1848,3367.0605,31739870000
1616635800,3355.0706,3382.2261,3344.9695,3363.5916,27067610000
1616722200,3373.3171,3423.2231,3373.3171,3418.3267,27461499000
1616981400,3429.6321,3449.8337,3409.8867,3435.2959,28482424000
1617067800,3432.5288,3457.6345,3423.3154,3456.6765,28542308000
1617154200,3452.2078,3452.2078,3420.832,3441.9116,28304926000
1617240600,3444.8103,3470.031,3438.8254,3466.3315,27524430000
1617327000,3472.6277,3487.5862,3462.832,3484.3923,26265487300
1617672600,3491.6335,3493.2805,3471.761,3482.9673,23474667100
1617759000,3483.4211,3483.4211,3453.1946,3479.6255,29578698000
1617845400,3467.4871,3495.9087,3459.3247,3482.5547,33175533000
1617931800,3475.4434,3475.4468,3442.1392,3450.6772,28008520000
1618191000,3445.9695,3456.1582,3403.9011,3412.9478,30957724000
1618277400,3411.2927,3425.3945,3387.9021,3396.47,27062605000
1618363800,3397.021,3420.0278,3392.9751,3416.7212,23324232700
1618450200,3409.614,3409.614,3373.094,3398.9875,23400505400
1618536600,3407.188,3432.6287,3394.1345,3426.6179,25857967200
1618795800,3427.5481,3479.01,3414.3564,3477.5486,30273582000
1618882200,3467.1482,3494.2983,3463.4636,3472.9426,28530008000
1618968600,3456.2991,3481.2512,3450.1113,3472.9297,25377785900
1619055000,3482.8328,3485.3584,3456.3157,3465.1138,25111451000
1619141400,3462.0857,3482.3586,3456.333,3474.166,24936043300
1619400600,3484.1072,3497.1208,3438.5725,3441.1658,27697077000
1619487000,3440.0911,3443.8538,3417.2646,3442.6111,25303239300
1619573400,3432.1611,3457.0684,3423.325,3457.0684,24738112000
1619659800,3458.0818,3478.2278,3447.5879,3474.9011,27663139000
1619746200,3468.3022,3469.0872,3426.9023,3446.8564,31266035000
1620264600,3446.0742,3471.2395,3426.8486,3441.2827,31042419000
1620351000,3446.407,3457.8923,3416.7754,3418.874,35378539000
1620610200,3423.5896,3429.7358,3401.9346,3427.991,37417088000
1620696600,3406.5979,3448.0959,3384.6965,3441.8455,35093411000
1620783000,3429.7544,3466.3708,3428.3943,3462.7512,31144455000
1620869400,3432.1379,3448.0168,3418.3845,3429.5361,31932533000
1620955800,3436.0918,3490.6438,3422.5649,3490.3762,33698231000
1621215000,3490.4092,3530.5056,3490.1438,3517.6157,32213597000
1621301400,3520.6487,3529.0144,3510.8621,3529.0144,27130856000
1621387800,3521.1096,3521.1096,3503.8152,3510.9646,27832112000
1621474200,3500.8772,3517.74,3486.0662,3506.9443,32600933000
1621560600,3510.8352,3518.377,3479.6743,3486.5569,28382629000
1621819800,3486.271,3498.3037,3469.8745,3497.282,28950924000
1621906200,3502.5391,3584.5774,3502.4429,3581.3418,34124113000
1621992600,3586.8389,3603.488,3585.3694,3593.3569,34198029000
1622079000,3585.7336,3626.3584,3579.26,3608.8506,30955149000
1622165400,3610.7668,3622.1802,3582.3579,3600.7844,34920883000
1622424600,3600.0703,3615.6567,3580.6523,3615.4773,33152377000
1622511000,3608.5979,3626.0737,3581.9116,3624.7139,35281141000
1622597400,3626.3284,3629.2896,3584.5955,3597.1379,34855842000
1622683800,3595.4214,3618.5066,3584.2053,3584.2122,35423303000
1622770200,3565.4717,3618.8,3561.8906,3591.8447,33089304000
1623029400,3597.1414,3600.376,3581.8987,3599.541,30371868000
1623115800,3598.7527,3621.5227,3563.2502,3580.1062,30449147000
1623202200,3576.8015,3598.7083,3572.6365,3591.3965,29832330000
1623288600,3587.5283,3624.3433,3584.1333,3610.8589,31817481000
1623375000,3614.1133,3614.4038,3587.1492,3589.748,36055497000
1623720600,3587.4658,3592.9465,3547.187,3556.5591,34916857000
1623807000,3556.7139,3561.092,3513.5591,3518.3291,31259731000
1623893400,3508.3169,3534.1975,3507.3535,3525.6042,27722992000
1623979800,3520.4966,3535.6221,3503.1833,3525.0967,29670859000
1624239000,3515.5005,3540.2959,3504.0076,3529.1826,28089828000
1624325400,3539.7876,3560.1946,3536.812,3557.4121,30753640000
1624411800,3559.3987,3577.4661,3549.8481,3566.22,31070952000
1624498200,3568.5757,3570.4873,3548.8162,3566.6538,33544075000
1624584600,3567.3772,3614.2981,3564.52,3607.5618,34608783000
1624843800,3612.2468,3614.3574,3594.2173,3606.3723,32127497000
1624930200,3601.6772,3601.8264,3570.5254,3573.178,30607118000
1625016600,3572.6235,3594.1184,3569.501,3591.197,26816281800
1625103000,3600.5464,3607.7048,3573.9375,3588.7815,29188319000
1625189400,3569.8918,3569.8918,3514.3386,3518.7595,29194555000
1625448600,3516.9229,3534.3223,3510.5781,3534.3223,28809484000
1625535000,3533.1304,3538.3469,3496.9275,3530.2588,31407021000
1625621400,3508.5901,3557.8789,3504.4724,3553.7156,31883919000
1625707800,3557.2178,3558.6772,3521.0579,3525.5039,35087786000
1625794200,3512.2334,3529.3098,3485.0542,3524.0881,34988432000
1626053400,3545.1978,3565.032,3527.3926,3547.8362,40363956000
1626139800,3547.5896,3567.4812,3542.8154,3566.5225,36241671000
1626226200,3560.8281,3560.8281,3525.4939,3528.5012,37222172000
1626312600,3519.063,3565.9348,3514.2581,3564.5901,36325916000
1626399000,3559.5259,3565.9993,3537.7288,3539.3037,36601478000
1626658200,3530.4932,3544.8794,3506.3423,3539.1226,33676095000
1626744600,3515.0718,3538.636,3509.1917,3536.7905,29378059000
1626831000,3543.0535,3569.0898,3543.0535,3562.6611,33897875000
1626917400,3563.6609,3576.4731,3558.2932,3574.7344,38106705000
1627003800,3571.7151,3571.854,3541.51,3550.3965,44642125000
1627263000,3538.0144,3538.0144,3424.7424,3467.4409,44288220000
1627349400,3467.4473,3483.8738,3380.2764,3381.1833,46907544000
1627435800,3355.8188,3385.5359,3312.7207,3361.5896,39582542000
1627522200,3403.8384,3416.6072,3382.571,3411.7241,34456943000
1627608600,3398.196,3404.8813,3370.4507,3397.3574,38144096000
1627867800,3385.6902,3464.2915,3367.6431,3464.2854,43292787000
1627954200,3446.7842,3470.657,3435.4619,3447.9915,40069808000
1628040600,3442.9368,3477.5972,3440.7834,3477.2185,34874422000
1628127000,3461.7185,3486.1572,3449.3884,3466.5491,34843692000
1628213400,3465.4841,3466.3904,3436.9316,3458.2278,33682440000
1628472600,3441.7502,3502.8411,3438.7029,3494.6348,34991009000
1628559000,3488.6643,3529.9309,3477.0642,3529.9309,34511299000
1628645400,3527.1094,3544.094,3524.0444,3532.6213,38378355000
1628731800,3522.7239,3538.396,3513.4458,3524.7373,38107459000
1628818200,3514.467,3540.0798,3500.7996,3516.2988,37818728000
1629077400,3514.3445,3537.8501,3510.8977,3517.3447,39109972000
1629163800,3512.1089,3531.7249,3438.1233,3446.9761,42288580000
1629250200,3442.3472,3487.4363,3437.6909,3485.2859,38920376000
1629336600,3475.2981,3480.4597,3446.0146,3465.5547,38238303000
1629423000,3442.5061,3453.1531,3394.9724,3427.3337,39113692000
1629682200,3436.7964,3481.2544,3436.6707,3477.1321,38472744000
1629768600,3482.2659,3522.6973,3481.1409,3514.4709,43023646000
1629855000,3517.915,3540.3948,3510.0664,3540.3838,45004702000
1629941400,3537.314,3537.3154,3499.4529,3501.6643,50290315000
1630027800,3494.4175,3530.1926,3493.375,3522.1567,45534591000
1630287000,3535.0728,3539.4939,3512.9929,3528.1511,51278572000
1630373400,3519.0244,3543.9402,3496.3892,3543.9402,52420506000
1630459800,3543.8662,3582.3235,3514.6743,3567.1008,66727631000
1630546200,3559.9026,3597.3655,3557.677,3597.0425,57268404000
1630632600,3602.7422,3613.948,3569.3989,3581.7344,61453235000
1630891800,3580.1414,3626.2866,3580.1414,3621.8594,52171328000
1630978200,3621.71,3681.9253,3615.1443,3676.5867,54772188000
1631064600,3673.4023,3695.3203,3660.9998,3675.1865,58643619000
1631151000,3666.8247,3693.45,3662.1633,3693.1296,60481033000
1631237400,3691.1855,3722.8733,3681.6416,3703.1104,63520043000
1631496600,3699.2534,3716.8315,3692.8157,3715.3723,55748402000
1631583000,3709.6335,3723.8452,3655.634,3662.6016,56495239000
1631669400,3651.1582,3677.5266,3638.3225,3656.2231,47497000000
1631755800,3664.8411,3677.9199,3606.7275,3607.0923,54674147000
1631842200,3595.2715,3620.9575,3569.2708,3613.9663,51685021000
1632274200,3563.2075,3629.4539,3560.5034,3628.4897,47229605000
1632360600,3651.2661,3670.9541,3632.2822,3642.2205,53499549000
1632447000,3637.8677,3651.4294,3607.792,3613.0674,50730477000
1632706200,3625.9597,3640.8076,3559.9153,3582.8308,51080280000
1632792600,3577.886,3610.917,3568.8188,3602.2185,44416881000
1632879000,3573.5178,3573.5178,3518.0476,3536.2944,45251115000
1632965400,3541.9282,3572.4258,3541.9282,3568.1667,39562963000
1633656600,3609.0874,3612.554,3571.7339,3592.1665,40716115000
1633915800,3600.3569,3614.6987,3586.7488,3591.7087,39436116000
1634002200,3581.2966,3583.6392,3515.1409,3546.9363,40539375000
1634088600,3543.4917,3569.1333,3515.6482,3561.7622,32505067000
1634175000,3555.1084,3569.6863,3547.1819,3558.2795,29496920000
1634261400,3551.9873,3578.7661,3542.6931,3572.3662,32029298000
1634520600,3571.0481,3571.0481,3539.4778,3568.1379,34095062000
1634607000,3562.2954,3596.7876,3560.6221,3593.1533,33419765000
1634693400,3583.2363,3596.0498,3574.2957,3587.001,34424501000
1634779800,3590.0496,3610.9602,3576.3547,3594.7832,35231087000
1634866200,3594.7456,3607.5776,3578.7603,3582.6035,35315720000
1635125400,3574.2632,3611.0908,3564.2058,3609.8625,32119682000
1635211800,3612.8333,3625.0156,3589.7061,3597.6377,33727829000
1635298200,3589.8574,3589.8574,3553.1277,3562.3052,35062094000
1635384600,3548.7021,3552.042,3509.4873,3518.4165,37817167000
1635471000,3519.3276,3547.3362,3502.8013,3547.3362,35880938000
1635730200,3530.3962,3556.5901,3519.29,3544.4795,38225133000
1635816600,3543.3828,3559.0479,3477.6641,3505.6284,41756317000
1635903000,3501.105,3512.6089,3480.4878,3498.5369,30660767000
1635989400,3505.8943,3527.9517,3503.0059,3526.8657,31944083000
1636075800,3520.2073,3525.8723,3491.4565,3491.5676,35453357000
1636335000,3491.9709,3507.2744,3484.24,3498.6309,29818372000
1636421400,3507.1074,3514.9512,3489.0432,3507.0017,28731599000
1636507800,3498.9446,3498.9446,3448.4377,3492.4617,30703071000
1636594200,3486.4509,3534.1992,3482.8291,3532.7859,32208796000
1636680600,3534.1511,3543.6479,3527.3896,3539.1001,30868335000
1636939800,3542.9033,3550.4438,3521.2925,3533.3025,31301761000
1637026200,3530.4575,3549.7654,3517.8064,3521.7866,31039991000
1637112600,3518.5647,3537.5125,3513.5229,3537.3662,27673567000
1637199000,3531.4922,3537.9758,3513.1135,3520.7107,31242693000
1637285400,3519.2759,3561.9126,3517.6514,3560.3733,31798998000
1637544600,3562.7627,3585.1875,3562.7505,3582.0796,33000939000
1637631000,3580.5059,3598.375,3577.3608,3589.0894,36001159000
1637717400,3590.0188,3602.7354,3575.2883,3592.7024,33677525000
1637803800,3593.3882,3597.1477,3579.5332,3584.1787,30645152000
1637890200,3576.1135,3576.1135,3554.8799,3564.0894,30100007000
1638149400,3528.6721,3563.677,3526.355,3562.6968,33361833000
1638235800,3570.7468,3582.115,3546.3618,3563.8872,34918794000
1638322200,3561.886,3576.8853,3558.6909,3576.8853,32987352000
1638408600,3573.2468,3586.8669,3567.137,3573.8357,35404152000
1638495000,3576.4497,3608.4697,3573.2134,3607.4321,37755105000
1638754200,3615.2356,3626.1257,3586.8052,3589.3062,41867674000
1638840600,3611.217,3614.2229,3572.5688,3595.0881,40384259000
1638927000,3602.824,3637.7151,3591.9856,3637.5674,36103666000
1639013400,3641.158,3688.3967,3638.7021,3673.0413,43191816000
1639099800,3654.3684,3667.8547,3651.3525,3666.3479,41998880000
1639359000,3686.9368,3708.9424,3678.0583,3681.082,42409201000
1639445400,3669.8066,3671.6785,3654.656,3661.5254,36217193000
1639531800,3655.0488,3668.4016,3645.2424,3647.6304,37747767000
1639618200,3648.927,3675.0161,3644.6646,3675.0161,38132951000
1639704600,3670.2578,3673.6536,3631.6604,3632.3638,40848784000
1639963800,3620.0371,3643.9536,3589.3604,3593.6018,42385141000
1640050200,3591.4519,3627.0884,3591.4519,3625.125,40818435000
1640136600,3632.6763,3635.8992,3616.5476,3622.6179,39482518000
1640223000,3625.4695,3643.5459,3618.0481,3643.3391,38292573000
1640309400,3645.3948,3648.9556,3612.0674,3618.0535,39034763000
1640568600,3613.0469,3632.188,3601.9351,3615.9741,32923529000
1640655000,3619.6418,3631.0767,3607.3643,3630.1116,31620224000
1640741400,3630.916,3630.916,3596.3225,3597.0002,30513177000
1640827800,3596.4922,3628.9177,3595.4956,3619.1887,30783929000
1640914200,3626.2419,3642.843,3624.9419,3639.7754,32968193000
1641259800,3649.1509,3651.8923,3610.0923,3632.3289,40502777000
1641346200,3628.2634,3628.2634,3583.4668,3595.176,42390203000
1641432600,3581.2185,3594.489,3559.8804,3586.0791,37154054000
1641519000,3588.9851,3607.2317,3577.0977,3579.5427,43630696000
1641778200,3572.7434,3593.5188,3555.1255,3593.5188,35622261000
1641864600,3589.9043,3602.1455,3562.7542,3567.4409,35976186000
1641951000,3578.1628,3599.4993,3572.0964,3597.4321,34313296000
1642037400,3601.0266,3601.0725,3555.1577,3555.2585,36936837000
1642123800,3544.0652,3548.4204,3519.3223,3521.2559,37693702000
1642383000,3522.0852,3546.0852,3519.4258,3541.666,31288673000
1642469400,3541.8899,3579.3125,3531.3296,3569.9143,37714644000
1642555800,3567.6309,3578.7349,3541.6619,3558.1797,33323527000
1642642200,3556.2263,3576.2595,3540.5544,3555.063,37950985000
1642728600,3546.7495,3547.0002,3514.8853,3522.5679,32653488000
1642987800,3508.2441,3531.6082,3500.1392,3524.105,28026834000
1643074200,3509.2847,3519.8335,3433.0613,3433.0613,32735381000
1643160600,3442.6917,3462.1233,3417.7585,3455.668,27512283000
1643247000,3456.1021,3456.363,3392.0154,3394.2473,28060653000
1643333400,3407.5933,3417.0454,3356.5559,3361.4397,29085526000
1644197400,3407.7622,3434.0256,3407.7622,3429.5808,32048521000
1644283800,3428.5425,3453.1863,3390.4578,3452.6289,36609387000
1644370200,3450.8181,3484.739,3444.0847,3479.9458,35024994000
1644456600,3481.9102,3488.8552,3464.2168,3485.907,35566627000
1644543000,3472.2756,3500.1472,3459.3298,3462.948,36135609000
1644802200,3451.8467,3457.2644,3415.4463,3428.8821,31527445000
1644888600,3428.0447,3447.4917,3421.6404,3446.0884,27555932000
1644975000,3457.073,3475.0576,3453.8015,3465.8306,27499391000
1645061400,3464.209,3480.9719,3454.2766,3468.0354,29726268000
1645147800,3451.6318,3490.7573,3447.0273,3490.7573,29514996000
1645407000,3488.4058,3492.1995,3471.6858,3490.6123,30154174000
1645493400,3473.2874,3473.3931,3437.6716,3457.146,32627948000
1645579800,3458.5139,3490.7632,3458.1794,3489.1465,32560490000
1645666200,3474.3691,3486.9773,3400.2136,3429.9563,48835490000
1645752600,3445.3362,3480.1755,3440.9338,3451.406,37754256000
1646011800,3450.3154,3462.3064,3425.5161,3462.3064,34583839000
1646098200,3471.3645,3491.1316,3465.7153,3488.8347,32600166000
1646184600,3478.2925,3486.6206,3467,3484.1917,32936768000
1646271000,3495.928,3500.2871,3473.3376,3481.1125,41259429000
1646357400,3459.9846,3474.8816,3437.6963,3447.6489,39352658000
1646616600,3438.5603,3438.5603,3360.7393,3372.8552,39358900000
1646703000,3372.5547,3383.6326,3287.3413,3293.53,41592677000
1646789400,3303.7061,3321.4812,3147.6768,3256.3884,46628557000
1646875800,3312.179,3326.5828,3291.2351,3296.0923,37833638000
1646962200,3259.3228,3315.6604,3217.4185,3309.7466,38406713000
1647221400,3271.8901,3297.7974,3223.5327,3223.5327,33796869000
1647307800,3192.3638,3196.916,3063.9651,3063.9651,46503716000
1647394200,3107.6689,3177.7881,3023.3044,3170.7102,44466719000
1647480600,3215.0105,3260.1672,3202.9336,3215.0444,42081346000
1647567000,3207.1521,3260.783,3197.3579,3251.0725,37303561000
1647826200,3255.6152,3267.4983,3223.3892,3253.6858,35422849000
1647912600,3249.5427,3279.1128,3239.5322,3259.8618,36119616000
1647999000,3264.7922,3279.8867,3251.9817,3271.0325,34987537000
1648085400,3256.0574,3266.8867,3236.6592,3250.2644,32900665000
1648171800,3247.1567,3257.1062,3211.6445,3212.24,34002001000
1648431000,3185.1667,3230.2153,3159.8347,3214.5027,34499487000
1648517400,3216.0117,3229.1765,3196.4553,3203.9392,31627365000
1648603800,3217.592,3266.5959,3216.3022,3266.5959,36675368000
1648690200,3256.137,3272.04,3246.063,3252.2029,39843993000
1648776600,3234.668,3287.2285,3226.2964,3282.7166,37821046000
1649208600,3269.427,3288.1079,3255.6895,3283.426,42964278000
1649295000,3267.8103,3290.2561,3236.479,3236.6951,40262666000
1649381400,3239.8767,3257.0938,3208.3521,3251.8501,41382680000
1649640600,3239.855,3239.855,3156.5066,3167.126,42416019000
1649727000,3165.1196,3214.5359,3140.8999,3213.3296,41832192000
1649813400,3199.7971,3225.467,3183.533,3186.8245,39115693000
1649899800,3203.6338,3240.0015,3200.2346,3225.6411,37124234000
1649986200,3210.6997,3229.8655,3200.1333,3211.2449,40784208000
1650245400,3185.9429,3204.0273,3166.9783,3195.5239,34736512000
1650331800,3192.0923,3207.8276,3174.7139,3194.0288,33994410000
1650418200,3189.8911,3191.8315,3142.0486,3151.0498,36204704000
1650504600,3138.4275,3160.8994,3069.6809,3079.8076,39193469000
1650591000,3058.4043,3105.6553,3049.3555,3086.9192,34200056000
1650850200,3034.2666,3043.8157,2928.5095,2928.5117,43360611000
1650936600,2930.4531,2957.6799,2878.2563,2886.4258,40161515000
1651023000,2866.8162,2959.178,2863.6497,2958.282,42306019000
1651109400,2945.8108,2991.51,2936.7942,2975.4849,37537178000
1651195800,2986.0605,3048.4941,2968.334,3047.0625,42393279000
1651714200,3044.8491,3082.2295,3042.1155,3067.7588,38307288000
1651800600,3011.3186,3030.6926,2992.7151,3001.5605,34326422000
1652059800,2990.199,3015.9424,2983.6118,3004.1409,29206156000
1652146200,2965.7759,3043.7788,2957.3967,3035.8442,37066098000
1652232600,3035.3894,3100.8999,3034.6746,3058.7026,42399191000
1652319000,3044.7998,3072.1575,3032.9453,3054.9939,34444048000
1652405400,3068.0332,3086.0957,3059.2527,3084.2844,33173785000
1652664600,3100.55,3102.5769,3063.3977,3073.7488,33810849000
1652751000,3076.4983,3093.6965,3057.6406,3093.6965,33035654000
1652837400,3095.8862,3105.8418,3071.3049,3085.9768,31503792000
1652923800,3046.7104,3096.9648,3042.6743,3096.9648,33660075000
1653010200,3107.094,3146.5674,3107.094,3146.5674,37233664000
1653269400,3150.4897,3150.5093,3127.8987,3146.8574,35337633000
1653355800,3149.0591,3153.1299,3070.9272,3070.9272,41631216000
1653442200,3070.1702,3107.6279,3069.9458,3107.4641,34225923000
1653528600,3111.4817,3133.2766,3079.4812,3123.1079,37030552000
1653615000,3135.0315,3151.0471,3112.5442,3130.2395,35946387000
1653874200,3141.9561,3150.8923,3123.1494,3149.0608,34936229000
1653960600,3149.9443,3188.6025,3142.0044,3186.427,37452327000
1654047000,3179.6948,3190.6094,3160.0398,3182.1565,36566443000
1654133400,3170.3054,3197.2817,3163.7556,3195.458,36177063000
1654479000,3196.9551,3237.071,3181.647,3236.3718,42202784000
1654565400,3235.416,3253.093,3222.6355,3241.7634,40220322000
1654651800,3245.0173,3266.6299,3216.0149,3263.7935,43418327000
1654738200,3259.49,3270.5571,3223.4751,3238.9543,42272837000
1654824600,3214.1848,3286.6194,3210.8083,3284.834,43986573000
1655083800,3256.2749,3272.9905,3229.3088,3255.551,43857831000
1655170200,3224.2141,3289.1343,3195.8191,3288.9065,45038819000
1655256600,3289.1035,3358.5454,3288.8513,3305.4065,55058413000
1655343000,3306.8352,3319.689,3277.5305,3285.3845,43322087000
1655429400,3265.5125,3323.2798,3262.8936,3316.7856,39530070000
1655688600,3315.7832,3333.9026,3292.928,3315.4302,41346041000
1655775000,3313.7874,3329.3899,3279.8269,3306.7185,39445689000
1655861400,3309.1184,3311.021,3266.5427,3267.2017,37552978000
1655947800,3269.0544,3320.1487,3262.2939,3320.1487,40061421000
1656034200,3324.7361,3356.7146,3322.9497,3349.7471,39081973000
1656293400,3364.0029,3393.3091,3364.0029,3379.1853,41411774000
1656379800,3377.6792,3412.1018,3358.8667,3409.2102,41205652000
1656466200,3399.678,3414.6467,3358.4675,3361.5176,44057356000
1656552600,3358.9338,3417.0085,3358.9338,3398.6162,38124318000
1656639000,3400.2617,3404.0522,3378.3621,3387.6372,35048930000
1656898200,3381.8193,3405.6184,3364.0947,3405.4268,35773792000
1656984600,3411.1296,3424.8367,3372.0623,3404.0251,41169967000
1657071000,3391.0266,3391.0266,3333.0964,3355.3496,38463005000
1657157400,3353.1284,3375.8596,3332.3091,3364.3979,33440020000
1657243800,3380.3687,3386.3149,3354.1208,3356.0779,32292107000
1657503000,3341.1016,3341.1016,3297.0049,3313.584,34266919000
1657589400,3307.2212,3319.2512,3277.0793,3281.4666,33460054000
1657675800,3279.6025,3297.0186,3266.4812,3284.2917,33184567000
1657762200,3277.4546,3299.2512,3261.4934,3281.7439,35592643000
1657848600,3261.3826,3288.9199,3228.0608,3228.0608,38015637000
1658107800,3235.0881,3278.4714,3226.2314,3278.1033,34834602000
1658194200,3278.7222,3283.9294,3256.0151,3279.4314,31565192000
1658280600,3291.5508,3308.3472,3287.7441,3304.7244,30151512000
1658367000,3297.6614,3300.5344,3272.0012,3272.0012,33235871000
1658453400,3276.1965,3293.6438,3246.7312,3269.9739,30069007000
1658712600,3269.707,3273.1836,3243.031,3250.3879,27124574000
1658799000,3254.1853,3282.4133,3246.0439,3277.4355,25946867600
1658885400,3271.7825,3282.574,3265.7268,3275.7554,24913148500
1658971800,3287.502,3305.7058,3277.1079,3282.5757,28805506000
1659058200,3282.8113,3294.8044,3246.3677,3253.2383,30733105000
1659317400,3246.6162,3264.3042,3225.5532,3259.9585,29220481000
1659403800,3231.2622,3231.2622,3155.1865,3186.2664,39417617000
1659490200,3188.8906,3217.5496,3159.457,3163.6741,32488567000
1659576600,3179.4277,3190.9993,3155.7039,3189.0391,26089894300
1659663000,3195.2273,3228.8862,3184.4548,3227.0266,27468373000
1659922200,3218.8511,3237.9692,3214.0825,3236.9336,25426805000
1660008600,3235.7351,3248.7717,3227.5393,3247.4319,25960546700
1660095000,3242.3623,3253.1663,3217.8064,3230.02,25758359200
1660181400,3243.4717,3281.6653,3237.9041,3281.6653,30060538000
1660267800,3275.77,3288.2234,3272.8406,3276.8877,29993293000
1660527000,3268.3652,3286.8911,3261.8152,3276.0869,28710677000
1660613400,3278.6755,3295.0227,3271.5703,3277.8848,30359227000
1660699800,3282.1008,3295.9976,3263.3484,3292.5259,32612476000
1660786200,3286.3669,3289.1416,3270.5583,3277.5437,30169478000
1660872600,3275.6228,3286.4912,3258.0637,3258.0784,33353547000
1661131800,3249.7046,3278.1655,3247.187,3277.7942,31453787000
1661218200,3274.427,3284.5962,3262.6331,3276.2234,31656636000
1661304600,3279.1716,3281.8752,3212.386,3215.2034,36614058000
1661391000,3223.4646,3248.3506,3199.1243,3246.248,33619617000
1661477400,3250.6277,3266.2737,3232.2766,3236.2227,30992755000
1661736600,3203.1023,3240.7275,3198.9961,3240.7275,29701510000
1661823000,3240.1836,3243.7461,3212.6345,3227.2202,29431891000
1661909400,3216.5256,3232.0159,3184.3936,3202.1377,34440883000
1661995800,3196.5366,3214.5583,3181.6255,3184.9797,27466054000
1662082200,3189.6438,3198.2813,3173.793,3186.478,25045691100
1662341400,3183.946,3199.9119,3172.0393,3199.9119,28067563000
1662427800,3207.9331,3244.6353,3203.8162,3243.4465,31886969000
1662514200,3232.1367,3253.7671,3227.8225,3246.2942,30101447000
1662600600,3245.5569,3253.7004,3233.8008,3235.5862,28168036000
1662687000,3241.1809,3266.1975,3236.5078,3262.0542,28382767000
1663032600,3272.0493,3278.166,3259.6643,3263.7971,27618982000
1663119000,3224.6782,3250.8025,3221.9609,3237.542,25519336500
1663205400,3248.9722,3254.179,3174.3899,3199.9187,32520612000
1663291800,3189.8264,3191.8264,3126.3972,3126.3977,31647589000
1663551000,3122.7549,3135.5564,3101.2207,3115.6018,24911366200
1663637400,3127.8357,3140.0251,3114.0369,3122.4058,21994253400
1663723800,3116.0066,3129.8245,3091.2966,3117.1775,23297249600
1663810200,3098.7683,3125.6797,3092.8188,3108.9097,22114068900
1663896600,3106.8054,3124.6582,3072.241,3088.3694,24305771900
1664155800,3067.5688,3102.6543,3048.5144,3051.2261,26269862800
1664242200,3056.3916,3094.0388,3048.365,3093.8618,23273530300
1664328600,3089.0974,3089.0974,3044.864,3045.0669,23009865000
1664415000,3067.4727,3076.7615,3026.0791,3041.2046,23003041600
1664501400,3042.1665,3054.6128,3021.9309,3024.3904,20411533600
1665365400,3026.9353,3029.4478,2968.281,2974.1455,24340482800
1665451800,2978.0618,2986.9116,2953.4954,2979.7925,20863595000
1665538200,2976.7168,3025.5056,2934.0923,3025.5056,24801355700
1665624600,3008.3015,3036.2485,3004.4963,3016.3562,24968328100
1665711000,3035.0342,3084.2725,3035.0342,3071.9868,27730406000
1665970200,3060.5176,3087.1943,3052.7148,3084.9424,26260861800
1666056600,3094.9272,3099.9182,3074.2163,3080.9575,24563475700
1666143000,3073.2617,3081.3904,3044.3777,3044.3777,23089531000
1666229400,3029.3027,3070.2649,3013.6929,3035.0503,24473614500
1666315800,3038.0359,3055.4158,3026.9602,3038.9292,24525412200
1666575000,3034.7458,3064.4211,2965.1675,2977.5554,29808536000
1666661400,2969.156,3001.7151,2944.2607,2976.283,25555416000
1666747800,2977.5642,3028.3479,2977.5642,2999.5037,26868949000
1666834200,3005.0374,3017.2629,2981.689,2982.9028,26560825400
1666920600,2967.0222,2974.2361,2908.9832,2915.9258,29253131000
1667179800,2893.1963,2926.0149,2885.0894,2893.4829,30199420000
1667266200,2899.4985,2969.1995,2896.7571,2969.1995,31980958000
1667352600,2960.6465,3019.0486,2954.9478,3003.3699,32507825000
1667439000,2981.2039,3003.7207,2977.7163,2997.8057,25934856700
1667525400,2996.9971,3081.5903,2996.9971,3070.7964,32980674000
1667784600,3062.8589,3088.1926,3054.457,3077.8169,32056710000
1667871000,3077.3057,3078.2759,3047.4624,3064.4929,25652200700
1667957400,3064.4634,3073.9182,3046.188,3048.1675,23563732400
1668043800,3031.6914,3047.9802,3022.8506,3036.1318,27037180000
1668130200,3099.6499,3117.7419,3070.3008,3087.2925,40960453000
1668389400,3100.8669,3121.4055,3075.2151,3083.4014,36178822000
1668475800,3081.135,3135.5903,3074.4983,3134.0779,33147058000
1668562200,3133.6504,3145.7527,3115.3452,3119.9805,30342984000
1668648600,3110.9648,3115.4351,3087.1736,3115.4348,28702841000
1668735000,3116.729,3126.7107,3096.8857,3097.2432,29995428000
1668994200,3078.0569,3085.2427,3056.1704,3085.0444,25604554900
1669080600,3084.2329,3118.1196,3076.3213,3088.9426,32756593000
1669167000,3084.7402,3108.2439,3075.3242,3096.9072,32615545000
1669253400,3104.0955,3113.2393,3084.8555,3089.3096,26748292800
1669339800,3085.4612,3111.4214,3077.967,3101.6931,31143198000
1669599000,3055.2898,3080.1843,3034.7046,3078.5486,30581128000
1669685400,3096.1125,3152.0027,3096.1125,3149.7478,39144975000
1669771800,3141.3992,3158.5732,3137.3687,3151.3352,37271832000
1669858200,3187.99,3198.4087,3164.5349,3165.4712,38701306000
1669944600,3160.5789,3170.8979,3149.8406,3156.1443,30781248000
1670203800,3181.9155,3213.4395,3177.0642,3211.8145,44739844000
1670290200,3200.2749,3224.822,3195.0789,3212.5334,37359030000
1670376600,3204.9353,3226.0818,3188.6704,3199.6194,35411308000
1670463000,3196.0156,3206.7151,3187.2566,3197.3499,32096929000
1670549400,3197.1184,3212.106,3182.9067,3206.9502,37334321000
1670808600,3195.8679,3196.7246,3176.5752,3179.0417,33338179000
1670895000,3179.4353,3187.2036,3171.4827,3176.3254,28582120000
1670981400,3178.5542,3189.835,3168.5925,3176.5254,26562356900
1671067800,3177.1995,3179.1001,3158.4514,3168.6477,24302333300
1671154200,3156.135,3175.3525,3151.6089,3167.8577,25977179500
1671413400,3165.3091,3170.2551,3096.0981,3107.115,27851354000
1671499800,3098.9531,3100.7478,3061.5098,3073.7659,21883676600
1671586200,3078.3313,3085.7952,3060.5542,3068.4104,18906792000
1671672600,3085.8003,3096.2449,3044.5991,3054.4314,22363953700
1671759000,3038.8416,3061.8669,3031.5359,3045.8665,19202030500
1672018200,3048.1963,3071.8362,3047.3491,3065.5625,20650389300
1672104600,3077.7468,3098.0784,3074.3132,3095.5679,22221832200
1672191000,3088.6174,3098.6497,3079.4338,3087.3997,22455415100
1672277400,3076.7263,3086.0049,3064.4595,3073.7017,21557067600
1672363800,3084.5227,3096.3135,3082.1963,3089.2578,21754534400
1672709400,3087.5129,3119.8557,3073.054,3116.512,28137036000
1672795800,3117.571,3129.0938,3109.4512,3123.5164,27331363000
1672882200,3132.7615,3159.427,3130.23,3155.2163,25700301800
1672968600,3155.0747,3170.7417,3151.8408,3157.6365,25738025500
1673227800,3169.3738,3183.583,3165.4282,3176.0845,25811521800
1673314200,3178.022,3178.157,3165.1445,3169.5071,23298417500
1673400600,3172.376,3184.7571,3160.8896,3161.8376,23774286900
1673487000,3167.2729,3171.5906,3153.4038,3163.4509,21667130500
1673573400,3170.3547,3195.3066,3167.5098,3195.3059,22022689700
1673832600,3198.5188,3251.3738,3197.3186,3227.5916,30674955000
1673919000,3229.4353,3231.2644,3211.7573,3224.2449,22659223000
1674005400,3227.5947,3234.8169,3220.3704,3224.406,21210973000
1674091800,3221.5178,3240.2793,3210.3826,3240.2793,22646503000
1674178200,3247.2031,3267.0579,3247.2031,3264.8137,27321918000
1675042200,3308.8694,3310.4902,3266.7581,3269.3181,35332583000
1675128600,3266.1443,3277.2524,3252.0144,3255.6692,30016296000
1675215000,3262.196,3284.9224,3245.4114,3284.9214,33950941000
1675301400,3291.7827,3295.7637,3272.4141,3285.6704,33341313000
1675387800,3275.6577,3275.6577,3235.3533,3263.406,29334281000
1675647000,3244.7007,3250.3513,3226.2112,3238.6978,26705310700
1675733400,3245.2297,3250.033,3233.8335,3248.094,25094645000
1675819800,3251.5005,3257.114,3230.4392,3232.1062,23453048100
1675906200,3227.7278,3270.3826,3225.7725,3270.3826,25475452900
1675992600,3266.4368,3269.9944,3247.2295,3260.6733,26062692600
1676251800,3256.988,3285.0913,3252.6328,3284.1599,29721319000
1676338200,3288.9741,3293.7339,3279.1895,3293.2825,27097417000
1676424600,3294.0149,3296.1995,3274.5505,3280.4919,26993912000
1676511000,3281.7351,3308.8279,3231.342,3249.0295,38086355000
1676597400,3244.7324,3262.4729,3223.2581,3224.0244,27845124000
1676856600,3230.4729,3291.0388,3225.8428,3290.3384,32500773000
1676943000,3291.6311,3308.7908,3282.436,3306.5237,32440945000
1677029400,3292.0488,3307.0342,3286.7207,3291.1477,25540398500
1677115800,3293.522,3307.4385,3275.3621,3287.4771,26232430400
1677202200,3287.2554,3288.3921,3253.9749,3267.1597,23420630600
1677461400,3256.9998,3276.5791,3251.7212,3258.0344,24285534400
1677547800,3265.7419,3280.4153,3246.1445,3279.6052,25162503200
1677634200,3279.1365,3315.1604,3272.0352,3312.3479,31839870000
1677720600,3308.0112,3320.7441,3306.4553,3310.6536,32852002000
1677807000,3314.7727,3330.6045,3302.623,3328.3926,34399692000
1678066200,3332.0234,3333.062,3308.7256,3322.0259,34053045000
1678152600,3320.2109,3342.8584,3284.4099,3285.0989,38995796000
1678239000,3271.8799,3283.2478,3263.6926,3283.2478,26044354700
1678325400,3285.9426,3289.0601,3260,3276.0938,26402185900
1678411800,3255.5122,3262.147,3229.4958,3230.0767,28113541000
1678671000,3228.1238,3268.6956,3228.1238,3268.6956,29492809000
1678757400,3261.9219,3262.0024,3216.9927,3245.3123,31990603000
1678843800,3261.0283,3273.1233,3256.8567,3263.3147,30516880000
1678930200,3244.47,3257.4331,3224.7224,3226.8911,32738963000
1679016600,3245.2605,3279.9229,3240.157,3250.5459,34300102000
1679275800,3253.9302,3267.9932,3231.646,3234.9104,39251739000
1679362200,3240.8389,3255.9998,3237.8933,3255.6504,30181078000
1679448600,3263.4128,3279.3938,3255.7395,3265.7476,29084046000
1679535000,3258.7791,3286.6492,3252.9917,3286.6492,30611839000
1679621400,3282.739,3282.739,3260.8445,3265.6538,32451334000
1679880600,3261.8235,3261.8235,3229.7036,3251.3972,33786121000
1679967000,3256.6023,3264.0979,3241.7368,3245.376,29568266000
1680053400,3253.6211,3254.5564,3229.5847,3240.0569,29690051000
1680139800,3243.0684,3263.7378,3220.9846,3261.2485,29989830000
1680226200,3263.406,3278.4231,3260.0396,3272.8601,28361375000
1680485400,3277.3401,3299.7322,3276.4158,3296.396,35767678000
1680571800,3297.1831,3312.5615,3290.9924,3312.5579,38587162000
1680744600,3302.751,3314.5261,3296.0549,3312.6279,32715542000
1680831000,3312.4812,3328.8455,3308.061,3327.6458,28303225000
1681090200,3331.5051,3332.7151,3309.917,3315.3579,34081985000
1681176600,3317.0771,3317.4485,3298.2498,3313.5706,32056606000
1681263000,3316.8623,3330.708,3315.3992,3327.1816,34302532000
1681349400,3321.2732,3334.4697,3309.2515,3318.3638,34786211000
1681435800,3326.3704,3340.0764,3316.8101,3338.1526,33829928000
1681695000,3337.0605,3385.6096,3336.3882,3385.6096,40280993000
1681781400,3379.2268,3396.1746,3375.7803,3393.3313,34839949000
1681867800,3391.355,3394.959,3364.6418,3370.1284,34612344000
1681954200,3367.0525,3371.3679,3344.0161,3367.031,35035497000
1682040600,3363.9988,3367.6094,3301.2576,3301.2576,38739510000
1682299800,3300.8125,3303.0908,3264.9348,3275.4131,35425563000
1682386200,3276.4031,3288.5686,3229.446,3264.8716,38089573000
1682472600,3255.217,3277.9797,3239.9893,3264.1006,35791784000
1682559000,3256.2278,3299.301,3253.1118,3285.8845,34159053000
1682645400,3283.1223,3324.8809,3283.1223,3323.2747,40155479000
1683163800,3306.4827,3352.7463,3302.0276,3350.4587,48336492000
1683250200,3350.6538,3364.1416,3321.1873,3334.5027,43650449000
1683509400,3340.9905,3400.1765,3340.9905,3395.0037,53410366000
1683595800,3402.3938,3418.9534,3356.1184,3357.6707,57301331000
1683682200,3347.7014,3349.7212,3305.2505,3319.1506,45173973000
1683768600,3323.6582,3333.2495,3307.2888,3309.5513,35425827000
1683855000,3304.4583,3319.1306,3271.4312,3272.3618,34731498000
1684114200,3269.8782,3310.7368,3235.8679,3310.7368,38804589000
1684200600,3310.1606,3317.9011,3282.4917,3290.9873,32247941000
1684287000,3281.9663,3298.519,3269.8936,3284.2319,28574405000
1684373400,3288.4111,3313.8623,3284.168,3297.3198,30996747000
1684459800,3288.8911,3302.3423,3268.2241,3283.5417,28540406000
1684719000,3278.5959,3308.5325,3276.5398,3296.4695,27389000000
1684805400,3294.7876,3298.2256,3246.238,3246.238,27527908000
1684891800,3237.7046,3237.7046,3204.3813,3204.7495,28872026000
1684978200,3197.3645,3207.021,3168.5715,3201.2605,28358893000
1685064600,3198.8826,3220.7737,3179.8218,3212.5039,26170047900
1685323800,3219.7554,3230.9707,3208.9551,3221.4485,29738949000
1685410200,3214.6729,3230.6316,3186.6255,3224.2134,30353246000
1685496600,3214.655,3216.3596,3190.2737,3204.5645,29457334000
1685583000,3196.1548,3225.093,3189.5173,3204.6345,31233076000
1685669400,3212.449,3233.9917,3211.7371,3230.0686,29466710000
1685928600,3231.8108,3244.1802,3221.6255,3232.4409,27806020000
1686015000,3228.4067,3247.3491,3189.2693,3195.3403,30828587000
1686101400,3197.4678,3210.3296,3188.0054,3197.7588,25806340000
1686187800,3194.8347,3225.5264,3180.5354,3213.5854,29353074000
1686274200,3213.033,3231.4055,3206.1028,3231.4055,31415550000
1686533400,3225.3049,3239.4368,3210.7134,3228.8335,31378444000
1686619800,3223.8958,3235.0854,3215.4988,3233.6733,28062845000
1686706200,3238.1189,3248.4609,3226.7744,3228.9888,30353726000
1686792600,3230.4512,3252.9751,3229.1453,3252.9751,31325575000
1686879000,3256.2988,3276.5522,3255.4988,3273.334,32628185000
1687138200,3271.1636,3271.1636,3251.7788,3255.8057,32775305000
1687224600,3252.5435,3252.8435,3237.7856,3240.3647,29826060000
1687311000,3230.1143,3236.3625,3197.9011,3197.9011,29437737000
1687743000,3177.2292,3181.0757,3144.2483,3150.6189,30812981000
1687829400,3153.3132,3194.4087,3148.2656,3189.4426,28760433000
1687915800,3183.4866,3192.6589,3157.1228,3189.3757,27623195000
1688002200,3185.4243,3196.5024,3179.5251,3182.3811,25034007400
1688088600,3178.9243,3212.9929,3177.9912,3202.0623,26537987300
1688347800,3209.1624,3246.8606,3209.1624,3243.9751,31237140000
1688434200,3241.2305,3246.9575,3233.9895,3245.3491,27924872000
1688520600,3240.0486,3241.8352,3218.6023,3222.947,26401642600
1688607000,3215.8633,3229.48,3199.7163,3205.5747,24611903200
1688693400,3197.4717,3212.0471,3189.2114,3196.6091,25568846900
1688952600,3208.7349,3216.5349,3192.658,3203.6958,23656036700
1689039000,3211.1223,3221.6804,3200.3845,3221.3667,22760046700
1689125400,3220.3757,3224.3313,3193.4365,3196.1338,27142339000
1689211800,3202.6992,3238.4675,3202.6992,3236.48,27662051000
1689298200,3240.9695,3248.385,3233.9985,3237.7012,27332749000
1689557400,3219.0161,3219.0161,3195.8862,3209.6299,25020837600
1689643800,3206.7859,3210.2483,3190.0049,3197.8201,23503025900
1689730200,3195.0085,3204.3611,3181.561,3198.8357,21735586000
1689816600,3201.9111,3209.0554,3165.6738,3169.522,23893289100
1689903000,3163.4209,3185.6357,3157.3335,3167.7451,22533136300
1690162200,3157.4695,3178.7334,3151.1252,3164.1609,21659521100
1690248600,3201.4575,3231.7485,3201.4575,3231.5212,34861771000
1690335000,3228.0874,3229.8921,3212.8801,3223.0278,31720605000
1690421400,3225.4763,3245.6028,3210.47,3216.6709,32711887000
1690507800,3206.741,3280.2776,3200.9939,3275.9258,41106843000
1690767000,3287.209,3322.1292,3281.0132,3291.0398,45903099000
1690853400,3288.7605,3305.3401,3279.5657,3290.9492,45989083000
1690939800,3281.8584,3290.8203,3252.3037,3261.6902,40534150000
1691026200,3254.5652,3280.8635,3247.272,3280.4626,38469132000
1691112600,3296.0945,3315.0493,3281.7344,3288.0842,47092770000
1691371800,3276.7756,3276.7756,3258.5371,3268.8311,36034148000
1691458200,3260.7217,3274.5186,3246.6746,3260.6196,31652073000
1691544600,3251.1521,3257.0815,3240.2888,3244.4868,27121854000
1691631000,3242.2058,3257.0298,3234.1157,3254.5598,28741214000
1691717400,3254.4751,3254.4751,3189.248,3189.248,33013775000
1691976600,3159.7139,3180.5066,3141.655,3178.4272,29984033000
1692063000,3180.5579,3186.2339,3147.3459,3176.1758,27325192000
1692149400,3164.7019,3176.626,3149.7227,3150.1277,28172829000
1692235800,3137.3513,3167.4458,3123.2495,3163.7393,29469259000
1692322200,3165.0999,3179.116,3131.9529,3131.9529,29439035000
1692581400,3125.9897,3134.957,3092.9778,3092.9778,26575342300
1692667800,3103.7808,3126.7837,3074.5308,3120.3337,30931634000
1692754200,3116.2661,3116.3765,3077.6057,3078.4021,27224412000
1692840600,3085.9106,3106.1824,3072.9512,3082.2439,30002464000
1692927000,3068.615,3085.0471,3053.0374,3064.0747,29334769000
1693186200,3219.0432,3219.0432,3089.1194,3098.6362,48560776000
1693272600,3091.938,3145.761,3090.4377,3135.8867,39887578000
1693359000,3144.4067,3153.689,3126.9023,3137.1375,34751187000
1693445400,3134.553,3139.98,3113.9458,3119.8765,31344824000
1693531800,3126.0234,3143.8457,3123.1897,3133.2466,29231099000
1693791000,3145.9436,3177.0603,3143.3794,3177.0603,36639114000
1693877400,3169.7383,3169.7383,3150.0752,3154.3694,29406185000
1693963800,3147.1362,3162.1548,3136.8999,3158.0769,26700223000
1694050200,3152.2029,3152.2661,3120.823,3122.3523,26926473000
1694136600,3114.2295,3126.0413,3104.6743,3116.719,22812506400
1694395800,3119.6101,3155.1025,3113.8164,3142.7791,29044292000
1694482200,3140.3408,3147.5142,3134.3176,3137.0593,23467205100
1694568600,3137.7717,3143.7578,3106.9692,3123.0669,24970103800
1694655000,3124.8481,3135.0249,3111.8589,3126.551,26399013800
1694741400,3133.5884,3141.9641,3107.448,3117.7434,29202637000
1695000600,3110.4404,3128.7009,3098.4961,3125.9319,25944425700
1695087000,3123.9861,3131.1299,3113.5254,3124.9568,25365276100
1695173400,3118.667,3122.1277,3108.1577,3108.5679,22812446200
1695259800,3103.1753,3113.4939,3084.7009,3084.7009,22865910000
1695346200,3084.7566,3132.5579,3078.8008,3132.4316,28597835000
1695605400,3131.208,3131.208,3112.1504,3115.6072,25807188500
1695691800,3114.0215,3120.2888,3102.2727,3102.2727,22264431300
1695778200,3104.0396,3125.447,3103.844,3107.3157,24049583000
1695864600,3117.7549,3121.8352,3105.9397,3110.4753,23632998100
1696815000,3099.9998,3103.3596,3072.6418,3096.9224,26442220500
1696901400,3104.365,3109.9822,3073.1863,3075.2361,25532737900
1696987800,3085.699,3095.6594,3071.936,3078.9556,25991869200
1697074200,3101.7051,3109.9897,3092.177,3107.9006,27482800000
1697160600,3091.9973,3094.9153,3080.5481,3088.0991,25508523500
1697419800,3091.0647,3091.1257,3063.6855,3073.813,26388236300
1697506200,3076.4282,3084.0725,3064.8896,3083.4963,25901958800
1697592600,3076.5796,3076.5796,3057.0588,3058.7097,26864716000
1697679000,3043.1956,3043.1956,3004.7744,3005.3933,30403891000
1697765400,2995.3574,3006.2747,2977.1731,2983.0586,26711359400
1698024600,2969.7859,2973.6611,2923.5112,2939.2913,27890413000
1698111000,2944.3105,2964.7605,2929.0884,2962.2437,31098539000
1698197400,2986.4065,2993.2952,2972.4177,2974.1135,33239200000
1698283800,2960.1038,2990.3276,2956.0061,2988.2993,29181451000
1698370200,2978.4026,3029.2102,2974.8801,3017.7842,32180372000
1698629400,3009.6104,3028.2642,3002.3477,3021.5535,36060424000
1698715800,3019.646,3023.0015,3006.6089,3018.7705,31985997000
1698802200,3038.1821,3038.3303,3013.9331,3023.0764,28011045000
1698888600,3028.6648,3038.6421,3009.1211,3009.4058,26879458000
1698975000,3012.4653,3040.9807,3012.4653,3030.7976,26848635000
1699234200,3047.1301,3058.989,3037.6941,3058.4104,37294963000
1699320600,3052.9202,3064.5771,3042.469,3057.2698,32685346000
1699407000,3051.1531,3062.991,3037.2888,3052.3726,33567783000
1699493400,3047.6533,3063.4673,3045.8335,3053.2793,31562176000
1699579800,3043.5586,3044.0007,3027.0879,3038.97,28554650000
1699839000,3044.032,3048.6208,3028.168,3046.533,29043059000
1699925400,3046.8171,3059.5293,3044.4258,3056.0703,29484473000
1700011800,3077.0291,3080.1284,3064.3464,3072.8347,30425011000
1700098200,3066.8555,3071.4521,3050.9258,3050.9258,27107946000
1700184600,3043.6169,3055.8562,3033.7473,3054.3655,26760639300
1700443800,3056.9268,3072.5134,3043.5149,3068.3191,28755700000
1700530200,3074.8281,3089.7737,3063.345,3067.9329,33073310000
1700616600,3060.4983,3067.9624,3043.6111,3043.6111,28905649000
1700703000,3041.678,3062.8665,3034.2969,3061.8562,27659206000
1700789400,3060.3306,3060.3306,3037.2012,3040.9717,28778841000
1701048600,3038.1863,3038.3579,3015.0076,3031.7002,31051787000
1701135000,3028.5984,3039.6946,3020.2307,3038.5544,26892075000
1701221400,3038.4641,3038.9768,3017.6611,3021.6875,27795645000
1701307800,3021.1025,3030.9087,3013.7678,3029.6726,28294536000
1701394200,3027.353,3035.76,3010.2334,3031.6357,28608970000
1701653400,3033.2981,3038.9795,3022.3477,3022.9138,28816205000
1701739800,3017.0103,3017.0103,2972.2959,2972.2959,29394328000
1701826200,2966.9475,2985.3142,2959.603,2968.9333,29410419000
1701912600,2965.6523,2976.0149,2949.1438,2966.2061,29624369000
1701999000,2965.3901,2980.8345,2962.3269,2969.5593,36913871000
1702258200,2956.2905,2995.6699,2930.4221,2991.4385,36021634000
1702344600,2986.3281,3003.7456,2980.4463,3003.4377,28763876000
1702431000,2997.3357,2997.3357,2968.7605,2968.7605,28275410000
1702517400,2979.699,2986.1772,2958.0659,2958.9856,27145765000
1702603800,2966.3015,2976.3093,2940.0266,2942.5569,28932764000
1702863000,2936.5752,2951.1479,2924.3254,2930.8037,29308700000
1702949400,2928.7632,2940.5015,2914.1252,2932.3909,26592698000
1703035800,2932.1187,2937.1011,2902.0396,2902.1096,26556245400
1703122200,2892.02,2924.2561,2882.0195,2918.7148,28254183000
1703208600,2919.2878,2935.7002,2906.5095,2914.7751,29662837000
1703467800,2909.875,2920.6323,2903.9871,2918.8125,22981417800
1703554200,2917.9707,2917.9707,2892.8374,2898.8787,22814085500
1703640600,2900.1492,2917.9563,2890.165,2914.6138,24790088200
1703727000,2913.1096,2961.6477,2909.3887,2954.7036,33921312000
1703813400,2950.8372,2975.032,2950.0173,2974.9348,29067269000
1704159000,2972.7749,2976.2683,2962.2761,2962.2761,30414179000
1704245400,2957.1118,2971.2834,2953.29,2967.2473,28545595000
1704331800,2965.5088,2966.6829,2936.6348,2954.3486,26498092400
1704418200,2949.822,2967.9678,2916.7207,2929.1833,30104024000
1704677400,2923.457,2924.4558,2887.5378,2887.5378,27027506000
1704763800,2887.1096,2900.7266,2878.4124,2893.2512,26295597500
1704850200,2886.9807,2903.1621,2870.4155,2877.7024,24404652600
1704936600,2873.7981,2896.1787,2867.7224,2886.6501,26705076400
1705023000,2880.0398,2904.1743,2878.8752,2881.9768,26160293100
1705282200,2872.5562,2904.4644,2869.2236,2886.2908,24461123600
1705368600,2881.5603,2896.6831,2861.1301,2893.9885,28628671000
1705455000,2887.2917,2887.4893,2833.6152,2833.6152,26125130800
1705541400,2822.6672,2849.2559,2760.978,2845.7839,39039686000
1705627800,2836.9749,2849.8755,2822.8435,2832.2793,26666438800
1705887000,2826.5034,2828.3203,2735.3721,2756.3398,35016576000
1705973400,2746.8923,2784.8408,2724.1572,2770.9763,30874942000
1706059800,2782.1416,2823.6953,2743.3972,2820.772,36907060000
1706146200,2823.8259,2906.7939,2821.7092,2906.1086,44200905000
1706232600,2897.9148,2924.3064,2890.4819,2910.2227,42110908000
1706491800,2910.6072,2923.8992,2883.3328,2883.356,41058131000
1706578200,2866.2795,2881.3467,2829.2498,2830.5266,33566123000
1706664600,2815.5042,2834.011,2782.5869,2788.5481,37710397000
1706751000,2773.4238,2805.0146,2752.7825,2770.7402,35288919000
1706837400,2773.2949,2791.6755,2666.3335,2730.1521,42623020000
1707096600,2716.0811,2739.7383,2635.0896,2702.1851,47899029000
1707183000,2680.4846,2802.9312,2669.6731,2789.4861,50284931000
1707269400,2791.5144,2829.6956,2770.5293,2829.6956,54711744000
1707355800,2832.4856,2867.4739,2827.9021,2865.9033,53110889000
1708306200,2886.5872,2910.5439,2867.7102,2910.5439,45896770000
1708392600,2902.8765,2927.3081,2887.4741,2922.7302,35013874000
1708479000,2906.0244,2994.615,2898.0496,2950.9556,44424546000
1708565400,2945.4465,2988.3579,2944.4988,2988.3579,35413254000
1708651800,2992.9116,3009.136,2979.9729,3004.8811,38008327000
1708911000,3002.1179,3009.479,2967.0571,2977.0222,40902656000
1708997400,2966.4165,3015.4807,2961.1479,3015.4807,37298469000
1709083800,3016.2556,3031.488,2957.8523,2957.8523,54410909000
1709170200,2943.6243,3015.1711,2943.6243,3015.1711,40969637000
1709256600,3013.823,3032.2314,3003.7632,3027.0205,37913218000
1709515800,3026.6072,3040.3447,3007.6829,3039.3054,38776000000
1709602200,3027.1028,3052.5413,3022.1777,3047.7932,38350996000
1709688600,3041.7517,3060.563,3034.3535,3039.9309,34098274000
1709775000,3040.2112,3063.6924,3023.1177,3027.4014,37715439000
1709861400,3026.1653,3049.1941,3016.9033,3046.0193,31920439000
1710120600,3042.6189,3068.4553,3035.4451,3068.4553,36160882000
1710207000,3068.1819,3075.1309,3044.8572,3055.9351,41574391000
1710293400,3053.3413,3061.9509,3031.8984,3043.8347,36504745000
1710379800,3042.4131,3059.9976,3020.637,3038.2339,36407229000
1710466200,3031.5229,3056.4473,3023.2151,3054.636,36026846000
1710725400,3057.2092,3085.3125,3055.9221,3084.9263,40665351000
1710811800,3077.9805,3090.0459,3062.6279,3062.7559,38412368000
1710898200,3058.6477,3081.7546,3056.645,3079.6858,34918773000
1710984600,3084.4116,3090.0513,3069.272,3077.113,36687797000
1711071000,3070.5481,3073.2058,3027.7615,3048.0337,39474049000
1711330200,3040.501,3065.261,3026.3054,3026.3054,38748539000
1711416600,3026.9219,3036.4939,3006.2598,3031.481,34592879000
1711503000,3026.8137,3030.4495,2993.1389,2993.1389,34319801000
1711589400,2988.5898,3033.3667,2984.1201,3010.6636,35320003000
1711675800,3008.3757,3041.2979,3008.1672,3041.167,33482279000
1711935000,3049.0208,3078.4883,3049.0208,3077.3787,37539364000
1712021400,3076.8752,3085.5366,3063.9807,3074.9585,36730426000
1712107800,3074.8928,3079.02,3057.3972,3069.2959,36321138000
1712539800,3057.3254,3077.3513,3045.4692,3047.0525,40293674000
1712626200,3044.6135,3051.5852,3033.209,3048.5369,33348997000
1712712600,3045.9609,3049.6072,3013.5896,3027.335,34899172000
1712799000,3013.5728,3050.3372,3009.8972,3034.2463,34089439000
1712885400,3035.5774,3043.5598,3014.8296,3019.4734,33422977000
1713144600,3013.6721,3066.9412,2995.542,3057.3777,46123924000
1713231000,3043.5505,3052.4346,3005.3401,3007.0681,44807047000
1713317400,3008.0613,3071.3806,3002.0564,3071.3806,41335837000
1713403800,3060.031,3102.5527,3057.7605,3074.2246,41632135000
1713490200,3060.2988,3080.3228,3055.0576,3065.261,37554386000
1713749400,3059.0649,3078.4226,3042.542,3044.5952,35721640000
1713835800,3038.6118,3044.9438,3016.5168,3021.9775,32559513000
1713922200,3029.4028,3045.6399,3019.1238,3044.8223,30526409000
1714008600,3037.9272,3060.2634,3034.6499,3052.8999,29228015000
1714095000,3054.9792,3092.4299,3054.9792,3088.6357,43938256000
1714354200,3086.6819,3119.6858,3080.5857,3113.0432,50692545000
1714440600,3110.1594,3123.2876,3104.2942,3104.8245,44021321000
1714959000,3132.5115,3142.3816,3126.7688,3140.7205,45065690000
1715045400,3139.6638,3151.219,3133.6904,3147.738,37910256000
1715131800,3141.4873,3144.9856,3126.1729,3128.4797,33400032000
1715218200,3128.1643,3158.4646,3128.1643,3154.3201,36088146000
1715304600,3158.5891,3163.144,3137.1516,3154.5471,38428750000
1715563800,3139.4753,3157.3655,3126.1697,3148.0208,39703057000
1715650200,3148.8489,3155.8071,3137.6091,3145.7744,34352619000
1715736600,3141.2517,3142.9724,3117.9287,3119.9021,32102796000
1715823000,3127.1841,3137.8779,3116.1626,3122.4009,36741736000
1715909400,3121.7126,3154.0264,3116.7842,3154.0264,38391524000
1716168600,3156.1482,3174.2659,3155.9902,3171.145,42686728000
1716255000,3164.6826,3165.2236,3148.342,3157.9658,33578357000
1716341400,3157.189,3166.9192,3152.457,3158.5398,35409808000
1716427800,3149.8752,3150.6282,3110.2773,3116.387,35394373000
1716514200,3110.7534,3130.4246,3087.7942,3088.8706,30653228000
1716773400,3094.1399,3125.5063,3091.9893,3124.0427,31939677000
1716859800,3122.3877,3130.3103,3106.3645,3109.572,31006697000
1716946200,3108.0266,3128.1365,3100.9797,3111.0176,28997035000
1717032600,3103.7078,3121.218,3085.384,3091.6777,30238076000
1717119000,3094.7588,3107.6035,3086.8135,3086.8135,27607282000
1717378200,3085.9814,3097.2043,3061.2766,3078.4888,35756336000
1717464600,3071.3196,3095.322,3063.5879,3091.1992,30928760000
1717551000,3086.0508,3092.3459,3064.7358,3065.4033,29054234000
1717637400,3069.4392,3077.6726,3040.8296,3048.7939,36986710000
1717723800,3053.9153,3065.0247,3031.0442,3051.2788,31634248000
1718069400,3042.1338,3043.1997,3013.8611,3028.0452,31048194000
1718155800,3025.2964,3042.0422,3021.3086,3037.4675,27945211000
1718242200,3038.0859,3040.4021,3022.8225,3028.9187,29786246000
1718328600,3020.9587,3037.9045,3011.5774,3032.6333,34874675000
1718587800,3017.7168,3026.6243,3012.0452,3015.8906,29576345000
1718674200,3015.0713,3031.9758,3012.5234,3030.2463,27362600000
1718760600,3029.0994,3030.2258,3015.3264,3018.0491,26129624800
1718847000,3015.7224,3028.5144,3001.7676,3005.437,29551591000
1718933400,2998.2412,3011.9141,2985.9292,2998.1377,25500125100
1719192600,2982.8264,2990.6428,2960.1267,2963.0989,29865388000
1719279000,2962.7654,2971.6533,2935.5381,2949.9963,27320994000
1719365400,2943.447,2976.6689,2933.3303,2972.5251,28238841000
1719451800,2962.6963,2963.0645,2944.8979,2945.8523,27054852000
1719538200,2940.3032,2985.468,2939.9839,2967.4028,31520143000
1719797400,2965.2451,2996.4087,2961.8557,2994.7302,29778224000
1719883800,2992.8557,3004.9871,2989.4702,2997.011,28136468000
1719970200,2995.6643,2998.5369,2978.0686,2982.3755,24628464200
1720056600,2984.8303,2995.5696,2955.2896,2957.5669,27426879000
1720143000,2954.3723,2957.1069,2920.2046,2949.9333,27232456000
1720402200,2939.8367,2947.6101,2917.2322,2922.4497,27753342000
1720488600,2919.573,2963.7822,2904.0388,2959.3723,31506203000
1720575000,2949.0261,2958.8594,2935.3303,2939.3635,30154946000
1720661400,2957.2502,2971.3608,2947.4026,2970.3875,32837242000
1720747800,2965.6121,2977.1416,2963.3032,2971.2949,30371301000
1721007000,2963.8472,2977.3125,2959.1289,2974.0107,26899260000
1721093400,2963.9001,2977.3613,2959.6655,2976.3042,26078363000
1721179800,2970.8081,2972.7949,2957.948,2962.855,28230799000
1721266200,2951.1433,2978.0918,2937.9045,2977.1333,27802267000
1721352600,2963.5144,2986.2424,2955.1199,2982.3086,28093241000
1721611800,2978.1931,2978.6006,2946.5608,2964.2156,27874956000
1721698200,2960.5005,2960.5005,2915.3682,2915.3684,29629599000
1721784600,2909.1521,2922.0298,2894.2886,2901.9519,30611885000
1721871000,2891.8918,2897.7673,2872.8496,2886.7417,27463950000
1721957400,2885.9954,2899.1162,2875.396,2890.8972,27838754000
1722216600,2889.4727,2898.9512,2878.5825,2891.8452,25689972700
1722303000,2885.2151,2885.2151,2865.1494,2879.2996,26247883700
1722389400,2877.541,2940.5928,2876.3008,2938.7493,41272342000
1722475800,2940.1201,2947.8767,2928.8262,2932.3872,34662114000
1722562200,2913.0198,2931.2593,2902.7202,2905.3374,31220504000
1722821400,2889.3633,2919.0251,2860.6978,2860.6978,35554057000
1722907800,2878.6509,2888.2009,2845.335,2867.2837,29730080000
1722994200,2864.01,2886.9417,2857.7246,2869.8337,26309715000
1723080600,2864.7581,2886.3994,2850.8745,2869.9014,28912863000
1723167000,2879.8726,2887.8489,2862.1941,2862.1941,28425392000
1723426200,2858.8945,2869.2688,2851.2952,2858.2046,24424137100
1723512600,2860.4099,2867.946,2845.3098,2867.946,23167460100
1723599000,2866.2434,2866.2434,2850.4009,2850.6538,21788517000
1723685400,2844.2004,2889.0867,2839.3875,2877.3579,27190000000
1723771800,2877.9402,2888.6753,2873.0601,2879.4297,26365344100
1724031000,2877.9541,2905.1548,2877.771,2893.6738,26168773000
1724117400,2895.5505,2896.5193,2855.3293,2866.6609,26365800200
1724203800,2858.9387,2863.8911,2848.1509,2856.584,22920002700
1724290200,2856.2002,2861.6072,2845.5024,2848.7717,24539941500
1724376600,2844.7703,2860.7327,2839.3372,2854.3674,22669256500
1724635800,2855.4741,2860.6545,2844.3828,2855.5203,22735152300
1724722200,2850.8772,2853.7805,2843.1577,2848.7312,23069300600
1724808600,2844.3269,2852.562,2830.9614,2837.4292,22873062300
1724895000,2829.4507,2831.4309,2815.3828,2823.106,27751053000
1724981400,2819.6499,2867.9648,2817.0142,2842.2141,39751698000
1725240600,2832.3499,2839.2783,2810.3738,2811.0349,34071419000
1725327000,2809.1733,2814.9031,2794.9111,2802.9788,27573614000
1725413400,2786.5046,2800.6064,2781.9353,2784.2783,25745350000
1725499800,2785.2634,2796.0186,2777.4709,2788.3142,24204094800
1725586200,2791.7644,2804.0933,2765.6394,2765.8066,25364537500
1725845400,2754.7236,2756.5559,2726.9668,2736.4875,26146884700
1725931800,2737.8811,2750.1179,2718.627,2744.1919,26215901500
1726018200,2732.7314,2732.7314,2710.6208,2721.7952,24226490000
1726104600,2722.1382,2734.6832,2716.5552,2717.1231,24008431500
1726191000,2718.9864,2728.7797,2703.3689,2704.0896,25127003800
1726623000,2705.3451,2724.1141,2689.6952,2717.2813,24781713200
1726709400,2723.2053,2747.7402,2697.7756,2736.0222,31520839000
1726795800,2734.2277,2741.1552,2717.9451,2736.8139,28564463000
1727055000,2735.3895,2760.4799,2731.3571,2748.9177,25764215400
1727141400,2770.7543,2863.1519,2761.3717,2863.1255,47761955000
1727227800,2901.4185,2952.4511,2889.048,2896.3057,56825982000
1727314200,2893.7451,3000.9526,2889.0143,3000.9526,57631926000
1727400600,3049.1026,3087.5286,3017.4453,3087.5286,49228716000
1727659800,3194.7224,3358.5883,3153.697,3336.4974,110233792000
1728351000,3674.4048,3674.4048,3372.1868,3489.7751,131346020000
1728437400,3427.2199,3437.1571,3249.1591,3258.8578,99275726000
1728523800,3277.6916,3379.8053,3228.1248,3301.9259,83450026000
1728610200,3287.8727,3297.7517,3187.9882,3217.7377,60602743000
1728869400,3241.4275,3294.6199,3203.901,3284.3225,63146686000
1728955800,3265.7461,3285.2147,3201.2919,3201.2919,56605456000
1729042200,3169.1685,3236.848,3167.7364,3202.948,51581400000
1729128600,3220.7334,3241.5675,3169.3843,3169.3843,52861177000
1729215000,3165.9745,3313.9784,3152.8213,3261.5633,69301462000
1729474200,3276.0598,3300.664,3239.0965,3268.11,66815030000
1729560600,3263.8224,3294.9612,3255.1375,3285.8669,57491378000
1729647000,3285.2474,3331.0823,3277.0663,3302.8028,65044413000
1729733400,3287.8243,3292.9448,3266.8823,3280.2625,51982707000
1729819800,3280.7616,3319.3571,3276.1303,3299.7003,59565171000
1730079000,3300.4634,3322.1975,3279.715,3322.1975,67237313000
1730165400,3328.0885,3340.4584,3284.2108,3286.407,72532615000
1730251800,3273.6421,3291.6795,3244.8063,3266.2378,66901809000
1730338200,3267.975,3295.7421,3252.3899,3279.8244,78464909000
1730424600,3275.5768,3305.3181,3258.7346,3272.0142,85205532000
1730683800,3275.6787,3310.2072,3263.8421,3310.2072,66507745000
1730770200,3306.8098,3386.9869,3302.0472,3386.9869,82112490000
1730856600,3395.2217,3420.9986,3367.0812,3383.8062,89585593000
1730943000,3359.9851,3470.6609,3356.258,3470.6609,95955668000
1731029400,3502.1331,3509.8182,3443.193,3452.2971,96403456000
1731288600,3432.3672,3471.1222,3416.7266,3470.0657,81802544000
1731375000,3469.8908,3489.4244,3402.0422,3421.9701,81792652000
1731461400,3406.9164,3442.2983,3404.5254,3439.2778,67366235000
1731547800,3429.5054,3441.7746,3376.1528,3379.8389,63155669000
1731634200,3369.8092,3391.3204,3330.7263,3330.7263,63028558000
1731893400,3344.6904,3386.9031,3309.0076,3323.8486,74395069000
1731979800,3324.8831,3346.7577,3284.133,3346.0098,62502415000
1732066200,3337.6778,3375.2482,3333.0023,3367.9893,56615429000
1732152600,3362.9444,3378.5175,3348.8552,3370.4039,53033183000
1732239000,3368.043,3372.0034,3267.1916,3267.1916,63068779000
1732498200,3274.884,3285.4555,3232.9178,3263.7597,53889739000
1732584600,3256.8576,3285.3281,3252.8661,3259.7572,47221930000
1732671000,3250.591,3309.8805,3227.3553,3309.7789,51120230000
1732757400,3308.2797,3319.2559,3290.3641,3295.6983,51195305000
1732843800,3295.2096,3357.5013,3293.6899,3326.4557,58022710000
1733103000,3328.482,3369.3032,3323.0091,3363.9823,66847776000
1733189400,3366.2853,3386.6176,3348.3742,3378.8063,66303014000
1733275800,3376.5715,3388.0241,3352.9434,3364.6498,62102886000
1733362200,3353.0573,3377.055,3353.0573,3368.8553,54388575000
1733448600,3370.9405,3418.2608,3364.2061,3404.0764,69818657000
1733707800,3402.6288,3426.6451,3385.9588,3402.5343,69490521000
1733794200,3490.2892,3494.8669,3417.7654,3422.6607,79466803000
1733880600,3416.0874,3437.8103,3416.0874,3432.4902,68154461000
1733967000,3432.2786,3464.1162,3425.9755,3461.4998,70009669000
1734053400,3442.9259,3442.9259,3390.7537,3391.8782,77746414000
1734312600,3390.083,3401.9263,3376.5358,3386.3312,62557900000
1734399000,3381.8141,3396.2074,3357.7694,3361.485,56894151000
1734485400,3371.2955,3396.4603,3371.2955,3382.2081,51252498000
1734571800,3355.9041,3377.5321,3346.469,3370.0331,51390906000
1734658200,3364.481,3390.6182,3362.8193,3368.0693,49096462000
1734917400,3367.9037,3384.9918,3348.277,3351.2571,55674725000
1735003800,3353.5354,3394.9044,3352.9474,3393.5281,47199267000
1735090200,3395.1072,3406.2125,3374.0113,3393.3501,47131559000
1735176600,3389.3383,3401.0951,3380.255,3398.0765,42217727000
1735263000,3397.2939,3418.952,3388.3215,3400.142,50048813000
1735522200,3395.3962,3412.8414,3394.9648,3407.3259,45526238000
1735608600,3406.9652,3413.4545,3351.763,3351.763,50273106000
1735781400,3347.9392,3351.722,3242.0865,3262.5607,56137520000
1735867800,3267.0766,3273.5656,3205.7755,3211.4299,51759201000
1736127000,3209.7832,3219.4877,3185.4631,3206.9228,43097840000
1736213400,3203.3068,3230.8529,3190.4612,3229.6439,40966053000
1736299800,3218.8577,3246.2908,3175.7247,3230.1679,47286439000
1736386200,3220.7205,3228.9725,3205.9103,3211.3933,38294356000
1736472600,3211.7068,3220.1073,3168.5238,3168.5238,40366335000
1736731800,3148.8259,3172.7,3140.9775,3160.755,37274202000
1736818200,3165.1613,3245.2196,3159.432,3240.94,46921270000
1736904600,3234.7152,3245.9042,3222.2359,3227.1167,40472320000
1736991000,3239.0261,3265.2824,3217.0966,3236.032,43065554000
1737077400,3226.7616,3256.5067,3219.7734,3241.8212,38359926000
1737336600,3256.1492,3268.2626,3238.1214,3244.3776,40333795000
1737423000,3256.8325,3258.6103,3229.0689,3242.6226,38458372000
1737509400,3235.4925,3235.5013,3203.3801,3213.6237,36481752000
1737595800,3237.5988,3273.5203,3229.5716,3230.1637,45824680000
1737682200,3222.8774,3260.0112,3221.7121,3252.6264,39865303000
1737941400,3256.6136,3274.3924,3250.6007,3250.6007,38746764000
1738719000,3270.1604,3271.022,3220.2794,3229.4876,40638818000
1738805400,3226.575,3271.4271,3225.8459,3270.6594,46084273000
1738891800,3269.2269,3324.428,3262.5085,3303.6666,60055845000
1739151000,3308.04,3325.3558,3299.2429,3322.1698,54658975000
1739237400,3323.6694,3324.1727,3304.4443,3318.0569,51194354000
1739323800,3312.2572,3346.3854,3310.3904,3346.3854,51343783000
1739410200,3343.2347,3359.1807,3332.4826,3332.4826,56863116000
1739496600,3328.483,3349.0836,3322.5289,3346.7242,53233297000
1739755800,3355.4171,3357.1212,3333.1948,3355.8296,58954657000
1739842200,3348.9827,3366.0119,3314.3006,3324.4906,56267924000
1739928600,3320.7801,3352.0867,3320.5809,3351.5392,50291297000
1740015000,3347.5893,3355.5571,3338.0335,3350.7833,50435711000
1740101400,3356.6947,3381.0575,3339.0256,3379.1128,60819021000
1740360600,3374.0813,3384.8106,3355.8694,3373.0276,59818820000
1740447000,3345.6534,3369.5583,3337.8448,3346.0398,52757856000
1740533400,3351.2093,3380.2144,3351.2093,3380.2144,55399203000
1740619800,3378.4494,3388.7808,3353.5712,3388.0622,57581502000
1740706200,3374.6636,3383.1909,3318.7162,3320.8973,56831950000
1740965400,3328.3955,3349.0169,3304.5931,3316.9253,50241786000
1741051800,3300.498,3327.8242,3297.5304,3324.2099,42999611000
1741138200,3324.6962,3342.7143,3314.1478,3341.9649,46095270000
1741224600,3353.5703,3387.0538,3348.684,3381.0983,53999271000
1741311000,3373.1808,3390.9442,3363.9288,3372.5458,51766355000
1741570200,3373.2588,3375.7978,3347.1859,3366.163,45038083000
1741656600,3335.4394,3379.8287,3334.8313,3379.8284,44846832000
1741743000,3385.6853,3392.4086,3370.2204,3371.9235,50219510000
1741829400,3371.0945,3377.1183,3341.1182,3358.7285,51901348000
1741915800,3361.6861,3421.2333,3360.6063,3419.5616,58266339000
1742175000,3430.8093,3436.3516,3422.4618,3426.1285,51568514000
1742261400,3434.5653,3437.0654,3423.3005,3429.7593,45491606000
1742347800,3424.1726,3439.0463,3414.5933,3426.4291,44031630000
1742434200,3425.2157,3427.0454,3404.662,3408.9482,45163068000
1742520600,3401.7593,3414.7094,3355.8396,3364.8307,52086263000
1742779800,3364.8342,3373.6936,3340.2383,3370.0283,51331026000
1742866200,3370.0008,3379.9884,3361.0462,3369.9763,45635739000
1742952600,3365.6658,3382.3424,3365.6658,3368.6973,42853377000
1743039000,3362.7123,3394.0349,3351.1739,3373.7489,41477631000
1743125400,3372.0388,3375.0528,3346.0807,3351.3068,41228429000
1743384600,3343.3442,3361.7415,3317.7381,3335.7462,47257198000
1743471000,3340.7121,3357.6215,3338.7788,3348.4351,42258867000
1743557400,3344.1711,3361.134,3343.1155,3350.1266,35012736000
1743643800,3319.6057,3358.4256,3319.6057,3342.0077,40051783000
1743989400,3193.1024,3217.7818,3040.6932,3096.5762,66219958000
1744075800,3094.2619,3145.5491,3085.1229,3145.5491,66224239000
1744162200,3110.0101,3186.8099,3070.0778,3186.8099,68479717000
1744248600,3227.8362,3239.9408,3201.5714,3223.6379,59120827000
1744335000,3219.5053,3249.8536,3211.3497,3238.2268,47553180000
1744594200,3251.9779,3272.7203,3244.7327,3262.8075,47137322000
1744680600,3260.685,3268.9848,3246.3369,3267.6623,39666290000
1744767000,3267.665,3276.0045,3233.7911,3276.0039,42953485000
1744853400,3261.7177,3285.9154,3258.1451,3280.3412,38201270000
1744939800,3270.3534,3283.0896,3262.3916,3276.7304,35883619000
1745199000,3273.1383,3298.6398,3270.0131,3291.4341,37930759000
1745285400,3289.1664,3311.1529,3288.3316,3299.7571,40316762000
1745371800,3308.1514,3312.1923,3293.0633,3296.3552,41163321000
1745458200,3295.1487,3313.5087,3286.2363,3297.2881,39284475000
1745544600,3300.3916,3305.2618,3288.7545,3295.06,41104319000
1745803800,3292.0559,3296.9318,3279.8773,3288.4147,41066586000
1745890200,3281.4453,3294.9815,3277.6271,3286.6548,38896167000
1745976600,3284.0812,3292.2002,3277.5499,3279.0314,43579434000
1746495000,3295.2504,3316.4476,3286.9886,3316.1135,47436962000
1746581400,3354.9737,3356.6884,3324.8088,3342.6651,51115961000
1746667800,3331.2052,3359.7309,3327.9024,3351.9958,42837777000
1746754200,3350.405,3351.2198,3335.127,3341.9989,39890919000
1747013400,3352.9698,3372.4724,3344.2687,3369.2445,41823991000
1747099800,3386.2344,3386.2344,3370.2516,3374.8707,42624070000
1747186200,3374.2353,3417.3142,3368.0781,3403.9481,46493444000
1747272600,3398.4272,3402.8656,3378.0208,3380.8214,42410092000
1747359000,3374.7061,3380.29,3356.6609,3367.4619,39540103000
1747618200,3365.8823,3373.5994,3356.6483,3367.5829,40307481000
1747704600,3371.6886,3387.804,3369.9629,3380.478,40554453000
1747791000,3380.2094,3394.7541,3380.2094,3387.5736,41249617000
1747877400,3381.865,3390.5925,3376.2331,3380.1885,39421721000
1747963800,3376.8691,3389.4686,3348.3717,3348.3717,40022700000
1748223000,3346.561,3362.307,3336.3552,3346.8388,34756210000
1748309400,3346.5029,3351.5718,3332.4895,3340.687,34407116000
1748395800,3341.8518,3348.234,3336.7273,3339.9319,34155544000
1748482200,3340.4012,3368.6334,3337.415,3363.4455,39323381000
1748568600,3358.8093,3361.2751,3341.6484,3347.4873,38560217000
1748914200,3340.0666,3366.9974,3340.0666,3361.9755,39806077000
1749000600,3363.391,3379.6401,3363.391,3376.2029,38649464000
1749087000,3378.2169,3387.7645,3371.1457,3384.0985,40625209000
1749173400,3384.2949,3391.451,3379.7641,3385.3579,38012289000
1749432600,3388.7783,3402.0503,3383.0742,3399.7716,42734795000
1749519000,3402.013,3406.4515,3365.6674,3384.8163,48161857000
1749605400,3385.4568,3413.5132,3385.4568,3402.3159,42409031000
1749691800,3397.972,3408.2049,3388.8657,3402.658,40949061000
1749778200,3397.4844,3401.5526,3370.5924,3376.996,51006522000
1750037400,3369.3661,3389.7563,3368.8764,3388.7293,40538328000
1750123800,3388.1801,3393.3127,3376.4201,3387.4049,39001245000
1750210200,3386.136,3391.7087,3369.9859,3388.8086,37868489000
1750296600,3384.2932,3386.9194,3353.9355,3362.1082,41532766000
1750383000,3358.9128,3370.7984,3357.7061,3359.8954,35022366000
1750642200,3349.4603,3389.4524,3347.6508,3381.5816,38456140000
1750728600,3380.08,3423.7835,3380.08,3420.566,46096380000
1750815000,3419.0914,3459.0093,3417.4105,3455.9736,50938406000
1750901400,3451.7193,3462.752,3446.1855,3448.4534,49654108000
1750987800,3450.6863,3462.6273,3421.0403,3424.2267,52312943000
1751247000,3423.4738,3447.46,3420.1118,3444.4256,45734805000
1751333400,3445.8457,3459.5866,3441.0379,3457.7474,44435674000
1751419800,3458.171,3461.328,3447.9557,3454.7924,49811678000
1751506200,3456.1519,3463.6198,3446.9739,3461.1506,43854347000
1751592600,3459.5924,3497.2248,3455.4938,3472.3192,50019521000
1751851800,3467.9849,3474.8007,3462.7923,3473.1271,43663134000
1751938200,3474.6316,3499.8857,3474.6316,3497.4753,49348477000
1752024600,3498.724,3512.6687,3491.2007,3493.0495,52392009000
1752111000,3491.4973,3526.5899,3491.4973,3509.6818,56415981000
1752197400,3511.3656,3555.2179,3506.7994,3510.1772,66418525000
1752456600,3513.2515,3532.1183,3513.2515,3519.6498,57208471000
1752543000,3519.8052,3527.0379,3483.3798,3504.9988,57207473000
1752629400,3502.8987,3511.8058,3489.1368,3503.7769,47087858000
1752715800,3500.3715,3517.2847,3499.1856,3516.8255,47221106000
1752802200,3519.4752,3536.0143,3518.2313,3534.4827,49348409000
1753061400,3542.8164,3560.6285,3542.5677,3559.7912,63364974000
1753147800,3561.6316,3584.7185,3547.252,3581.8611,71615523000
1753234200,3588.8777,3613.0223,3577.5942,3582.298,76767239000
1753320600,3578.9121,3608.7278,3577.1131,3605.7269,77326584000
1753407000,3604.4505,3610.0287,3586.22,3593.6553,69718955000
1753666200,3594.2313,3606.2742,3582.1489,3597.9369,59418788000
1753752600,3595.8099,3611.3532,3585.9435,3609.7113,61064206000
1753839000,3608.354,3636.1664,3593.7338,3615.7167,63722192000
1753925400,3604.6959,3606.3744,3562.6072,3573.2082,65450935000
1754011800,3568.2608,3581.7457,3563.9831,3567.0381,27955084000