Date,regime,spy_close,spy_returns,spy_vol_252d,vix
2012-01-03,2,99.58344268798828,,,22.969999313354492
2012-01-04,2,99.73960876464844,0.0015681931900008994,,22.219999313354492
2012-01-05,2,100.00519561767578,0.002662802233905248,,21.479999542236328
2012-01-06,2,99.7474594116211,-0.0025772281576251777,,20.6299991607666
2012-01-09,2,99.98955535888672,0.0024270888571364946,,21.06999969482422
2012-01-10,2,100.85652923583984,0.008670644387219761,,20.690000534057617
2012-01-11,2,100.91119384765625,0.000542003698031035,,21.049999237060547
2012-01-12,2,101.15335083007812,0.0023997038701915052,,20.469999313354492
2012-01-13,2,100.63005065917969,-0.005173335006741442,,20.90999984741211
2012-01-17,2,101.02053833007812,0.003880428046498352,,22.200000762939453
2012-01-18,2,102.13749694824219,0.011056747831955427,,20.889999389648438
2012-01-19,2,102.6763687133789,0.005275944498716267,,19.8700008392334
2012-01-20,2,103.05908203125,0.003727374883498724,,18.280000686645508
2012-01-23,2,102.7935562133789,-0.0025764426835335197,,18.670000076293945
2012-01-24,2,102.6763687133789,-0.0011400276857504998,,18.90999984741211
2012-01-25,2,103.5355224609375,0.008367589916983942,,18.309999465942383
2012-01-26,2,103.0044174194336,-0.005129689104570678,,18.56999969482422
2012-01-27,2,102.95755767822266,-0.0004549294329788678,,18.530000686645508
2012-01-30,2,102.60606384277344,-0.003413968273681789,,19.399999618530273
2012-01-31,2,102.56703186035156,-0.0003804061958919691,,19.440000534057617
2012-02-01,2,103.46521759033203,0.00875706076006355,,18.549999237060547
2012-02-02,2,103.62919616699219,0.0015848666873676809,,17.979999542236328
2012-02-03,2,105.08196258544922,0.014018891125199717,,17.100000381469727
2012-02-06,2,105.01171875,-0.000668467106256232,,17.760000228881836
2012-02-07,2,105.27720642089844,0.0025281718465202108,,17.649999618530273
2012-02-08,2,105.58969116210938,0.002968208901380054,,18.15999984741211
2012-02-09,2,105.72244262695312,0.0012572388779878985,,18.6299991607666
2012-02-10,2,104.94140625,-0.0073876119161288,,20.790000915527344
2012-02-13,2,105.72244262695312,0.007442594919039536,,19.040000915527344
2012-02-14,2,105.58969116210938,-0.001255660213150489,,19.540000915527344
2012-02-15,2,105.09758758544922,-0.00466052671661521,,21.139999389648438
2012-02-16,2,106.26140594482422,0.011073692423517967,,19.219999313354492
2012-02-17,2,106.54257202148438,0.00264598491013901,,17.780000686645508
2012-02-21,2,106.58939361572266,0.00043946371248515526,,18.190000534057617
2012-02-22,2,106.2457504272461,-0.003223990463023685,,18.190000534057617
2012-02-23,2,106.71436309814453,0.004410648604899592,,16.799999237060547
2012-02-24,2,106.94864654541016,0.0021954256246663473,,17.309999465942383
2012-02-27,2,107.12832641601562,0.0016800574519582057,,18.190000534057617
2012-02-28,2,107.44072723388672,0.0029161364535643663,,17.959999084472656
2012-02-29,2,107.01899719238281,-0.003925234427963664,,18.43000030517578
2012-03-01,2,107.57353210449219,0.005181649302062885,,17.260000228881836
2012-03-02,2,107.24546813964844,-0.0030496717773018656,,17.290000915527344
2012-03-05,2,106.80809783935547,-0.00407821708348044,,18.049999237060547
2012-03-06,2,105.24604034423828,-0.014624897612787735,,20.8700008392334
2012-03-07,2,105.98017883300781,0.006975449968172898,,19.06999969482422
2012-03-08,2,107.0345687866211,0.009948935406824289,,17.950000762939453
2012-03-09,2,107.44857025146484,0.0038679229480438337,,17.110000610351562
2012-03-12,2,107.45636749267578,7.256719370651865e-05,,15.640000343322754
2012-03-13,2,109.39335632324219,0.018025817136415156,,14.800000190734863
2012-03-14,2,109.27619171142578,-0.0010710395562798514,,15.3100004196167
2012-03-15,2,109.90888214111328,0.005789828688011811,,15.420000076293945
2012-03-16,2,110.06102752685547,0.0013842865360675916,,14.470000267028809
2012-03-19,2,110.49250030517578,0.003920304834652111,,15.039999961853027
2012-03-20,2,110.1708755493164,-0.0029108288342744038,,15.579999923706055
2012-03-21,2,109.99048614501953,-0.0016373601770653945,,15.130000114440918
2012-03-22,2,109.19815826416016,-0.007203603771827272,,15.569999694824219
2012-03-23,2,109.5511703491211,0.003232765923642855,,14.819999694824219
2012-03-26,2,111.08869934082031,0.014034802063723983,,14.260000228881836
2012-03-27,2,110.7435302734375,-0.00310714833669834,,15.59000015258789
2012-03-28,2,110.19441986083984,-0.004958397219610444,,15.470000267028809
2012-03-29,2,110.00613403320312,-0.0017086693489062332,,15.479999542236328
2012-03-30,2,110.46116638183594,0.004136427051381286,,15.5
2012-04-02,2,111.26913452148438,0.0073144994400611285,,15.640000343322754
2012-04-03,2,110.81414031982422,-0.00408913220738949,,15.65999984741211
2012-04-04,2,109.71585845947266,-0.009911026311098747,,16.440000534057617
2012-04-05,2,109.66097259521484,-0.0005002546124914797,,16.700000762939453
2012-04-09,2,108.42938995361328,-0.011230819975923678,,18.809999465942383
2012-04-10,2,106.60936737060547,-0.01678532530512644,,20.389999389648438
2012-04-11,2,107.4722900390625,0.008094248092264333,,20.020000457763672
2012-04-12,2,108.87648010253906,0.013065601030425533,,17.200000762939453
2012-04-13,2,107.5821304321289,-0.011888239491129271,,19.549999237060547
2012-04-16,2,107.51151275634766,-0.0006564071142446393,,19.549999237060547
2012-04-17,2,109.10400390625,0.014812284834196277,,18.459999084472656
2012-04-18,2,108.73528289794922,-0.0033795369106491835,,18.639999389648438
2012-04-19,2,108.03711700439453,-0.006420785185337952,,18.360000610351562
2012-04-20,2,108.21751403808594,0.0016697690450595548,,17.440000534057617
2012-04-23,2,107.30753326416016,-0.008408812399862797,,18.969999313354492
2012-04-24,2,107.7154541015625,0.0038014184558521347,,18.100000381469727
2012-04-25,2,109.19027709960938,0.013691842181311253,,16.81999969482422
2012-04-26,2,109.95123291015625,0.0069690803133752866,,16.239999771118164
2012-04-27,2,110.13166809082031,0.0016410473615289245,,16.31999969482422
2012-04-30,2,109.72376251220703,-0.003703799149549769,,17.149999618530273
2012-05-01,2,110.40620422363281,0.006219634615153291,,16.600000381469727
2012-05-02,2,110.07679748535156,-0.002983589016555821,,16.8799991607666
2012-05-03,2,109.23738861083984,-0.007625665841372475,,17.559999465942383
2012-05-04,2,107.4722900390625,-0.016158373925117653,,19.15999984741211
2012-05-07,2,107.55071258544922,0.0007297001520876201,,18.940000534057617
2012-05-08,2,107.11925506591797,-0.004011665837996725,,19.049999237060547
2012-05-09,2,106.48388671875,-0.005931411180716162,,20.079999923706055
2012-05-10,2,106.70352935791016,0.002062684279550142,,18.829999923706055
2012-05-11,2,106.38189697265625,-0.003014261919819683,,19.889999389648438
2012-05-14,2,105.20520782470703,-0.011060990463928944,,21.8700008392334
2012-05-15,2,104.60111999511719,-0.005741995496994501,,21.969999313354492
2012-05-16,2,104.20106506347656,-0.0038245759859866224,,22.270000457763672
2012-05-17,2,102.65565490722656,-0.014831039925633949,,24.489999771118164
2012-05-18,2,101.77706146240234,-0.008558646336806586,,25.100000381469727
2012-05-21,2,103.52641296386719,0.017188072403830246,,22.010000228881836
2012-05-22,2,103.70684051513672,0.0017428166021022928,,22.479999542236328
2012-05-23,2,103.76173400878906,0.0005293141067617135,,22.329999923706055
2012-05-24,2,103.96573638916016,0.0019660656437547885,,21.540000915527344
2012-05-25,2,103.6283950805664,-0.0032447354321718525,,21.760000228881836
2012-05-29,2,104.88353729248047,0.012111952625901923,,21.030000686645508
2012-05-30,2,103.3616943359375,-0.014509836298704615,,24.139999389648438
2012-05-31,2,103.1341781616211,-0.002201165294146157,,24.059999465942383
2012-06-01,2,100.53760528564453,-0.025176647763726634,,26.65999984741211
2012-06-04,2,100.49052429199219,-0.0004682923719794285,,26.1200008392334
2012-06-05,2,101.25148010253906,0.007572413577381587,,24.68000030517578
2012-06-06,2,103.52641296386719,0.022468144258476652,,22.15999984741211
2012-06-07,2,103.58916473388672,0.0006061426086638733,,21.719999313354492
2012-06-08,2,104.41287994384766,0.007951750668875546,,21.229999542236328
2012-06-11,2,103.0871353149414,-0.012697136882147353,,23.559999465942383
2012-06-12,2,104.27167510986328,0.011490665554950041,,22.09000015258789
2012-06-13,2,103.60484313964844,-0.0063951400944911585,,24.270000457763672
2012-06-14,2,104.70314025878906,0.010600827971528615,,21.68000030517578
2012-06-15,2,105.7739486694336,0.01022708973195896,,21.110000610351562
2012-06-18,2,105.97895050048828,0.0019381126792890058,,18.31999969482422
2012-06-19,2,107.00403594970703,0.009672538219880122,,18.3799991607666
2012-06-20,2,106.83056640625,-0.0016211495381217578,,17.239999771118164
2012-06-21,2,104.43345642089844,-0.02243842812024366,,20.079999923706055
2012-06-22,2,105.23774719238281,0.0077014665515122704,,18.110000610351562
2012-06-25,2,103.55030059814453,-0.016034613427760802,,20.3799991607666
2012-06-26,2,104.07071685791016,0.005025733935676735,,19.719999313354492
2012-06-27,2,105.00908660888672,0.009016655014087549,,19.450000762939453
2012-06-28,2,104.70941925048828,-0.002853727882755175,,19.709999084472656
2012-06-29,2,107.3194808959961,0.024926713032988657,,17.079999923706055
2012-07-02,2,107.64280700683594,0.003012743894588832,,16.799999237060547
2012-07-03,2,108.35247802734375,0.006592832723720576,,16.65999984741211
2012-07-05,2,107.86356353759766,-0.00451225942080169,,17.5
2012-07-06,2,106.8384780883789,-0.009503537761956449,,17.100000381469727
2012-07-09,2,106.70442199707031,-0.0012547547822395755,,17.979999542236328
2012-07-10,2,105.7739486694336,-0.008720100912615103,,18.719999313354492
2012-07-11,2,105.78974151611328,0.00014930752683772752,,17.950000762939453
2012-07-12,2,105.27713775634766,-0.0048454959093320316,,18.329999923706055
2012-07-13,2,107.04348754882812,0.01677809475185854,,16.739999771118164
2012-07-16,2,106.79112243652344,-0.002357594264570051,,17.110000610351562
2012-07-17,2,107.52452850341797,0.00686766886761081,,16.479999542236328
2012-07-18,2,108.32090759277344,0.007406487621381741,,16.15999984741211
2012-07-19,2,108.60479736328125,0.0026208215645227018,,15.449999809265137
2012-07-20,2,107.61122131347656,-0.009148546601318142,,16.270000457763672
2012-07-23,2,106.52307891845703,-0.010111793005765812,,18.6200008392334
2012-07-24,2,105.60835266113281,-0.00858711808381396,,20.469999313354492
2012-07-25,2,105.63201904296875,0.00022409573901671642,,19.34000015258789
2012-07-26,2,107.37467956542969,0.016497464861975786,,17.530000686645508
2012-07-27,2,109.35389709472656,0.018432814303215972,,16.700000762939453
2012-07-30,2,109.35389709472656,0.0,,18.030000686645508
2012-07-31,2,108.58901977539062,-0.006994513589884899,,18.93000030517578
2012-08-01,2,108.49439239501953,-0.00087142678483354,,18.959999084472656
2012-08-02,2,107.74530792236328,-0.006904361194345343,,17.56999969482422
2012-08-03,2,109.8822021484375,0.019832828614810616,,15.640000343322754
2012-08-06,2,110.09513092041016,0.001937791269281508,,15.949999809265137
2012-08-07,2,110.64714050292969,0.005013932749837968,,15.989999771118164
2012-08-08,2,110.7811508178711,0.001211150277650841,,15.319999694824219
2012-08-09,2,110.8757553100586,0.0008539764345203427,,15.279999732971191
2012-08-10,2,111.0571517944336,0.0016360338098055927,,14.739999771118164
2012-08-13,2,111.00196838378906,-0.000496892003377436,,13.699999809265137
2012-08-14,2,111.01771545410156,0.0001418629826279716,,14.850000381469727
2012-08-15,2,111.14385223388672,0.0011361860516514444,,14.630000114440918
2012-08-16,2,111.96394348144531,0.007378646961352597,,14.289999961853027
2012-08-17,2,112.11376190185547,0.0013380952452339834,,13.449999809265137
2012-08-20,2,112.12163543701172,7.022808817302995e-05,,14.020000457763672
2012-08-21,2,111.78258514404297,-0.003023950655439922,,15.020000457763672
2012-08-22,2,111.82990264892578,0.0004232994327499906,,15.109999656677246
2012-08-23,2,110.91522216796875,-0.008179211993312174,,15.960000038146973
2012-08-24,2,111.58543395996094,0.006042559162684036,,15.180000305175781
2012-08-27,2,111.60911560058594,0.00021222878098492437,,16.350000381469727
2012-08-28,2,111.49864959716797,-0.0009897578958809605,,16.489999771118164
2012-08-29,2,111.58543395996094,0.0007783445190279181,,17.059999465942383
2012-08-30,2,110.7811508178711,-0.007207778950597099,,17.829999923706055
2012-08-31,2,111.3094711303711,0.004769045172392072,,17.469999313354492
2012-09-04,2,111.20697021484375,-0.0009208642758467,,17.979999542236328
2012-09-05,2,111.11234283447266,-0.0008509123141137165,,17.739999771118164
2012-09-06,2,113.36753845214844,0.020296535561628914,,15.600000381469727
2012-09-07,2,113.80908966064453,0.0038948645663896553,,14.380000114440918
2012-09-10,2,113.16256713867188,-0.005680763495257368,,16.280000686645508
2012-09-11,2,113.47795867919922,0.002787065975101699,,16.40999984741211
2012-09-12,2,113.85639953613281,0.003334928309765006,,15.800000190734863
2012-09-13,2,115.5912094116211,0.015236823600220495,,14.050000190734863
2012-09-14,2,116.10372924804688,0.004433899766553173,,14.510000228881836
2012-09-17,2,115.70950317382812,-0.003395464355641087,,14.59000015258789
2012-09-18,2,115.6148681640625,-0.0008178672206677895,,14.180000305175781
2012-09-19,2,115.67794036865234,0.0005455371406066778,,13.880000114440918
2012-09-20,2,115.68582916259766,6.819618260989202e-05,,14.069999694824219
2012-09-21,2,115.63748931884766,-0.00041785449523001894,,13.979999542236328
2012-09-24,2,115.46307373046875,-0.0015082962230180685,,14.149999618530273
2012-09-25,2,114.23430633544922,-0.010642081102811285,,15.430000305175781
2012-09-26,2,113.5921859741211,-0.005621081634115566,,16.809999465942383
2012-09-27,2,114.66240692138672,0.009421607112213293,,14.84000015258789
2012-09-28,2,114.13127136230469,-0.0046321682349314,,15.729999542236328
2012-10-01,2,114.4325180053711,0.002639475048955786,,16.31999969482422
2012-10-02,2,114.55140686035156,0.0010389429250774462,,15.710000038146973
2012-10-03,2,115.01913452148438,0.004083124546021555,,15.430000305175781
2012-10-04,2,115.84356689453125,0.00716778452973732,,14.550000190734863
2012-10-05,2,115.85151672363281,6.86255552611037e-05,,14.329999923706055
2012-10-08,2,115.45512390136719,-0.0034215591946994417,,15.109999656677246
2012-10-09,2,114.31356048583984,-0.009887507604275592,,16.3700008392334
2012-10-10,2,113.58428955078125,-0.0063795662733200365,,16.290000915527344
2012-10-11,2,113.6476821899414,0.0005581109800560924,,15.59000015258789
2012-10-12,2,113.27507019042969,-0.0032786590305375896,,16.139999389648438
2012-10-15,2,114.21842956542969,0.008328040524840041,,15.270000457763672
2012-10-16,2,115.3758773803711,0.010133634469894126,,15.220000267028809
2012-10-17,2,115.8990707397461,0.004534685856820264,,15.069999694824219
2012-10-18,2,115.59782409667969,-0.002599215344382344,,15.029999732971191
2012-10-19,2,113.67147827148438,-0.016664204886626788,,17.059999465942383
2012-10-22,2,113.68732452392578,0.00013940394444023063,,16.6200008392334
2012-10-23,2,112.10977935791016,-0.013876174609805614,,18.829999923706055
2012-10-24,2,111.79267883300781,-0.002828482285118117,,18.329999923706055
2012-10-25,2,112.11768341064453,0.0029072080661221023,,18.1200008392334
2012-10-26,2,112.05426788330078,-0.0005656157477985646,,17.809999465942383
2012-10-31,2,112.05426788330078,0.0,,18.600000381469727
2012-11-01,2,113.22750854492188,0.01047028983173548,,16.690000534057617
2012-11-02,2,112.22074127197266,-0.008891543105444155,,17.59000015258789
2012-11-05,2,112.45063781738281,0.002048610112572513,,18.420000076293945
2012-11-06,2,113.33057403564453,0.00782508872640375,,17.579999923706055
2012-11-07,2,110.76211547851562,-0.02266342140225175,,19.079999923706055
2012-11-08,2,109.43029022216797,-0.012024194830460688,,18.489999771118164
2012-11-09,2,109.52546691894531,0.0008697472754948254,,18.610000610351562
2012-11-12,2,109.61263275146484,0.0007958499057030277,,16.68000030517578
2012-11-13,2,109.23211669921875,-0.0034714616618037875,,16.649999618530273
2012-11-14,2,107.75758361816406,-0.013499079992333685,,17.920000076293945
2012-11-15,2,107.57524108886719,-0.001692154957213976,,17.989999771118164
2012-11-16,2,108.10639953613281,0.004937552934014322,,16.40999984741211
2012-11-19,2,110.29439544677734,0.02023928204096026,,15.239999771118164
2012-11-20,2,110.34193420410156,0.0004310169807961728,,15.079999923706055
2012-11-21,2,110.54804992675781,0.0018679727171992955,,15.3100004196167
2012-11-23,2,112.05426788330078,0.013625007022203484,,15.140000343322754
2012-11-26,2,111.81648254394531,-0.0021220551777921814,,15.5
2012-11-27,2,111.24569702148438,-0.005104663547582211,,15.920000076293945
2012-11-28,2,112.1414566040039,0.008052082970422925,,15.510000228881836
2012-11-29,2,112.66468811035156,0.00466581692616419,,15.0600004196167
2012-11-30,2,112.6884536743164,0.00021094066262872246,,15.869999885559082
2012-12-03,2,112.13352966308594,-0.004924408784898859,,16.639999389648438
2012-12-04,2,111.97504425048828,-0.0014133632738917434,,17.1200008392334
2012-12-05,2,112.17321014404297,0.0017697326657124535,,16.459999084472656
2012-12-06,2,112.5536880493164,0.003391878549119376,,16.579999923706055
2012-12-07,2,112.89457702636719,0.003028678872800894,,15.899999618530273
2012-12-10,2,112.94217681884766,0.00042163046033061313,,16.049999237060547
2012-12-11,2,113.71112823486328,0.0068083636925908575,,15.569999694824219
2012-12-12,2,113.76661682128906,0.0004879785055968977,,15.949999809265137
2012-12-13,2,113.0689926147461,-0.006132064273642213,,16.559999465942383
2012-12-14,2,112.64883422851562,-0.003715947020612953,,17.0
2012-12-17,2,113.97269439697266,0.011752098257594934,,16.34000015258789
2012-12-18,2,115.2411117553711,0.011129133737774799,,15.569999694824219
2012-12-19,2,114.38494110107422,-0.007429385583456738,,17.360000610351562
2012-12-20,2,115.04291534423828,0.005752280298703338,,17.670000076293945
2012-12-21,2,113.9986572265625,-0.009077118000279216,,17.84000015258789
2012-12-24,2,113.64742279052734,-0.0030810401155612066,,17.84000015258789
2012-12-26,2,113.16832733154297,-0.0042156297716264834,,19.479999542236328
2012-12-27,2,113.01666259765625,-0.001340169440186112,,19.469999313354492
2012-12-28,2,111.79515075683594,-0.010808245551976237,,22.719999313354492
2012-12-31,2,113.69525909423828,0.016996339506131664,,18.020000457763672
2013-01-02,2,116.60931396484375,0.025630399137312354,,14.680000305175781
2013-01-03,2,116.34587097167969,-0.0022591934057984986,,14.5600004196167
2013-01-04,2,116.85677337646484,0.004391237957293015,0.12848429529770616,13.829999923706055
2013-01-07,2,116.5374526977539,-0.0027325816851215823,0.12852600027764702,13.789999961853027
2013-01-08,2,116.2021484375,-0.0028772231801181825,0.12855830919638825,13.619999885559082
2013-01-09,2,116.49755096435547,0.002542143418409859,0.12853207287033222,13.8100004196167
2013-01-10,2,117.42362213134766,0.007949275837356717,0.12872725749247202,13.489999771118164
2013-01-11,2,117.4156494140625,-6.789704780385541e-05,0.12847838787404073,13.359999656677246
2013-01-14,2,117.33580017089844,-0.0006800562238724606,0.12848509751919188,13.520000457763672
2013-01-15,2,117.4156494140625,0.0006805190150640517,0.12847284064807682,13.550000190734863
2013-01-16,2,117.39969635009766,-0.00013586829391531996,0.1283433008124401,13.420000076293945
2013-01-17,2,118.15817260742188,0.00646063218990256,0.12843452180562975,13.569999694824219
2013-01-18,2,118.42164611816406,0.0022298373860061282,0.1280194167413251,12.460000038146973
2013-01-22,2,119.06025695800781,0.005392686732343943,0.12802373302928444,12.430000305175781
2013-01-23,2,119.25187683105469,0.001609436078358728,0.12798963645829067,12.460000038146973
2013-01-24,2,119.28386688232422,0.00026825616602121904,0.12795010353941055,12.6899995803833
2013-01-25,2,119.9544906616211,0.005622082824984664,0.12803522155057484,12.890000343322754
2013-01-28,2,119.81072998046875,-0.0011984601856872557,0.12781345837673067,13.569999694824219
2013-01-29,2,120.28180694580078,0.003931842877585634,0.12772597272723296,13.3100004196167
2013-01-30,2,119.81072998046875,-0.003916444035001021,0.1278028573343821,14.319999694824219
2013-01-31,2,119.5153579711914,-0.0024653218399177668,0.12777620868819392,14.279999732971191
2013-02-01,2,120.744873046875,0.010287506949357539,0.1281356857755182,12.899999618530273
2013-02-04,2,119.38758087158203,-0.011240992193234156,0.1284302989430822,14.670000076293945
2013-02-05,2,120.5931625366211,0.010098049196053616,0.12877747838812836,13.720000267028809
2013-02-06,2,120.68096923828125,0.0007281233845533031,0.12807454373105528,13.40999984741211
2013-02-07,2,120.52127075195312,-0.0013233112671875435,0.12808263552500754,13.5
2013-02-08,2,121.19190216064453,0.0055644236449485796,0.12816498268372137,13.020000457763672
2013-02-11,2,121.16799926757812,-0.00019723176747177273,0.12814513038016997,12.9399995803833
2013-02-12,2,121.36759185791016,0.001647238474997481,0.12814779723863526,12.640000343322754
2013-02-13,2,121.47134399414062,0.0008548586541285985,0.12789809954772297,12.979999542236328
2013-02-14,2,121.5831527709961,0.0009204539373570686,0.12771459994266368,12.65999984741211
2013-02-15,2,121.43942260742188,-0.0011821552599885488,0.12771355631812775,12.460000038146973
2013-02-19,2,122.34954071044922,0.0074944205389504415,0.12779050090843477,12.3100004196167
2013-02-20,2,120.8246841430664,-0.012463116400179386,0.1280276351742268,14.680000305175781
2013-02-21,2,120.0902099609375,-0.006078842145030849,0.1281808907437351,15.220000267028809
2013-02-22,2,121.26375579833984,0.009772202395050167,0.1285152326064322,14.170000076293945
2013-02-25,2,118.95655059814453,-0.019026337960636575,0.1299440575421843,18.989999771118164
2013-02-26,2,119.77084350585938,0.006845296905638065,0.1300407329245043,16.8700008392334
2013-02-27,2,121.27972412109375,0.012598062859602077,0.13059248965735656,14.729999542236328
2013-02-28,2,121.04022216796875,-0.0019747897256582325,0.1306113962041289,15.510000228881836
2013-03-01,2,121.43942260742188,0.0032980808552973695,0.13061899430547919,15.359999656677246
2013-03-04,2,122.08611297607422,0.005325209514071005,0.1306304989868073,14.010000228881836
2013-03-05,2,123.17984008789062,0.008958652914363485,0.13081922796464157,13.479999542236328
2013-03-06,2,123.3475112915039,0.001361190301056192,0.13077099717868854,13.529999732971191
2013-03-07,2,123.57105255126953,0.0018122883666240597,0.1306925702177981,13.0600004196167
2013-03-08,2,124.09801483154297,0.004264447614499289,0.1298438171861444,12.59000015258789
2013-03-11,2,124.56902313232422,0.003795453951625394,0.12972809126617363,11.5600004196167
2013-03-12,2,124.2895736694336,-0.0022433302908202446,0.12942558088673922,12.270000457763672
2013-03-13,2,124.46519470214844,0.001412998914791741,0.12938712692690196,11.829999923706055
2013-03-14,2,125.12786865234375,0.005324170759392732,0.12947150645171904,11.300000190734863
2013-03-15,2,124.96266174316406,-0.0013203046688080589,0.12830303210502256,11.300000190734863
2013-03-18,2,124.27304077148438,-0.005518616217515149,0.12843683743992895,13.359999656677246
2013-03-19,2,123.9843521118164,-0.0023230191993033333,0.1283603030535605,14.390000343322754
2013-03-20,2,124.8504409790039,0.006985469153449442,0.12852067664213582,12.670000076293945
2013-03-21,2,123.78385162353516,-0.008542936229180897,0.12879490802221819,13.989999771118164
2013-03-22,2,124.77822875976562,0.008033173335522559,0.1289701751620829,13.569999694824219
2013-03-25,2,124.25697326660156,-0.004177455461141677,0.1290379692798248,13.739999771118164
2013-03-26,2,125.25133514404297,0.008002463373286473,0.12902049388222028,12.770000457763672
2013-03-27,2,125.25133514404297,0.0,0.12899419056288447,13.149999618530273
2013-03-28,2,125.63626098632812,0.003073227457755179,0.1283088798722695,12.699999809265137
2013-04-01,2,125.13909912109375,-0.003957152667003361,0.12833582340228744,13.579999923706055
2013-04-02,2,125.75657653808594,0.004934328449932801,0.12829330810583867,12.779999732971191
2013-04-03,2,124.48147583007812,-0.01013943559143915,0.1287190860798138,14.210000038146973
2013-04-04,2,124.98674774169922,0.00405901286317345,0.1287169277377734,13.890000343322754
2013-04-05,2,124.42543029785156,-0.0044910156795797684,0.12863291449911224,13.920000076293945
2013-04-08,2,125.26742553710938,0.00676706712801578,0.12870417068816023,13.1899995803833
2013-04-09,2,125.70044708251953,0.0034567769198854403,0.12831012800935937,12.84000015258789
2013-04-10,2,127.24010467529297,0.012248624635063488,0.12883541572095167,12.359999656677246
2013-04-11,2,127.65715026855469,0.003277626926871724,0.12831106371448014,12.239999771118164
2013-04-12,2,127.34442901611328,-0.0024496963294537988,0.12714745782983908,12.0600004196167
2013-04-15,2,124.39331817626953,-0.023174243762719593,0.12915993188914163,17.270000457763672
2013-04-16,2,126.22974395751953,0.014763058082008174,0.1293352702878241,13.960000038146973
2013-04-17,2,124.38531494140625,-0.014611683096925177,0.12962805297533142,16.510000228881836
2013-04-18,2,123.60740661621094,-0.006254020625841239,0.12980366479549496,17.559999465942383
2013-04-19,2,124.68205261230469,0.008694025912463488,0.12927360034011992,14.970000267028809
2013-04-22,2,125.23530578613281,0.0044373120448093495,0.12927060125845644,14.390000343322754
2013-04-23,2,126.52642822265625,0.010309572276114398,0.129441666896771,13.479999542236328
2013-04-24,2,126.60664367675781,0.0006339818109810658,0.12943770018925482,13.609999656677246
2013-04-25,2,127.11983489990234,0.004053430438095917,0.12916109260621333,13.619999885559082
2013-04-26,2,126.89529418945312,-0.0017663703750561144,0.12914711098905313,13.609999656677246
2013-04-29,2,127.7453384399414,0.006698784662724888,0.12862821319871523,13.710000038146973
2013-04-30,2,128.050048828125,0.002385295556806888,0.12848392602990277,13.520000457763672
2013-05-01,2,126.9273910522461,-0.008767335789038211,0.12882344425096656,14.489999771118164
2013-05-02,2,128.10621643066406,0.009287399422972076,0.12904294549157594,13.59000015258789
2013-05-03,2,129.40528869628906,0.010140587255015099,0.1292722860882186,12.850000381469727
2013-05-06,2,129.7340850830078,0.0025408264996837904,0.1292338526051736,12.65999984741211
2013-05-07,2,130.39161682128906,0.005068303660218154,0.1290375465888881,12.829999923706055
2013-05-08,2,130.9850311279297,0.004551015786957713,0.12797285521504803,12.65999984741211
2013-05-09,2,130.61619567871094,-0.00281585953786212,0.12802441074364218,13.130000114440918
2013-05-10,2,131.0411834716797,0.003253714371027394,0.12795618638218828,12.59000015258789
2013-05-13,2,131.14544677734375,0.0007956529611670149,0.12777587161010812,12.550000190734863
2013-05-14,2,132.50064086914062,0.010333519958933168,0.1281212957675762,12.770000457763672
2013-05-15,2,133.21441650390625,0.005386959867390795,0.12813957134258605,12.8100004196167
2013-05-16,2,132.58888244628906,-0.004695693409420443,0.1276991189743683,13.069999694824219
2013-05-17,2,133.87200927734375,0.009677484321315433,0.1278186554308319,12.449999809265137
2013-05-20,2,133.8639373779297,-6.0295646996277874e-05,0.12773105393937306,13.020000457763672
2013-05-21,2,134.05638122558594,0.0014376078533604453,0.12673541246261993,13.369999885559082
2013-05-22,2,133.06201171875,-0.007417546988402135,0.1266532903385432,13.819999694824219
2013-05-23,2,132.67715454101562,-0.002892314438683208,0.12567986188334918,14.069999694824219
2013-05-24,2,132.5648651123047,-0.0008463358224661821,0.1256915019945244,13.989999771118164
2013-05-28,2,133.35877990722656,0.005988877929678393,0.12578925144218897,14.479999542236328
2013-05-29,2,132.49269104003906,-0.006494427047023188,0.12601020689194234,14.829999923706055
2013-05-30,2,132.98182678222656,0.003691794153684258,0.1259668574275309,14.529999732971191
2013-05-31,2,131.07322692871094,-0.014352335952198758,0.1264067585627812,16.299999237060547
2013-06-03,2,131.7950439453125,0.005506975249752077,0.12553608405406855,16.280000686645508
2013-06-04,2,131.16146850585938,-0.004807278183510677,0.12562973634912775,16.270000457763672
2013-06-05,2,129.32508850097656,-0.014000910677519407,0.12377654552573572,17.5
2013-06-06,2,130.49591064453125,0.009053325670415724,0.12402680929826591,16.6299991607666
2013-06-07,2,132.15586853027344,0.012720382405421837,0.1244041382992654,15.140000343322754
2013-06-10,2,132.15586853027344,0.0,0.12254241046808174,15.4399995803833
2013-06-11,2,130.7926483154297,-0.010315245399272421,0.12306313169740223,17.06999969482422
2013-06-12,2,129.71002197265625,-0.008277425044276865,0.12320687609978151,18.59000015258789
2013-06-13,2,131.68272399902344,0.015208555178435113,0.12327713994737775,16.40999984741211
2013-06-14,2,130.8567352294922,-0.006272567459474576,0.12303932626209207,17.149999618530273
2013-06-17,2,131.86709594726562,0.007721121239969042,0.12300516561322503,16.799999237060547
2013-06-18,2,132.90965270996094,0.007906117558790005,0.12282310728657882,16.610000610351562
2013-06-19,2,131.07322692871094,-0.013817098636601632,0.12335735312997179,16.639999389648438
2013-06-20,2,127.82553100585938,-0.024777721575573453,0.1259924065173425,20.489999771118164
2013-06-21,2,128.23590087890625,0.0032103905207174765,0.1256996361567777,18.899999618530273
2013-06-24,2,126.6155014038086,-0.012636082906516188,0.12638894808520182,20.110000610351562
2013-06-25,2,127.83281707763672,0.009614270451339113,0.124546957527253,18.469999313354492
2013-06-26,2,129.09841918945312,0.009900447637383847,0.12468803742622686,17.209999084472656
2013-06-27,2,129.85630798339844,0.005870627996095834,0.12363102094709305,16.860000610351562
2013-06-28,2,129.32415771484375,-0.004097993211255591,0.12366412987134091,16.860000610351562
2013-07-01,2,130.08200073242188,0.005860026703202292,0.12349610642869964,16.3700008392334
2013-07-02,2,129.96102905273438,-0.0009299647838008074,0.12345268602791537,16.440000534057617
2013-07-03,2,130.0175323486328,0.00043477107183798047,0.12107109537324895,16.200000762939453
2013-07-05,2,131.42018127441406,0.010788152185661648,0.12146341352805495,14.890000343322754
2013-07-08,2,132.16990661621094,0.005704796131968504,0.1214242900722976,14.779999732971191
2013-07-09,2,133.12118530273438,0.00719739243885309,0.12147282547645906,14.350000381469727
2013-07-10,2,133.16952514648438,0.0003631266025769797,0.1210272252942766,14.210000038146973
2013-07-11,2,134.98341369628906,0.013620898233356549,0.12167335723096359,14.010000228881836
2013-07-12,2,135.03982543945312,0.0004179161099822082,0.12128579071367768,13.84000015258789
2013-07-15,2,135.55577087402344,0.0038206909175964032,0.12131553584246973,13.789999961853027
2013-07-16,2,135.0479278564453,-0.0037463769657588575,0.12126721196413817,14.420000076293945
2013-07-17,2,135.39453125,0.002566521375456654,0.12024127042641601,13.779999732971191
2013-07-18,2,136.13623046875,0.0054780589134761914,0.12027942715742339,13.770000457763672
2013-07-19,2,136.37808227539062,0.001776542554526861,0.12013741784939024,12.539999961853027
2013-07-22,2,136.6441192626953,0.0019507312528963539,0.11996781970018988,12.289999961853027
2013-07-23,2,136.35386657714844,-0.0021241505826450346,0.11999533042518419,12.65999984741211
2013-07-24,2,135.85401916503906,-0.003665810326152874,0.11965769344094312,13.180000305175781
2013-07-25,2,136.18458557128906,0.002433247159573604,0.11914950722612559,12.970000267028809
2013-07-26,2,136.32968139648438,0.0010654350093046716,0.11875981845281197,12.720000267028809
2013-07-29,2,135.91050720214844,-0.003074709704021572,0.11882841380383537,13.390000343322754
2013-07-30,2,135.91050720214844,0.0,0.11781311073956424,13.390000343322754
2013-07-31,2,136.00726318359375,0.0007119095016061561,0.11650036007137667,13.449999809265137
2013-08-01,2,137.57923889160156,0.011558027646551672,0.11698377036204846,12.9399995803833
2013-08-02,2,137.8130340576172,0.001699349174331788,0.11671459605515791,11.979999542236328
2013-08-05,2,137.61148071289062,-0.001462512933590121,0.11672547101435256,11.84000015258789
2013-08-06,2,136.8295440673828,-0.0056822050126705825,0.11664906021685931,12.720000267028809
2013-08-07,2,136.38613891601562,-0.0032405658762469924,0.11517690203508996,12.979999542236328
2013-08-08,2,136.88592529296875,0.003664495387327271,0.11520570166100064,12.729999542236328
2013-08-09,2,136.49093627929688,-0.002885534161576553,0.1151926932929153,13.40999984741211
2013-08-12,2,136.32968139648438,-0.0011814329010281233,0.11521020786181495,12.8100004196167
2013-08-13,2,136.7327423095703,0.0029565162109763676,0.11522946287646074,12.3100004196167
2013-08-14,2,136.03147888183594,-0.005128716179382042,0.11538209729571479,13.039999961853027
2013-08-15,2,134.12890625,-0.013986267351313697,0.11632271891153104,14.729999542236328
2013-08-16,2,133.6854705810547,-0.0033060410417333763,0.11639272952094415,14.369999885559082
2013-08-19,2,132.83102416992188,-0.006391468028791869,0.11661180444332665,15.100000381469727
2013-08-20,2,133.48397827148438,0.00491567467497056,0.11649686717220356,14.90999984741211
2013-08-21,2,132.66168212890625,-0.006160260978330334,0.11669837273348435,15.9399995803833
2013-08-22,2,133.87088012695312,0.009114900238275991,0.11699987235983815,14.760000228881836
2013-08-23,2,134.32237243652344,0.003372595363100306,0.1169686236684583,13.979999542236328
2013-08-26,2,133.82257080078125,-0.003720911317125375,0.11705385074529889,14.989999771118164
2013-08-27,2,131.67013549804688,-0.01608424714795431,0.11792228591281019,16.770000457763672
2013-08-28,2,132.13768005371094,0.00355087775899654,0.11783541987678545,16.489999771118164
2013-08-29,2,132.34730529785156,0.0015864153514382195,0.11783773875490547,16.809999465942383
2013-08-30,2,131.9280548095703,-0.0031678052480004215,0.1178892874807701,17.010000228881836
2013-09-03,2,132.524658203125,0.004522187448422921,0.1179513644261852,16.610000610351562
2013-09-04,2,133.62098693847656,0.008272639599425924,0.11792388886488524,15.880000114440918
2013-09-05,2,133.7903594970703,0.0012675595538875761,0.11785668715233696,15.770000457763672
2013-09-06,2,133.85476684570312,0.0004814050046275664,0.11784497694802809,15.850000381469727
2013-09-09,2,135.1365966796875,0.009576273331094454,0.11816246079364709,15.630000114440918
2013-09-10,2,136.13623046875,0.007397210035057444,0.11672143268364533,14.529999732971191
2013-09-11,2,136.56350708007812,0.003138595874565553,0.11670344649750217,13.819999694824219
2013-09-12,2,136.20077514648438,-0.002656141024417691,0.11657522680176946,14.289999961853027
2013-09-13,2,136.507080078125,0.002248922088080585,0.11656708542393347,14.15999984741211
2013-09-16,2,137.297119140625,0.0057875317679336735,0.11664724496109018,14.380000114440918
2013-09-17,2,137.9097900390625,0.004462372570323003,0.11580019191403035,14.529999732971191
2013-09-18,2,139.5059814453125,0.011574170374691217,0.11624891602202336,13.59000015258789
2013-09-19,2,139.2721710205078,-0.0016759885302577437,0.11619997690879921,13.15999984741211
2013-09-20,2,138.29847717285156,-0.006991302286175172,0.11644799797540104,13.119999885559082
2013-09-23,2,137.6584930419922,-0.004627557323422238,0.1165714215726721,14.3100004196167
2013-09-24,2,137.33444213867188,-0.0023540204179154367,0.11661012547746862,14.079999923706055
2013-09-25,2,136.93748474121094,-0.0028904431494330973,0.11666029356029546,14.010000228881836
2013-09-26,2,137.4640655517578,0.0038454102727387696,0.11668148057495586,14.0600004196167
2013-09-27,2,136.83224487304688,-0.0045962606749255785,0.11624626824391182,15.460000038146973
2013-09-30,2,136.1031036376953,-0.0053287237670335275,0.11623056475350829,16.600000381469727
2013-10-01,2,137.18052673339844,0.00791622723440022,0.11612743610181603,15.539999961853027
2013-10-02,2,137.05093383789062,-0.000944688714890729,0.1160147097502525,16.600000381469727
2013-10-03,2,135.78717041015625,-0.009221122340028698,0.11642663519720454,17.670000076293945
2013-10-04,2,136.8159942626953,0.007576738284120754,0.11662878902402432,16.739999771118164
2013-10-07,2,135.6332550048828,-0.008644744089945866,0.11695566415776032,19.40999984741211
2013-10-08,2,134.0535888671875,-0.011646599041204464,0.11742045873656647,20.34000015258789
2013-10-09,2,134.15084838867188,0.0007255271739179392,0.11741927337377737,19.600000381469727
2013-10-10,2,137.0428009033203,0.021557467204901037,0.11920174213441548,16.479999542236328
2013-10-11,2,137.92584228515625,0.006443544469431073,0.11886248537284706,15.720000267028809
2013-10-14,2,138.47666931152344,0.0039936462757166336,0.118688269513791,16.06999969482422
2013-10-15,2,137.47218322753906,-0.007253829031117376,0.1189619841610436,18.65999984741211
2013-10-16,2,139.39210510253906,0.013965893535146767,0.11961885062685018,14.710000038146973
2013-10-17,2,140.32366943359375,0.00668304944795417,0.11952690576862304,13.479999542236328
2013-10-18,2,141.27151489257812,0.006754708331176751,0.11931085391528799,13.039999961853027
2013-10-21,2,141.27955627441406,5.6921466737636095e-05,0.11925535075424039,13.15999984741211
2013-10-22,2,142.0978240966797,0.005791834599736978,0.11930940973726618,13.329999923706055
2013-10-23,2,141.4173126220703,-0.004789035151913201,0.11814477600684628,13.420000076293945
2013-10-24,2,141.8871612548828,0.003322426541000345,0.11816722295428521,13.199999809265137
2013-10-25,2,142.5352783203125,0.004567834465765586,0.11728669430106746,13.09000015258789
2013-10-28,2,142.7620086669922,0.0015906963479608294,0.11722584481585525,13.3100004196167
2013-10-29,2,143.52354431152344,0.00533430183311312,0.11729063886784245,13.40999984741211
2013-10-30,2,142.81065368652344,-0.004967063964450569,0.11743241110775757,13.649999618530273
2013-10-31,2,142.4056396484375,-0.0028360211765080523,0.11749065040316083,13.75
2013-11-01,2,142.74591064453125,0.002389448879509093,0.11711253319326852,13.279999732971191
2013-11-04,2,143.2480926513672,0.0035180132626460026,0.11672270213676185,12.930000305175781
2013-11-05,2,142.79441833496094,-0.0031670531035299376,0.1167919928286197,13.270000457763672
2013-11-06,2,143.52354431152344,0.005106123790162176,0.11666347279995416,12.670000076293945
2013-11-07,2,141.708984375,-0.012642942628178555,0.11504503786263406,13.90999984741211
2013-11-08,2,143.62081909179688,0.013491273861208741,0.11497343366695661,12.899999618530273
2013-11-11,2,143.6450958251953,0.00016903352558461648,0.11497701225259646,12.529999732971191
2013-11-12,2,143.35342407226562,-0.0020305026861803244,0.11501931985275056,12.819999694824219
2013-11-13,2,144.50376892089844,0.008024536951785066,0.11513587246701633,12.520000457763672
2013-11-14,2,145.2247314453125,0.0049892298989704376,0.11425728959096512,12.369999885559082
2013-11-15,2,145.85655212402344,0.0043506410541984675,0.11426295125091292,12.1899995803833
2013-11-18,2,145.34622192382812,-0.0034988500191707184,0.11429989880106617,13.100000381469727
2013-11-19,2,145.0303192138672,-0.002173449751769252,0.11273865033899295,13.390000343322754
2013-11-20,2,144.57664489746094,-0.0031281343022988572,0.11281639477345065,13.399999618530273
2013-11-21,2,145.7432098388672,0.008068833954707033,0.11302909295072508,12.65999984741211
2013-11-22,2,146.47222900390625,0.005002079793940739,0.11239865756745568,12.260000228881836
2013-11-25,2,146.3264923095703,-0.0009949783336201667,0.11237198367991073,12.789999961853027
2013-11-26,2,146.36695861816406,0.0002765480669635334,0.11220273324729887,12.8100004196167
2013-11-27,2,146.7233428955078,0.0024348683658410586,0.1119944357886406,12.979999542236328
2013-11-29,2,146.62620544433594,-0.0006620449701794096,0.11195046362293154,13.699999809265137
2013-12-02,2,146.245361328125,-0.0025973809733180753,0.11200733010569386,14.229999542236328
2013-12-03,2,145.61355590820312,-0.004320174084047168,0.11197654518511782,14.550000190734863
2013-12-04,2,145.59732055664062,-0.0001114961547449278,0.11195521606419216,14.699999809265137
2013-12-05,2,144.9573974609375,-0.004395157089818746,0.11208604059410843,15.079999923706055
2013-12-06,2,146.57754516601562,0.011176716286691812,0.11251935067304127,13.789999961853027
2013-12-09,2,146.95022583007812,0.0025425494992454833,0.11251192058425868,13.489999771118164
2013-12-10,2,146.42369079589844,-0.003583084212395393,0.11260638509006188,13.90999984741211
2013-12-11,2,144.77919006347656,-0.011231111055069354,0.11312493059179286,15.420000076293945
2013-12-12,2,144.30130004882812,-0.003300819782448783,0.11320503844065567,15.539999961853027
2013-12-13,2,144.2849884033203,-0.00011303879800317329,0.11298576369310642,15.760000228881836
2013-12-16,2,145.1842803955078,0.006232748133670807,0.11300746671051756,16.030000686645508
2013-12-17,2,144.72244262695312,-0.003181045270855498,0.11257113171186464,16.209999084472656
2013-12-18,2,147.1932373046875,0.01707264355745619,0.11326423914858297,13.800000190734863
2013-12-19,2,147.02316284179688,-0.0011554502503302588,0.11296900636996574,14.149999618530273
2013-12-20,2,147.87835693359375,0.005816730338722875,0.11297173424105057,13.789999961853027
2013-12-23,2,148.6683807373047,0.00534238965114886,0.11259717220358824,13.039999961853027
2013-12-24,2,148.99415588378906,0.002191287379796014,0.11252500310678143,12.479999542236328
2013-12-26,2,149.75169372558594,0.005084346008763729,0.11246820467901987,12.329999923706055
2013-12-27,2,149.74354553222656,-5.441136027684035e-05,0.1124471182767748,12.460000038146973
2013-12-30,2,149.71908569335938,-0.0001633448625798506,0.11181337625040018,13.5600004196167
2013-12-31,2,150.4276885986328,0.0047328829320045784,0.11073961554975681,13.720000267028809
2014-01-02,0,148.98606872558594,-0.009583474202634057,0.10849566151983947,14.229999542236328
2014-01-03,0,148.96160888671875,-0.00016417534254320465,0.10845277126589555,13.760000228881836
2014-01-06,0,148.52992248535156,-0.002897970857011045,0.10846918771432187,13.550000190734863
2014-01-07,0,149.442138671875,0.006141632414932374,0.10852760949062372,12.920000076293945
2014-01-08,0,149.4747772216797,0.00021840258774896704,0.10846039823266149,12.869999885559082
2014-01-09,0,149.57244873046875,0.0006534313721986429,0.10845028262253815,12.890000343322754
2014-01-10,0,149.97970581054688,0.002722808134351107,0.1082405305665494,12.140000343322754
2014-01-13,0,147.98422241210938,-0.013305022753932971,0.10917636412610977,13.279999732971191
2014-01-14,0,149.5968780517578,0.010897483619283888,0.10961662545518461,12.279999732971191
2014-01-15,0,150.40325927734375,0.005390361323629689,0.10970450238574038,12.279999732971191
2014-01-16,2,150.207763671875,-0.0012998096344990495,0.1097228476452338,12.529999732971191
2014-01-17,2,149.57244873046875,-0.004229574596384289,0.10970968877270534,12.4399995803833
2014-01-21,2,150.01235961914062,0.00294112246209588,0.1097202608943207,12.869999885559082
2014-01-22,2,150.11004638671875,0.000651191460664613,0.1096304693562215,12.84000015258789
2014-01-23,2,148.88018798828125,-0.008193045222763429,0.11000830356208123,13.770000457763672
2014-01-24,2,145.7036590576172,-0.021336142663348157,0.11223277385266901,18.139999389648438
2014-01-27,0,144.98690795898438,-0.004919238839083517,0.11227490208315628,17.420000076293945
2014-01-28,0,145.85028076171875,0.005954832852760772,0.11237634788178384,15.800000190734863
2014-01-29,0,144.44931030273438,-0.009605538307280947,0.11281280233917573,17.350000381469727
2014-01-30,0,145.98060607910156,0.010600921341596736,0.11314324916793947,17.290000915527344
2014-01-31,0,145.1254119873047,-0.005858271963424255,0.11329262520223343,18.40999984741211
2014-02-03,0,141.8592529296875,-0.022505769409308596,0.11526332002000954,21.440000534057617
2014-02-04,0,142.85296630859375,0.007004924658659872,0.11481422554133572,19.110000610351562
2014-02-05,0,142.67376708984375,-0.0012544312055998708,0.11444574595436002,19.950000762939453
2014-02-06,0,144.55523681640625,0.013187215596387247,0.11512570050024193,17.229999542236328
2014-02-07,0,146.34710693359375,0.012395746820734521,0.11569452370130659,15.289999961853027
2014-02-10,0,146.61590576171875,0.001836721160787702,0.11560032813358548,15.260000228881836
2014-02-11,0,148.22036743164062,0.010943298829592552,0.11604150777091367,14.510000228881836
2014-02-12,0,148.29373168945312,0.0004949674534191484,0.11603904819114734,14.300000190734863
2014-02-13,0,149.05934143066406,0.005162792334434174,0.11612020631875407,14.140000343322754
2014-02-14,0,149.88201904296875,0.005519128183505195,0.11621445869839926,13.569999694824219
2014-02-18,0,150.0611572265625,0.0011951946253299095,0.1161968840294574,13.869999885559082
2014-02-19,0,149.0675048828125,-0.00662164921365882,0.11624596456046399,15.5
2014-02-20,0,149.94711303710938,0.005900737085445806,0.11558931647649114,14.789999961853027
2014-02-21,0,149.77609252929688,-0.0011405388496554814,0.11539599763242647,14.680000305175781
2014-02-24,0,150.60687255859375,0.005546813348294322,0.11514704842640919,14.229999542236328
2014-02-25,0,150.54986572265625,-0.00037851417381584707,0.11340617494988961,13.670000076293945
2014-02-26,0,150.55799865722656,5.402153320610559e-05,0.11325561295425438,14.350000381469727
2014-02-27,0,151.3480224609375,0.005247305428850435,0.11273286695819588,14.039999961853027
2014-02-28,0,151.7308349609375,0.0025293525067286993,0.1127073478278377,14.0
2014-03-03,0,150.6638641357422,-0.007031997322561323,0.11296184169284423,16.0
2014-03-04,0,152.78160095214844,0.014056036784628523,0.11364203299566011,14.100000381469727
2014-03-05,0,152.9199981689453,0.0009058500233953826,0.11335480163583272,13.890000343322754
2014-03-06,0,153.27024841308594,0.0022904149119442607,0.11336253720162609,14.210000038146973
2014-03-07,0,153.33538818359375,0.0004249994449820882,0.11335966597972386,14.109999656677246
2014-03-10,0,153.2539520263672,-0.0005310982558641708,0.1133174411643359,14.199999809265137
2014-03-11,0,152.49649047851562,-0.0049425253824531,0.11342727261962537,14.800000190734863
2014-03-12,0,152.5371551513672,0.00026665972917783165,0.11338679053644338,14.470000267028809
2014-03-13,0,150.82681274414062,-0.01121262819887614,0.11402370398078183,16.219999313354492
2014-03-14,0,150.40325927734375,-0.002808210682774148,0.11398891544281989,17.81999969482422
2014-03-17,0,151.7634735107422,0.009043781630358128,0.11427018804738744,15.640000343322754
2014-03-18,0,152.8467254638672,0.007137764628511345,0.11426877016073304,14.520000457763672
2014-03-19,0,152.0322265625,-0.0053288606536732175,0.11439196924819282,15.119999885559082
2014-03-20,0,152.9199981689453,0.005839364630237487,0.11433583439209616,14.520000457763672
2014-03-21,0,152.32691955566406,-0.0038783587521759033,0.11404666747611018,15.0
2014-03-24,0,151.69696044921875,-0.004135573070622733,0.11392625203219002,15.09000015258789
2014-03-25,0,152.41690063476562,0.004745910421770638,0.11388419975061208,14.020000457763672
2014-03-26,0,151.32069396972656,-0.007192159533973785,0.11393794151889054,14.930000305175781
2014-03-27,0,151.0016632080078,-0.002108308872695086,0.11397186438090637,14.619999885559082
2014-03-28,0,151.7460479736328,0.004929646136411003,0.1140246703794175,14.40999984741211
2014-03-31,0,152.9895477294922,0.008194610485509513,0.11416574513736363,13.880000114440918
2014-04-01,0,154.00396728515625,0.006630646150139086,0.1142396467986058,13.100000381469727
2014-04-02,0,154.5193634033203,0.0033466418252052765,0.11373441145344022,13.09000015258789
2014-04-03,0,154.31483459472656,-0.0013236451671102545,0.11371090814932638,13.369999885559082
2014-04-04,0,152.490478515625,-0.011822298769219586,0.11429228308334256,13.960000038146973
2014-04-07,0,150.80523681640625,-0.01105145524903095,0.11475156555302293,15.569999694824219
2014-04-08,0,151.42701721191406,0.0041230689904010465,0.1147692043020798,14.890000343322754
2014-04-09,0,153.05496215820312,0.010750690175788336,0.11462841843874572,13.819999694824219
2014-04-10,0,149.83999633789062,-0.02100530276822643,0.11664708848623964,15.890000343322754
2014-04-11,0,148.49002075195312,-0.00900944753691324,0.11700672022372276,17.030000686645508
2014-04-14,0,149.6599884033203,0.007879099520913702,0.11476131259409744,16.110000610351562
2014-04-15,0,150.69073486328125,0.0068872547095431,0.11406463056104346,15.609999656677246
2014-04-16,0,152.26966857910156,0.010477974755733088,0.1134344950883795,14.180000305175781
2014-04-17,0,152.4823760986328,0.0013969132626092673,0.11321269656812086,13.359999656677246
2014-04-21,0,153.01405334472656,0.003486811129896239,0.11297037380281576,13.25
2014-04-22,0,153.70938110351562,0.004544208480135925,0.11297384354536735,13.1899995803833
2014-04-23,0,153.3494873046875,-0.0023413912426447636,0.11261681451490853,13.270000457763672
2014-04-24,0,153.6603546142578,0.002027181929553201,0.11262351450359138,13.319999694824219
2014-04-25,0,152.40054321289062,-0.00819867560848575,0.11293351860917336,14.0600004196167
2014-04-28,0,152.8832244873047,0.00316718867425414,0.1129311213099007,13.970000267028809
2014-04-29,0,153.59487915039062,0.004654890459515615,0.11284175813341958,13.710000038146973
2014-04-30,0,154.0530242919922,0.0029828152093076543,0.11285199751778166,13.40999984741211
2014-05-01,0,154.06944274902344,0.000106576661553337,0.11244808696028037,13.25
2014-05-02,0,153.84852600097656,-0.001433877763851843,0.11214579527630121,12.90999984741211
2014-05-05,0,154.14303588867188,0.0019142847536508523,0.1117553836967743,13.289999961853027
2014-05-06,0,152.80140686035156,-0.008703792685705869,0.11213641565670411,13.800000190734863
2014-05-07,0,153.70132446289062,0.005889458880188991,0.11217171977782088,13.399999618530273
2014-05-08,0,153.5376739501953,-0.0010647306603712714,0.11211759796473075,13.430000305175781
2014-05-09,0,153.7667236328125,0.0014918142024966663,0.11206643458309963,12.920000076293945
2014-05-12,0,155.2638397216797,0.009736281384535639,0.11240332474293989,12.229999542236328
2014-05-13,0,155.40289306640625,0.0008955938805572661,0.11240345606616575,12.130000114440918
2014-05-14,0,154.66659545898438,-0.004737991635118677,0.11211649298915054,12.170000076293945
2014-05-15,0,153.30859375,-0.008780187505611048,0.11240883943895265,13.170000076293945
2014-05-16,0,153.84036254882812,0.0034686170280531226,0.11232039516925105,12.4399995803833
2014-05-19,0,154.4048309326172,0.0036691826152575047,0.11199391807200268,12.420000076293945
2014-05-20,0,153.4313201904297,-0.00630492411608774,0.11220428984483224,12.960000038146973
2014-05-21,0,154.72390747070312,0.00842453339167748,0.11247596014212458,11.90999984741211
2014-05-22,0,155.1001739501953,0.0024318574009865035,0.11220250468194275,12.029999732971191
2014-05-23,0,155.72190856933594,0.004008600398734963,0.11219702012224649,11.359999656677246
2014-05-27,0,156.67909240722656,0.006146751261171701,0.11232058408588011,11.510000228881836
2014-05-28,0,156.56454467773438,-0.0007310977344345826,0.11220316281732975,11.680000305175781
2014-05-29,0,157.37449645996094,0.005173277154759015,0.1120626063979262,11.569999694824219
2014-05-30,0,157.62808227539062,0.0016113526723449123,0.11202629809113815,11.399999618530273
2014-06-02,0,157.80804443359375,0.0011416884327040133,0.1110029828140859,11.579999923706055
2014-06-03,0,157.7262725830078,-0.0005181728908651984,0.11090784265060226,11.869999885559082
2014-06-04,0,158.04527282714844,0.0020224927586032226,0.11077525184485693,12.079999923706055
2014-06-05,0,159.0761260986328,0.0065225188519988375,0.10992670700658261,11.680000305175781
2014-06-06,0,159.8369140625,0.004782540174478989,0.10968927441193277,10.729999542236328
2014-06-09,0,160.00047302246094,0.0010232865225174859,0.10903788458046447,11.149999618530273
2014-06-10,0,160.0168914794922,0.00010261505307518348,0.10903719348817592,10.989999771118164
2014-06-11,0,159.4606170654297,-0.0034763480837508576,0.1085517229501641,11.600000381469727
2014-06-12,0,158.33163452148438,-0.007080008623584266,0.10845764424776462,12.5600004196167
2014-06-13,0,158.81434631347656,0.003048738765636161,0.10751500865970917,12.180000305175781
2014-06-16,0,158.9451904296875,0.0008238809606826436,0.10728249035174146,12.649999618530273
2014-06-17,0,159.38697814941406,0.002779497250166907,0.1070757886729127,12.0600004196167
2014-06-18,0,160.5568084716797,0.007339560206536921,0.10703939970708955,10.609999656677246
2014-06-19,0,160.73680114746094,0.0011210529001826064,0.10603277848554404,10.619999885559082
2014-06-20,0,161.0631103515625,0.002030083974373653,0.10287394493754166,10.850000381469727
2014-06-23,0,161.0138397216797,-0.0003059088439014701,0.1028560754317204,10.979999542236328
2014-06-24,0,160.0438690185547,-0.006024144910783069,0.10219124671557234,12.130000114440918
2014-06-25,0,160.7671661376953,0.004519367868173418,0.10188414212846454,11.59000015258789
2014-06-26,0,160.65220642089844,-0.0007150696224775821,0.10149812771109584,11.630000114440918
2014-06-27,0,160.96449279785156,0.0019438660937836083,0.10138050161313852,11.260000228881836
2014-06-30,0,160.88229370117188,-0.0005106660186412482,0.10126731204746908,11.569999694824219
2014-07-01,0,161.95907592773438,0.006692981569261791,0.10131179445481925,11.149999618530273
2014-07-02,0,162.12351989746094,0.0010153427264547599,0.10129537600622597,10.819999694824219
2014-07-03,0,162.92091369628906,0.004918433792533428,0.10137398339484603,10.319999694824219
2014-07-07,0,162.3536834716797,-0.003481629287120147,0.10098237680180895,11.329999923706055
2014-07-08,0,161.30970764160156,-0.006430256510073118,0.10112680829775557,11.979999542236328
2014-07-09,0,162.0330810546875,0.004484376195716289,0.10099109821856661,11.649999618530273
2014-07-10,0,161.39193725585938,-0.0039568697617478055,0.10110221279595223,12.59000015258789
2014-07-11,0,161.6138153076172,0.0013747777957833218,0.1002793586538533,12.079999923706055
2014-07-14,0,162.42764282226562,0.0050356308530887794,0.10037099217799202,11.819999694824219
2014-07-15,0,162.12351989746094,-0.0018723594058276394,0.10035775307675103,11.960000038146973
2014-07-16,0,162.7235565185547,0.0037011077817288296,0.100300530937798,11.0
2014-07-17,0,160.87405395507812,-0.011365917775191137,0.10101370712547626,14.539999961853027
2014-07-18,0,162.51806640625,0.010219251711223398,0.10134935330668882,12.0600004196167
2014-07-21,0,162.21392822265625,-0.001871411531770839,0.10137694674999113,12.8100004196167
2014-07-22,0,162.92091369628906,0.0043583524631891635,0.10143512709236471,12.239999771118164
2014-07-23,0,163.28253173828125,0.0022195925236847547,0.10140591069526747,11.520000457763672
2014-07-24,0,163.290771484375,5.046312061685043e-05,0.10131201275755988,11.84000015258789
2014-07-25,0,162.5262451171875,-0.004681993723452127,0.10144313426169642,12.6899995803833
2014-07-28,0,162.59205627441406,0.000404926337768563,0.10144304154415702,12.5600004196167
2014-07-29,0,161.89337158203125,-0.0042971637630537796,0.10149630033846653,13.279999732971191
2014-07-30,0,161.91796875,0.0001519343733988876,0.10149533971959124,13.329999923706055
2014-07-31,0,158.72042846679688,-0.01974790264408577,0.10353768824080542,16.950000762939453
2014-08-01,0,158.2353973388672,-0.003055883433625839,0.10301975052181923,17.030000686645508
2014-08-04,0,159.37802124023438,0.007221038532359669,0.10322795257911814,15.119999885559082
2014-08-05,0,157.83262634277344,-0.009696411622098888,0.10372018785117859,16.8700008392334
2014-08-06,0,157.88197326660156,0.0003126535049917667,0.10353071577194,16.3700008392334
2014-08-07,0,157.0270538330078,-0.005414927467052411,0.10363425237985054,16.65999984741211
2014-08-08,0,158.8437042236328,0.011569028051414243,0.10417046974693349,15.770000457763672
2014-08-11,0,159.30404663085938,0.0028980840599037716,0.10413605888302505,14.229999542236328
2014-08-12,0,159.0821075439453,-0.0013931792167737322,0.10413998221385486,14.130000114440918
2014-08-13,0,160.15890502929688,0.006768815814525819,0.10429500137422429,12.899999618530273
2014-08-14,0,160.91514587402344,0.004721815777825267,0.10421225683673833,12.420000076293945
2014-08-15,0,160.88229370117188,-0.00020415836354692463,0.10316993313936118,13.149999618530273
2014-08-18,0,162.23036193847656,0.008379220648162988,0.10337105135252068,12.319999694824219
2014-08-19,0,163.07701110839844,0.00521880836487898,0.10321319907199711,12.210000038146973
2014-08-20,0,163.51268005371094,0.002671553411184968,0.10314850797970343,11.779999732971191
2014-08-21,0,163.9894561767578,0.0029158357803826807,0.10293035741219822,11.760000228881836
2014-08-22,0,163.73463439941406,-0.0015538912274279948,0.1026240508500876,11.470000267028809
2014-08-25,0,164.5648193359375,0.005070307449420275,0.10268046957388717,11.699999809265137
2014-08-26,0,164.67172241210938,0.000649610752791796,0.10257908392839452,11.630000114440918
2014-08-27,0,164.60597229003906,-0.0003992799802370328,0.1011697696385284,11.779999732971191
2014-08-28,0,164.51556396484375,-0.0005492408564374829,0.10114525698125722,12.050000190734863
2014-08-29,0,164.9840545654297,0.0028476977454001684,0.10116183474206332,12.09000015258789
2014-09-02,0,164.90185546875,-0.0004982244914285561,0.10108938313243176,12.25
2014-09-03,0,164.81141662597656,-0.000548440419401941,0.10103442451428628,12.359999656677246
2014-09-04,0,164.57308959960938,-0.0014460589639129218,0.10078816809622904,12.640000343322754
2014-09-05,0,165.31283569335938,0.004494939576997314,0.10085333311898746,12.09000015258789
2014-09-08,0,164.8854217529297,-0.0025854855047221514,0.1009115070978213,12.65999984741211
2014-09-09,0,163.8415069580078,-0.006331152771565929,0.10078382255139767,13.5
2014-09-10,0,164.4579620361328,0.0037625085948642667,0.10060978917739441,12.880000114440918
2014-09-11,0,164.64707946777344,0.0011499439084565743,0.10058244128802679,12.800000190734863
2014-09-12,0,163.685302734375,-0.005841444236407978,0.10074144488067147,13.3100004196167
2014-09-15,0,163.56201171875,-0.0007532198283255465,0.10074132433143002,14.119999885559082
2014-09-16,0,164.79501342773438,0.0075384357041570205,0.10084460076939876,12.729999542236328
2014-09-17,0,165.01698303222656,0.0013469436961424108,0.10077739594613624,12.649999618530273
2014-09-18,0,165.89649963378906,0.005329855057347288,0.10029525082499124,12.029999732971191
2014-09-19,0,165.74705505371094,-0.0009008302188896478,0.1002797489916148,12.109999656677246
2014-09-22,0,164.46697998046875,-0.007723063754148551,0.10033882881584072,13.6899995803833
2014-09-23,0,163.5254669189453,-0.005724632759932957,0.10040337373658093,14.930000305175781
2014-09-24,0,164.80555725097656,0.007828079357607098,0.10060815470455436,13.270000457763672
2014-09-25,0,162.1463623046875,-0.016135347561365698,0.10195138438217789,15.640000343322754
2014-09-26,0,163.4346160888672,0.007945005770520819,0.10216092867173547,14.850000381469727
2014-09-29,0,163.1373748779297,-0.0018187163653009542,0.10205385477325243,15.979999542236328
2014-09-30,0,162.7078857421875,-0.002632683871881314,0.10192899586679591,16.309999465942383
2014-10-01,0,160.50289916992188,-0.013551811347112253,0.10266737603460886,16.709999084472656
2014-10-02,0,160.5277557373047,0.00015486678129406073,0.10265617957679653,16.15999984741211
2014-10-03,0,162.29501342773438,0.011009047515257775,0.1026967956955401,14.550000190734863
2014-10-06,0,162.10501098632812,-0.0011707226081277833,0.10248350134819671,15.460000038146973
2014-10-07,0,159.60275268554688,-0.015436033010677863,0.10332637660158084,17.200000762939453
2014-10-08,0,162.39404296875,0.017488985849151373,0.10394628041353858,15.109999656677246
2014-10-09,0,159.17330932617188,-0.019832831203038026,0.10597092409295564,18.760000228881836
2014-10-10,0,157.35641479492188,-0.011414567799975073,0.10457610623248305,21.239999771118164
2014-10-13,0,154.77151489257812,-0.01642703861620498,0.10578046438641739,24.639999389648438
2014-10-14,0,155.01100158691406,0.0015473564014809593,0.10572714647902336,22.790000915527344
2014-10-15,0,153.9622039794922,-0.006765955943029089,0.10569248389143458,25.270000457763672
2014-10-16,0,153.83004760742188,-0.0008583689285710516,0.10482836190033078,25.200000762939453
2014-10-17,0,155.6468963623047,0.011810753381026329,0.10526080638957362,21.989999771118164
2014-10-20,0,157.15817260742188,0.009709645874334205,0.10548021885569663,18.56999969482422
2014-10-21,0,160.27163696289062,0.019811024166373592,0.1072422799210067,16.079999923706055
2014-10-22,0,159.13198852539062,-0.007110730626429418,0.10738197703749258,17.8700008392334
2014-10-23,0,160.98187255859375,0.011624840802564096,0.10782810900242609,16.530000686645508
2014-10-24,0,162.22068786621094,0.007695371459704559,0.10802998996679608,16.110000610351562
2014-10-27,0,161.99765014648438,-0.0013749030574355947,0.10797178745282869,16.040000915527344
2014-10-28,0,163.85581970214844,0.011470348822861576,0.1085197413352929,14.390000343322754
2014-10-29,0,163.6080780029297,-0.0015119493446682508,0.10843391909793902,15.149999618530273
2014-10-30,0,164.6569366455078,0.0064107998540228195,0.108450365928023,14.520000457763672
2014-10-31,0,166.53976440429688,0.011434852349054836,0.10893582467022275,14.029999732971191
2014-11-03,0,166.63067626953125,0.0005458868370540326,0.10892178283081481,14.729999542236328
2014-11-04,0,166.0525360107422,-0.003469590784435761,0.10896039185167586,14.890000343322754
2014-11-05,0,167.1013946533203,0.0063164265224486815,0.1090430223066002,14.170000076293945
2014-11-06,0,167.7703094482422,0.004003047349243616,0.10900331170540266,13.670000076293945
2014-11-07,0,167.92726135253906,0.000935516569129824,0.10818433171442485,13.119999885559082
2014-11-10,0,168.45579528808594,0.0031473980537162216,0.10744815888079877,12.670000076293945
2014-11-11,0,168.62100219726562,0.0009807137171931046,0.10744753147175909,12.920000076293945
2014-11-12,0,168.43930053710938,-0.0010775743103678126,0.107427805820437,13.020000457763672
2014-11-13,0,168.6292266845703,0.0011275643324053508,0.10717440163543769,13.789999961853027
2014-11-14,0,168.67054748535156,0.00024503937777375917,0.10708588347108046,13.3100004196167
2014-11-17,0,168.77784729003906,0.0006361502128686691,0.10702025368035946,13.989999771118164
2014-11-18,0,169.7523193359375,0.005773696379856252,0.10706521446305362,13.859999656677246
2014-11-19,0,169.47982788085938,-0.0016052296436602775,0.10705173645045227,13.960000038146973
2014-11-20,0,169.77711486816406,0.0017541142861772219,0.10699046340166787,13.579999923706055
2014-11-21,0,170.68556213378906,0.005350822849890191,0.10683592289548548,12.899999618530273
2014-11-24,0,171.16456604003906,0.0028063528060711107,0.10676865733362934,12.619999885559082
2014-11-25,0,171.04066467285156,-0.0007238727620675345,0.10676483090235292,12.25
2014-11-26,0,171.4783935546875,0.0025592094293669376,0.10678138576786923,12.069999694824219
2014-11-28,0,171.114990234375,-0.0021192367900075837,0.10680211932450892,13.329999923706055
2014-12-01,0,169.92584228515625,-0.006949408392508349,0.10706341062105187,14.15999984741211
2014-12-02,0,171.02415466308594,0.0064634805581047505,0.10717440439428337,12.850000381469727
2014-12-03,0,171.6848602294922,0.0038632295403409067,0.10710625036476518,12.5
2014-12-04,0,171.494873046875,-0.0011066041721048414,0.1071182229310794,12.380000114440918
2014-12-05,0,171.7757110595703,0.0016375883879546915,0.10700149266111052,11.890000343322754
2014-12-08,0,170.62777709960938,-0.006682748992160148,0.10673540603266593,14.210000038146973
2014-12-09,0,170.51219177246094,-0.0006774121371865283,0.10672591596894461,15.350000381469727
2014-12-10,0,167.77853393554688,-0.016032037407401223,0.10793648199659096,18.530000686645508
2014-12-11,0,168.6292266845703,0.005070331281773033,0.10737761386693905,20.079999923706055
2014-12-12,0,165.90396118164062,-0.016161288031210863,0.10861308887262176,21.079999923706055
2014-12-15,0,164.76426696777344,-0.006869602182791645,0.10886605334890044,20.420000076293945
2014-12-16,0,163.4429473876953,-0.008019454730051168,0.10905192774923674,23.56999969482422
2014-12-17,0,166.64720153808594,0.019604725695443914,0.11064981234964076,19.440000534057617
2014-12-18,0,170.7681427001953,0.02472853503734096,0.11205118210835965,16.809999465942383
2014-12-19,0,171.49473571777344,0.004254851086913591,0.11209598558384035,16.489999771118164
2014-12-22,0,172.28367614746094,0.00460037695259552,0.11204613398316703,15.25
2014-12-23,0,172.5161590576172,0.0013494192563969776,0.11194867899908575,14.800000190734863
2014-12-24,0,172.53271484375,9.596658204791275e-05,0.11193867336089616,14.369999885559082
2014-12-26,0,173.08914184570312,0.003225052144209428,0.11187943492218054,14.5
2014-12-29,0,173.32164001464844,0.0013432279256000434,0.11187996143065335,15.0600004196167
2014-12-30,0,172.3916015625,-0.005365968450736114,0.11203669864602388,15.920000076293945
2014-12-31,0,170.68093872070312,-0.009923121696718384,0.11244972252328733,19.200000762939453
2015-01-02,0,170.58961486816406,-0.0005350559542475208,0.11199610864755064,17.790000915527344
2015-01-05,0,167.5088653564453,-0.018059420053791797,0.11353181401332559,19.920000076293945
2015-01-06,0,165.93104553222656,-0.009419321304942718,0.11391392389524413,21.1200008392334
2015-01-07,0,167.998779296875,0.012461403819979289,0.11440433654088396,19.309999465942383
2015-01-08,0,170.9799041748047,0.01774491987624316,0.1156976900436004,17.010000228881836
2015-01-09,0,169.60972595214844,-0.008013679907408422,0.11601486545355184,17.549999237060547
2015-01-12,0,168.28109741210938,-0.007833445473603984,0.11629407176277175,19.600000381469727
2015-01-13,0,167.80776977539062,-0.0028127201687995207,0.11551577650002326,20.559999465942383
2015-01-14,0,166.79469299316406,-0.006037126788482783,0.11523012403673641,21.479999542236328
2015-01-15,0,165.26670837402344,-0.009160870719089664,0.11552319998648108,22.389999389648438
2015-01-16,0,167.43409729003906,0.013114491946620621,0.11620744562458023,20.950000762939453
2015-01-20,0,167.79110717773438,0.0021322412428148585,0.11612392947013775,19.889999389648438
2015-01-21,0,168.63816833496094,0.005048307812459463,0.11618781511150084,18.850000381469727
2015-01-22,0,171.14601135253906,0.014871147156893194,0.11707425916048593,16.399999618530273
2015-01-23,0,170.2076416015625,-0.005482860766434339,0.11690235461790734,16.65999984741211
2015-01-26,0,170.606201171875,0.0023416079710774085,0.11482959830226899,15.520000457763672
2015-01-27,0,168.3558349609375,-0.013190412748657399,0.11552828289514981,17.219999313354492
2015-01-28,0,166.19679260253906,-0.012824279947881712,0.11618200448003187,20.440000534057617
2015-01-29,0,167.73301696777344,0.009243405610770417,0.11605757327342243,18.760000228881836
2015-01-30,0,165.62384033203125,-0.012574606203782923,0.11637005309940579,20.969999313354492
2015-02-02,0,167.67491149902344,0.012383912623209037,0.11679402066606204,19.43000030517578
2015-02-03,0,170.09970092773438,0.014461253666593121,0.11529212645773042,17.329999923706055
2015-02-04,0,169.4519805908203,-0.003807886394751714,0.11520989551035059,18.329999923706055
2015-02-05,0,171.16259765625,0.010094995995121314,0.11557463735755256,16.850000381469727
2015-02-06,0,170.68923950195312,-0.002765546683554887,0.1149502580526596,17.290000915527344
2015-02-09,0,169.92532348632812,-0.004475478465156946,0.11446179921888018,18.549999237060547
2015-02-10,0,171.7355499267578,0.0106530704387644,0.11489469718968494,17.229999542236328
2015-02-11,0,171.83517456054688,0.0005801048986744384,0.11442934118758039,16.959999084472656
2015-02-12,0,173.4877471923828,0.009617196456210175,0.11478297994899903,15.34000015258789
2015-02-13,0,174.20181274414062,0.004115942268625883,0.11474641611199463,14.6899995803833
2015-02-17,0,174.47593688964844,0.0015736009929496753,0.1146459332336957,15.800000190734863
2015-02-18,0,174.49246215820312,9.471374018255041e-05,0.11464575938105726,15.449999809265137
2015-02-19,0,174.36793518066406,-0.0007136524752924256,0.11442285724707926,15.289999961853027
2015-02-20,0,175.41429138183594,0.006000852164061765,0.11442751502586758,14.300000190734863
2015-02-23,0,175.3893585205078,-0.0001421370011058798,0.11441619755821258,14.5600004196167
2015-02-24,0,175.88760375976562,0.0028407951512039453,0.11433195202293013,13.6899995803833
2015-02-25,0,175.73806762695312,-0.0008501800559904682,0.11433715077823564,13.84000015258789
2015-02-26,0,175.530517578125,-0.00118101929553871,0.114350174326458,13.90999984741211
2015-02-27,0,174.93258666992188,-0.0034064213816096256,0.11432718167558982,13.34000015258789
2015-03-02,0,176.0370635986328,0.006313728904008942,0.11445384113609962,13.039999961853027
2015-03-03,0,175.31459045410156,-0.00410409677236212,0.11429476161490315,13.859999656677246
2015-03-04,0,174.57554626464844,-0.004215531562654529,0.11359780017738531,14.229999542236328
2015-03-05,0,174.7666015625,0.0010943989690397338,0.11359854162100212,14.039999961853027
2015-03-06,0,172.30859375,-0.014064516850039954,0.11452134976826836,15.199999809265137
2015-03-09,0,173.02268981933594,0.0041442858640701186,0.11457958923642617,15.0600004196167
2015-03-10,0,170.21592712402344,-0.01622193423442453,0.11579007675813315,16.690000534057617
2015-03-11,0,169.81735229492188,-0.002341583633423183,0.11569779373842759,16.8700008392334
2015-03-12,0,171.97637939453125,0.012713819114667402,0.11634535683773749,15.420000076293945
2015-03-13,0,170.92178344726562,-0.006132213917856011,0.11594196497701151,16.0
2015-03-16,0,173.2053680419922,0.013360407015827303,0.11660107697656098,15.609999656677246
2015-03-17,0,172.69052124023438,-0.0029724644656105026,0.11634499853745991,15.65999984741211
2015-03-18,0,174.7666015625,0.012021970327934506,0.11672499916303217,13.970000267028809
2015-03-19,0,173.96937561035156,-0.004561660780840526,0.11668866213298207,14.069999694824219
2015-03-20,0,175.50494384765625,0.008826658323726866,0.11686241433750333,13.020000457763672
2015-03-23,0,175.16290283203125,-0.0019488967554207592,0.1168045280095867,13.40999984741211
2015-03-24,0,174.1787109375,-0.005618723363331246,0.11687405758569723,13.619999885559082
2015-03-25,0,171.6264190673828,-0.014653294058612154,0.11778551204608126,15.4399995803833
2015-03-26,0,171.2176055908203,-0.0023819961914022247,0.11756820292240412,15.800000190734863
2015-03-27,0,171.60968017578125,0.002289919798889928,0.11755184152848609,15.069999694824219
2015-03-30,0,173.70326232910156,0.012199673999600869,0.11804846454709535,14.510000228881836
2015-03-31,0,172.1852264404297,-0.008739248004425937,0.11816401111524413,15.289999961853027
2015-04-01,0,171.5762481689453,-0.0035367626135744956,0.11807151034319481,15.109999656677246
2015-04-02,0,172.19354248046875,0.003597784181150754,0.11807794935159224,14.670000076293945
2015-04-06,0,173.35293579101562,0.006733082401614299,0.11823070463086413,14.739999771118164
2015-04-07,0,172.8941650390625,-0.0026464550476733573,0.11762591196802595,14.779999732971191
2015-04-08,0,173.47808837890625,0.003377345555368061,0.11708382672913645,13.979999542236328
2015-04-09,0,174.2454376220703,0.004423320837430689,0.11709332555614838,13.09000015258789
2015-04-10,0,175.19631958007812,0.0054571412083124216,0.11675104566107736,12.579999923706055
2015-04-13,0,174.4038848876953,-0.004523124083212315,0.11484181673292625,13.9399995803833
2015-04-14,0,174.73764038085938,0.001913692997028038,0.11444021307786659,13.670000076293945
2015-04-15,0,175.5216064453125,0.004486532282022226,0.11427587628801542,12.84000015258789
2015-04-16,0,175.47161865234375,-0.0002847956669330687,0.11410833829778774,12.600000381469727
2015-04-17,0,173.4530792236328,-0.011503509480414675,0.11432073618798769,13.890000343322754
2015-04-20,0,175.0378875732422,0.00913681300270297,0.1146403516446896,13.300000190734863
2015-04-21,0,174.82937622070312,-0.0011912355400873764,0.11461644344414225,13.25
2015-04-22,0,175.68849182128906,0.004914023141633805,0.11462996189391336,12.710000038146973
2015-04-23,0,176.1304931640625,0.0025158241054459296,0.1146095874399159,12.479999542236328
2015-04-24,0,176.53921508789062,0.0023205631034450835,0.11461369312093997,12.289999961853027
2015-04-27,0,175.80517578125,-0.004157939108742403,0.11437405322731073,13.119999885559082
2015-04-28,0,176.36407470703125,0.0031790811806171604,0.11437432257987136,12.40999984741211
2015-04-29,0,175.638427734375,-0.004114482917576434,0.11439782784481273,13.390000343322754
2015-04-30,0,173.87844848632812,-0.01002046801915446,0.11485922203239776,14.550000190734863
2015-05-01,0,175.76353454589844,0.010841401427150066,0.1153223962766509,12.699999809265137
2015-05-04,0,176.26400756835938,0.0028474223834538126,0.1153279532387834,12.850000381469727
2015-05-05,0,174.2454376220703,-0.01145196897617462,0.1159440018245537,14.3100004196167
2015-05-06,0,173.5281219482422,-0.004116697020119076,0.11566831150096332,15.149999618530273
2015-05-07,0,174.2203826904297,0.0039893288443124675,0.11559552496690169,15.130000114440918
2015-05-08,0,176.51426696777344,0.013166566631986676,0.11627321924498057,12.859999656677246
2015-05-11,0,175.67178344726562,-0.004772891930948764,0.11639261756417617,13.850000381469727
2015-05-12,0,175.1462860107422,-0.00299135937605588,0.11608015110482178,13.859999656677246
2015-05-13,0,175.17959594726562,0.0001901835162030352,0.11607991080419001,13.760000228881836
2015-05-14,0,177.00628662109375,0.010427531037221938,0.11638285100428372,12.739999771118164
2015-05-15,0,177.19825744628906,0.001084542412927103,0.11600527852897885,12.380000114440918
2015-05-18,0,177.7487335205078,0.003106554670186945,0.11599685884764584,12.729999542236328
2015-05-19,0,177.69027709960938,-0.0003288710965227981,0.11595954616725915,12.850000381469727
2015-05-20,0,177.56524658203125,-0.0007036429883444661,0.11576056409895188,12.880000114440918
2015-05-21,0,178.08238220214844,0.0029123695659571958,0.1155177847708308,12.109999656677246
2015-05-22,0,177.65701293945312,-0.0023886094594829377,0.11554096289518287,12.130000114440918
2015-05-26,0,175.74681091308594,-0.010752190385066251,0.11604111311908637,14.0600004196167
2015-05-27,0,177.41505432128906,0.009492311123802555,0.11625240123978986,13.270000457763672
2015-05-28,0,177.21487426757812,-0.0011283149250030933,0.11625737177950471,13.3100004196167
2015-05-29,0,176.11386108398438,-0.006212871172040169,0.11635720033637773,13.84000015258789
2015-06-01,0,176.47250366210938,0.002036424480830412,0.11636215073638795,13.970000267028809
2015-06-02,0,176.29736328125,-0.0009924513860510853,0.11636944463762894,14.239999771118164
2015-06-03,0,176.7644805908203,0.0026495989552897115,0.11638564797342903,13.65999984741211
2015-06-04,0,175.27139282226562,-0.008446763532832913,0.11671666083943509,14.710000038146973
2015-06-05,0,174.97109985351562,-0.0017133028038095466,0.11657606409562535,14.210000038146973
2015-06-08,0,173.8951416015625,-0.006149348394414278,0.11667643667049583,15.289999961853027
2015-06-09,0,173.87008666992188,-0.00014408068799320883,0.11667562861058862,14.470000267028809
2015-06-10,0,175.95538330078125,0.011993418021457147,0.11725409786141432,13.220000267028809
2015-06-11,0,176.5225372314453,0.003223282630089086,0.11722289530013637,12.850000381469727
2015-06-12,0,175.17129516601562,-0.007654784973195938,0.11726127155053884,13.779999732971191
2015-06-15,0,174.42066955566406,-0.004285094824698077,0.11732605237682178,15.390000343322754
2015-06-16,0,175.37147521972656,0.00545122127145059,0.11743406872787161,14.8100004196167
2015-06-17,0,175.65509033203125,0.001617224876219625,0.11741634959008133,14.5
2015-06-18,0,177.48175048828125,0.010399130209077123,0.1176372121684783,13.1899995803833
2015-06-19,0,176.69393920898438,-0.004438829779002451,0.11773553657298072,13.960000038146973
2015-06-22,0,177.59913635253906,0.005122966569238496,0.11781904337375085,12.739999771118164
2015-06-23,0,177.724853515625,0.0007078703515561724,0.11781717422927142,12.109999656677246
2015-06-24,0,176.43411254882812,-0.0072625800008516705,0.11789166028533886,13.260000228881836
2015-06-25,0,175.8976593017578,-0.0030405301974800736,0.11786977009678781,14.010000228881836
2015-06-26,0,175.86415100097656,-0.000190498844124809,0.11786602452776564,14.020000457763672
2015-06-29,0,172.17620849609375,-0.020970405189982833,0.11977398919787728,18.850000381469727
2015-06-30,0,172.5366973876953,0.0020937206989881663,0.11978470253321546,18.229999542236328
2015-07-01,0,173.91957092285156,0.008014953085886845,0.119862741717075,16.09000015258789
2015-07-02,0,173.7603302001953,-0.000915599790243804,0.11986690594637531,16.790000915527344
2015-07-06,0,173.26585388183594,-0.002845737676658855,0.11981823697097298,17.010000228881836
2015-07-07,0,174.35540771484375,0.006288335575634463,0.11990917597605114,16.09000015258789
2015-07-08,0,171.43020629882812,-0.01677723366515682,0.12093526891315146,19.65999984741211
2015-07-09,0,171.74032592773438,0.0018090139165187757,0.12087125067308792,19.969999313354492
2015-07-10,0,173.90283203125,0.012591720039157206,0.12142322392262286,16.829999923706055
2015-07-13,0,175.82217407226562,0.011036864774408794,0.1218905784810939,13.899999618530273
2015-07-14,0,176.5849609375,0.0043383996885446585,0.12186574012335963,13.369999885559082
2015-07-15,0,176.52627563476562,-0.00033233465875470714,0.1218471333508969,13.229999542236328
2015-07-16,0,177.94277954101562,0.008024323297800562,0.12204243431676812,12.109999656677246
2015-07-17,0,178.09364318847656,0.0008478211245777079,0.12147163993460888,11.949999809265137
2015-07-20,0,178.1858367919922,0.0005176692545845185,0.12107367524349867,12.25
2015-07-21,0,177.4817657470703,-0.003951330013640675,0.12113060445500635,12.220000267028809
2015-07-22,0,177.1632537841797,-0.001794617951595856,0.12108428618270317,12.119999885559082
2015-07-23,0,176.16587829589844,-0.005629697281899437,0.12121770391916455,12.640000343322754
2015-07-24,0,174.3386993408203,-0.010371923171234587,0.12168901982721587,13.739999771118164
2015-07-27,0,173.324462890625,-0.005817620838231341,0.12174088381655825,15.600000381469727
2015-07-28,0,175.45339965820312,0.012282956093287112,0.12233070112933742,13.4399995803833
2015-07-29,0,176.66036987304688,0.0068791497753535324,0.12241662602569259,12.5
2015-07-30,0,176.70228576660156,0.0002372682316063024,0.12241649890009784,12.130000114440918
2015-07-31,0,176.43411254882812,-0.0015176556240344974,0.12075377933114906,12.119999885559082
2015-08-03,0,175.83900451660156,-0.0033729760284415544,0.12076343493553982,12.5600004196167
2015-08-04,0,175.4953155517578,-0.0019545661429816175,0.1205951951325927,13.0
2015-08-05,0,176.07369995117188,0.003295725573048136,0.12020114095835435,12.510000228881836
2015-08-06,0,174.6320343017578,-0.0081878534375881,0.12051196237627769,13.770000457763672
2015-08-07,0,174.29676818847656,-0.001919843141161115,0.1203924271415964,13.390000343322754
2015-08-10,0,176.4927978515625,0.012599371095115552,0.12049239463510676,12.229999542236328
2015-08-11,0,174.90025329589844,-0.00902328352799675,0.12083815500166581,13.710000038146973
2015-08-12,0,175.10977172851562,0.0011979309844836195,0.12082734025100694,13.609999656677246
2015-08-13,0,174.89181518554688,-0.0012446852098388916,0.12066955330686657,13.489999771118164
2015-08-14,0,175.52886962890625,0.0036425629334539966,0.12063536992414269,12.829999923706055
2015-08-17,0,176.50955200195312,0.005587014689493408,0.12074646909436054,13.020000457763672
2015-08-18,0,175.9982452392578,-0.0028967653982241437,0.12052435385393905,13.789999961853027
2015-08-19,0,174.6068878173828,-0.007905518716868731,0.12070671761428999,15.25
2015-08-20,0,170.96092224121094,-0.020880995141412173,0.12252621361624265,19.139999389648438
2015-08-21,0,165.8145294189453,-0.030102743684340405,0.12618742811274966,28.030000686645508
2015-08-24,0,158.83261108398438,-0.04210679461822364,0.1330431465339839,40.7400016784668
2015-08-25,0,156.96353149414062,-0.01176760601672322,0.13345290004361057,36.02000045776367
2015-08-26,0,162.98989868164062,0.038393422536654453,0.13890661707680987,30.31999969482422
2015-08-27,3,167.02146911621094,0.02473509381366612,0.1410913238826002,26.100000381469727
2015-08-28,3,167.0298309326172,5.006432077570011e-05,0.14108983988318963,26.049999237060547
2015-08-31,3,165.68040466308594,-0.008078953693461122,0.14129911528396247,28.43000030517578
2015-09-01,3,160.7352294921875,-0.029847676802543632,0.1444282017698549,31.399999618530273
2015-09-02,3,163.78614807128906,0.018981019834546364,0.14567690566925884,26.09000015258789
2015-09-03,3,163.90353393554688,0.000716702026637206,0.1456711487094491,25.610000610351562
2015-09-04,3,161.42251586914062,-0.01513706267847692,0.146387585287994,27.799999237060547
2015-09-08,3,165.479248046875,0.0251311420584166,0.14851444863627739,24.899999618530273
2015-09-09,3,163.2664794921875,-0.013371879439896261,0.14898469431678626,26.229999542236328
2015-09-10,3,164.1549530029297,0.005441861143240301,0.14903639077467348,24.3700008392334
2015-09-11,3,164.90084838867188,0.004543849406291489,0.1491004739987416,23.200000762939453
2015-09-14,3,164.28903198242188,-0.0037102077534977296,0.14903114059515077,24.25
2015-09-15,3,166.3426055908203,0.0124997608398969,0.14954704742024563,22.540000915527344
2015-09-16,3,167.78416442871094,0.008666203302337694,0.14960752145518214,21.350000381469727
2015-09-17,3,167.40699768066406,-0.0022479281601520684,0.14962100627753647,21.139999389648438
2015-09-18,3,164.6713409423828,-0.016341352369867113,0.15042795199358427,22.280000686645508
2015-09-21,3,165.52232360839844,0.005167764233567462,0.1505132291222209,20.139999389648438
2015-09-22,3,163.37384033203125,-0.012980021241425943,0.15087679530904122,22.440000534057617
2015-09-23,3,163.1127166748047,-0.0015983198821541977,0.15077548967671164,22.1299991607666
2015-09-24,3,162.52291870117188,-0.0036158920386856197,0.15061584863280233,23.469999313354492
2015-09-25,3,162.48085021972656,-0.0002588464555123293,0.1497435913771757,23.6200008392334
2015-09-28,3,158.4029998779297,-0.025097421242455953,0.15162880957803682,27.6299991607666
2015-09-29,3,158.49566650390625,0.0005850054989360309,0.15162016605289738,26.829999923706055
2015-09-30,3,161.45291137695312,0.01865820648777161,0.15274939168293253,24.5
2015-10-01,3,161.8741455078125,0.002609021585717297,0.15216203595029515,22.549999237060547
2015-10-02,3,164.29225158691406,0.014938185906808954,0.1528857944742768,20.940000534057617
2015-10-05,3,167.21575927734375,0.017794556116866422,0.15351946038448763,19.540000915527344
2015-10-06,3,166.642822265625,-0.0034263338228095463,0.15355573281851378,19.399999618530273
2015-10-07,3,168.0077667236328,0.008190838581886961,0.1529636027445859,18.399999618530273
2015-10-08,3,169.52426147460938,0.009026337178037469,0.15223844001490194,17.420000076293945
2015-10-09,3,169.62539672851562,0.0005965827724392359,0.15090212532350247,17.079999923706055
2015-10-12,3,169.78549194335938,0.0009438163030504043,0.1504444875819579,16.170000076293945
2015-10-13,3,168.71542358398438,-0.0063024722968201274,0.14964974943084045,17.670000076293945
2015-10-14,3,167.90664672851562,-0.0047937339591608286,0.14973469398181397,18.030000686645508
2015-10-15,3,170.48480224609375,0.015354696004064028,0.1503103992821764,16.049999237060547
2015-10-16,3,171.2598876953125,0.004546360960080875,0.15036035243192747,15.050000190734863
2015-10-19,3,171.34410095214844,0.000491727852734325,0.14992870911374498,14.979999542236328
2015-10-20,3,171.1251220703125,-0.0012780065413345865,0.14964798406902924,15.75
2015-10-21,3,170.06349182128906,-0.006203824641172417,0.14851394025478887,16.700000762939453
2015-10-22,3,172.9364776611328,0.01689360725853395,0.14925285144519265,14.449999809265137
2015-10-23,3,174.8321990966797,0.010961952395384778,0.14920414842131868,14.460000038146973
2015-10-26,3,174.4025421142578,-0.002457539198396086,0.14904916133465654,15.289999961853027
2015-10-27,3,174.06552124023438,-0.0019324309722655864,0.1490566116365498,15.430000305175781
2015-10-28,3,176.04539489746094,0.011374301143154408,0.14904943473557652,14.329999923706055
2015-10-29,3,175.94430541992188,-0.0005742239244482805,0.14904075760835797,14.609999656677246
2015-10-30,3,175.18606567382812,-0.004309544115588593,0.14898734995238191,15.069999694824219
2015-11-02,3,177.25863647460938,0.011830682953061444,0.14901760057587018,14.149999618530273
2015-11-03,3,177.77261352539062,0.0028995882006284113,0.14904022093958522,14.539999961853027
2015-11-04,3,177.23338317871094,-0.0030332588129649007,0.14902977693833344,15.510000228881836
2015-11-05,3,177.0564422607422,-0.0009983498300110139,0.1489128935314559,15.050000190734863
2015-11-06,3,176.9637451171875,-0.0005235457257080078,0.14886786596455984,14.329999923706055
2015-11-09,3,175.3125,-0.009330979721829613,0.14917448098020072,16.520000457763672
2015-11-10,3,175.7168426513672,0.002306410845588136,0.14916025241879521,15.289999961853027
2015-11-11,3,175.02597045898438,-0.003931735751441567,0.1492157014651744,16.059999465942383
2015-11-12,3,172.58270263671875,-0.013959458792649149,0.14988031277887043,18.3700008392334
2015-11-13,3,170.64483642578125,-0.011228623618304567,0.15030736314596976,20.079999923706055
2015-11-16,3,173.23985290527344,0.015207119851064599,0.1510654469546245,18.15999984741211
2015-11-17,3,173.11346435546875,-0.0007295581685455854,0.1510672189416659,18.84000015258789
2015-11-18,3,175.86004638671875,0.015865790922017453,0.15178011003411013,16.850000381469727
2015-11-19,3,175.70838928222656,-0.0008623738456129404,0.15177312669902351,16.989999771118164
2015-11-20,3,176.34873962402344,0.0036443925324949333,0.15180446777019135,15.470000267028809
2015-11-23,3,176.1465606689453,-0.0011464723564748036,0.1517219946637903,15.619999885559082
2015-11-24,3,176.38243103027344,0.001339057432812485,0.1517034961332278,15.930000305175781
2015-11-25,3,176.35716247558594,-0.0001432600431908737,0.1517011928056027,15.1899995803833
2015-11-27,3,176.55935668945312,0.0011465041228204687,0.15168540391912366,15.119999885559082
2015-11-30,3,175.82635498046875,-0.004151588013959762,0.15172969147136753,16.1299991607666
2015-12-01,3,177.5029754638672,0.00953566081481183,0.15185040407756648,14.670000076293945
2015-12-02,3,175.69154357910156,-0.01020507898547518,0.15207687390299496,15.90999984741211
2015-12-03,3,173.2313995361328,-0.01400263207239183,0.15268742440032287,18.110000610351562
2015-12-04,3,176.60986328125,0.01950260607582588,0.1539123560138354,14.8100004196167
2015-12-07,3,175.53993225097656,-0.0060581612509919,0.15403070809771469,15.84000015258789
2015-12-08,3,174.36036682128906,-0.006719641591299119,0.15403235147230454,17.600000381469727
2015-12-09,3,173.00390625,-0.007779638205736128,0.15423346447725503,19.610000610351562
2015-12-10,3,173.45050048828125,0.0025814112985165227,0.15339918744791434,19.34000015258789
2015-12-11,3,170.08880615234375,-0.01938128933888328,0.15456070836122154,24.389999389648438
2015-12-14,3,170.9481658935547,0.005052417973004264,0.15377630014131777,22.729999542236328
2015-12-15,3,172.7427215576172,0.01049765965421301,0.15395919201127226,20.950000762939453
2015-12-16,3,175.27037048339844,0.01463244820383447,0.15440567799941585,17.860000610351562
2015-12-17,3,172.59951782226562,-0.015238472160277627,0.15396829539620907,18.940000534057617
2015-12-18,3,169.52467346191406,-0.017814907012184578,0.15303472974285567,20.700000762939453
2015-12-21,3,170.92306518554688,0.00824889790421568,0.15319779781554202,18.700000762939453
2015-12-22,3,172.47406005859375,0.009074228053207234,0.15339690045869314,16.600000381469727
2015-12-23,3,174.60983276367188,0.012383153178817441,0.15388671213099014,15.569999694824219
2015-12-24,3,174.32168579101562,-0.001650233369424492,0.15389660525253507,15.739999771118164
2015-12-28,3,173.92340087890625,-0.0022847697364908326,0.15388246912497536,16.90999984741211
2015-12-29,3,175.77944946289062,0.010671643807590003,0.15424253138035474,16.079999923706055
2015-12-30,3,174.53358459472656,-0.007087659404844571,0.1543134128292306,17.290000915527344
2015-12-31,3,172.78761291503906,-0.01000364304521506,0.15431868266607884,18.209999084472656
2016-01-04,3,170.3722381591797,-0.013978865238719607,0.15495813026617694,20.700000762939453
2016-01-05,3,170.66038513183594,0.0016912789065259837,0.1538967623229067,19.34000015258789
2016-01-06,3,168.50758361816406,-0.012614535658107329,0.1541286199943823,20.59000015258789
2016-01-07,3,164.46478271484375,-0.023991803908845144,0.15549999829739813,24.989999771118164
2016-01-08,3,162.65960693359375,-0.010976062786523078,0.15485372435915234,27.010000228881836
2016-01-11,3,162.8206024169922,0.0009897692883529263,0.15465633431764775,24.299999237060547
2016-01-12,3,164.13426208496094,0.008068141552531438,0.15467703334645713,22.469999313354492
2016-01-13,3,160.0407257080078,-0.02494016986431624,0.1566438227549292,25.219999313354492
2016-01-14,3,162.66807556152344,0.016416757933909842,0.15740253154469824,23.950000762939453
2016-01-15,3,159.1762237548828,-0.021466116166844018,0.1585940857130952,27.020000457763672
2016-01-19,3,159.38809204101562,0.001331029730037292,0.1580452089227741,26.049999237060547
2016-01-20,3,157.34552001953125,-0.012815085464218723,0.15853496234303424,27.59000015258789
2016-01-21,3,158.22695922851562,0.005601933940508452,0.158554347041697,26.690000534057617
2016-01-22,3,161.47299194335938,0.02051504200466714,0.1591922319654412,22.34000015258789
2016-01-25,3,159.03211975097656,-0.015116287640468129,0.15980467327456244,24.149999618530273
2016-01-26,3,161.20179748535156,0.01364301587485861,0.16038503710490293,22.5
2016-01-27,3,159.44741821289062,-0.01088312475312414,0.1602135428339199,23.110000610351562
2016-01-28,3,160.2779541015625,0.005208838738065769,0.15979729801200454,22.420000076293945
2016-01-29,3,164.18511962890625,0.024377435744331377,0.16139375942633982,20.200000762939453
2016-02-01,3,164.12583923339844,-0.00036105827155230585,0.16090229047354526,19.979999542236328
2016-02-02,3,161.1679229736328,-0.018022246061811464,0.1614277404281857,21.979999542236328
2016-02-03,3,162.13412475585938,0.005995000521193283,0.1608818179655588,21.649999618530273
2016-02-04,3,162.38836669921875,0.001568096437083888,0.16084855031119769,21.84000015258789
2016-02-05,3,159.29483032226562,-0.019050233953538553,0.16162928369948168,23.3799991607666
2016-02-08,3,157.1505889892578,-0.013460834407933109,0.1621505321439715,26.0
2016-02-09,3,157.15902709960938,5.3694423965078286e-05,0.16209600510494898,26.540000915527344
2016-02-10,3,157.02342224121094,-0.0008628512208368466,0.1617264103985483,26.290000915527344
2016-02-11,3,154.9809112548828,-0.013007683549213,0.16222191810530495,28.139999389648438
2016-02-12,3,158.1761016845703,0.020616670813301985,0.16327046648717397,25.399999618530273
2016-02-16,3,160.84580993652344,0.016878075913622892,0.16411469718394336,24.110000610351562
2016-02-17,3,163.4732208251953,0.01633496632401399,0.16494233557837162,22.309999465942383
2016-02-18,3,162.80364990234375,-0.0040959058582906716,0.16498792944073623,21.639999389648438
2016-02-19,3,162.72735595703125,-0.00046862552134585567,0.16498737714524042,20.530000686645508
2016-02-22,3,165.0835418701172,0.014479347367434059,0.165525317809014,19.3799991607666
2016-02-23,3,162.9985809326172,-0.012629732279068606,0.1659923372209287,20.979999542236328
2016-02-24,3,163.7444305419922,0.00457580431134752,0.1660336889763588,20.719999313354492
2016-02-25,3,165.72764587402344,0.012111650609836433,0.16649034347516561,19.110000610351562
2016-02-26,3,165.34625244140625,-0.0023013265566271812,0.16650088970061994,19.809999465942383
2016-02-29,3,164.04949951171875,-0.007842650864718137,0.16664617144871613,20.549999237060547
2016-03-01,3,167.90585327148438,0.023507257085475963,0.16820059487631253,17.700000762939453
2016-03-02,3,168.6601104736328,0.004492143587924158,0.16821642965504435,17.09000015258789
2016-03-03,3,169.3212127685547,0.0039197311863805595,0.1682132007147468,16.700000762939453
2016-03-04,3,169.87208557128906,0.0032534187165749184,0.16824199730206676,16.860000610351562
2016-03-07,3,170.00775146484375,0.000798635591588992,0.1676550717257416,17.350000381469727
2016-03-08,3,168.15158081054688,-0.010918153074218617,0.16795780990234893,18.670000076293945
2016-03-09,3,168.9822235107422,0.004939844729328957,0.16724468301096146,18.34000015258789
2016-03-10,3,169.1177978515625,0.0008022994253693572,0.16722953912562824,18.049999237060547
2016-03-11,3,171.84689331054688,0.01613724571662023,0.16752482558759238,16.5
2016-03-14,3,171.62652587890625,-0.001282347486156743,0.16741522864834976,16.920000076293945
2016-03-15,3,171.34686279296875,-0.0016294863775010437,0.16689091909644962,16.84000015258789
2016-03-16,3,172.3384552001953,0.00578704734398694,0.16696349645492137,14.989999771118164
2016-03-17,3,173.43179321289062,0.006344132604793495,0.16665089923475185,14.4399995803833
2016-03-18,3,174.11331176757812,0.003929605651086909,0.1666326142311749,14.020000457763672
2016-03-21,3,174.36032104492188,0.0014186696860576387,0.1664057576108294,13.789999961853027
2016-03-22,3,174.26661682128906,-0.0005374171317834575,0.16639490111117236,14.170000076293945
2016-03-23,3,173.1165771484375,-0.0065993114104632156,0.1664312341430354,14.9399995803833
2016-03-24,3,173.03990173339844,-0.0004429120324700442,0.1657778689185444,14.739999771118164
2016-03-28,3,173.14218139648438,0.0005910755962144076,0.16576007304405055,15.239999771118164
2016-03-29,3,174.74368286132812,0.009249632018765164,0.1659983760589625,13.819999694824219
2016-03-30,3,175.51043701171875,0.004387879080007151,0.16561130692701354,13.5600004196167
2016-03-31,3,175.0845184326172,-0.002426742171880769,0.16539338348419313,13.949999809265137
2016-04-01,3,176.27719116210938,0.00681198280789852,0.16548737701975882,13.100000381469727
2016-04-04,3,175.70639038085938,-0.0032380864335708193,0.16548605259968333,14.119999885559082
2016-04-05,3,173.95147705078125,-0.009987760412550672,0.16566130597960033,15.420000076293945
2016-04-06,3,175.85122680664062,0.010921147598561554,0.16599336566512218,14.09000015258789
2016-04-07,3,173.74696350097656,-0.011966156528312566,0.1663998819180269,16.15999984741211
2016-04-08,3,174.2154998779297,0.002696659368959242,0.16636338951504218,15.359999656677246
2016-04-11,3,173.80661010742188,-0.0023470343958735818,0.16629195398482577,16.260000228881836
2016-04-12,3,175.42523193359375,0.009312774843094118,0.16648766269083473,14.850000381469727
2016-04-13,3,177.19725036621094,0.010101274560594398,0.1667793670923417,13.84000015258789
2016-04-14,3,177.2057342529297,4.787820748464178e-05,0.16672149531726196,13.720000267028809
2016-04-15,3,177.0098114013672,-0.0011056236548353526,0.16672538287335967,13.619999885559082
2016-04-18,3,178.25357055664062,0.007026498392528335,0.1664612866352404,13.350000381469727
2016-04-19,3,178.81588745117188,0.0031545897946125834,0.16624486371384717,13.239999771118164
2016-04-20,3,178.98617553710938,0.0009523095982397756,0.16624145696689543,13.279999732971191
2016-04-21,3,178.02359008789062,-0.005377987692793518,0.16626380167821506,13.949999809265137
2016-04-22,3,178.02359008789062,0.0,0.16624624217842432,13.220000267028809
2016-04-25,3,177.71693420410156,-0.0017225575758677003,0.16624111705530323,14.079999923706055
2016-04-26,3,177.98098754882812,0.0014858085747939676,0.16619242553868166,13.960000038146973
2016-04-27,3,178.34727478027344,0.002058013254617075,0.16617537636348723,13.770000457763672
2016-04-28,3,176.72862243652344,-0.009075845682218642,0.16637562004071085,15.220000267028809
2016-04-29,3,175.7745361328125,-0.005398595261803862,0.16615798691603778,15.699999809265137
2016-05-02,3,177.17166137695312,0.007948393862265535,0.16599528647965942,14.680000305175781
2016-05-03,3,175.629638671875,-0.008703551646429997,0.16620414092452837,15.600000381469727
2016-05-04,3,174.65000915527344,-0.005577814337087927,0.1658998756244741,16.049999237060547
2016-05-05,3,174.61593627929688,-0.0001950923228768442,0.16584700643251718,15.90999984741211
2016-05-06,3,175.25491333007812,0.0036593283774466467,0.1658395233293858,14.720000267028809
2016-05-09,3,175.399658203125,0.0008259104997203615,0.16532001544699343,14.569999694824219
2016-05-10,3,177.58055114746094,0.012433849453744816,0.16571322431583588,13.630000114440918
2016-05-11,3,175.9193572998047,-0.009354593377046139,0.1659542919227007,14.6899995803833
2016-05-12,3,175.97047424316406,0.000290570316672234,0.16595439406710627,14.40999984741211
2016-05-13,3,174.43702697753906,-0.008714230453831795,0.1658591484110373,15.039999961853027
2016-05-16,3,176.1578826904297,0.009865197445220186,0.1661491555173622,14.680000305175781
2016-05-17,3,174.51370239257812,-0.009333560739606228,0.1663835320606008,15.569999694824219
2016-05-18,3,174.56480407714844,0.000292823336332404,0.16638352769918055,15.949999809265137
2016-05-19,3,173.9599609375,-0.003464863050979816,0.1664178995371847,16.329999923706055
2016-05-20,3,175.0589141845703,0.006317276924804327,0.16651307501919782,15.199999809265137
2016-05-23,3,174.82040405273438,-0.0013624563647439691,0.1665015387064604,15.819999694824219
2016-05-24,3,177.08648681640625,0.012962347135339503,0.16665404923626362,14.420000076293945
2016-05-25,3,178.28762817382812,0.006782795113368323,0.16652246859599756,13.899999618530273
2016-05-26,3,178.3387451171875,0.00028671054678874874,0.16651822025208493,13.430000305175781
2016-05-27,3,179.1055145263672,0.004299511071897744,0.1664511799346076,13.119999885559082
2016-05-31,3,178.76475524902344,-0.0019025616170716964,0.16645229507278733,14.1899995803833
2016-06-01,3,179.1310577392578,0.0020490755558841833,0.1664599307450085,14.199999809265137
2016-06-02,3,179.67626953125,0.0030436474772890243,0.16646641347784388,13.630000114440918
2016-06-03,3,179.13958740234375,-0.0029869394011038386,0.1662737538192979,13.470000267028809
2016-06-06,3,180.0511474609375,0.005088546154493612,0.16633669375008553,13.649999618530273
2016-06-07,3,180.33224487304688,0.001561208668055647,0.16622134156929272,14.050000190734863
2016-06-08,3,180.9200439453125,0.0032595339379235533,0.1662491343190582,14.079999923706055
2016-06-09,3,180.6730194091797,-0.0013653795939132518,0.16583491455503022,14.640000343322754
2016-06-10,3,178.960693359375,-0.009477486209087393,0.16608549580722612,17.030000686645508
2016-06-13,3,177.58055114746094,-0.007711985162812129,0.16608819016408533,20.969999313354492
2016-06-14,3,177.23133850097656,-0.001966502774250256,0.16604278444348175,20.5
2016-06-15,3,176.98426818847656,-0.0013940554452148701,0.1659631240978243,20.139999389648438
2016-06-16,3,177.51239013671875,0.0029840050398139972,0.1659813716108115,19.3700008392334
2016-06-17,3,176.85134887695312,-0.0037239161686488664,0.16570184419220435,19.40999984741211
2016-06-20,3,177.99026489257812,0.006439962278248723,0.1657637101584459,18.3700008392334
2016-06-21,3,178.4955291748047,0.0028387186374012607,0.16570971729783374,18.479999542236328
2016-06-22,3,178.204345703125,-0.0016313208124922873,0.16571724856820794,21.170000076293945
2016-06-23,3,180.52503967285156,0.013022656437305269,0.16605790419432565,17.25
2016-06-24,3,174.04254150390625,-0.03590913582233757,0.1698995318644913,25.760000228881836
2016-06-27,3,170.9254608154297,-0.01790987801914279,0.17084245089418612,23.850000381469727
2016-06-28,3,174.00831604003906,0.01803625516000995,0.17050072544151634,18.75
2016-06-29,3,176.97119140625,0.017027205559124958,0.17132805475671137,16.639999389648438
2016-06-30,3,179.38609313964844,0.013645733603357302,0.17167944701633506,15.630000114440918
2016-07-01,3,179.76290893554688,0.002100585331356264,0.17168659612278317,14.770000457763672
2016-07-05,3,178.4698486328125,-0.007193142959196264,0.17181884395075894,15.579999923706055
2016-07-06,3,179.54025268554688,0.005997674458371183,0.17180870808703566,14.960000038146973
2016-07-07,3,179.4288787841797,-0.000620328309118845,0.1709658211017085,14.760000228881836
2016-07-08,3,182.10064697265625,0.014890402295219207,0.17158577354502355,13.199999809265137
2016-07-11,3,182.74293518066406,0.0035271055797196915,0.17117228134501736,13.539999961853027
2016-07-12,3,184.0702667236328,0.007263380888878235,0.17097512412964144,13.550000190734863
2016-07-13,3,184.04464721679688,-0.00013918329826945186,0.17092598477966306,13.039999961853027
2016-07-14,3,185.0722198486328,0.005583279097628457,0.17100906808210314,12.819999694824219
2016-07-15,3,184.82386779785156,-0.001341919662412705,0.1708377342018323,12.670000076293945
2016-07-18,3,185.32057189941406,0.0026874456609995434,0.17085455130470226,12.4399995803833
2016-07-19,3,185.13217163085938,-0.0010166182125583845,0.17085871752695947,11.970000267028809
2016-07-20,3,185.90281677246094,0.004162675427035856,0.17085299536598383,11.770000457763672
2016-07-21,3,185.2006378173828,-0.00377712918646933,0.17088821763898626,12.739999771118164
2016-07-22,3,186.0313262939453,0.004485343497475425,0.17083911429613338,12.020000457763672
2016-07-25,3,185.52606201171875,-0.0027160172014696338,0.17053139648818622,12.869999885559082
2016-07-26,3,185.61172485351562,0.00046172942425459773,0.17042064434169843,13.050000190734863
2016-07-27,3,185.4147186279297,-0.0010613889060155923,0.17000285467495593,12.829999923706055
2016-07-28,3,185.6288604736328,0.0011549344479648838,0.1698759693853917,12.720000267028809
2016-07-29,3,185.92852783203125,0.0016143360339218038,0.16988141714771057,11.869999885559082
2016-08-01,3,185.77439880371094,-0.000828969228754195,0.16987558125173596,12.4399995803833
2016-08-02,0,184.58407592773438,-0.0064073568997752295,0.16996784271368734,13.369999885559082
2016-08-03,0,185.12355041503906,0.0029226491212377415,0.1699743108942067,12.859999656677246
2016-08-04,0,185.32057189941406,0.0010642702343017785,0.16994906535740956,12.420000076293945
2016-08-05,0,186.83628845214844,0.008178889894409958,0.16992031800023696,11.390000343322754
2016-08-08,0,186.72496032714844,-0.0005958592194391654,0.16990791235005917,11.5
2016-08-09,0,186.83628845214844,0.0005962144793334456,0.16946112148748033,11.65999984741211
2016-08-10,0,186.3738555908203,-0.00247506983337753,0.16922643801011256,12.050000190734863
2016-08-11,0,187.23875427246094,0.004640665284832091,0.16927960759756058,11.680000305175781
2016-08-12,0,187.07606506347656,-0.0008688864098488347,0.16927653158020722,11.550000190734863
2016-08-15,0,187.6155548095703,0.0028837988756642563,0.1692632974557962,11.8100004196167
2016-08-16,0,186.64788818359375,-0.005157710014815908,0.1692687188924962,12.640000343322754
2016-08-17,0,186.9989471435547,0.0018808622126793573,0.16924616546571458,12.1899995803833
2016-08-18,0,187.4185791015625,0.002244033800284928,0.1690565096786046,11.430000305175781
2016-08-19,0,187.14456176757812,-0.0014620606734825348,0.16771949461394856,11.34000015258789
2016-08-22,0,187.13601684570312,-4.5659471984094147e-05,0.1648982045577361,12.270000457763672
2016-08-23,0,187.5127716064453,0.0020132669653476487,0.1592494299389033,12.380000114440918
2016-08-24,0,186.55368041992188,-0.005114804598677636,0.15886462759559872,13.449999809265137
2016-08-25,0,186.4252471923828,-0.0006884518560553721,0.1543053704117012,13.630000114440918
2016-08-26,0,186.07415771484375,-0.0018832721577499711,0.1524061762588164,13.649999618530273
2016-08-29,0,186.99038696289062,0.0049240005130157805,0.1524704617454664,12.9399995803833
2016-08-30,0,186.68212890625,-0.0016485235505812046,0.15224288605049502,13.119999885559082
2016-08-31,0,186.15115356445312,-0.0028442751585693316,0.14919955405109783,13.420000076293945
2016-09-01,0,186.1597900390625,4.6394956163320344e-05,0.14805808075964216,13.479999542236328
2016-09-02,0,186.9989471435547,0.004507724811658287,0.14811084986656328,11.979999542236328
2016-09-06,0,187.5641632080078,0.003022562816993979,0.14728875143584652,12.020000457763672
2016-09-07,0,187.54702758789062,-9.135871066257018e-05,0.14522295965009788,11.9399995803833
2016-09-08,0,187.11883544921875,-0.002283118768551029,0.14457848725792258,12.510000228881836
2016-09-09,0,182.6402130126953,-0.0239346425268816,0.1465581321204128,17.5
2016-09-12,0,185.26055908203125,0.014347037961206288,0.14715861464435517,15.15999984741211
2016-09-13,0,182.5973663330078,-0.014375389787332993,0.14785017149635746,17.850000381469727
2016-09-14,0,182.52886962890625,-0.0003751242719275405,0.14735755091665334,18.139999389648438
2016-09-15,0,184.3528594970703,0.009992884259198975,0.1474381149861889,16.299999237060547
2016-09-16,0,183.64024353027344,-0.003865499937136585,0.1474763352052383,15.369999885559082
2016-09-19,0,183.67465209960938,0.0001873694386071989,0.14651447717183366,15.529999732971191
2016-09-20,0,183.68331909179688,4.718665362046792e-05,0.14643931038790206,15.920000076293945
2016-09-21,0,185.7489013671875,0.011245344899056153,0.14621141481777983,13.300000190734863
2016-09-22,0,186.9193878173828,0.006301444808448631,0.14630816100731833,12.020000457763672
2016-09-23,0,185.89517211914062,-0.0054794513838384296,0.14637371171593466,12.289999961853027
2016-09-26,0,184.38902282714844,-0.00810214313165103,0.14662852680557914,14.5
2016-09-27,0,185.53369140625,0.00620789980634906,0.14445790693303207,13.100000381469727
2016-09-28,0,186.45460510253906,0.004963592807910144,0.14452169986809058,12.390000343322754
2016-09-29,0,184.7677459716797,-0.00904702316111583,0.14371603355643203,14.020000457763672
2016-09-30,0,186.16197204589844,0.007545830398518083,0.14387084768915936,13.289999961853027
2016-10-03,0,185.7144317626953,-0.002404037077415433,0.14317868733513603,13.569999694824219
2016-10-04,0,184.7677459716797,-0.005097534865924125,0.14223380849043749,13.630000114440918
2016-10-05,0,185.58535766601562,0.00442507803532588,0.1422364453277965,12.989999771118164
2016-10-06,0,185.7144317626953,0.0006954972003339055,0.1420251569212592,12.84000015258789
2016-10-07,0,185.07752990722656,-0.0034294688324630895,0.14181495436903116,13.479999542236328
2016-10-10,0,186.04147338867188,0.005208322598256654,0.1418967198286856,13.380000114440918
2016-10-11,0,183.69187927246094,-0.012629410385834983,0.14249304282285447,15.359999656677246
2016-10-12,0,183.93289184570312,0.001312048056760995,0.14233936008638862,15.90999984741211
2016-10-13,0,183.33038330078125,-0.0032756976681870276,0.14229201927307336,16.690000534057617
2016-10-14,0,183.4250946044922,0.0005166154240541232,0.14149660755478022,16.1200008392334
2016-10-17,0,182.7881622314453,-0.0034724385691077275,0.14148392610822658,16.209999084472656
2016-10-18,0,183.93289184570312,0.006262602568367415,0.14160948823285593,15.279999732971191
2016-10-19,0,184.42347717285156,0.0026671973795746595,0.14161971649220426,14.40999984741211
2016-10-20,0,184.07920837402344,-0.0018667297900768487,0.14148496182469394,13.75
2016-10-21,0,184.165283203125,0.0004675966930858255,0.14050723140728114,13.34000015258789
2016-10-24,0,184.9484405517578,0.004252470036760547,0.14015529045263367,13.020000457763672
2016-10-25,0,184.3287811279297,-0.0033504441669228724,0.1401755288704438,13.460000038146973
2016-10-26,0,183.9586944580078,-0.002007753035946247,0.1401767311196151,14.239999771118164
2016-10-27,0,183.4680938720703,-0.002666906217088205,0.13976145191973144,15.359999656677246
2016-10-28,0,182.9259033203125,-0.0029552307451118365,0.13979501600502217,16.190000534057617
2016-10-31,0,182.93450927734375,4.70461365780217e-05,0.13972200074721106,17.059999465942383
2016-11-01,0,181.60906982421875,-0.0072454314845293855,0.13943109480474386,18.559999465942383
2016-11-02,0,180.51602172851562,-0.006018686714056143,0.1395387170636276,19.31999969482422
2016-11-03,0,179.6897735595703,-0.004577145901142998,0.13958204897821955,22.079999923706055
2016-11-04,0,179.49185180664062,-0.0011014636448638537,0.1395828966377815,22.510000228881836
2016-11-07,0,183.450927734375,0.022057134560065306,0.14129871446082326,18.709999084472656
2016-11-08,0,184.2771453857422,0.004503752919491788,0.14104058918922285,18.739999771118164
2016-11-09,0,186.23085021972656,0.010601992069579458,0.14140625963977538,14.380000114440918
2016-11-10,0,186.69561767578125,0.002495652334220333,0.14136057178070316,14.739999771118164
2016-11-11,0,186.2652587890625,-0.0023051365215551733,0.14065931112959,14.170000076293945
2016-11-14,0,186.4115753173828,0.0007855277429165142,0.14017935769718812,14.479999542236328
2016-11-15,0,187.8660888671875,0.007802699737547103,0.1395878715522187,13.369999885559082
2016-11-16,0,187.51319885253906,-0.001878412526583828,0.13960160390039053,13.720000267028809
2016-11-17,0,188.47714233398438,0.0051406700293314955,0.13881504014154514,13.350000381469727
2016-11-18,0,188.0554656982422,-0.0022372826249401623,0.138833537277479,12.850000381469727
2016-11-21,0,189.47552490234375,0.007551278548745932,0.13898270028224902,12.420000076293945
2016-11-22,0,189.84567260742188,0.0019535383541959828,0.13898436175849366,12.40999984741211
2016-11-23,0,189.9488983154297,0.0005437348483643412,0.13898087160456413,12.430000305175781
2016-11-25,0,190.6546630859375,0.0037155507442629965,0.1390211782948972,12.34000015258789
2016-11-28,0,189.75955200195312,-0.004694934125901273,0.13911017317249857,13.149999618530273
2016-11-29,0,190.129638671875,0.0019502927047281293,0.13904686583848008,12.899999618530273
2016-11-30,0,189.6735076904297,-0.0023990524814098135,0.13876709503820445,13.329999923706055
2016-12-01,0,188.9763641357422,-0.0036754924985377135,0.13842395257631324,14.069999694824219
2016-12-02,0,189.07098388671875,0.0005006962188593977,0.13767432487692902,14.119999885559082
2016-12-05,0,190.20713806152344,0.006009140860479212,0.1364489153565743,12.140000343322754
2016-12-06,0,190.8095703125,0.0031672431282874225,0.13632701607300474,11.789999961853027
2016-12-07,0,193.30557250976562,0.013081116388333092,0.13673087357511438,12.220000267028809
2016-12-08,0,193.77886962890625,0.002448440119938722,0.13649542625311203,12.640000343322754
2016-12-09,0,194.94940185546875,0.006040556582893153,0.13659251254017296,11.75
2016-12-12,0,194.72560119628906,-0.0011479935667902952,0.13513714990636908,12.640000343322754
2016-12-13,0,196.02523803710938,0.006674196062746995,0.13520083684332712,12.720000267028809
2016-12-14,0,194.40719604492188,-0.008254253423639168,0.13512013407508228,13.1899995803833
2016-12-15,0,195.20762634277344,0.004117287395403846,0.13442370765803632,12.789999961853027
2016-12-16,0,194.82582092285156,-0.00195589397338114,0.13351919665676523,12.199999809265137
2016-12-19,0,195.24998474121094,0.0021771437499926716,0.13225425959522225,11.710000038146973
2016-12-20,0,196.00320434570312,0.0038577191465112293,0.13207190595735407,11.449999809265137
2016-12-21,0,195.45779418945312,-0.002782659385955899,0.13183813514172243,11.270000457763672
2016-12-22,0,195.12014770507812,-0.0017274649280433207,0.13131864707609353,11.430000305175781
2016-12-23,0,195.40585327148438,0.0014642545619536484,0.1313049755239658,11.4399995803833
2016-12-27,0,195.89064025878906,0.002480923571061888,0.1312904464532963,11.989999771118164
2016-12-28,0,194.27171325683594,-0.008264442853494036,0.13118397973978865,12.949999809265137
2016-12-29,0,194.2284698486328,-0.00022259240667710234,0.13096839702733679,13.369999885559082
2016-12-30,0,193.51852416992188,-0.003655209142430116,0.13061263395919426,14.039999961853027
2017-01-03,0,194.9989776611328,0.007650190066099238,0.12999757006774856,12.850000381469727
2017-01-04,0,196.1590576171875,0.005949159169801765,0.13010415024856173,11.850000381469727
2017-01-05,0,196.00320434570312,-0.0007945249807863597,0.12943528308637436,11.670000076293945
2017-01-06,0,196.70445251464844,0.0035777382889541354,0.1270840869307787,11.319999694824219
2017-01-09,0,196.05517578125,-0.003300772936749241,0.126604387692862,11.5600004196167
2017-01-10,0,196.05517578125,0.0,0.12660655526532405,11.489999771118164
2017-01-11,0,196.60923767089844,0.002826050816769232,0.1264115098606424,11.260000228881836
2017-01-12,0,196.11572265625,-0.0025101313676548775,0.1237982203262732,11.539999961853027
2017-01-13,0,196.56593322753906,0.0022956373165357036,0.12281552557713046,11.229999542236328
2017-01-17,0,195.8733673095703,-0.0035233262783488373,0.12084724469875634,11.869999885559082
2017-01-18,0,196.3062286376953,0.0022099039500396156,0.12085393471570402,12.479999542236328
2017-01-19,0,195.5789794921875,-0.003704666686099034,0.12016065604374841,12.779999732971191
2017-01-20,0,196.2975311279297,0.0036739716998619443,0.12010023798155563,11.539999961853027
2017-01-23,0,195.7867889404297,-0.002601877795228802,0.11852107544592053,11.770000457763672
2017-01-24,0,197.0421142578125,0.006411695723580024,0.11757122561269269,11.069999694824219
2017-01-25,0,198.74755859375,0.008655227550522948,0.11713251811944399,10.8100004196167
2017-01-26,0,198.53982543945312,-0.001045211099782617,0.11655414095854465,10.630000114440918
2017-01-27,0,198.22817993164062,-0.0015696876287802919,0.1164994966896273,10.579999923706055
2017-01-30,0,196.99879455566406,-0.0062018698673443895,0.11429718551862288,11.880000114440918
2017-01-31,0,196.98143005371094,-8.81452193263188e-05,0.11429484988098657,11.989999771118164
2017-02-01,0,197.05941772460938,0.0003959138223190717,0.11273099670590239,11.8100004196167
2017-02-02,0,197.1892547607422,0.0006588725250080696,0.11261144877483421,11.930000305175781
2017-02-03,0,198.54849243164062,0.006893061554229529,0.11277359429684987,10.970000267028809
2017-02-06,0,198.19349670410156,-0.001787954787223045,0.11102707978437187,11.369999885559082
2017-02-07,0,198.20216369628906,4.3729952453608334e-05,0.1100917344094894,11.289999961853027
2017-02-08,0,198.46188354492188,0.001310378473116991,0.11008868803541921,11.449999809265137
2017-02-09,0,199.6393280029297,0.005932849356139913,0.11018601873843968,10.880000114440918
2017-02-10,0,200.42713928222656,0.0039461727665468516,0.10932659114470593,10.850000381469727
2017-02-13,0,201.51797485351562,0.005442554212945261,0.10763927160547276,11.069999694824219
2017-02-14,0,202.32310485839844,0.0039953260023979364,0.10649430668011518,10.739999771118164
2017-02-15,0,203.37925720214844,0.005220127204399905,0.10545538301848292,11.970000267028809
2017-02-16,0,203.2061767578125,-0.0008510230921136008,0.1053512523184296,11.760000228881836
2017-02-17,0,203.52645874023438,0.0015761429476801592,0.10534438664286738,11.489999771118164
2017-02-21,0,204.73854064941406,0.00595540214614898,0.10458417373426114,11.569999694824219
2017-02-22,0,204.55670166015625,-0.0008881522193184832,0.10371733661904417,11.739999771118164
2017-02-23,0,204.6952362060547,0.0006772427633712219,0.10365273327141672,11.710000038146973
2017-02-24,0,204.95492553710938,0.001268663286297933,0.10304133689788464,11.470000267028809
2017-02-27,0,205.2752685546875,0.0015629925298874525,0.10299459106921487,12.09000015258789
2017-02-28,0,204.72116088867188,-0.0026993396229220146,0.10268523760223906,12.920000076293945
2017-03-01,0,207.58682250976562,0.013997876959344291,0.10100997087750878,12.539999961853027
2017-03-02,0,206.27951049804688,-0.006297663772262041,0.10119680804626607,11.8100004196167
2017-03-03,0,206.4093780517578,0.0006295707867318701,0.10114908785244942,10.960000038146973
2017-03-06,0,205.79470825195312,-0.0029779160501639534,0.10118968032351816,11.239999771118164
2017-03-07,0,205.18003845214844,-0.002986810521153682,0.10125982990167713,11.449999809265137
2017-03-08,0,204.79908752441406,-0.0018566666163444268,0.10061338892935502,11.859999656677246
2017-03-09,0,205.05885314941406,0.0012683924920759981,0.10052877341810869,12.300000190734863
2017-03-10,0,205.77740478515625,0.0035041239366466748,0.10056545494423831,11.65999984741211
2017-03-13,0,205.8813018798828,0.0005049004035939664,0.09937968547299196,11.350000381469727
2017-03-14,0,205.09344482421875,-0.003826753806539074,0.09946412544047177,12.300000190734863
2017-03-15,0,206.86819458007812,0.00865337142969369,0.09975068006965157,11.630000114440918
2017-03-16,0,206.46133422851562,-0.0019667612625923203,0.09966027096049275,11.210000038146973
2017-03-17,0,206.09873962402344,-0.001756234918499855,0.09953180842450611,11.279999732971191
2017-03-20,0,205.8726806640625,-0.0010968478525066327,0.09949521062081021,11.34000015258789
2017-03-21,0,203.2293701171875,-0.012839540138831151,0.10040707376086089,12.470000267028809
2017-03-22,0,203.70758056640625,0.002353057773800016,0.10041499111033915,12.8100004196167
2017-03-23,0,203.49021911621094,-0.001067026811623517,0.10016667094674672,13.119999885559082
2017-03-24,0,203.34242248535156,-0.0007263082790970321,0.10017020906461975,12.960000038146973
2017-03-27,0,203.13369750976562,-0.0010264703893796412,0.10018439263327114,12.5
2017-03-28,0,204.61187744140625,0.007276881924376699,0.10003377011378722,11.529999732971191
2017-03-29,0,204.80316162109375,0.0009348635185768561,0.09996366997984132,11.420000076293945
2017-03-30,0,205.45530700683594,0.0031842544840627873,0.09994874265160072,11.539999961853027
2017-03-31,0,204.9770965576172,-0.0023275643554091507,0.0998012300511063,12.369999885559082
2017-04-03,0,204.62054443359375,-0.0017394729948436716,0.09975432966330255,12.380000114440918
2017-04-04,0,204.7509765625,0.0006374341797754646,0.09918371511171888,11.789999961853027
2017-04-05,0,204.14231872558594,-0.0029726736699019485,0.09871353787026049,12.890000343322754
2017-04-06,0,204.71624755859375,0.002811415274357243,0.09792611930835157,12.390000343322754
2017-04-07,0,204.507568359375,-0.0010193582664171918,0.09791941681945092,12.869999885559082
2017-04-10,0,204.62925720214844,0.0005950334442370586,0.09787303554976673,14.050000190734863
2017-04-11,0,204.38583374023438,-0.0011895828839059153,0.09750438827982925,15.069999694824219
2017-04-12,0,203.49021911621094,-0.004381979942708392,0.09716631392623282,15.770000457763672
2017-04-13,0,202.16854858398438,-0.006495007661630026,0.09742142317468,15.960000038146973
2017-04-17,0,203.95977783203125,0.008860078684804762,0.09776134329700097,14.65999984741211
2017-04-18,0,203.35107421875,-0.0029844296740828558,0.09761118428548254,14.420000076293945
2017-04-19,0,202.97720336914062,-0.0018385486825960307,0.09760470342802975,14.930000305175781
2017-04-20,0,204.62925720214844,0.008139110233001512,0.0979006590685889,14.149999618530273
2017-04-21,0,203.97714233398438,-0.0031868114905966305,0.09779190309420908,14.630000114440918
2017-04-24,0,206.22047424316406,0.010997957337330222,0.09834563326335562,10.84000015258789
2017-04-25,0,207.42044067382812,0.005818852056605817,0.09845569573577373,10.760000228881836
2017-04-26,0,207.28993225097656,-0.0006291975006300632,0.09846001358174203,10.850000381469727
2017-04-27,0,207.46385192871094,0.0008390165207048383,0.09844973822904388,10.359999656677246
2017-04-28,0,207.01168823242188,-0.0021794818330300725,0.09800843358316916,10.819999694824219
2017-05-01,0,207.5334014892578,0.002520211594285282,0.0978377930473171,10.109999656677246
2017-05-02,0,207.61166381835938,0.0003771071477649546,0.0975655222575492,10.59000015258789
2017-05-03,0,207.35951232910156,-0.001214534311898885,0.0971312886616319,10.680000305175781
2017-05-04,0,207.60296630859375,0.001174067091293196,0.096929161363774,10.460000038146973
2017-05-05,0,208.4203643798828,0.003937314026978056,0.0969787222276915,10.569999694824219
2017-05-08,0,208.38552856445312,-0.00016714209061741148,0.09693781011540618,9.770000457763672
2017-05-09,0,208.19422912597656,-0.0009180073097897479,0.09695132907419822,9.960000038146973
2017-05-10,0,208.56813049316406,0.001795925702442247,0.09623961085459594,10.210000038146973
2017-05-11,0,208.14210510253906,-0.0020426197886400654,0.09575248324705532,10.600000381469727
2017-05-12,0,207.7943115234375,-0.001670942930697361,0.09578069940909713,10.399999618530273
2017-05-15,0,208.9420166015625,0.005523274769702047,0.09543656637785886,10.420000076293945
2017-05-16,0,208.75071716308594,-0.0009155623248403577,0.09500898856758239,10.649999618530273
2017-05-17,0,205.04661560058594,-0.017744138141600585,0.09626398670288148,15.59000015258789
2017-05-18,0,205.8726806640625,0.0040286695835334285,0.09632221656187494,14.65999984741211
2017-05-19,0,207.21170043945312,0.00650411589858102,0.09640807242822137,12.039999961853027
2017-05-22,0,208.26380920410156,0.005077458282602532,0.09634366132407683,10.930000305175781
2017-05-23,0,208.72463989257812,0.0022127257262682942,0.09633286331722483,10.720000267028809
2017-05-24,0,209.21156311035156,0.002332849720205754,0.09556020848575808,10.020000457763672
2017-05-25,0,210.21145629882812,0.004779339982987185,0.09545268954231718,9.989999771118164
2017-05-26,0,210.16806030273438,-0.00020643972910805442,0.09545596143961148,9.8100004196167
2017-05-30,0,209.9854278564453,-0.0008689828798248422,0.09539856252772048,10.380000114440918
2017-05-31,0,209.9332733154297,-0.0002483721920517601,0.09536847192941678,10.40999984741211
2017-06-01,0,211.60267639160156,0.007952065195799385,0.09563735033879527,9.890000343322754
2017-06-02,0,212.30699157714844,0.0033284795710402104,0.09564484347675654,9.75
2017-06-05,0,212.15052795410156,-0.0007369687728349117,0.09558467009566113,10.069999694824219
2017-06-06,0,211.47227478027344,-0.00319703740720767,0.09556093419879912,10.449999809265137
2017-06-07,0,211.86358642578125,0.0018504158330656661,0.09556412037058198,10.390000343322754
2017-06-08,0,211.9678955078125,0.000492340773565525,0.09552853954047569,10.15999984741211
2017-06-09,0,211.64622497558594,-0.0015175436424272881,0.09553187853540064,10.699999809265137
2017-06-12,0,211.60267639160156,-0.00020576121303084172,0.09499383761786089,11.460000038146973
2017-06-13,0,212.637451171875,0.004890178129687062,0.09471120103777222,10.420000076293945
2017-06-14,0,212.36785888671875,-0.0012678494953287656,0.09469378380646615,10.640000343322754
2017-06-15,0,211.9591827392578,-0.0019243785269734692,0.09470724313380907,10.899999618530273
2017-06-16,0,212.00552368164062,0.00021863144490330555,0.09468164250199533,10.380000114440918
2017-06-19,0,213.77047729492188,0.00832503598317369,0.09487997872012577,10.369999885559082
2017-06-20,0,212.32879638671875,-0.006744059920931744,0.09500494797015445,10.859999656677246
2017-06-21,0,212.2764129638672,-0.0002467089897507657,0.09498590549818808,10.75
2017-06-22,0,212.1802978515625,-0.00045278281728389214,0.09496409946858295,10.479999542236328
2017-06-23,0,212.43365478515625,0.0011940643695909081,0.09415766951320696,10.020000457763672
2017-06-26,0,212.5734405517578,0.0006580208147477506,0.08670317813152542,9.899999618530273
2017-06-27,0,210.8609161376953,-0.008056154191311227,0.08511269314676444,11.0600004196167
2017-06-28,0,212.74819946289062,0.008950370508505667,0.08374446884964055,10.029999732971191
2017-06-29,0,210.87841796875,-0.008788706550095893,0.08269843762399684,11.4399995803833
2017-06-30,0,211.2715606689453,0.0018643097951045462,0.08168109675334966,11.180000305175781
2017-07-03,0,211.62979125976562,0.0016955930542001951,0.08167494239074295,11.220000267028809
2017-07-05,0,212.11912536621094,0.002312217497983049,0.08130953250950848,11.069999694824219
2017-07-06,0,210.17942810058594,-0.009144377067726639,0.08172764969799834,12.539999961853027
2017-07-07,0,211.54241943359375,0.00648489409893882,0.08192637596606864,11.1899995803833
2017-07-10,0,211.76956176757812,0.0010737436708558867,0.08067354578497828,11.109999656677246
2017-07-11,0,211.61231994628906,-0.0007425137964899298,0.08063162393268507,10.890000343322754
2017-07-12,0,213.20254516601562,0.007514804526174146,0.08065288893673152,10.300000190734863
2017-07-13,0,213.56077575683594,0.001680235995969781,0.08065675835206405,9.899999618530273
2017-07-14,0,214.5568389892578,0.004664073863245521,0.08060499897195256,9.510000228881836
2017-07-17,0,214.5306396484375,-0.0001221090921349477,0.08058472721441112,9.819999694824219
2017-07-18,0,214.6442108154297,0.0005293936902359686,0.08055761496544937,9.890000343322754
2017-07-19,0,215.80628967285156,0.0054139771718377805,0.08068494383733489,9.789999961853027
2017-07-20,0,215.90243530273438,0.00044551820073723825,0.08060673560575295,9.579999923706055
2017-07-21,0,215.710205078125,-0.0008903569074606432,0.0805007348348119,9.359999656677246
2017-07-24,0,215.6577911376953,-0.0002429831282702022,0.08041149706839858,9.430000305175781
2017-07-25,0,216.1820068359375,0.0024307756073949083,0.08036314515486129,9.430000305175781
2017-07-26,0,216.1907501220703,4.044409736403409e-05,0.0803650813205066,9.600000381469727
2017-07-27,0,215.9898223876953,-0.0009294002368812615,0.0803624202982351,10.109999656677246
2017-07-28,0,215.7363739013672,-0.001173427912141145,0.08038054859317025,10.289999961853027
2017-07-31,0,215.6140594482422,-0.0005669625891687735,0.0803827662304738,10.260000228881836
2017-08-01,0,216.0946807861328,0.0022290816244567857,0.08038632721916972,10.09000015258789
2017-08-02,0,216.199462890625,0.00048488979048899594,0.08007689165208506,10.279999732971191
2017-08-03,0,215.7801055908203,-0.0019396778058455855,0.08008537155671382,10.4399995803833
2017-08-04,0,216.1732940673828,0.0018221720463336144,0.08009316963966628,10.029999732971191
2017-08-07,0,216.57521057128906,0.0018592329160740384,0.07974323942679795,9.930000305175781
2017-08-08,0,216.0421905517578,-0.0024611312537812235,0.07979309644406066,10.960000038146973
2017-08-09,0,216.0334930419922,-4.0258385380242956e-05,0.07979559686131926,11.109999656677246
2017-08-10,0,212.98406982421875,-0.014115511325740071,0.08108300920790656,16.040000915527344
2017-08-11,0,213.29867553710938,0.0014771326003408802,0.08098414214701809,15.510000228881836
2017-08-14,0,215.41311645507812,0.009913052261784294,0.0815131370992486,12.329999923706055
2017-08-15,0,215.38693237304688,-0.00012155286763471107,0.08148299649236344,12.039999961853027
2017-08-16,0,215.76260375976562,0.0017441698183811027,0.08128874224905466,11.739999771118164
2017-08-17,0,212.398681640625,-0.015590848740804408,0.08287206436504865,15.550000190734863
2017-08-18,0,212.066650390625,-0.0015632453433105375,0.08287995910322991,14.260000228881836
2017-08-21,0,212.23265075683594,0.0007827744999280295,0.08285689309598254,13.1899995803833
2017-08-22,0,214.45201110839844,0.010457205070228959,0.08344935495072253,11.350000381469727
2017-08-23,0,213.68312072753906,-0.0035853726756179816,0.08353886149485991,12.25
2017-08-24,0,213.1851043701172,-0.0023306303077484936,0.08339617642504983,12.229999542236328
2017-08-25,0,213.68312072753906,0.00233607483455911,0.08340616654071381,11.279999732971191
2017-08-28,0,213.6918487548828,4.084565647510807e-05,0.08337187032445494,11.319999694824219
2017-08-29,0,213.93646240234375,0.0011447027525206543,0.08325898134113899,11.699999809265137
2017-08-30,0,214.9499969482422,0.004737549338327929,0.08333470437590594,11.220000267028809
2017-08-31,0,216.24317932128906,0.006016200936993954,0.08344084783964886,10.59000015258789
2017-09-01,0,216.54898071289062,0.0014141550848509876,0.08344280610291022,10.130000114440918
2017-09-05,0,214.9936981201172,-0.007182128438810276,0.08371354522131155,12.229999542236328
2017-09-06,0,215.7277069091797,0.0034140944384910554,0.08372598756647077,11.630000114440918
2017-09-07,0,215.701416015625,-0.00012187073200453646,0.08372623479653221,11.550000190734863
2017-09-08,0,215.44802856445312,-0.0011747138978147609,0.08369565740756267,12.119999885559082
2017-09-11,0,217.74598693847656,0.010665952198935846,0.08061897340293203,10.729999542236328
2017-09-12,0,218.47994995117188,0.003370730377238562,0.07949435977254056,10.579999923706055
2017-09-13,0,218.5847930908203,0.00047987533717330777,0.07804696436118971,10.5
2017-09-14,0,218.51490783691406,-0.00031971690673471276,0.0780461990996474,10.4399995803833
2017-09-15,0,218.80911254882812,0.0013463827929471872,0.07749249415363069,10.170000076293945
2017-09-18,0,219.27438354492188,0.002126378516296601,0.07737024723803224,10.149999618530273
2017-09-19,0,219.4939727783203,0.001001435871570644,0.07736894753958135,10.180000305175781
2017-09-20,0,219.572998046875,0.0003600338886502463,0.07736685245889238,9.779999732971191
2017-09-21,0,218.98468017578125,-0.002679372583727968,0.07671533803724007,9.670000076293945
2017-09-22,0,219.0286102294922,0.00020060788579212563,0.07650761851626237,9.59000015258789
2017-09-25,0,218.58078002929688,-0.0020446196491229474,0.0763085971511165,10.210000038146973
2017-09-26,0,218.71249389648438,0.000602586682918016,0.07580052291937116,10.170000076293945
2017-09-27,0,219.56422424316406,0.0038942921435609623,0.07566659220563587,9.869999885559082
2017-09-28,0,219.82766723632812,0.0011998448020034136,0.07554617405678345,9.550000190734863
2017-09-29,0,220.60035705566406,0.0035149798433027346,0.0749670208325662,9.510000228881836
2017-10-02,0,221.55747985839844,0.004338718284544241,0.07474188265000394,9.449999809265137
2017-10-03,0,222.03163146972656,0.0021400839711265274,0.07469040849842146,9.510000228881836
2017-10-04,0,222.29510498046875,0.0011866485374094626,0.07446300681804346,9.630000114440918
2017-10-05,0,223.61216735839844,0.005924837517431669,0.07455247265010195,9.1899995803833
2017-10-06,0,223.3574981689453,-0.0011388878899641908,0.07457640589556988,9.649999618530273
2017-10-09,0,222.9887237548828,-0.0016510500748158075,0.07449765671690575,10.329999923706055
2017-10-10,0,223.57708740234375,0.0026385354270546113,0.07438751998154094,10.079999923706055
2017-10-11,0,223.92832946777344,0.0015710110079285577,0.07317052240322268,9.850000381469727
2017-10-12,0,223.59458923339844,-0.0014903886219677087,0.0732043709217439,9.90999984741211
2017-10-13,0,223.8668212890625,0.0012175252388593183,0.07309189898862054,9.609999656677246
2017-10-16,0,224.1653594970703,0.0013335527180347029,0.07309324436896696,9.90999984741211
2017-10-17,0,224.32345581054688,0.0007052664775291095,0.07296696697534039,10.3100004196167
2017-10-18,0,224.54293823242188,0.0009784194037218974,0.07276254687443605,10.069999694824219
2017-10-19,0,224.60438537597656,0.0002736543132391134,0.07274032481947852,10.050000190734863
2017-10-20,0,225.76345825195312,0.005160508660756236,0.07282175510630647,9.970000267028809
2017-10-23,0,224.8853759765625,-0.003889390613474264,0.07297315587235634,11.069999694824219
2017-10-24,0,225.2805633544922,0.0017572835770827133,0.07289737511383101,11.15999984741211
2017-10-25,0,224.1653594970703,-0.00495028883458104,0.07300615954576409,11.229999542236328
2017-10-26,0,224.4551544189453,0.0012927729892129314,0.07295388424896253,11.300000190734863
2017-10-27,0,226.29026794433594,0.008175858247235324,0.07324169318201466,9.800000190734863
2017-10-30,0,225.44737243652344,-0.003724842060021105,0.0732857976727344,10.5
2017-10-31,0,225.7986297607422,0.0015580457666128922,0.07328495333641356,10.180000305175781
2017-11-01,0,226.09716796875,0.0013221435768859813,0.07283461901378775,10.199999809265137
2017-11-02,0,226.18499755859375,0.0003884594868339697,0.07250637904301462,9.930000305175781
2017-11-03,0,226.9401092529297,0.0033384694055154096,0.07233730059187064,9.140000343322754
2017-11-06,0,227.2913360595703,0.0015476629838455658,0.07231084781763072,9.399999618530273
2017-11-07,0,227.13327026367188,-0.000695432560865461,0.069152891543695,9.890000343322754
2017-11-08,0,227.51963806152344,0.0017010621006912086,0.06906125403263316,9.779999732971191
2017-11-09,0,226.69422912597656,-0.00362785798438936,0.06850689283558381,10.5
2017-11-10,0,226.6239471435547,-0.0003100298701597115,0.06849420367815212,11.289999961853027
2017-11-13,0,226.83474731445312,0.0009301760628364075,0.06842433439842996,11.5
2017-11-14,0,226.3079071044922,-0.0023225727812793417,0.06849516147461521,11.59000015258789
2017-11-15,0,225.17514038085938,-0.005005422647958002,0.06837398615455226,13.130000114440918
2017-11-16,0,227.0894012451172,0.008501208708119545,0.06876342454859355,11.760000228881836
2017-11-17,0,226.42202758789062,-0.002938814641138654,0.06872242874707839,11.430000305175781
2017-11-20,0,226.8083953857422,0.0017064055205564532,0.0686641709760149,10.649999618530273
2017-11-21,0,228.2923583984375,0.006542804600206509,0.06857127128858843,9.729999542236328
2017-11-22,0,228.0904083251953,-0.0008846116210763366,0.0685799568449212,9.880000114440918
2017-11-24,0,228.61724853515625,0.0023097867807304606,0.06859767500930809,9.670000076293945
2017-11-27,0,228.5031280517578,-0.0004991770486683089,0.06854388337437677,9.869999885559082
2017-11-28,0,230.82125854492188,0.010144852339347254,0.06897019159818764,10.029999732971191
2017-11-29,0,230.68072509765625,-0.000608841006030092,0.06897433502442059,10.699999809265137
2017-11-30,0,232.70034790039062,0.00875505659122311,0.06935950880918743,11.279999732971191
2017-12-01,0,232.21737670898438,-0.002075506958902351,0.069273768480685,11.430000305175781
2017-12-04,0,231.93646240234375,-0.00120970407392329,0.06930297837044636,11.680000305175781
2017-12-05,0,231.10223388671875,-0.0035967976185558026,0.06924666097151728,11.329999923706055
2017-12-06,0,231.14613342285156,0.00018995721241843455,0.06920771688656935,11.020000457763672
2017-12-07,0,231.8749542236328,0.003153073728678679,0.06813857141080096,10.15999984741211
2017-12-08,0,233.13937377929688,0.005453023419013103,0.06828068323693028,9.579999923706055
2017-12-11,0,233.84181213378906,0.003012954624975306,0.06811177778161336,9.34000015258789
2017-12-12,0,234.25445556640625,0.001764626389317847,0.06809336826453624,9.920000076293945
2017-12-13,0,234.2282257080078,-0.00011197165208665094,0.06783756885399381,10.180000305175781
2017-12-14,0,233.2710723876953,-0.004086413229743235,0.06741095124637735,10.489999771118164
2017-12-15,0,235.21363830566406,0.008327504555473597,0.06775380181316414,9.420000076293945
2017-12-18,0,236.7051239013672,0.00634098263368954,0.06792900776421633,9.529999732971191
2017-12-19,0,235.7960968017578,-0.003840335539116446,0.06807131335125163,10.029999732971191
2017-12-20,0,235.67257690429688,-0.0005238419937239058,0.06801199961504582,9.720000267028809
2017-12-21,0,236.15797424316406,0.0020596258811405033,0.0679324706146297,9.619999885559082
2017-12-22,0,236.09619140625,-0.0002616165603217535,0.06789438598758633,9.899999618530273
2017-12-26,0,235.813720703125,-0.00119642210847426,0.06791903675082436,10.25
2017-12-27,0,235.92849731445312,0.0004867257553373694,0.0678974405377183,10.470000267028809
2017-12-28,0,236.4138946533203,0.0020573917283939203,0.06730397155067284,10.180000305175781
2017-12-29,0,235.5224609375,-0.0037706485785343746,0.06745083767014524,11.039999961853027
2018-01-02,0,237.2081756591797,0.007157341660619876,0.06760441980782686,9.770000457763672
2018-01-03,0,238.70864868164062,0.006325553570366127,0.06748286859572478,9.149999618530273
2018-01-04,0,239.71470642089844,0.0042145843680745365,0.06737249727687314,9.220000267028809
2018-01-05,0,241.31216430664062,0.006663996171087261,0.06760715487957664,9.220000267028809
2018-01-08,0,241.75350952148438,0.001828938943512659,0.06755851632425383,9.520000457763672
2018-01-09,0,242.3006591796875,0.0022632542513494336,0.06744617760838512,10.079999923706055
2018-01-10,0,241.92996215820312,-0.0015299051300123878,0.06748287143393965,9.819999694824219
2018-01-11,0,243.6951446533203,0.007296254169472771,0.06776219016375844,9.880000114440918
2018-01-12,0,245.28367614746094,0.00651851926061342,0.0679124965823344,10.15999984741211
2018-01-16,0,244.44532775878906,-0.0034178727334789327,0.06803461145248084,11.65999984741211
2018-01-17,0,246.7753143310547,0.009531728806716266,0.06843869895619452,11.90999984741211
2018-01-18,0,246.36045837402344,-0.001681108007726917,0.06847603467341128,12.220000267028809
2018-01-19,0,247.48138427734375,0.004549942432801268,0.06841492649327836,11.270000457763672
2018-01-22,0,249.49362182617188,0.008130864285828876,0.0687379084690286,11.029999732971191
2018-01-23,0,250.02316284179688,0.002122463138532371,0.06865433096773581,11.100000381469727
2018-01-24,0,249.92605590820312,-0.0003883917493484601,0.06845066742288891,11.470000267028809
2018-01-25,0,250.03192138671875,0.0004235872011459918,0.06801431564233172,11.579999923706055
2018-01-26,0,252.9267578125,0.011577867376797446,0.06881471680460098,11.079999923706055
2018-01-29,0,251.24993896484375,-0.006629661733533632,0.06918727015594729,13.84000015258789
2018-01-30,0,248.67286682128906,-0.010257006048129957,0.0697248968119578,14.789999961853027
2018-01-31,0,248.7963409423828,0.0004965323425594192,0.06971873918955815,13.539999961853027
2018-02-01,0,248.513916015625,-0.0011351651141172647,0.06974746910669755,13.470000267028809
2018-02-02,0,243.1038360595703,-0.021769726391155264,0.07334842365610354,17.309999465942383
2018-02-05,0,232.93658447265625,-0.04182267031122733,0.0846242677547449,37.31999969482422
2018-02-06,0,237.52597045898438,0.019702297931078583,0.08670621464616438,29.979999542236328
2018-02-07,0,236.2373809814453,-0.005425046680365364,0.08692209638891782,27.729999542236328
2018-02-08,0,227.37637329101562,-0.03750891435392967,0.09495124473048362,33.459999084472656
2018-02-09,0,230.79190063476562,0.015021469884113792,0.09589803729668162,29.059999465942383
2018-02-12,0,234.18096923828125,0.014684521398690364,0.09687119090492137,25.610000610351562
2018-02-13,0,234.76348876953125,0.0024874759599158303,0.09676901708830699,24.969999313354492
2018-02-14,0,237.9319305419922,0.013496314052358516,0.09756440416336845,19.260000228881836
2018-02-15,0,240.968017578125,0.012760317748092165,0.09820728964934977,19.1299991607666
2018-02-16,0,241.03857421875,0.000292805000987828,0.09819590166406611,19.459999084472656
2018-02-20,0,239.5293731689453,-0.006261242851673399,0.09843792011358637,20.600000381469727
2018-02-21,0,238.33792114257812,-0.004974137453809591,0.09845503627576417,20.020000457763672
2018-02-22,0,238.64682006835938,0.001296054460408147,0.09844561672729324,18.719999313354492
2018-02-23,0,242.45074462890625,0.015939556870932847,0.09962875846927605,16.489999771118164
2018-02-26,0,245.26608276367188,0.011612000363516062,0.10022403070708157,15.800000190734863
2018-02-27,0,242.20359802246094,-0.01248637686345655,0.10108818109110904,18.59000015258789
2018-02-28,0,239.75006103515625,-0.010130060029401977,0.101609121769534,19.850000381469727
2018-03-01,0,236.26388549804688,-0.01454087445090646,0.10185202257655028,22.469999313354492
2018-03-02,0,237.48178100585938,0.005154810288695577,0.10172455220931235,19.59000015258789
2018-03-05,0,240.22654724121094,0.011557797081216181,0.10231521907878979,18.729999542236328
2018-03-06,0,240.8356475830078,0.0025355246903051576,0.1022689386422211,18.360000610351562
2018-03-07,0,240.747314453125,-0.000366777637651694,0.10220906859412121,17.760000228881836
2018-03-08,0,241.91232299804688,0.0048391341252063125,0.1022631558219429,16.540000915527344
2018-03-09,0,246.1221923828125,0.017402459422456218,0.10361978473007957,14.640000343322754
2018-03-12,0,245.8133544921875,-0.0012548152916850297,0.10360188711917992,15.779999732971191
2018-03-13,0,244.2246551513672,-0.006463031042810208,0.1038509118187481,16.350000381469727
2018-03-14,0,242.97142028808594,-0.005131483807417014,0.1039161786894448,17.229999542236328
2018-03-15,0,242.7066192626953,-0.001089844332624157,0.10362330811944398,16.59000015258789
2018-03-16,0,242.96981811523438,0.0010844321153606895,0.10359070098600492,15.800000190734863
2018-03-19,0,239.68235778808594,-0.01353032385935804,0.10453214536270868,19.020000457763672
2018-03-20,0,240.0899658203125,0.0017006175839897608,0.1045234220710963,18.200000762939453
2018-03-21,0,239.6292266845703,-0.0019190270370857965,0.10367736932063705,17.860000610351562
2018-03-22,0,233.63912963867188,-0.02499735582664686,0.1067937662203182,23.34000015258789
2018-03-23,0,228.65921020507812,-0.02131457791892699,0.10900138125888204,24.8700008392334
2018-03-26,0,234.91510009765625,0.02735901119822537,0.11225724113890785,21.030000686645508
2018-03-27,0,230.91876220703125,-0.0170118391238524,0.11361937521309534,22.5
2018-03-28,0,230.2364959716797,-0.0029545725467724493,0.11347038328607296,22.8700008392334
2018-03-29,0,233.17835998535156,0.012777574646696044,0.11413265228433046,19.969999313354492
2018-04-02,0,228.14524841308594,-0.021584814185080514,0.11622522607688633,23.6200008392334
2018-04-03,0,231.06939697265625,0.01281704782330495,0.11684785025451618,21.100000381469727
2018-04-04,0,233.54165649414062,0.010699207917078457,0.11726950920376907,20.059999465942383
2018-04-05,0,235.38473510742188,0.007891862380994485,0.11749896700215752,18.940000534057617
2018-04-06,0,230.1390380859375,-0.022285629605889312,0.11965285083610482,21.489999771118164
2018-04-09,0,231.27322387695312,0.004928263368303876,0.11971254081396403,21.770000457763672
2018-04-10,0,234.9505615234375,0.015900403794435247,0.12068687223021747,20.469999313354492
2018-04-11,0,233.7188720703125,-0.005242334579405261,0.12082722200188575,20.239999771118164
2018-04-12,0,235.64173889160156,0.008227263824508668,0.12105732353628736,18.489999771118164
2018-04-13,0,234.9505615234375,-0.0029331703772650375,0.12100619259137423,17.40999984741211
2018-04-16,0,236.88223266601562,0.008221606835297601,0.12103480223160668,16.559999465942383
2018-04-17,0,239.41650390625,0.010698443744438624,0.12117375667402915,15.25
2018-04-18,0,239.5937957763672,0.000740516494162069,0.12111835086542269,15.600000381469727
2018-04-19,0,238.26461791992188,-0.005547630530825409,0.12125251107195964,15.960000038146973
2018-04-20,0,236.2442626953125,-0.008479459695893254,0.12136291849397235,16.8799991607666
2018-04-23,0,236.20880126953125,-0.00015010491842926132,0.12130577751581538,16.34000015258789
2018-04-24,0,233.02774047851562,-0.013467156066660713,0.12166923676751248,18.020000457763672
2018-04-25,0,233.60366821289062,0.0024714986000908823,0.12156872819796043,17.84000015258789
2018-04-26,0,235.97840881347656,0.010165681980737418,0.12194663411234521,16.239999771118164
2018-04-27,0,236.19998168945312,0.0009389540216440118,0.1219469177178608,15.40999984741211
2018-04-30,0,234.38345336914062,-0.007690637007333856,0.12219479401795538,15.930000305175781
2018-05-01,0,234.7999725341797,0.0017770843421403004,0.12218485654906637,15.489999771118164
2018-05-02,0,233.22268676757812,-0.006717572193804089,0.12239895685473573,15.970000267028809
2018-05-03,0,232.7086944580078,-0.0022038692577216468,0.12241679864916753,15.899999618530273
2018-05-04,0,235.721435546875,0.012946405358356117,0.12304750181262805,14.770000457763672
2018-05-07,0,236.51898193359375,0.0033834274972424083,0.12303336831085449,14.75
2018-05-08,0,236.51898193359375,0.0,0.12303252811105009,14.710000038146973
2018-05-09,0,238.8050994873047,0.009665683215027476,0.12336201139054351,13.420000076293945
2018-05-10,0,241.03810119628906,0.009350728748165116,0.12366804570333878,13.229999542236328
2018-05-11,0,241.7736053466797,0.0030514020262368824,0.12366347711409187,12.649999618530273
2018-05-14,0,241.88877868652344,0.00047636854187871336,0.12364209300516363,12.930000305175781
2018-05-15,0,240.22293090820312,-0.006886833640510348,0.12377208445149084,14.630000114440918
2018-05-16,0,241.23304748535156,0.004204913216775408,0.12381569987339769,13.420000076293945
2018-05-17,0,241.0292510986328,-0.0008448112265012631,0.12244706061328609,13.430000305175781
2018-05-18,0,240.42669677734375,-0.002499921974376873,0.12244140211844064,13.420000076293945
2018-05-21,0,242.234375,0.007518625206294427,0.12249432779658005,13.079999923706055
2018-05-22,0,241.56085205078125,-0.002780459830355464,0.12246119678814127,13.220000267028809
2018-05-23,0,242.22547912597656,0.0027513857048973023,0.12246942125603862,12.579999923706055
2018-05-24,0,241.72927856445312,-0.002048506884221646,0.1224862953649621,12.529999732971191
2018-05-25,0,241.15325927734375,-0.002382910711230979,0.1224505309304347,13.220000267028809
2018-05-29,0,238.37974548339844,-0.011501042126723093,0.12304235239083927,17.020000457763672
2018-05-30,0,241.56085205078125,0.013344701584994123,0.12369931077434931,14.9399995803833
2018-05-31,0,240.0811004638672,-0.006125792214886627,0.12387863463158398,15.430000305175781
2018-06-01,0,242.4381561279297,0.009817747667385524,0.1240043445744902,13.460000038146973
2018-06-04,0,243.58999633789062,0.004751068183149965,0.12404426340340682,12.739999771118164
2018-06-05,0,243.767333984375,0.0007280169512313694,0.12403734355223302,12.399999618530273
2018-06-06,0,245.80532836914062,0.00836040806392968,0.12422212691245671,11.640000343322754
2018-06-07,0,245.77880859375,-0.00010788934302841113,0.12421821315643412,12.130000114440918
2018-06-08,0,246.50538635253906,0.0029562262220499402,0.12424010269261776,12.180000305175781
2018-06-11,0,246.83323669433594,0.0013299926084697766,0.124223319538511,12.350000381469727
2018-06-12,0,247.1522674560547,0.0012924951517523375,0.12422209910538125,12.34000015258789
2018-06-13,0,246.36351013183594,-0.003191382107627261,0.1242078392467555,12.9399995803833
2018-06-14,0,246.98385620117188,0.002518011165711931,0.12420791614110546,12.119999885559082
2018-06-15,0,246.6687774658203,-0.0012757057898348245,0.12419621568459069,11.979999542236328
2018-06-18,0,246.16148376464844,-0.002056578487085403,0.1242246676470236,12.3100004196167
2018-06-19,0,245.2179412841797,-0.0038330223966753785,0.12406277419968892,13.350000381469727
2018-06-20,0,245.63632202148438,0.0017061587545905699,0.1238498428931867,12.789999961853027
2018-06-21,0,244.0963897705078,-0.006269155303676444,0.12403789888905466,14.640000343322754
2018-06-22,0,244.54147338867188,0.0018233928759967544,0.12403966342786082,13.770000457763672
2018-06-25,0,241.21261596679688,-0.013612649730723403,0.12484885852586007,17.329999923706055
2018-06-26,0,241.7466278076172,0.0022138636434083647,0.12486008788954252,15.920000076293945
2018-06-27,0,239.74395751953125,-0.00828417052286523,0.12487605836984217,17.90999984741211
2018-06-28,0,241.1146697998047,0.005717400740587131,0.12469919030930819,16.850000381469727
2018-06-29,0,241.46177673339844,0.0014395927625721061,0.12435097227337821,16.09000015258789
2018-07-02,0,241.97796630859375,0.0021377693073352244,0.12435413427982289,15.600000381469727
2018-07-03,0,241.12359619140625,-0.00353077650093947,0.12441642565113689,16.139999389648438
2018-07-05,0,243.0906524658203,0.008157875485784505,0.12463674863993322,14.970000267028809
2018-07-06,0,245.1468048095703,0.00845837683552686,0.12450200079015965,13.369999885559082
2018-07-09,0,247.3541717529297,0.00900426560759815,0.12464611918310366,12.6899995803833
2018-07-10,0,248.2442626953125,0.003598447263189364,0.1246802657560429,12.640000343322754
2018-07-11,0,246.4284210205078,-0.007314737730851006,0.12492755627666763,13.630000114440918
2018-07-12,0,248.66258239746094,0.009066167642924672,0.12502291878456737,12.579999923706055
2018-07-13,0,248.85841369628906,0.0007875382654680685,0.12501866153610505,12.180000305175781
2018-07-16,0,248.6358184814453,-0.0008944652967024513,0.12496251242115344,12.829999923706055
2018-07-17,0,249.64161682128906,0.004045267274790598,0.12500727324619357,12.0600004196167
2018-07-18,0,250.16680908203125,0.0021037848874299048,0.12501588042082057,12.100000381469727
2018-07-19,0,249.22337341308594,-0.003771226376541259,0.1250010814411998,12.869999885559082
2018-07-20,0,248.93850708007812,-0.0011430161188599186,0.1250131779345912,12.859999656677246
2018-07-23,0,249.40127563476562,0.0018589673414350916,0.12501058604932339,12.619999885559082
2018-07-24,0,250.65635681152344,0.005032376733292265,0.1250858538778087,12.40999984741211
2018-07-25,0,252.79258728027344,0.00852254654908391,0.12532210993338203,12.289999961853027
2018-07-26,0,252.1961669921875,-0.0023593266499728482,0.12535684361242008,12.140000343322754
2018-07-27,0,250.48727416992188,-0.006776045975030898,0.12556662824845927,13.029999732971191
2018-07-30,0,249.1787567138672,-0.005223887961537832,0.1256899631144592,14.260000228881836
2018-07-31,0,250.40711975097656,0.004929645902840285,0.1257587436449478,12.829999923706055
2018-08-01,0,249.9886932373047,-0.0016709848908769143,0.12576928211235633,13.149999618530273
2018-08-02,0,251.35060119628906,0.00544787822740278,0.125862221752661,12.1899995803833
2018-08-03,0,252.4276580810547,0.004285077814174532,0.12588857844364942,11.640000343322754
2018-08-06,0,253.35324096679688,0.003666725321537445,0.12591926995252536,11.270000457763672
2018-08-07,0,254.19000244140625,0.003302746281895974,0.12594132728712584,10.930000305175781
2018-08-08,0,254.0831756591797,-0.00042026350840129734,0.12590696176809424,10.850000381469727
2018-08-09,0,253.73605346679688,-0.0013661754324435504,0.12592150837109084,11.270000457763672
2018-08-10,0,252.0359649658203,-0.006700224417256595,0.12526396304527457,13.15999984741211
2018-08-13,0,251.09246826171875,-0.0037435002747703283,0.12534019151824385,14.779999732971191
2018-08-14,0,252.6946258544922,0.006380747315381408,0.12512851138172848,13.3100004196167
2018-08-15,0,250.8076629638672,-0.007467364548194078,0.12539020540444015,14.640000343322754
2018-08-16,0,252.8370819091797,0.008091534849175908,0.12560701228081725,13.449999809265137
2018-08-17,0,253.72706604003906,0.00351999051776386,0.12457409669994841,12.640000343322754
2018-08-20,0,254.2700958251953,0.0021402122904403686,0.12456050036183922,12.489999771118164
2018-08-21,0,254.86648559570312,0.0023454970926577445,0.12457069882444463,12.859999656677246
2018-08-22,0,254.715087890625,-0.0005940275149329821,0.12419640908683731,12.25
2018-08-23,0,254.37689208984375,-0.0013277415310649632,0.12413845589182096,12.40999984741211
2018-08-24,0,255.9077911376953,0.006018231590434242,0.12421301833205774,11.989999771118164
2018-08-27,0,257.9284362792969,0.00789598914756895,0.12440831677133611,12.15999984741211
2018-08-28,0,258.0528564453125,0.0004823825081501365,0.12440647422083355,12.5
2018-08-29,0,259.4414978027344,0.005381228390766379,0.12449106372764226,12.25
2018-08-30,0,258.39111328125,-0.004048637285786194,0.12452184841415563,13.529999732971191
2018-08-31,0,258.4000549316406,3.4605100295737046e-05,0.1244120459174435,12.859999656677246
2018-09-04,0,257.95501708984375,-0.0017222823033633539,0.12443445982162991,13.15999984741211
2018-09-05,0,257.2607727050781,-0.002691338949704636,0.12422881060436618,13.90999984741211
2018-09-06,0,256.48638916015625,-0.0030101112454078427,0.12425624311616355,14.649999618530273
2018-09-07,0,255.9879150390625,-0.0019434720209753342,0.1242819496774031,14.880000114440918
2018-09-10,0,256.43304443359375,0.0017388687839554606,0.12427173072410021,14.15999984741211
2018-09-11,0,257.2785339355469,0.0032971160320645065,0.12389765288287007,13.220000267028809
2018-09-12,0,257.34088134765625,0.00024233429488140779,0.12386925790170296,13.140000343322754
2018-09-13,0,258.86285400390625,0.0059142280397876945,0.12397958543006761,12.369999885559082
2018-09-14,0,258.907470703125,0.00017235651438074484,0.12397649088829812,12.069999694824219
2018-09-17,0,257.53668212890625,-0.0052945114735238885,0.12411971676649217,13.680000305175781
2018-09-18,0,258.9341125488281,0.005426141271876794,0.12420222380072343,12.789999961853027
2018-09-19,0,259.2100524902344,0.0010656762783785023,0.1242024018188409,11.75
2018-09-20,0,261.3106689453125,0.008103915858576727,0.12442290789904466,11.800000190734863
2018-09-21,0,261.0719299316406,-0.0009136213788570879,0.12438697478888523,11.680000305175781
2018-09-24,0,260.20452880859375,-0.003322460301549812,0.12445186489292388,12.199999809265137
2018-09-25,0,259.96319580078125,-0.0009274742792428903,0.12443201023653903,12.420000076293945
2018-09-26,0,259.185302734375,-0.002992319985950509,0.12448730567275398,12.890000343322754
2018-09-27,0,259.9095458984375,0.002794306453420825,0.12446386817195554,12.40999984741211
2018-09-28,0,259.9364318847656,0.00010344362780201344,0.1244642803812443,12.119999885559082
2018-10-01,0,260.8395080566406,0.003474219313263971,0.12446336021811813,12.0
2018-10-02,0,260.6874694824219,-0.0005828816936187531,0.12441603792131585,12.050000190734863
2018-10-03,0,260.8304138183594,0.000548336044771558,0.12440741903464476,11.609999656677246
2018-10-04,0,258.7919006347656,-0.007815473486206814,0.12469525425293822,14.220000267028809
2018-10-05,0,257.3434753417969,-0.005596872581468126,0.12473676091243645,14.819999694824219
2018-10-08,0,257.3434753417969,0.0,0.12472612406474873,15.6899995803833
2018-10-09,0,256.9679260253906,-0.0014593310201762577,0.12472280802772409,15.949999809265137
2018-10-10,0,248.83152770996094,-0.03166308901378512,0.12880820308080393,22.959999084472656
2018-10-11,0,243.3506317138672,-0.022026533560820738,0.1307503319552561,24.979999542236328
2018-10-12,0,246.73036193847656,0.013888314983226735,0.13143396013370576,21.309999465942383
2018-10-15,0,245.344482421875,-0.005616980033236185,0.131570218981685,21.299999237060547
2018-10-16,0,250.70916748046875,0.021865929103590087,0.1333074272011142,17.6200008392334
2018-10-17,0,250.75392150878906,0.0001785097400708313,0.13330757238718915,17.399999618530273
2018-10-18,0,247.13267517089844,-0.014441434519155472,0.13413861908303784,20.059999465942383
2018-10-19,0,246.99851989746094,-0.000542847170430738,0.13414197549904477,19.889999389648438
2018-10-22,0,245.88986206054688,-0.004488520163498544,0.13414615473457228,19.639999389648438
2018-10-23,0,244.6381072998047,-0.005090713176430062,0.13418986536885458,20.709999084472656
2018-10-24,0,237.22589111328125,-0.030298698221367992,0.13764158919060124,25.229999542236328
2018-10-25,0,241.48190307617188,0.017940756562943028,0.13867412092939713,24.219999313354492
2018-10-26,0,237.2349090576172,-0.01758721446391387,0.13982346902638182,24.15999984741211
2018-10-29,0,235.92056274414062,-0.005540273641419846,0.13971643747986973,24.700000762939453
2018-10-30,0,239.41650390625,0.014818297826378002,0.14042163500077948,23.350000381469727
2018-10-31,0,241.97361755371094,0.010680607250293184,0.14080095054062275,21.229999542236328
2018-11-01,0,244.54873657226562,0.01064214786962503,0.14117590613590597,19.34000015258789
2018-11-02,0,243.10025024414062,-0.005923098799968551,0.14131524171065538,19.510000228881836
2018-11-05,0,244.44146728515625,0.005517135583647859,0.1413786509350373,19.959999084472656
2018-11-06,0,245.98826599121094,0.006327889957599808,0.1415005905384122,19.90999984741211
2018-11-07,0,251.25462341308594,0.021408978191110872,0.14305405303660135,16.360000610351562
2018-11-08,0,250.7985382080078,-0.001815231094586811,0.14306617922812642,16.719999313354492
2018-11-09,0,248.34872436523438,-0.009768054711473684,0.14337235233278947,17.360000610351562
2018-11-12,0,243.70822143554688,-0.018685430905869826,0.14463607581126886,20.450000762939453
2018-11-13,0,243.25218200683594,-0.0018712517207037926,0.14465153510454332,20.020000457763672
2018-11-14,0,241.58920288085938,-0.006836440735112581,0.14480463886933617,21.25
2018-11-15,0,244.110595703125,0.010436694985533235,0.1450596568611234,19.979999542236328
2018-11-16,0,244.74546813964844,0.0026007573931594585,0.14484712714399817,18.139999389648438
2018-11-19,0,240.605712890625,-0.016914532802140947,0.1458354975772358,20.100000381469727
2018-11-20,0,236.15296936035156,-0.018506391543153367,0.14703331434985892,22.479999542236328
2018-11-21,0,236.95770263671875,0.003407677991714042,0.14693098840154373,20.799999237060547
2018-11-23,0,235.37510681152344,-0.006678811482324298,0.14708772812768045,21.520000457763672
2018-11-26,0,239.17501831054688,0.01614406701922899,0.14793812685287921,18.899999618530273
2018-11-27,0,239.9798126220703,0.0033648761363467283,0.14796965725629754,19.020000457763672
2018-11-28,0,245.50534057617188,0.023024969866125344,0.14938921021741333,18.489999771118164
2018-11-29,0,244.96890258789062,-0.0021850359223236637,0.14940703643948147,18.790000915527344
2018-11-30,0,246.4620819091797,0.0060953831507382095,0.14927923618680375,18.06999969482422
2018-12-03,0,249.72569274902344,0.013241837505236997,0.14982222801840347,16.440000534057617
2018-12-04,0,241.63385009765625,-0.032402924033529734,0.15335041723317802,20.739999771118164
2018-12-06,0,241.267333984375,-0.001516824373460568,0.1533126884547548,21.190000534057617
2018-12-07,0,235.66128540039062,-0.02323583757238945,0.1550962513810403,23.229999542236328
2018-12-10,0,236.1083221435547,0.0018969460444235864,0.15507671155305205,22.639999389648438
2018-12-11,0,236.1619415283203,0.00022709654737629315,0.1549842921287709,21.760000228881836
2018-12-12,0,237.35105895996094,0.00503517808138465,0.1550356505272133,21.459999084472656
2018-12-13,0,237.2706756591797,-0.0003386683890667097,0.15502733850273348,20.649999618530273
2018-12-14,0,232.88949584960938,-0.018464902151935192,0.1561347640152472,21.6299991607666
2018-12-17,0,228.32058715820312,-0.019618354510744784,0.15731355325374838,24.520000457763672
2018-12-18,0,228.0701904296875,-0.0010966892282128216,0.1570926631085085,25.579999923706055
2018-12-19,0,224.65467834472656,-0.014975705849703869,0.15766405497617236,25.579999923706055
2018-12-20,0,220.99778747558594,-0.016277830918478453,0.15844434797686224,28.3799991607666
2018-12-21,0,216.46961975097656,-0.02048965184825491,0.15973708958021393,30.110000610351562
2018-12-24,0,210.74989318847656,-0.026422768095956783,0.16184253863780912,36.06999969482422
2018-12-26,0,221.39801025390625,0.05052489898966139,0.169665370443653,30.40999984741211
2018-12-27,0,223.09774780273438,0.007677293697801568,0.16984489993090818,29.959999084472656
2018-12-28,0,222.80996704101562,-0.0012899312725165313,0.16984737138543493,28.34000015258789
2018-12-31,0,224.76150512695312,0.008758755776747895,0.17006765472893176,25.420000076293945
2019-01-02,0,224.995361328125,0.001040463761976529,0.17003267582504722,23.219999313354492
2019-01-03,0,219.6262969970703,-0.023863000105253884,0.17152208672015182,25.450000762939453
2019-01-04,0,226.98289489746094,0.03349597931111492,0.17469015658545725,21.3799991607666
2019-01-07,0,228.77255249023438,0.007884548276564596,0.1748204925827276,21.399999618530273
2019-01-08,0,230.9219512939453,0.00939535263437108,0.17494827258042034,20.469999313354492
2019-01-09,0,232.00115966796875,0.004673476765531426,0.17500310561020904,19.979999542236328
2019-01-10,0,232.8195343017578,0.0035274592375327263,0.17502483002286798,19.5
2019-01-11,0,232.90945434570312,0.000386222076317555,0.17501957651952063,18.190000534057617
2019-01-14,0,231.48851013183594,-0.006100843857364868,0.1749646679113622,19.06999969482422
2019-01-15,0,234.14157104492188,0.01146087514915961,0.17522321150948908,18.600000381469727
2019-01-16,0,234.7081756591797,0.0024199231760904105,0.17521026868682543,19.040000915527344
2019-01-17,0,236.4888153076172,0.007586611090289352,0.1751136800645548,18.059999465942383
2019-01-18,0,239.63641357421875,0.013309713030221992,0.175619414998038,17.799999237060547
2019-01-22,0,236.39889526367188,-0.013510126705114311,0.1760726548517701,20.799999237060547
2019-01-23,0,236.89352416992188,0.002092348636816954,0.17589200127067975,19.520000457763672
2019-01-24,0,237.01942443847656,0.0005314635298530046,0.17587861079138847,18.889999389648438
2019-01-25,0,239.0249481201172,0.008461431742954995,0.17608912574839092,17.420000076293945
2019-01-28,0,237.208251953125,-0.0076004458165565,0.17624721048427613,18.8700008392334
2019-01-29,0,236.89352416992188,-0.001326799470978468,0.17585728193266556,19.1299991607666
2019-01-30,0,240.64370727539062,0.015830669574482537,0.17646588987838244,17.65999984741211
2019-01-31,0,242.75717163085938,0.008782545695450672,0.17639377888873975,16.56999969482422
2019-02-01,0,242.87413024902344,0.000481792638208578,0.17639373500524627,16.139999389648438
2019-02-04,0,244.58285522460938,0.007035434254911932,0.17653170121744266,15.729999542236328
2019-02-05,0,245.60806274414062,0.004191657336691801,0.1752217642028042,15.569999694824219
2019-02-06,0,245.28428649902344,-0.0013182639099860172,0.17009854731697083,15.380000114440918
2019-02-07,0,242.94607543945312,-0.009532657362377073,0.16925427843844085,16.3700008392334
2019-02-08,0,243.24285888671875,0.0012216021466031624,0.1691651062856131,15.720000267028809
2019-02-11,0,243.3777313232422,0.0005544764485203579,0.16488072808670268,15.970000267028809
2019-02-12,0,246.5073699951172,0.012859182534322944,0.16470128983367788,15.430000305175781
2019-02-13,0,247.30775451660156,0.0032468989527583147,0.16409545844990162,15.649999618530273
2019-02-14,0,246.75924682617188,-0.0022179154531640766,0.1640990729615165,16.219999313354492
2019-02-15,0,249.4481964111328,0.010897057028445012,0.16390891248914158,14.90999984741211
2019-02-19,0,249.87979125976562,0.0017301983130857401,0.16343349917433703,14.880000114440918
2019-02-20,0,250.383544921875,0.002015984004027249,0.16344359820459953,14.020000457763672
2019-02-21,0,249.49325561523438,-0.0035557021405636657,0.16335852522920793,14.460000038146973
2019-02-22,0,251.0400390625,0.006199700442608647,0.1633843528448799,13.510000228881836
2019-02-25,0,251.38174438476562,0.0013611586563708755,0.16338478076860735,14.850000381469727
2019-02-26,0,251.2019500732422,-0.0007152242179060408,0.16262711269840313,15.170000076293945
2019-02-27,0,251.09402465820312,-0.0004296360558012635,0.16222353756093952,14.699999809265137
2019-02-28,0,250.6263427734375,-0.0018625767196261966,0.16174016522021986,14.779999732971191
2019-03-01,0,252.1912384033203,0.0062439391349116136,0.16152017713487019,13.569999694824219
2019-03-04,0,251.27389526367188,-0.003637490126367382,0.16088434933117282,14.630000114440918
2019-03-05,0,250.93211364746094,-0.001360195478532722,0.16081869141425817,14.739999771118164
2019-03-06,0,249.41217041015625,-0.006057188995108431,0.16054182516028645,15.739999771118164
2019-03-07,0,247.3257598876953,-0.008365311600592062,0.16075254760735436,16.59000015258789
2019-03-08,0,246.8311004638672,-0.002000031958065085,0.1607661827498719,16.049999237060547
2019-03-11,0,250.4105224609375,0.014501503215532896,0.16133846988931863,14.329999923706055
2019-03-12,0,251.3547821044922,0.0037708465054697715,0.1604516871589854,13.770000457763672
2019-03-13,0,253.0185546875,0.006619219929208109,0.1605763998980253,13.40999984741211
2019-03-14,0,252.85665893554688,-0.0006398572316290707,0.1604405885871232,13.5
2019-03-15,0,254.10601806640625,0.004940977770246713,0.16042142870905715,12.880000114440918
2019-03-18,0,255.0272979736328,0.00362557295666166,0.16045181673986691,13.100000381469727
2019-03-19,0,255.09056091308594,0.0002480634032349105,0.16044961609131772,13.5600004196167
2019-03-20,0,254.32281494140625,-0.00300969964914255,0.1598867641205766,13.90999984741211
2019-03-21,0,257.1951904296875,0.011294210819988937,0.16025937793924427,13.630000114440918
2019-03-22,0,252.2451171875,-0.01924636784193967,0.16143525861310032,16.479999542236328
2019-03-25,0,252.05543518066406,-0.0007519749398952058,0.15943584806219216,16.329999923706055
2019-03-26,0,253.9343719482422,0.007454458445743883,0.15810080435158558,14.680000305175781
2019-03-27,0,252.60643005371094,-0.00522946887553255,0.15587833068048312,15.149999618530273
2019-03-28,0,253.56396484375,0.003790619224678826,0.15493920399465924,14.430000305175781
2019-03-29,0,255.16278076171875,0.006305375130704949,0.1550134867653687,13.710000038146973
2019-04-01,0,258.18878173828125,0.011859100169425929,0.1549428909824784,13.399999618530273
2019-04-02,0,258.3153076171875,0.0004900518064898662,0.15335517645473068,13.359999656677246
2019-04-03,0,258.7217102050781,0.0015732810867441493,0.15286281292480672,13.739999771118164
2019-04-04,0,259.4083251953125,0.002653874658180566,0.152534971690729,13.579999923706055
2019-04-05,0,260.6638488769531,0.004839951380493757,0.15241622638391716,12.819999694824219
2019-04-08,0,260.86260986328125,0.0007625184205040103,0.15069732134243086,13.180000305175781
2019-04-09,0,259.5257263183594,-0.005124856895445951,0.1507388816243999,14.279999732971191
2019-04-10,0,260.4109802246094,0.0034110449041342417,0.1499734604429352,13.300000190734863
2019-04-11,0,260.33868408203125,-0.0002776232496639608,0.14986631536668027,13.020000457763672
2019-04-12,0,262.10015869140625,0.006766088626383171,0.14979751366217342,12.010000228881836
2019-04-15,0,261.92840576171875,-0.0006552950236466959,0.14976292305610517,12.319999694824219
2019-04-16,0,262.10015869140625,0.000655724716790429,0.14956102486560635,12.180000305175781
2019-04-17,0,261.45867919921875,-0.0024474593811397716,0.14923363684492474,12.600000381469727
2019-04-18,0,261.9736633300781,0.001969657815287018,0.14924156754496307,12.09000015258789
2019-04-22,0,262.1994934082031,0.0008620335160960391,0.14912277179174696,12.420000076293945
2019-04-23,0,264.55712890625,0.008991762216628008,0.1490989644676459,12.279999732971191
2019-04-24,0,263.9698486328125,-0.0022198618342490484,0.14912229433346777,13.140000343322754
2019-04-25,0,263.807373046875,-0.0006155081225337478,0.14846743342110255,13.25
2019-04-26,0,265.0359191894531,0.0046569818287824916,0.14851211702823017,12.729999542236328
2019-04-29,0,265.4513854980469,0.0015675849140159848,0.14820145744952296,13.109999656677246
2019-04-30,0,265.58673095703125,0.0005098690998746047,0.1482008332759188,13.119999885559082
2019-05-01,0,263.5906066894531,-0.007515903601001295,0.14819123002611798,14.800000190734863
2019-05-02,0,263.0214538574219,-0.0021592303275882463,0.1482097043366344,14.420000076293945
2019-05-03,0,265.5957946777344,0.009787569730749013,0.1483224015560003,12.869999885559082
2019-05-06,0,264.50286865234375,-0.004114997478468219,0.1483704526789483,15.4399995803833
2019-05-07,0,260.08575439453125,-0.016699683751325356,0.14884506005825676,19.31999969482422
2019-05-08,0,259.7245178222656,-0.0013889133340139193,0.14882662840139835,19.399999618530273
2019-05-09,0,258.9385986328125,-0.003025972272632904,0.14886586189574705,19.100000381469727
2019-05-10,0,260.2392578125,0.00502304093153727,0.14864808039222843,16.040000915527344
2019-05-13,0,253.69937133789062,-0.02513028406852169,0.15054707082625127,20.549999237060547
2019-05-14,0,255.9938201904297,0.009043967434523958,0.15077819685618205,18.059999465942383
2019-05-15,0,257.4932861328125,0.005857430235102434,0.1508815140930525,16.440000534057617
2019-05-16,0,259.8780517578125,0.00926146720489629,0.15097412775445482,15.289999961853027
2019-05-17,0,258.1979064941406,-0.006465129518662294,0.15107812289398243,15.960000038146973
2019-05-20,0,256.49078369140625,-0.00661168336302187,0.15123255124200774,16.309999465942383
2019-05-21,0,258.80316162109375,0.009015442568375498,0.15145736296943227,14.949999809265137
2019-05-22,0,258.0082092285156,-0.0030716486908378693,0.1513234416412826,14.75
2019-05-23,0,254.85572814941406,-0.012218530133316197,0.15180960879820407,16.920000076293945
2019-05-24,0,255.43380737304688,0.0022682606658692706,0.15180241130828423,15.850000381469727
2019-05-28,0,253.0580596923828,-0.009300834940750069,0.15208593451507504,17.5
2019-05-29,0,251.35997009277344,-0.006710276691734629,0.1522220085307653,17.899999618530273
2019-05-30,0,252.04647827148438,0.002731175447138856,0.15178738616839996,17.299999237060547
2019-05-31,0,248.65005493164062,-0.013475385028730247,0.15183685823489393,18.709999084472656
2019-06-03,0,248.01773071289062,-0.002543028671052716,0.15173017048673637,18.860000610351562
2019-06-04,0,253.40135192871094,0.02170659815467979,0.15294964939355749,16.969999313354492
2019-06-05,0,255.5963897705078,0.008662297280933151,0.15311585303606096,16.09000015258789
2019-06-06,0,257.2584228515625,0.0065025686886539535,0.15324327082518874,15.930000305175781
2019-06-07,0,259.832763671875,0.010006828121611688,0.15333945912786276,16.299999237060547
2019-06-10,0,261.0251770019531,0.004589156937821581,0.15339986557379356,15.9399995803833
2019-06-11,0,260.96197509765625,-0.00024212953333768716,0.15337729772030792,15.989999771118164
2019-06-12,0,260.5013122558594,-0.0017652489088668677,0.15338710700048994,15.90999984741211
2019-06-13,0,261.57623291015625,0.004126354086236184,0.1534324226564975,15.819999694824219
2019-06-14,0,261.2871398925781,-0.001105196043087786,0.15339932829088568,15.279999732971191
2019-06-17,0,261.386474609375,0.00038017453456640204,0.1533829090193991,15.350000381469727
2019-06-18,0,264.1235046386719,0.010471199909586781,0.15371341376383396,15.149999618530273
2019-06-19,0,264.7197265625,0.002257360338466574,0.15370703962056528,14.329999923706055
2019-06-20,0,267.2489318847656,0.009554275969941628,0.15392539615019463,14.75
2019-06-21,0,266.8603515625,-0.0014540014043280536,0.15393067160175866,15.399999618530273
2019-06-24,0,266.5335998535156,-0.001224429583005504,0.1537946369611901,15.260000228881836
2019-06-25,0,263.9194641113281,-0.009807903182278754,0.1541257112463162,16.280000686645508
2019-06-26,0,263.65625,-0.0009973273938488347,0.15349332504929183,16.209999084472656
2019-06-27,0,264.5911560058594,0.00354592772164275,0.15351491041208143,15.819999694824219
2019-06-28,0,265.9527282714844,0.005145947756450608,0.15333908126904613,15.079999923706055
2019-07-01,0,268.36712646484375,0.009078298271468555,0.15349156726814098,14.0600004196167
2019-07-02,0,269.06610107421875,0.0026045463115489387,0.1535033637375008,12.930000305175781
2019-07-03,0,271.2171936035156,0.007994661983463658,0.15367864691086466,12.569999694824219
2019-07-05,0,270.9087219238281,-0.0011373603405779864,0.15363426067001232,13.279999732971191
2019-07-08,0,269.42010498046875,-0.005494902241567345,0.15355843909063652,13.960000038146973
2019-07-09,0,269.755859375,0.0012462113566305,0.15335026249075429,14.09000015258789
2019-07-10,0,271.0447998046875,0.004778173985446887,0.153171048964614,13.029999732971191
2019-07-11,0,271.68017578125,0.0023441732769651225,0.15314996460278768,12.930000305175781
2019-07-12,0,272.896484375,0.00447698692130305,0.15300714709793417,12.390000343322754
2019-07-15,0,272.9873046875,0.00033280132834256904,0.15276250824744045,12.680000305175781
2019-07-16,0,272.1068115234375,-0.003225399675894969,0.1528054259039855,12.859999656677246
2019-07-17,0,270.2551574707031,-0.0068048794602662,0.1529699354708242,13.970000267028809
2019-07-18,0,271.2445068359375,0.0036607973534847904,0.1529611623544637,13.529999732971191
2019-07-19,0,269.7378234863281,-0.005554705483936995,0.15306598006450767,14.449999809265137
2019-07-22,0,270.400390625,0.00245633752844987,0.15302451209116708,13.529999732971191
2019-07-23,0,272.33380126953125,0.007150176965581956,0.1531668486581645,12.609999656677246
2019-07-24,0,273.6135559082031,0.004699213365017663,0.1532202820054853,12.069999694824219
2019-07-25,0,272.3065185546875,-0.004776946628894829,0.15323744049542304,12.739999771118164
2019-07-26,0,274.13104248046875,0.006700257986717473,0.15315097790204035,12.15999984741211
2019-07-29,0,273.6316833496094,-0.001821607382881285,0.15314230778050267,12.829999923706055
2019-07-30,0,272.9600830078125,-0.0024543953886319025,0.15300075344977068,13.9399995803833
2019-07-31,0,269.9737243652344,-0.010940642344736684,0.15331771797123644,16.1200008392334
2019-08-01,0,267.6228942871094,-0.008707625468561075,0.15351642178993288,17.8700008392334
2019-08-02,0,265.6077575683594,-0.007529762071058599,0.15370402499732913,17.610000610351562
2019-08-05,0,257.6201477050781,-0.030072953954387027,0.15658408052290929,24.59000015258789
2019-08-06,0,261.2327575683594,0.014023009828474153,0.1571442959416475,20.170000076293945
2019-08-07,0,261.3871154785156,0.0005908826733409533,0.15710597110169292,19.489999771118164
2019-08-08,0,266.5154724121094,0.019619777065925215,0.15827534476448468,16.90999984741211
2019-08-09,0,264.7001037597656,-0.006811494416867014,0.15843097321806304,17.969999313354492
2019-08-12,0,261.477783203125,-0.01217347674168312,0.1589069553709082,21.09000015258789
2019-08-13,0,265.544189453125,0.01555163195964937,0.1594980647309139,17.520000457763672
2019-08-14,0,257.6927185058594,-0.02956747411206906,0.1622158349767529,22.100000381469727
2019-08-15,0,258.3735656738281,0.002642089275616266,0.16211482822322293,21.18000030517578
2019-08-16,0,262.18585205078125,0.014754939682048551,0.1625902410369793,18.469999313354492
2019-08-19,0,265.34454345703125,0.012047528047540057,0.16283027190196292,16.8799991607666
2019-08-20,0,263.3113708496094,-0.007662387102190804,0.16298830022874133,17.5
2019-08-21,0,265.45355224609375,0.008135544581961529,0.16317012834023126,15.800000190734863
2019-08-22,0,265.3717956542969,-0.00030798831322886855,0.16315705765956157,16.68000030517578
2019-08-23,0,258.5550537109375,-0.02568751485647569,0.16519857788346898,19.8700008392334
2019-08-26,0,261.414306640625,0.011058584578602426,0.16555406529074984,19.31999969482422
2019-08-27,0,260.3885803222656,-0.003923757393161642,0.1654995263690664,20.309999465942383
2019-08-28,0,262.22216796875,0.007041736024733014,0.16546144568040624,19.350000381469727
2019-08-29,0,265.5714111328125,0.012772540132692578,0.1659442332823669,17.8799991607666
2019-08-30,0,265.45355224609375,-0.0004437935778404123,0.16586274004179158,18.979999542236328
2019-09-03,0,263.9013671875,-0.0058472943588818715,0.16591814514223308,19.65999984741211
2019-09-04,0,266.89666748046875,0.01135007493477902,0.16629647243701082,17.329999923706055
2019-09-05,0,270.32781982421875,0.012855733179962137,0.16676708373909288,16.270000457763672
2019-09-06,0,270.53656005859375,0.0007721744454962653,0.16674190564379127,15.0
2019-09-09,0,270.6727600097656,0.0005034437901567657,0.16670985135414326,15.270000457763672
2019-09-10,0,270.6091613769531,-0.0002349650286574967,0.16669584450407288,15.199999809265137
2019-09-11,0,272.5334167480469,0.007110828625692012,0.16682969838281003,14.609999656677246
2019-09-12,0,273.47747802734375,0.0034640202679059318,0.16683279551401245,14.220000267028809
2019-09-13,0,273.2959289550781,-0.0006638538338702427,0.16683555690166685,13.739999771118164
2019-09-16,0,272.45184326171875,-0.0030885410426223503,0.1667739520697943,14.670000076293945
2019-09-17,0,273.1416015625,0.00253167052394887,0.1667894220685832,14.4399995803833
2019-09-18,0,273.304931640625,0.0005979685159296366,0.16669620275846678,13.949999809265137
2019-09-19,0,273.2867431640625,-6.655012206813193e-05,0.16661679258907272,14.050000190734863
2019-09-20,0,271.99560546875,-0.004724479791313518,0.16668958986626772,15.319999694824219
2019-09-23,0,271.9317932128906,-0.00023460767224314782,0.16650340052270718,14.90999984741211
2019-09-24,0,269.79791259765625,-0.00784711706572605,0.1666947521785307,17.049999237060547
2019-09-25,0,271.393798828125,0.005915117041133788,0.1667555269244083,15.960000038146973
2019-09-26,0,270.8283996582031,-0.0020833164661950843,0.16676753220865664,16.06999969482422
2019-09-27,0,269.36932373046875,-0.005387455413006115,0.16683100359252812,17.219999313354492
2019-09-30,0,270.6186828613281,0.004638089866942252,0.1668698846253684,16.239999771118164
2019-10-01,0,267.399658203125,-0.011895057001118592,0.16730875118426927,18.559999465942383
2019-10-02,0,262.6761169433594,-0.017664724373646967,0.16822224762799246,20.559999465942383
2019-10-03,0,264.8282165527344,0.008192977855840056,0.16841612625416483,19.1200008392334
2019-10-04,0,268.4118957519531,0.013532089766972177,0.16894902011572374,17.040000915527344
2019-10-07,0,267.2537841796875,-0.0043146804988698495,0.16881911000143016,17.860000610351562
2019-10-08,0,263.104736328125,-0.01552474874882559,0.16945116430874962,20.280000686645508
2019-10-09,0,265.60333251953125,0.009496583855830742,0.16970893687695873,18.639999389648438
2019-10-10,0,267.399658203125,0.006763189552456694,0.16982823009052112,17.56999969482422
2019-10-11,0,270.17181396484375,0.010367087902606542,0.16708621818004785,15.579999923706055
2019-10-14,0,269.8708801269531,-0.0011138609667468158,0.1655722639518408,14.569999694824219
2019-10-15,0,272.5426940917969,0.009900341836017512,0.16529545211686736,13.539999961853027
2019-10-16,0,272.10504150390625,-0.0016058129510645447,0.16519630504487878,13.680000305175781
2019-10-17,0,272.9074401855469,0.002948856357845475,0.16381317986151192,13.789999961853027
2019-10-18,0,271.7129211425781,-0.004377011642323181,0.16388240712018004,14.25
2019-10-21,0,273.5550231933594,0.006779589439600553,0.16332963588678953,14.0
2019-10-22,0,272.6612548828125,-0.003267234138541575,0.16336907914580395,14.460000038146973
2019-10-23,0,273.45458984375,0.002909599170144217,0.16331227172484286,14.010000228881836
2019-10-24,0,273.90142822265625,0.0016340496576106034,0.16322062737976173,13.710000038146973
2019-10-25,0,275.0230407714844,0.004094949617847066,0.16030226607955617,12.649999618530273
2019-10-28,0,276.5732116699219,0.00563651283212141,0.15943873751569843,13.109999656677246
2019-10-29,0,276.49114990234375,-0.0002967090235624914,0.15839388541053012,13.199999809265137
2019-10-30,0,277.3392333984375,0.003067307927914875,0.1582895885989273,12.329999923706055
2019-10-31,0,276.6006164550781,-0.0026632255895012724,0.1576874023171941,13.220000267028809
2019-11-01,0,279.16302490234375,0.00926392890986838,0.15760301796517986,12.300000190734863
2019-11-04,0,280.2845458984375,0.004017441050748305,0.15731889929544335,12.829999923706055
2019-11-05,0,279.974609375,-0.0011057924097955807,0.15719236107678103,13.100000381469727
2019-11-06,0,280.0383605957031,0.00022770357942625274,0.1571155357694394,12.619999885559082
2019-11-07,0,281.0232238769531,0.0035168870406003805,0.15703756713303607,12.729999542236328
2019-11-08,0,281.7162170410156,0.002465964038494972,0.15565108570968617,12.069999694824219
2019-11-11,0,281.1782531738281,-0.0019095949563641135,0.15565252479554464,12.6899995803833
2019-11-12,0,281.7709655761719,0.0021079596151318825,0.15531853758933914,12.680000305175781
2019-11-13,0,281.8621520996094,0.0003236193028299805,0.15411368409402232,13.0
2019-11-14,0,282.2725524902344,0.0014560322752377175,0.1540955077979384,13.050000190734863
2019-11-15,0,284.31512451171875,0.007236169452058405,0.15405281646196872,12.050000190734863
2019-11-18,0,284.52484130859375,0.0007376209662963706,0.1537419468355362,12.460000038146973
2019-11-19,0,284.4427490234375,-0.0002885241400317762,0.15373238050322874,12.859999656677246
2019-11-20,0,283.3849182128906,-0.003718958610049561,0.15278268320786872,12.779999732971191
2019-11-21,0,282.9290771484375,-0.0016085579547697737,0.1515801784775791,13.130000114440918
2019-11-22,0,283.5581970214844,0.0022235956777139076,0.1515640594060143,12.34000015258789
2019-11-25,0,285.7558288574219,0.007750196816814325,0.15154006308590032,11.869999885559082
2019-11-26,0,286.4033203125,0.0022658906300077053,0.15076415507342567,11.539999961853027
2019-11-27,0,287.6799621582031,0.004457496666973482,0.15078706376808326,11.75
2019-11-29,0,286.613037109375,-0.0037087221536875603,0.1491860739617259,12.619999885559082
2019-12-02,0,284.1783752441406,-0.008494595674324756,0.14944002672284207,14.90999984741211
2019-12-03,0,282.2725524902344,-0.006706431311914396,0.14951858379807031,15.960000038146973
2019-12-04,0,284.0141296386719,0.006169842349435406,0.1490840566840659,14.800000190734863
2019-12-05,0,284.52484130859375,0.0017981910638447118,0.14536994183507623,14.520000457763672
2019-12-06,0,287.1236877441406,0.009133987821921652,0.1455975822215409,13.619999885559082
2019-12-09,0,286.2210388183594,-0.0031437633476817384,0.1436501237026827,15.859999656677246
2019-12-10,0,285.9017639160156,-0.001115483696313313,0.14365887445118586,15.680000305175781
2019-12-11,0,286.71337890625,0.0028387897266446416,0.14367214986817783,14.989999771118164
2019-12-12,0,289.1846008300781,0.008619137109176167,0.14382257236827922,13.9399995803833
2019-12-13,0,289.3577575683594,0.0005987757916023906,0.14381801248517664,12.630000114440918
2019-12-16,0,291.3457946777344,0.006870516021694417,0.1426323458866142,12.140000343322754
2019-12-17,0,291.4095153808594,0.00021871159388275885,0.1411348271584975,12.289999961853027
2019-12-18,0,291.4278259277344,6.283441654630906e-05,0.14112222967218596,12.579999923706055
2019-12-19,0,292.62237548828125,0.0040989550560044385,0.14023892053954262,12.5
2019-12-20,0,293.9051818847656,0.004383828797588807,0.13918827428968347,12.510000228881836
2019-12-23,0,294.354248046875,0.001527928698737524,0.13747928043966834,12.609999656677246
2019-12-24,0,294.3634338378906,3.120658552258071e-05,0.1346477562992052,12.670000076293945
2019-12-26,0,295.93035888671875,0.00532309678684828,0.1253437850399301,12.649999618530273
2019-12-27,0,295.8570251464844,-0.0002478074250653606,0.12518198431442534,13.430000305175781
2019-12-30,0,294.2259521484375,-0.005513044678385759,0.12533582574859806,14.819999694824219
2019-12-31,0,294.940673828125,0.0024291592038996335,0.12510890481339604,13.779999732971191
2020-01-02,0,297.6989440917969,0.009351949420442596,0.12538006264413906,12.470000267028809
2020-01-03,0,295.44476318359375,-0.0075720151278334535,0.12315668714067611,14.020000457763672
2020-01-06,0,296.5718994140625,0.003815048939514787,0.1188452276793554,13.850000381469727
2020-01-07,0,295.73797607421875,-0.0028118757761316227,0.11871251935260703,13.789999961853027
2020-01-08,0,297.3141174316406,0.005329519659072579,0.11849489098262687,13.449999809265137
2020-01-09,0,299.33013916015625,0.006780780360956751,0.11857863215285945,12.539999961853027
2020-01-10,0,298.46868896484375,-0.0028779266856638896,0.11861670043299953,12.5600004196167
2020-01-13,0,300.5213928222656,0.006877451248039179,0.11875973107769192,12.319999694824219
2020-01-14,0,300.0632629394531,-0.0015244501514853903,0.11857149458786538,12.390000343322754
2020-01-15,0,300.7413024902344,0.0022596553278102505,0.11811715054982992,12.420000076293945
2020-01-16,0,303.2430114746094,0.008318474927321517,0.11833434450940439,12.319999694824219
2020-01-17,0,304.1867980957031,0.003112311200526241,0.11817048804509779,12.100000381469727
2020-01-21,0,303.5912170410156,-0.0019579451127268443,0.11756198315924568,12.850000381469727
2020-01-22,0,303.6278991699219,0.00012082737196350557,0.11666356686761481,12.90999984741211
2020-01-23,0,303.97601318359375,0.0011465152399485756,0.1166586777656236,12.979999542236328
2020-01-24,0,301.2727355957031,-0.008893062184672784,0.11707798920249587,14.5600004196167
2020-01-27,0,296.4435729980469,-0.01602920552404985,0.11806402117367419,18.229999542236328
2020-01-28,0,299.550048828125,0.010479147173477754,0.11814411710373268,16.280000686645508
2020-01-29,0,299.30255126953125,-0.0008262310741126155,0.11813547481062199,16.389999389648438
2020-01-30,0,300.2739562988281,0.0032455621416407343,0.11721129069468732,15.489999771118164
2020-01-31,0,294.8216247558594,-0.018157856945617556,0.11848288109281553,18.84000015258789
2020-02-03,0,297.0116882324219,0.007428435679967871,0.11866769292958751,17.969999313354492
2020-02-04,0,301.5385437011719,0.015241337792765819,0.11938031397933041,16.049999237060547
2020-02-05,0,305.0207214355469,0.01154803525822512,0.11981234700022808,15.149999618530273
2020-02-06,0,306.04705810546875,0.003364809659788248,0.11981726964771193,14.960000038146973
2020-02-07,0,304.4159240722656,-0.005329683752885561,0.11952295698775375,15.470000267028809
2020-02-10,0,306.6885681152344,0.007465588568977832,0.1197015388011184,15.039999961853027
2020-02-11,0,307.219970703125,0.0017327107793954077,0.11970344290492756,15.180000305175781
2020-02-12,0,309.1993103027344,0.006442743924098826,0.11923375725034664,13.739999771118164
2020-02-13,0,308.869384765625,-0.001067031930913287,0.11922755637227282,14.149999618530273
2020-02-14,0,309.3642883300781,0.001602306958420785,0.11918810876232806,13.680000305175781
2020-02-18,0,308.56707763671875,-0.002576931867807497,0.11881741760930291,14.829999923706055
2020-02-19,0,310.0423889160156,0.004781168783773548,0.11887868802199118,14.380000114440918
2020-02-20,0,308.7686462402344,-0.004108285580673554,0.11897787411153928,15.5600004196167
2020-02-21,0,305.58892822265625,-0.01029805991086341,0.11941933634201206,17.079999923706055
2020-02-24,0,295.453857421875,-0.03316570027496779,0.12404207835376098,25.030000686645508
2020-02-25,0,286.50103759765625,-0.030301922277613524,0.12784953201148705,27.850000381469727
2020-02-26,0,285.4471740722656,-0.003678393398597768,0.12791333184678744,27.559999465942383
2020-02-27,0,272.6273193359375,-0.04491147890321234,0.1357462429206922,39.15999984741211
2020-02-28,0,271.4818420410156,-0.004201623291869683,0.13580488890164652,40.11000061035156
2020-03-02,0,283.2387390136719,0.04330638426595024,0.14231979284276836,33.41999816894531
2020-03-03,0,275.1289978027344,-0.02863217524261763,0.145214895812681,36.81999969482422
2020-03-04,0,286.6934814453125,0.04203295085191194,0.1510523003972488,31.989999771118164
2020-03-05,3,277.16326904296875,-0.03324181754778288,0.15465372623080126,39.619998931884766
2020-03-06,3,272.5814208984375,-0.01653122421434905,0.1553359796627269,41.939998626708984
2020-03-09,3,251.29434204101562,-0.07809438657726175,0.17404451955501063,54.459999084472656
2020-03-10,3,264.2975769042969,0.05174503634928196,0.18097843549124568,47.29999923706055
2020-03-11,3,251.4134521484375,-0.04874855421215141,0.18746548305219765,53.900001525878906
2020-03-12,3,227.35894775390625,-0.09567707769403355,0.2103873334938347,75.47000122070312
2020-03-13,3,246.79498291015625,0.08548612380669351,0.2272173948138886,57.83000183105469
2020-03-16,3,219.7897491455078,-0.10942375507884405,0.25213886285779535,82.69000244140625
2020-03-17,3,231.65667724609375,0.053992181831599595,0.25791986486105356,75.91000366210938
2020-03-18,3,219.92726135253906,-0.05063275547673629,0.26279449103070235,76.44999694824219
2020-03-19,3,220.39456176757812,0.0021247953171661393,0.26279441605129883,72.0
2020-03-20,3,210.89682006835938,-0.04309426522617554,0.2659676233322996,66.04000091552734
2020-03-23,3,205.50460815429688,-0.02556800957129035,0.26648615054955516,61.59000015258789
2020-03-24,3,224.1239471435547,0.0906030242167517,0.28168324188748695,61.66999816894531
2020-03-25,3,227.4791259765625,0.014970193394188147,0.2819912471792512,63.95000076293945
2020-03-26,3,240.7616424560547,0.05839004533919612,0.2879823773089931,61.0
2020-03-27,3,233.59033203125,-0.029785934136554282,0.28948922811762745,65.54000091552734
2020-03-30,3,241.1763916015625,0.03247591415426232,0.2912534073135427,57.08000183105469
2020-03-31,3,237.58154296875,-0.014905474822558107,0.2913840320201992,53.540000915527344
2020-04-01,3,226.88925170898438,-0.04500472185742144,0.2948135533397998,57.060001373291016
2020-04-02,3,232.12478637695312,0.023075287297804836,0.2957363752715753,50.90999984741211
2020-04-03,3,228.7695770263672,-0.014454334683317027,0.29606207847551624,46.79999923706055
2020-04-06,3,244.13522338867188,0.06716647625105199,0.3036173956451912,45.2400016784668
2020-04-07,3,244.3841094970703,0.0010194600555537559,0.30361821673691786,46.70000076293945
2020-04-08,3,252.587646484375,0.03356820950505801,0.30543218809090866,43.349998474121094
2020-04-09,3,256.4314270019531,0.015217610881123944,0.30578950031886554,41.66999816894531
2020-04-13,3,254.0902099609375,-0.009129992639310136,0.30592931936847806,41.16999816894531
2020-04-14,1,261.5840148925781,0.029492694475685255,0.3072684316114237,37.7599983215332
2020-04-15,1,256.0258483886719,-0.021248112221951998,0.3080138229319336,40.84000015258789
2020-04-16,1,257.260986328125,0.004824270468105407,0.30804959544719623,40.11000061035156
2020-04-17,1,264.2109680175781,0.027015295978803033,0.3092102671367417,38.150001525878906
2020-04-20,1,259.5561218261719,-0.017617914299063342,0.30971975956211967,43.83000183105469
2020-04-21,1,251.67510986328125,-0.03036342162705241,0.3112185729989581,45.40999984741211
2020-04-22,1,257.260986328125,0.02219479100606403,0.3118796090212861,41.97999954223633
2020-04-23,1,257.2424621582031,-7.200535995088853e-05,0.3118710819845685,41.380001068115234
2020-04-24,1,260.8280944824219,0.013938726500034804,0.31217740735273986,35.93000030517578
2020-04-27,1,264.58880615234375,0.014418353503615089,0.3124713915535047,33.290000915527344
2020-04-28,1,263.3721008300781,-0.004598476178788391,0.31250489686451344,33.56999969482422
2020-04-29,1,270.266845703125,0.02617872147929301,0.31358579148042737,31.229999542236328
2020-04-30,1,267.7504577636719,-0.00931075335158671,0.31363563909060255,34.150001525878906
2020-05-01,1,260.6622619628906,-0.02647314167073278,0.3147642122225725,37.189998626708984
2020-05-04,1,261.3811340332031,0.0027578678436190884,0.3146268501794017,35.970001220703125
2020-05-05,1,263.7962341308594,0.009239764402236617,0.3147291932548278,33.61000061035156
2020-05-06,1,262.00799560546875,-0.00677886297839847,0.31435090980483504,34.119998931884766
2020-05-07,1,265.16949462890625,0.01206642192781815,0.3145693891744982,31.440000534057617
2020-05-08,1,269.5571594238281,0.016546642369485998,0.31497153969025443,27.979999542236328
2020-05-11,1,269.6123962402344,0.00020491689600943275,0.3149367341047392,27.56999969482422
2020-05-12,1,264.23858642578125,-0.01993161252743314,0.31455732790838864,33.040000915527344
2020-05-13,1,259.5653381347656,-0.017685714846677913,0.31495180523913135,35.279998779296875
2020-05-14,1,262.671630859375,0.01196728633696309,0.31512018281725446,32.61000061035156
2020-05-15,1,263.879150390625,0.004597068694854434,0.3150211716637099,31.889999389648438
2020-05-18,1,271.9168395996094,0.030459735818786804,0.3163909987790048,29.299999237060547
2020-05-19,1,269.1238708496094,-0.010271407810242938,0.31649363520943674,30.530000686645508
2020-05-20,1,273.69580078125,0.016988199215503652,0.3168120297063924,27.989999771118164
2020-05-21,1,271.80621337890625,-0.006903969286156442,0.316877633440914,29.530000686645508
2020-05-22,1,272.3223876953125,0.0018990526742914682,0.31662728398477885,28.15999984741211
2020-05-26,1,275.677490234375,0.012320333144318463,0.3168443131927116,28.010000228881836
2020-05-27,1,279.7793884277344,0.01487933668386221,0.3170157706090814,27.6200008392334
2020-05-28,1,279.26324462890625,-0.0018448242443043217,0.3169404733860046,28.59000015258789
2020-05-29,1,280.507568359375,0.004455737568050733,0.31695670822017374,27.510000228881836
2020-06-01,1,281.6412353515625,0.004041484509020865,0.3166582358173692,28.229999542236328
2020-06-02,1,283.9732666015625,0.008280148491356387,0.31673209393660795,26.84000015258789
2020-06-03,1,287.7525329589844,0.01330852866063803,0.3162849082080667,25.65999984741211
2020-06-04,1,286.9966125488281,-0.0026269809074591643,0.3162011879643198,25.809999465942383
2020-06-05,1,294.352294921875,0.02562985781511773,0.3171331982277193,24.520000457763672
2020-06-08,1,297.91021728515625,0.012087292759941137,0.3172010811471284,25.809999465942383
2020-06-09,1,295.6888122558594,-0.007456625857080179,0.31728316942945256,27.56999969482422
2020-06-10,1,294.03887939453125,-0.0055799637759051945,0.3173439046982046,27.56999969482422
2020-06-11,1,277.0878601074219,-0.057648904532672685,0.3226513732195916,40.790000915527344
2020-06-12,1,280.40618896484375,0.011975728045737544,0.3228365252735908,36.09000015258789
2020-06-15,1,283.02392578125,0.0093355172582672,0.32295373627227947,34.400001525878906
2020-06-16,1,288.47149658203125,0.019247739517936457,0.32349590643922455,33.66999816894531
2020-06-17,1,287.27325439453125,-0.0041537628559404904,0.3233784389118288,33.470001220703125
2020-06-18,1,287.3838195800781,0.0003848781042283811,0.32337388888148927,32.939998626708984
2020-06-19,1,285.7414245605469,-0.005714987788564829,0.32330679170219295,35.119998931884766
2020-06-22,1,287.5744934082031,0.006415131619349257,0.3233554364190696,31.770000457763672
2020-06-23,1,288.8984375,0.004603830041065571,0.3233766582440451,31.3700008392334
2020-06-24,1,281.529052734375,-0.025508565672408667,0.32426045662091485,33.84000015258789
2020-06-25,1,284.54718017578125,0.010720483062378161,0.32441904326627935,32.220001220703125
2020-06-26,1,277.7886962890625,-0.023751716262110367,0.32531003199978614,34.72999954223633
2020-06-29,1,281.87158203125,0.014697810950301982,0.3255899226256493,31.780000686645508
2020-06-30,1,285.4821472167969,0.012809255759406835,0.32571063197464084,30.43000030517578
2020-07-01,1,287.48199462890625,0.007005157525982408,0.3257694841458699,28.6200008392334
2020-07-02,1,289.0650329589844,0.005506565140267483,0.3257213176325074,27.68000030517578
2020-07-06,1,293.5273742675781,0.015437153580685425,0.3260609973795374,27.940000534057617
2020-07-07,1,290.5001220703125,-0.010313355627628806,0.32618597226606827,29.43000030517578
2020-07-08,1,292.72198486328125,0.0076484057119636795,0.3262632739546262,28.079999923706055
2020-07-09,1,291.0555725097656,-0.005692815844679178,0.32629463270356956,29.260000228881836
2020-07-10,1,294.02734375,0.0102103224295238,0.32643417184653983,27.290000915527344
2020-07-13,1,291.4814453125,-0.008658713183032019,0.3265388398067585,32.189998626708984
2020-07-14,1,295.2586975097656,0.012958808383895626,0.3267773608349181,29.520000457763672
2020-07-15,1,297.9713439941406,0.009187355045773948,0.32687009549854107,27.760000228881836
2020-07-16,1,296.989990234375,-0.003293450123797559,0.3268093708037547,28.0
2020-07-17,1,297.85107421875,0.002899370391895806,0.3268030689475709,25.68000030517578
2020-07-20,1,300.2581481933594,0.008081468166341255,0.326830372744757,24.459999084472656
2020-07-21,1,300.89691162109375,0.0021273808273907235,0.32682870148356663,24.84000015258789
2020-07-22,1,302.60968017578125,0.00569221048318469,0.3268027832295137,24.31999969482422
2020-07-23,1,298.99896240234375,-0.01193193083360744,0.3270180659297439,26.079999923706055
2020-07-24,1,297.07330322265625,-0.0064403540541263515,0.32704957836305887,25.84000015258789
2020-07-27,1,299.2396545410156,0.0072923123513919386,0.3270612758707799,24.739999771118164
2020-07-28,1,297.341796875,-0.006342266598745483,0.3271255799609802,25.440000534057617
2020-07-29,1,300.99871826171875,0.012298712879091456,0.3273224620923926,24.100000381469727
2020-07-30,1,299.92474365234375,-0.0035680371517102794,0.3271444237889132,24.760000228881836
2020-07-31,1,302.2948913574219,0.007902474721543706,0.3270900438910448,24.459999084472656
2020-08-03,1,304.39642333984375,0.006951926884986914,0.3270449351609291,24.280000686645508
2020-08-04,1,305.5722351074219,0.003862764728563839,0.3255908164814382,23.760000228881836
2020-08-05,1,307.4700622558594,0.006210731638528477,0.32536807492236913,22.989999771118164
2020-08-06,1,309.5254211425781,0.006684744757388339,0.32542011031253343,22.649999618530273
2020-08-07,1,309.7476501464844,0.0007179668897174807,0.3248759204653316,22.209999084472656
2020-08-10,1,310.6734313964844,0.0029888241268729576,0.3247929802532586,22.1299991607666
2020-08-11,1,308.1089172363281,-0.008254694161096143,0.3246588781329116,24.030000686645508
2020-08-12,1,312.4045715332031,0.013941999262488514,0.32458973995973,22.280000686645508
2020-08-13,1,311.8399353027344,-0.0018073878615081362,0.3231614251441281,22.1299991607666
2020-08-14,1,311.8492736816406,2.9946064788566318e-05,0.3231583770297435,22.049999237060547
2020-08-17,1,312.8398742675781,0.003176536453789458,0.3228692705247779,21.350000381469727
2020-08-18,1,313.5156555175781,0.002160150625242885,0.32267815641685926,21.510000228881836
2020-08-19,1,312.21026611328125,-0.004163713617879261,0.32260423281365685,22.540000915527344
2020-08-20,1,313.18231201171875,0.0031134334899955984,0.3225299764189879,22.719999313354492
2020-08-21,1,314.29339599609375,0.0035477226578921606,0.3225389564502989,22.540000915527344
2020-08-24,1,317.4781799316406,0.010133155758660806,0.32156435311154125,22.3700008392334
2020-08-25,1,318.58905029296875,0.003499044758185743,0.32141627692487845,22.030000686645508
2020-08-26,1,321.7831726074219,0.010025838337870852,0.3215048016331141,23.270000457763672
2020-08-27,1,322.48675537109375,0.002186511985604156,0.32145056438924857,24.469999313354492
2020-08-28,1,324.5697937011719,0.006459298856106965,0.3212809262248011,22.959999084472656
2020-08-31,1,323.3940734863281,-0.003622395668545275,0.32131101449071364,26.40999984741211
2020-09-01,1,326.4399719238281,0.009418535116193949,0.321347524756215,26.1200008392334
2020-09-02,1,331.1615295410156,0.01446378514665847,0.3214627854726506,26.56999969482422
2020-09-03,1,319.7648620605469,-0.03441422527630045,0.32319255550805515,33.599998474121094
2020-09-04,1,317.1540222167969,-0.008164874110700882,0.3233189574006623,30.75
2020-09-08,1,308.4884948730469,-0.02732277296431862,0.3245431226971061,31.459999084472656
2020-09-09,1,314.58038330078125,0.019747538494884198,0.3250982107052016,28.809999465942383
2020-09-10,1,309.1181945800781,-0.01736341174039624,0.32554281388277323,29.709999084472656
2020-09-11,1,309.27557373046875,0.0005091228958697958,0.3255311407436779,26.8700008392334
2020-09-14,1,313.3490905761719,0.013171156055321598,0.3257668621646861,25.850000381469727
2020-09-15,1,314.9321594238281,0.005052093321047613,0.32577215395596265,25.59000015258789
2020-09-16,1,313.682373046875,-0.003968430468452744,0.3258020506619993,26.040000915527344
2020-09-17,1,310.92340087890625,-0.008795432593709851,0.3259421592666126,26.459999084472656
2020-09-18,1,307.3437805175781,-0.011512868929161924,0.3261709333443142,25.829999923706055
2020-09-21,1,303.92327880859375,-0.011129236788927743,0.3263402888145576,27.780000686645508
2020-09-22,1,307.0184631347656,0.010184097573260109,0.3264781192959436,26.860000610351562
2020-09-23,1,299.8984680175781,-0.023190771800789656,0.32724081625502616,28.579999923706055
2020-09-24,1,300.6978759765625,0.0026655953405454458,0.32720429298082204,28.510000228881836
2020-09-25,1,305.55914306640625,0.016166615989740674,0.3275616300485445,26.3799991607666
2020-09-28,1,310.63433837890625,0.016609535102004802,0.32789009809758124,26.190000534057617
2020-09-29,1,308.9425964355469,-0.005446088002337368,0.3279260483497679,26.270000457763672
2020-09-30,1,311.2849426269531,0.007581816876116365,0.3277509486741382,26.3700008392334
2020-10-01,1,313.283447265625,0.006420177673247984,0.32727194807222415,26.700000762939453
2020-10-02,1,310.3089904785156,-0.009494458813801954,0.32735489419966396,27.6299991607666
2020-10-05,1,315.811767578125,0.017733218399904382,0.3275452911811773,27.959999084472656
2020-10-06,1,311.3221740722656,-0.014216042487234848,0.3278518411922474,29.479999542236328
2020-10-07,1,316.7412414550781,0.017406621930998734,0.32785740678022995,28.059999465942383
2020-10-08,1,319.54833984375,0.00886243413006893,0.3278414249260477,26.360000610351562
2020-10-09,1,322.4019775390625,0.008930222252782949,0.3278871715524069,25.0
2020-10-12,1,327.58868408203125,0.016087700772059677,0.3281018326717767,25.06999969482422
2020-10-13,1,325.4508361816406,-0.006526012662437686,0.32818113515143,26.06999969482422
2020-10-14,1,323.4058532714844,-0.006283538657171905,0.328137458270122,26.399999618530273
2020-10-15,1,323.00616455078125,-0.0012358734904145408,0.32813483710125024,26.969999313354492
2020-10-16,1,322.8110046386719,-0.0006041987228967427,0.32813175252027077,27.40999984741211
2020-10-19,1,317.9030456542969,-0.015203815588221814,0.3284843785995014,29.18000030517578
2020-10-20,1,319.17657470703125,0.0040060297318424976,0.3284457227878277,29.350000381469727
2020-10-21,1,318.5723876953125,-0.001892955372032934,0.32843139589817605,28.649999618530273
2020-10-22,1,320.3197937011719,0.00548511444604749,0.3284578423547566,28.110000610351562
2020-10-23,1,321.4073791503906,0.0033953114063047796,0.32846682172360087,27.549999237060547
2020-10-26,1,315.46783447265625,-0.018479801843489074,0.329018223558291,32.459999084472656
2020-10-27,1,314.3802795410156,-0.0034474352463179647,0.3290084687134183,33.349998474121094
2020-10-28,1,303.63507080078125,-0.03417901643169863,0.3308535444662143,40.279998779296875
2020-10-29,1,306.7210693359375,0.010163511504180045,0.3309829616161837,37.59000015258789
2020-10-30,1,303.5235900878906,-0.010424713421120835,0.3311511795560792,38.02000045776367
2020-11-02,1,306.9255676269531,0.011208280509852342,0.33120802928329307,37.130001068115234
2020-11-03,1,312.3446350097656,0.017655965987815714,0.3316300466565701,35.54999923706055
2020-11-04,1,319.3252868652344,0.022349197242496288,0.33233411317557354,29.56999969482422
2020-11-05,1,325.5530090332031,0.019502752911005894,0.3328626875599024,27.579999923706055
2020-11-06,1,325.4786376953125,-0.0002284461695238882,0.3328532801963396,24.860000610351562
2020-11-09,1,329.5684814453125,0.012565628819635855,0.33305707120905664,25.75
2020-11-10,1,329.0852355957031,-0.0014662987415851036,0.33305368642030553,24.799999237060547
2020-11-11,1,331.5298156738281,0.007428410070418057,0.3331164185927365,23.450000762939453
2020-11-12,1,328.31365966796875,-0.009700955551531942,0.3332836301697995,25.350000381469727
2020-11-13,1,332.8589782714844,0.013844439515895868,0.3335372435562109,23.100000381469727
2020-11-16,1,337.01397705078125,0.01248276011923588,0.3336789173136818,22.450000762939453
2020-11-17,1,335.20135498046875,-0.005378477433413353,0.3337379005832231,22.709999084472656
2020-11-18,1,331.1672668457031,-0.012034820488719955,0.33398556257780054,23.84000015258789
2020-11-19,1,332.5616149902344,0.004210404481735486,0.33397134810700874,23.110000610351562
2020-11-20,1,330.2843017578125,-0.006847793400596602,0.3340512795662236,23.700000762939453
2020-11-23,2,332.26409912109375,0.005994221804501487,0.3340882718577586,22.65999984741211
2020-11-24,2,337.61810302734375,0.016113699675686988,0.3343662187225603,21.639999389648438
2020-11-25,2,337.0975646972656,-0.001541796264508899,0.3343721129220103,21.25
2020-11-27,2,338.03643798828125,0.0027851678248069778,0.33435828080314034,20.84000015258789
2020-11-30,2,336.5398254394531,-0.004427370486255078,0.3343689191141822,20.56999969482422
2020-12-01,2,340.2207946777344,0.01093769283761481,0.3343877327012333,20.770000457763672
2020-12-02,2,340.9364929199219,0.002103628741639385,0.3343015802655308,21.170000076293945
2020-12-03,2,340.8434753417969,-0.00027282963266372917,0.33426309960798245,21.280000686645508
2020-12-04,2,343.78076171875,0.008617698707618304,0.3343500865819317,20.790000915527344
2020-12-07,2,343.07440185546875,-0.0020546811862006686,0.3342631343170494,21.299999237060547
2020-12-08,2,344.0782470703125,0.0029260277345515284,0.3342439797582803,20.68000030517578
2020-12-09,2,340.9922180175781,-0.008968974583574152,0.3343850281019601,22.270000457763672
2020-12-10,2,340.8807373046875,-0.0003269303726012307,0.3343818004199464,22.520000457763672
2020-12-11,2,340.48095703125,-0.00117278634339546,0.3342985127129606,23.309999465942383
2020-12-14,2,338.9566650390625,-0.004476878840679488,0.33434119476736446,24.719999313354492
2020-12-15,2,343.5390930175781,0.013519214847088179,0.3345274301365747,22.889999389648438
2020-12-16,2,344.0782470703125,0.0015694110617763268,0.3345274865757798,22.5
2020-12-17,2,346.00238037109375,0.005592138756705722,0.3345595738749654,21.93000030517578
2020-12-18,2,344.6208190917969,-0.003992924204206716,0.33457986632476017,21.56999969482422
2020-12-21,2,343.3885803222656,-0.0035756364713502853,0.33459067998397324,25.15999984741211
2020-12-22,2,342.8098449707031,-0.0016853657480960793,0.33459948686760177,24.229999542236328
2020-12-23,2,343.1178894042969,0.0008985868933257812,0.3345985365515286,23.309999465942383
2020-12-24,2,344.4527893066406,0.0038904992819270845,0.33458229654184557,21.530000686645508
2020-12-28,2,347.411865234375,0.008590657470624041,0.3346705441650942,21.700000762939453
2020-12-29,2,346.7491455078125,-0.0019075909399796087,0.3346210179065725,23.079999923706055
2020-12-30,2,347.2438659667969,0.0014267387977549006,0.3346178463912653,22.770000457763672
2020-12-31,2,349.0081787109375,0.005080903990135166,0.334536418560185,22.75
2021-01-04,2,344.2567443847656,-0.013614105960844003,0.33474371648782836,26.969999313354492
2021-01-05,2,346.62774658203125,0.00688730790591463,0.3347853131255698,25.34000015258789
2021-01-06,2,348.7000427246094,0.005978448531637426,0.33480437452793516,25.06999969482422
2021-01-07,2,353.880859375,0.014857516534582782,0.33506704591491543,22.3700008392334
2021-01-08,2,355.8971862792969,0.005697756323577385,0.3350497619082197,21.559999465942383
2021-01-11,2,353.4981384277344,-0.006740845232982018,0.3351158835144551,24.079999923706055
2021-01-12,2,353.5728454589844,0.0002113364205602597,0.3350627195867365,23.329999923706055
2021-01-13,2,354.52496337890625,0.0026928479722074794,0.3350590104270387,22.209999084472656
2021-01-14,2,353.28338623046875,-0.003502086670016946,0.33508483520424803,23.25
2021-01-15,2,350.7070617675781,-0.0072925151968791235,0.3350997682781854,24.34000015258789
2021-01-19,2,353.4607849121094,0.007851918152581128,0.33516609712840895,23.239999771118164
2021-01-20,2,358.352294921875,0.013838904394958274,0.33540682056297816,21.579999923706055
2021-01-21,2,358.6789245605469,0.0009114763413000659,0.33540594918714445,21.31999969482422
2021-01-22,2,357.4093933105469,-0.0035394643037792717,0.335435026499229,21.90999984741211
2021-01-25,2,358.8190612792969,0.0039441268056576995,0.3353056226046219,23.190000534057617
2021-01-26,2,358.2589416503906,-0.0015610085676865948,0.3348833187734426,23.020000457763672
2021-01-27,2,349.5028076171875,-0.02444079690758383,0.3357080178780559,37.209999084472656
2021-01-28,2,352.50872802734375,0.00860056155385358,0.33579346793002796,30.209999084472656
2021-01-29,2,345.45159912109375,-0.020019728151816407,0.33643388724190276,33.09000015258789
2021-02-01,2,351.2018127441406,0.01664549719172448,0.3362668998734565,30.239999771118164
2021-02-02,2,356.1678771972656,0.014140201653067397,0.33646424199055075,25.559999465942383
2021-02-03,2,356.44793701171875,0.0007863140737367491,0.336158050903161,22.90999984741211
2021-02-04,2,360.499267578125,0.011365840970691377,0.33615230042651223,21.770000457763672
2021-02-05,2,361.9180908203125,0.003935717405805894,0.33615700704295437,20.8700008392334
2021-02-08,2,364.5318908691406,0.007222076251849563,0.3361581387456239,21.239999771118164
2021-02-09,2,364.2890625,-0.0006661375183434348,0.33609802540739814,21.6299991607666
2021-02-10,2,364.1304626464844,-0.0004353681453601599,0.3360996812336155,21.989999771118164
2021-02-11,2,364.718505859375,0.0016149245207794927,0.3360544182039439,21.25
2021-02-12,0,366.5202331542969,0.004940049013077985,0.3360731486296365,19.969999313354492
2021-02-16,0,366.20281982421875,-0.0008660185751451221,0.3360770691278135,21.459999084472656
2021-02-17,0,366.2868347167969,0.0002294217521821018,0.33605967902503553,21.5
2021-02-18,0,364.72784423828125,-0.004256201235627199,0.33607657059162127,22.489999771118164
2021-02-19,0,364.0837707519531,-0.001765901607192144,0.3360498952570879,22.049999237060547
2021-02-22,0,361.2832946777344,-0.007691845391610941,0.33597296042027514,23.450000762939453
2021-02-23,0,361.72210693359375,0.0012145932633027545,0.3342287041804703,23.110000610351562
2021-02-24,0,365.7080383300781,0.011019319306398101,0.3328917505897308,21.34000015258789
2021-02-25,0,356.89599609375,-0.024095839611746883,0.33381640439396465,28.889999389648438
2021-02-26,0,355.0570373535156,-0.005152646037954733,0.3306661743098531,27.950000762939453
2021-03-01,0,363.6636657714844,0.02424012908494899,0.3314162622659534,23.350000381469727
2021-03-02,3,360.825927734375,-0.00780319373146432,0.3288558328940174,24.100000381469727
2021-03-03,3,356.0465393066406,-0.013245690124720655,0.32781386496618253,26.670000076293945
2021-03-04,3,351.64056396484375,-0.012374717502877552,0.32552316791153657,28.56999969482422
2021-03-05,3,358.10955810546875,0.018396609502855155,0.3241590389650469,24.65999984741211
2021-03-08,0,356.3266296386719,-0.004978723484034386,0.32372921071741617,25.469999313354492
2021-03-09,0,361.41400146484375,0.014277270916660534,0.314025673289704,24.030000686645508
2021-03-10,0,363.6636657714844,0.006224618574605767,0.31000711037806,22.559999465942383
2021-03-11,0,367.3509216308594,0.010139192353882276,0.305999040454945,21.90999984741211
2021-03-12,0,367.8456726074219,0.0013468075004849922,0.2899645008872222,20.690000534057617
2021-03-15,0,370.0392761230469,0.005963379968767724,0.27764126482756313,20.030000686645508
2021-03-16,0,369.5726318359375,-0.00126106691159511,0.2542355468678757,19.790000915527344
2021-03-17,2,370.8327941894531,0.003409782665062311,0.24886337577519235,19.229999542236328
2021-03-18,2,365.4373474121094,-0.014549540552735718,0.24376672529253327,21.579999923706055
2021-03-19,2,364.7611999511719,-0.0018502418149806132,0.24379927847158783,20.950000762939453
2021-03-22,2,367.6737976074219,0.007984943729321792,0.23960377382189318,18.8799991607666
2021-03-23,2,364.7799072265625,-0.007870809395967071,0.23818506680010568,20.299999237060547
2021-03-24,0,362.9255065917969,-0.005083615073167569,0.22122238754256307,21.200000762939453
2021-03-25,0,364.9671630859375,0.005625552508870646,0.22086988551269704,19.809999465942383
2021-03-26,0,370.8486633300781,0.016115149084674485,0.213966603616509,18.860000610351562
2021-03-29,0,370.6612854003906,-0.0005052679117268921,0.21161666278356156,20.739999771118164
2021-03-30,0,369.67791748046875,-0.00265300952285763,0.20942894230532177,19.610000610351562
2021-03-31,0,371.17633056640625,0.004053293461913743,0.20876926773314375,19.399999618530273
2021-04-01,0,375.1846923828125,0.01079907711326733,0.20358674715914474,17.329999923706055
2021-04-05,0,380.5698547363281,0.0143533637241815,0.2028692521186406,17.90999984741211
2021-04-06,0,380.3450622558594,-0.0005906733748644033,0.202209855663795,18.1200008392334
2021-04-07,0,380.78521728515625,0.0011572518562126266,0.1913684019486629,17.15999984741211
2021-04-08,0,382.5926818847656,0.0047466774379947285,0.19138868769455952,16.950000762939453
2021-04-09,0,385.374267578125,0.00727035781148877,0.1888027471255437,16.690000534057617
2021-04-12,0,385.5146789550781,0.0003643506813144626,0.18832255956729366,16.90999984741211
2021-04-13,0,386.6572265625,0.002963694172472664,0.18801303427505608,16.649999618530273
2021-04-14,0,385.33673095703125,-0.0034151582196157992,0.18600493304581192,16.989999771118164
2021-04-15,0,389.4762878417969,0.010742699961367563,0.18480559294822643,16.56999969482422
2021-04-16,0,390.778076171875,0.0033424071521572785,0.1847866555257176,16.25
2021-04-19,0,388.8581848144531,-0.00491299659445954,0.18315114363531632,17.290000915527344
2021-04-20,0,386.0111083984375,-0.007321631708418708,0.1823540554335723,18.68000030517578
2021-04-21,0,389.6635437011719,0.009461995324145933,0.17966531056745788,17.5
2021-04-22,0,386.1047668457031,-0.009132947931608237,0.17882432145048582,18.709999084472656
2021-04-23,0,390.2909851074219,0.010842182281037838,0.17905012740005133,17.329999923706055
2021-04-26,0,391.10577392578125,0.002087644474122685,0.17862983246942596,17.639999389648438
2021-04-27,0,391.0216064453125,-0.00021520388109819155,0.17818033752188875,17.559999465942383
2021-04-28,0,390.9092102050781,-0.0002874425310052109,0.1780815475951701,17.280000686645508
2021-04-29,0,393.400390625,0.006372785175910778,0.17643432862716635,17.610000610351562
2021-04-30,0,390.8155517578125,-0.006570504068592609,0.17628614951736815,18.610000610351562
2021-05-03,0,391.6584167480469,0.0021566823184064887,0.17402499946910002,18.309999465942383
2021-05-04,0,389.2421875,-0.006169225898702502,0.17419822977106617,19.479999542236328
2021-05-05,0,389.3638916015625,0.0003126693494972521,0.1740359761710559,19.149999618530273
2021-05-06,0,392.4731750488281,0.007985546462658144,0.1739480238695798,18.389999389648438
2021-05-07,0,395.32958984375,0.007277987328857538,0.1737263198563168,16.690000534057617
2021-05-10,0,391.4149169921875,-0.009902301654449275,0.1734618922483824,19.65999984741211
2021-05-11,0,387.9216003417969,-0.008924842919209364,0.17377248003369483,21.84000015258789
2021-05-12,0,379.68011474609375,-0.021245235089877856,0.17394005734229342,27.59000015258789
2021-05-13,0,384.24102783203125,0.012012515032522986,0.17318501234185976,23.1299991607666
2021-05-14,0,390.1411437988281,0.015355247200140365,0.1734212669931273,18.809999465942383
2021-05-17,0,389.14849853515625,-0.002544323456907027,0.17344567260194957,19.719999313354492
2021-05-18,0,385.7956848144531,-0.008615769387069205,0.17130701646485852,21.34000015258789
2021-05-19,0,384.7842102050781,-0.002621788291544691,0.17095205746682263,22.18000030517578
2021-05-20,0,388.92376708984375,0.01075812565842904,0.17049747386011685,20.670000076293945
2021-05-21,0,388.6052551269531,-0.0008189573120560567,0.17030650213807588,20.149999618530273
2021-05-24,0,392.5667724609375,0.010194193932581141,0.17052899844060987,18.399999618530273
2021-05-25,0,391.69586181640625,-0.0022185032092034707,0.17022318008830453,18.84000015258789
2021-05-26,0,392.4731750488281,0.001984481604725863,0.1696895827987941,17.360000610351562
2021-05-27,0,392.6792297363281,0.0005250159771412743,0.16966061306019772,16.739999771118164
2021-05-28,0,393.3816223144531,0.0017887184371749854,0.16963351596203247,16.760000228881836
2021-06-01,0,393.03515625,-0.0008807377996326027,0.1696279810215436,17.899999618530273
2021-06-02,0,393.65313720703125,0.0015723299740599828,0.16948662602423728,17.479999542236328
2021-06-03,0,392.19219970703125,-0.00371123042576349,0.16913556976251976,18.040000915527344
2021-06-04,0,395.7791442871094,0.009145884550374905,0.16927176187988974,16.420000076293945
2021-06-07,0,395.3951110839844,-0.0009703219804992891,0.16751942298224307,16.420000076293945
2021-06-08,0,395.4794006347656,0.00021317802981979384,0.16716706087512367,17.06999969482422
2021-06-09,0,394.88946533203125,-0.0014916966643205853,0.16696393738513565,17.889999389648438
2021-06-10,0,396.7250061035156,0.00464823940021053,0.16685994296853737,16.100000381469727
2021-06-11,0,397.380615234375,0.0016525530802773414,0.15603241490479394,15.649999618530273
2021-06-14,0,398.2702941894531,0.002238858467098037,0.1556782496013362,16.389999389648438
2021-06-15,0,397.53985595703125,-0.0018340263963407821,0.1555102156713317,17.020000457763672
2021-06-16,0,395.3202209472656,-0.005583427614879288,0.15462851881542658,18.149999618530273
2021-06-17,0,395.18914794921875,-0.00033156158248826006,0.15454042205743715,17.75
2021-06-18,0,389.8578186035156,-0.013490576280673072,0.15524545118350191,20.700000762939453
2021-06-21,0,395.4390563964844,0.014316085317875427,0.15563386634629545,17.889999389648438
2021-06-22,0,397.5531005859375,0.00534606826325601,0.15560252195135027,16.65999984741211
2021-06-23,0,397.073974609375,-0.001205187372092742,0.15558839432485103,16.31999969482422
2021-06-24,0,399.42291259765625,0.005915618092553254,0.15330673050795388,15.970000267028809
2021-06-25,0,400.8417663574219,0.003552259309657746,0.15303821181828062,15.619999885559082
2021-06-28,0,401.6498107910156,0.0020158688575213635,0.15094015756716836,15.760000228881836
2021-06-29,0,401.865966796875,0.0005381703166589258,0.15036107230477827,16.020000457763672
2021-06-30,0,402.2041320800781,0.0008414877375622076,0.14992926137515528,15.829999923706055
2021-07-01,0,404.43096923828125,0.005536584486804275,0.1498813804692119,15.479999542236328
2021-07-02,0,407.52227783203125,0.00764360009217957,0.14995538435937428,15.069999694824219
2021-07-06,0,406.7799987792969,-0.0018214441102047951,0.14932619607546502,16.440000534057617
2021-07-07,0,408.2175598144531,0.0035340012770299634,0.14888264961193318,16.200000762939453
2021-07-08,0,404.8913879394531,-0.00814803722924573,0.14905440376541026,19.0
2021-07-09,0,409.21356201171875,0.010674897518225146,0.14917853756069624,16.18000030517578
2021-07-12,0,410.6793518066406,0.003581967781605133,0.14893243866841763,16.170000076293945
2021-07-13,0,409.27923583984375,-0.0034092679864170528,0.148669801128788,17.1200008392334
2021-07-14,0,409.8900451660156,0.0014924024301365968,0.14821559739231094,16.329999923706055
2021-07-15,0,408.4900207519531,-0.003415609699658484,0.14808195374590893,17.010000228881836
2021-07-16,0,405.2861022949219,-0.007843321242299695,0.14829327886418306,18.450000762939453
2021-07-19,0,399.3008117675781,-0.01476806259442942,0.14914931289962596,22.5
2021-07-20,0,405.0229797363281,0.014330469160380055,0.14956876377243478,19.729999542236328
2021-07-21,0,408.3021240234375,0.00809619318203647,0.1497236260864173,17.90999984741211
2021-07-22,0,409.15716552734375,0.0020941392503193157,0.14965982306463055,17.690000534057617
2021-07-23,0,413.3665466308594,0.01028793201773781,0.1493452371594302,17.200000762939453
2021-07-26,0,414.3813781738281,0.002455040329799596,0.14914533382636755,17.579999923706055
2021-07-27,0,412.4927978515625,-0.004557589751230107,0.14914331978849177,19.360000610351562
2021-07-28,0,412.3236999511719,-0.00040994146145423294,0.14895525058100614,18.309999465942383
2021-07-29,0,414.03369140625,0.004147206321830632,0.14857582900959648,17.700000762939453
2021-07-30,0,412.0229797363281,-0.004856396258701934,0.14862387328038065,18.239999771118164
2021-08-02,0,411.1584777832031,-0.0020981886827725615,0.1485145737709894,19.459999084472656
2021-08-03,0,414.5035095214844,0.008135626331521317,0.1485647893547074,18.040000915527344
2021-08-04,0,412.4645690917969,-0.00491899437001464,0.14867041079032722,17.969999313354492
2021-08-05,0,415.07666015625,0.006332885925704357,0.1486745656154269,17.280000686645508
2021-08-06,0,415.7625427246094,0.0016524238392521262,0.14857451263690943,16.149999618530273
2021-08-09,0,415.42425537109375,-0.000813655196783114,0.14858755460259981,16.719999313354492
2021-08-10,0,415.9410400390625,0.001243992523997317,0.14857681879055998,16.790000915527344
2021-08-11,0,416.974609375,0.002484893858611281,0.1482783558965553,16.170000076293945
2021-08-12,0,418.22418212890625,0.0029967598165729914,0.14774037312542873,15.59000015258789
2021-08-13,0,418.9854431152344,0.001820222308650532,0.1477107307283469,15.449999809265137
2021-08-16,0,419.97198486328125,0.002354596715131052,0.1477102838900165,16.1200008392334
2021-08-17,0,417.2189025878906,-0.006555395061141667,0.14790167641127225,17.90999984741211
2021-08-18,0,412.6524963378906,-0.010944869040390715,0.14839483654924993,21.56999969482422
2021-08-19,0,413.2913513183594,0.0015481670076840093,0.14829998638385936,21.670000076293945
2021-08-20,0,416.5799865722656,0.007957183820604508,0.14844316867293253,18.559999465942383
2021-08-23,0,420.2444152832031,0.00879645885317104,0.14862003676660776,17.149999618530273
2021-08-24,0,420.9115295410156,0.001587443481819717,0.14834961680107356,17.219999313354492
2021-08-25,0,421.7947692871094,0.0020983976063968512,0.14833408767857312,16.790000915527344
2021-08-26,0,419.30487060546875,-0.005903104692001948,0.1482332279005601,18.84000015258789
2021-08-27,0,423.0538024902344,0.008940825989815604,0.14843692237710884,16.389999389648438
2021-08-30,0,424.9142150878906,0.004397579188994971,0.14837679176718951,16.190000534057617
2021-08-31,0,424.28466796875,-0.0014815863927037931,0.14832362796255646,16.479999542236328
2021-09-01,0,424.5101623535156,0.0005314695575617812,0.1480905866984763,16.110000610351562
2021-09-02,0,425.8163146972656,0.0030768458792802544,0.14749446149192658,16.40999984741211
2021-09-03,0,425.7128601074219,-0.00024295590909262366,0.14314161305130552,16.40999984741211
2021-09-07,0,424.19073486328125,-0.0035754739562167126,0.14291429817679116,18.139999389648438
2021-09-08,0,423.6739501953125,-0.0012182837235596988,0.14003971789071448,17.959999084472656
2021-09-09,0,421.8605651855469,-0.004280142805404119,0.13891850677424444,18.799999237060547
2021-09-10,0,418.53436279296875,-0.007884601375611311,0.13796672236776214,20.950000762939453
2021-09-13,0,419.60546875,0.0025591828347941714,0.137971036317469,19.3700008392334
2021-09-14,0,417.3410339355469,-0.00539658079576244,0.13760912237168707,19.459999084472656
2021-09-15,0,420.8269958496094,0.008352789758509171,0.13774200136189566,18.18000030517578
2021-09-16,0,420.15985107421875,-0.001585318389671575,0.1376730232829713,18.690000534057617
2021-09-17,0,416.06707763671875,-0.00974099126091188,0.13774516075562904,20.809999465942383
2021-09-20,0,409.1294860839844,-0.016674214148690192,0.13831869782447195,25.709999084472656
2021-09-21,0,408.74298095703125,-0.0009447012256500464,0.13778312476232013,24.360000610351562
2021-09-22,0,412.7301940917969,0.009754817380423164,0.1377557323032878,20.8700008392334
2021-09-23,0,417.744873046875,0.01215001719492026,0.13599223097887245,18.6299991607666
2021-09-24,0,418.4329833984375,0.0016472023858573603,0.13598617260523044,17.75
2021-09-27,0,417.2359313964844,-0.0028607974262231384,0.1352336414243322,18.760000228881836
2021-09-28,0,408.8278503417969,-0.020151862344515048,0.13604215307357798,23.25
2021-09-29,0,409.51605224609375,0.0016833537727958259,0.1358830196658687,22.559999465942383
2021-09-30,0,404.5107116699219,-0.012222574789727547,0.13638495649811844,23.139999389648438
2021-10-01,0,409.3179931640625,0.011884188367459858,0.13670894525803054,21.100000381469727
2021-10-04,0,404.0394287109375,-0.012895999055211993,0.13701554184327977,22.959999084472656
2021-10-05,0,408.243408203125,0.010404874359910998,0.13631575435221466,21.299999237060547
2021-10-06,0,409.94012451171875,0.004156138897776218,0.13548477454527444,21.0
2021-10-07,0,413.48431396484375,0.008645627107974674,0.13470903888517846,19.540000915527344
2021-10-08,0,412.7301940917969,-0.0018238173676183855,0.13451405922863546,18.770000457763672
2021-10-11,0,409.7421875,-0.0072396123050118,0.1345351011226338,20.0
2021-10-12,0,408.73358154296875,-0.0024615623867905168,0.1337211453348677,19.850000381469727
2021-10-13,0,410.2040710449219,0.003597672342952718,0.1335387334463224,18.639999389648438
2021-10-14,0,417.10394287109375,0.0168205834929811,0.13427814591293066,16.860000610351562
2021-10-15,0,420.28057861328125,0.00761593314204001,0.13441882147269058,16.299999237060547
2021-10-18,0,421.5247802734375,0.0029604072219122646,0.13442121956478625,16.309999465942383
2021-10-19,0,424.7768249511719,0.007714954920621242,0.13358239175707212,15.699999809265137
2021-10-20,0,426.4452819824219,0.003927843830561661,0.133580757516744,15.489999771118164
2021-10-21,0,427.5574645996094,0.002608031239124786,0.133552434999142,15.010000228881836
2021-10-22,0,427.1144104003906,-0.001036244799593522,0.13350174526820457,15.430000305175781
2021-10-25,0,429.40496826171875,0.005362867197997057,0.1335490489835545,15.239999771118164
2021-10-26,0,429.7914123535156,0.0008999525398163399,0.13208205006677554,15.979999542236328
2021-10-27,0,427.88739013671875,-0.004430107633771829,0.13212088023557378,16.979999542236328
2021-10-28,0,432.01605224609375,0.009648945504226791,0.12750737256622266,16.530000686645508
2021-10-29,0,432.8926696777344,0.002029131619260438,0.12720726730776571,16.260000228881836
2021-11-01,0,433.6372985839844,0.0017201236204908987,0.12665235433291094,16.40999984741211
2021-11-02,0,435.3905334472656,0.0040430905482677915,0.1263001915155078,16.030000686645508
2021-11-03,0,438.0486755371094,0.006105190365067292,0.12533390217166474,15.100000381469727
2021-11-04,0,440.1130065917969,0.004712560886427353,0.12359947436112037,15.4399995803833
2021-11-05,0,441.64007568359375,0.00346972043299143,0.12226203235737494,16.479999542236328
2021-11-08,0,442.01708984375,0.0008536683623483476,0.12225376780934832,17.219999313354492
2021-11-09,0,440.55609130859375,-0.0033052987513960685,0.12180761012184248,17.780000686645508
2021-11-10,0,437.01177978515625,-0.008045085729968537,0.12212843966041828,18.729999542236328
2021-11-11,0,437.1531982421875,0.0003236033067592903,0.1219686277498676,17.65999984741211
2021-11-12,0,440.4523620605469,0.0075469282430631335,0.12165036521888414,16.290000915527344
2021-11-15,0,440.60321044921875,0.0003424851395192885,0.12098840724430339,16.489999771118164
2021-11-16,0,442.3469543457031,0.003957628667087043,0.12048545801602488,16.3700008392334
2021-11-17,0,441.27239990234375,-0.0024292118049027422,0.12036206808411058,17.110000610351562
2021-11-18,0,442.77117919921875,0.003396494539895656,0.1196559044965557,17.59000015258789
2021-11-19,0,441.97943115234375,-0.001788165273780784,0.11965381362618609,17.90999984741211
2021-11-22,0,440.735107421875,-0.0028153430742795527,0.11945072302118569,19.170000076293945
2021-11-23,0,441.3195495605469,0.0013260621376196546,0.11935276075712531,19.3799991607666
2021-11-24,0,442.4977722167969,0.0026697721807775743,0.1184145897339738,18.579999923706055
2021-11-26,0,432.62872314453125,-0.022303048042082385,0.12067829501277878,28.6200008392334
2021-11-29,0,437.9355773925781,0.012266532396356888,0.12118895983312605,22.959999084472656
2021-11-30,0,429.4144287109375,-0.019457539239845834,0.1227932820105677,27.190000534057617
2021-12-01,0,424.6448059082031,-0.011107271865671398,0.12298031412950673,31.1200008392334
2021-12-02,0,431.14874267578125,0.01531618114030131,0.12381598753038267,27.950000762939453
2021-12-03,0,427.397216796875,-0.00870123348991736,0.12418671790167683,30.670000076293945
2021-12-06,0,432.4590148925781,0.01184331085176149,0.12442887620057552,27.18000030517578
2021-12-07,0,441.4043884277344,0.020684904758843548,0.12594767941588367,21.889999389648438
2021-12-08,0,442.57318115234375,0.0026478955698030493,0.12594378705223397,19.899999618530273
2021-12-09,0,439.5851745605469,-0.00675144070866851,0.1257864397257093,21.579999923706055
2021-12-10,0,443.72320556640625,0.00941349082119558,0.12605703582581176,18.690000534057617
2021-12-13,0,439.7925109863281,-0.00885843816768761,0.12642857805143343,20.309999465942383
2021-12-14,0,436.7666931152344,-0.006880103220283873,0.1265567883175655,21.889999389648438
2021-12-15,0,443.5912780761719,0.0156252412752933,0.12678263259346034,19.290000915527344
2021-12-16,0,439.67938232421875,-0.008818694021484719,0.12716463180555818,20.56999969482422
2021-12-17,0,434.9999694824219,-0.010642784333121824,0.12761227169931771,21.56999969482422
2021-12-20,0,430.3744201660156,-0.010633447450375422,0.1280420895836009,22.8700008392334
2021-12-21,0,438.0174865722656,0.017759109389683836,0.12906427889812036,21.010000228881836
2021-12-22,0,442.39703369140625,0.009998566845842216,0.12934882339500525,18.6299991607666
2021-12-23,0,445.14971923828125,0.006222206157004084,0.12945225796820195,17.959999084472656
2021-12-27,0,451.4494934082031,0.014152034467643348,0.13008216164183212,17.68000030517578
2021-12-28,0,451.08050537109375,-0.0008173406826170737,0.12987884700492341,17.540000915527344
2021-12-29,0,451.6576232910156,0.0012794122402763897,0.12984458447500918,16.950000762939453
2021-12-30,0,450.40899658203125,-0.0027645425308804317,0.12990107148386756,17.329999923706055
2021-12-31,0,449.27392578125,-0.0025200890954550914,0.12988759884919449,17.219999313354492
2022-01-03,0,451.87518310546875,0.005789913847538353,0.12913751258614717,16.600000381469727
2022-01-04,0,451.7237548828125,-0.00033511073039149686,0.12901519021066174,16.90999984741211
2022-01-05,0,443.04974365234375,-0.01920202587689679,0.13050487302370414,19.729999542236328
2022-01-06,0,442.6335144042969,-0.0009394639180143605,0.1297729332655908,19.610000610351562
2022-01-07,0,440.883544921875,-0.003953540401876232,0.12977520891200392,18.760000228881836
2022-01-10,0,440.3349609375,-0.0012442831915449037,0.12956723524267347,19.399999618530273
2022-01-11,0,444.3456726074219,0.009108319860368974,0.12982460526523956,18.40999984741211
2022-01-12,0,445.54693603515625,0.0027034435165878,0.12982474927960255,17.6200008392334
2022-01-13,0,439.4079284667969,-0.01377858778019958,0.13058233510700373,20.309999465942383
2022-01-14,0,439.587646484375,0.00040900039788804854,0.1303240964709418,19.190000534057617
2022-01-18,0,431.8027648925781,-0.01770950947793204,0.13146291496607834,22.790000915527344
2022-01-19,0,427.3191223144531,-0.010383543003112616,0.13128765264327175,23.850000381469727
2022-01-20,0,422.5894775390625,-0.011068179560450808,0.13181677589487065,25.59000015258789
2022-01-21,0,414.2938232421875,-0.01963052735052584,0.13330824345705042,28.850000381469727
2022-01-24,0,416.05316162109375,0.004246595725560187,0.1333161554122177,29.899999618530273
2022-01-25,0,410.9736022949219,-0.012208918942906433,0.13391513337914582,31.15999984741211
2022-01-26,0,409.94256591796875,-0.0025087654564568407,0.13157649475149275,31.959999084472656
2022-01-27,0,407.9182434082031,-0.004938063714444052,0.13145343120659922,30.489999771118164
2022-01-28,0,418.0491638183594,0.024835663944596575,0.13203634541161188,27.65999984741211
2022-01-31,0,425.57861328125,0.018010918606123916,0.13220789556769938,24.829999923706055
2022-02-01,0,428.45416259765625,0.006756799394207036,0.13166481044011,21.959999084472656
2022-02-02,0,432.6162109375,0.009714104105349008,0.13196840387954797,22.09000015258789
2022-02-03,0,422.4476318359375,-0.023504849898080993,0.13376112538412363,24.350000381469727
2022-02-04,0,424.43402099609375,0.0047020956219436805,0.13378213412862747,23.219999313354492
2022-02-07,0,423.0718688964844,-0.0032093376878992164,0.13367569060640522,22.860000610351562
2022-02-08,0,426.5528564453125,0.008227887044127247,0.13388505828339922,21.440000534057617
2022-02-09,0,432.79595947265625,0.014636176813750179,0.13460741695953174,19.959999084472656
2022-02-10,0,425.0205383300781,-0.017965558532598513,0.1358949198177481,23.90999984741211
2022-02-11,0,416.6396484375,-0.019718788003767918,0.1373417901018078,27.360000610351562
2022-02-14,0,415.2775573730469,-0.003269230543855528,0.13738761504456604,28.329999923706055
2022-02-15,0,421.9747009277344,0.016126909426678715,0.1382688832146798,25.700000762939453
2022-02-16,0,422.4476318359375,0.0011207565457440616,0.13818382269143514,24.290000915527344
2022-02-17,0,413.4234924316406,-0.02136155756177016,0.1399023748541322,28.110000610351562
2022-02-18,0,410.7465515136719,-0.006475057578909538,0.13983574177681987,27.75
2022-02-22,0,406.338623046875,-0.010731504502114242,0.14028811122552926,28.809999465942383
2022-02-23,0,399.1307373046875,-0.01773861831823942,0.14106866863256415,31.020000457763672
2022-02-24,0,405.1372985839844,0.015049107267104844,0.13967226552043974,30.31999969482422
2022-02-25,0,414.07623291015625,0.02206396290199586,0.14120156789782226,27.59000015258789
2022-02-28,0,413.0168151855469,-0.0025585088937940537,0.1392359004867701,30.149999618530273
2022-03-01,0,406.72637939453125,-0.015230459293018472,0.1398795197961519,33.31999969482422
2022-03-02,0,414.2087097167969,0.018396471685470983,0.14033269231179707,30.739999771118164
2022-03-03,0,412.1465759277344,-0.004978489685724896,0.13983807972386716,30.479999542236328
2022-03-04,0,408.7979736328125,-0.008124784944250063,0.13897481863832079,31.979999542236328
2022-03-07,0,396.7469787597656,-0.029479096400490512,0.14208072338476624,36.45000076293945
2022-03-08,0,393.73895263671875,-0.007581724081302421,0.14162824815026892,35.130001068115234
2022-03-09,0,404.2953796386719,0.026810725561341453,0.14395817186768978,32.45000076293945
2022-03-10,0,402.4697570800781,-0.004515566218504241,0.14371477161892116,30.229999542236328
2022-03-11,3,397.3523254394531,-0.01271507125840221,0.14430879979802744,30.75
2022-03-14,3,394.4483947753906,-0.007308201004866066,0.1444005052285304,31.770000457763672
2022-03-15,3,403.12249755859375,0.021990462879541983,0.14601198519616926,29.829999923706055
2022-03-16,3,412.0613708496094,0.022174086897039036,0.14759908551536222,26.670000076293945
2022-03-17,3,417.2167053222656,0.012511084118432825,0.14731637432852152,25.670000076293945
2022-03-18,3,421.7863464355469,0.010952680118001545,0.14766122806125262,23.8700008392334
2022-03-21,3,421.6630554199219,-0.0002923067962415926,0.14747859965063304,23.530000686645508
2022-03-22,3,426.5970764160156,0.011701335776690414,0.14765032411548473,22.940000534057617
2022-03-23,3,421.1031494140625,-0.01287849192054813,0.14815987067123285,23.56999969482422
2022-03-24,3,427.4510498046875,0.015074454796782488,0.14877950843964827,21.670000076293945
2022-03-25,3,429.5385437011719,0.004883585845532945,0.1480310301556019,20.809999465942383
2022-03-28,3,432.5938720703125,0.007113048209397066,0.148168523818083,19.6299991607666
2022-03-29,3,437.9454040527344,0.01237079932919638,0.14859266452956504,18.899999618530273
2022-03-30,3,435.24114990234375,-0.006174865920193562,0.1487140270698419,19.329999923706055
2022-03-31,3,428.5422668457031,-0.015391198782890081,0.14922940542942376,20.559999465942383
2022-04-01,3,429.7568359375,0.002834187397048993,0.1486046377016748,19.6299991607666
2022-04-04,3,433.4383544921875,0.008566515403196195,0.14881753053788982,18.56999969482422
2022-04-05,3,427.96343994140625,-0.012631356902403357,0.14939985044059567,21.030000686645508
2022-04-06,3,423.68408203125,-0.009999353941874456,0.14970720767297313,22.100000381469727
2022-04-07,3,425.8189697265625,0.005038866896007299,0.14962173556284383,21.549999237060547
2022-04-08,3,424.680419921875,-0.0026737883599188272,0.14965412744842196,21.15999984741211
2022-04-11,3,417.4216003417969,-0.017092428187326036,0.15065358066946113,24.3700008392334
2022-04-12,3,415.875,-0.003705127718667378,0.1506611329339383,24.260000228881836
2022-04-13,3,420.63824462890625,0.011453548852194073,0.15071204289153614,21.81999969482422
2022-04-14,3,415.4005432128906,-0.012451795534275334,0.15122396521487952,22.700000762939453
2022-04-18,3,415.57135009765625,0.00041118599278799906,0.15113383038728942,22.170000076293945
2022-04-19,3,422.2797546386719,0.01614260593142247,0.15176459132963338,21.3700008392334
2022-04-20,3,421.9666442871094,-0.0007414761141708581,0.15149580197906531,20.31999969482422
2022-04-21,3,415.6567077636719,-0.014953638181751994,0.15197311298039523,22.68000030517578
2022-04-22,3,404.25146484375,-0.027439092662030373,0.15412294276051747,28.209999084472656
2022-04-25,3,406.59515380859375,0.005797601662988816,0.1542135143025443,27.020000457763672
2022-04-26,3,394.8198547363281,-0.028960746240986657,0.1569463247046897,33.52000045776367
2022-04-27,3,395.9299621582031,0.0028116808426881246,0.15696949539828337,31.600000381469727
2022-04-28,3,405.93096923828125,0.025259535867310667,0.15885226702113428,29.989999771118164
2022-04-29,3,390.9294738769531,-0.036955779425940416,0.16299948016344845,33.400001525878906
2022-05-02,3,393.2826232910156,0.006019370682710745,0.16309525196701447,32.34000015258789
2022-05-03,3,395.08551025390625,0.0045842019355035735,0.1630367922232316,29.25
2022-05-04,3,407.1170349121094,0.030452963588745385,0.1658360334359269,25.420000076293945
2022-05-05,3,392.64691162109375,-0.035542907935894874,0.1694655565318857,31.200000762939453
2022-05-06,3,390.30328369140625,-0.0059687924705978945,0.16941671860907803,30.190000534057617
2022-05-09,3,377.8067932128906,-0.032017384943130556,0.1721368577246649,34.75
2022-05-10,3,378.6797180175781,0.0023105058468220196,0.17192389771940914,32.9900016784668
2022-05-11,3,372.6639404296875,-0.015886189044884036,0.17134272472608433,32.560001373291016
2022-05-12,3,372.27496337890625,-0.0010437743193847382,0.17091943765773673,31.770000457763672
2022-05-13,3,381.17523193359375,0.023907781694222363,0.17190538153404689,28.8700008392334
2022-05-16,3,379.628662109375,-0.004057372291409012,0.17193422359671687,27.469999313354492
2022-05-17,3,387.4377136230469,0.020570236900136818,0.17294681930634676,26.100000381469727
2022-05-18,3,371.8194580078125,-0.04031165543793702,0.17758183291542745,30.959999084472656
2022-05-19,3,369.542236328125,-0.00612453606352048,0.17735034154886203,29.350000381469727
2022-05-20,3,369.70355224609375,0.0004365290408252509,0.17734996285047458,29.43000030517578
2022-05-23,3,376.6207275390625,0.018710059048511196,0.17805100884146532,28.479999542236328
2022-05-24,3,373.7456970214844,-0.007633755413209209,0.17819793675712642,29.450000762939453
2022-05-25,3,377.04766845703125,0.008834807897084795,0.1784108248378216,28.3700008392334
2022-05-26,3,384.5816345214844,0.01998146837847825,0.1795361688290326,27.5
2022-05-27,3,394.0227966308594,0.024549175680534496,0.18120121271947376,25.719999313354492
2022-05-31,3,391.81195068359375,-0.005610959482978517,0.18128789171364507,26.190000534057617
2022-06-01,3,388.6427001953125,-0.008088702967716688,0.18146392999146796,25.690000534057617
2022-06-02,3,396.0437927246094,0.019043436363470834,0.18241903201201948,24.719999313354492
2022-06-03,3,389.544189453125,-0.016411324683994977,0.1829368780559526,24.790000915527344
2022-06-06,3,390.7302551269531,0.0030447525747803184,0.18295948275806595,25.06999969482422
2022-06-07,3,394.47821044921875,0.009592180981858878,0.18320968776053342,24.020000457763672
2022-06-08,3,390.1893615722656,-0.010872207293957104,0.18352913958310751,23.959999084472656
2022-06-09,3,380.9095764160156,-0.023782773366391008,0.18500542280417906,26.09000015258789
2022-06-10,3,369.86480712890625,-0.028995777399533518,0.18724013987262192,27.75
2022-06-13,3,355.82177734375,-0.037968007538121684,0.19099041416810902,34.02000045776367
2022-06-14,3,354.74951171875,-0.0030134907228123176,0.1910031035177054,32.689998626708984
2022-06-15,3,359.8070068359375,0.014256524533843962,0.19149018586714853,29.6200008392334
2022-06-16,3,347.8988037109375,-0.03309608456410584,0.19427824774621572,32.95000076293945
2022-06-17,3,348.6488037109375,0.0021557993071548154,0.19385184704834213,31.1299991607666
2022-06-21,3,357.4255065917969,0.02517347768712286,0.19497837514384342,30.190000534057617
2022-06-22,3,356.7774963378906,-0.0018129938741230367,0.19490071568766446,28.950000762939453
2022-06-23,3,360.27484130859375,0.009802594072219506,0.19516312286023846,29.049999237060547
2022-06-24,3,371.7293701171875,0.0317938626160752,0.19769127580889126,27.229999542236328
2022-06-27,3,370.3094787597656,-0.003819691075187981,0.19768796386831117,26.950000762939453
2022-06-28,3,362.7430114746094,-0.020432820975843646,0.19870312690513942,28.360000610351562
2022-06-29,3,362.44757080078125,-0.0008144627587093334,0.19870182545827647,28.15999984741211
2022-06-30,3,359.5029602050781,-0.008124238739405487,0.19885091636147473,28.709999084472656
2022-07-01,3,363.30523681640625,0.010576482066125825,0.19906488845435666,26.700000762939453
2022-07-05,3,363.9913635253906,0.0018885681775380192,0.19891609636762292,27.540000915527344
2022-07-06,3,365.2206726074219,0.003377302884675526,0.19894593592254317,26.729999542236328
2022-07-07,3,370.690673828125,0.014977249731377817,0.199498512887961,26.079999923706055
2022-07-08,3,370.3857421875,-0.0008226040258201284,0.19934375683860248,24.639999389648438
2022-07-11,3,366.15460205078125,-0.011423604244941044,0.1993499833374591,26.170000076293945
2022-07-12,3,362.9145202636719,-0.00884894459597696,0.1994905817370943,27.290000915527344
2022-07-13,3,361.00860595703125,-0.005251689310353025,0.19952688220501485,26.81999969482422
2022-07-14,3,360.1319274902344,-0.002428414315699734,0.19952769763738246,26.399999618530273
2022-07-15,3,367.0122375488281,0.01910497107696818,0.20045864655005868,24.229999542236328
2022-07-18,3,363.9818420410156,-0.008256933142207101,0.20047460557944266,25.299999237060547
2022-07-19,3,373.81634521484375,0.02701921370220428,0.20180729786680598,24.5
2022-07-20,3,376.19873046875,0.006373143615582277,0.2013892771643976,23.8799991607666
2022-07-21,3,380.0296936035156,0.010183349449351287,0.20148652153881166,23.110000610351562
2022-07-22,3,376.50372314453125,-0.009278144624833007,0.20167712866336146,23.030000686645508
2022-07-25,3,376.9610900878906,0.00121477402544512,0.2014050947346504,23.360000610351562
2022-07-26,3,372.50128173828125,-0.011830951434721126,0.2017163650689648,24.690000534057617
2022-07-27,3,382.173828125,0.02596647813285835,0.20337854558990806,23.239999771118164
2022-07-28,3,386.96710205078125,0.012542130237692461,0.20377848848349076,22.329999923706055
2022-07-29,3,392.60870361328125,0.014579021143145354,0.20426677668834475,21.329999923706055
2022-08-01,3,391.44610595703125,-0.002961212131952995,0.20423152156735525,22.84000015258789
2022-08-02,3,388.863525390625,-0.006597538018911164,0.20432480353695556,23.93000030517578
2022-08-03,3,394.95294189453125,0.01565952090206779,0.20476873958709793,21.950000762939453
2022-08-04,3,394.6861572265625,-0.0006754846961996019,0.20471261647557798,21.440000534057617
2022-08-05,3,394.0190124511719,-0.0016903171372378845,0.20461701848712371,21.149999618530273
2022-08-08,3,393.5615539550781,-0.0011610061485305412,0.20461184353914744,21.290000915527344
2022-08-09,3,391.99884033203125,-0.00397069685121032,0.20464671319230573,21.770000457763672
2022-08-10,3,400.23236083984375,0.02100394098318903,0.20573267701981351,19.739999771118164
2022-08-11,3,400.23236083984375,0.0,0.20571671522829724,20.200000762939453
2022-08-12,3,407.0078430175781,0.016928871427379866,0.20639648224951107,19.530000686645508
2022-08-15,3,408.68499755859375,0.004120693420994304,0.20642993095721643,19.950000762939453
2022-08-16,3,409.48553466796875,0.0019588120781464102,0.20642575038328234,19.690000534057617
2022-08-17,3,406.5790100097656,-0.007097991045177943,0.20644372051727894,19.899999618530273
2022-08-18,3,407.7607116699219,0.00290645023737901,0.20617216215259274,19.559999465942383
2022-08-19,3,402.2812194824219,-0.013438009182050847,0.20660607539989612,20.600000381469727
2022-08-22,3,393.9046630859375,-0.020822638469828902,0.20749267246900152,23.799999237060547
2022-08-23,3,392.9517517089844,-0.0024191421586324813,0.20731092156047404,24.110000610351562
2022-08-24,3,394.20965576171875,0.003201166675714351,0.2073310236847229,22.81999969482422
2022-08-25,3,399.77484130859375,0.014117324285529254,0.20781113879534624,21.780000686645508
2022-08-26,3,386.2429504394531,-0.03384878054068219,0.21045318382537154,25.559999465942383
2022-08-29,3,383.68902587890625,-0.006612223103725556,0.21034681761800222,26.209999084472656
2022-08-30,3,379.4769287109375,-0.010977893251755688,0.21056392324153395,26.209999084472656
2022-08-31,3,376.5894775390625,-0.007609029570476156,0.21068578856193731,25.8700008392334
2022-09-01,3,377.7711181640625,0.003137742012129019,0.2107132904869678,25.559999465942383
2022-09-02,3,373.7878112792969,-0.010544233513997026,0.21092942227304223,25.469999313354492
2022-09-06,3,372.3774108886719,-0.0037732647990791346,0.21095584106482215,26.90999984741211
2022-09-07,3,379.0671691894531,0.01796499493569237,0.21173299870081516,24.639999389648438
2022-09-08,3,381.54486083984375,0.006536286578678441,0.21184331526561948,23.610000610351562
2022-09-09,3,387.4722595214844,0.01553526017515594,0.21239805167604436,22.790000915527344
2022-09-12,3,391.63665771484375,0.010747603450379284,0.2125426577299747,23.8700008392334
2022-09-13,3,374.6072998046875,-0.04348254325711143,0.21689061652692457,27.270000457763672
2022-09-14,3,376.0367736816406,0.003815926378632817,0.21687134396808289,26.15999984741211
2022-09-15,3,371.7674560546875,-0.011353457761999586,0.21697541939526158,26.270000457763672
2022-09-16,3,368.9313049316406,-0.007628831079366072,0.21709274733345785,26.299999237060547
2022-09-19,3,371.7923889160156,0.007755058858193387,0.217043759546806,25.760000228881836
2022-09-20,3,367.52471923828125,-0.011478636478215787,0.2167134385565145,27.15999984741211
2022-09-21,3,361.1137390136719,-0.017443670830894153,0.2173872580190818,27.989999771118164
2022-09-22,3,358.08038330078125,-0.008400000845096067,0.2172940702857898,27.350000381469727
2022-09-23,3,352.0808410644531,-0.016754735852951286,0.2175310246281528,29.920000076293945
2022-09-26,3,348.59783935546875,-0.009892619258844437,0.21771817192072165,32.2599983215332
2022-09-27,3,347.70794677734375,-0.002552777090559011,0.21771522155420261,32.599998474121094
2022-09-28,3,354.549560546875,0.019676322709737404,0.21777256598383182,30.18000030517578
2022-09-29,3,347.14337158203125,-0.020889009010249704,0.2187161550852816,31.84000015258789
2022-09-30,3,341.7753601074219,-0.015463384624473164,0.2189135653666287,31.6200008392334
2022-10-03,3,350.798583984375,0.026401036850980386,0.22022038969935587,30.100000381469727
2022-10-04,3,361.6687316894531,0.03098686312132415,0.22210772758612782,29.06999969482422
2022-10-05,3,360.8266906738281,-0.0023282107128576035,0.22185402807193494,28.549999237060547
2022-10-06,3,357.1043395996094,-0.01031617441400312,0.22202811181330287,30.520000457763672
2022-10-07,3,347.14337158203125,-0.027893718762271313,0.223526926480755,31.360000610351562
2022-10-10,3,344.4927978515625,-0.007635386262423327,0.22363453417223492,32.45000076293945
2022-10-11,3,342.3111572265625,-0.006332906344068356,0.22360941598820774,33.630001068115234
2022-10-12,3,341.18206787109375,-0.003298429898156763,0.22361792352466334,33.56999969482422
2022-10-13,3,350.1862487792969,0.026391131762543596,0.22520532163249002,31.940000534057617
2022-10-14,3,342.2059326171875,-0.02278877651514788,0.2256249341532432,32.02000045776367
2022-10-17,3,350.9996032714844,0.025697014037842525,0.22701295502793484,31.3700008392334
2022-10-18,3,355.1236877441406,0.01174954169240583,0.22732176511951444,30.5
2022-10-19,3,352.60711669921875,-0.007086463482365635,0.22726153995628723,30.760000228881836
2022-10-20,3,349.6504211425781,-0.00838524073001834,0.2273468166834356,29.979999542236328
2022-10-21,3,358.1473388671875,0.024301179723574595,0.22869327777747167,29.690000534057617
2022-10-24,3,362.5298767089844,0.012236689669840262,0.2290526886603972,29.850000381469727
2022-10-25,3,368.3189392089844,0.015968511485322523,0.22957233287872258,28.459999084472656
2022-10-26,3,365.5439147949219,-0.007534297367445264,0.22967544636903522,27.280000686645508
2022-10-27,3,363.5920104980469,-0.005339725865687206,0.2296927238155991,27.389999389648438
2022-10-28,3,372.2420654296875,0.02379055282263165,0.23075548899418466,25.75
2022-10-31,3,369.5532531738281,-0.007223289642871555,0.23083974802014573,25.8799991607666
2022-11-01,3,367.93621826171875,-0.004375647888962719,0.230860789608615,25.809999465942383
2022-11-02,3,358.7023620605469,-0.02509635024460599,0.23211481878220194,25.860000610351562
2022-11-03,3,355.00885009765625,-0.010296871037239419,0.23221422715545662,25.299999237060547
2022-11-04,3,360.1185607910156,0.014393192428734602,0.2326432805744989,24.549999237060547
2022-11-07,3,363.563232421875,0.009565382087757479,0.23283244805444706,24.350000381469727
2022-11-08,3,365.52484130859375,0.00539550953393042,0.2329064633444647,25.540000915527344
2022-11-09,3,357.99432373046875,-0.020601931051157707,0.2337454718961081,26.09000015258789
2022-11-10,3,377.6675720214844,0.05495407884128212,0.24016362884677908,23.530000686645508
2022-11-11,3,381.32281494140625,0.009678466436387367,0.24037656596111653,22.520000457763672
2022-11-14,3,378.0790100097656,-0.008506716106506884,0.24037792496392588,23.729999542236328
2022-11-15,3,381.3036804199219,0.008529091340122141,0.24054578855690187,24.540000915527344
2022-11-16,3,378.394775390625,-0.007628840681771942,0.24061124004664478,24.110000610351562
2022-11-17,3,377.23699951171875,-0.003059703659256563,0.24061712836298912,23.93000030517578
2022-11-18,3,378.9497375488281,0.0045402175272475365,0.24063847625444948,23.1200008392334
2022-11-21,3,377.5718078613281,-0.0036361806091037563,0.2406554811287482,22.360000610351562
2022-11-22,3,382.6528625488281,0.013457187697038409,0.2410488293241409,21.290000915527344
2022-11-23,3,385.064208984375,0.006301655290084751,0.241136882195357,20.350000381469727
2022-11-25,3,384.97802734375,-0.00022381109075886307,0.2411169466273357,20.5
2022-11-28,3,378.8349304199219,-0.01595700660168564,0.24062216920322263,22.209999084472656
2022-11-29,3,378.18426513671875,-0.0017175430008048442,0.24028850964340281,21.889999389648438
2022-11-30,3,390.0973205566406,0.031500663877739976,0.24164482959353592,20.579999923706055
2022-12-01,3,389.8103332519531,-0.0007356813019837594,0.24140009376466223,19.84000015258789
2022-12-02,3,389.36053466796875,-0.0011538908684949334,0.24089690974056405,19.059999465942383
2022-12-05,3,382.356201171875,-0.0179893257596504,0.24140104809423085,20.75
2022-12-06,3,376.8446350097656,-0.014414742444916806,0.24150008206719167,22.170000076293945
2022-12-07,3,376.2035827636719,-0.0017011048759580927,0.240570706081028,22.68000030517578
2022-12-08,3,379.15069580078125,0.007833825014262885,0.24069512324645168,22.290000915527344
2022-12-09,3,376.3183898925781,-0.0074701324290628035,0.24071493883848172,22.829999923706055
2022-12-12,3,381.7438049316406,0.014417087192074796,0.24097372924523566,25.0
2022-12-13,3,384.6335754394531,0.00756992116304267,0.24096039401487226,22.549999237060547
2022-12-14,3,382.1744079589844,-0.006393533059767531,0.24094778171785633,21.139999389648438
2022-12-15,3,372.8258361816406,-0.024461532699874167,0.24160228399035819,22.829999923706055
2022-12-16,3,368.4241638183594,-0.011806242851519433,0.24172308182748847,22.6200008392334
2022-12-19,3,365.3000793457031,-0.00847958624721612,0.2416423887492952,22.420000076293945
2022-12-20,3,365.7998962402344,0.0013682364795171154,0.24143889559744347,21.479999542236328
2022-12-21,3,371.26953125,0.014952532972216881,0.2412416852343404,20.06999969482422
2022-12-22,3,365.9729309082031,-0.014266186411699744,0.24139764401688865,21.969999313354492
2022-12-23,3,368.078125,0.0057523218631843065,0.24138469613316707,20.8700008392334
2022-12-27,3,366.6266174316406,-0.00394347685931995,0.24094934446597177,21.649999618530273
2022-12-28,3,362.0702209472656,-0.012427893305440585,0.2412340710880136,22.139999389648438
2022-12-29,3,368.5875549316406,0.018000193352891714,0.24195418377340305,21.440000534057617
2022-12-30,3,367.61676025390625,-0.002633823808604774,0.24195309406353724,21.670000076293945
2023-01-03,3,366.06903076171875,-0.004210171187838396,0.24197183097690525,22.899999618530273
2023-01-04,3,368.8951721191406,0.007720241593617505,0.24203147576657533,22.010000228881836
2023-01-05,3,364.68487548828125,-0.011413260321822771,0.24226862992766202,22.459999084472656
2023-01-06,3,373.0478515625,0.02293206172321094,0.24270725876697014,21.1299991607666
2023-01-09,3,372.8363342285156,-0.0005669978612621307,0.2427069687518711,21.969999313354492
2023-01-10,3,375.45098876953125,0.00701287482194024,0.24280095202403415,20.579999923706055
2023-01-11,3,380.19964599609375,0.012647875138444231,0.24315655704436293,21.09000015258789
2023-01-12,3,381.5838928222656,0.0036408419648714663,0.24300184543421535,18.829999923706055
2023-01-13,3,383.064208984375,0.003879398973475112,0.24302019263441269,18.350000381469727
2023-01-17,3,382.362548828125,-0.0018317037713084794,0.24265734323441546,19.360000610351562
2023-01-18,3,376.3257751464844,-0.015788088295107028,0.24314085329653465,20.34000015258789
2023-01-19,3,373.586181640625,-0.007279845513619154,0.24262282089563258,20.520000457763672
2023-01-20,3,380.5457458496094,0.018629072891350074,0.24316526453439977,19.850000381469727
2023-01-23,3,385.1117858886719,0.011998662680798855,0.2432378702636668,19.809999465942383
2023-01-24,3,384.6983947753906,-0.001073431477375597,0.2424601481222152,19.200000762939453
2023-01-25,3,384.84259033203125,0.0003748275495789599,0.242420124761592,19.079999923706055
2023-01-26,3,389.0721740722656,0.010990425297223938,0.24237572277909836,18.729999542236328
2023-01-27,3,389.9661560058594,0.0022977277563613896,0.2423754454068795,18.510000228881836
2023-01-30,3,385.0732727050781,-0.012546943434516233,0.24264777690643444,19.940000534057617
2023-01-31,3,390.7351379394531,0.014703345144162494,0.24181197863321235,19.399999618530273
2023-02-01,3,394.8877868652344,0.010627784712888388,0.24136749974182478,17.8700008392334
2023-02-02,3,400.6362609863281,0.01455723451648705,0.24171842172199998,18.729999542236328
2023-02-03,3,396.3778381347656,-0.0106291498454949,0.24174092734763222,18.329999923706055
2023-02-06,3,393.9554138183594,-0.006111402009268296,0.24068314373914826,19.43000030517578
2023-02-07,3,399.1077575683594,0.01307849459425281,0.24099867228473346,18.65999984741211
2023-02-08,3,394.74365234375,-0.010934653967135444,0.24122151493383404,19.6299991607666
2023-02-09,3,391.32147216796875,-0.008669373542709025,0.24122343478396122,20.709999084472656
2023-02-10,3,392.2347106933594,0.0023337296579488687,0.240775689222632,20.530000686645508
2023-02-13,3,396.83917236328125,0.01173904691347305,0.2404166673273387,20.34000015258789
2023-02-14,3,396.6565856933594,-0.0004601024360436634,0.23961351329611494,18.90999984741211
2023-02-15,3,397.9446105957031,0.0032472041277022967,0.2396150845974818,18.229999542236328
2023-02-16,3,392.4654235839844,-0.01376871772058097,0.2394529346952343,20.170000076293945
2023-02-17,3,391.4848937988281,-0.002498385147415183,0.23946063358258327,20.020000457763672
2023-02-21,3,383.63134765625,-0.020060917463174954,0.23934867985378375,22.8700008392334
2023-02-22,3,383.102783203125,-0.0013777926552515085,0.23926842103634605,22.290000915527344
2023-02-23,3,385.1405944824219,0.005319228595153325,0.23909494955230665,21.139999389648438
2023-02-24,3,381.0263366699219,-0.010682482894406431,0.23867606674174294,21.670000076293945
2023-02-27,3,382.3240661621094,0.0034058787209549912,0.2382190596248436,20.950000762939453
2023-02-28,3,380.9110107421875,-0.00369596252233495,0.23720148120451692,20.700000762939453
2023-03-01,3,379.4498596191406,-0.003835938268625716,0.2372175645908685,20.579999923706055
2023-03-02,3,382.4009704589844,0.007777340707954883,0.23687190100744898,19.59000015258789
2023-03-03,3,388.53387451171875,0.016037888307064874,0.23669833557198453,18.489999771118164
2023-03-06,3,388.80303955078125,0.0006927710985322744,0.23664995504083455,18.610000610351562
2023-03-07,3,382.8431396484375,-0.01532884081675323,0.23700397548276392,19.59000015258789
2023-03-08,3,383.468017578125,0.0016322035449332084,0.23517343157364082,19.110000610351562
2023-03-09,3,376.3930358886719,-0.018449991564190138,0.23577437897754538,22.610000610351562
2023-03-10,3,370.96197509765625,-0.014429227624238039,0.23465812105594325,24.799999237060547
2023-03-13,3,370.4331970214844,-0.001425423929319658,0.23462183772950243,26.520000457763672
2023-03-14,3,376.5564880371094,0.016530081712060607,0.23488070910719128,23.729999542236328
2023-03-15,3,374.2013854980469,-0.006254314064110367,0.234850619033418,26.139999389648438
2023-03-16,3,380.7668151855469,0.017545177388270883,0.23447258793431114,22.989999771118164
2023-03-17,3,376.3146667480469,-0.011692585225239416,0.23368448152484675,25.510000228881836
2023-03-20,3,379.9331359863281,0.009615541348814594,0.2335436025200493,24.149999618530273
2023-03-21,3,384.92181396484375,0.013130410343295651,0.23365873226018663,21.3799991607666
2023-03-22,3,378.3602600097656,-0.01704645909124136,0.23426131501830877,22.260000228881836
2023-03-23,3,379.383056640625,0.0027032348239557358,0.23397030686233497,22.610000610351562
2023-03-24,3,381.8725891113281,0.0065620549656264515,0.23373329545769542,21.739999771118164
2023-03-27,3,382.586669921875,0.0018699451882855378,0.23323486591927978,20.600000381469727
2023-03-28,3,381.7279052734375,-0.0022446277300065542,0.2331837419781752,19.969999313354492
2023-03-29,3,387.2762145996094,0.014534722899541608,0.2335403925885117,19.1200008392334
2023-03-30,3,389.54388427734375,0.005855432356151269,0.2332753515099755,19.020000457763672
2023-03-31,3,395.03436279296875,0.014094634102164383,0.23364813925531697,18.700000762939453
2023-04-03,3,396.5396423339844,0.0038105027886004006,0.23318960781230358,18.549999237060547
2023-04-04,3,394.339599609375,-0.0055481028622010875,0.23323074390546927,19.0
2023-04-05,3,393.3070983886719,-0.0026183046838965662,0.23307517937366806,19.079999923706055
2023-04-06,3,394.84136962890625,0.0039009497833120133,0.23278159571455456,18.399999618530273
2023-04-10,3,395.24664306640625,0.0010264209089358989,0.2325772181072752,18.969999313354492
2023-04-11,3,395.3528137207031,0.0002686187375893212,0.23251889631471137,19.100000381469727
2023-04-12,3,393.7413330078125,-0.0040760572758413716,0.23253817722548503,19.09000015258789
2023-04-13,3,398.9713134765625,0.013282782452118669,0.23230568268823093,17.799999237060547
2023-04-14,3,397.9967041015625,-0.0024428056406046172,0.23228929458911843,17.06999969482422
2023-04-17,3,399.4248046875,0.0035882221415910465,0.23203064898421574,16.950000762939453
2023-04-18,3,399.6852722167969,0.0006521065448117369,0.23170002292395062,16.829999923706055
2023-04-19,0,399.6177978515625,-0.0001688187429578214,0.23169959775204083,16.459999084472656
2023-04-20,0,397.43701171875,-0.005457179696542358,0.2311903784218253,17.170000076293945
2023-04-21,0,397.7458190917969,0.0007769970182480712,0.23119136492691506,16.770000457763672
2023-04-24,0,398.16070556640625,0.0010430944957680044,0.23071444688302195,16.889999389648438
2023-04-25,0,391.8404235839844,-0.015873695957593137,0.22962407404355334,18.760000228881836
2023-04-26,0,390.1806640625,-0.004235804734752269,0.22958808719951257,18.84000015258789
2023-04-27,0,397.9484558105469,0.01990819244390485,0.22861067327414472,17.030000686645508
2023-04-28,0,401.344970703125,0.008535062375502944,0.22874956262626617,15.779999732971191
2023-05-01,0,400.939697265625,-0.0010097882547026593,0.22735952018549566,16.079999923706055
2023-05-02,0,396.4334716796875,-0.011239160444000862,0.22459435569153055,17.780000686645508
2023-05-03,0,393.71234130859375,-0.006864027801598893,0.22462614045990198,18.34000015258789
2023-05-04,0,390.9237365722656,-0.0070828481704676705,0.22469549659773194,20.09000015258789
2023-05-05,0,398.16070556640625,0.018512482914433637,0.22338729253309303,17.190000534057617
2023-05-08,0,398.2668762207031,0.0002666527681225439,0.22051704725811805,16.979999542236328
2023-05-09,0,396.5203552246094,-0.004385303173256916,0.22047859857654928,17.709999084472656
2023-05-10,0,398.37298583984375,0.004672220709035058,0.21814324046556458,16.940000534057617
2023-05-11,0,397.67828369140625,-0.0017438485367499146,0.21814348255008173,16.93000030517578
2023-05-12,0,397.15716552734375,-0.0013104013606809461,0.21754457802527202,17.030000686645508
2023-05-15,0,398.52740478515625,0.0034501184335755664,0.2175621677925609,17.1200008392334
2023-05-16,0,395.8641357421875,-0.006682775164243759,0.2163860005418761,17.989999771118164
2023-05-17,0,400.6695556640625,0.012139063602883748,0.216668835617505,16.8700008392334
2023-05-18,0,404.529296875,0.00963322807129785,0.21591663683712742,16.049999237060547
2023-05-19,0,403.94073486328125,-0.0014549304988918932,0.2120472779608637,16.809999465942383
2023-05-22,0,404.1047058105469,0.0004059282293504829,0.2119455312179929,17.209999084472656
2023-05-23,0,399.5694885253906,-0.01122287669493871,0.21226637413168223,18.530000686645508
2023-05-24,0,396.6747131347656,-0.007244735831327231,0.21160403430463273,20.030000686645508
2023-05-25,0,400.1099548339844,0.008660097519378906,0.21161845847041558,19.139999389648438
2023-05-26,0,405.2915344238281,0.012950389079906088,0.21182387586138315,17.950000762939453
2023-05-30,0,405.4459228515625,0.0003809317851997118,0.21090729803761124,17.459999084472656
2023-05-31,0,403.19769287109375,-0.005545079759728733,0.20957591189735175,17.940000534057617
2023-06-01,0,407.0284423828125,0.009500921209247837,0.2097016195503543,15.649999618530273
2023-06-02,0,412.91461181640625,0.014461322160031598,0.21001486006984496,14.600000381469727
2023-06-05,0,412.1233215332031,-0.0019163533102455332,0.2091838046938829,14.729999542236328
2023-06-06,0,413.0207214355469,0.0021775033235322816,0.2085227175748032,13.960000038146973
2023-06-07,0,411.5926208496094,-0.0034576971852012806,0.20853873578033952,13.9399995803833
2023-06-08,0,414.0821533203125,0.006048535237498154,0.20841014388493237,13.649999618530273
2023-06-09,0,414.8251953125,0.0017944313374276266,0.20811446244228796,13.829999923706055
2023-06-12,0,418.58837890625,0.009071733434405038,0.20688259693836059,15.010000228881836
2023-06-13,0,421.3481140136719,0.006592956819854612,0.20484654659817486,14.609999656677246
2023-06-14,0,421.8498229980469,0.001190723223122525,0.2011539820899426,13.880000114440918
2023-06-15,0,427.079833984375,0.012397802964948301,0.20145421382610648,14.5
2023-06-16,0,425.6250915527344,-0.0034062540908776917,0.20104504693291378,13.539999961853027
2023-06-20,0,423.4168395996094,-0.00518825604258677,0.1982460177033787,13.880000114440918
2023-06-21,0,421.24737548828125,-0.005123707676292777,0.1983317786365896,13.199999809265137
2023-06-22,0,422.7679443359375,0.0036096814749142503,0.19684096170464604,12.90999984741211
2023-06-23,0,419.57183837890625,-0.007559953397250907,0.19699970873656508,13.4399995803833
2023-06-26,0,417.8575439453125,-0.004085818629337101,0.1968463442400839,14.25
2023-06-27,0,422.4386901855469,0.010963416376261303,0.19462878557185762,13.739999771118164
2023-06-28,0,422.6517028808594,0.0005042452319388158,0.19457862544545013,13.430000305175781
2023-06-29,0,424.3175964355469,0.003941528079344003,0.19345689847172917,13.539999961853027
2023-06-30,0,429.3247985839844,0.011800599811321089,0.19376905569419556,13.59000015258789
2023-07-03,0,429.8188171386719,0.0011506872100490728,0.19356464140080973,13.569999694824219
2023-07-05,0,429.1795654296875,-0.0014872585459145826,0.19332762553015248,14.180000305175781
2023-07-06,0,425.8187561035156,-0.007830776665256889,0.1935136320096848,15.4399995803833
2023-07-07,0,424.7437438964844,-0.002524576927677491,0.19352154671633273,14.829999923706055
2023-07-10,0,425.8187561035156,0.002530966547427793,0.19299744663181162,15.069999694824219
2023-07-11,0,428.5306701660156,0.006368705050278978,0.19307730085121522,14.84000015258789
2023-07-12,0,431.9784851074219,0.008045666696552933,0.1928362146024866,13.539999961853027
2023-07-13,0,435.4071044921875,0.007937014233273754,0.192729667274345,13.609999656677246
2023-07-14,0,435.135986328125,-0.000622677400679339,0.19263939946701233,13.34000015258789
2023-07-17,0,436.64678955078125,0.003472025458995276,0.1926300376523237,13.479999542236328
2023-07-18,0,439.891357421875,0.007430646345600644,0.19187081985671461,13.300000190734863
2023-07-19,0,440.86956787109375,0.0022237546446737255,0.19166071765466278,13.760000228881836
2023-07-20,0,437.944580078125,-0.006634587656147772,0.18999176158629302,13.989999771118164
2023-07-21,0,437.944580078125,0.0,0.1899075628360586,13.600000381469727
2023-07-24,0,439.90106201171875,0.004467418989966054,0.18970613016043597,13.90999984741211
2023-07-25,0,441.1020202636719,0.0027300644523589046,0.18945496529543165,13.859999656677246
2023-07-26,0,441.1697998046875,0.00015365955697754785,0.18945503847230183,13.1899995803833
2023-07-27,0,438.2448425292969,-0.006630003406138729,0.18918099116058873,14.40999984741211
2023-07-28,0,442.5354309082031,0.00979039103835988,0.18769907577868944,13.329999923706055
2023-07-31,0,443.3780212402344,0.001904006488931298,0.1873235659633165,13.630000114440918
2023-08-01,0,442.1092834472656,-0.002861526129373293,0.18682899284247032,13.930000305175781
2023-08-02,0,435.9591979980469,-0.01391078106585908,0.18735513846674404,16.09000015258789
2023-08-03,0,434.7098083496094,-0.0028658407809143416,0.18725040839062868,15.920000076293945
2023-08-04,0,432.7436828613281,-0.004522845931969499,0.18669804977451346,17.100000381469727
2023-08-07,0,436.5209045410156,0.008728542620685564,0.18687882674346593,15.770000457763672
2023-08-08,0,434.62261962890625,-0.004348668969485825,0.18692856255149787,15.989999771118164
2023-08-09,0,431.717041015625,-0.006685290829460566,0.18705818949883835,15.960000038146973
2023-08-10,0,431.87200927734375,0.0003589579446625635,0.18700587927895063,15.850000381469727
2023-08-11,0,431.6202087402344,-0.0005830443550409736,0.18586666058312928,14.84000015258789
2023-08-14,0,434.00274658203125,0.005519986769736196,0.18593764888437797,14.819999694824219
2023-08-15,0,428.9471435546875,-0.011648781182052259,0.1855813118219327,16.459999084472656
2023-08-16,0,425.79937744140625,-0.007338354295113647,0.18569672998999012,16.780000686645508
2023-08-17,0,422.55487060546875,-0.007619801737225318,0.18585421653308412,17.889999389648438
2023-08-18,0,422.7582702636719,0.0004813567949450981,0.18571019650911919,17.299999237060547
2023-08-21,0,425.50885009765625,0.006506270905756173,0.18579729148325036,17.1299991607666
2023-08-22,0,424.3563232421875,-0.002708584921804147,0.18531360301489402,16.969999313354492
2023-08-23,0,429.08270263671875,0.011137761206008623,0.18441351257162614,15.979999542236328
2023-08-24,0,423.1360168457031,-0.013859066689179467,0.1849435721793526,17.200000762939453
2023-08-25,0,426.1190490722656,0.007049818752843828,0.185042925866483,15.680000305175781
2023-08-28,0,428.82122802734375,0.006341370940729396,0.18462611297320272,15.079999923706055
2023-08-29,0,435.0197448730469,0.014454780781766319,0.18194354933293783,14.449999809265137
2023-08-30,0,436.8114318847656,0.004118633769696123,0.18183661565185016,13.880000114440918
2023-08-31,0,436.17230224609375,-0.0014631705857929278,0.18147801806781205,13.569999694824219
2023-09-01,0,436.9857482910156,0.0018649649249458111,0.1812940384006199,13.09000015258789
2023-09-05,0,435.0971984863281,-0.004321765211047102,0.18134494205048857,14.010000228881836
2023-09-06,0,432.1722717285156,-0.006722467457818904,0.18114876970194463,14.449999809265137
2023-09-07,0,430.8453674316406,-0.00307031335344099,0.18113293593717114,14.399999618530273
2023-09-08,0,431.4942932128906,0.0015061686403137209,0.18029858766762472,13.84000015258789
2023-09-11,0,434.33209228515625,0.0065766781088469894,0.1802999322598755,13.800000190734863
2023-09-12,0,431.949462890625,-0.005485731855538245,0.17977382047496632,14.229999542236328
2023-09-13,0,432.4531555175781,0.0011660915690978602,0.1794802998084683,13.479999542236328
2023-09-14,0,436.1819763183594,0.008622484893926696,0.17415777476616875,12.819999694824219
2023-09-15,0,430.9267272949219,-0.012048294768607803,0.17459149844039643,13.789999961853027
2023-09-18,0,431.17938232421875,0.0005863062402344799,0.17417850177864752,14.0
2023-09-19,0,430.28521728515625,-0.0020737657590272907,0.1740019667460339,14.109999656677246
2023-09-20,0,426.32940673828125,-0.00919346142503763,0.17413450060525343,15.140000343322754
2023-09-21,0,419.28289794921875,-0.016528319833654548,0.17455894722733356,17.540000915527344
2023-09-22,0,418.3401184082031,-0.0022485523393082074,0.17364245762990752,17.200000762939453
2023-09-25,0,420.09930419921875,0.004205156793733789,0.17344077578566644,16.899999618530273
2023-09-26,0,413.92755126953125,-0.01469117627188632,0.1732445216241561,18.940000534057617
2023-09-27,0,414.0927429199219,0.00039908348667294646,0.17291805384430176,18.219999313354492
2023-09-28,0,416.4934387207031,0.005797483394306857,0.17295991501940225,17.34000015258789
2023-09-29,0,415.48260498046875,-0.002427009998859142,0.17194421619990913,17.520000457763672
2023-10-02,0,415.3173828125,-0.00039766326192292034,0.1705781784975174,17.610000610351562
2023-10-03,0,409.7579345703125,-0.013386023490130183,0.17039225537985295,19.780000686645508
2023-10-04,0,412.7417907714844,0.007281997368277615,0.1685685317789016,18.579999923706055
2023-10-05,0,412.58624267578125,-0.0003768653894057339,0.16580631067526813,18.489999771118164
2023-10-06,0,417.4848327636719,0.01187288760798566,0.16616426610662502,17.450000762939453
2023-10-09,0,420.15765380859375,0.006402199158298316,0.16589905111160239,17.700000762939453
2023-10-10,0,422.3445129394531,0.0052048537282045615,0.16345541654713633,17.030000686645508
2023-10-11,0,424.0744934082031,0.004096135774819487,0.16326623774714707,16.09000015258789
2023-10-12,0,421.48919677734375,-0.0060963266384682635,0.16325591901300962,16.690000534057617
2023-10-13,0,419.3898010253906,-0.004980900502325691,0.16330779749602597,19.31999969482422
2023-10-16,0,423.8023681640625,0.010521398297915985,0.16157997120541295,17.209999084472656
2023-10-17,0,423.7829284667969,-4.5869723073632684e-05,0.15983646667165324,17.8799991607666
2023-10-18,0,418.135986328125,-0.01332508168533808,0.15851615584542508,19.219999313354492
2023-10-19,0,414.4621276855469,-0.008786277102911466,0.15841490736893016,21.399999618530273
2023-10-20,0,409.3691711425781,-0.012288110789299367,0.1587554030939498,21.709999084472656
2023-10-23,0,408.6596374511719,-0.001733236749181355,0.1585148240413449,20.3700008392334
2023-10-24,0,411.74072265625,0.007539489890156403,0.1568837100660856,18.969999313354492
2023-10-25,0,405.8313293457031,-0.014352219698901214,0.15715690556295148,20.190000534057617
2023-10-26,0,400.9716491699219,-0.011974630405238051,0.1568789022253383,20.68000030517578
2023-10-27,0,399.15411376953125,-0.004532827705283515,0.15675543707973888,21.270000457763672
2023-10-30,0,403.92633056640625,0.011955825161883427,0.1570737315388856,19.75
2023-10-31,0,406.4631042480469,0.0062802879873749,0.15543061800910274,18.139999389648438
2023-11-01,0,410.79791259765625,0.010664703153386412,0.1555794398722287,16.8700008392334
2023-11-02,0,418.6705627441406,0.01916428955712579,0.15662108262037824,15.65999984741211
2023-11-03,0,422.4902648925781,0.009123407491087088,0.15471969159434013,14.90999984741211
2023-11-06,0,423.4621887207031,0.002300464434067173,0.154333374993818,14.890000343322754
2023-11-07,0,424.6673583984375,0.0028459912356644246,0.15373912040977106,14.8100004196167
2023-11-08,0,424.9784240722656,0.0007324925442850905,0.15348132206304063,14.449999809265137
2023-11-09,0,421.6641845703125,-0.007798606503819916,0.15364015691783672,15.289999961853027
2023-11-10,0,428.24407958984375,0.015604585972214702,0.15288496266618287,14.170000076293945
2023-11-13,0,427.8359375,-0.0009530595034370481,0.1428821003492103,14.760000228881836
2023-11-14,0,436.13623046875,0.019400644595803707,0.1438342978396611,14.15999984741211
2023-11-15,0,437.05963134765625,0.0021172303844461116,0.1435529857267655,14.180000305175781
2023-11-16,0,437.5941467285156,0.0012229804413901313,0.14333440644133758,14.319999694824219
2023-11-17,0,438.1383972167969,0.0012437334739281436,0.14309821938695855,13.800000190734863
2023-11-20,0,441.5110778808594,0.007697751864449431,0.14322461060005112,13.40999984741211
2023-11-21,0,440.548828125,-0.002179446460274348,0.14319970444338562,13.350000381469727
2023-11-22,0,442.24969482421875,0.0038607904291965145,0.14317126990595788,12.850000381469727
2023-11-24,0,442.52178955078125,0.0006152513608193022,0.1425943402670146,12.460000038146973
2023-11-27,0,441.7248840332031,-0.0018008277476846413,0.14250021654222642,12.6899995803833
2023-11-28,0,442.1622619628906,0.0009901591363701279,0.1424984698252173,12.6899995803833
2023-11-29,0,441.8512268066406,-0.0007034412092729037,0.1415333116739598,12.979999542236328
2023-11-30,0,443.59100341796875,0.003937471496688882,0.14155129830196264,12.920000076293945
2023-12-01,0,446.2152404785156,0.005915893334911049,0.13823030390025046,12.630000114440918
2023-12-04,0,443.8728332519531,-0.00524950072088648,0.13834679963345037,13.079999923706055
2023-12-05,0,443.7853698730469,-0.00019704602839842877,0.13833825357829063,12.850000381469727
2023-12-06,0,441.99700927734375,-0.0040297871834187315,0.1371585876776067,12.970000267028809
2023-12-07,0,445.36968994140625,0.007630550870868502,0.13650374463412926,13.0600004196167
2023-12-08,0,447.2843322753906,0.004298995592260102,0.13652964828947006,12.350000381469727
2023-12-11,0,449.02410888671875,0.003889643534969567,0.13638031994332742,12.630000114440918
2023-12-12,0,451.07489013671875,0.004567196302854626,0.13618669085923962,12.069999694824219
2023-12-13,0,457.2952880859375,0.013790166744447552,0.13612498169582746,12.1899995803833
2023-12-14,0,458.7629089355469,0.0032093504740717815,0.13597551594933674,12.479999542236328
2023-12-15,0,458.0075988769531,-0.001646406114971799,0.13580837792480105,12.279999732971191
2023-12-18,0,460.5838623046875,0.005624935992440738,0.13351297395389738,12.5600004196167
2023-12-19,0,463.38458251953125,0.006080804049081179,0.13300457082354908,12.529999732971191
2023-12-20,0,456.96337890625,-0.013857180095133148,0.13349496321634702,13.670000076293945
2023-12-21,0,461.2962646484375,0.009481910240943803,0.13376836027501907,13.649999618530273
2023-12-22,0,462.22332763671875,0.0020096910799565215,0.13303286627504152,13.029999732971191
2023-12-26,0,464.1750793457031,0.004222529656742857,0.13219816643602245,12.989999771118164
2023-12-27,0,465.0143127441406,0.0018080104593733992,0.13211397216462578,12.430000305175781
2023-12-28,0,465.18994140625,0.0003776844223846165,0.1320235038210357,12.470000267028809
2023-12-29,0,463.84332275390625,-0.0028947716459065687,0.13139419640226319,12.449999809265137
2024-01-02,0,461.2474670410156,-0.005596406341431548,0.1304475972011921,13.199999809265137
2024-01-03,0,457.4805603027344,-0.008166780323904277,0.13071616421232624,14.039999961853027
2024-01-04,0,456.00701904296875,-0.0032209920762327204,0.13068106276246,14.130000114440918
2024-01-05,0,456.6315612792969,0.001369589085797207,0.13050277682988934,13.350000381469727
2024-01-08,0,463.1504211425781,0.01427597305148609,0.1306014989838273,13.079999923706055
2024-01-09,0,462.44781494140625,-0.0015170151404344523,0.12875148692302696,12.760000228881836
2024-01-10,0,465.06317138671875,0.005655462866969829,0.1288313431983719,12.6899995803833
2024-01-11,0,464.85821533203125,-0.00044070583803990093,0.12869240903383844,12.4399995803833
2024-01-12,0,465.18017578125,0.0006925992455328878,0.12814907086642263,12.699999809265137
2024-01-16,0,463.4724426269531,-0.0036711219506050385,0.12819683236758586,13.84000015258789
2024-01-17,0,460.8961486816406,-0.005558677730028827,0.12831690027999546,14.789999961853027
2024-01-18,0,464.9947814941406,0.008892746932739337,0.12854681508564492,14.130000114440918
2024-01-19,0,470.7914733886719,0.012466143976723965,0.1279880954868714,13.300000190734863
2024-01-22,0,471.78692626953125,0.002114424192295239,0.12772822762492994,13.1899995803833
2024-01-23,0,473.162841796875,0.0029163918089534224,0.12650644250389814,12.550000190734863
2024-01-24,0,473.6800842285156,0.0010931594494536512,0.1260146570309697,13.140000343322754
2024-01-25,0,476.25640869140625,0.0054389545785669124,0.12608295682529175,13.449999809265137
2024-01-26,0,475.6513671875,-0.0012704112592809569,0.1261002945687622,13.260000228881836
2024-01-29,0,479.4183044433594,0.007919534170863551,0.12589012918855474,13.600000381469727
2024-01-30,0,479.0474548339844,-0.0007735407804372318,0.12589238423961108,13.3100004196167
2024-01-31,0,471.23065185546875,-0.016317387556572194,0.12635078697664034,14.350000381469727
2024-02-01,0,477.39825439453125,0.013088288112790503,0.12618299737410144,13.880000114440918
2024-02-02,0,482.4239807128906,0.010527324455204212,0.12617520292545248,13.850000381469727
2024-02-05,0,480.6673583984375,-0.0036412416975153405,0.12549745425251438,13.670000076293945
2024-02-06,0,482.06292724609375,0.0029033984173716387,0.12499370058800892,13.0600004196167
2024-02-07,0,486.08349609375,0.008340340275956759,0.12502596827275708,12.829999923706055
2024-02-08,0,486.2981872558594,0.0004416754813414414,0.12442377587969324,12.789999961853027
2024-02-09,0,489.10870361328125,0.005779409487996157,0.12396089186043283,12.930000305175781
2024-02-12,0,488.8940124511719,-0.0004389436551084369,0.12359694123341412,13.930000305175781
2024-02-13,0,482.16046142578125,-0.013773028210410154,0.12445767906332329,15.850000381469727
2024-02-14,0,486.5421447753906,0.009087604024295981,0.12425285064162768,14.380000114440918
2024-02-15,0,489.899169921875,0.006899762297126744,0.12439345643280719,14.010000228881836
2024-02-16,0,487.4595031738281,-0.004979936480471903,0.12450753386248328,14.239999771118164
2024-02-20,0,484.7757873535156,-0.0055055154383880645,0.12380662301564532,15.420000076293945
2024-02-21,0,485.2149353027344,0.0009058784713984469,0.12376045994062576,15.34000015258789
2024-02-22,0,495.2566833496094,0.020695463631204447,0.12354669461136308,14.539999961853027
2024-02-23,0,495.5982971191406,0.0006897711449762589,0.12352330039671847,13.75
2024-02-26,0,493.7831115722656,-0.0036626145760114692,0.12353835272221983,13.739999771118164
2024-02-27,0,494.700439453125,0.001857754668721734,0.12298126872330556,13.430000305175781
2024-02-28,0,494.0466003417969,-0.001321686942609035,0.1229818465514921,13.84000015258789
2024-02-29,0,495.82269287109375,0.003594989881659183,0.12291560328138945,13.399999618530273
2024-03-01,0,500.4776611328125,0.009388372756325092,0.12309622205919825,13.109999656677246
2024-03-04,0,499.94091796875,-0.0010724617815061066,0.12293436785065665,13.489999771118164
2024-03-05,0,494.94439697265625,-0.009994222950172826,0.12251280271579429,14.460000038146973
2024-03-06,0,497.45245361328125,0.005067350304328366,0.12258020623905026,14.5
2024-03-07,0,502.3903503417969,0.009926369229157128,0.12180009227541451,14.4399995803833
2024-03-08,0,499.3749084472656,-0.006002189119436174,0.12200620684445991,14.739999771118164
2024-03-11,0,498.9455261230469,-0.0008598396053856039,0.12043750088804463,15.220000267028809
2024-03-12,0,504.3128662109375,0.010757366900544074,0.11979886203261453,13.84000015258789
2024-03-13,0,503.5223693847656,-0.0015674730492424294,0.11980212844672104,13.75
2024-03-14,0,502.5269775390625,-0.0019768572485058256,0.11885757163448625,14.399999618530273
2024-03-15,0,499.0763244628906,-0.006866602651006248,0.11889755950027073,14.40999984741211
2024-03-18,0,502.0424499511719,0.0059432302092738976,0.11785492289974171,14.329999923706055
2024-03-19,0,504.8323669433594,0.005557133649672252,0.11723210410942692,13.819999694824219
2024-03-20,0,509.5016784667969,0.009249231683992498,0.11720625334039474,13.039999961853027
2024-03-21,0,511.1854248046875,0.003304692426053135,0.1166118071928317,12.920000076293945
2024-03-22,0,510.21630859375,-0.001895821288933952,0.11521364548124628,13.0600004196167
2024-03-25,0,508.80670166015625,-0.0027627633806510676,0.11527232580236105,13.1899995803833
2024-03-26,0,507.86688232421875,-0.0018471048688450953,0.11518568678176269,13.239999771118164
2024-03-27,0,512.1349487304688,0.008403907706518554,0.11541131584065385,12.779999732971191
2024-03-28,0,512.0371704101562,-0.0001909229599637019,0.11536832183129782,13.010000228881836
2024-04-01,0,511.146240234375,-0.001739971680312924,0.11462416898694638,13.649999618530273
2024-04-02,0,507.8963623046875,-0.006358019826571248,0.11476901598494288,14.609999656677246
2024-04-03,0,508.45428466796875,0.001098496474260191,0.11402272391936236,14.329999923706055
2024-04-04,0,502.2480163574219,-0.012206148119293991,0.11475286126954375,16.350000381469727
2024-04-05,0,507.49493408203125,0.010446865997924437,0.114956078173241,16.030000686645508
2024-04-08,0,507.7788391113281,0.0005594243611719563,0.11489879752854822,15.1899995803833
2024-04-09,0,508.36614990234375,0.0011566271490230928,0.11486296730747851,14.979999542236328
2024-04-10,0,503.2758483886719,-0.010013061480686147,0.11539253607413257,15.800000190734863
2024-04-11,0,507.0740051269531,0.007546868681343799,0.11557652076134432,14.90999984741211
2024-04-12,0,500.0748291015625,-0.01380306612964366,0.11641294008292927,17.309999465942383
2024-04-15,0,493.8098449707031,-0.012528093329782442,0.11653470954078025,19.229999542236328
2024-04-16,0,492.9092102050781,-0.0018238493517245269,0.11651866823806147,18.399999618530273
2024-04-17,0,489.9920349121094,-0.00591828116126103,0.116684184292018,18.209999084472656
2024-04-18,0,488.98382568359375,-0.0020576033010342165,0.1167199803579279,18.0
2024-04-19,0,484.71575927734375,-0.008728440864650855,0.1171065491656028,18.709999084472656
2024-04-22,0,489.1795959472656,0.0092091841135451,0.1172389325801286,16.940000534057617
2024-04-23,0,494.9844970703125,0.011866605171472866,0.11775518743941048,15.6899995803833
2024-04-24,0,494.7495422363281,-0.0004746710965192191,0.1177630607369928,15.970000267028809
2024-04-25,0,492.87005615234375,-0.0037988637149392046,0.11665118161364262,15.369999885559082
2024-04-26,0,497.53948974609375,0.00947396486246821,0.11684622184835008,15.029999732971191
2024-04-29,0,499.30145263671875,0.003541352851256452,0.11532236679811989,14.670000076293945
2024-04-30,0,491.39190673828125,-0.015841223486670497,0.11628010142668083,15.649999618530273
2024-05-01,0,489.79632568359375,-0.003247064171810421,0.11633715525052918,15.390000343322754
2024-05-02,0,494.3775329589844,0.009353290409022108,0.11601590647722233,14.680000305175781
2024-05-03,0,500.5055847167969,0.012395489983402896,0.11631957920223125,13.489999771118164
2024-05-06,0,505.6742248535156,0.010326838090414903,0.11641089147606075,13.489999771118164
2024-05-07,0,506.2322082519531,0.0011034444134445653,0.11508297057393814,13.229999542236328
2024-05-08,0,506.2810363769531,9.645400708224727e-05,0.11508415494471685,13.0
2024-05-09,0,509.19818115234375,0.005761908042746899,0.11505664686512831,12.6899995803833
2024-05-10,0,509.8541259765625,0.0012881916088827161,0.11499852560213912,12.550000190734863
2024-05-13,0,509.9225769042969,0.00013425590624227546,0.11496877441280781,13.600000381469727
2024-05-14,0,512.26220703125,0.004588206588452826,0.11500039923924683,13.420000076293945
2024-05-15,0,518.6055297851562,0.012382960653428254,0.11553431921733502,12.449999809265137
2024-05-16,0,517.5384521484375,-0.0020575901632996496,0.11531500648284503,12.420000076293945
2024-05-17,0,518.2824096679688,0.0014374922606095186,0.11478090241407503,11.989999771118164
2024-05-20,0,518.8796997070312,0.0011524412712466958,0.11445688540508452,12.149999618530273
2024-05-21,0,520.1522216796875,0.0024524412371011994,0.11443894985496168,11.859999656677246
2024-05-22,0,518.654541015625,-0.0028793122506064472,0.11450406654638641,12.289999961853027
2024-05-23,0,514.8661499023438,-0.007304266739596721,0.11415003351469735,12.770000457763672
2024-05-24,0,518.2727661132812,0.006616508410163702,0.11398241427096092,11.930000305175781
2024-05-28,0,518.6349487304688,0.0006988262568832226,0.11372912414593096,12.920000076293945
2024-05-29,0,515.0031127929688,-0.00700268261209569,0.11338375505018239,14.279999732971191
2024-05-30,0,511.5867004394531,-0.00663377029895551,0.11363745339648285,14.470000267028809
2024-05-31,0,516.246337890625,0.009108206775448213,0.11374146924702144,12.920000076293945
2024-06-03,0,516.6673583984375,0.0008155418778035273,0.11342143007518786,13.109999656677246
2024-06-04,0,517.2449340820312,0.0011178869231920352,0.11261019281645128,13.15999984741211
2024-06-05,0,523.3924560546875,0.011885127465900425,0.11310592055084857,12.630000114440918
2024-06-06,0,523.382568359375,-1.889155106860052e-05,0.11310378582882416,12.579999923706055
2024-06-07,0,522.746337890625,-0.0012156126459166305,0.11303795879298982,12.220000267028809
2024-06-10,0,524.3614501953125,0.0030896673732900837,0.1129432942753399,12.739999771118164
2024-06-11,0,525.6243286132812,0.0024084120171274925,0.11294950290712037,12.850000381469727
2024-06-12,0,529.9412841796875,0.008213005622847325,0.11289087331165333,12.039999961853027
2024-06-13,0,531.0082397460938,0.0020133467579486197,0.11275432647863286,11.9399995803833
2024-06-14,0,531.3313598632812,0.0006085030193543339,0.112754547834215,12.65999984741211
2024-06-17,0,535.5601806640625,0.00795891438041485,0.11238850926333305,12.75
2024-06-18,0,536.9207763671875,0.0025405094557962027,0.11231580166689852,12.300000190734863
2024-06-20,0,535.46240234375,-0.0027161810226545846,0.11220737626169919,13.279999732971191
2024-06-21,0,534.744384765625,-0.001340929960688575,0.11206523932009917,13.199999809265137
2024-06-24,0,533.006103515625,-0.0032506769580420425,0.11211309812891462,13.329999923706055
2024-06-25,0,535.0587768554688,0.003851125392945187,0.11182437488516571,12.84000015258789
2024-06-26,0,535.7265625,0.0012480603504083643,0.11170844886234864,12.550000190734863
2024-06-27,0,536.5711059570312,0.001576444992927195,0.11126232861303052,12.239999771118164
2024-06-28,0,534.4595336914062,-0.003935307440490643,0.11136966570693975,12.4399995803833
2024-07-01,0,535.5596313476562,0.0020583366689184146,0.11133490293401235,12.220000267028809
2024-07-02,0,539.1636962890625,0.006729530626378821,0.11095349417726943,12.029999732971191
2024-07-03,0,541.5698852539062,0.004462817102495853,0.11100956845705892,12.09000015258789
2024-07-05,0,544.6927490234375,0.005766317246512331,0.11108716661947601,12.479999542236328
2024-07-08,0,545.3212890625,0.001153935021513286,0.11073525625528408,12.369999885559082
2024-07-09,0,545.8516845703125,0.0009726293809735331,0.11067851014440795,12.510000228881836
2024-07-10,0,551.2529907226562,0.009895190039755253,0.11102389192035508,12.850000381469727
2024-07-11,0,546.4996948242188,-0.008622712218225304,0.11131452748270544,12.920000076293945
2024-07-12,0,549.9468383789062,0.006307676998422274,0.1112174504028649,12.460000038146973
2024-07-15,0,551.4592895507812,0.0027501770468092435,0.1110126058113025,13.119999885559082
2024-07-16,0,554.7294921875,0.005930088945246714,0.11111201958285434,13.1899995803833
2024-07-17,0,546.9514770507812,-0.014021275678073652,0.11209218524979692,14.479999542236328
2024-07-18,0,542.7482299804688,-0.007684862819965055,0.11222967179700521,15.930000305175781
2024-07-19,0,539.14404296875,-0.006640624165367481,0.11247126437847982,16.520000457763672
2024-07-22,0,544.7026977539062,0.010310147830898675,0.11261944527827415,14.90999984741211
2024-07-23,0,543.8482666015625,-0.0015686192777583097,0.11264282826695109,14.720000267028809
2024-07-24,0,531.5232543945312,-0.022662593528243957,0.11501861199209963,18.040000915527344
2024-07-25,0,528.7537841796875,-0.005210440355988721,0.1151572664009015,18.459999084472656
2024-07-26,0,534.6757202148438,0.011199798871120326,0.11562906799887565,16.389999389648438
2024-07-29,0,534.9899291992188,0.0005876627131091716,0.11538910584031675,16.600000381469727
2024-07-30,0,532.2794799804688,-0.005066355590668814,0.1151855500189588,17.690000534057617
2024-07-31,0,540.931396484375,0.0162544618556848,0.11621804316414173,16.360000610351562
2024-08-01,0,533.2713623046875,-0.014160823774459486,0.1171227974851086,18.59000015258789
2024-08-02,0,523.3425903320312,-0.018618610850854922,0.11780791968519634,23.389999389648438
2024-08-05,0,508.10101318359375,-0.029123517615425865,0.12148644038552953,38.56999969482422
2024-08-06,0,512.7854614257812,0.009219521553079257,0.12167624946683789,27.709999084472656
2024-08-07,0,509.3581237792969,-0.006683765247467832,0.12163173426440285,27.850000381469727
2024-08-08,0,521.1329956054688,0.023117078684846692,0.1235856717731272,23.790000915527344
2024-08-09,0,523.4310913085938,0.004409806560904839,0.1234133430863257,20.3700008392334
2024-08-12,0,523.7060546875,0.0005253096032542537,0.12341286530984161,20.709999084472656
2024-08-13,0,532.3187255859375,0.016445620250804094,0.12439282051174434,18.1200008392334
2024-08-14,0,533.998046875,0.0031547289402866774,0.12432638868505785,16.190000534057617
2024-08-15,0,543.15087890625,0.0171401975808958,0.12475223835443723,15.229999542236328
2024-08-16,0,544.36865234375,0.002242053699613278,0.12447937868905913,14.800000190734863
2024-08-19,0,549.5736083984375,0.009561454415638826,0.12446978595811617,14.649999618530273
2024-08-20,0,548.679931640625,-0.001626127499857244,0.12449770123843894,15.880000114440918
2024-08-21,0,550.5655517578125,0.0034366485968408966,0.12440083033260463,16.270000457763672
2024-08-22,0,546.244384765625,-0.007848596735468005,0.12466280791676472,17.549999237060547
2024-08-23,0,552.0484619140625,0.010625422082696234,0.12462216091426755,15.859999656677246
2024-08-26,0,550.732421875,-0.0023839212131839815,0.12377101979877288,16.149999618530273
2024-08-27,0,551.4886474609375,0.001373127050270373,0.12362606878307639,15.430000305175781
2024-08-28,0,548.2871704101562,-0.005805154948376412,0.12370120891765804,17.110000610351562
2024-08-29,0,548.3361206054688,8.927838905270491e-05,0.12296511516993053,15.649999618530273
2024-08-30,0,553.5706176757812,0.009546146740310624,0.12322508405680695,15.0
2024-09-03,0,542.1787109375,-0.02057895844636992,0.1250729731625453,20.719999313354492
2024-09-04,0,541.0689086914062,-0.002046930695922655,0.12510367597927824,21.31999969482422
2024-09-05,0,539.7529907226562,-0.0024320709388617745,0.1250390586647073,19.899999618530273
2024-09-06,0,530.6688842773438,-0.01683011785289068,0.1260609522596053,22.3799991607666
2024-09-09,0,536.6103515625,0.011196185533371317,0.12642267436686658,19.450000762939453
2024-09-10,0,538.9476928710938,0.004355751434514721,0.12646842784770063,19.079999923706055
2024-09-11,0,544.4766845703125,0.01025886514100205,0.12668735829214284,17.690000534057617
2024-09-12,0,549.0629272460938,0.008423212243515277,0.12674379251863485,17.06999969482422
2024-09-13,0,551.9305419921875,0.0052227433392320055,0.12681453643858168,16.559999465942383
2024-09-16,0,552.7457275390625,0.0014769712578917016,0.12658444905837798,17.139999389648438
2024-09-17,0,552.9716186523438,0.0004086709349830908,0.12590917376555397,17.610000610351562
2024-09-18,0,551.3316040039062,-0.002965820655378981,0.125971588422658,18.229999542236328
2024-09-19,0,560.73974609375,0.01706439830678952,0.1269515966823786,16.329999923706055
2024-09-20,0,559.7704467773438,-0.0017286081879492876,0.1265637868811583,16.149999618530273
2024-09-23,0,561.1691284179688,0.0024986700328275546,0.12532527980735444,15.890000343322754
2024-09-24,0,562.7748413085938,0.002861370680086628,0.12528875484997956,15.390000343322754
2024-09-25,0,561.5336303710938,-0.0022055195904171487,0.12529882990657754,15.40999984741211
2024-09-26,0,563.760009765625,0.00396481933425763,0.12431080988609125,15.369999885559082
2024-09-27,0,562.9423217773438,-0.0014504185719401708,0.12433738442048203,16.959999084472656
2024-09-30,0,565.1981811523438,0.0040072655540939195,0.12428452407938889,16.729999542236328
2024-10-01,0,560.1349487304688,-0.008958331061065916,0.12464922672431719,19.260000228881836
2024-10-02,0,560.371337890625,0.0004220218015176247,0.12464126200280054,18.899999618530273
2024-10-03,0,559.3468017578125,-0.0018283164457859602,0.1238145865059936,20.489999771118164
2024-10-04,0,564.4298095703125,0.009087399438999277,0.1239157793764835,19.209999084472656
2024-10-07,0,559.3270874023438,-0.009040490210560193,0.12433375830600576,22.639999389648438
2024-10-08,0,564.616943359375,0.009457535807176232,0.1241496782166215,21.420000076293945
2024-10-09,0,568.52783203125,0.006926622939449567,0.12417272207398353,20.860000610351562
2024-10-10,0,567.5328369140625,-0.0017501256071009719,0.12414404716276604,20.93000030517578
2024-10-11,0,570.9312744140625,0.00598808963808839,0.12420270630299587,20.459999084472656
2024-10-14,0,575.6005859375,0.008178412591304474,0.12417980101614327,19.700000762939453
2024-10-15,0,571.12841796875,-0.007769568131113069,0.12435187931592102,20.639999389648438
2024-10-16,0,573.6107788085938,0.0043464145045915,0.12404292326702114,19.579999923706055
2024-10-17,0,573.659912109375,8.56561672069045e-05,0.1240416323332612,19.110000610351562
2024-10-18,0,575.8665771484375,0.003846643268044403,0.12320403705492415,18.030000686645508
2024-10-21,0,574.9208984375,-0.0016421837079351187,0.12282333030900516,18.3700008392334
2024-10-22,0,574.6155395507812,-0.0005311320001563091,0.12207506789000745,18.200000762939453
2024-10-23,0,569.3650512695312,-0.009137393474173527,0.12248824021899546,19.239999771118164
2024-10-24,0,570.596435546875,0.002162732458899752,0.1223332233073688,19.079999923706055
2024-10-25,0,570.3993530273438,-0.0003453973899124607,0.12132879412643982,20.329999923706055
2024-10-28,0,572.1627197265625,0.0030914598515230374,0.12059697905053697,19.799999237060547
2024-10-29,0,573.088623046875,0.0016182517462077772,0.12044786543192869,19.34000015258789
2024-10-30,0,571.3549194335938,-0.0030251928646983783,0.1200688999049722,20.350000381469727
2024-10-31,0,560.1546630859375,-0.01960297525530974,0.1217913422136824,23.15999984741211
2024-11-01,0,562.5187377929688,0.004220396370544055,0.121464060965222,21.8799991607666
2024-11-04,0,561.3070068359375,-0.0021541166109158016,0.12017615805300184,21.979999542236328
2024-11-05,0,568.0943603515625,0.012092052001782427,0.12040928712897968,20.489999771118164
2024-11-06,0,582.2203369140625,0.02486554619862491,0.12270794268770592,16.270000457763672
2024-11-07,0,586.7221069335938,0.007732072780885613,0.12286716271356964,15.199999809265137
2024-11-08,0,589.2637329101562,0.004331907638261523,0.1229027948670636,14.9399995803833
2024-11-11,0,589.8251342773438,0.0009527166459319947,0.12256146262900337,14.970000267028809
2024-11-12,0,587.992919921875,-0.003106368733698628,0.12180442921233925,14.710000038146973
2024-11-13,0,588.2786254882812,0.0004858996711121222,0.12178634507851521,14.020000457763672
2024-11-14,0,584.495849609375,-0.00643024532085712,0.1206647980876834,14.3100004196167
2024-11-15,0,577.0092163085938,-0.012808702244480719,0.12147027602789569,16.139999389648438
2024-11-18,0,579.3734741210938,0.0040974350940619075,0.12150643935886783,15.579999923706055
2024-11-19,0,581.4913330078125,0.0036554294963737632,0.12153236723640053,16.350000381469727
2024-11-20,0,581.6884155273438,0.0003389259793638022,0.1213571715261373,17.15999984741211
2024-11-21,0,584.8109741210938,0.005368094860406014,0.12138560621660771,16.8700008392334
2024-11-22,0,586.6237182617188,0.0030997095144278397,0.12137095136703571,15.239999771118164
2024-11-25,0,588.6134643554688,0.0033918609694916224,0.12139040867213909,14.600000381469727
2024-11-26,0,591.6869506835938,0.005221569865871967,0.12142145328692255,14.100000381469727
2024-11-27,0,589.89404296875,-0.0030301626777003987,0.12149462259512492,14.100000381469727
2024-11-29,0,593.55859375,0.00621221866016386,0.12158413519065835,13.510000228881836
2024-12-02,0,594.6224365234375,0.0017923129824746198,0.12155458627751507,13.34000015258789
2024-12-03,0,594.898193359375,0.0004637511452640908,0.1214641307642049,13.300000190734863
2024-12-04,0,598.59228515625,0.006209620130151361,0.12139650820803789,13.449999809265137
2024-12-05,0,597.607177734375,-0.0016457068463852087,0.12142208507956191,13.539999961853027
2024-12-06,0,598.7401123046875,0.0018957847437637287,0.12130985490027739,12.770000457763672
2024-12-09,0,595.65673828125,-0.005149770259368247,0.12130652877904594,14.1899995803833
2024-12-10,0,593.8048706054688,-0.003108951106848501,0.12134170817010645,14.180000305175781
2024-12-11,0,598.3953247070312,0.0077305767076008,0.12148934115324583,13.579999923706055
2024-12-12,0,595.31201171875,-0.005152635491914692,0.1216051832716194,13.920000076293945
2024-12-13,0,595.19384765625,-0.00019849097645252556,0.12094593302073466,13.8100004196167
2024-12-16,0,597.7353515625,0.004270043980222349,0.12096937157863094,14.6899995803833
2024-12-17,0,595.2725830078125,-0.0041201654682958555,0.12105060448249555,15.869999885559082
2024-12-18,0,577.5313720703125,-0.029803507576069865,0.12483737729439295,27.6200008392334
2024-12-19,0,577.3539428710938,-0.00030722001920469033,0.12473611215188687,24.09000015258789
2024-12-20,0,,,,
