,UMAP1,UMAP2
2011-01-04,-5.7212567,17.770657
2011-01-05,-5.7597027,17.819014
2011-01-06,-5.772192,17.834753
2011-01-07,-5.8069143,17.869692
2011-01-10,-5.803687,17.867617
2011-01-11,-5.8078327,17.871302
2011-01-12,-5.915605,17.990475
2011-01-13,-5.9149995,17.99372
2011-01-14,-5.9401865,18.020576
2011-01-18,-5.9653754,18.015177
2011-01-19,-6.082535,18.172943
2011-01-20,-6.1526666,18.31756
2011-01-21,-6.069427,18.29877
2011-01-24,-6.0688567,18.272776
2011-01-25,-6.0275006,18.326216
2011-01-26,-5.9603977,18.392368
2011-01-27,-5.766869,18.52554
2011-01-28,-5.764479,18.535366
2011-01-31,-5.7492023,18.519697
2011-02-01,-5.728875,18.540953
2011-02-02,-5.726594,18.546694
2011-02-03,-5.735381,18.53496
2011-02-04,-5.70222,18.573822
2011-02-07,-5.703113,18.566347
2011-02-08,-5.6965494,18.560865
2011-02-09,-5.7261534,18.53961
2011-02-10,-5.715866,18.551685
2011-02-11,-5.7443523,18.55128
2011-02-14,-5.7279696,18.5684
2011-02-15,-5.737054,18.55613
2011-02-16,-5.715962,18.574293
2011-02-17,-5.730176,18.54748
2011-02-18,-5.78788,18.536415
2011-02-22,-6.687409,18.727942
2011-02-23,-6.730562,18.766785
2011-02-24,-6.692615,18.728594
2011-02-25,-6.57288,18.627985
2011-02-28,-6.4723988,18.538898
2011-03-01,-6.513125,18.569958
2011-03-02,-6.4789977,18.535397
2011-03-03,-6.493981,18.548101
2011-03-04,-6.45202,18.515322
2011-03-07,-6.668544,18.697758
2011-03-08,-6.69076,18.711958
2011-03-09,-6.7002983,18.731926
2011-03-10,-6.9101524,18.866549
2011-03-11,-6.943288,18.881353
2011-03-14,-6.9889927,18.940989
2011-03-15,-7.0921693,18.934584
2011-03-16,-7.12034,18.954592
2011-03-17,-7.126918,18.927233
2011-03-18,-7.13354,18.9411
2011-03-21,-7.15139,18.935036
2011-03-22,-7.097422,18.909481
2011-03-23,-7.1108108,18.918953
2011-03-24,-7.1025505,18.886786
2011-03-25,-7.176645,18.900307
2011-03-28,-7.2690353,18.92849
2011-03-29,-7.2377543,18.906208
2011-03-30,-7.225496,18.946405
2011-03-31,-6.808373,18.777405
2011-04-01,-6.8057866,18.786324
2011-04-04,-6.795491,18.788004
2011-04-05,-6.766099,18.793394
2011-04-06,-6.707506,18.728218
2011-04-07,-6.6761594,18.710604
2011-04-08,-6.2884617,18.373816
2011-04-11,-6.253017,18.347218
2011-04-12,-6.2892947,18.365019
2011-04-13,-6.282551,18.37685
2011-04-14,-6.252102,18.363815
2011-04-15,-6.268782,18.368715
2011-04-18,-6.2478833,18.352392
2011-04-19,-6.2276917,18.348883
2011-04-20,-6.3665032,18.440987
2011-04-21,-6.357866,18.431068
2011-04-25,-6.3330536,18.409468
2011-04-26,-6.412653,18.482605
2011-04-27,-6.4101977,18.476225
2011-04-28,-6.430298,18.497461
2011-04-29,-6.440368,18.504692
2011-05-02,-6.832202,18.872799
2011-05-03,-6.8577895,18.9698
2011-05-04,-7.085312,19.38582
2011-05-05,-7.080325,19.433819
2011-05-06,-7.09053,19.444067
2011-05-09,-7.147917,19.52355
2011-05-10,-7.18474,19.606045
2011-05-11,-7.250214,19.6963
2011-05-12,-7.151291,19.565222
2011-05-13,-7.3021393,19.773306
2011-05-16,-7.276358,19.74601
2011-05-17,-7.281291,19.749252
2011-05-18,-7.298629,19.717775
2011-05-19,-7.193669,19.643929
2011-05-20,-7.1780095,19.611303
2011-05-23,-7.1927066,19.636215
2011-05-24,-7.2572412,19.709986
2011-05-25,-7.159811,19.601763
2011-05-26,-7.1934505,19.639027
2011-05-27,-7.2556515,19.71938
2011-05-31,-7.285031,19.74403
2011-06-01,-7.3133225,19.780346
2011-06-02,-7.3388042,19.814127
2011-06-03,-7.3197656,19.787096
2011-06-06,-7.3017635,19.768627
2011-06-07,-7.3000307,19.758936
2011-06-08,-7.2830176,19.75418
2011-06-09,-7.2583895,19.718416
2011-06-10,-7.285218,19.753977
2011-06-13,-7.3132772,19.756504
2011-06-14,-7.3339653,19.784096
2011-06-15,-7.32467,19.783989
2011-06-16,-7.3129263,19.783749
2011-06-17,-7.2334676,19.691708
2011-06-20,-7.3029695,19.771996
2011-06-21,-7.2811084,19.799889
2011-06-22,-7.2801743,19.758366
2011-06-23,-7.248081,19.711567
2011-06-24,-7.2809596,19.738024
2011-06-27,-7.2378736,19.695744
2011-06-28,-6.8661537,19.052942
2011-06-29,-6.891385,18.891247
2011-06-30,-7.027373,18.792318
2011-07-01,-7.051208,18.770473
2011-07-05,-7.0503235,18.75743
2011-07-06,-7.112831,18.780125
2011-07-07,-7.112237,18.700518
2011-07-08,-7.168494,18.803396
2011-07-11,-7.697534,18.75961
2011-07-12,-7.7187705,18.744871
2011-07-13,-7.7388287,18.739128
2011-07-14,-7.7105784,18.745235
2011-07-15,-7.7056556,18.74215
2011-07-18,-7.649659,18.802326
2011-07-19,-7.7483153,18.71418
2011-07-20,-7.7575955,18.71271
2011-07-21,-7.788651,18.704407
2011-07-22,-7.775002,18.722506
2011-07-25,-7.7905035,18.705444
2011-07-26,-7.7987704,18.70487
2011-07-27,-7.7816215,18.721622
2011-07-28,-7.795087,18.715864
2011-07-29,-7.7829947,18.705004
2011-08-01,-7.7595406,18.7304
2011-08-02,-7.7795634,18.716248
2011-08-03,-7.760017,18.734417
2011-08-04,-7.759082,18.741308
2011-08-05,-7.7656302,18.732891
2011-08-08,2.7786763,23.401907
2011-08-09,2.6315625,23.817808
2011-08-10,2.619812,23.84599
2011-08-11,2.6070092,23.85943
2011-08-12,2.6377378,23.826231
2011-08-15,2.6376526,23.825987
2011-08-16,2.6241348,23.837494
2011-08-17,2.6205435,23.847698
2011-08-18,2.6072555,23.852911
2011-08-19,2.6092722,23.859213
2011-08-22,2.6173217,23.84592
2011-08-23,2.6135364,23.85056
2011-08-24,2.6181135,23.845224
2011-08-25,2.6189942,23.83984
2011-08-26,2.6102655,23.814383
2011-08-29,2.623619,23.826519
2011-08-30,2.6295676,23.808674
2011-08-31,2.6156433,23.840546
2011-09-01,2.6351576,23.812551
2011-09-02,2.6328008,23.778406
2011-09-06,2.6491742,23.743982
2011-09-07,2.6728828,23.651058
2011-09-08,2.8213344,23.205866
2011-09-09,2.8158677,23.22159
2011-09-12,2.8239775,23.173832
2011-09-13,2.818642,23.148178
2011-09-14,2.8391309,23.16065
2011-09-15,2.8986502,23.152412
2011-09-16,2.86914,23.199324
2011-09-19,2.966768,23.05877
2011-09-20,2.9714556,23.037495
2011-09-21,2.9010599,23.119375
2011-09-22,2.843444,23.115631
2011-09-23,2.8315578,23.121555
2011-09-26,2.8123393,23.120342
2011-09-27,2.8121572,23.134605
2011-09-28,2.8337443,23.110718
2011-09-29,2.8045676,23.078287
2011-09-30,2.803741,23.066753
2011-10-03,2.4456105,22.555101
2011-10-04,2.433048,22.54487
2011-10-05,2.4258196,22.540182
2011-10-06,2.489549,22.581957
2011-10-07,2.533014,22.620306
2011-10-10,2.4440553,22.55232
2011-10-11,2.4129088,22.510605
2011-10-12,2.391759,22.506746
2011-10-13,2.430458,22.543297
2011-10-14,2.360498,22.482151
2011-10-17,2.3719075,22.489634
2011-10-18,2.383991,22.502022
2011-10-19,2.3394735,22.469156
2011-10-20,2.3775346,22.492558
2011-10-21,2.3812027,22.495647
2011-10-24,2.378537,22.496752
2011-10-25,2.7217684,22.618408
2011-10-26,2.693563,22.623314
2011-10-27,2.661973,22.602226
2011-10-28,2.688909,22.621206
2011-10-31,2.6829407,22.619534
2011-11-01,2.711738,22.659676
2011-11-02,2.6352127,22.61804
2011-11-03,3.1443336,22.741558
2011-11-04,3.2768233,22.671167
2011-11-07,3.3058221,22.660856
2011-11-08,3.3377771,22.683277
2011-11-09,3.3391871,22.66863
2011-11-10,3.3316052,22.680786
2011-11-11,3.326614,22.670746
2011-11-14,3.331507,22.6536
2011-11-15,3.322543,22.678701
2011-11-16,3.3565567,22.655067
2011-11-17,3.3351097,22.662466
2011-11-18,3.30059,22.708202
2011-11-21,3.340945,22.685259
2011-11-22,3.301973,22.708086
2011-11-23,3.2305977,22.80144
2011-11-25,3.262731,22.768192
2011-11-28,3.2756956,22.762474
2011-11-29,3.2431598,22.797775
2011-11-30,3.2209778,22.812197
2011-12-01,3.247136,22.788912
2011-12-02,3.258397,22.779232
2011-12-05,3.0483232,22.932352
2011-12-06,3.0276895,22.976364
2011-12-07,3.020014,22.985579
2011-12-08,3.1206937,22.882957
2011-12-09,3.1740925,22.844282
2011-12-12,3.1078432,22.913706
2011-12-13,3.2120798,22.777996
2011-12-14,3.3218148,22.568922
2011-12-15,3.2951136,22.598095
2011-12-16,3.2931638,22.573751
2011-12-19,3.2687645,22.621193
2011-12-20,3.2641952,22.585232
2011-12-21,1.3881842,14.425709
2011-12-22,1.4053044,14.4426155
2011-12-23,1.3766096,14.41321
2011-12-27,1.3747841,14.412287
2011-12-28,1.3772113,14.414076
2011-12-29,1.3945673,14.431819
2011-12-30,1.3417969,14.379382
2012-01-03,1.3301368,14.367592
2012-01-04,1.3336089,14.371324
2012-01-05,1.330516,14.36873
2012-01-06,1.3303195,14.368142
2012-01-09,1.3261142,14.365012
2012-01-10,1.3267828,14.3659
2012-01-11,1.318497,14.3591
2012-01-12,1.2920157,14.332501
2012-01-13,0.7775093,13.858953
2012-01-17,0.5860641,13.672619
2012-01-18,0.6080425,13.6760645
2012-01-19,0.61572546,13.649114
2012-01-20,0.62480587,13.643899
2012-01-23,0.64732563,13.621684
2012-01-24,0.7381313,13.59025
2012-01-25,0.74051976,13.593276
2012-01-26,0.7331313,13.594023
2012-01-27,0.74095696,13.591092
2012-01-30,0.7676957,13.58774
2012-01-31,0.7465352,13.589428
2012-02-01,0.7765785,13.570641
2012-02-02,0.7619184,13.584568
2012-02-03,0.7496715,13.596342
2012-02-06,0.7695539,13.58365
2012-02-07,0.76661783,13.584307
2012-02-08,0.77711517,13.579783
2012-02-09,0.76937705,13.581031
2012-02-10,0.7758205,13.583801
2012-02-13,0.76023006,13.583787
2012-02-14,0.6483709,13.583456
2012-02-15,0.3542033,13.572767
2012-02-16,0.34197897,13.567252
2012-02-17,0.29281965,13.563646
2012-02-21,0.18908875,13.549415
2012-02-22,0.15419984,13.561465
2012-02-23,0.002341576,13.563655
2012-02-24,-0.08324299,13.540741
2012-02-27,-0.21506365,13.568327
2012-02-28,-0.14976293,13.530257
2012-02-29,-0.25414246,13.563296
2012-03-01,-0.22698642,13.545763
2012-03-02,-0.31818992,13.576603
2012-03-05,-0.30508024,13.61669
2012-03-06,-0.31811786,13.602157
2012-03-07,-0.31997317,13.604872
2012-03-08,-0.29508,13.630313
2012-03-09,-0.33504438,13.60929
2012-03-12,-0.31216308,13.585829
2012-03-13,-0.32421264,13.613467
2012-03-14,-0.342825,13.626796
2012-03-15,-0.35227856,13.632508
2012-03-16,-0.29408607,13.602692
2012-03-19,-0.29772013,13.607743
2012-03-20,-0.3049817,13.6004715
2012-03-21,-0.24978349,13.610752
2012-03-22,-0.29740685,13.585944
2012-03-23,0.20867413,13.551478
2012-03-26,0.18011393,13.548937
2012-03-27,0.15999217,13.546104
2012-03-28,0.2015209,13.550294
2012-03-29,0.16910052,13.546786
2012-03-30,0.16863723,13.552262
2012-04-02,0.16075474,13.536824
2012-04-03,0.117185965,13.548913
2012-04-04,0.057923716,13.57514
2012-04-05,0.055875834,13.567408
2012-04-09,0.12109028,13.507169
2012-04-10,0.008245095,13.5418215
2012-04-11,0.021963203,13.540298
2012-04-12,0.09367571,13.5435095
2012-04-13,0.12820682,13.510643
2012-04-16,0.0565781,13.53914
2012-04-17,-0.27371213,13.465705
2012-04-18,-0.29764083,13.482593
2012-04-19,-0.3039334,13.481155
2012-04-20,-0.29964185,13.4813595
2012-04-23,-0.35151008,13.4491415
2012-04-24,-0.3289086,13.440633
2012-04-25,-0.3142322,13.4647045
2012-04-26,-0.31480858,13.426785
2012-04-27,-0.34336612,13.488881
2012-04-30,-0.3794464,13.457046
2012-05-01,-0.40292704,13.522311
2012-05-02,-0.39651912,13.539093
2012-05-03,-0.3934269,13.539302
2012-05-04,-0.39457273,13.53975
2012-05-07,-4.174697,16.186352
2012-05-08,-4.1957626,16.207197
2012-05-09,-4.2231245,16.233479
2012-05-10,-4.2327495,16.23926
2012-05-11,-4.2470036,16.25161
2012-05-14,-4.204932,16.21533
2012-05-15,-4.2848635,16.286255
2012-05-16,-4.2814636,16.28165
2012-05-17,-4.128138,16.151495
2012-05-18,-4.177208,16.192446
2012-05-21,-4.1534834,16.169022
2012-05-22,-4.178146,16.189842
2012-05-23,-4.188244,16.199709
2012-05-24,-4.1796484,16.192825
2012-05-25,-4.1878185,16.19889
2012-05-29,-4.186791,16.195755
2012-05-30,-4.17704,16.17867
2012-05-31,-4.1710796,16.184906
2012-06-01,-4.1138887,16.135242
2012-06-04,-4.081835,16.1094
2012-06-05,-4.0813413,16.11236
2012-06-06,-3.8193152,15.916155
2012-06-07,-3.8370059,15.932288
2012-06-08,-3.8154755,15.911432
2012-06-11,-3.7972379,15.896681
2012-06-12,-3.765406,15.892817
2012-06-13,-3.7706835,15.876254
2012-06-14,-3.776632,15.880874
2012-06-15,-3.7732854,15.87785
2012-06-18,-3.7668579,15.870957
2012-06-19,-3.7938726,15.8927765
2012-06-20,-3.7866888,15.887665
2012-06-21,-3.8095737,15.907215
2012-06-22,-3.7910035,15.894609
2012-06-25,-3.76722,15.870633
2012-06-26,-3.759048,15.865115
2012-06-27,-3.7787094,15.881622
2012-06-28,-3.7770185,15.885065
2012-06-29,-3.806179,15.90696
2012-07-02,-3.7617047,15.866782
2012-07-03,-3.7960963,15.896556
2012-07-05,-3.8179598,15.914886
2012-07-06,-4.448967,16.419868
2012-07-09,-4.4465017,16.417786
2012-07-10,-4.4352827,16.404203
2012-07-11,-4.444456,16.416252
2012-07-12,-4.5418158,16.499063
2012-07-13,-4.503404,16.466879
2012-07-16,-4.5271773,16.48625
2012-07-17,-4.5343285,16.492735
2012-07-18,-4.556448,16.513758
2012-07-19,-4.519746,16.476292
2012-07-20,-4.5415316,16.49763
2012-07-23,-4.5903325,16.543272
2012-07-24,-4.5500593,16.506174
2012-07-25,-4.6639347,16.612423
2012-07-26,-4.667259,16.615234
2012-07-27,-4.6815214,16.629248
2012-07-30,-4.6984525,16.645977
2012-07-31,-4.7061567,16.651968
2012-08-01,-4.6848693,16.63234
2012-08-02,-4.674526,16.615395
2012-08-03,-4.669705,16.614813
2012-08-06,-4.6356835,16.578506
2012-08-07,-4.6921363,16.616703
2012-08-08,-5.4203944,12.227218
2012-08-09,-5.4506116,12.199556
2012-08-10,-5.417879,12.230316
2012-08-13,-5.422625,12.227886
2012-08-14,-5.3934627,12.252745
2012-08-15,-5.4115973,12.237146
2012-08-16,-5.4374537,12.211037
2012-08-17,-5.5345426,12.10643
2012-08-20,-5.591863,12.04694
2012-08-21,-5.586378,12.055258
2012-08-22,-5.6774426,11.969505
2012-08-23,-6.0511017,11.992483
2012-08-24,-6.103996,11.992985
2012-08-27,-6.12453,12.001532
2012-08-28,-6.1456747,12.005801
2012-08-29,-6.1377826,12.005457
2012-08-30,-6.1514363,12.002207
2012-08-31,-6.135618,12.001807
2012-09-04,-6.1222816,11.998382
2012-09-05,-6.1044316,11.979512
2012-09-06,-6.0984406,11.989882
2012-09-07,-5.566919,12.083165
2012-09-10,-5.587055,12.05291
2012-09-11,-5.5789557,12.058888
2012-09-12,-5.5622673,12.076114
2012-09-13,-5.5651503,12.076117
2012-09-14,-5.539767,12.102033
2012-09-17,-5.560556,12.076408
2012-09-18,-5.5575786,12.072486
2012-09-19,-5.5318785,12.1108675
2012-09-20,-5.621395,12.032826
2012-09-21,-5.652691,11.984645
2012-09-24,-5.692033,11.914091
2012-09-25,-5.651645,11.977754
2012-09-26,-5.635295,11.990632
2012-09-27,-5.5601125,12.077967
2012-09-28,-5.696189,11.926154
2012-10-01,-5.7440653,11.8822975
2012-10-02,-5.7709794,11.820967
2012-10-03,-5.767102,11.852176
2012-10-04,-5.727503,11.88958
2012-10-05,-5.7701507,11.865544
2012-10-08,-5.7567,11.778866
2012-10-09,-5.7907114,11.824003
2012-10-10,-5.798238,11.842177
2012-10-11,-5.790471,11.825922
2012-10-12,-5.8044057,11.820075
2012-10-15,-5.8050537,11.814455
2012-10-16,-5.7638483,11.8549385
2012-10-17,-5.7996063,11.820617
2012-10-18,-5.8094234,11.826115
2012-10-19,-5.7891617,11.817902
2012-10-22,-5.782202,11.824843
2012-10-23,-5.7449994,11.852784
2012-10-24,-5.8083034,11.801018
2012-10-25,-5.8047075,11.7932
2012-10-26,-8.085327,8.383506
2012-10-31,-8.0604725,8.410694
2012-11-01,-8.063842,8.41481
2012-11-02,-8.029677,8.46151
2012-11-05,-8.023862,8.4683695
2012-11-06,-8.044766,8.439219
2012-11-07,-8.0536,8.436425
2012-11-08,-8.361295,8.115209
2012-11-09,-8.396151,8.068815
2012-11-12,-8.391763,8.055474
2012-11-13,-8.398562,8.056347
2012-11-14,-8.41373,8.062534
2012-11-15,-8.364413,8.097883
2012-11-16,-8.41964,8.048548
2012-11-19,-8.547511,7.94616
2012-11-20,-8.9427595,7.7156553
2012-11-21,-8.899671,7.7109747
2012-11-23,-8.914997,7.702529
2012-11-26,-8.942856,7.6772275
2012-11-27,-9.06469,7.619013
2012-11-28,-9.141218,7.5827327
2012-11-29,-9.274229,7.563445
2012-11-30,-9.298129,7.550045
2012-12-03,-9.207164,7.556199
2012-12-04,-9.1578665,7.597107
2012-12-05,-9.38657,7.5001335
2012-12-06,-9.360537,7.514928
2012-12-07,-9.370333,7.5301723
2012-12-10,-9.37917,7.510056
2012-12-11,-9.365736,7.522593
2012-12-12,-9.431586,7.5317864
2012-12-13,-9.348834,7.529477
2012-12-14,-9.3736,7.510943
2012-12-17,-9.326253,7.5155063
2012-12-18,-9.343447,7.512744
2012-12-19,-9.287371,7.5365024
2012-12-20,-9.213571,7.6239123
2012-12-21,-9.262463,7.558052
2012-12-24,-9.329866,7.5491743
2012-12-26,-9.26559,7.5561557
2012-12-27,-9.343567,7.514763
2012-12-28,-9.3324,7.5072956
2012-12-31,-9.327598,7.517262
2013-01-02,-9.317445,7.560105
2013-01-03,-9.364734,7.5172143
2013-01-04,-9.376401,7.5126348
2013-01-07,-9.179217,7.543007
2013-01-08,-9.12074,7.5842395
2013-01-09,-9.15082,7.5359306
2013-01-10,-9.112205,7.5654984
2013-01-11,-9.104382,7.567205
2013-01-14,-9.063703,7.603716
2013-01-15,-9.040587,7.645736
2013-01-16,-9.01773,7.6400495
2013-01-17,-9.051655,7.6252055
2013-01-18,-9.089045,7.5987997
2013-01-22,-9.190804,7.5313034
2013-01-23,-9.18757,7.511547
2013-01-24,-8.139449,8.354307
2013-01-25,-8.108489,8.426341
2013-01-28,-8.120846,8.396248
2013-01-29,-8.055266,8.447325
2013-01-30,-8.060957,8.440616
2013-01-31,-8.053108,8.450989
2013-02-01,-8.054817,8.44577
2013-02-04,-8.053884,8.440448
2013-02-05,-8.055609,8.420571
2013-02-06,-8.07751,8.387452
2013-02-07,-8.064289,8.40706
2013-02-08,-8.0748415,8.38737
2013-02-11,-8.057285,8.408569
2013-02-12,-8.023244,8.430087
2013-02-13,-8.053743,8.411477
2013-02-14,-8.062434,8.364895
2013-02-15,-8.111702,8.336451
2013-02-19,-8.092379,8.279059
2013-02-20,-8.100112,8.360319
2013-02-21,-8.094256,8.229153
2013-02-22,-8.063183,8.305769
2013-02-25,-8.11064,8.274718
2013-02-26,-8.110176,8.225512
2013-02-27,-8.184478,8.057776
2013-02-28,-8.176513,7.8656507
2013-03-01,-8.16986,7.8077164
2013-03-04,-8.181617,7.678571
2013-03-05,-8.193518,7.7197437
2013-03-06,-8.20591,7.70586
2013-03-07,-8.139927,7.704764
2013-03-08,-8.147856,7.6724024
2013-03-11,-8.164114,7.6613927
2013-03-12,-8.179603,7.6032124
2013-03-13,-8.16074,7.634278
2013-03-14,-8.132149,7.632703
2013-03-15,-8.131203,7.6430907
2013-03-18,-8.089013,7.630813
2013-03-19,-8.131095,7.6719685
2013-03-20,-8.088134,7.6440988
2013-03-21,-8.117614,7.6433787
2013-03-22,-8.212279,7.656128
2013-03-25,-8.211112,7.662181
2013-03-26,-8.260901,7.609443
2013-03-27,-8.231083,7.6194377
2013-03-28,-8.160543,7.62051
2013-04-01,-8.056451,7.590948
2013-04-02,-8.112028,7.6575537
2013-04-03,-8.108186,7.7371273
2013-04-04,-7.286642,7.3349156
2013-04-05,-7.796733,7.480318
2013-04-08,-7.8056426,7.46913
2013-04-09,-8.8946905,7.561207
2013-04-10,-8.902914,7.5414987
2013-04-11,-8.797969,7.548561
2013-04-12,-8.83333,7.552749
2013-04-15,-9.026443,7.613909
2013-04-16,-9.059821,7.6015124
2013-04-17,-9.086021,7.5843062
2013-04-18,-9.064013,7.6164985
2013-04-19,-9.902975,7.273947
2013-04-22,-9.889962,7.279536
2013-04-23,-9.885183,7.2821736
2013-04-24,-9.8759985,7.2895284
2013-04-25,-9.884129,7.2838273
2013-04-26,-9.872325,7.2862334
2013-04-29,-9.86471,7.291183
2013-04-30,-9.908459,7.2927346
2013-05-01,-9.890929,7.2805715
2013-05-02,-9.89598,7.2790513
2013-05-03,-9.890922,7.2840443
2013-05-06,-9.878859,7.2839527
2013-05-07,-9.884336,7.281106
2013-05-08,-9.611591,7.383687
2013-05-09,-9.314216,7.4623704
2013-05-10,-9.305693,7.4648056
2013-05-13,-9.256998,7.461448
2013-05-14,-9.171821,7.497526
2013-05-15,-9.120254,7.4659758
2013-05-16,-9.110155,7.481987
2013-05-17,-9.0947695,7.476904
2013-05-20,-7.6238985,7.4198565
2013-05-21,-7.4790215,7.381282
2013-05-22,-6.2765794,7.116604
2013-05-23,-6.230074,7.094895
2013-05-24,-6.2089686,7.0912848
2013-05-28,-6.25166,7.099579
2013-05-29,-6.200688,7.084823
2013-05-30,-6.221848,7.0915065
2013-05-31,-6.1956577,7.093626
2013-06-03,-6.2279553,7.106288
2013-06-04,-6.0790243,7.078935
2013-06-05,-6.135102,7.083174
2013-06-06,-6.0962625,7.0812116
2013-06-07,-5.901094,7.086777
2013-06-10,-5.893415,7.0856137
2013-06-11,-5.8210936,7.092937
2013-06-12,-5.8229384,7.086014
2013-06-13,-5.7514105,7.1136026
2013-06-14,-5.796816,7.079873
2013-06-17,-5.711335,7.130811
2013-06-18,-5.725016,7.0995107
2013-06-19,-5.685465,7.1397614
2013-06-20,-5.6890445,7.1349454
2013-06-21,-5.639101,7.169964
2013-06-24,-5.6018567,7.190289
2013-06-25,-5.523917,7.2442155
2013-06-26,-5.432196,7.309094
2013-06-27,-5.4897847,7.2604213
2013-06-28,-5.462878,7.282212
2013-07-01,-5.4795313,7.265764
2013-07-02,-5.4561243,7.2854238
2013-07-03,-5.449304,7.297857
2013-07-05,-5.466644,7.274271
2013-07-08,-5.46731,7.2810864
2013-07-09,-5.64599,7.165401
2013-07-10,-5.679997,7.1350813
2013-07-11,-5.6382236,7.166428
2013-07-12,-5.6471314,7.163898
2013-07-15,-5.6680865,7.1485567
2013-07-16,-5.7240434,7.0921307
2013-07-17,-5.676463,7.0774965
2013-07-18,-5.6531596,7.0526404
2013-07-19,-2.7112024,5.71725
2013-07-22,-2.665494,5.7164655
2013-07-23,-2.6719985,5.7077174
2013-07-24,-2.654367,5.6950507
2013-07-25,-2.0966358,5.311668
2013-07-26,-4.640328,4.9406567
2013-07-29,-4.633462,4.9362187
2013-07-30,-4.655512,4.9546475
2013-07-31,-4.655676,4.9525485
2013-08-01,-4.639787,4.9398494
2013-08-02,-4.6419263,4.9418736
2013-08-05,-4.657026,4.9555607
2013-08-06,-4.631094,4.938914
2013-08-07,-4.605621,4.921034
2013-08-08,-4.6109467,4.920767
2013-08-09,-4.600902,4.9218874
2013-08-12,-4.607176,4.926987
2013-08-13,-4.6145883,4.9225845
2013-08-14,-4.5705385,4.8949795
2013-08-15,-4.59615,4.916595
2013-08-16,-4.572023,4.900584
2013-08-19,-4.5953393,4.938731
2013-08-20,-4.5717983,4.904725
2013-08-21,-3.8342726,4.5161443
2013-08-22,-3.8657618,4.6007266
2013-08-23,-3.931365,4.398511
2013-08-26,-3.954277,4.397497
2013-08-27,-3.9461982,4.383618
2013-08-28,-3.9467187,4.404812
2013-08-29,-3.9237306,4.4045444
2013-08-30,-3.9299903,4.410295
2013-09-03,-3.921351,4.396328
2013-09-04,-3.9322424,4.392965
2013-09-05,-3.9124534,4.398646
2013-09-06,-3.9100072,4.4059978
2013-09-09,-3.915753,4.364998
2013-09-10,-3.897501,4.3870487
2013-09-11,-3.902526,4.398239
2013-09-12,-3.8952105,4.3890147
2013-09-13,-3.876178,4.394254
2013-09-16,-3.8732572,4.402401
2013-09-17,-3.8742995,4.404464
2013-09-18,-3.875171,4.3703413
2013-09-19,-3.8465545,4.383381
2013-09-20,-3.680646,4.5384054
2013-09-23,-3.60091,4.5905633
2013-09-24,-3.4990864,4.6436296
2013-09-25,-3.5035858,4.6391535
2013-09-26,-3.440455,4.6772094
2013-09-27,-3.4662313,4.656782
2013-09-30,-3.502388,4.654499
2013-10-01,-3.4922366,4.6495905
2013-10-02,-3.4642801,4.6629205
2013-10-03,-3.1358767,4.7844076
2013-10-04,-3.1080015,4.795357
2013-10-07,-3.0981457,4.7955146
2013-10-08,-3.0986943,4.7958946
2013-10-09,-3.0969312,4.7955847
2013-10-10,-3.092119,4.7971435
2013-10-11,-3.090809,4.798798
2013-10-14,-3.0534523,4.8138795
2013-10-15,-3.0010679,4.8336496
2013-10-16,-2.632782,4.9976916
2013-10-17,-2.5185103,5.0794806
2013-10-18,-2.311984,5.2522335
2013-10-21,-2.2578669,5.262896
2013-10-22,-2.2396798,5.3273687
2013-10-23,-2.3408606,5.6320806
2013-10-24,-2.2962928,5.698659
2013-10-25,-2.3319237,5.666162
2013-10-28,-2.3554847,5.706808
2013-10-29,-2.331183,5.7042675
2013-10-30,-2.3349562,5.6648235
2013-10-31,-2.3733451,5.5788617
2013-11-01,-2.491396,5.682768
2013-11-04,-2.4858637,5.6763906
2013-11-05,-2.431521,5.629739
2013-11-06,-2.2529795,5.347077
2013-11-07,-2.186631,5.3768167
2013-11-08,-2.2728007,5.545397
2013-11-11,-2.1729476,5.483737
2013-11-12,-2.1905215,5.4458356
2013-11-13,-2.1505694,5.391336
2013-11-14,-2.1377242,5.3781323
2013-11-15,-2.1404402,5.404075
2013-11-18,-2.1398299,5.395019
2013-11-19,-1.753538,5.339244
2013-11-20,-1.7493199,5.3208213
2013-11-21,-1.7239429,5.2671914
2013-11-22,-1.7601266,5.280865
2013-11-25,-1.7183651,5.330882
2013-11-26,-1.7376462,5.2966785
2013-11-27,-1.7599752,5.255447
2013-11-29,-1.8615663,5.3556533
2013-12-02,-1.8554548,5.336467
2013-12-03,-1.6781485,5.4831085
2013-12-04,-1.6413003,5.498457
2013-12-05,-1.7126588,5.4519286
2013-12-06,-1.6940572,5.5111947
2013-12-09,-1.7270457,5.406662
2013-12-10,-1.7282757,5.3765616
2013-12-11,-1.6722136,5.3884254
2013-12-12,-1.6995294,5.3528066
2013-12-13,-1.9087903,4.690604
2013-12-16,-1.9128592,4.720237
2013-12-17,-1.9138603,4.7037287
2013-12-18,-1.9676881,4.505815
2013-12-19,-1.9735863,4.4676123
2013-12-20,-1.9595705,4.435393
2013-12-23,-1.9744395,4.4144835
2013-12-24,-1.9547043,4.460076
2013-12-26,-1.985763,4.420856
2013-12-27,-1.9766384,4.4431777
2013-12-30,-1.9826659,4.371339
2013-12-31,-1.965134,4.346629
2014-01-02,-1.981386,4.310417
2014-01-03,-1.9922117,4.2704115
2014-01-06,-2.0011501,4.2719545
2014-01-07,-1.9920585,4.276215
2014-01-08,-2.0113025,4.2264957
2014-01-09,-1.9908522,4.2506294
2014-01-10,-1.9940201,4.2641296
2014-01-13,-1.9575666,4.292806
2014-01-14,-1.9428451,4.4454956
2014-01-15,-1.907263,4.5963774
2014-01-16,-1.9268221,4.53384
2014-01-17,-1.9158499,4.6197853
2014-01-21,-1.8915318,4.649742
2014-01-22,-1.8974713,4.706322
2014-01-23,-1.5953652,5.332179
2014-01-24,-1.563591,5.4185734
2014-01-27,-1.5274973,5.402192
2014-01-28,-1.5160885,5.439198
2014-01-29,-1.5563798,5.415832
2014-01-30,-1.5405457,5.471692
2014-01-31,-1.4597431,5.5197816
2014-02-03,-1.4988514,5.5039134
2014-02-04,-1.2755138,5.689265
2014-02-05,-1.257002,5.6653337
2014-02-06,-1.3234884,5.73687
2014-02-07,-1.3905231,5.798031
2014-02-10,-1.3846908,5.784873
2014-02-11,-1.3716657,5.7988815
2014-02-12,-1.3823335,5.8613176
2014-02-13,-1.5060626,5.9572444
2014-02-14,-1.5238574,6.010105
2014-02-18,-1.4463402,5.9256444
2014-02-19,-1.4662007,5.9623804
2014-02-20,-1.5441984,5.9946775
2014-02-21,-1.6208335,6.0381346
2014-02-24,-1.6388392,5.950352
2014-02-25,-1.7674813,5.310086
2014-02-26,-1.8542641,5.1584063
2014-02-27,-1.9000068,5.0718217
2014-02-28,-1.9085358,5.0373144
2014-03-03,-1.9758801,4.9811296
2014-03-04,-2.0113006,4.83444
2014-03-05,-1.9758022,4.83107
2014-03-06,-1.9899752,4.8242393
2014-03-07,-2.0261056,4.7981834
2014-03-10,-1.993572,4.7837057
2014-03-11,-1.9675149,4.7175307
2014-03-12,-1.9879857,4.7350187
2014-03-13,-1.9835246,4.755443
2014-03-14,-2.0038717,4.777177
2014-03-17,-2.0300915,4.8543453
2014-03-18,-2.059379,4.975008
2014-03-19,-2.5708716,5.6266656
2014-03-20,-2.6054597,5.652442
2014-03-21,-2.532315,5.654702
2014-03-24,-2.4928167,5.702927
2014-03-25,-2.3952074,5.6593237
2014-03-26,-2.5466783,5.706533
2014-03-27,-2.5411446,5.729659
2014-03-28,-2.5140853,5.727668
2014-03-31,-2.6052876,5.734122
2014-04-01,-2.5332468,5.7259526
2014-04-02,-2.5156844,5.736516
2014-04-03,-2.5261297,5.718971
2014-04-04,-2.4374602,5.772144
2014-04-07,-2.3469186,5.829335
2014-04-08,-2.1650126,5.9619846
2014-04-09,-2.1835003,5.9565444
2014-04-10,-2.113801,5.9927936
2014-04-11,-2.0961068,6.0074725
2014-04-14,-2.0658886,5.9800363
2014-04-15,-2.1219857,5.9831614
2014-04-16,-2.122307,5.9902763
2014-04-17,-1.8803699,6.0220513
2014-04-21,-1.7948525,6.0339904
2014-04-22,-1.7879835,6.067251
2014-04-23,-1.7031462,6.0735736
2014-04-24,-1.6364366,6.0332155
2014-04-25,-1.623352,6.055603
2014-04-28,-1.6393119,6.0562396
2014-04-29,-1.5827757,6.0210843
2014-04-30,-1.575447,5.9971957
2014-05-01,-1.6109613,6.053381
2014-05-02,-1.5993632,6.0389185
2014-05-05,-1.5981038,6.044954
2014-05-06,-1.581433,6.016032
2014-05-07,-0.788583,5.5077243
2014-05-08,-0.75634634,5.4919815
2014-05-09,-0.7700946,5.479822
2014-05-12,-0.73647857,5.5031123
2014-05-13,-0.7878407,5.4845514
2014-05-14,-0.75333214,5.4964223
2014-05-15,-0.7969202,5.438726
2014-05-16,-0.77550143,5.497227
2014-05-19,-0.7329162,5.481297
2014-05-20,-0.7596448,5.4569507
2014-05-21,-0.74598664,5.47989
2014-05-22,-0.7423266,5.4907756
2014-05-23,-0.73980045,5.492632
2014-05-27,-0.6644062,5.5417237
2014-05-28,-0.66792524,5.5325317
2014-05-29,-0.63199776,5.596969
2014-05-30,-0.66563076,5.5953517
2014-06-02,-0.64599776,5.581321
2014-06-03,-0.6633785,5.57123
2014-06-04,-0.62972546,5.600203
2014-06-05,-0.65655047,5.583994
2014-06-06,-0.7708843,5.582899
2014-06-09,-2.3755548,5.8119373
2014-06-10,-2.3356364,5.86357
2014-06-11,-2.3368146,5.878913
2014-06-12,-2.4084,5.8075986
2014-06-13,-2.3395617,5.82075
2014-06-16,-4.4566126,7.8396945
2014-06-17,-4.461588,7.8349314
2014-06-18,-4.4355097,7.843664
2014-06-19,-4.4536533,7.836604
2014-06-20,-4.4698734,7.8699756
2014-06-23,-4.445262,7.8696904
2014-06-24,-4.558288,7.7738094
2014-06-25,-4.5605955,7.7773995
2014-06-26,-4.5474343,7.787991
2014-06-27,-4.549145,7.785754
2014-06-30,-4.524564,7.806467
2014-07-01,-4.5521984,7.7830453
2014-07-02,-4.5527167,7.779824
2014-07-03,-4.5469565,7.787718
2014-07-07,-4.5501895,7.78471
2014-07-08,-4.511771,7.815783
2014-07-09,-4.4829707,7.8432803
2014-07-10,-4.524036,7.804559
2014-07-11,-4.5108604,7.815655
2014-07-14,-4.514145,7.813777
2014-07-15,-4.519405,7.8081474
2014-07-16,-4.4942183,7.8275566
2014-07-17,-4.5024548,7.821659
2014-07-18,-4.4992127,7.8487616
2014-07-21,-4.4567966,7.848745
2014-07-22,-4.4769487,7.830437
2014-07-23,-4.422195,7.802173
2014-07-24,-2.608442,1.7741779
2014-07-25,-2.6056442,1.7438945
2014-07-28,-2.6021981,1.723512
2014-07-29,-2.6044807,1.7429377
2014-07-30,-2.6023428,1.7409749
2014-07-31,-2.5914397,1.7772317
2014-08-01,-2.602171,1.7788709
2014-08-04,-2.6012824,1.7466273
2014-08-05,-2.6003242,1.7465099
2014-08-06,-2.5712497,1.6111362
2014-08-07,-2.587852,1.6090794
2014-08-08,-2.5950918,1.6195122
2014-08-11,-2.5922396,1.6238068
2014-08-12,-2.5930607,1.6221852
2014-08-13,-2.593304,1.6175165
2014-08-14,-2.5941615,1.5825248
2014-08-15,-2.6040378,1.5213252
2014-08-18,-2.6252186,1.3831941
2014-08-19,-2.606709,1.5331923
2014-08-20,-2.6228285,1.4902275
2014-08-21,-2.6389458,1.32637
2014-08-22,-2.6537433,1.2429112
2014-08-25,-2.666376,1.1843361
2014-08-26,-2.6019802,1.2521616
2014-08-27,-2.6511853,1.1784427
2014-08-28,-2.6561728,1.1739317
2014-08-29,-2.6746097,1.1351677
2014-09-02,-2.6762242,1.0993752
2014-09-03,-2.6767707,1.1278191
2014-09-04,-2.6590528,1.0941043
2014-09-05,-2.669089,1.1558318
2014-09-08,-2.680368,1.126888
2014-09-09,-2.6950977,1.1102816
2014-09-10,-2.6945105,1.0983464
2014-09-11,-2.6613865,1.1420321
2014-09-12,-2.6784182,1.118532
2014-09-15,-2.6734896,0.8991484
2014-09-16,-2.666449,0.8878268
2014-09-17,-2.6530511,0.8489693
2014-09-18,-2.6633334,0.81449175
2014-09-19,-2.663096,0.8289311
2014-09-22,-2.6638536,0.83876866
2014-09-23,-2.6626172,0.81117016
2014-09-24,-2.6630685,0.80033743
2014-09-25,-2.6559517,0.7956441
2014-09-26,-2.6612735,0.8048319
2014-09-29,-2.6556675,0.7746935
2014-09-30,-2.6804104,0.78063005
2014-10-01,-2.648073,0.7630308
2014-10-02,-2.657527,0.7222129
2014-10-03,-2.6551776,0.70266706
2014-10-06,-2.654168,0.6851408
2014-10-07,-2.6510699,0.66987115
2014-10-08,-2.645469,0.6298516
2014-10-09,-2.6429527,0.21863408
2014-10-10,-2.5551665,-0.6477283
2014-10-13,-2.5478427,-0.6440403
2014-10-14,-2.534651,-0.6350114
2014-10-15,-2.5588875,-0.6733223
2014-10-16,-2.526105,-0.6160907
2014-10-17,-2.4934843,-0.58606595
2014-10-20,-2.5344253,-0.62775147
2014-10-21,-2.4979305,-0.59131455
2014-10-22,-2.4853566,-0.57813215
2014-10-23,-2.480344,-0.5756686
2014-10-24,-2.456001,-0.54730815
2014-10-27,-2.515765,-0.6115083
2014-10-28,-2.4228976,-0.5112214
2014-10-29,-2.4511395,-0.5406881
2014-10-30,-2.4561212,-0.5461643
2014-10-31,-2.4584405,-0.55154246
2014-11-03,-2.4287114,-0.511173
2014-11-04,-2.4375029,-0.5217176
2014-11-05,-2.5646913,-0.69579715
2014-11-06,-2.5665936,-0.7058709
2014-11-07,-2.5956342,-0.7629531
2014-11-10,-2.6482313,-0.88126653
2014-11-11,-2.6584241,-0.90487695
2014-11-12,-2.6658523,-0.9383984
2014-11-13,-2.6433299,-0.89185464
2014-11-14,-2.7003148,-0.9967442
2014-11-17,-2.6914504,-0.99053687
2014-11-18,-2.6743588,-0.96988416
2014-11-19,-2.6873915,-0.9693301
2014-11-20,-2.6779838,-0.969465
2014-11-21,-2.6556897,-0.9413063
2014-11-24,-2.6924055,-0.9960142
2014-11-25,-2.69826,-1.0116732
2014-11-26,-2.7149513,-1.0566282
2014-11-28,-2.7863123,-1.7640773
2014-12-01,-2.8028982,-1.8496443
2014-12-02,-2.8156893,-1.8554404
2014-12-03,-2.8106625,-1.8711792
2014-12-04,-2.804503,-1.8695856
2014-12-05,-2.7657816,-2.0016456
2014-12-08,-2.7385848,-2.122103
2014-12-09,-2.7700634,-2.1323354
2014-12-10,-2.6546345,-2.3300757
2014-12-11,-2.6892624,-2.421806
2014-12-12,-2.6632786,-2.538385
2014-12-15,-2.6476214,-2.5410924
2014-12-16,-2.6810045,-2.50623
2014-12-17,-2.643618,-2.5613904
2014-12-18,-2.6268122,-2.5825212
2014-12-19,-2.6174617,-2.6213942
2014-12-22,-2.5891747,-2.60596
2014-12-23,-2.5906587,-2.6339936
2014-12-24,-2.6060581,-2.5955122
2014-12-26,-2.5981665,-2.6357803
2014-12-29,-2.6198463,-2.630547
2014-12-30,-2.605939,-2.5997593
2014-12-31,-2.6246111,-2.5969226
2015-01-02,-2.601395,-2.581417
2015-01-05,-2.536507,-2.8046465
2015-01-06,-2.5753925,-2.8457747
2015-01-07,-2.650678,-2.7315297
2015-01-08,-2.6178114,-2.7551026
2015-01-09,-2.6536868,-2.7570398
2015-01-12,-2.6807206,-2.7111454
2015-01-13,-2.699762,-2.7016878
2015-01-14,-2.7068024,-2.713613
2015-01-15,-2.6932619,-2.6765199
2015-01-16,-2.6808727,-2.7182674
2015-01-20,-2.7107618,-2.7274828
2015-01-21,-2.6279724,-2.8163674
2015-01-22,-2.6363847,-3.0674646
2015-01-23,-2.6279233,-3.0911036
2015-01-26,-2.62065,-3.1685958
2015-01-27,-2.6249738,-3.4744844
2015-01-28,-2.6046424,-3.5708184
2015-01-29,-2.6144457,-3.6925356
2015-01-30,-2.6142917,-3.6610215
2015-02-02,-2.594904,-3.7478952
2015-02-03,-2.6003907,-3.8347578
2015-02-04,-2.6045089,-3.8321908
2015-02-05,-2.651713,-3.803228
2015-02-06,-2.5823965,-3.9004915
2015-02-09,-2.598973,-3.9035084
2015-02-10,-2.6521935,-3.88158
2015-02-11,-2.599708,-3.878849
2015-02-12,-2.6051977,-3.8799436
2015-02-13,-2.5982938,-3.8731723
2015-02-17,-2.602967,-3.873626
2015-02-18,-2.5875545,-3.9426274
2015-02-19,-2.585814,-3.9390802
2015-02-20,-2.5856826,-3.919776
2015-02-23,-2.6035912,-3.889047
2015-02-24,-2.6189508,-3.854791
2015-02-25,-2.6175153,-3.8613849
2015-02-26,-2.9741113,-2.4300246
2015-02-27,-3.0371919,-2.3484797
2015-03-02,-3.1096382,-2.2904975
2015-03-03,-3.1082764,-2.266236
2015-03-04,-3.1159372,-2.2977874
2015-03-05,-3.138811,-2.2455301
2015-03-06,-3.1496053,-2.222276
2015-03-09,-3.129026,-2.250853
2015-03-10,-3.1358447,-2.2685988
2015-03-11,-3.1300788,-2.2593272
2015-03-12,-3.1360269,-2.248603
2015-03-13,-3.1190095,-2.2473881
2015-03-16,-3.1173341,-2.2618809
2015-03-17,-3.1200047,-2.2391925
2015-03-18,-3.1227422,-2.2402315
2015-03-19,-3.1307764,-2.290599
2015-03-20,-3.1318529,-2.318785
2015-03-23,-3.0949147,-2.3834946
2015-03-24,-3.0620856,-2.4116042
2015-03-25,-3.016148,-2.4959614
2015-03-26,-2.9269383,-2.5427496
2015-03-27,-3.017634,-2.5499084
2015-03-30,-3.0061145,-2.5942116
2015-03-31,-2.9737053,-2.5993934
2015-04-01,-2.9769065,-2.6164846
2015-04-02,-2.9933352,-2.605485
2015-04-06,-2.9969358,-2.604368
2015-04-07,-2.934202,-2.6566334
2015-04-08,-2.9152944,-2.6694732
2015-04-09,-2.888201,-2.7007394
2015-04-10,-2.8865857,-2.7188017
2015-04-13,-2.5146496,-4.8441052
2015-04-14,-2.5386753,-4.796862
2015-04-15,-2.5042775,-4.8485985
2015-04-16,-2.495916,-4.8817525
2015-04-17,-2.4745464,-4.9129252
2015-04-20,-2.4950569,-4.9176106
2015-04-21,-2.4768965,-4.9225
2015-04-22,-2.4807284,-4.922982
2015-04-23,-2.4770863,-4.9228973
2015-04-24,-2.465957,-4.940638
2015-04-27,-2.464464,-4.9355445
2015-04-28,-2.4484181,-4.952599
2015-04-29,-2.5091913,-4.892723
2015-04-30,-2.495621,-4.901087
2015-05-01,-2.5163546,-4.87343
2015-05-04,-2.5029416,-4.884349
2015-05-05,-2.4903648,-4.9135194
2015-05-06,-2.5105062,-4.8519464
2015-05-07,-2.5149891,-4.872621
2015-05-08,-2.513237,-4.874872
2015-05-11,-2.5075378,-4.866473
2015-05-12,-2.5600848,-3.88457
2015-05-13,-2.6123652,-3.7390356
2015-05-14,-2.6162243,-3.686707
2015-05-15,-2.6469553,-3.560469
2015-05-18,-2.6617937,-3.4085202
2015-05-19,-2.6429782,-3.48104
2015-05-20,-2.6711173,-3.32428
2015-05-21,-2.6397202,-3.462507
2015-05-22,-2.65314,-3.4779541
2015-05-26,-2.668782,-3.4285066
2015-05-27,-2.6396284,-3.6323056
2015-05-28,-2.6457255,-3.6879952
2015-05-29,-2.6655505,-3.7541726
2015-06-01,-2.6140811,-3.8400443
2015-06-02,-2.5929787,-3.9564826
2015-06-03,-2.5940118,-3.9385846
2015-06-04,-2.5847445,-3.981757
2015-06-05,-2.5668793,-4.1014547
2015-06-08,-2.523961,-4.2319674
2015-06-09,-2.5374975,-4.2073207
2015-06-10,-2.5291855,-4.2700863
2015-06-11,-2.534371,-4.2825785
2015-06-12,-2.526962,-4.262248
2015-06-15,-2.517914,-4.40009
2015-06-16,-2.520538,-4.403639
2015-06-17,-2.5258336,-4.3843675
2015-06-18,-2.5185583,-4.4027534
2015-06-19,-2.514671,-4.4415493
2015-06-22,1.2018046,-11.508912
2015-06-23,1.2171055,-11.499381
2015-06-24,1.1903278,-11.527461
2015-06-25,1.1678336,-11.55728
2015-06-26,1.1717163,-11.553557
2015-06-29,1.1540115,-11.576659
2015-06-30,1.1630657,-11.570716
2015-07-01,1.1698539,-11.564751
2015-07-02,1.1615151,-11.573881
2015-07-06,1.125451,-11.6175995
2015-07-07,1.1434397,-11.590304
2015-07-08,1.294689,-11.340398
2015-07-09,1.320367,-11.316584
2015-07-10,1.332515,-11.284137
2015-07-13,1.5400792,-10.655563
2015-07-14,1.5830202,-10.621981
2015-07-15,1.5992498,-10.63005
2015-07-16,1.424014,-10.640678
2015-07-17,1.3812932,-10.609009
2015-07-20,1.3861033,-10.632108
2015-07-21,1.3544798,-10.600485
2015-07-22,1.1008388,-10.452699
2015-07-23,1.0722526,-10.52672
2015-07-24,1.0607316,-10.53594
2015-07-27,1.0415881,-10.538624
2015-07-28,1.0454457,-10.543685
2015-07-29,1.0403081,-10.547887
2015-07-30,1.0471823,-10.550552
2015-07-31,1.0361154,-10.533973
2015-08-03,1.0014776,-10.514347
2015-08-04,1.0217469,-10.529704
2015-08-05,1.2138113,-10.608724
2015-08-06,1.1046337,-10.557797
2015-08-07,1.1080151,-10.591379
2015-08-10,1.1398358,-10.623579
2015-08-11,1.2344908,-10.700067
2015-08-12,1.214842,-10.690242
2015-08-13,1.2622172,-10.718064
2015-08-14,1.2864355,-10.736584
2015-08-17,1.325522,-10.764992
2015-08-18,1.3284099,-10.744943
2015-08-19,1.3236957,-10.743025
2015-08-20,1.3340364,-10.772727
2015-08-21,1.3287011,-10.757168
2015-08-24,1.4201353,-10.841509
2015-08-25,1.4497572,-10.622889
2015-08-26,1.4249151,-10.649668
2015-08-27,1.6042515,-11.054948
2015-08-28,1.5951571,-10.977789
2015-08-31,1.5770906,-11.105569
2015-09-01,1.5737844,-11.173174
2015-09-02,1.5608532,-11.1915045
2015-09-03,0.46325803,-12.20731
2015-09-04,0.45109996,-12.220585
2015-09-08,0.42483675,-12.244388
2015-09-09,0.41335002,-12.256246
2015-09-10,0.433982,-12.236025
2015-09-11,0.43289435,-12.23654
2015-09-14,0.43266052,-12.237584
2015-09-15,0.39041474,-12.279103
2015-09-16,0.4197968,-12.250441
2015-09-17,0.39134043,-12.277311
2015-09-18,0.27845585,-12.387188
2015-09-21,0.3097199,-12.356179
2015-09-22,0.29557902,-12.369923
2015-09-23,0.27862865,-12.386518
2015-09-24,0.27957562,-12.384956
2015-09-25,0.27772674,-12.386864
2015-09-28,0.27968684,-12.385102
2015-09-29,0.2557381,-12.408837
2015-09-30,0.25247568,-12.4118
2015-10-01,0.26846293,-12.39589
2015-10-02,0.22159405,-12.442397
2015-10-05,0.19954391,-12.463603
2015-10-06,0.20531477,-12.45832
2015-10-07,0.20584592,-12.457385
2015-10-08,0.22523667,-12.438488
2015-10-09,0.20679887,-12.456751
2015-10-12,0.19893298,-12.464804
2015-10-13,0.2151554,-12.44861
2015-10-14,0.20067249,-12.463389
2015-10-15,0.22841915,-12.4356785
2015-10-16,0.20790906,-12.45559
2015-10-19,0.23735423,-12.427543
2015-10-20,1.655288,-11.118108
2015-10-21,1.6605475,-11.115895
2015-10-22,1.6287518,-11.145034
2015-10-23,1.5816125,-11.188509
2015-10-26,1.5877925,-11.183824
2015-10-27,1.6024804,-11.163499
2015-10-28,1.6204369,-11.155766
2015-10-29,1.6011039,-11.18285
2015-10-30,1.591663,-11.187469
2015-11-02,1.5748843,-11.191377
2015-11-03,1.5564821,-11.215006
2015-11-04,2.0562851,-10.408481
2015-11-05,2.0560036,-10.432901
2015-11-06,2.1593318,-10.291389
2015-11-09,2.116239,-10.321075
2015-11-10,2.1419754,-10.307363
2015-11-11,2.0972004,-10.361891
2015-11-12,2.146589,-10.302395
2015-11-13,2.1448245,-10.311231
2015-11-16,2.1251094,-10.331688
2015-11-17,2.1088665,-10.277465
2015-11-18,2.1315129,-10.304226
2015-11-19,2.0922577,-10.2816725
2015-11-20,2.149954,-10.2465105
2015-11-23,2.2333934,-10.124742
2015-11-24,2.2306542,-10.075783
2015-11-25,2.2944078,-10.0490675
2015-11-27,2.2665482,-10.0844555
2015-11-30,2.3180175,-10.015164
2015-12-01,2.295448,-10.03103
2015-12-02,2.2937868,-9.993348
2015-12-03,2.3006444,-9.983931
2015-12-04,2.12372,-10.091506
2015-12-07,2.0304763,-9.809807
2015-12-08,1.9424851,-9.725361
2015-12-09,1.9051131,-9.686516
2015-12-10,1.8895271,-9.649231
2015-12-11,1.8719306,-9.635254
2015-12-14,1.8557667,-9.606024
2015-12-15,1.8639891,-9.613301
2015-12-16,1.9443743,-9.4663105
2015-12-17,1.8889467,-9.44976
2015-12-18,1.9090123,-9.438985
2015-12-21,1.9370998,-9.4544525
2015-12-22,1.885746,-9.403453
2015-12-23,1.6928095,-9.356296
2015-12-24,1.7180554,-9.38335
2015-12-28,1.6770285,-9.348672
2015-12-29,1.6804574,-9.349342
2015-12-30,1.6567878,-9.336847
2015-12-31,1.6582967,-9.329572
2016-01-04,1.6909798,-9.350785
2016-01-05,1.735936,-9.3803835
2016-01-06,1.6503359,-9.334037
2016-01-07,1.6416979,-9.321425
2016-01-08,1.6648214,-9.336874
2016-01-11,1.6257287,-9.31732
2016-01-12,1.5970639,-9.3090725
2016-01-13,1.6077452,-9.302688
2016-01-14,-3.3264747,-8.405124
2016-01-15,-3.4017534,-8.366591
2016-01-19,-3.4404268,-8.359679
2016-01-20,-3.4334555,-8.367405
2016-01-21,-3.4236493,-8.387105
2016-01-22,-3.4329104,-8.386779
2016-01-25,-3.4072893,-8.380401
2016-01-26,-3.4504783,-8.381521
2016-01-27,-3.461861,-8.411912
2016-01-28,-3.5230186,-8.4524765
2016-01-29,-3.55992,-8.4339485
2016-02-01,-3.5435212,-8.422367
2016-02-02,-3.6215284,-8.407566
2016-02-03,-3.616983,-8.398159
2016-02-04,-3.7337139,-8.396205
2016-02-05,-4.0868115,-8.395331
2016-02-08,-4.0136685,-8.412277
2016-02-09,-4.0412846,-8.413633
2016-02-10,-4.034101,-8.42374
2016-02-11,-4.0922174,-8.407906
2016-02-12,-4.1344457,-8.420676
2016-02-16,-4.148253,-8.416453
2016-02-17,-4.2310834,-8.392084
2016-02-18,-4.221992,-8.379865
2016-02-19,-4.2236276,-8.341331
2016-02-22,-4.396956,-8.357798
2016-02-23,-4.539903,-8.349578
2016-02-24,-4.3148246,-8.347475
2016-02-25,-4.297962,-8.344001
2016-02-26,-4.2149467,-8.353363
2016-02-29,-4.0553584,-8.272863
2016-03-01,-4.0747848,-8.278351
2016-03-02,-4.079056,-8.279891
2016-03-03,-3.5252228,-8.1055155
2016-03-04,-3.4995494,-8.103912
2016-03-07,-3.5641916,-8.1756
2016-03-08,-3.465061,-8.053705
2016-03-09,-3.448423,-8.044185
2016-03-10,-3.3882904,-8.017957
2016-03-11,-3.4014788,-8.010663
2016-03-14,-3.384637,-8.002213
2016-03-15,-3.4004204,-8.008055
2016-03-16,-3.4010155,-8.023432
2016-03-17,-3.3730989,-7.9912777
2016-03-18,-3.4239097,-8.01346
2016-03-21,-3.409927,-8.02771
2016-03-22,-3.376785,-8.010321
2016-03-23,-3.4011421,-8.031065
2016-03-24,-3.4117312,-8.013023
2016-03-28,-3.376293,-8.022878
2016-03-29,-3.45482,-8.00819
2016-03-30,-3.5113378,-8.066386
2016-03-31,-3.4927104,-8.025897
2016-04-01,-3.4500506,-8.007253
2016-04-04,-3.94866,-8.200686
2016-04-05,-3.8816874,-8.170939
2016-04-06,-3.8355575,-8.2181835
2016-04-07,-3.9461088,-8.273732
2016-04-08,-3.9114606,-8.1143465
2016-04-11,-4.021186,-8.257076
2016-04-12,-4.0705247,-8.169515
2016-04-13,-4.1003313,-8.196837
2016-04-14,-4.0449376,-8.103584
2016-04-15,-4.1264534,-8.076826
2016-04-18,-4.0853267,-8.077022
2016-04-19,-4.182364,-8.148781
2016-04-20,-4.1243887,-8.158984
2016-04-21,-4.093107,-8.344268
2016-04-22,-4.115824,-8.208498
2016-04-25,-4.157347,-8.129873
2016-04-26,-4.137751,-8.125375
2016-04-27,-4.156773,-8.150363
2016-04-28,-4.255885,-8.232386
2016-04-29,-4.2455783,-8.216272
2016-05-02,-4.2409887,-8.255397
2016-05-03,-4.28505,-8.283325
2016-05-04,-4.104755,-8.044934
2016-05-05,-4.1036587,-8.032985
2016-05-06,-4.0634184,-7.9465227
2016-05-09,-4.0513372,-7.9048433
2016-05-10,-4.0544295,-7.8745155
2016-05-11,-4.034796,-7.8748956
2016-05-12,-3.9916275,-7.8218474
2016-05-13,-3.9235566,-7.6746173
2016-05-16,-3.9108658,-7.637133
2016-05-17,-3.9184818,-7.6340694
2016-05-18,-3.8214245,-7.6353946
2016-05-19,-3.8633668,-7.601303
2016-05-20,-3.8862226,-7.562032
2016-05-23,-3.8930101,-7.566719
2016-05-24,-3.9064045,-7.6239395
2016-05-25,-3.8723278,-7.575499
2016-05-26,-3.8480854,-7.5523467
2016-05-27,-3.8198895,-7.5517306
2016-05-31,-3.7811294,-7.617882
2016-06-01,-3.7802706,-7.605245
2016-06-02,-3.774902,-7.5880733
2016-06-03,-3.7662215,-7.6115623
2016-06-06,-3.733993,-7.634006
2016-06-07,-3.774395,-7.643903
2016-06-08,-3.8268578,-7.591602
2016-06-09,-3.8260791,-7.59903
2016-06-10,-3.8289216,-7.6006575
2016-06-13,-3.8469896,-7.613508
2016-06-14,-3.4747753,-8.353564
2016-06-15,-3.4607782,-8.312528
2016-06-16,-3.4847188,-8.341057
2016-06-17,-3.4654362,-8.342161
2016-06-20,-3.446916,-8.322243
2016-06-21,-3.4581988,-8.347525
2016-06-22,-3.5840893,-8.325049
2016-06-23,-3.6342366,-8.257711
2016-06-24,-5.039368,-8.359486
2016-06-27,-5.647573,-8.3930025
2016-06-28,-5.6383696,-8.375207
2016-06-29,-5.626594,-8.362583
2016-06-30,-5.61546,-8.402693
2016-07-01,-5.6331987,-8.378433
2016-07-05,-5.609444,-8.38006
2016-07-06,-5.650633,-8.424327
2016-07-07,-5.6607127,-8.417899
2016-07-08,-5.699852,-8.386631
2016-07-11,-5.679751,-8.406464
2016-07-12,-5.6739807,-8.410445
2016-07-13,-5.7056975,-8.416371
2016-07-14,-5.67293,-8.408679
2016-07-15,-5.6787977,-8.40716
2016-07-18,-5.6689606,-8.414942
2016-07-19,-5.6491866,-8.443704
2016-07-20,-5.683072,-8.429536
2016-07-21,-5.6669106,-8.420377
2016-07-22,-5.6758494,-8.410734
2016-07-25,-5.685277,-8.421763
2016-07-26,-5.680763,-8.399144
2016-07-27,-5.713047,-8.331988
2016-07-28,-5.7115536,-8.322582
2016-07-29,-5.746569,-8.31927
2016-08-01,-5.6932507,-8.383217
2016-08-02,-5.7115383,-8.369142
2016-08-03,-5.757165,-8.313034
2016-08-04,-5.882525,-8.192221
2016-08-05,-5.8593698,-8.215019
2016-08-08,-5.8932605,-8.187715
2016-08-09,-5.945392,-8.1423025
2016-08-10,-6.036688,-8.054787
2016-08-11,-6.0543313,-8.038196
2016-08-12,-6.038192,-8.051762
2016-08-15,-6.0492816,-8.039522
2016-08-16,-6.048856,-8.040167
2016-08-17,-6.0580454,-8.031033
2016-08-18,-6.0255513,-8.062949
2016-08-19,-6.0077567,-8.079884
2016-08-22,-6.030743,-8.05588
2016-08-23,-6.0499525,-8.039998
2016-08-24,-6.0346107,-8.0484
2016-08-25,-7.5462055,-7.0862856
2016-08-26,-7.5655293,-7.0943255
2016-08-29,-7.573683,-7.090156
2016-08-30,-7.553221,-7.111577
2016-08-31,-7.554718,-7.119339
2016-09-01,-7.5681586,-7.098839
2016-09-02,-7.5662956,-7.099786
2016-09-06,-7.5818944,-7.0860333
2016-09-07,-7.5748663,-7.0942154
2016-09-08,-7.5475245,-7.1218853
2016-09-09,-7.5699677,-7.09581
2016-09-12,-7.571837,-7.0929284
2016-09-13,-7.547569,-7.1196237
2016-09-14,-7.5718594,-7.0849257
2016-09-15,-7.5639143,-7.09562
2016-09-16,-7.5850844,-7.084362
2016-09-19,-7.5610127,-7.1086392
2016-09-20,-7.57628,-7.0989976
2016-09-21,-7.5786047,-7.0907865
2016-09-22,-7.6037283,-7.0650663
2016-09-23,2.758632,-8.706285
2016-09-26,2.7173338,-8.694576
2016-09-27,2.6818042,-8.725169
2016-09-28,2.6812375,-8.715491
2016-09-29,2.700692,-8.704797
2016-09-30,2.7150743,-8.704496
2016-10-03,2.6346986,-8.746741
2016-10-04,2.6229053,-8.758406
2016-10-05,2.6217077,-8.761487
2016-10-06,2.6232567,-8.754132
2016-10-07,2.631278,-8.755176
2016-10-10,2.6186473,-8.778771
2016-10-11,2.5846896,-8.808941
2016-10-12,2.5536127,-8.875257
2016-10-13,2.5887268,-8.834433
2016-10-14,2.5632105,-8.852033
2016-10-17,2.5641694,-8.861627
2016-10-18,2.3479688,-9.460354
2016-10-19,2.3684497,-9.507031
2016-10-20,2.3565242,-9.474976
2016-10-21,2.3460922,-9.505063
2016-10-24,1.9704808,-10.618948
2016-10-25,1.9953839,-10.595811
2016-10-26,1.9745524,-10.623022
2016-10-27,1.9601071,-10.631733
2016-10-28,1.8507595,-10.730097
2016-10-31,1.9527855,-10.601183
2016-11-01,1.9750239,-10.658517
2016-11-02,2.3829672,-10.263768
2016-11-03,2.4635196,-10.271977
2016-11-04,2.5388546,-10.24436
2016-11-07,2.899954,-10.326039
2016-11-08,3.0305212,-10.273381
2016-11-09,2.2122908,-10.143252
2016-11-10,2.1559882,-10.224861
2016-11-11,3.1309366,-10.285016
2016-11-14,3.1042888,-10.249649
2016-11-15,3.1075876,-10.268083
2016-11-16,3.075578,-10.079802
2016-11-17,3.0630593,-10.109409
2016-11-18,3.0637243,-10.130889
2016-11-21,3.0765908,-10.088551
2016-11-22,3.0613704,-10.107959
2016-11-23,3.0291295,-10.034953
2016-11-25,3.0207033,-10.051861
2016-11-28,3.0088818,-9.995442
2016-11-29,3.026233,-9.973061
2016-11-30,3.0075328,-9.958638
2016-12-01,3.1252186,-10.015172
2016-12-02,3.067834,-10.163775
2016-12-05,3.0848663,-10.174718
2016-12-06,2.9607174,-9.920734
2016-12-07,2.9238899,-9.918289
2016-12-08,2.9207966,-9.893318
2016-12-09,3.149025,-9.959172
2016-12-12,3.0314066,-9.873946
2016-12-13,2.6046994,-9.773144
2016-12-14,2.568872,-9.723797
2016-12-15,2.6976418,-9.799427
2016-12-16,2.6881008,-9.777345
2016-12-19,2.7096188,-9.759654
2016-12-20,2.712536,-9.756358
2016-12-21,2.755215,-9.772028
2016-12-22,2.8125324,-9.832532
2016-12-23,2.779126,-9.812839
2016-12-27,2.7855015,-9.824481
2016-12-28,2.8376334,-9.834032
2016-12-29,2.821848,-9.855908
2016-12-30,2.879686,-9.861616
2017-01-03,2.8585503,-9.867279
2017-01-04,2.8563612,-9.864066
2017-01-05,2.821932,-9.8471
2017-01-06,2.8826041,-9.8858595
2017-01-09,2.8657458,-9.838961
2017-01-10,2.9067962,-9.860902
2017-01-11,3.597228,-8.973115
2017-01-12,3.6127143,-8.989144
2017-01-13,3.7452471,-9.023157
2017-01-17,3.7131574,-9.070495
2017-01-18,3.765197,-9.041833
2017-01-19,3.7669063,-9.036228
2017-01-20,3.751311,-9.021886
2017-01-23,3.7822356,-9.046602
2017-01-24,3.66081,-9.13723
2017-01-25,3.611086,-9.187734
2017-01-26,3.5774639,-9.246066
2017-01-27,3.6068032,-9.201182
2017-01-30,3.6027386,-9.176468
2017-01-31,3.6254563,-9.177468
2017-02-01,3.6564658,-9.141154
2017-02-02,3.621727,-9.187264
2017-02-03,3.5277128,-9.331308
2017-02-06,3.5376472,-9.358648
2017-02-07,3.4865422,-9.476553
2017-02-08,3.497687,-9.473303
2017-02-09,3.49077,-9.644197
2017-02-10,3.535591,-9.938513
2017-02-13,3.584814,-9.959394
2017-02-14,3.4339807,-9.885481
2017-02-15,3.343959,-9.932545
2017-02-16,3.425633,-9.968658
2017-02-17,3.5200775,-9.970234
2017-02-21,3.5406423,-9.939844
2017-02-22,3.5302572,-9.945626
2017-02-23,3.672814,-9.880221
2017-02-24,3.8679397,-9.549486
2017-02-27,3.9792666,-9.281988
2017-02-28,3.9864924,-9.211554
2017-03-01,4.008675,-9.259234
2017-03-02,4.0076165,-9.246262
2017-03-03,4.000264,-9.249996
2017-03-06,3.997484,-9.205855
2017-03-07,4.0778427,-9.093103
2017-03-08,4.061358,-9.048024
2017-03-09,4.053488,-9.045003
2017-03-10,4.094701,-9.017456
2017-03-13,4.067447,-8.98653
2017-03-14,4.056346,-8.987037
2017-03-15,4.0741673,-8.97412
2017-03-16,4.0974183,-8.96336
2017-03-17,4.072725,-8.978681
2017-03-20,4.071378,-8.981395
2017-03-21,4.068326,-8.9637375
2017-03-22,4.0245333,-8.979532
2017-03-23,4.0668473,-8.9885845
2017-03-24,3.9920688,-8.976649
2017-03-27,3.9335854,-8.983809
2017-03-28,3.8524332,-9.018813
2017-03-29,3.7139833,-8.976155
2017-03-30,3.7384555,-8.946053
2017-03-31,3.681082,-8.968737
2017-04-03,3.7408595,-8.943298
2017-04-04,3.707775,-8.983255
2017-04-05,3.6801093,-8.927996
2017-04-06,3.742831,-8.99689
2017-04-07,3.7676299,-9.035969
2017-04-10,3.5841742,-9.190831
2017-04-11,3.433279,-9.4861
2017-04-12,3.110265,-10.104766
2017-04-13,3.1383271,-10.167476
2017-04-17,3.0729575,-10.164088
2017-04-18,3.0424294,-10.153688
2017-04-19,3.0605192,-10.28485
2017-04-20,3.0547097,-10.346369
2017-04-21,3.0995774,-10.340892
2017-04-24,3.1119838,-10.281788
2017-04-25,3.1276941,-10.318533
2017-04-26,3.1362684,-10.314276
2017-04-27,3.1508822,-10.3253
2017-04-28,3.797638,-10.355077
2017-05-01,3.8102765,-10.357104
2017-05-02,3.7770383,-10.361043
2017-05-03,3.8313143,-10.316994
2017-05-04,3.854244,-10.286395
2017-05-05,3.8504107,-10.284141
2017-05-08,3.84303,-10.305518
2017-05-09,3.8891633,-10.27384
2017-05-10,3.891594,-10.345293
2017-05-11,3.8532023,-10.289511
2017-05-12,3.8662694,-10.289488
2017-05-15,3.8433642,-10.283086
2017-05-16,3.8446271,-10.267777
2017-05-17,3.9134016,-10.366014
2017-05-18,3.9001877,-10.352478
2017-05-19,3.9041839,-10.345811
2017-05-22,3.8977644,-10.337135
2017-05-23,3.9428082,-10.346711
2017-05-24,3.9869153,-10.388153
2017-05-25,7.0798526,-11.564589
2017-05-26,7.0631647,-11.555295
2017-05-30,7.0326357,-11.536897
2017-05-31,7.0484915,-11.559469
2017-06-01,7.0341454,-11.539506
2017-06-02,7.052371,-11.551559
2017-06-05,7.040155,-11.546557
2017-06-06,7.042235,-11.550247
2017-06-07,7.030147,-11.541251
2017-06-08,7.042041,-11.550409
2017-06-09,7.2675157,-11.615794
2017-06-12,7.4906297,-11.676841
2017-06-13,7.5343423,-11.688889
2017-06-14,7.542586,-11.6944065
2017-06-15,7.5308447,-11.688024
2017-06-16,7.530613,-11.677441
2017-06-19,7.5784664,-11.661684
2017-06-20,7.585841,-11.660299
2017-06-21,7.498837,-11.638638
2017-06-22,7.5106077,-11.645434
2017-06-23,7.5914755,-11.660769
2017-06-26,7.6554337,-11.665883
2017-06-27,7.8771996,-11.684897
2017-06-28,8.208799,-11.673005
2017-06-29,8.190634,-11.641376
2017-06-30,8.1566105,-11.643339
2017-07-03,8.199909,-11.620173
2017-07-05,8.129907,-11.614119
2017-07-06,8.118401,-11.604549
2017-07-07,8.073663,-11.566368
2017-07-10,8.127893,-11.624534
2017-07-11,8.056308,-11.574734
2017-07-12,8.043335,-11.585337
2017-07-13,8.052228,-11.585745
2017-07-14,8.062645,-11.596337
2017-07-17,8.035602,-11.551448
2017-07-18,8.0875435,-11.617624
2017-07-19,7.7760015,-11.843391
2017-07-20,7.7823615,-11.875729
2017-07-21,7.7773886,-11.864959
2017-07-24,7.747711,-11.869432
2017-07-25,7.745897,-11.872119
2017-07-26,7.735812,-11.884232
2017-07-27,7.704644,-11.855564
2017-07-28,7.703165,-11.864858
2017-07-31,7.7290916,-11.871118
2017-08-01,7.7330327,-11.894108
2017-08-02,7.8246098,-11.906122
2017-08-03,7.815921,-11.860464
2017-08-04,8.197627,-11.792402
2017-08-07,8.214444,-11.751972
2017-08-08,8.272678,-11.786413
2017-08-09,8.220951,-11.760396
2017-08-10,8.23019,-11.758896
2017-08-11,8.25022,-11.745321
2017-08-14,8.335676,-11.714975
2017-08-15,8.288764,-11.746016
2017-08-16,8.345665,-11.700783
2017-08-17,8.296561,-11.719601
2017-08-18,8.303187,-11.734318
2017-08-21,8.395254,-11.743718
2017-08-22,8.375529,-11.720523
2017-08-23,8.340682,-11.706504
2017-08-24,8.341856,-11.709471
2017-08-25,8.365731,-11.718258
2017-08-28,8.360711,-11.7196
2017-08-29,8.356909,-11.720582
2017-08-30,8.35574,-11.722334
2017-08-31,8.369484,-11.734256
2017-09-01,8.379501,-11.7116785
2017-09-05,8.388273,-11.678475
2017-09-06,8.360356,-11.679385
2017-09-07,8.680983,-11.646121
2017-09-08,8.652377,-11.644405
2017-09-11,8.711543,-11.632936
2017-09-12,8.821819,-11.613048
2017-09-13,9.037311,-11.557975
2017-09-14,9.054799,-11.555517
2017-09-15,9.396883,-11.484451
2017-09-18,9.549315,-11.4540825
2017-09-19,9.547375,-11.451433
2017-09-20,9.570714,-11.447367
2017-09-21,9.527577,-11.478926
2017-09-22,9.5923,-11.44465
2017-09-25,9.639177,-11.42716
2017-09-26,9.624651,-11.431199
2017-09-27,9.662909,-11.434846
2017-09-28,10.469986,-10.892018
2017-09-29,10.4259815,-10.950305
2017-10-02,10.479141,-10.89984
2017-10-03,10.506535,-10.930189
2017-10-04,10.507576,-10.895741
2017-10-05,10.564823,-10.835389
2017-10-06,10.551905,-10.835579
2017-10-09,10.564651,-10.818062
2017-10-10,10.553449,-10.840226
2017-10-11,10.546938,-10.834567
2017-10-12,10.565488,-10.825079
2017-10-13,10.552432,-10.830607
2017-10-16,10.572763,-10.813115
2017-10-17,10.634028,-10.732068
2017-10-18,10.628537,-10.77979
2017-10-19,10.606701,-10.805783
2017-10-20,10.626202,-10.795144
2017-10-23,10.597949,-10.80713
2017-10-24,10.660401,-10.756459
2017-10-25,10.678325,-10.715702
2017-10-26,10.640259,-10.769039
2017-10-27,10.606807,-11.154204
2017-10-30,10.6091585,-11.174591
2017-10-31,10.5877905,-11.229179
2017-11-01,10.593718,-11.301419
2017-11-02,10.536694,-11.406823
2017-11-03,10.553951,-11.426643
2017-11-06,10.562678,-11.447055
2017-11-07,10.557095,-11.44494
2017-11-08,10.567777,-11.557528
2017-11-09,10.5521345,-11.514438
2017-11-10,10.538706,-11.549133
2017-11-13,10.568788,-11.556405
2017-11-14,10.584158,-11.597198
2017-11-15,10.580674,-11.565014
2017-11-16,10.574269,-11.568908
2017-11-17,10.563797,-11.574272
2017-11-20,10.582503,-11.584572
2017-11-21,10.595371,-11.552521
2017-11-22,10.586402,-11.544536
2017-11-24,10.571524,-11.551201
2017-11-27,10.618845,-11.535641
2017-11-28,10.722574,-11.481573
2017-11-29,10.974547,-11.363803
2017-11-30,11.042963,-11.312597
2017-12-01,11.081389,-11.282596
2017-12-04,11.103105,-11.250943
2017-12-05,11.15557,-11.20535
2017-12-06,11.1527815,-11.207221
2017-12-07,11.169515,-11.189486
2017-12-08,11.17642,-11.115006
2017-12-11,11.163524,-11.14715
2017-12-12,11.202417,-11.126362
2017-12-13,11.219165,-11.044354
2017-12-14,11.203092,-11.040777
2017-12-15,11.258932,-10.984573
2017-12-18,11.231492,-11.04775
2017-12-19,11.169661,-11.128539
2017-12-20,11.264701,-10.99537
2017-12-21,11.206052,-10.996647
2017-12-22,11.212138,-11.029222
2017-12-26,11.210602,-11.018588
2017-12-27,11.209376,-11.020792
2017-12-28,11.259764,-11.038462
2017-12-29,11.297046,-11.076579
2018-01-02,11.298102,-11.149341
2018-01-03,11.319829,-11.072737
2018-01-04,11.310345,-11.112441
2018-01-05,11.337734,-11.133066
2018-01-08,11.29874,-11.135771
2018-01-09,11.328973,-11.103771
2018-01-10,11.362841,-11.126035
2018-01-11,11.13395,-11.239165
2018-01-12,11.144931,-11.257042
2018-01-16,11.092301,-11.300811
2018-01-17,11.099296,-11.305613
2018-01-18,11.041281,-11.280647
2018-01-19,11.004128,-11.326966
2018-01-22,11.052069,-11.301934
2018-01-23,11.013965,-11.249972
2018-01-24,10.949049,-11.312359
2018-01-25,11.005583,-11.282257
2018-01-26,10.983533,-11.247367
2018-01-29,10.976303,-11.209231
2018-01-30,10.903983,-10.891231
2018-01-31,11.059681,-10.96214
2018-02-01,11.082084,-10.951637
2018-02-02,11.041495,-10.871745
2018-02-05,11.284555,-9.146152
2018-02-06,11.307998,-9.067282
2018-02-07,11.327713,-9.039271
2018-02-08,11.415226,-8.8469095
2018-02-09,11.339689,-8.967125
2018-02-12,11.406394,-8.8501
2018-02-13,11.37571,-8.876348
2018-02-14,11.3952055,-8.843526
2018-02-15,11.396349,-8.853557
2018-02-16,11.4000435,-8.864265
2018-02-20,11.439623,-8.857742
2018-02-21,11.398454,-8.885422
2018-02-22,11.405133,-8.918896
2018-02-23,11.404231,-8.881037
2018-02-26,11.388598,-8.880782
2018-02-27,11.413955,-8.898304
2018-02-28,12.217201,-8.505773
2018-03-01,12.181332,-8.480853
2018-03-02,12.200094,-8.503814
2018-03-05,12.223994,-8.519988
2018-03-06,12.215557,-8.515497
2018-03-07,12.265362,-8.530131
2018-03-08,12.348131,-8.60144
2018-03-09,12.317056,-8.578534
2018-03-12,12.309833,-8.606846
2018-03-13,12.309339,-8.60678
2018-03-14,12.329772,-8.605326
2018-03-15,12.293239,-8.623533
2018-03-16,12.300924,-8.621605
2018-03-19,12.307076,-8.610864
2018-03-20,12.319622,-8.61536
2018-03-21,12.316115,-8.594257
2018-03-22,11.517036,-8.778208
2018-03-23,11.41599,-8.776752
2018-03-26,11.342792,-8.579367
2018-03-27,11.022978,-7.8611665
2018-03-28,11.118723,-7.8734183
2018-03-29,10.902956,-7.785729
2018-04-02,10.868908,-7.7870474
2018-04-03,10.876823,-7.8069477
2018-04-04,10.887587,-7.7964687
2018-04-05,10.875492,-7.8102756
2018-04-06,10.908858,-7.793555
2018-04-09,10.913252,-7.7941437
2018-04-10,10.906106,-7.792043
2018-04-11,10.900854,-7.7931333
2018-04-12,10.886443,-7.7854433
2018-04-13,10.87244,-7.808663
2018-04-16,10.883402,-7.790695
2018-04-17,10.883427,-7.7933187
2018-04-18,10.878104,-7.800575
2018-04-19,10.897675,-7.792948
2018-04-20,10.905974,-7.7751393
2018-04-23,10.934072,-7.78385
2018-04-24,10.905054,-7.7919602
2018-04-25,10.97611,-7.760814
2018-04-26,11.079549,-7.75819
2018-04-27,11.11171,-7.7627254
2018-04-30,11.164223,-7.7676253
2018-05-01,11.215942,-7.7611027
2018-05-02,11.273057,-7.805835
2018-05-03,11.275046,-7.7777762
2018-05-04,11.328055,-7.8223567
2018-05-07,11.582205,-7.7232976
2018-05-08,11.657896,-7.760192
2018-05-09,11.77666,-7.2441177
2018-05-10,11.78327,-7.323061
2018-05-11,11.767989,-7.3151884
2018-05-14,11.768677,-7.297579
2018-05-15,11.766575,-7.271462
2018-05-16,11.768269,-7.332067
2018-05-17,11.771648,-7.3179374
2018-05-18,11.794492,-7.355979
2018-05-21,11.772979,-7.379587
2018-05-22,11.783227,-7.367842
2018-05-23,11.8291,-7.191445
2018-05-24,11.818489,-7.168239
2018-05-25,11.804985,-7.49445
2018-05-29,11.717732,-7.804146
2018-05-30,11.722327,-7.873523
2018-05-31,11.74955,-7.9288564
2018-06-01,11.675828,-7.8926864
2018-06-04,11.696262,-7.906198
2018-06-05,11.711891,-7.9029975
2018-06-06,11.734963,-7.897081
2018-06-07,11.687295,-7.7959533
2018-06-08,11.705067,-7.904373
2018-06-11,11.695031,-7.879374
2018-06-12,11.70751,-7.8885493
2018-06-13,12.551989,-8.633604
2018-06-14,12.548857,-8.636262
2018-06-15,12.630177,-8.681209
2018-06-18,12.622914,-8.666619
2018-06-19,12.643084,-8.6791935
2018-06-20,12.702824,-8.709168
2018-06-21,12.7769575,-8.745829
2018-06-22,12.798216,-8.758787
2018-06-25,12.816044,-8.762929
2018-06-26,12.821774,-8.767628
2018-06-27,12.837441,-8.782249
2018-06-28,12.846228,-8.788903
2018-06-29,12.859762,-8.790154
2018-07-02,12.8498335,-8.786594
2018-07-03,12.851003,-8.800073
2018-07-05,12.850023,-8.790539
2018-07-06,12.8300905,-8.7738085
2018-07-09,12.830063,-8.770266
2018-07-10,12.851068,-8.78748
2018-07-11,12.825538,-8.770479
2018-07-12,12.821248,-8.767571
2018-07-13,12.1812525,-8.327485
2018-07-16,12.221027,-8.359396
2018-07-17,11.941698,-7.999082
2018-07-18,11.971457,-8.09706
2018-07-19,12.001889,-8.252019
2018-07-20,12.022771,-8.246837
2018-07-23,11.99742,-8.229891
2018-07-24,11.981021,-8.161552
2018-07-25,11.841448,-8.035781
2018-07-26,11.902355,-6.9808836
2018-07-27,12.053268,-6.6505527
2018-07-30,12.048258,-6.6289124
2018-07-31,12.092373,-6.539714
2018-08-01,12.072622,-6.567014
2018-08-02,12.071231,-6.5442276
2018-08-03,12.067535,-6.515315
2018-08-06,12.084935,-6.509913
2018-08-07,12.07664,-6.492397
2018-08-08,12.079787,-6.4884
2018-08-09,12.062867,-6.4504356
2018-08-10,12.069181,-6.4675813
2018-08-13,12.071049,-6.499551
2018-08-14,12.070307,-6.513022
2018-08-15,12.032552,-6.5143585
2018-08-16,11.986305,-6.5422993
2018-08-17,12.034967,-6.486707
2018-08-20,12.036725,-6.491868
2018-08-21,12.023876,-6.500428
2018-08-22,12.05994,-6.5053806
2018-08-23,12.052024,-6.5484114
2018-08-24,11.737051,-6.9042807
2018-08-27,11.694945,-6.880388
2018-08-28,11.767169,-6.981758
2018-08-29,11.754565,-6.961047
2018-08-30,11.789798,-6.9187236
2018-08-31,11.78078,-7.042112
2018-09-04,11.7350025,-7.0255175
2018-09-05,11.666787,-6.8301983
2018-09-06,11.682851,-6.9305086
2018-09-07,11.681573,-6.9490504
2018-09-10,11.691828,-6.894024
2018-09-11,11.674557,-6.8900223
2018-09-12,11.649019,-6.54332
2018-09-13,11.65866,-6.48511
2018-09-14,11.651224,-6.4564204
2018-09-17,11.660258,-6.420869
2018-09-18,11.648563,-6.4851503
2018-09-19,11.6658125,-6.4526415
2018-09-20,11.658791,-6.4621463
2018-09-21,11.652885,-6.4549565
2018-09-24,11.660173,-6.4121246
2018-09-25,11.69765,-6.431807
2018-09-26,11.703596,-6.4076467
2018-09-27,11.753388,-6.3767242
2018-09-28,11.716047,-6.1816115
2018-10-01,11.730664,-6.118794
2018-10-02,11.738365,-6.1175556
2018-10-03,11.753932,-6.141529
2018-10-04,11.754874,-6.1407094
2018-10-05,11.75521,-6.1324043
2018-10-08,11.75723,-6.1217866
2018-10-09,11.753373,-6.0839543
2018-10-10,11.624303,-5.817382
2018-10-11,11.63518,-5.8669596
2018-10-12,11.612574,-5.825068
2018-10-15,11.635283,-5.8587437
2018-10-16,11.619171,-5.7744327
2018-10-17,11.607975,-5.779125
2018-10-18,11.606208,-5.774013
2018-10-19,11.606649,-5.775222
2018-10-22,11.608318,-5.77307
2018-10-23,11.607099,-5.7696075
2018-10-24,11.566066,-5.606805
2018-10-25,11.219771,-1.7762625
2018-10-26,11.2058,-1.7066293
2018-10-29,11.2078905,-1.7046402
2018-10-30,11.209397,-1.6747081
2018-10-31,11.202024,-1.684526
2018-11-01,11.248472,-1.6945568
2018-11-02,11.2139845,-1.5940502
2018-11-05,11.273907,-1.557313
2018-11-06,11.299022,-1.5007325
2018-11-07,11.247509,-1.6647038
2018-11-08,11.208548,-1.7191327
2018-11-09,11.222476,-1.6408862
2018-11-12,11.216397,-1.620858
2018-11-13,11.198442,-1.6387222
2018-11-14,11.218976,-1.5676929
2018-11-15,11.171313,-1.4290429
2018-11-16,11.15494,-1.2697963
2018-11-19,11.14385,-1.2528116
2018-11-20,11.137435,-1.2524245
2018-11-21,11.087107,-1.2257166
2018-11-23,11.117492,-1.2649566
2018-11-26,11.10718,-1.2825252
2018-11-27,11.111371,-1.2642618
2018-11-28,11.08562,-1.2272673
2018-11-29,11.114558,-1.2541255
2018-11-30,11.096661,-1.2160493
2018-12-03,11.124122,-1.2697382
2018-12-04,11.344244,-0.74005574
2018-12-06,11.405476,-0.6771059
2018-12-07,11.543548,-0.50285333
2018-12-10,11.520924,-0.23398642
2018-12-11,11.496065,-0.23415856
2018-12-12,11.510929,-0.24340598
2018-12-13,11.522526,-0.23707867
2018-12-14,11.583247,-0.32189003
2018-12-17,11.731293,-0.5212578
2018-12-18,11.742428,-0.536457
2018-12-19,11.75351,-0.55470306
2018-12-20,11.818409,-0.6562911
2018-12-21,12.012166,-0.78966856
2018-12-24,12.143139,-0.7705313
2018-12-26,12.176052,-0.7356166
2018-12-27,12.160681,-0.7536379
2018-12-28,12.156779,-0.7651862
2018-12-31,12.166984,-0.7542483
2019-01-02,12.14131,-0.7579582
2019-01-03,12.170519,-0.75086355
2019-01-04,12.15764,-0.76208115
2019-01-07,12.143127,-0.7617305
2019-01-08,12.138807,-0.75628674
2019-01-09,12.163986,-0.79061264
2019-01-10,12.156712,-0.797326
2019-01-11,12.14686,-0.8023178
2019-01-14,12.191357,-0.7836345
2019-01-15,12.157629,-0.7999164
2019-01-16,12.128429,-0.8249419
2019-01-17,12.180544,-0.787477
2019-01-18,12.166042,-0.8112055
2019-01-22,12.082519,-0.8070007
2019-01-23,12.068809,-0.7802933
2019-01-24,11.513899,-0.1623551
2019-01-25,11.536546,-0.10395717
2019-01-28,11.6649685,0.09756362
2019-01-29,11.674617,0.10797903
2019-01-30,11.6881895,0.123986244
2019-01-31,11.706447,0.14673889
2019-02-01,11.698531,0.13016902
2019-02-04,11.653639,0.09185565
2019-02-05,11.623281,0.065087825
2019-02-06,11.633207,0.06143585
2019-02-07,11.692101,0.12191062
2019-02-08,11.682437,0.10875495
2019-02-11,11.678424,0.110851765
2019-02-12,11.678364,0.11081585
2019-02-13,11.7091055,0.144939
2019-02-14,11.714117,0.13825399
2019-02-15,11.693795,0.13380584
2019-02-19,11.696626,0.13521402
2019-02-20,11.722777,0.1362866
2019-02-21,11.636236,0.08407648
2019-02-22,11.547549,0.049875747
2019-02-25,11.5827875,0.018873876
2019-02-26,11.616314,0.023569169
2019-02-27,11.360077,-1.0083339
2019-02-28,11.333702,-1.0631504
2019-03-01,11.328429,-1.1015579
2019-03-04,11.301453,-1.1147125
2019-03-05,11.320873,-1.1049747
2019-03-06,11.348538,-1.0795228
2019-03-07,11.338548,-1.0978926
2019-03-08,11.329221,-1.1210475
2019-03-11,11.348444,-1.0874618
2019-03-12,11.335795,-1.0730517
2019-03-13,11.309853,-1.1073684
2019-03-14,11.204161,-1.2036498
2019-03-15,11.200065,-1.2051642
2019-03-18,11.156208,-1.3089534
2019-03-19,11.177999,-1.3658873
2019-03-20,11.211008,-1.2579103
2019-03-21,11.199827,-1.2298005
2019-03-22,11.339911,-0.99332637
2019-03-25,11.3609705,-0.9789535
2019-03-26,11.310209,-0.9500764
2019-03-27,11.343028,-0.98077273
2019-03-28,11.428195,-0.33285794
2019-03-29,11.426881,-0.30514902
2019-04-01,11.504229,-0.15090843
2019-04-02,11.54768,-0.127303
2019-04-03,11.531488,-0.10778578
2019-04-04,11.51829,-0.1212734
2019-04-05,11.502,-0.15629005
2019-04-08,11.475242,-0.1544821
2019-04-09,11.425422,-0.18867807
2019-04-10,11.407877,-0.16783176
2019-04-11,11.408987,-0.15421152
2019-04-12,11.34786,-0.24813098
2019-04-15,11.347252,-0.26739112
2019-04-16,11.351072,-0.25965393
2019-04-17,11.338247,-0.302694
2019-04-18,11.3510065,-0.2936147
2019-04-22,11.335817,-0.356174
2019-04-23,11.375563,-1.3161006
2019-04-24,11.380145,-1.3053156
2019-04-25,11.379061,-1.314053
2019-04-26,11.434856,-1.2158134
2019-04-29,11.369017,-1.3107963
2019-04-30,11.274924,-1.2421783
2019-05-01,8.375765,0.48516536
2019-05-02,8.363353,0.48470673
2019-05-03,8.425489,0.46322948
2019-05-06,8.41545,0.45576975
2019-05-07,8.617217,0.42079997
2019-05-08,8.619822,0.40972292
2019-05-09,8.605771,0.40839037
2019-05-10,8.589818,0.4088503
2019-05-13,8.712283,0.39057615
2019-05-14,8.677345,0.36999235
2019-05-15,8.6966715,0.37433326
2019-05-16,8.695416,0.3776617
2019-05-17,8.726704,0.3492438
2019-05-20,8.765576,0.35705835
2019-05-21,8.771306,0.34483054
2019-05-22,8.853361,0.34272668
2019-05-23,8.8432665,0.33111826
2019-05-24,8.847668,0.3327377
2019-05-28,8.822369,0.33950496
2019-05-29,8.798807,0.34766376
2019-05-30,8.769066,0.37527514
2019-05-31,10.252418,0.48645487
2019-06-03,10.31186,0.44313625
2019-06-04,11.072913,0.17966664
2019-06-05,11.071721,0.18304522
2019-06-06,11.230791,0.108753815
2019-06-07,11.230084,0.086318076
2019-06-10,11.242233,0.07320945
2019-06-11,11.223433,0.08023627
2019-06-12,11.279185,-0.011512401
2019-06-13,11.227954,-0.039734714
2019-06-14,11.249115,0.023645323
2019-06-17,11.269087,0.01653517
2019-06-18,11.284029,-0.007423558
2019-06-19,11.265254,0.02950863
2019-06-20,11.242468,-0.038982455
2019-06-21,11.107917,-0.15273686
2019-06-24,11.010806,-0.114602
2019-06-25,11.057081,-0.8376784
2019-06-26,10.985753,-0.8408813
2019-06-27,11.026154,-0.79964983
2019-06-28,10.675891,-0.7659246
2019-07-01,10.573761,-0.80130935
2019-07-02,10.5464115,-0.7674779
2019-07-03,10.507212,-0.756847
2019-07-05,10.510498,-0.7630956
2019-07-08,10.517466,-0.77706057
2019-07-09,10.550229,-0.7968307
2019-07-10,10.507877,-0.745519
2019-07-11,10.525796,-0.7707848
2019-07-12,10.523822,-0.7853239
2019-07-15,10.535083,-0.7604155
2019-07-16,10.522575,-0.7439832
2019-07-17,10.5423155,-0.74014175
2019-07-18,10.600498,-0.7180678
2019-07-19,10.571483,-0.7373181
2019-07-22,10.586345,-0.72544676
2019-07-23,10.553762,-0.7339716
2019-07-24,10.618728,-0.69599724
2019-07-25,10.721873,-0.6462013
2019-07-26,10.851994,-0.56981164
2019-07-29,10.837701,-0.5733544
2019-07-30,10.893381,-0.55108976
2019-07-31,10.398201,-0.61274266
2019-08-01,10.257994,-0.5128658
2019-08-02,10.268586,0.4346816
2019-08-05,10.289404,0.4687333
2019-08-06,10.25611,0.4618913
2019-08-07,10.2379675,0.46988946
2019-08-08,10.233088,0.49459285
2019-08-09,10.289634,0.34371442
2019-08-12,10.234427,0.3973754
2019-08-13,10.226011,0.39398748
2019-08-14,10.190012,0.4809547
2019-08-15,10.180937,0.41991007
2019-08-16,10.161768,0.50018525
2019-08-19,10.144005,0.61407316
2019-08-20,10.161667,0.6124046
2019-08-21,10.198858,0.5594631
2019-08-22,10.157763,0.6052909
2019-08-23,10.132626,0.6440399
2019-08-26,10.153528,0.6449453
2019-08-27,10.13613,0.6227667
2019-08-28,10.118409,0.63210386
2019-08-29,10.13612,0.7452659
2019-08-30,10.122483,0.77846295
2019-09-03,10.132181,0.7313837
2019-09-04,10.074328,0.7529746
2019-09-05,10.093773,0.7759909
2019-09-06,10.102358,0.7561035
2019-09-09,10.063622,0.75616395
2019-09-10,10.085628,0.76711243
2019-09-11,10.05201,0.7613335
2019-09-12,9.985143,0.75137466
2019-09-13,9.7421465,0.6966834
2019-09-16,9.66028,0.68950593
2019-09-17,9.598045,0.68388
2019-09-18,9.55917,0.67185014
2019-09-19,9.530721,0.66678107
2019-09-20,9.554092,0.6730575
2019-09-23,9.569721,0.6876791
2019-09-24,9.437146,0.6629016
2019-09-25,9.48713,0.66899323
2019-09-26,9.408796,0.67053336
2019-09-27,9.396859,0.6617007
2019-09-30,9.459271,0.6761201
2019-10-01,9.431332,0.63919586
2019-10-02,9.477451,0.64209783
2019-10-03,9.466,0.6224778
2019-10-04,9.401415,0.66138214
2019-10-07,9.425411,0.6616696
2019-10-08,9.452903,0.6322688
2019-10-09,9.449229,0.65257853
2019-10-10,9.4745035,0.6522108
2019-10-11,10.115296,0.68300956
2019-10-14,10.060806,0.6775385
2019-10-15,10.122056,0.7381585
2019-10-16,10.126203,0.7435226
2019-10-17,10.134247,0.756175
2019-10-18,10.15822,0.7729089
2019-10-21,10.143646,0.7858645
2019-10-22,10.147174,0.685272
2019-10-23,10.122062,0.74408126
2019-10-24,10.157482,0.7450162
2019-10-25,10.149448,0.77605355
2019-10-28,10.104816,0.76272964
2019-10-29,10.19943,0.8028674
2019-10-30,9.409882,0.66456634
2019-10-31,9.379055,0.66432214
2019-11-01,9.400269,0.6966272
2019-11-04,9.405233,0.6800609
2019-11-05,9.413831,0.7042653
2019-11-06,9.3865595,0.68309754
2019-11-07,7.606214,0.6551107
2019-11-08,7.589723,0.685404
2019-11-11,7.5364757,0.7342838
2019-11-12,7.4707727,0.79413754
2019-11-13,7.4778953,0.7993013
2019-11-14,7.4250164,0.8427866
2019-11-15,7.416134,0.84877175
2019-11-18,7.445023,0.8196782
2019-11-19,7.4184813,0.8427958
2019-11-20,7.3629146,0.8930455
2019-11-21,7.3549194,0.89273864
2019-11-22,7.337649,0.9071253
2019-11-25,7.282979,0.9494968
2019-11-26,7.2472663,0.9868738
2019-11-27,7.305834,0.92679113
2019-11-29,7.443427,0.82518876
2019-12-02,7.41283,0.84524274
2019-12-03,7.2158737,0.99411917
2019-12-04,7.2458754,0.97391057
2019-12-05,7.216247,0.97538036
2019-12-06,7.193087,1.0175935
2019-12-09,7.2621064,0.93677086
2019-12-10,7.483342,0.78936076
2019-12-11,7.5050616,0.762116
2019-12-12,7.6324725,0.63499546
2019-12-13,7.601315,0.6686653
2019-12-16,7.6249495,0.63796705
2019-12-17,7.585859,0.6714886
2019-12-18,7.5834064,0.67823344
2019-12-19,7.5886407,0.6714713
2019-12-20,7.583631,0.6692096
2019-12-23,7.59483,0.6605777
2019-12-24,7.5986147,0.6584221
2019-12-26,7.6168113,0.6411277
2019-12-27,7.6408277,0.61588657
2019-12-30,7.616057,0.64063436
2019-12-31,7.6319866,0.62853813
2020-01-02,7.3449073,0.89624083
2020-01-03,7.3090115,0.92736757
2020-01-06,7.296686,0.9405229
2020-01-07,7.3401027,0.8896477
2020-01-08,7.2085624,0.95450455
2020-01-09,7.215808,0.9693758
2020-01-10,7.1899977,0.9880332
2020-01-13,7.1703143,1.0016431
2020-01-14,7.1923194,1.002499
2020-01-15,7.133067,1.0727326
2020-01-16,7.1520476,1.0407809
2020-01-17,7.156127,1.0100675
2020-01-21,7.082555,1.0782056
2020-01-22,7.0708623,1.1091088
2020-01-23,7.10522,1.0721481
2020-01-24,7.0564184,1.1022943
2020-01-27,7.048232,1.1111817
2020-01-28,7.032647,1.1233741
2020-01-29,7.0314198,1.1011325
2020-01-30,6.971112,1.1279012
2020-01-31,6.643237,0.9762348
2020-02-03,6.498668,0.9445789
2020-02-04,6.4822893,0.9290524
2020-02-05,6.4597607,0.9196925
2020-02-06,6.468346,0.919157
2020-02-07,6.4453187,0.911181
2020-02-10,6.418558,0.8973738
2020-02-11,6.4216437,0.89345443
2020-02-12,6.4474964,0.9117536
2020-02-13,6.442766,0.9097536
2020-02-14,6.4093847,0.88346976
2020-02-18,6.4413886,0.89824843
2020-02-19,7.078998,1.1082853
2020-02-20,7.0690384,1.3019024
2020-02-21,7.047388,1.3693873
2020-02-24,7.0426517,1.379362
2020-02-25,7.040352,1.378943
2020-02-26,7.020058,1.4165806
2020-02-27,7.009206,1.44426
2020-02-28,7.0143776,1.4325924
2020-03-02,7.0132165,1.4362882
2020-03-03,7.010187,1.4426476
2020-03-04,7.0132565,1.4289191
2020-03-05,6.9919825,1.4386036
2020-03-06,7.006565,1.4744718
2020-03-09,9.410617,6.924067
2020-03-10,9.276908,6.969774
2020-03-11,9.226286,6.9979396
2020-03-12,8.908677,7.1095357
2020-03-13,8.942014,7.074796
2020-03-16,8.763588,6.908268
2020-03-17,8.764183,6.886146
2020-03-18,20.23036,-1.8237154
2020-03-19,20.219496,-1.8134696
2020-03-20,20.25039,-1.8424027
2020-03-23,20.270664,-1.8620428
2020-03-24,20.268421,-1.859733
2020-03-25,20.284826,-1.8756084
2020-03-26,20.292696,-1.8827609
2020-03-27,20.310253,-1.9006246
2020-03-30,20.309225,-1.8995161
2020-03-31,20.276499,-1.8661827
2020-04-01,20.380867,-1.9702592
2020-04-02,20.445395,-2.0356305
2020-04-03,20.398699,-1.9895655
2020-04-06,20.428936,-2.0170941
2020-04-07,20.456652,-2.0446613
2020-04-08,20.481266,-2.0716565
2020-04-09,20.498959,-2.0907745
2020-04-13,20.53431,-2.1213834
2020-04-14,20.572239,-2.1694374
2020-04-15,20.545757,-2.142902
2020-04-16,20.493551,-2.0813458
2020-04-17,20.54608,-2.1381269
2020-04-20,20.565369,-2.1626785
2020-04-21,20.517801,-2.111775
2020-04-22,20.521456,-2.1189978
2020-04-23,20.57152,-2.1716053
2020-04-24,20.512442,-2.1070466
2020-04-27,20.580534,-2.1805215
2020-04-28,20.647577,-2.2630143
2020-04-29,20.704515,-2.3257318
2020-04-30,20.676382,-2.2943082
2020-05-01,20.63518,-2.2455666
2020-05-04,20.641376,-2.2506678
2020-05-05,20.654871,-2.2700064
2020-05-06,20.775646,-2.379732
2020-05-07,20.739105,-2.3753736
2020-05-08,20.769087,-2.4193962
2020-05-11,20.717089,-2.3643746
2020-05-12,20.740942,-2.4255302
2020-05-13,20.733221,-2.3764114
2020-05-14,20.716475,-2.3591683
2020-05-15,20.716122,-2.35885
2020-05-18,20.7762,-2.4322636
2020-05-19,20.791252,-2.438479
2020-05-20,20.830564,-2.4871688
2020-05-21,20.827303,-2.4856277
2020-05-22,20.898924,-2.5492644
2020-05-26,20.944862,-2.5895045
2020-05-27,20.935768,-2.5793817
2020-05-28,20.930014,-2.5746882
2020-05-29,20.918837,-2.5647027
2020-06-01,20.914427,-2.559031
2020-06-02,20.926704,-2.5700297
2020-06-03,20.925537,-2.570096
2020-06-04,20.93237,-2.5759847
2020-06-05,20.907778,-2.5515823
2020-06-08,20.951881,-2.5959878
2020-06-09,20.94541,-2.5885596
2020-06-10,20.965466,-2.6075814
2020-06-11,20.972733,-2.613183
2020-06-12,20.949606,-2.590693
2020-06-15,20.98906,-2.6387496
2020-06-16,20.981077,-2.6218233
2020-06-17,19.860441,-4.288609
2020-06-18,19.83936,-4.312741
2020-06-19,19.822285,-4.2941413
2020-06-22,19.833357,-4.3052607
2020-06-23,19.830551,-4.305973
2020-06-24,19.830395,-4.309367
2020-06-25,19.829313,-4.303808
2020-06-26,19.845135,-4.3192706
2020-06-29,19.835861,-4.312238
2020-06-30,19.811169,-4.337963
2020-07-01,19.84701,-4.3212667
2020-07-02,19.863512,-4.344343
2020-07-06,19.864439,-4.3317227
2020-07-07,19.867125,-4.350896
2020-07-08,19.892324,-4.3803205
2020-07-09,19.8579,-4.3508964
2020-07-10,19.922865,-4.435122
2020-07-13,20.189455,-5.244154
2020-07-14,20.311087,-5.3342776
2020-07-15,20.25744,-5.2375307
2020-07-16,20.289547,-5.2390757
2020-07-17,20.380888,-5.009326
2020-07-20,20.37866,-4.959798
2020-07-21,20.354158,-5.0002556
2020-07-22,20.376553,-4.975488
2020-07-23,20.368477,-4.982306
2020-07-24,20.400091,-4.971378
2020-07-27,20.388792,-5.000041
2020-07-28,20.399427,-4.981887
2020-07-29,20.383644,-4.995654
2020-07-30,20.384457,-5.0021906
2020-07-31,20.379202,-5.0142097
2020-08-03,20.372892,-5.0214586
2020-08-04,20.348743,-5.206861
2020-08-05,20.36789,-5.2018337
2020-08-06,20.455515,-5.220464
2020-08-07,20.497236,-5.290422
2020-08-10,20.524563,-5.2885704
2020-08-11,20.526754,-5.319332
2020-08-12,20.586868,-5.3610425
2020-08-13,20.695076,-5.430391
2020-08-14,20.702871,-5.424299
2020-08-17,20.702621,-5.4224854
2020-08-18,20.702726,-5.4226727
2020-08-19,20.715593,-5.440079
2020-08-20,20.708012,-5.441129
2020-08-21,20.725546,-5.4144797
2020-08-24,20.70706,-5.428772
2020-08-25,20.714312,-5.44961
2020-08-26,20.698717,-5.518848
2020-08-27,20.69818,-5.5311465
2020-08-28,20.713314,-5.521187
2020-08-31,20.696896,-5.5282235
2020-09-01,20.703299,-5.5199685
2020-09-02,20.703001,-5.5318923
2020-09-03,9.275002,9.837844
2020-09-04,9.272919,9.838548
2020-09-08,8.914108,9.974285
2020-09-09,8.890822,9.948143
2020-09-10,8.888801,9.938785
2020-09-11,8.881458,9.946245
2020-09-14,8.891487,9.945395
2020-09-15,8.889136,9.948555
2020-09-16,8.896628,9.948778
2020-09-17,8.893197,9.946937
2020-09-18,8.898748,9.948482
2020-09-21,8.897254,9.938172
2020-09-22,8.93413,9.937814
2020-09-23,8.903323,9.954345
2020-09-24,8.906398,9.952309
2020-09-25,8.917812,9.958074
2020-09-28,8.920476,9.957273
2020-09-29,8.926401,9.958445
2020-09-30,8.964063,9.972335
2020-10-01,8.951781,9.960136
2020-10-02,8.971226,9.951882
2020-10-05,8.993609,9.942804
2020-10-06,9.003361,9.938644
2020-10-07,9.349866,9.82677
2020-10-08,9.350182,9.844993
2020-10-09,9.39663,9.800984
2020-10-12,9.3429785,9.833437
2020-10-13,9.340646,9.847435
2020-10-14,9.365244,9.822669
2020-10-15,9.528019,9.727361
2020-10-16,9.489334,9.7478075
2020-10-19,9.465292,9.759928
2020-10-20,9.463272,9.764101
2020-10-21,9.514357,9.732021
2020-10-22,9.51226,9.733926
2020-10-23,9.531615,9.701016
2020-10-26,9.508587,9.73519
2020-10-27,9.514429,9.730381
2020-10-28,9.531752,9.717194
2020-10-29,9.541797,9.710869
2020-10-30,9.525389,9.726403
2020-11-02,9.557974,9.692721
2020-11-03,9.515485,9.732055
2020-11-04,9.576401,9.677219
2020-11-05,9.600002,9.665195
2020-11-06,9.535605,9.702251
2020-11-09,19.739128,-6.043839
2020-11-10,19.752491,-6.0247073
2020-11-11,19.79016,-5.9909406
2020-11-12,19.733303,-6.0394745
2020-11-13,19.750433,-6.024097
2020-11-16,19.744425,-6.027576
2020-11-17,19.746597,-6.023702
2020-11-18,19.7821,-5.990708
2020-11-19,19.75356,-6.0202436
2020-11-20,19.772072,-6.0030932
2020-11-23,19.762024,-6.008205
2020-11-24,19.74243,-6.0228744
2020-11-25,19.74377,-6.0170083
2020-11-27,19.717112,-6.046392
2020-11-30,19.739365,-6.0204735
2020-12-01,19.713797,-6.050393
2020-12-02,19.701014,-6.0657887
2020-12-03,19.662146,-6.098801
2020-12-04,19.655373,-6.107127
2020-12-07,19.653484,-6.104061
2020-12-08,19.678358,-6.0800133
2020-12-09,19.92159,-5.803343
2020-12-10,19.956577,-5.781397
2020-12-11,19.89009,-5.7975693
2020-12-14,19.928852,-5.7918468
2020-12-15,19.983639,-5.795679
2020-12-16,20.004063,-5.7942486
2020-12-17,20.00758,-5.7841787
2020-12-18,19.98472,-5.841473
2020-12-21,19.973022,-5.8525424
2020-12-22,20.005945,-5.8967624
2020-12-23,19.985613,-5.927226
2020-12-24,20.108196,-5.895546
2020-12-28,20.149452,-5.8849382
2020-12-29,20.132183,-5.9123616
2020-12-30,20.245426,-5.8958364
2020-12-31,20.353039,-5.868341
2021-01-04,20.3115,-5.8760605
2021-01-05,20.406296,-5.847929
2021-01-06,20.420626,-5.8489647
2021-01-07,20.410627,-5.880197
2021-01-08,20.419651,-5.885173
2021-01-11,20.376709,-5.8979816
2021-01-12,20.327343,-5.905902
2021-01-13,20.441853,-5.891076
2021-01-14,20.500235,-5.8736296
2021-01-15,20.518576,-5.8577957
2021-01-19,20.526426,-5.855429
2021-01-20,20.582363,-5.7963333
2021-01-21,20.581175,-5.8389506
2021-01-22,20.573439,-5.8406067
2021-01-25,20.568527,-5.7640243
2021-01-26,20.57893,-5.834267
2021-01-27,20.718496,-6.072845
2021-01-28,20.76958,-6.137652
2021-01-29,20.71524,-6.1173396
2021-02-01,20.756752,-6.135745
2021-02-02,20.752193,-6.1273203
2021-02-03,20.758272,-6.1307616
2021-02-04,20.759409,-6.120918
2021-02-05,20.736805,-6.10302
2021-02-08,20.74071,-6.083444
2021-02-09,20.750507,-6.1204042
2021-02-10,10.130146,9.3803835
2021-02-11,10.155751,9.359795
2021-02-12,10.1435175,9.369614
2021-02-16,10.1536455,9.366931
2021-02-17,10.114603,9.383574
2021-02-18,10.141745,9.366874
2021-02-19,10.182037,9.345085
2021-02-22,10.318146,9.231757
2021-02-23,10.291605,9.255118
2021-02-24,10.286977,9.259981
2021-02-25,10.345088,9.2050705
2021-02-26,10.3139305,9.238333
2021-03-01,10.309189,9.240437
2021-03-02,10.361562,9.198669
2021-03-03,10.391578,9.170233
2021-03-04,10.43506,9.135106
2021-03-05,10.3820715,9.17637
2021-03-08,10.411286,9.153354
2021-03-09,10.758246,8.863131
2021-03-10,10.749806,8.870706
2021-03-11,10.767225,8.855408
2021-03-12,10.77184,8.852066
2021-03-15,10.780296,8.8436365
2021-03-16,10.777154,8.845107
2021-03-17,10.775447,8.848789
2021-03-18,10.784892,8.838334
2021-03-19,10.774246,8.846843
2021-03-22,10.791205,8.82932
2021-03-23,10.795192,8.822725
2021-03-24,11.167976,8.354219
2021-03-25,11.2014885,8.305474
2021-03-26,11.356188,8.102765
2021-03-29,11.385946,8.060781
2021-03-30,11.376029,8.081416
2021-03-31,11.381864,8.072068
2021-04-01,11.366346,8.087515
2021-04-05,11.378858,8.070465
2021-04-06,11.395552,8.048414
2021-04-07,11.401529,8.033647
2021-04-08,11.413029,8.021982
2021-04-09,11.378003,8.061113
2021-04-12,11.412846,8.025682
2021-04-13,11.402772,8.037733
2021-04-14,11.42685,7.991919
2021-04-15,11.510895,7.875733
2021-04-16,11.486015,7.892098
2021-04-19,11.538069,7.7712307
2021-04-20,11.5239725,7.8176813
2021-04-21,11.526756,7.8261566
2021-04-22,11.516022,7.822113
2021-04-23,11.53326,7.7991767
2021-04-26,11.520174,7.819715
2021-04-27,11.580754,7.57872
2021-04-28,11.650771,7.3923326
2021-04-29,11.688449,7.279923
2021-04-30,11.638303,7.3446355
2021-05-03,11.626585,7.384284
2021-05-04,11.603035,7.3820004
2021-05-05,11.623291,7.3971796
2021-05-06,11.6455765,7.3363123
2021-05-07,11.701283,7.2418404
2021-05-10,11.714296,7.1797996
2021-05-11,11.730952,7.198784
2021-05-12,11.712362,7.1990476
2021-05-13,11.734084,7.179638
2021-05-14,11.778178,7.1363387
2021-05-17,11.807198,7.087585
2021-05-18,11.80528,7.080312
2021-05-19,11.866155,6.992505
2021-05-20,11.859417,7.0000095
2021-05-21,11.829277,7.021898
2021-05-24,11.837844,7.0255513
2021-05-25,11.86122,6.9989996
2021-05-26,11.877162,6.976568
2021-05-27,11.893765,6.9695377
2021-05-28,11.896435,6.9927073
2021-06-01,11.878156,6.9763484
2021-06-02,11.863835,6.981127
2021-06-03,11.865646,6.992888
2021-06-04,11.910426,6.944484
2021-06-07,11.958994,6.885708
2021-06-08,11.898255,6.942024
2021-06-09,11.868501,6.983683
2021-06-10,11.859047,6.995738
2021-06-11,11.739341,7.0635233
2021-06-14,11.663194,7.0376177
2021-06-15,11.634542,7.1098895
2021-06-16,11.654906,7.131893
2021-06-17,11.495876,7.074259
2021-06-18,9.366128,6.2659597
2021-06-21,9.029556,6.1689835
2021-06-22,9.115205,6.2285957
2021-06-23,9.102235,6.2013774
2021-06-24,9.115516,6.1932864
2021-06-25,9.099668,6.21046
2021-06-28,9.10923,6.2210045
2021-06-29,9.145648,6.2541943
2021-06-30,9.117195,6.2169023
2021-07-01,9.114416,6.186881
2021-07-02,9.095093,6.1846085
2021-07-06,9.080897,6.221531
2021-07-07,9.103985,6.196389
2021-07-08,9.060825,6.2280045
2021-07-09,8.951242,6.346723
2021-07-12,8.920602,6.3806906
2021-07-13,8.905798,6.4094973
2021-07-14,8.948421,6.339995
2021-07-15,8.946945,6.3870926
2021-07-16,8.90526,6.45803
2021-07-19,8.799063,6.469832
2021-07-20,8.737673,6.512123
2021-07-21,8.797764,6.4930005
2021-07-22,8.750268,6.523618
2021-07-23,8.8064995,6.5198193
2021-07-26,8.778725,6.48384
2021-07-27,8.749277,6.497113
2021-07-28,8.819134,6.652043
2021-07-29,8.837026,6.6990314
2021-07-30,8.892441,6.706428
2021-08-02,8.86985,6.7938714
2021-08-03,8.947135,6.748933
2021-08-04,8.932297,6.7130756
2021-08-05,8.859885,6.7057605
2021-08-06,8.783942,6.583365
2021-08-09,8.77521,6.5616856
2021-08-10,8.79107,6.572986
2021-08-11,8.766407,6.6056676
2021-08-12,8.797501,6.6071277
2021-08-13,8.77586,6.6015806
2021-08-16,8.829462,6.5261106
2021-08-17,8.95915,6.498181
2021-08-18,9.006299,6.5276103
2021-08-19,9.040174,6.541227
2021-08-20,9.038698,6.5696144
2021-08-23,9.055516,6.635508
2021-08-24,9.047766,6.586201
2021-08-25,9.051231,6.6556168
2021-08-26,9.048102,6.7228537
2021-08-27,8.955717,6.893406
2021-08-30,8.882176,7.01339
2021-08-31,8.926739,6.8244467
2021-09-01,8.88386,6.933103
2021-09-02,8.851823,7.0595307
2021-09-03,8.878354,7.0996547
2021-09-07,8.950873,7.03633
2021-09-08,8.866056,7.1916246
2021-09-09,8.8501835,7.177774
2021-09-10,8.890041,7.1415286
2021-09-13,8.856863,7.1258492
2021-09-14,8.839182,7.1820016
2021-09-15,8.856379,7.192173
2021-09-16,8.88244,7.2276816
2021-09-17,8.866905,7.1523314
2021-09-20,8.844054,7.1938753
2021-09-21,8.856948,7.185299
2021-09-22,8.866205,7.178418
2021-09-23,8.880591,7.1937046
2021-09-24,8.870668,7.1644983
2021-09-27,8.905737,7.1605873
2021-09-28,9.005049,7.0904717
2021-09-29,9.001401,7.0790687
2021-09-30,8.989928,7.095989
2021-10-01,8.931416,7.1821747
2021-10-04,9.108901,6.9126053
2021-10-05,9.129329,6.945524
2021-10-06,9.203723,6.9189005
2021-10-07,9.257418,6.8550315
2021-10-08,9.23438,6.886639
2021-10-11,9.295979,6.8695765
2021-10-12,9.374008,6.869458
2021-10-13,9.327443,6.882379
2021-10-14,9.406369,6.869536
2021-10-15,9.561208,6.817246
2021-10-18,9.652655,6.8130035
2021-10-19,9.7540865,6.793332
2021-10-20,9.746395,6.787243
2021-10-21,9.7917185,6.7791243
2021-10-22,9.846769,6.769859
2021-10-25,9.871422,6.7727633
2021-10-26,9.926925,6.7616067
2021-10-27,10.679013,6.512442
2021-10-28,10.641819,6.4754024
2021-10-29,10.606241,6.4765205
2021-11-01,10.557297,6.515834
2021-11-02,10.590798,6.4737573
2021-11-03,10.593777,6.474118
2021-11-04,10.561256,6.479622
2021-11-05,10.5942,6.489433
2021-11-08,10.58745,6.4842825
2021-11-09,10.59615,6.447113
2021-11-10,10.563285,6.480732
2021-11-11,10.603319,6.4313946
2021-11-12,10.586936,6.4549646
2021-11-15,10.58324,6.449579
2021-11-16,10.604703,6.462709
2021-11-17,10.576551,6.430192
2021-11-18,10.565547,6.4278927
2021-11-19,10.599623,6.4215426
2021-11-22,10.572247,6.4283147
2021-11-23,10.5606,6.408756
2021-11-24,10.645892,6.385994
2021-11-26,10.604998,6.491944
2021-11-29,10.61846,6.471679
2021-11-30,10.6143875,6.487811
2021-12-01,10.742694,6.5320168
2021-12-02,12.07443,6.6289196
2021-12-03,12.073112,6.629628
2021-12-06,12.016196,6.75179
2021-12-07,12.058096,6.6388273
2021-12-08,12.10136,6.6178517
2021-12-09,12.0947,6.636204
2021-12-10,12.21067,6.5894036
2021-12-13,12.406862,6.550243
2021-12-14,12.30791,6.572668
2021-12-15,12.453067,6.5390863
2021-12-16,12.508956,6.5280633
2021-12-17,12.5155945,6.5133204
2021-12-20,12.526485,6.5214963
2021-12-21,12.513284,6.527364
2021-12-22,12.515906,6.5295095
2021-12-23,12.571928,6.5086346
2021-12-27,12.5673275,6.5125656
2021-12-28,12.64588,6.5074387
2021-12-29,12.642892,6.5048404
2021-12-30,12.656994,6.506189
2021-12-31,12.7833185,6.5000415
2022-01-03,15.629588,6.648311
2022-01-04,15.671145,6.648731
2022-01-05,15.680932,6.6494217
2022-01-06,15.686372,6.6480384
2022-01-07,15.677349,6.6380944
2022-01-10,15.683281,6.664244
2022-01-11,15.721095,6.6533546
2022-01-12,15.712102,6.646906
2022-01-13,15.758536,6.643176
2022-01-14,15.732291,6.6166654
2022-01-18,15.743624,6.64566
2022-01-19,15.788413,6.6228123
2022-01-20,15.827956,6.6352363
2022-01-21,16.953503,6.480912
2022-01-24,16.939737,6.4907503
2022-01-25,16.946177,6.5084467
2022-01-26,16.950579,6.52591
2022-01-27,16.993881,6.5133324
2022-01-28,16.97476,6.576021
2022-01-31,16.965378,6.6155667
2022-02-01,16.99659,6.572605
2022-02-02,17.015198,6.631059
2022-02-03,16.628468,7.2403574
2022-02-04,16.684036,7.2838087
2022-02-07,16.670841,7.274906
2022-02-08,16.66815,7.262067
2022-02-09,16.634117,7.253493
2022-02-10,16.630266,7.259969
2022-02-11,16.612576,7.2388062
2022-02-14,16.635033,7.2424884
2022-02-15,16.662647,7.235359
2022-02-16,16.597736,7.169312
2022-02-17,16.63571,7.1615562
2022-02-18,16.558058,7.141705
2022-02-22,16.585224,7.15805
2022-02-23,16.54507,7.1471376
2022-02-24,16.57867,7.196213
2022-02-25,16.523912,7.1648088
2022-02-28,16.46856,7.042625
2022-03-01,16.380554,6.9424467
2022-03-02,16.344725,6.851162
2022-03-03,16.334146,6.846088
2022-03-04,16.284271,6.789859
2022-03-07,16.194807,6.6771426
2022-03-08,16.10661,6.705517
2022-03-09,16.192427,6.6810985
2022-03-10,16.191772,6.6785655
2022-03-11,16.219433,6.670082
2022-03-14,16.213745,6.6579294
2022-03-15,16.222055,6.6625175
2022-03-16,16.256834,6.6452103
2022-03-17,16.230011,6.66618
2022-03-18,16.411995,6.6155477
2022-03-21,16.545736,6.5750637
2022-03-22,16.606543,6.569928
2022-03-23,16.697834,6.5777755
2022-03-24,16.84418,6.493216
2022-03-25,16.939487,6.375502
2022-03-28,16.999243,6.432241
2022-03-29,17.075222,6.4511075
2022-03-30,17.133919,6.4779177
2022-03-31,17.143772,6.4931755
2022-04-01,17.138838,6.453476
2022-04-04,17.131529,6.4141583
2022-04-05,16.976595,6.274209
2022-04-06,17.008709,6.3004465
2022-04-07,16.973066,6.240973
2022-04-08,16.981676,6.2724433
2022-04-11,16.97011,6.273145
2022-04-12,16.94863,6.23692
2022-04-13,16.932106,6.223759
2022-04-14,16.973877,6.273804
2022-04-18,16.976055,6.2636676
2022-04-19,16.993965,6.283608
2022-04-20,16.848185,8.034603
2022-04-21,16.901573,7.8605437
2022-04-22,16.866505,8.0007715
2022-04-25,16.867188,8.013615
2022-04-26,16.860596,8.028878
2022-04-27,16.84549,8.068471
2022-04-28,16.83137,8.097275
2022-04-29,16.845415,8.090998
2022-05-02,16.849203,8.080141
2022-05-03,16.846079,8.087145
2022-05-04,16.86039,8.085203
2022-05-05,16.840284,8.097986
2022-05-06,16.84059,8.083893
2022-05-09,16.830685,8.09938
2022-05-10,16.828949,8.10338
2022-05-11,16.832819,8.095277
2022-05-12,16.812433,8.111263
2022-05-13,16.82847,8.09319
2022-05-16,16.82003,8.103798
2022-05-17,16.828815,8.133201
2022-05-18,16.822592,8.102356
2022-05-19,16.820333,8.055699
2022-05-20,16.807297,8.099904
2022-05-23,16.824057,8.079928
2022-05-24,16.82128,8.059938
2022-05-25,16.821718,8.063956
2022-05-26,16.892605,7.951974
2022-05-27,17.114136,7.3683133
2022-05-31,17.096542,7.366945
2022-06-01,17.106928,7.3741436
2022-06-02,17.084084,7.368861
2022-06-03,17.084103,7.373632
2022-06-06,17.08454,7.35574
2022-06-07,17.118563,7.3712053
2022-06-08,17.09636,7.3579464
2022-06-09,17.087551,7.3492823
2022-06-10,17.299578,7.270634
2022-06-13,17.353443,7.184971
2022-06-14,17.368145,7.190354
2022-06-15,17.374214,7.165251
2022-06-16,17.45108,7.009852
2022-06-17,17.71826,6.803276
2022-06-21,17.708015,6.7985196
2022-06-22,17.75276,6.7832804
2022-06-23,17.71322,6.8171983
2022-06-24,17.718735,6.7561917
2022-06-27,17.757172,6.80161
2022-06-28,17.758167,6.779604
2022-06-29,18.060877,6.6830983
2022-06-30,18.231647,6.6160746
2022-07-01,18.181204,6.6429176
2022-07-05,18.25955,6.6067924
2022-07-06,18.27863,6.593799
2022-07-07,18.317722,6.5686717
2022-07-08,18.293173,6.594979
2022-07-11,18.275969,6.6082983
2022-07-12,18.285057,6.598909
2022-07-13,18.28959,6.599787
2022-07-14,18.318434,6.5738926
2022-07-15,18.283714,6.6006565
2022-07-18,18.285866,6.5932918
2022-07-19,18.297338,6.5835814
2022-07-20,18.279196,6.5840154
2022-07-21,18.312574,6.5589795
2022-07-22,18.31321,6.5814757
2022-07-25,18.287302,6.59173
2022-07-26,18.30226,6.5925484
2022-07-27,18.276497,6.6064525
2022-07-28,17.818604,6.7330174
2022-07-29,17.833391,6.7358937
2022-08-01,17.783356,6.7555466
2022-08-02,17.854914,6.72188
2022-08-03,17.830889,6.749924
2022-08-04,17.84297,6.7398815
2022-08-05,17.806484,6.760842
2022-08-08,17.793194,6.777006
2022-08-09,17.795975,6.80509
2022-08-10,17.813158,6.762664
2022-08-11,17.768942,6.7948546
2022-08-12,17.80681,6.7889094
2022-08-15,17.795862,6.780042
2022-08-16,17.793924,6.7602787
2022-08-17,17.83019,6.7343016
2022-08-18,17.799343,6.754323
2022-08-19,17.741093,6.7980385
2022-08-22,17.769184,6.768615
2022-08-23,17.71341,6.8202524
2022-08-24,17.673943,6.786716
2022-08-25,17.40934,6.603118
2022-08-26,17.027884,5.2383094
2022-08-29,17.002138,5.211437
2022-08-30,17.020403,5.2370834
2022-08-31,17.0189,5.223931
2022-09-01,17.038704,5.237511
2022-09-02,17.032393,5.2405634
2022-09-06,17.026535,5.2356524
2022-09-07,17.100204,5.3449583
2022-09-08,17.047613,5.2657886
2022-09-09,17.050602,5.259578
2022-09-12,17.071896,5.2852483
2022-09-13,17.003675,5.203687
2022-09-14,17.014467,5.2218647
2022-09-15,17.044445,5.244902
2022-09-16,17.01906,5.227342
2022-09-19,17.009258,5.2073307
2022-09-20,17.004133,5.2003064
2022-09-21,17.011194,5.217887
2022-09-22,17.035091,5.249664
2022-09-23,17.01471,5.225655
2022-09-26,17.102404,5.331843
2022-09-27,17.336945,5.548775
2022-09-28,17.3291,5.5318456
2022-09-29,17.462202,5.508512
2022-09-30,17.587141,5.392565
2022-10-03,17.578077,5.4074063
2022-10-04,17.615238,5.368792
2022-10-05,17.618319,5.3808193
2022-10-06,17.616362,5.3775573
2022-10-07,17.599865,5.3876805
2022-10-10,17.625645,5.374901
2022-10-11,17.612413,5.3890314
2022-10-12,17.621717,5.3698606
2022-10-13,17.60532,5.3543086
2022-10-14,17.635134,5.361104
2022-10-17,17.63297,5.3687634
2022-10-18,17.639046,5.3610935
2022-10-19,17.626745,5.362561
2022-10-20,17.635994,5.3604
2022-10-21,17.630186,5.3545146
2022-10-24,17.632833,5.35076
2022-10-25,17.645016,5.3656816
2022-10-26,17.643219,5.351634
2022-10-27,18.508478,9.358171
2022-10-28,18.505703,9.357454
2022-10-31,18.500872,9.3871
2022-11-01,18.506882,9.394766
2022-11-02,18.586847,9.54497
2022-11-03,18.542553,9.481026
2022-11-04,18.56837,9.505794
2022-11-07,18.546358,9.476949
2022-11-08,18.516163,9.440371
2022-11-09,18.522259,9.439139
2022-11-10,18.566183,9.504917
2022-11-11,18.542107,9.484746
2022-11-14,18.579206,9.536812
2022-11-15,18.584723,9.555712
2022-11-16,18.588507,9.559461
2022-11-17,18.585268,9.5551195
2022-11-18,18.610332,9.591225
2022-11-21,18.614723,9.609994
2022-11-22,18.64,9.648909
2022-11-23,18.61615,9.612495
2022-11-25,18.615446,9.601096
2022-11-28,18.58677,9.556447
2022-11-29,18.579027,9.545852
2022-11-30,18.579437,9.549644
2022-12-01,18.655594,9.68394
2022-12-02,18.620064,9.615434
2022-12-05,18.61087,9.589696
2022-12-06,18.622921,9.619482
2022-12-07,18.63518,9.70095
2022-12-08,18.658882,9.772912
2022-12-09,18.672276,9.86483
2022-12-12,18.773975,10.549155
2022-12-13,18.807514,10.523016
2022-12-14,18.790392,10.518192
2022-12-15,18.818598,10.50941
2022-12-16,18.828506,10.611502
2022-12-19,18.82144,10.583401
2022-12-20,18.82897,10.578375
2022-12-21,18.826307,10.561053
2022-12-22,18.867893,10.530059
2022-12-23,18.830734,10.535689
2022-12-27,18.863758,10.544192
2022-12-28,18.865356,10.442245
2022-12-29,18.933266,10.23446
2022-12-30,18.890417,10.231693
2023-01-03,18.982868,10.201023
2023-01-04,18.930445,10.131051
2023-01-05,18.969614,10.223601
2023-01-06,18.728615,9.776192
2023-01-09,18.774965,9.881026
2023-01-10,18.802725,9.950636
2023-01-11,18.894445,10.241604
2023-01-12,18.932034,10.296355
2023-01-13,18.89771,10.334837
2023-01-17,18.955065,10.250486
2023-01-18,18.835262,10.428973
2023-01-19,18.792175,10.456858
2023-01-20,18.84658,10.439076
2023-01-23,18.857677,10.405567
2023-01-24,18.83252,10.425334
2023-01-25,18.825354,10.482864
2023-01-26,18.878729,10.41899
2023-01-27,18.817366,10.393197
2023-01-30,18.828556,10.454497
2023-01-31,18.779564,10.504721
2023-02-01,18.823181,10.4575815
2023-02-02,18.992208,10.332916
2023-02-03,19.116909,10.307584
2023-02-06,19.139683,10.314989
2023-02-07,19.256052,10.309766
2023-02-08,19.248482,10.299202
2023-02-09,19.209902,10.309964
2023-02-10,19.309866,10.287455
2023-02-13,19.336103,10.305133
2023-02-14,19.382929,10.304858
2023-02-15,19.328844,10.302264
2023-02-16,19.34408,10.292008
2023-02-17,19.352146,10.305055
2023-02-21,19.367653,10.307482
2023-02-22,19.385092,10.3313465
2023-02-23,19.356987,10.301985
2023-02-24,19.358017,10.2964735
2023-02-27,19.355478,10.3086815
2023-02-28,19.366215,10.304219
2023-03-01,19.270378,10.37778
2023-03-02,19.320093,10.349789
2023-03-03,19.281973,10.371918
2023-03-06,19.170458,10.43986
2023-03-07,19.060946,10.454054
2023-03-08,19.016668,10.457045
2023-03-09,18.81159,10.630212
2023-03-10,18.83019,10.698568
2023-03-13,18.859438,11.455016
2023-03-14,18.851583,11.3548975
2023-03-15,18.877714,11.6105795
2023-03-16,18.894432,11.58086
2023-03-17,18.91339,11.691454
2023-03-20,18.940088,11.796799
2023-03-21,18.938463,11.822908
2023-03-22,18.94957,11.861245
2023-03-23,18.938728,11.828929
2023-03-24,18.942308,11.861352
2023-03-27,18.970907,11.902076
2023-03-28,18.948961,11.879212
2023-03-29,18.96017,11.89393
2023-03-30,18.997105,11.925513
2023-03-31,18.991846,11.9417715
2023-04-03,18.989952,11.929051
2023-04-04,18.98868,11.927104
2023-04-05,18.990545,11.927919
2023-04-06,18.999418,11.944208
2023-04-10,18.988556,11.925649
2023-04-11,18.991701,11.936502
2023-04-12,18.961658,11.888746
2023-04-13,18.977839,11.90888
2023-04-14,18.895416,11.857324
2023-04-17,18.904089,11.85076
2023-04-18,18.909075,11.828256
2023-04-19,18.88818,11.807893
2023-04-20,18.873732,11.751649
2023-04-21,18.84822,11.694855
2023-04-24,18.848392,11.745188
2023-04-25,18.878538,11.639311
2023-04-26,17.56065,12.787325
2023-04-27,17.574976,12.763008
2023-04-28,17.568552,12.773935
2023-05-01,17.574163,12.768824
2023-05-02,17.549309,12.793708
2023-05-03,17.39271,12.942121
2023-05-04,17.132088,13.220317
2023-05-05,17.113625,13.23402
2023-05-08,17.148424,13.208794
2023-05-09,17.121832,13.242793
2023-05-10,17.181135,13.189957
2023-05-11,17.19948,13.178865
2023-05-12,17.227211,13.169545
2023-05-15,17.211142,13.181075
2023-05-16,17.225111,13.170591
2023-05-17,17.225824,13.169286
2023-05-18,17.247477,13.156432
2023-05-19,17.239006,13.161983
2023-05-22,17.253633,13.147604
2023-05-23,17.236101,13.163485
2023-05-24,17.268986,13.134075
2023-05-25,16.57658,13.485144
2023-05-26,16.471281,13.540695
2023-05-30,16.54939,13.490455
2023-05-31,16.458834,13.53118
2023-06-01,16.194244,13.611135
2023-06-02,16.192167,13.603051
2023-06-05,16.190052,13.61186
2023-06-06,16.166143,13.621733
2023-06-07,16.152115,13.62769
2023-06-08,16.161655,13.625582
2023-06-09,16.12722,13.639032
2023-06-12,16.118551,13.656491
2023-06-13,16.05687,13.675708
2023-06-14,16.051275,13.679819
2023-06-15,16.051653,13.676285
2023-06-16,16.043465,13.662643
2023-06-20,16.03904,13.686624
2023-06-21,16.03665,13.690801
2023-06-22,16.061544,13.679941
2023-06-23,16.050335,13.678605
2023-06-26,16.060526,13.688706
2023-06-27,16.141777,13.634036
2023-06-28,16.133316,13.637309
2023-06-29,16.122202,13.649363
2023-06-30,16.18194,13.6196
2023-07-03,16.524668,13.537739
2023-07-05,16.631905,13.466583
2023-07-06,16.658627,13.449407
2023-07-07,16.65693,13.462387
2023-07-10,16.662731,13.457859
2023-07-11,16.706911,13.430615
2023-07-12,16.707157,13.433139
2023-07-13,16.669348,13.451222
2023-07-14,16.7002,13.432162
2023-07-17,16.722761,13.423581
2023-07-18,16.684849,13.448026
2023-07-19,16.72838,13.4315195
2023-07-20,16.78283,13.377505
2023-07-21,16.774004,13.388984
2023-07-24,16.760323,13.393223
2023-07-25,16.740149,13.406688
2023-07-26,16.741566,13.408804
2023-07-27,16.681622,13.448279
2023-07-28,16.675432,13.452842
2023-07-31,16.647282,13.472461
2023-08-01,16.623373,13.472258
2023-08-02,16.565168,13.539471
2023-08-03,16.67975,13.449967
2023-08-04,13.958267,15.836681
2023-08-07,13.948041,15.820504
2023-08-08,13.9968195,15.804236
2023-08-09,14.007761,15.793867
2023-08-10,13.993053,15.809773
2023-08-11,13.97594,15.823561
2023-08-14,13.995149,15.810968
2023-08-15,13.992621,15.808922
2023-08-16,13.989214,15.81233
2023-08-17,13.9222145,15.870355
2023-08-18,13.958764,15.832132
2023-08-21,13.94843,15.846172
2023-08-22,13.956535,15.837477
2023-08-23,13.962039,15.832815
2023-08-24,13.9471445,15.839999
2023-08-25,13.954526,15.840056
2023-08-28,13.961761,15.836871
2023-08-29,13.915769,15.873213
2023-08-30,13.948873,15.846384
2023-08-31,13.934495,15.867673
2023-09-01,13.152377,16.127178
2023-09-05,13.0517235,16.16572
2023-09-06,12.97657,16.194021
2023-09-07,12.918352,16.21002
2023-09-08,12.85849,16.225445
2023-09-11,12.907026,16.207129
2023-09-12,12.842738,16.243908
2023-09-13,12.865297,16.222525
2023-09-14,12.820726,16.257767
2023-09-15,12.856855,16.228014
2023-09-18,12.8338995,16.244207
2023-09-19,12.80424,16.256062
2023-09-20,12.784631,16.268265
2023-09-21,12.800777,16.254683
2023-09-22,12.807246,16.256987
2023-09-25,12.767492,16.282515
2023-09-26,12.791782,16.250334
2023-09-27,12.7677765,16.264412
2023-09-28,12.618697,16.305567
2023-09-29,12.577899,16.321207
2023-10-02,12.565638,16.328232
2023-10-03,12.519048,16.322794
2023-10-04,12.479124,16.346628
2023-10-05,12.457265,16.364616
2023-10-06,12.531333,16.318527
2023-10-09,12.460387,16.358076
2023-10-10,12.376999,16.37983
2023-10-11,12.29889,16.42987
2023-10-12,12.252147,16.461523
2023-10-13,12.244107,16.45794
2023-10-16,12.232801,16.472462
2023-10-17,12.211451,16.498583
2023-10-18,12.118331,16.57954
2023-10-19,12.4277935,16.374725
2023-10-20,12.235646,16.458532
2023-10-23,12.227027,16.477478
2023-10-24,12.222881,16.497826
2023-10-25,12.204306,16.494598
2023-10-26,12.175932,16.412647
2023-10-27,12.182372,16.436302
2023-10-30,12.147291,16.366209
2023-10-31,12.095664,16.346272
2023-11-01,11.891735,16.472935
2023-11-02,11.933254,16.676039
2023-11-03,11.941974,16.707132
2023-11-06,11.948832,16.719488
2023-11-07,11.961115,16.706123
2023-11-08,11.976013,16.709305
2023-11-09,11.996664,16.705074
2023-11-10,12.062624,16.654778
2023-11-13,11.988313,16.722874
2023-11-14,12.667848,18.457335
2023-11-15,12.70363,18.50103
2023-11-16,12.662287,18.50349
2023-11-17,12.744899,18.546625
2023-11-20,12.6672535,18.549381
2023-11-21,12.688252,18.521927
2023-11-22,12.671019,18.502243
2023-11-24,12.75562,18.53483
2023-11-27,12.874113,18.658562
2023-11-28,12.844624,18.619581
2023-11-29,12.887633,18.652718
2023-11-30,12.889762,18.651808
2023-12-01,12.93757,18.689863
2023-12-04,12.913409,18.684942
2023-12-05,12.937362,18.70073
2023-12-06,12.952035,18.69508
2023-12-07,12.970606,18.715063
2023-12-08,13.004612,18.722042
2023-12-11,13.120753,18.767805
2023-12-12,13.43808,18.963652
2023-12-13,13.552777,19.038107
2023-12-14,13.570693,19.042267
2023-12-15,13.604151,19.065804
2023-12-18,13.586319,19.050812
2023-12-19,13.602227,19.064577
2023-12-20,13.577446,19.030834
2023-12-21,13.583572,19.04451
2023-12-22,13.558081,19.032019
2023-12-26,13.595908,19.003878
2023-12-27,13.565955,19.03861
2023-12-28,13.528725,19.009472
2023-12-29,13.556019,19.0391
2024-01-02,13.557056,19.052412
2024-01-03,13.537048,19.030994
2024-01-04,13.568084,19.053467
2024-01-05,13.561968,19.053175
2024-01-08,13.566663,19.046877
2024-01-09,13.54568,19.025356
2024-01-10,13.518176,19.0164
2024-01-11,13.56432,19.05227
2024-01-12,13.440559,18.99401
2024-01-16,13.050987,18.761961
2024-01-17,12.946426,18.726633
2024-01-18,12.96224,18.68207
2024-01-19,12.966566,18.7114
2024-01-22,13.462829,18.950888
2024-01-23,13.473954,18.992262
2024-01-24,13.445258,18.96085
2024-01-25,13.282759,18.896004
2024-01-26,13.2944975,18.89267
2024-01-29,13.342974,18.937653
2024-01-30,13.246993,18.880928
2024-01-31,13.32085,18.90809
2024-02-01,13.407641,18.958378
2024-02-02,12.882356,18.859058
2024-02-05,12.862082,18.905506
2024-02-06,12.865938,18.880474
2024-02-07,12.656445,18.932919
2024-02-08,12.616834,18.922508
2024-02-09,12.622549,18.920523
2024-02-12,12.6405735,18.919334
2024-02-13,12.625451,18.94271
2024-02-14,12.614135,18.923346
2024-02-15,12.583231,18.91651
2024-02-16,12.585321,18.91879
2024-02-20,12.556532,18.88932
2024-02-21,12.31075,18.829224
2024-02-22,12.199162,18.763737
2024-02-23,12.213783,18.774002
2024-02-26,12.140326,18.815084
2024-02-27,12.173821,18.801609
2024-02-28,12.228012,18.800436
2024-02-29,12.174056,18.809008
2024-03-01,11.919197,18.84331
2024-03-04,11.910104,18.872574
2024-03-05,11.763849,18.9071
2024-03-06,11.72514,18.954826
2024-03-07,11.774537,18.911188
2024-03-08,11.582794,19.074205
2024-03-11,11.559187,19.102161
2024-03-12,11.50947,19.150394
2024-03-13,11.48256,19.170784
2024-03-14,11.495993,19.15896
2024-03-15,11.446698,19.214014
2024-03-18,11.455229,19.207874
2024-03-19,11.460405,19.201376
2024-03-20,11.443185,19.218206
2024-03-21,11.4493885,19.21369
2024-03-22,11.458592,19.2029
2024-03-25,11.441939,19.21923
2024-03-26,11.4273615,19.233345
2024-03-27,11.481328,19.181664
2024-03-28,11.511754,19.148308
2024-04-01,11.510592,19.149122
2024-04-02,11.632908,19.0252
2024-04-03,11.624023,19.02419
2024-04-04,11.652676,18.9989
2024-04-05,11.687253,18.963621
2024-04-08,11.683729,18.96422
2024-04-09,11.678605,18.971827
2024-04-10,11.696983,18.952398
2024-04-11,11.707566,18.936144
2024-04-12,11.678216,18.975626
2024-04-15,11.675537,18.953333
2024-04-16,11.671955,18.970592
2024-04-17,11.742849,18.914377
2024-04-18,11.739304,18.913559
2024-04-19,11.703474,18.936466
2024-04-22,11.77978,18.836071
2024-04-23,11.880779,18.692343
2024-04-24,11.92259,18.52328
2024-04-25,11.847176,18.422623
2024-04-26,11.41332,17.463646
2024-04-29,11.435535,17.449163
2024-04-30,11.483233,17.40414
2024-05-01,11.414916,17.436085
2024-05-02,11.3602085,17.397373
2024-05-03,11.391447,17.449127
2024-05-06,11.365382,17.401989
2024-05-07,11.244054,17.22009
2024-05-08,11.247113,17.217054
2024-05-09,11.248068,17.17557
2024-05-10,11.2171135,17.128923
2024-05-13,11.2431345,17.114466
2024-05-14,11.230693,17.120571
2024-05-15,11.220614,17.104765
2024-05-16,11.22815,17.087936
2024-05-17,11.201737,17.063936
2024-05-20,11.210199,17.074923
2024-05-21,11.202938,17.063866
2024-05-22,10.862571,17.299648
2024-05-23,10.731583,17.3569
2024-05-24,10.673437,17.379768
2024-05-28,10.568446,17.415712
2024-05-29,10.466897,17.462471
2024-05-30,10.418919,17.486345
2024-05-31,10.405379,17.492567
2024-06-03,10.417168,17.477535
2024-06-04,10.427712,17.480104
2024-06-05,10.443753,17.473818
2024-06-06,10.4423685,17.476269
2024-06-07,10.403574,17.492704
2024-06-10,10.395791,17.49706
2024-06-11,10.3935585,17.498255
2024-06-12,10.405955,17.490402
2024-06-13,10.408114,17.485744
2024-06-14,10.399556,17.49503
2024-06-17,10.4079,17.489365
2024-06-18,10.392056,17.497948
2024-06-20,10.40705,17.491566
2024-06-21,10.396964,17.507719
2024-06-24,10.509292,17.446623
2024-06-25,10.561247,17.39952
2024-06-26,10.652394,17.3942
2024-06-27,10.668018,17.387886
2024-06-28,10.57155,17.419878
2024-07-01,10.654505,17.391869
2024-07-02,10.854279,17.316244
2024-07-03,10.804947,17.332664
2024-07-05,10.816028,17.344185
2024-07-08,10.841266,17.32075
2024-07-09,10.816916,17.32032
2024-07-10,10.844986,17.32088
2024-07-11,11.045597,17.227785
2024-07-12,11.104073,17.201418
2024-07-15,10.981955,17.28824
2024-07-16,11.010315,17.230566
2024-07-17,11.150626,17.155056
2024-07-18,11.159834,17.085983
2024-07-19,11.228625,17.062906
2024-07-22,11.238348,17.06176
2024-07-23,11.230096,17.05031
2024-07-24,11.251499,17.05451
2024-07-25,11.22157,17.047672
2024-07-26,11.442554,15.323582
2024-07-29,11.421712,15.334676
2024-07-30,11.491628,14.977858
2024-07-31,11.548532,14.769333
2024-08-01,11.370002,14.676387
2024-08-02,11.164087,14.469535
2024-08-05,11.114921,14.379945
2024-08-06,11.093537,14.387079
2024-08-07,11.001294,14.322941
2024-08-08,11.006611,14.328656
2024-08-09,11.007615,14.323533
2024-08-12,11.001193,14.326945
2024-08-13,10.99481,14.310216
2024-08-14,10.994733,14.311855
2024-08-15,10.994955,14.307037
2024-08-16,10.981389,14.296884
2024-08-19,10.991268,14.305973
2024-08-20,10.985985,14.299691
2024-08-21,10.993436,14.308518
2024-08-22,10.978106,14.284974
2024-08-23,10.989186,14.330181
2024-08-26,10.96973,14.282187
2024-08-27,11.008752,14.288871
2024-08-28,11.006546,14.295944
2024-08-29,11.734284,14.407368
2024-08-30,11.754131,14.4776535
2024-09-03,11.828424,14.464742
2024-09-04,11.848874,14.468088
2024-09-05,11.865538,14.479498
2024-09-06,11.961223,14.446296
2024-09-09,12.070109,14.472346
2024-09-10,12.112088,14.463228
2024-09-11,12.126813,14.4890375
2024-09-12,12.116651,14.482616
2024-09-13,12.115823,14.483849
2024-09-16,12.118386,14.478277
2024-09-17,12.1257515,14.486888
2024-09-18,12.10851,14.474958
2024-09-19,12.079629,14.459433
2024-09-20,12.075399,14.4565325
2024-09-23,12.097378,14.468132
2024-09-24,12.103992,14.478231
2024-09-25,12.109783,14.472658
2024-09-26,12.050376,14.437249
2024-09-27,12.058242,14.420821
2024-09-30,11.789841,14.304547
2024-10-01,11.809346,14.321219
2024-10-02,11.84088,14.327756
2024-10-03,11.820581,14.3052
2024-10-04,11.798404,14.311427
2024-10-07,11.850621,14.336273
2024-10-08,11.849365,14.311789
2024-10-09,11.800836,14.31158
2024-10-10,11.732241,14.253825
2024-10-11,11.7204,14.251065
2024-10-14,11.722178,14.255942
2024-10-15,11.702016,14.210449
2024-10-16,11.700551,14.251538
2024-10-17,11.719577,14.244991
2024-10-18,11.692138,14.23531
2024-10-21,11.724065,14.260456
2024-10-22,11.714608,14.250747
2024-10-23,11.690067,14.319727
2024-10-24,11.230577,15.56135
2024-10-25,11.156425,15.661813
2024-10-28,11.147144,15.686813
2024-10-29,11.119823,15.687809
2024-10-30,11.113452,15.68041
2024-10-31,11.227461,15.647031
2024-11-01,11.221024,15.681978
2024-11-04,11.212238,15.667859
2024-11-05,11.179438,15.689551
2024-11-06,11.129636,15.720887
2024-11-07,11.125838,15.752564
2024-11-08,11.073225,15.739435
2024-11-11,11.039518,15.763337
2024-11-12,11.060953,15.769174
2024-11-13,11.038192,15.719825
2024-11-14,11.11249,15.784454
2024-11-15,11.092754,15.753073
2024-11-18,11.0628605,15.746146
2024-11-19,11.070716,15.749724
2024-11-20,11.0510435,15.736765
2024-11-21,11.0678425,15.763594
2024-11-22,11.065473,15.771829
2024-11-25,11.102525,15.783748
2024-11-26,11.049237,15.755132
2024-11-27,10.998801,15.716761
2024-11-29,11.000269,15.7285795
2024-12-02,11.01196,15.717195
2024-12-03,10.988738,15.719469
2024-12-04,10.915024,15.711035
2024-12-05,10.948743,15.66293
2024-12-06,10.920969,15.609975
2024-12-09,10.936484,15.633602
2024-12-10,10.932633,15.637554
2024-12-11,10.933086,15.614288
2024-12-12,10.950493,15.618292
2024-12-13,10.894468,15.5754795
2024-12-16,10.902359,15.581829
2024-12-17,10.936069,15.612881
2024-12-18,10.952501,15.635716
2024-12-19,10.967814,15.654648
2024-12-20,10.96014,15.668931
