Date,open,high,low,close,volume,dividends,stock splits,capital gains,symbol,returns,log_returns,cum_returns,vol_21d,vol_63d,vol_252d,sma_50,sma_200,trend_50_200
2012-01-03,99.7865164749064,100.27076751789187,99.52876966369256,99.58344268798828,193697900,0.0,0.0,0.0,SPY,,,,,,,,,False
2012-01-04,99.34908561998041,99.82552433318823,98.96637460670064,99.73960876464844,127186500,0.0,0.0,0.0,SPY,0.0015681931900008994,0.001566964859066109,0.0015681931900008994,,,,,,False
2012-01-05,99.20072457869132,100.15359636991735,98.74771614683665,100.00519561767578,173895000,0.0,0.0,0.0,SPY,0.002662802233905248,0.002659263257041713,0.004235171212235711,,,,,,False
2012-01-06,100.13017057267751,100.145794841487,99.41942127357274,99.7474594116211,148050000,0.0,0.0,0.0,SPY,-0.0025772281576251777,-0.002580554927238908,0.0016470280521099223,,,,,,False
2012-01-09,99.97393109516314,100.11451371521149,99.51311661679848,99.98955535888672,99530200,0.0,0.0,0.0,SPY,0.0024270888571364946,0.0024241482341174005,0.004078114392679133,,,,,,False
2012-01-10,101.05959701705501,101.26266479827018,100.7159346812888,100.85652923583984,115282000,0.0,0.0,0.0,SPY,0.008670644387219761,0.008633270233457616,0.0127841186595683,,,,,,False
2012-01-11,100.54410108131503,101.04397030729548,100.38008800909934,100.91119384765625,111540700,0.0,0.0,0.0,SPY,0.000542003698031035,0.0005418568670795788,0.013333051397188989,,,,,,False
2012-01-12,101.20022364166414,101.30175160553428,100.39573460009512,101.15335083007812,118983700,0.0,0.0,0.0,SPY,0.0023997038701915052,0.0023968291788792786,0.01576475064241989,,,,,,False
2012-01-13,100.47384370788087,100.79407570463064,99.75528219764516,100.63005065917969,179836200,0.0,0.0,0.0,SPY,-0.005173335006741442,-0.005186763036104489,0.010509859299307367,,,,,,False
2012-01-17,101.59851695543199,101.78597238150353,100.6768760078581,101.02053833007812,132209200,0.0,0.0,0.0,SPY,0.003880428046498352,0.003872918605880006,0.014431070098595455,,,,,,False
2012-01-18,100.99716333648114,102.19216402888502,100.817525903185,102.13749694824219,163395200,0.0,0.0,0.0,SPY,0.011056747831955427,0.010996068860664569,0.025647378633576245,,,,,,False
2012-01-19,102.48891328016121,102.76228429720919,102.16087521039726,102.6763687133789,126328900,0.0,0.0,0.0,SPY,0.005275944498716267,0.005262075463658412,0.03105863727850089,,,,,,False
2012-01-20,102.50454569701208,103.05908203125,102.25460509951287,103.05908203125,138230200,0.0,0.0,0.0,SPY,0.003727374883498724,0.0037204454355000438,0.03490177934650718,,,,,,False
2012-01-23,102.71544677659037,103.29342562247592,102.30149298083002,102.7935562133789,129295800,0.0,0.0,0.0,SPY,-0.0025764426835335197,-0.002579767423880703,0.032235414228934056,,,,,,False
2012-01-24,102.16087521039726,102.70760532667052,102.00466830829386,102.6763687133789,103083300,0.0,0.0,0.0,SPY,-0.0011400276857504998,-0.0011406780116192865,0.03105863727850089,,,,,,False
2012-01-25,102.52015962415814,103.77764496985225,102.12183019831362,103.5355224609375,198613200,0.0,0.0,0.0,SPY,0.008367589916983942,0.008332775708998819,0.039686113135611656,,,,,,False
2012-01-26,103.9963379050189,104.19159953226665,102.59826989776758,103.0044174194336,184880500,0.0,0.0,0.0,SPY,-0.005129689104570678,-0.0051428911272594045,0.03435284660888649,,,,,,False
2012-01-27,102.50454926784217,103.13719504029324,102.43424602370666,102.95755767822266,135259100,0.0,0.0,0.0,SPY,-0.0004549294329788678,-0.0004550329447682599,0.03388228905487867,,,,,,False
2012-01-30,101.93436344838855,102.66074281244109,101.5828949447991,102.60606384277344,147311800,0.0,0.0,0.0,SPY,-0.003413968273681789,-0.0034198091608933297,0.030352647721323844,,,,,,False
2012-01-31,103.1137620255064,103.23872040766769,102.0671506604114,102.56703186035156,157212000,0.0,0.0,0.0,SPY,-0.0003804061958919691,-0.00038047856868352644,0.029960695190176967,,,,,,False
2012-02-01,103.32462304102518,103.98851724833956,103.19966467453519,103.46521759033203,166234500,0.0,0.0,0.0,SPY,0.00875706076006355,0.008718940091838325,0.03898012357843461,,,,,,False
2012-02-02,103.66825085756804,103.89476091221698,103.26211544547044,103.62919616699219,113090400,0.0,0.0,0.0,SPY,0.0015848666873676809,0.0015836121115413515,0.040626768565131144,0.07344557163401391,,,,,False
2012-02-03,104.66020283279988,105.14444771877145,104.48056552313633,105.08196258544922,160598500,0.0,0.0,0.0,SPY,0.014018891125199717,0.013921535296435434,0.05521520193561402,0.08454453040616076,,,,,False
2012-02-06,104.64462587442608,105.0585796417199,104.52747364512632,105.01171875,107694500,0.0,0.0,0.0,SPY,-0.000668467106256232,-0.0006686906300100408,0.054509825283098445,0.0852489260080674,,,,,False
2012-02-07,104.79296161651197,105.45685561811545,104.37900810608768,105.27720642089844,135528100,0.0,0.0,0.0,SPY,0.0025281718465202108,0.002524981396283708,0.05717580733525818,0.08334986190545511,,,,,False
2012-02-08,105.33194435543189,105.6131216065505,104.90236634430273,105.58969116210938,139361400,0.0,0.0,0.0,SPY,0.002968208901380054,0.002963812466881139,0.06031372597691442,0.0833579668948532,,,,,False
2012-02-09,105.76149733105183,105.90207996442025,105.09760311484112,105.72244262695312,148602900,0.0,0.0,0.0,SPY,0.0012572388779878985,0.0012564492149837922,0.06164679361607672,0.08047414142047514,,,,,False
2012-02-10,104.78519933649224,105.0273218401028,104.53525874062098,104.94140625,167907500,0.0,0.0,0.0,SPY,-0.0073876119161288,-0.007415035467555961,0.053803759112838634,0.08702654542677844,,,,,False
2012-02-13,105.69120601436762,105.84741291294002,105.23819766603198,105.72244262695312,115841900,0.0,0.0,0.0,SPY,0.007442594919039536,0.0074150354675558815,0.0616467936160765,0.08913320385991043,,,,,False
2012-02-14,105.44129040209883,105.6521763198941,104.8555054554205,105.58969116210938,165329500,0.0,0.0,0.0,SPY,-0.001255660213150489,-0.0012564492149838983,0.06031372597691398,0.08607423268465945,,,,,False
2012-02-15,105.93331284194815,106.08951971743916,104.88670174873499,105.09758758544922,195195100,0.0,0.0,0.0,SPY,-0.00466052671661521,-0.00467142083264454,0.055372105529004845,0.08913814081587289,,,,,False
2012-02-16,105.10546016553008,106.35512773514279,104.9180046670661,106.26140594482422,186567800,0.0,0.0,0.0,SPY,0.011073692423517967,0.011012828008566813,0.06705897161799368,0.08916008756129223,,,,,False
2012-02-17,106.62848762617725,106.71440323087013,106.19110342695006,106.54257202148438,129869400,0.0,0.0,0.0,SPY,0.00264598491013901,0.002642490454893288,0.06988239355512338,0.08836791164045407,,,,,False
2012-02-21,106.79246137112074,107.0424019172918,106.26135558723905,106.58939361572266,134042300,0.0,0.0,0.0,SPY,0.00043946371248515526,0.00043936717658950617,0.07035256804371759,0.08818708298436471,,,,,False
2012-02-22,106.42538777846812,106.65189792889112,106.05829498391225,106.2457504272461,124455300,0.0,0.0,0.0,SPY,-0.003223990463023685,-0.0032291987175311187,0.06690176157227179,0.08860287100061853,,,,,False
2012-02-23,106.19106349102495,106.79246057987845,105.83177693802138,106.71436309814453,137704300,0.0,0.0,0.0,SPY,0.004410648604899592,0.00440095020138446,0.07160749033851554,0.08853510000267645,,,,,False
2012-02-24,106.94864654541016,107.15953234870928,106.71434222820977,106.94864654541016,105539100,0.0,0.0,0.0,SPY,0.0021954256246663473,0.0021930191992713243,0.07396012488238912,0.0853369036257942,,,,,False
2012-02-27,106.23793400228274,107.41730976850984,106.06610284192884,107.12832641601562,145728900,0.0,0.0,0.0,SPY,0.0016800574519582057,0.0016786477341543388,0.0757644395933037,0.0817983920244884,,,,,False
2012-02-28,107.15955008887885,107.56569750229482,106.94866425066776,107.44072723388672,129355900,0.0,0.0,0.0,SPY,0.0029161364535643663,0.0029118927757504215,0.07890151549104996,0.08141671351194679,,,,,False
2012-02-29,107.59696398807417,107.9328201879541,106.64408628305301,107.01899719238281,185934700,0.0,0.0,0.0,SPY,-0.003925234427963664,-0.003932958379459804,0.07466657411806232,0.08186660033588687,,,,,False
2012-03-01,107.24549400159233,107.7766118237806,106.94869251513937,107.57353210449219,145023500,0.0,0.0,0.0,SPY,0.005181649302062885,0.005168270752717694,0.0802351194217914,0.08207893027431977,,,,,False
2012-03-02,107.50321485501998,107.64380938968674,107.00334568764455,107.24546813964844,120638300,0.0,0.0,0.0,SPY,-0.0030496717773018656,-0.0030543315024429136,0.07694075686524049,0.08052339592596412,,,,,False
2012-03-05,107.08146885323971,107.15956634447623,106.44100506885839,106.80809783935547,140765000,0.0,0.0,0.0,SPY,-0.00407821708348044,-0.0040865556895893,0.07254875867269628,0.0829969928484473,,,,,False
2012-03-06,105.71467312032284,105.77714636716266,104.94143261513128,105.24604034423828,202129900,0.0,0.0,0.0,SPY,-0.014624897612787735,-0.014732895695220198,0.05686284289238541,0.08754199168609847,,,,,False
2012-03-07,105.48811582950859,106.15200997969576,105.38657599251445,105.98017883300781,143692200,0.0,0.0,0.0,SPY,0.006975449968172898,0.006951234063049674,0.06423493677620229,0.0906580512727731,,,,,False
2012-03-08,106.62843333289307,107.25327269270018,106.4097413446335,107.0345687866211,116968900,0.0,0.0,0.0,SPY,0.009948935406824289,0.009899770571874333,0.07482294141987444,0.09626938922168163,,,,,False
2012-03-09,107.23768436433,107.72973554387994,107.10490789252614,107.44857025146484,122836800,0.0,0.0,0.0,SPY,0.0038679229480438337,0.0038604617674037243,0.07898027374007643,0.09657395338944283,,,,,False
2012-03-12,107.43293705358904,107.59695012719625,107.07365045788809,107.45636749267578,104003500,0.0,0.0,0.0,SPY,7.256719370651865e-05,7.256456083509006e-05,0.07905857231060653,0.09659804832634267,,,,,False
2012-03-13,108.03434322152971,109.44803529152001,107.85469396960733,109.39335632324219,184090500,0.0,0.0,0.0,SPY,0.018025817136415156,0.017865278451563885,0.09850948481455868,0.1088233867725351,,,,,False
2012-03-14,109.42459241665978,109.69795147351427,108.94033560202975,109.27619171142578,145163600,0.0,0.0,0.0,SPY,-0.0010710395562798514,-0.0010716135290136772,0.09733293770337359,0.10744874771137182,,,104.4226301574707,,False
2012-03-15,109.4402493984812,109.95574303181134,109.15907213646709,109.90888214111328,165118500,0.0,0.0,0.0,SPY,0.005789828688011811,0.005773132046025566,0.10368630742638896,0.10786267892721167,,,104.6291389465332,,False
2012-03-16,110.10809376209635,110.20222623257811,109.82568438060139,110.06102752685547,152893500,0.614,0.0,0.0,SPY,0.0013842865360675916,0.0013833292947562975,0.10521412552180154,0.10520679250142317,,,104.83556732177735,,False
2012-03-19,109.99044045645934,110.82981634210279,109.91198874226417,110.49250030517578,125291100,0.0,0.0,0.0,SPY,0.003920304834652111,0.00391264046423572,0.10954690180141036,0.10043223435204762,,,105.04531341552735,,False
2012-03-20,109.86493298683892,110.30423390013458,109.54329768601455,110.1708755493164,121729700,0.0,0.0,0.0,SPY,-0.0029108288342744038,-0.0029150735355927843,0.10631720068666706,0.10173455259632795,,,105.25378173828125,,False
2012-03-21,110.23366980196835,110.33564270871904,109.76298326138254,109.99048614501953,122388400,0.0,0.0,0.0,SPY,-0.0016373601770653945,-0.0016387021162653636,0.10450576095906028,0.10228990343261242,,,105.4538003540039,,False
2012-03-22,109.18246552164551,109.47272739291763,108.8373089767104,109.19815826416016,135216700,0.0,0.0,0.0,SPY,-0.007203603771827272,-0.007229675005486542,0.09654933909341068,0.10549257987172149,,,105.62063293457031,,False
2012-03-23,109.29230592541056,109.67668835277544,108.68826100662275,109.5511703491211,120521000,0.0,0.0,0.0,SPY,0.003232765923642855,0.0032275517702870598,0.10009422643042498,0.10513707300664962,,,105.7934324645996,,False
2012-03-26,110.33560353725908,111.08869934082031,110.29638964784532,111.08869934082031,120164000,0.0,0.0,0.0,SPY,0.014034802063723983,0.013937226141878065,0.11553383114982152,0.11406870149033868,,,105.99213943481445,,False
2012-03-27,111.19068352260136,111.26128288718988,110.67293090884898,110.7435302734375,119868500,0.0,0.0,0.0,SPY,-0.00310714833669834,-0.003111985544638631,0.1120677020618337,0.1153487668362746,,,106.19440902709961,,False
2012-03-28,110.68863942350607,110.86122365268942,109.5433088089306,110.19441986083984,148562100,0.0,0.0,0.0,SPY,-0.004958397219610444,-0.004970730858047389,0.1065536286599118,0.11742917771209867,,,106.37788665771484,,False
2012-03-29,109.54329998768836,110.21010372584192,109.11183944947443,110.00613403320312,164963700,0.0,0.0,0.0,SPY,-0.0017086693489062332,-0.0017101307893611106,0.10466289439169962,0.11644960548259209,,,106.53525939941406,,False
2012-03-30,110.54745851970131,110.64944340173943,109.86497377389308,110.46116638183594,135486800,0.0,0.0,0.0,SPY,0.004136427051381286,0.0041278955555206,0.1092322518707185,0.11607051032245673,,,106.6909553527832,,False
2012-04-02,110.3277736549679,111.55939633311615,110.10812318511582,111.26913452148438,151741100,0.0,0.0,0.0,SPY,0.0073144994400611285,0.007287878224124755,0.11734573055592468,0.11674144008226879,,,106.8551564025879,,False
2012-04-03,111.11224251466868,111.30051947510509,110.1630292979577,110.81414031982422,155806700,0.0,0.0,0.0,SPY,-0.00408913220738949,-0.004097515570084555,0.11277675614231941,0.11674834875499251,0.09147914575884883,,107.01556808471679,,False
2012-04-04,109.99826783912579,110.09240030899363,109.30793113996266,109.71585845947266,146896000,0.0,0.0,0.0,SPY,-0.009911026311098747,-0.009960467478753234,0.10174799643381371,0.10930701044996459,0.09438813859743406,,107.15635787963868,,False
2012-04-05,109.33934923717635,109.98260792330649,109.2452047691659,109.66097259521484,137439400,0.0,0.0,0.0,SPY,-0.0005002546124914797,-0.0005003797815761546,0.10119684191679434,0.10808467560312277,0.0944460513482915,,107.27886688232422,,False
2012-04-09,108.2803388131891,109.70022688555626,108.13128767276493,108.42938995361328,127555900,0.0,0.0,0.0,SPY,-0.011230819975923678,-0.01129436183397837,0.08882949842717114,0.11240730191193413,0.09749413633487031,,107.38736633300782,,False
2012-04-10,108.21753174346173,108.52347427526944,106.49954215329119,106.60936737060547,235360300,0.0,0.0,0.0,SPY,-0.01678532530512644,-0.016927795399391023,0.07055314109425348,0.12678462796268675,0.103982876207571,,107.46040252685548,,False
2012-04-11,107.69978086064386,107.8958981782334,107.27617272147296,107.4722900390625,154133000,0.0,0.0,0.0,SPY,0.008094248092264333,0.00806166536984784,0.07921846381422326,0.13011728933164585,0.10381719436855097,,107.55772705078125,,False
2012-04-12,107.57427026676261,108.96277219738424,107.49581855506676,108.87648010253906,154321500,0.0,0.0,0.0,SPY,0.013065601030425533,0.01298098233109063,0.09331910168708868,0.12238239225570838,0.10656307881656453,,107.683916015625,,False
2012-04-13,108.62547614527098,108.9000452166436,107.48014558218145,107.5821304321289,169246700,0.0,0.0,0.0,SPY,-0.011888239491129271,-0.011959469707660937,0.08032146236600624,0.12891780049213883,0.1097099557457267,,107.76625427246094,,False
2012-04-16,108.13123819500686,108.2881296504857,107.14281125244443,107.51151275634766,147825300,0.0,0.0,0.0,SPY,-0.0006564071142446393,-0.0006566226437163347,0.07961233167243797,0.1267367726147386,0.10904649015271495,,107.84390060424805,,False
2012-04-17,108.13125755602861,109.3236543772592,108.02143232052401,109.10400390625,147877600,0.0,0.0,0.0,SPY,0.014812284834196277,0.01470365433999291,0.09560385703968088,0.13798284563314517,0.11233244981215555,,107.92434143066406,,False
2012-04-18,108.61761729881945,109.10398440195685,108.55485832259998,108.73528289794922,123884200,0.0,0.0,0.0,SPY,-0.0033795369106491835,-0.0033852604444150457,0.09190122336536577,0.13743246933257414,0.11090999944680945,,107.99881271362305,,False
2012-04-19,108.75098696697306,109.15890239983048,107.52721672829674,108.03711700439453,198666700,0.0,0.0,0.0,SPY,-0.006420785185337952,-0.006441487089098589,0.08489036016652896,0.13866738750654242,0.11155012887761152,,108.05401092529297,,False
2012-04-20,108.51561613776,108.90785070257368,108.15475507130986,108.21751403808594,143199600,0.0,0.0,0.0,SPY,0.0016697690450595548,0.0016683765306304578,0.0867018765072185,0.13891719170356623,0.11140890545106348,,108.1065673828125,,False
2012-04-23,107.11141597025896,107.40167770486651,106.64074164692587,107.30753326416016,171844900,0.0,0.0,0.0,SPY,-0.008408812399862797,-0.008444365911683656,0.07756400429309052,0.139684689765687,0.11273012580344219,,108.13826919555665,,False
2012-04-24,107.40167123823325,107.9900230845123,107.31537915531035,107.7154541015625,137484200,0.0,0.0,0.0,SPY,0.0038014184558521347,0.0037942113238226918,0.08166027598637227,0.13990498063468668,0.11283417881186232,,108.1937501525879,,False
2012-04-25,108.76665700030665,109.2373433395206,108.67252452048419,109.19027709960938,150252200,0.0,0.0,0.0,SPY,0.013691842181311253,0.013598955806814495,0.09647019777897126,0.13945209095570654,0.11477411733414343,,108.26310684204101,,False
2012-04-26,108.95495343020646,110.07675088575132,108.89219444240892,109.95123291015625,136291600,0.0,0.0,0.0,SPY,0.0069690803133752866,0.006944908511673399,0.10411158664851539,0.1416872869463581,0.1147542109972205,,108.35033767700196,,False
2012-04-27,110.28071920489093,110.44545108987644,109.6688339776936,110.13166809082031,130725000,0.0,0.0,0.0,SPY,0.0016410473615289245,0.0016397023146302494,0.10592348605461854,0.14079719860481618,0.11471814418732268,,108.45101928710938,,False
2012-04-30,109.91203953124527,109.99049128169202,109.42567219463378,109.72376251220703,115092200,0.0,0.0,0.0,SPY,-0.003703799149549769,-0.0037106751972035778,0.10182736758750233,0.14127294473439578,0.11476590516755553,,108.52026641845703,,False
2012-05-01,109.6609488758239,111.127914481992,109.53544289571185,110.40620422363281,138832200,0.0,0.0,0.0,SPY,0.006219634615153291,0.006200372515336005,0.1086803312228728,0.14223823607954683,0.11518037920310552,,108.5975390625,,False
2012-05-02,109.76300241352277,110.18662276797713,109.4021530434922,110.07679748535156,121081000,0.0,0.0,0.0,SPY,-0.002983589016555821,-0.0029880487912312434,0.1053724847637647,0.1400353413537558,0.11443873907738061,,108.66728713989258,,False
2012-05-03,110.09245757706283,110.1787497093458,109.03343083001455,109.23738861083984,143759700,0.0,0.0,0.0,SPY,-0.007625665841372475,-0.007654889894507505,0.0969432835647086,0.14171097319811776,0.11572580685182617,,108.72711990356446,,False
2012-05-04,108.66468668162115,109.2765717548964,107.4095310610277,107.4722900390625,193927300,0.0,0.0,0.0,SPY,-0.016158373925117653,-0.016290343994473645,0.0792184638142237,0.1483551461448771,0.11750679054561983,,108.74227844238281,,False
2012-05-07,107.08786674422682,107.91156164871998,107.04865286738494,107.55071258544922,127765900,0.0,0.0,0.0,SPY,0.0007297001520876201,0.000729434050373414,0.08000596969140461,0.1484624088488664,0.11748916012475112,,108.75431976318359,,False
2012-05-08,106.90744506310406,107.29183922079622,105.84056663751491,107.11925506591797,213377700,0.0,0.0,0.0,SPY,-0.004011665837996725,-0.004019734154884625,0.0756733466379611,0.14416660566866082,0.11773688097688607,,108.75413833618164,,False
2012-05-09,105.98182675301038,107.16637130513175,105.50329991300435,106.48388671875,220752500,0.0,0.0,0.0,SPY,-0.005931411180716162,-0.005949071869847566,0.06929308572291437,0.13324465674256986,0.11826212186690796,,108.7350015258789,,False
2012-05-10,107.22127005602471,107.35464038544445,106.46034576317926,106.70352935791016,150600000,0.0,0.0,0.0,SPY,0.002062684279550142,0.0020605598671580238,0.07149869976106671,0.13021896505681857,0.11830342754642693,,108.72869216918946,,False
2012-05-11,106.03672851768448,107.3703241182137,105.98966226837982,106.38189697265625,153032400,0.0,0.0,0.0,SPY,-0.003014261919819683,-0.003018813956936491,0.06826892203324064,0.12099526263074202,0.11748780298929233,,108.70485946655273,,False
2012-05-14,105.36209933472394,106.38191210491624,105.04831631469013,105.20520782470703,163910000,0.0,0.0,0.0,SPY,-0.011060990463928944,-0.011122618081984356,0.05645280967371935,0.12009436118731628,0.11870144885868456,,108.6640542602539,,False
2012-05-15,105.13456527421691,105.75429067385406,104.4363881667548,104.60111999511719,207629300,0.0,0.0,0.0,SPY,-0.005741995496994501,-0.005758544131667329,0.050386662397785775,0.12117902237807308,0.11922457931261259,,108.61991470336915,,False
2012-05-16,105.07182651966363,105.55035330135297,104.17753194061088,104.20106506347656,207265500,0.0,0.0,0.0,SPY,-0.0038245759859866224,-0.0038319083782211447,0.04636937879277858,0.10628001050920614,0.11910688934801245,,108.5990151977539,,False
2012-05-17,104.22459353520186,104.35011149825232,102.60073630962256,102.65565490722656,247992900,0.0,0.0,0.0,SPY,-0.014831039925633949,-0.014942119449740752,0.030850632758942176,0.1149754847857588,0.12048222720061598,,108.53252471923828,,False
2012-05-18,103.05573840955302,103.23617498502225,101.62801036529854,101.77706146240234,319615900,0.0,0.0,0.0,SPY,-0.008558646336806586,-0.00859548187585585,0.022027946767085194,0.11607784810497744,0.12136648538823482,,108.4273745727539,,False
2012-05-21,102.10652546685039,103.56563882230357,101.94178164943813,103.52641296386719,177861100,0.0,0.0,0.0,SPY,0.017188072403830246,0.01704202858656949,0.03959463711485589,0.13459886540742114,0.12651743093203838,,108.34893142700196,,False
2012-05-22,103.79313261814458,104.51484294782321,103.03219642890751,103.70684051513672,197531200,0.0,0.0,0.0,SPY,0.0017428166021022928,0.0017412996594941136,0.04140645990787628,0.13316497569044342,0.12646180452525338,,108.27394088745118,,False
2012-05-23,102.96157215358184,103.91078505701921,101.97314537012504,103.76173400878906,204958400,0.0,0.0,0.0,SPY,0.0005293141067617135,0.0005291740694635376,0.041957691037978195,0.1319726950589619,0.12610534673903281,,108.1613084411621,,False
2012-05-24,104.04418812304063,104.20892000611401,103.0949748113245,103.96573638916016,167357600,0.0,0.0,0.0,SPY,0.0019660656437547885,0.0019641354661868184,0.044006248256573954,0.12043635249189356,0.12608688768961235,,108.0550993347168,,False
2012-05-25,103.92648526274218,104.21674703150819,103.37735916920673,103.6283950805664,135465600,0.0,0.0,0.0,SPY,-0.0032447354321718525,-0.0032500110011590565,0.040618724191447075,0.11562798818779016,0.12613853181307716,,107.92948959350586,,False
2012-05-29,104.45992916041952,105.06396187002024,102.8988310293903,104.88353729248047,152883500,0.0,0.0,0.0,SPY,0.012111952625901923,0.012039189871174978,0.05322264888048034,0.12591658098422925,0.12846887895344294,,107.82593978881836,,False
2012-05-30,103.98927231370767,104.87572665618507,103.14989619485785,103.3616943359375,162370400,0.0,0.0,0.0,SPY,-0.014509836298704615,-0.014616133462718938,0.037940560659136535,0.13281780875730342,0.13137733088811082,,107.68332366943359,,False
2012-05-31,103.3224550997965,103.90295471158073,102.24772403653257,103.1341781616211,196186000,0.0,0.0,0.0,SPY,-0.002201165294146157,-0.00220359141932775,0.0356558819196271,0.12874783087933223,0.13090437711704733,,107.54258972167969,,False
2012-06-01,101.51819207571974,103.15773031591264,100.53760528564453,100.53760528564453,253240900,0.0,0.0,0.0,SPY,-0.025176647763726634,-0.02549900159242605,0.009581538576104887,0.14953560911967678,0.13974493415269898,,107.35353210449219,,False
2012-06-04,100.71801512709095,100.9925841760515,99.73742848087733,100.49052429199219,202545800,0.0,0.0,0.0,SPY,-0.0004682923719794285,-0.00046840205509610344,0.009108759242698383,0.14956418573648128,0.1396067546013411,,107.17937942504882,,False
2012-06-05,100.29442040779303,101.4005192467934,100.23950778436787,101.25148010253906,164149400,0.0,0.0,0.0,SPY,0.007572413577381587,0.0075438867743444415,0.016750148112242513,0.14768504306633895,0.13780290641804713,,107.01338562011719,,False
2012-06-06,101.95747438682297,103.57347920597029,101.92608891205329,103.52641296386719,184202800,0.0,0.0,0.0,SPY,0.022468144258476652,0.022219453690064124,0.03959463711485589,0.17149886154152746,0.1445713614522777,,106.86213989257813,,False
2012-06-07,104.70310960965502,104.75017584848246,103.37735468911265,103.58916473388672,184772700,0.0,0.0,0.0,SPY,0.0006061426086638733,0.0006059589784331787,0.040224779720149595,0.17148055457802547,0.1430709416461422,,106.71905258178711,,False
2012-06-08,103.32246797737105,104.43641306779621,102.99298030198563,104.41287994384766,143915400,0.0,0.0,0.0,SPY,0.007951750668875546,0.00792030210361914,0.048496387808070196,0.17372888848068613,0.1438065382361781,,106.60342178344726,,False
2012-06-11,105.25226673009811,105.3150257237329,102.98515045402812,103.0871353149414,169756100,0.0,0.0,0.0,SPY,-0.012697136882147353,-0.01277843442175609,0.03518348565163398,0.1780513014722526,0.14588361588279447,,106.46504180908204,,False
2012-06-12,103.38522082430558,104.34227448568994,102.89101322346538,104.27167510986328,181931800,0.0,0.0,0.0,SPY,0.011490665554950041,0.011425149263704781,0.0470784328732643,0.1835836153400513,0.14304707730690247,,106.34125198364258,,False
2012-06-13,103.96569223411358,104.61680304461682,103.25182245717097,103.60484313964844,172223900,0.0,0.0,0.0,SPY,-0.0063951400944911585,-0.00641567660563663,0.04038221960511956,0.1810200920916157,0.14349566742661798,,106.18796615600586,,False
2012-06-14,103.81668593455038,105.11890811687087,103.53427644886708,104.70314025878906,230615500,0.0,0.0,0.0,SPY,0.010600827971528615,0.010545033162421046,0.05141113253979057,0.18407481670656597,0.14471184878576437,,106.06574615478516,,False
2012-06-15,105.1746671700979,105.86856889773033,104.95387861602298,105.7739486694336,169444500,0.688,0.0,0.0,SPY,0.01022708973195896,0.010175146898918226,0.06216400853745552,0.18670700065734694,0.1463086117147162,,105.98690795898438,,False
2012-06-18,105.33235896433168,106.23916812925805,105.09579638980712,105.97895050048828,131360900,0.0,0.0,0.0,SPY,0.0019381126792890058,0.001936236962086699,0.06422260206988639,0.17786835550928864,0.14611390180442918,,105.91326751708985,,False
2012-06-19,106.51514883622036,107.43773195299572,105.95528453523475,107.00403594970703,137382600,0.0,0.0,0.0,SPY,0.009672538219880122,0.009626058698358324,0.07451633586286754,0.17597882024433972,0.14747310443665257,,105.88476043701172,,False
2012-06-20,107.01193786125441,107.31946559234486,105.87644715197516,106.83056640625,206451800,0.0,0.0,0.0,SPY,-0.0016211495381217578,-0.001622465022958227,0.07277438420127913,0.1680074816354428,0.14747256426578728,,105.8891844177246,,False
2012-06-21,106.95676309320923,107.06715738412048,104.34671719003423,104.43345642089844,205272200,0.0,0.0,0.0,SPY,-0.02243842812024366,-0.02269399997104789,0.048703013292139996,0.18741986907223854,0.15335141013433568,,105.82840774536133,,False
2012-06-22,104.97752954273132,105.43488068162729,104.57536952414566,105.23774719238281,130029200,0.0,0.0,0.0,SPY,0.0077014665515122704,0.007671961648513739,0.05677956447147947,0.18912167330209687,0.15407144954217375,,105.7556330871582,,False
2012-06-25,104.12592710443464,104.16535621463537,103.179688619993,103.55030059814453,146375700,0.0,0.0,0.0,SPY,-0.016034613427760802,-0.01616455879630673,0.03983451267682181,0.197735814962703,0.1542064531719783,,105.67499649047852,,False
2012-06-26,103.84992829430904,104.38613768596484,103.2427537283688,104.07071685791016,141634000,0.0,0.0,0.0,SPY,0.005025733935676735,0.00501314708935946,0.0450604442746696,0.1981622621644657,0.154626683265198,,105.60618057250977,,False
2012-06-27,104.4176860228722,105.21410114715782,104.06284807767865,105.00908660888672,108088000,0.0,0.0,0.0,SPY,0.009016655014087549,0.008976247691225554,0.05448339376956346,0.19611255974863367,0.15567280867425703,,105.5242822265625,,False
2012-06-28,104.3151522705026,104.86713566814126,103.5187373024779,104.70941925048828,169242100,0.0,0.0,0.0,SPY,-0.002853727882755175,-0.0028578075274820944,0.05147418510686097,0.18918327073559063,0.1557192834801811,,105.44376495361328,,False
2012-06-29,106.60979308545974,107.45353023050241,106.33381340809045,107.3194808959961,212250900,0.0,0.0,0.0,SPY,0.024926713032988657,0.02462111055415077,0.0776839803806153,0.20651468686736368,0.16370957853112314,,105.42941223144531,,False
2012-07-02,107.61915194171078,107.75320132144597,106.86216579354995,107.64280700683594,129524500,0.0,0.0,0.0,SPY,0.003012743894588832,0.0030082146763378355,0.08093076621280315,0.1813696214559361,0.16311003538583835,,105.41791809082031,,False
2012-07-03,107.61913502748783,108.43132422134293,107.50874073022818,108.35247802734375,80450000,0.0,0.0,0.0,SPY,0.006592832723720576,0.006571195052357755,0.08805716194036717,0.1811610100515387,0.1635462290597084,,105.43881698608398,,False
2012-07-05,107.95030276127034,108.65999060006708,107.46929652673535,107.86356353759766,126177500,0.0,0.0,0.0,SPY,-0.00451225942080169,-0.004522470391285063,0.083147565761031,0.1826989982181999,0.16261102751090667,,105.4417791748047,,False
2012-07-06,106.8227040390886,107.05926665014621,106.33381679975727,106.8384780883789,151192100,0.0,0.0,0.0,SPY,-0.009503537761956449,-0.009548984542950275,0.07285383196804984,0.173275450148146,0.16366795214706714,,105.39474319458007,,False
2012-07-09,106.75173210987309,106.90155548846418,106.21552275660356,106.70442199707031,103780500,0.0,0.0,0.0,SPY,-0.0012547547822395755,-0.0012555426461409757,0.07150766349174398,0.17352391748296137,0.16218455148163888,,105.32980697631837,,False
2012-07-10,107.2485033767355,107.42198181666205,105.41121774083976,105.7739486694336,167884800,0.0,0.0,0.0,SPY,-0.008720100912615103,-0.008758343474218609,0.06216400853745552,0.17527778772393862,0.15961469368949985,,105.24265258789063,,False
2012-07-11,105.8291706289344,106.1366984576177,105.17468585874671,105.78974151611328,141733400,0.0,0.0,0.0,SPY,0.00014930752683772752,0.00014929638157830928,0.06232259761866632,0.1684449954880196,0.1587505066768416,,105.16397216796875,,False
2012-07-12,105.17463654955965,105.84488302498237,104.55958118055044,105.27713775634766,143583200,0.0,0.0,0.0,SPY,-0.0048454959093320316,-0.0048572733851785215,0.057175117817514165,0.16545538523324663,0.1566949432401914,,105.06139083862304,,False
2012-07-13,105.5531588111992,107.15388182450161,105.53738476265337,107.04348754882812,129642600,0.0,0.0,0.0,SPY,0.01677809475185854,0.016638897340687162,0.0749125021135637,0.1725914451347404,0.15869206134381014,,105.00072463989258,,False
2012-07-16,106.79901547472937,107.10654316300018,106.37320050200337,106.79112243652344,97525200,0.0,0.0,0.0,SPY,-0.002357594264570051,-0.002360377765699688,0.07237829456366618,0.1699047602483092,0.15875579397723916,,104.95179931640625,,False
2012-07-17,107.21700063380173,107.74531712611282,106.09728346668425,107.52452850341797,138860300,0.0,0.0,0.0,SPY,0.00686766886761081,0.006844193847596043,0.07974303359154256,0.16799258894337368,0.15651053773622356,,104.95284408569336,,False
2012-07-18,107.2721559689782,108.53381513362284,107.20908383961213,108.32090759277344,113349700,0.0,0.0,0.0,SPY,0.007406487621381741,0.007379194274312629,0.08774013700411154,0.16950612250723954,0.15710086915681115,,104.96824798583984,,False
2012-07-19,108.54171319193215,108.95963529905391,108.19476829762526,108.60479736328125,129847300,0.0,0.0,0.0,SPY,0.0026208215645227018,0.002617393200466714,0.09059090981176876,0.1667480268988926,0.15664186155889376,,104.99795883178712,,False
2012-07-20,107.98971421304205,108.15531162464264,107.49294604238496,107.61122131347656,142904500,0.0,0.0,0.0,SPY,-0.009148546601318142,-0.009190651549905277,0.08061358805038177,0.17010731272909635,0.1577006769430904,,105.02050552368163,,False
2012-07-23,106.0341915797378,107.54029474317649,105.5374111987317,106.52307891845703,145210900,0.0,0.0,0.0,SPY,-0.010111793005765812,-0.010163264457742524,0.06968664712879846,0.1538346018693532,0.1581042379465074,,105.01689651489258,,False
2012-07-24,106.60191319993406,106.64922331472003,104.8986768751953,105.60835266113281,173301200,0.0,0.0,0.0,SPY,-0.00858711808381396,-0.008624199818403969,0.060501121577224426,0.15522038101806873,0.15881187978726571,,105.0014256286621,,False
2012-07-25,105.82915254130567,106.10513221973304,105.07215461357939,105.63201904296875,129122300,0.0,0.0,0.0,SPY,0.00022409573901671642,0.00022407063331724385,0.06073877535979233,0.14355715784345272,0.1562652270616563,,105.00996185302735,,False
2012-07-26,107.15389099518669,107.60336117665794,106.6571106961026,107.37467956542969,156526500,0.0,0.0,0.0,SPY,0.016497464861975786,0.016362860095919442,0.07823827603402567,0.15282481318932922,0.1592445005297881,,105.06543304443359,,False
2012-07-27,107.94242642880545,109.66143692731352,107.35102588689175,109.35389709472656,236768900,0.0,0.0,0.0,SPY,0.018432814303215972,0.018264989170884396,0.09811324195078064,0.16184904026327893,0.16357040939769682,,105.16848968505859,,False
2012-07-30,109.22774079016183,109.87433245930858,109.03060727619061,109.35389709472656,106782000,0.0,0.0,0.0,SPY,0.0,0.0,0.09811324195078064,0.1610748513211499,0.16340272637003708,,105.3024545288086,,False
2012-07-31,109.20407531776553,109.50371004861888,108.58901977539062,108.58901977539062,120575900,0.0,0.0,0.0,SPY,-0.006994513589884899,-0.007019089866512583,0.09043247395672327,0.14079995152888447,0.16349508950004363,,105.43869369506837,,False
2012-08-01,109.36966563423415,109.39332069215286,108.34456900681828,108.49439239501953,138293800,0.0,0.0,0.0,SPY,-0.00087142678483354,-0.000871806697881175,0.08948224189186504,0.14060318946534403,0.1634040644977315,,105.53805328369141,,False
2012-08-02,107.67434273514706,108.4786509531604,106.90946363183492,107.74530792236328,199556600,0.0,0.0,0.0,SPY,-0.006904361194345343,-0.006928306578132261,0.08196006297901848,0.14090150740747956,0.16327675350663093,,105.61882263183594,,False
2012-08-03,109.25925363871434,110.11087168193478,107.77680607843367,109.8822021484375,157825000,0.0,0.0,0.0,SPY,0.019832828614810616,0.019638720349278414,0.10341839147615106,0.15600776662559443,0.1648086548088541,,105.7412319946289,,False
2012-08-06,110.17398914591111,110.52882709651357,110.04782079793995,110.09513092041016,86326200,0.0,0.0,0.0,SPY,0.001937791269281508,0.0019359161737515886,0.10555658600151818,0.15133184763329352,0.16483603692718968,,105.8638198852539,,False
2012-08-07,110.53673414838656,111.1202538711719,110.4184588143457,110.64714050292969,109545100,0.0,0.0,0.0,SPY,0.005013932749837968,0.0050014048476171745,0.11109977237487034,0.15146563648782507,0.16483721489675698,,106.00419479370117,,False
2012-08-08,110.27648951716783,110.90730711899104,110.24494141783197,110.7811508178711,89754700,0.0,0.0,0.0,SPY,0.001211150277650841,0.0012104174268219533,0.11244548117268005,0.1466269561112617,0.16431078252796683,,106.12214706420899,,False
2012-08-09,110.6234186794954,111.09654384576498,110.51302441164219,110.8757553100586,90291700,0.0,0.0,0.0,SPY,0.0008539764345203427,0.000853612004106883,0.1133954833982902,0.14652031525467088,0.16428724761954513,,106.27242828369141,,False
2012-08-10,110.42632203963919,111.09658091012265,110.24496254596171,111.0571517944336,99792700,0.0,0.0,0.0,SPY,0.0016360338098055927,0.0016346969643764434,0.11521703605281464,0.14425210695476762,0.16412751760116998,,106.43088775634766,,False
2012-08-13,110.86791900677798,111.05715952393355,110.42632972523383,111.00196838378906,79426900,0.0,0.0,0.0,SPY,-0.000496892003377436,-0.0004970154951186797,0.1146628936255698,0.13495255412116672,0.1623921510502935,,106.64017501831054,,False
2012-08-14,111.41198252118096,111.48295973763302,110.686532561604,111.01771545410156,102379400,0.0,0.0,0.0,SPY,0.0001418629826279716,0.00014185292102661948,0.11482102302828423,0.13426652146606904,0.16183896830285197,,106.85071884155273,,False
2012-08-15,110.89940864686159,111.33310470387678,110.82844348264254,111.14385223388672,71085900,0.0,0.0,0.0,SPY,0.0011361860516514444,0.001135541080771178,0.11608766712473684,0.13304840326277945,0.16154216324601117,,107.04856628417969,,False
2012-08-16,111.30156579783483,112.09799281339396,111.02558612573125,111.96394348144531,112014200,0.0,0.0,0.0,SPY,0.007378646961352597,0.007351557917906137,0.12432288399836988,0.1330331570703364,0.1587361635065396,,107.21731689453125,,False
2012-08-17,112.15319100952131,112.20839416666836,111.86143727052794,112.11376190185547,90813700,0.0,0.0,0.0,SPY,0.0013380952452339834,0.0013372007936100583,0.12582733510355593,0.13298451101371564,0.1574342092439305,,107.38780883789063,,False
2012-08-20,111.95603802645365,112.14529049108111,111.64851029147918,112.12163543701172,78255700,0.0,0.0,0.0,SPY,7.022808817302995e-05,7.022562229629426e-05,0.12590639980491325,0.1273562972152971,0.15422843643606227,,107.5419839477539,,False
2012-08-21,112.39764075449446,112.8313368982936,111.53814150810392,111.78258514404297,105581100,0.0,0.0,0.0,SPY,-0.003023950655439922,-0.003028532032459722,0.12250171440925928,0.12108412430463199,0.1544689352362411,,107.71589294433593,,False
2012-08-22,111.49870776591187,112.0112621080433,111.23850212251803,111.82990264892578,133243500,0.0,0.0,0.0,SPY,0.0004232994327499906,0.00042320986681968766,0.12297686874822955,0.11470773142415448,0.1544710563887149,,107.8670574951172,,False
2012-08-23,111.55393293739795,111.56181394775842,110.74174368342294,110.91522216796875,111466400,0.0,0.0,0.0,SPY,-0.008179211993312174,-0.008212845269073883,0.11379180287515189,0.12058617056806918,0.1556046053483969,,108.01326507568359,,False
2012-08-24,110.6391956346265,111.83777059715578,110.56823046744287,111.58543395996094,99481200,0.0,0.0,0.0,SPY,0.006042559162684036,0.006024376113402036,0.12052195573893743,0.11011991691349786,0.15566533248695977,,108.15091094970703,,False
2012-08-27,111.88510735924892,112.03493076926162,111.45141118081108,111.60911560058594,68785900,0.0,0.0,0.0,SPY,0.00021222878098492437,0.0002122062636430142,0.12075976274767064,0.092189751010366,0.15409319504057303,,108.26761428833008,,False
2012-08-28,111.32517123735924,111.84560631678544,111.15958591431252,111.49864959716797,75689600,0.0,0.0,0.0,SPY,-0.0009897578958809605,-0.000990248029663066,0.11965048192310546,0.09238701566570835,0.1508893813673266,,108.37800827026368,,False
2012-08-29,111.59332699991897,111.88508070861153,111.27790620342542,111.58543395996094,65421300,0.0,0.0,0.0,SPY,0.0007783445190279181,0.0007780417660200119,0.1205219557389372,0.08778336866333923,0.15073014150454334,,108.46963623046875,,False
2012-08-30,111.10444062757941,111.13598872691527,110.54458820115015,110.7811508178711,96589900,0.0,0.0,0.0,SPY,-0.007207778950597099,-0.0072338804876629645,0.11244548117268027,0.09239195735946958,0.14193082126038079,,108.54864791870118,,False
2012-08-31,111.41197237666688,111.82990649922637,110.67864147406847,111.3094711303711,151970400,0.0,0.0,0.0,SPY,0.004769045172392072,0.004757709303025583,0.11775078392421623,0.08856294645342744,0.14201003999797615,,108.68616821289062,,False
2012-09-04,111.2148512247965,111.54604615603228,110.4972942926557,111.20697021484375,120226200,0.0,0.0,0.0,SPY,-0.0009208642758467,-0.0009212885318287473,0.11672148715800068,0.05880796081622427,0.14158897638958137,,108.80555267333985,,False
2012-09-05,111.25427319696884,111.55392000500586,110.89155424920607,111.11234283447266,100660300,0.0,0.0,0.0,SPY,-0.0008509123141137165,-0.0008512745454962117,0.11577125509314246,0.05878856294104422,0.13510462861752967,,108.9567935180664,,False
2012-09-06,111.78257738501343,113.37541946073412,111.77469637642776,113.36753845214844,158272500,0.0,0.0,0.0,SPY,0.020296535561628914,0.02009330618382998,0.1384175460507837,0.08954633523919679,0.1404124992886059,,109.14272994995117,,False
2012-09-07,113.55675305846874,113.85639976553463,113.45425184189733,113.80908966064453,107272100,0.0,0.0,0.0,SPY,0.0038948645663896553,0.003887299219033946,0.14285152821265323,0.09004221100868343,0.1398848956140178,,109.31873001098633,,False
2012-09-10,113.69877678605624,113.89591038557931,113.1231500444313,113.16256713867188,86458500,0.0,0.0,0.0,SPY,-0.005680763495257368,-0.005696960401859122,0.13635925897068368,0.09323895490590985,0.13769627814570642,,109.48779296875,,False
2012-09-11,113.23351500433594,113.84067767026185,113.2019668986315,113.47795867919922,88760000,0.0,0.0,0.0,SPY,0.002787065975101699,0.002783189308074302,0.13952636719685274,0.0934246795082966,0.136226662418596,,109.61096252441406,,False
2012-09-12,113.85639953613281,113.9825678369665,113.47001362685641,113.85639953613281,87640900,0.0,0.0,0.0,SPY,0.003334928309765006,0.003329379768917784,0.14332660593854119,0.09357134847989886,0.13535662475233878,,109.735234375,,False
2012-09-13,113.8406627685551,115.9460473458479,113.54102799604654,115.5912094116211,225470200,0.0,0.0,0.0,SPY,0.015236823600220495,0.01512190902205879,0.1607472717506655,0.10524927028777828,0.13692721401945473,,109.88000900268554,,False
2012-09-14,115.81985657870409,116.789749852262,115.72522433420865,116.10372924804688,169777000,0.0,0.0,0.0,SPY,0.004433899766553173,0.004424098992736652,0.1658939088079081,0.10554947226392568,0.13593163624435617,,110.04481231689454,,False
2012-09-17,115.86720759423898,116.06434112777156,115.41773736238821,115.70950317382812,119427800,0.0,0.0,0.0,SPY,-0.003395464355641087,-0.0034012420270285097,0.16193515759809185,0.10536145476142979,0.136282430261821,,110.22223281860352,,False
2012-09-18,115.51236691085926,115.76469157113925,115.32311439159245,115.6148681640625,98326600,0.0,0.0,0.0,SPY,-0.0008178672206677895,-0.0008182018565340225,0.16098484892015086,0.1056903331089151,0.13531563255227663,,110.40044174194335,,False
2012-09-19,115.74890554400665,116.04855232715751,115.44927079293028,115.67794036865234,128318300,0.0,0.0,0.0,SPY,0.0005455371406066778,0.0005453883893178969,0.16161820927491832,0.10562289327994169,0.13519713716474602,,110.59852157592773,,False
2012-09-20,115.14961978254263,115.74890129476974,114.83421099338607,115.68582916259766,154009800,0.0,0.0,0.0,SPY,6.819618260989202e-05,6.819385735594576e-05,0.16169742720244096,0.10448787797394408,0.12633871086323772,,110.79644332885742,,False
2012-09-21,116.24790519471463,116.27168653177256,115.58992664473179,115.63748931884766,108737500,0.779,0.0,0.0,SPY,-0.00041785449523001894,-0.00041794182074669794,0.16121200671038727,0.10465343532728873,0.1258021720134188,,111.00365036010743,,False
2012-09-24,115.06670202237059,115.72468050937007,114.97949976273682,115.46307373046875,95682000,0.0,0.0,0.0,SPY,-0.0015082962230180685,-0.001509434846831608,0.15946055502654266,0.099195171371911,0.12081555960059942,,111.17204208374024,,False
2012-09-25,115.7088092536128,115.93077639429963,114.20258983175,114.23430633544922,133165200,0.0,0.0,0.0,SPY,-0.010642081102811285,-0.010699113034427518,0.1471214817644395,0.10701720529783147,0.12313473345158563,,111.32090576171875,,False
2012-09-26,114.21053689762034,114.24224130831875,113.32265614612346,113.5921859741211,146502200,0.0,0.0,0.0,SPY,-0.005621081634115566,-0.0056369393664762015,0.14067341827119395,0.10953216419403572,0.12298757245017303,,111.44225891113281,,False
2012-09-27,114.06784936086454,114.92401369957304,113.76660299271585,114.66240692138672,111830300,0.0,0.0,0.0,SPY,0.009421607112213293,0.009377500591705543,0.15142039506149052,0.11319157501251727,0.12375970578570883,,111.56908889770507,,False
2012-09-28,114.22639670206824,114.59898707788167,113.72697657200496,114.13127136230469,150696100,0.0,0.0,0.0,SPY,-0.0046321682349314,-0.004642929972522802,0.1460868220824345,0.11507631321490057,0.11478490093546438,,111.67961837768554,,False
2012-10-01,114.56728293579143,115.49479128960525,114.16297604822576,114.4325180053711,135911200,0.0,0.0,0.0,SPY,0.002639475048955786,0.0026359977521701757,0.14911188965325817,0.11110659355626339,0.11476076092276913,,111.81604431152344,,False
2012-10-02,114.8843575948253,115.06668516687701,114.02027030085989,114.55140686035156,113422200,0.0,0.0,0.0,SPY,0.0010389429250774462,0.0010384035973981225,0.15030575132113588,0.11050249728612364,0.11419620753510726,,111.97661087036133,,False
2012-10-03,114.86058826416568,115.28866436855654,114.25810764783304,115.01913452148438,121283100,0.0,0.0,0.0,SPY,0.004083124546021555,0.004074811214886779,0.1550025929697849,0.1105430067341768,0.11383108199532115,,112.16482650756836,,False
2012-10-04,115.4551183745195,116.01003619146401,115.2965721548641,115.84356689453125,124311600,0.0,0.0,0.0,SPY,0.00716778452973732,0.007142218059475313,0.16328140268748026,0.11175946730349151,0.11242624000149354,,112.3690574645996,,False
2012-10-05,116.46193251137639,116.66011835578497,115.50270770206507,115.85151672363281,124842100,0.0,0.0,0.0,SPY,6.86255552611037e-05,6.862320063541063e-05,0.16336123351966458,0.08988505121114564,0.11233465707412238,,112.53859420776367,,False
2012-10-08,115.42341949443889,115.83563726601561,115.19351718307709,115.45512390136719,78415400,0.0,0.0,0.0,SPY,-0.0034215591946994417,-0.0034274261148600515,0.15938072419435856,0.0905360255930031,0.11089841296065509,,112.66061874389648,,False
2012-10-09,115.36791033312255,115.46303564086817,114.27392090884564,114.31356048583984,148872900,0.0,0.0,0.0,SPY,-0.009887507604275592,-0.009936713626201287,0.14791733846763622,0.09531789207573242,0.11315773682159957,,112.75981201171875,,False
2012-10-10,114.2977538738071,114.4087495780573,113.4336663479343,113.58428955078125,124247500,0.0,0.0,0.0,SPY,-0.0063795662733200365,-0.006400002669499297,0.14059412373058877,0.0978024513605949,0.11353489034941233,,112.85971740722657,,False
2012-10-11,114.37700458861944,114.54348600724192,113.62390085818149,113.6476821899414,123601500,0.0,0.0,0.0,SPY,0.0005581109800560924,0.0005579552940470835,0.14123070183483022,0.0971023546517963,0.1090533600728357,,112.962783203125,,False
2012-10-12,113.72693960001564,114.11537600864142,113.02932174506219,113.27507019042969,124181900,0.0,0.0,0.0,SPY,-0.0032786590305375896,-0.003284045610117879,0.1374889954883327,0.08000577489305516,0.1091832060209941,,113.07337844848632,,False
2012-10-15,113.54459307854218,114.33733619426867,113.17993801923598,114.21842956542969,107689100,0.0,0.0,0.0,SPY,0.008328040524840041,0.008293553734644358,0.14696204993931916,0.08432885607449633,0.1095428901596932,,113.16010299682617,,False
2012-10-16,114.75753845177111,115.45515656457322,114.67827136387417,115.3758773803711,108815500,0.0,0.0,0.0,SPY,0.010133634469894126,0.010082633457123411,0.15858494410424462,0.0917129652840112,0.11032592635917311,,113.26571792602539,107.9018168258667,True
2012-10-17,115.45513641681639,115.99420816344751,115.28073191905071,115.8990707397461,128834100,0.0,0.0,0.0,SPY,0.004534685856820264,0.004524435146395692,0.16383876286419907,0.09306530023401637,0.11050465302531104,,113.37075653076172,107.98339496612549,True
2012-10-18,115.59782409667969,116.15274194078044,115.20937555765826,115.59782409667969,148108500,0.0,0.0,0.0,SPY,-0.002599215344382344,-0.0026025991693839692,0.1608136952933754,0.0935262192602244,0.1088097526248235,,113.46708999633789,108.06268604278564,True
2012-10-19,115.38380695820531,115.39173003771903,113.40194841236291,113.67147827148438,185645200,0.0,0.0,0.0,SPY,-0.016664204886626788,-0.016804614814389697,0.14146965803980427,0.10986871606261178,0.11230177928273824,,113.52300445556641,108.13101745605469,True
2012-10-22,113.48120351528509,113.89343343626315,112.79152068496481,113.68732452392578,125578600,0.0,0.0,0.0,SPY,0.00013940394444023063,0.00013939422861330712,0.14162878341259377,0.10991093511970698,0.11059941941099909,,113.57560791015625,108.20071678161621,True
2012-10-23,112.45858841788531,112.61713469160892,111.64206361671863,112.10977935791016,192056300,0.0,0.0,0.0,SPY,-0.013876174609805614,-0.013973348704421896,0.12578734307438078,0.11891544853938554,0.11462432421420261,,113.59776412963868,108.26131790161133,True
2012-10-24,112.51406614141833,112.64884316558637,111.61827431546564,111.79267883300781,120179400,0.0,0.0,0.0,SPY,-0.002828482285118117,-0.002832490000087896,0.12260307351768462,0.11423190380979949,0.11042388485044045,,113.6132633972168,108.31599864959716,True
2012-10-25,112.58541116876432,112.7915200799962,111.43593575896139,112.11768341064453,134457400,0.0,0.0,0.0,SPY,0.0029072080661221023,0.0029029903093724953,0.12586671422806872,0.11370729052453844,0.10447506053066265,,113.63274002075195,108.3720310974121,True
2012-10-26,112.01462829989285,112.44270435031196,111.29322900929705,112.05426788330078,146023500,0.0,0.0,0.0,SPY,-0.0005656157477985646,-0.0005657757687287272,0.1252299062845792,0.10772512068657204,0.10449037132858453,,113.63454650878906,108.42653568267822,True
2012-10-31,112.45063952477507,112.59332750948059,111.52311923897902,112.05426788330078,103438500,0.0,0.0,0.0,SPY,0.0,0.0,0.1252299062845792,0.10698938097325919,0.10340697613490654,,113.63335662841797,108.48365676879882,True
2012-11-01,112.29206531323534,113.37019650945156,112.18901692650861,113.22750854492188,100995600,0.0,0.0,0.0,SPY,0.01047028983173548,0.01041585597629952,0.13701138953071523,0.1134534117100869,0.10525822895861867,,113.65547409057618,108.54469161987305,True
2012-11-02,113.90135322200658,113.93306972840512,112.10183461373553,112.22074127197266,137702200,0.0,0.0,0.0,SPY,-0.008891543105444155,-0.008931308769075327,0.12690160374932202,0.11694034424427047,0.10591469999746761,,113.66423721313477,108.5951078414917,True
2012-11-05,112.05426618192682,112.70430937399742,111.72130336339774,112.45063781738281,98378500,0.0,0.0,0.0,SPY,0.002048610112572513,0.0020465145723510512,0.12921018577063714,0.1160454306211454,0.098551586549185,,113.6766519165039,108.64397918701172,True
2012-11-06,112.79150236556626,113.77450829553173,112.6725957232041,113.33057403564453,107068100,0.0,0.0,0.0,SPY,0.00782508872640375,0.007794631503418682,0.1380463556650513,0.11665262766093082,0.09962596617461689,,113.72495895385742,108.69533664703368,True
2012-11-07,112.30003970243699,112.31588586205109,110.23890189992908,110.76211547851562,264304500,0.0,0.0,0.0,SPY,-0.02266342140225175,-0.022924184119461524,0.11225433153131736,0.13851459699948762,0.10940388678160423,,113.70849258422851,108.73517944335937,True
2012-11-08,110.74624712849695,111.30910024742693,109.34308796701838,109.43029022216797,181517300,0.0,0.0,0.0,SPY,-0.012024194830460688,-0.012097070228920486,0.09888036874796091,0.14269107000715384,0.11199951629152587,,113.66491607666016,108.76894905090332,True
2012-11-09,109.0973785688072,110.54017783557957,109.04189280271272,109.52546691894531,201055300,0.0,0.0,0.0,SPY,0.0008697472754948254,0.0008693692645000199,0.09983611695477412,0.14053289154403562,0.1120001068951667,,113.62545242309571,108.79889877319336,True
2012-11-12,109.86630434810566,110.04070886292934,109.36688423411448,109.61263275146484,97677500,0.0,0.0,0.0,SPY,0.0007958499057030277,0.0007955333850909572,0.10071142142474132,0.13991083168044904,0.11195763922408528,,113.58599639892579,108.83193984985351,True
2012-11-13,109.03393083300641,110.38952748027314,108.89124281556008,109.23211669921875,123018300,0.0,0.0,0.0,SPY,-0.0034714616618037875,-0.00347750116616133,0.09689034392455587,0.13980355670866965,0.11214940277772247,,113.55501571655273,108.8633126449585,True
2012-11-14,109.56504934756822,109.7394417330833,107.51183514732239,107.75758361816406,191505000,0.0,0.0,0.0,SPY,-0.013499079992333685,-0.013591020922166136,0.08208333342909979,0.14548869970314907,0.1152410522271347,,113.4839779663086,108.88907024383545,True
2012-11-15,107.79720819914604,108.20151493996131,107.16301127136349,107.57524108886719,178128400,0.0,0.0,0.0,SPY,-0.001692154957213976,-0.001693588268565073,0.08025228075231916,0.1402831091685949,0.11522194971532748,,113.41134338378906,108.91411128997802,True
2012-11-16,107.73380921885563,108.3204436132778,106.78251968175964,108.10639953613281,239483900,0.0,0.0,0.0,SPY,0.004937552934014322,0.004925403196428638,0.08558608357062347,0.13530790923591252,0.11464620456574551,,113.35122451782226,108.93731719970702,True
2012-11-19,109.31931233480432,110.31024160577356,108.13813238544392,110.29439544677734,151495800,0.0,0.0,0.0,SPY,0.02023928204096026,0.020037190020428405,0.10755756649575088,0.15579871847274906,0.12190119995728738,,113.28976165771485,108.97064319610595,True
2012-11-20,110.11996706321146,110.5242617634823,109.46198871832227,110.34193420410156,119807400,0.0,0.0,0.0,SPY,0.0004310169807961728,0.00043092411965949847,0.10803494261411983,0.15608158632651342,0.1219069548003461,,113.22041854858398,108.99694305419922,True
2012-11-21,110.43706634945222,110.64318734752169,110.21509919484102,110.54804992675781,81710800,0.0,0.0,0.0,SPY,0.0018679727171992955,0.0018662302257767052,0.11010472165662644,0.1473517085895783,0.12184301803935292,,113.1681282043457,109.024624710083,True
2012-11-23,111.08712011039934,112.09389537040619,111.01576402174403,112.05426788330078,65409200,0.0,0.0,0.0,SPY,0.013625007022203484,0.013533021210396337,0.1252299062845792,0.1561372798407236,0.1249163419002875,,113.13965438842773,109.05851001739502,True
2012-11-26,111.49937785936308,112.06223111430475,111.13472259247709,111.81648254394531,100124400,0.0,0.0,0.0,SPY,-0.0021220551777921814,-0.0021243099272475335,0.12284210633574144,0.14871760304634885,0.12387512787377825,,113.09885604858398,109.0896439743042,True
2012-11-27,111.7054897039294,112.08600319769891,111.17435300945994,111.24569702148438,128646200,0.0,0.0,0.0,SPY,-0.005104663547582211,-0.005117736851404714,0.11711037516583889,0.149454290144392,0.12372911087820303,,113.01194580078125,109.11726024627686,True
2012-11-28,110.79378350847885,112.20486541424644,110.19130304076607,112.1414566040039,177086500,0.0,0.0,0.0,SPY,0.008052082970422925,0.008019837927863179,0.12610544059379447,0.1518418300535501,0.12477760616976791,,112.9327003479004,109.15326049804688,True
2012-11-29,112.56163969386304,112.97385755242576,112.07013056049315,112.66468811035156,151085900,0.0,0.0,0.0,SPY,0.00466581692616419,0.004654965742370042,0.13135964241916254,0.1526522403379086,0.12508804625922643,,112.87180404663086,109.18797172546387,True
2012-11-30,112.68053059609665,112.90249774927598,112.3000172044039,112.6884536743164,136568300,0.0,0.0,0.0,SPY,0.00021094066262872246,0.00021091841777532176,0.13159829217180574,0.15264871633170016,0.12508245168743173,,112.81327575683594,109.2234655380249,True
2012-12-03,113.20373788309253,113.2988632017413,112.0463274222239,112.13352966308594,124656300,0.0,0.0,0.0,SPY,-0.004924408784898859,-0.004936573638746497,0.12602583960085845,0.14901363921484206,0.12461629729313461,,112.74238754272461,109.25864524841309,True
2012-12-04,112.12566748435849,112.46654145885753,111.67379778274788,111.97504425048828,127512200,0.0,0.0,0.0,SPY,-0.0014133632738917434,-0.0014143630138719499,0.12443435603371356,0.14587568465069825,0.12431265766212397,,112.66817184448242,109.28721343994141,True
2012-12-05,112.07014961372863,112.69642377998383,111.27740607914176,112.17321014404297,147300500,0.0,0.0,0.0,SPY,0.0017697326657124535,0.0017681685339831867,0.12642430424403583,0.14582798501983382,0.12433713505931726,,112.59888626098633,109.3153666305542,True
2012-12-06,112.07011416233617,112.601250710937,111.90364484666412,112.5536880493164,103220600,0.0,0.0,0.0,SPY,0.003391878549119376,0.003386139103746029,0.1302449986788079,0.14359249139691288,0.12448535172411404,,112.54069854736328,109.34518810272216,True
2012-12-07,112.98970235219932,113.1165441841774,112.3079426256957,112.89457702636719,108726400,0.0,0.0,0.0,SPY,0.003028678872800894,0.0030241016645441055,0.13366814782739533,0.11854684365898994,0.11778472807280042,,112.51390396118164,109.37843223571777,True
2012-12-10,112.73606784635243,113.21170672818147,112.68849307149335,112.94217681884766,98840700,0.0,0.0,0.0,SPY,0.00042163046033061313,0.0004215415991849069,0.13414613685042598,0.10884711659207473,0.1175177445128509,,112.50090377807618,109.40957130432129,True
2012-12-11,113.40988183759683,114.242264922045,113.35439608332999,113.71112823486328,152570400,0.0,0.0,0.0,SPY,0.0068083636925908575,0.006785291448125461,0.1418678162306506,0.11032881844323382,0.11775897619279332,,112.4818782043457,109.44338371276855,True
2012-12-12,114.15506549604994,114.59107684602523,113.60807053847242,113.76661682128906,145880100,0.0,0.0,0.0,SPY,0.0004879785055968977,0.0004878594828047374,0.1424250231812041,0.11036963768047993,0.11763576277515658,,112.4745851135254,109.47657516479492,True
2012-12-13,113.69525456508985,114.0202822553094,112.7836045129467,113.0689926147461,135715000,0.0,0.0,0.0,SPY,-0.006132064273642213,-0.006150942594722271,0.13541959951123972,0.11233678964704663,0.11808982485871972,,112.44731460571289,109.50471649169921,True
2012-12-14,112.82323873222131,113.02934764737188,112.47442972480995,112.64883422851562,137701700,0.0,0.0,0.0,SPY,-0.003715947020612953,-0.0037228683031424585,0.13120044043329027,0.10014287443050034,0.11411294922210062,,112.40926315307617,109.53286567687988,True
2012-12-17,112.94212580734992,114.03611530516652,112.91040930510229,113.97269439697266,143238200,0.0,0.0,0.0,SPY,0.011752098257594934,0.011683578661081944,0.14449441915829686,0.10440774280926657,0.11628666680652903,,112.38833435058594,109.56486148834229,True
2012-12-18,114.1550570968644,115.34417227495673,113.98857564955722,115.2411117553711,177762800,0.0,0.0,0.0,SPY,0.011129133737774799,0.01106766060355034,0.15723165061124633,0.10815916272510646,0.11830946659765605,,112.37628524780274,109.6048397064209,True
2012-12-19,115.36794728237821,115.40758687206791,114.34531360768898,114.38494110107422,150895400,0.0,0.0,0.0,SPY,-0.007429385583456738,-0.0074571209249485425,0.14863413046947538,0.09441264655374541,0.11922225466821403,,112.34695373535156,109.64272392272949,True
2012-12-20,114.45629298513455,115.05877359879092,114.13918837560172,115.04291534423828,168487000,0.0,0.0,0.0,SPY,0.005752280298703338,0.005735799107137452,0.1552413959485932,0.09526985727650883,0.11979768483535985,,112.33870956420898,109.69170829772949,True
2012-12-21,113.5036742853926,115.03653529406722,113.32005354626448,113.9986572265625,245883800,1.022,0.0,0.0,SPY,-0.009077118000279216,-0.009118566045724504,0.14475513347876046,0.10272243976821346,0.12114682608285314,,112.33241149902344,109.73180068969727,True
2012-12-24,113.751202102971,113.81507285483649,113.51968128679637,113.64742279052734,53874600,0.0,0.0,0.0,SPY,-0.0030810401155612066,-0.00308579629148303,0.1412280969900177,0.0937549207324319,0.12128290593973948,,112.33367416381836,109.7648649597168,True
2012-12-26,113.87887225043262,113.93476369158107,112.84898595441449,113.16832733154297,106947700,0.0,0.0,0.0,SPY,-0.0042156297716264834,-0.004224540590772736,0.13641710184812994,0.09482031234732008,0.12151800750774593,,112.32408706665039,109.7934637451172,True
2012-12-27,113.20028332375456,113.43181623161793,111.7073431509422,113.01666259765625,167920600,0.0,0.0,0.0,SPY,-0.001340169440186112,-0.0013410682703965864,0.1348941103769281,0.09284816466812226,0.11970768057684793,,112.31891891479492,109.82126522064209,True
2012-12-28,112.2821543331446,112.90487861995317,111.66740931797929,111.79515075683594,148806700,0.0,0.0,0.0,SPY,-0.010808245551976237,-0.010867078945816209,0.12262789615648262,0.0970960859002081,0.12111394215830866,,112.27045333862304,109.83327419281005,True
2012-12-31,111.4997534803841,113.81500907306567,111.40394131522872,113.69525909423828,243935200,0.0,0.0,0.0,SPY,0.016996339506131664,0.01685351775427347,0.14170846101861256,0.11288129343744793,0.12446705880581337,,112.2368409729004,109.85536952972411,True
2013-01-02,115.85086884465417,116.68116396755626,115.54748592373991,116.60931396484375,192059000,0.0,0.0,0.0,SPY,0.025630399137312354,0.025307447089495536,0.17097090457296615,0.1426110326323114,0.13431838531097828,,112.25104583740234,109.88887168884277,True
2013-01-03,116.55345392323169,116.85682471211076,116.03450872644979,116.34587097167969,144761800,0.0,0.0,0.0,SPY,-0.0022591934057984986,-0.002261749233352325,0.16832545482697303,0.14135193060700377,0.13434019922638718,,112.26600677490234,109.9202959060669,True
2013-01-04,116.53743199727013,117.0483855132373,116.29791987182774,116.85677337646484,116817700,0.0,0.0,0.0,SPY,0.004391237957293015,0.0043816246046324584,0.17345584991068086,0.1411218380999501,0.13458239208497635,0.12848429529770616,112.32971267700195,109.95211727142333,True
2013-01-07,116.44165270339714,116.6492234185351,116.10632835895866,116.5374526977539,110002500,0.0,0.0,0.0,SPY,-0.0027325816851215823,-0.002736322001822329,0.17024928594691624,0.14210157737486204,0.13450461913061812,0.12852600027764702,112.38671524047851,109.98395015716552,True
2013-01-08,116.32988989339242,116.48956062221008,115.74707406916917,116.2021484375,121265100,0.0,0.0,0.0,SPY,-0.0028772231801181825,-0.002881370343518995,0.16688221757487298,0.14290559153807392,0.13390178146223855,0.12855830919638825,112.46856262207031,110.01500846862793,True
2013-01-09,116.4576302328339,116.81690463443105,116.27400948635099,116.49755096435547,90745600,0.0,0.0,0.0,SPY,0.002542143418409859,0.002538917637605029,0.1698485995243404,0.14285245496646704,0.13399198054591188,0.12853207287033222,112.56266006469727,110.0515054321289,True
2013-01-10,117.14418927894604,117.4316014023531,116.537435766017,117.42362213134766,130735400,0.0,0.0,0.0,SPY,0.007949275837356717,0.007917846793079298,0.17914804872990486,0.14448368217199636,0.13469733344959076,0.12872725749247202,112.66877883911133,110.09086769104005,True
2013-01-11,117.3916872355224,117.47950794985675,117.04839583172961,117.4156494140625,113917300,0.0,0.0,0.0,SPY,-6.789704780385541e-05,-6.78993529127463e-05,0.17906798805847246,0.14349680376052432,0.13309982445597746,0.12847838787404073,112.77600646972657,110.12250244140625,True
2013-01-14,117.27192945725639,117.41564160847425,116.90467589933787,117.33580017089844,89567200,0.0,0.0,0.0,SPY,-0.0006800562238724606,-0.0006802875669964413,0.1782661555348246,0.14366435573916367,0.13239573502912147,0.12848509751919188,112.88163711547851,110.15546379089355,True
2013-01-15,116.79291296017736,117.52742012484316,116.72106297083847,117.4156494140625,93172600,0.0,0.0,0.0,SPY,0.0006805190150640517,0.0006802875669963746,0.17906798805847246,0.14101163590260787,0.13239599148309614,0.12847284064807682,112.96539993286133,110.19156993865967,True
2013-01-16,117.17615489490788,117.58331707784019,117.04841343991497,117.39969635009766,104849500,0.0,0.0,0.0,SPY,-0.00013586829391531996,-0.00013587752484810255,0.1789077901025249,0.13977579492882583,0.13217541723118212,0.1283433008124401,113.06897903442383,110.22853775024414,True
2013-01-17,117.91866036166273,118.49348487864512,117.47955660812077,118.15817260742188,133833500,0.0,0.0,0.0,SPY,0.00646063218990256,0.006439851760873205,0.18652427972018826,0.13628510902517849,0.13178393554346604,0.12843452180562975,113.1831297302246,110.26702278137208,True
2013-01-18,118.13423383234792,118.54938761899345,117.70310931257369,118.42164611816406,169906000,0.0,0.0,0.0,SPY,0.0022298373860061282,0.002227354988166217,0.18917003591851222,0.13199031419983429,0.13039389165192117,0.1280194167413251,113.284951171875,110.30278533935547,True
2013-01-22,118.42156208916286,119.06025695800783,118.14212927713965,119.06025695800781,111797300,0.0,0.0,0.0,SPY,0.005392686732343943,0.0053781982617620286,0.19558285739371106,0.12870134712383027,0.1305144562214328,0.12802373302928444,113.45091400146484,110.34401592254639,True
2013-01-23,119.06027686582813,119.35566826694802,118.84471472285485,119.25187683105469,104596100,0.0,0.0,0.0,SPY,0.001609436078358728,0.0016081423240707673,0.19750707157906766,0.12795329295143223,0.13038480066479835,0.12798963645829067,113.64734573364258,110.3916960144043,True
2013-01-24,119.07628392595767,119.86667065084134,118.9645131733366,119.28386688232422,146426400,0.0,0.0,0.0,SPY,0.00026825616602121904,0.0002682201917693143,0.1978283102348728,0.1219502038292505,0.12562133280222462,0.12795010353941055,113.84251373291016,110.43981048583984,True
2013-01-25,119.65909914195711,119.9544906616211,119.25192468825995,119.9544906616211,147211600,0.0,0.0,0.0,SPY,0.005622082824984664,0.005606337902612283,0.20456260020512462,0.12093442288902707,0.12598290999332803,0.12803522155057484,114.04935089111328,110.49743598937988,True
2013-01-28,119.98635920280522,120.01830064838795,119.36363501695551,119.81072998046875,113357700,0.0,0.0,0.0,SPY,-0.0011984601856872557,-0.0011991789133973451,0.20311897988761096,0.1192307055514714,0.1224481197386451,0.12781345837673067,114.26092315673829,110.5634428024292,True
2013-01-29,119.57126179668701,120.43349841281888,119.49142033548908,120.28180694580078,105694400,0.0,0.0,0.0,SPY,0.003931842877585634,0.0039241333851131825,0.20784945467957017,0.11834939126804263,0.1223164929200257,0.12772597272723296,114.51140762329102,110.62749038696289,True
2013-01-30,120.26579203223947,120.50530414574139,119.69894710302134,119.81072998046875,137447700,0.0,0.0,0.0,SPY,-0.003916444035001021,-0.0039241333851130515,0.20311897988761118,0.11035791828875814,0.122688257307603,0.1278028573343821,114.75611740112305,110.68216163635253,True
2013-01-31,119.66704942251401,120.0582530505515,119.43552870035002,119.5153579711914,108975800,0.0,0.0,0.0,SPY,-0.0024653218399177668,-0.0024683657496455233,0.20015290439047462,0.10009663742134658,0.12285075288889179,0.12777620868819392,114.98429656982422,110.74182777404785,True
2013-02-01,120.27382786868309,120.88857307330456,120.0662571031411,120.744873046875,131173000,0.0,0.0,0.0,SPY,0.010287506949357539,0.01023495069099755,0.21249948573468336,0.06214428516380981,0.12420776420750708,0.1281356857755182,115.19330612182617,110.80799457550049,True
2013-02-04,120.01031721793701,120.76876206599184,119.299760172412,119.38758087158203,159073600,0.0,0.0,0.0,SPY,-0.011240992193234156,-0.01130464964415793,0.19886978848123937,0.07562353083991033,0.12521923096789808,0.1284302989430822,115.37421905517579,110.85941246032715,True
2013-02-05,120.03430888518764,120.93645400032452,119.98639670183968,120.5931625366211,113912400,0.0,0.0,0.0,SPY,0.010098049196053616,0.010047404553298264,0.21097603458498537,0.0810113743972956,0.12496054293696154,0.12877747838812836,115.57512130737305,110.9187018585205,True
2013-02-06,120.17001564749326,120.76079850372325,120.08219492804089,120.68096923828125,138762800,0.0,0.0,0.0,SPY,0.0007281233845533031,0.0007278584313263625,0.2118577745539003,0.07960131298369298,0.12495085152450683,0.12807454373105528,115.74765533447265,110.98192111968994,True
2013-02-07,120.72086214270537,120.83263283424296,119.64306375980658,120.52127075195312,162490000,0.0,0.0,0.0,SPY,-0.0013233112671875435,-0.00132418761674996,0.2102541095066044,0.07865752167788212,0.12430303815125682,0.12808263552500754,115.92175109863281,111.04343990325928,True
2013-02-08,120.72884864451115,121.26375214191718,120.72884864451115,121.19190216064453,103133700,0.0,0.0,0.0,SPY,0.0055644236449485796,0.005548999431151388,0.2169884760899392,0.07972996120383596,0.11492147671460197,0.12816498268372137,116.12067520141602,111.1128617477417,True
2013-02-11,121.14404926451068,121.27177855350467,120.86461631926088,121.16799926757812,73775000,0.0,0.0,0.0,SPY,-0.00019723176747177273,-0.00019725122021466404,0.2167484473018073,0.07687881871473659,0.11167152963951758,0.12814513038016997,116.3012060546875,111.18012447357178,True
2013-02-12,121.17597964952088,121.59113334331566,121.04025890353164,121.36759185791016,65392700,0.0,0.0,0.0,SPY,0.001647238474997481,0.001645883265731844,0.2187527221585963,0.07666539044216163,0.1116604782700178,0.12814779723863526,116.47526412963867,111.24101104736329,True
2013-02-13,121.61505616383509,121.83859759927577,121.12805256903336,121.47134399414062,82322600,0.0,0.0,0.0,SPY,0.0008548586541285985,0.0008544934705747242,0.21979458347037628,0.07627645793689071,0.11165869483206682,0.12789809954772297,116.65092193603516,111.2986116027832,True
2013-02-14,121.10414048029011,121.72686498567676,120.96841972215182,121.5831527709961,80834300,0.0,0.0,0.0,SPY,0.0009204539373570686,0.0009200305793994195,0.22091734819749842,0.07624208591086513,0.1111834300422228,0.12771459994266368,116.83991439819336,111.35586902618408,True
2013-02-15,121.69489332932584,121.8226347813255,120.99233970751844,121.43942260742188,215226500,0.0,0.0,0.0,SPY,-0.0011821552599885488,-0.0011828545566904176,0.21947403433231538,0.07664001362421194,0.10697753541220226,0.12771355631812775,117.02920196533204,111.41444732666015,True
2013-02-19,121.64697501234116,122.37349070633077,121.47932504117034,122.34954071044922,95105400,0.0,0.0,0.0,SPY,0.0074944205389504415,0.007466476896766565,0.22861328558193228,0.0775405259299617,0.10729360662223643,0.12779050090843477,117.23272857666015,111.47416400909424,True
2013-02-20,122.26174510149028,122.30166583018739,120.76081341357023,120.8246841430664,160574800,0.0,0.0,0.0,SPY,-0.012463116400179386,-0.012541432423540957,0.21330093519291782,0.09163414281110636,0.11098211938688793,0.1280276351742268,117.39814849853515,111.52790344238281,True
2013-02-21,120.5213344146656,120.88857594566554,119.70699769925554,120.0902099609375,183257000,0.0,0.0,0.0,SPY,-0.006078842145030849,-0.006097393524757114,0.20592547033346187,0.0932647018868662,0.10554976365398792,0.1281808907437351,117.54206115722656,111.5821675491333,True
2013-02-22,120.6729608429572,121.26375579833984,120.14604878231086,121.26375579833984,106356600,0.0,0.0,0.0,SPY,0.009772202395050167,0.009724763231586216,0.21771001810290658,0.09869733202205483,0.10685616089632426,0.1285152326064322,117.70849273681641,111.65112487792969,True
2013-02-25,121.85462348078745,122.03824427542074,118.95655059814453,118.95655059814453,245824800,0.0,0.0,0.0,SPY,-0.019026337960636575,-0.019209667851233358,0.1945414557604277,0.120310341601609,0.11448001911119951,0.1299440575421843,117.81340118408202,111.70815406799316,True
2013-02-26,119.53133132388324,119.91454350578768,118.7409447779907,119.77084350585938,186596200,0.0,0.0,0.0,SPY,0.006845296905638065,0.006821974234022592,0.20271844669120087,0.12111573281299737,0.1122684214671108,0.1300407329245043,117.93348571777344,111.77141201019288,True
2013-02-27,119.66702215952702,121.6150362192644,119.56323073077448,121.27972412109375,150781900,0.0,0.0,0.0,SPY,0.012598062859602077,0.012519367515699363,0.21787036928501968,0.12865523446533506,0.11440062710427078,0.13059248965735656,118.09770034790039,111.84539119720459,True
2013-02-28,121.27174285683773,122.04615854699301,120.88055146715287,121.04022216796875,126866000,0.0,0.0,0.0,SPY,-0.0019747897256582325,-0.0019767421937879753,0.21546533139257207,0.12836143010150525,0.1138566276468316,0.1306113962041289,118.26552810668946,111.91707466125489,True
2013-03-01,120.62508607854326,121.62304333086179,120.08220318068774,121.43942260742188,170634800,0.0,0.0,0.0,SPY,0.0032980808552973695,0.0032926541152447086,0.2194740343323156,0.12778542696481382,0.11311644117517894,0.13061899430547919,118.41486267089844,111.99236228942871,True
2013-03-04,121.16000560070998,122.08611297607422,120.968405579667,122.08611297607422,99010200,0.0,0.0,0.0,SPY,0.005325209514071005,0.005311080722872825,0.2259679890621047,0.12822278805254197,0.11320407761368927,0.1306304989868073,118.5517626953125,112.07676681518555,True
2013-03-05,122.67687797420174,123.50717295283165,122.66090724900867,123.17984008789062,121431900,0.0,0.0,0.0,SPY,0.008958652914363485,0.00891876225073265,0.23695101076023217,0.12709355643402886,0.11420932996529148,0.13081922796464157,118.72766067504882,112.16966041564942,True
2013-03-06,123.61895272921933,123.68282345258088,123.07606985378847,123.3475112915039,94469900,0.0,0.0,0.0,SPY,0.001361190301056192,0.0013602647213698694,0.23863473647896072,0.11906675188513396,0.11347529342316484,0.13077099717868854,118.89375259399414,112.26539264678955,True
2013-03-07,123.5071818280015,123.73072326839215,123.36348183721961,123.57105255126953,86101400,0.0,0.0,0.0,SPY,0.0018122883666240597,0.0018106481534559938,0.240879499802378,0.11498939608262954,0.11331743911089169,0.1306925702177981,119.08520050048828,112.36996963500977,True
2013-03-08,124.11398556276762,124.26566487205687,123.47529031686564,124.09801483154297,123477800,0.0,0.0,0.0,SPY,0.004264447614499289,0.004255380625763549,0.24617116542519124,0.11546299219906182,0.11344326287236443,0.1298438171861444,119.2942123413086,112.48157440185547,True
2013-03-11,124.00219019838,124.57700240530366,123.85049873709754,124.56902313232422,83746800,0.0,0.0,0.0,SPY,0.003795453951625394,0.0037882693896538005,0.250900950699406,0.11532797588441855,0.11347160725288388,0.12972809126617363,119.52222625732422,112.58678745269775,True
2013-03-12,124.48118583430444,124.6248980034812,123.91435297579847,124.2895736694336,105755800,0.0,0.0,0.0,SPY,-0.0022433302908202446,-0.002245850325769666,0.24809476670588615,0.11511714480483157,0.11369834114045123,0.12942558088673922,119.74768447875977,112.68970111846924,True
2013-03-13,124.35342400315568,124.6408361122931,123.93029120110512,124.46519470214844,92550900,0.0,0.0,0.0,SPY,0.001412998914791741,0.0014120015712115283,0.2498583232567988,0.11500108627153702,0.11367554256558551,0.12938712692690196,120.00108535766601,112.79321842193603,True
2013-03-14,124.79255647758065,125.18376010585195,124.4732150298335,125.12786865234375,126329900,0.0,0.0,0.0,SPY,0.005324170759392732,0.005310047469946219,0.2565127823948663,0.11584150936134305,0.11343597380678157,0.12947150645171904,120.22973754882813,112.89902908325195,True
2013-03-15,124.97870350087169,125.13105737212858,124.54566169669684,124.96266174316406,138601100,0.694,0.0,0.0,SPY,-0.0013203046688080589,-0.0013211770389647682,0.2548538027018534,0.1162336859109728,0.11356203379974954,0.12830303210502256,120.39680450439454,113.00570041656493,True
2013-03-18,123.76782929912663,124.81032353014926,123.65556144263365,124.27304077148438,126704300,0.0,0.0,0.0,SPY,-0.005518616217515149,-0.005533900036282531,0.24792874615565252,0.11866639447479935,0.11340062204804689,0.12843683743992895,120.55534790039063,113.10264793395996,True
2013-03-19,124.53767664008498,124.70607230921439,123.16639358149423,123.9843521118164,167567300,0.0,0.0,0.0,SPY,-0.0023230191993033333,-0.002325721594358417,0.24502978371897033,0.11900445543783526,0.113172911163545,0.1283603030535605,120.69789947509766,113.20576122283936,True
2013-03-20,124.71411657778596,125.0589349626995,124.50561035780984,124.8504409790039,113759300,0.0,0.0,0.0,SPY,0.006985469153449442,0.006961183794627381,0.253726900868265,0.1186678809147325,0.11181950634692729,0.12852067664213582,120.86415924072266,113.31434253692628,True
2013-03-21,124.1046133813543,124.8103039320885,123.57535770458038,123.78385162353516,128605000,0.0,0.0,0.0,SPY,-0.008542936229180897,-0.008579636275811096,0.24301639190533875,0.11374266845303911,0.11183603958929592,0.12879490802221819,121.01579330444336,113.43057376861572,True
2013-03-22,124.17679130540225,124.77822875976562,124.0805529920362,124.77822875976562,111163600,0.0,0.0,0.0,SPY,0.008033173335522559,0.008001079162734796,0.25300175804041025,0.11290127634353345,0.1112834330472778,0.1289701751620829,121.18140686035156,113.5520122909546,True
2013-03-25,125.10700289483604,125.3155090396094,123.77583065400573,124.25697326660156,151322300,0.0,0.0,0.0,SPY,-0.004177455461141677,-0.0041862054050426315,0.24776739900346412,0.11089048380325121,0.11147885574215652,0.1290379692798248,121.31807388305664,113.6670397567749,True
2013-03-26,124.77018036854382,125.28340641881493,124.63385603728305,125.25133514404297,86856600,0.0,0.0,0.0,SPY,0.008002463373286473,0.007970613468895578,0.2577526119123703,0.08542143320200436,0.11027624848176083,0.12902049388222028,121.47478759765625,113.77566436767579,True
2013-03-27,124.50554646564672,125.29143341471361,124.29705258894333,125.25133514404297,99950600,0.0,0.0,0.0,SPY,0.0,0.0,0.2577526119123703,0.08428970964346288,0.10992547314296874,0.12899419056288447,121.63309829711915,113.88397521972657,True
2013-03-28,125.17114793168727,125.78061232424605,124.89849924884527,125.63626098632812,102932800,0.0,0.0,0.0,SPY,0.003073227457755179,0.0030685147472703893,0.26161797177436275,0.0753970774053353,0.10933176954107296,0.1283088798722695,121.79751052856446,113.99009212493897,True
2013-04-01,125.57212874004023,125.82874794851026,124.83436687010494,125.13909912109375,99194100,0.0,0.0,0.0,SPY,-0.003957152667003361,-0.003965002912207931,0.25662555685261657,0.07690960351993227,0.10975043056772253,0.12833582340228744,121.95229858398437,114.10035194396973,True
2013-04-02,125.58816865546578,126.06932354614297,125.39570425193946,125.75657653808594,101504300,0.0,0.0,0.0,SPY,0.004934328449932801,0.004922194550035413,0.2628261600887072,0.07757127796209169,0.10697279734863137,0.12829330810583867,122.10426666259765,114.20777645111085,True
2013-04-03,125.8287017068901,125.92492775656494,124.15269941493148,124.48147583007812,154167400,0.0,0.0,0.0,SPY,-0.01013943559143915,-0.010191189804710206,0.25002181557530334,0.08640089808496333,0.10515104904850289,0.1287190860798138,122.22546325683594,114.31215961456299,True
2013-04-04,124.64191716916874,125.23533998156044,124.3692684052099,124.98674774169922,131885000,0.0,0.0,0.0,SPY,0.00405901286317345,0.004050797294357855,0.25509567020397084,0.08223804805719451,0.09316582583753205,0.1287169277377734,122.34399307250976,114.41357765197753,True
2013-04-05,123.45510545586407,124.57779646807347,123.31076628593652,124.42543029785156,159666000,0.0,0.0,0.0,SPY,-0.0044910156795797684,-0.004501130585993522,0.2494590158697121,0.0841280083863691,0.09360064805285115,0.12863291449911224,122.4474641418457,114.50683506011963,True
2013-04-08,124.51362180640955,125.2754402998457,124.09662165482005,125.26742553710938,86571200,0.0,0.0,0.0,SPY,0.00676706712801578,0.0067442733030400916,0.257914188903807,0.08686188911359913,0.09406138570124528,0.12870417068816023,122.56713531494141,114.60327743530273,True
2013-04-09,125.49996790056974,126.15754549077859,125.08296777595628,125.70044708251953,101922200,0.0,0.0,0.0,SPY,0.0034567769198854403,0.0034508159996463035,0.26226251763920616,0.08648427303775534,0.09384499780614707,0.12831012800935937,122.68205444335938,114.6967594909668,True
2013-04-10,126.0372297826512,127.40048554705663,126.00515850280894,127.24010467529297,135711100,0.0,0.0,0.0,SPY,0.012248624635063488,0.012174217208601339,0.2777234974086791,0.09493320176658049,0.0960121775671616,0.12883541572095167,122.83064193725586,114.79880718231202,True
2013-04-11,127.26420659172871,128.0741504729128,127.1358969540369,127.65715026855469,110142500,0.0,0.0,0.0,SPY,0.003277626926871724,0.0032722672159644804,0.28191139834888257,0.09446150840807117,0.09605714500961637,0.12831106371448014,122.97814880371094,114.91492565155029,True
2013-04-12,127.24819065017469,127.53688127542443,126.63873810188437,127.34442901611328,116359900,0.0,0.0,0.0,SPY,-0.0024496963294537988,-0.002452701744746895,0.27877110470166233,0.09534211235744257,0.09545631979615705,0.12714745782983908,123.12882278442383,115.02545906066895,True
2013-04-15,126.70284225449205,126.8070953441079,124.37728865192719,124.39331817626953,217259000,0.0,0.0,0.0,SPY,-0.023174243762719593,-0.02344698855898726,0.2491365514045838,0.1257269660057626,0.10726414740857101,0.12915993188914163,123.22638198852539,115.12967414855957,True
2013-04-16,125.33158869609939,126.2938987787839,125.02686859044489,126.22974395751953,147507800,0.0,0.0,0.0,SPY,0.014763058082008174,0.014655144929027142,0.26757762686532915,0.13593265697169538,0.11070802168521746,0.1293352702878241,123.33607940673828,115.24046928405761,True
2013-04-17,125.3315708889793,125.35563965027961,123.719722531172,124.38531494140625,226834800,0.0,0.0,0.0,SPY,-0.014611683096925177,-0.01471948513996693,0.24905618428082055,0.1444043007361622,0.1151273798618382,0.12962805297533142,123.43603408813476,115.33735042572022,True
2013-04-18,124.59376046746398,124.62584397920567,123.13427882635433,123.60740661621094,167583200,0.0,0.0,0.0,SPY,-0.006254020625841239,-0.006273658934576339,0.24124456114149373,0.14586410461861943,0.11600703916224685,0.12980366479549496,123.49631896972656,115.43184036254883,True
2013-04-19,123.89617737292676,124.73819267611574,123.59144499516937,124.68205261230469,149687600,0.0,0.0,0.0,SPY,0.008694025912463488,0.008656450499860616,0.25203597351976215,0.14702596654975905,0.11653131134246503,0.12927360034011992,123.57634063720702,115.51865322113036,True
2013-04-22,124.92255882198039,125.53201099317408,124.09658575675026,125.23530578613281,106553500,0.0,0.0,0.0,SPY,0.0044373120448093495,0.004427496202309986,0.25759164782559596,0.14440106807281583,0.1167187217467843,0.12927060125845644,123.67062133789062,115.60661571502686,True
2013-04-23,125.86083582872733,126.64671084481493,125.23534172094429,126.52642822265625,166141300,0.0,0.0,0.0,SPY,0.010309572276114398,0.010256791093504906,0.27055687981269183,0.1460840623592227,0.11789372790866703,0.129441666896771,123.77731185913086,115.69748546600341,True
2013-04-24,126.56654538463178,126.94344730531115,126.33398263206921,126.60664367675781,96781200,0.0,0.0,0.0,SPY,0.0006339818109810658,0.0006337809294117617,0.27136238976431004,0.1450054300644129,0.11788914304645202,0.12943770018925482,123.88608474731446,115.79120086669921,True
2013-04-25,126.97548353536465,127.72127240687502,126.78303136435093,127.11983489990234,131060600,0.0,0.0,0.0,SPY,0.004053430438095917,0.004045237421357547,0.276515768772831,0.143213576767747,0.11803953880687017,0.12916109260621333,124.0011296081543,115.89260765075683,True
2013-04-26,126.96746375072819,127.18398467083027,126.48630886967396,126.89529418945312,95918800,0.0,0.0,0.0,SPY,-0.0017663703750561144,-0.0017679322467072471,0.2742609691355786,0.14345975419870363,0.11779791306870323,0.12914711098905313,124.10960861206054,115.99356201171875,True
2013-04-29,127.24012698085843,128.02600195565992,127.03964779694023,127.7453384399414,88572800,0.0,0.0,0.0,SPY,0.006698784662724888,0.006676447503803079,0.28279696897193296,0.1447718895692554,0.1182784306562268,0.12862821319871523,124.23285232543945,116.10341896057129,True
2013-04-30,127.72127229084943,128.08213234744974,127.1920043484877,128.050048828125,116010700,0.0,0.0,0.0,SPY,0.002385295556806888,0.00238245525510293,0.28585681888230696,0.14379163437631962,0.11816543992376377,0.12848392602990277,124.36506484985351,116.21472049713135,True
2013-05-01,127.7694061456525,127.83356095847464,126.78305190060581,126.9273910522461,138874200,0.0,0.0,0.0,SPY,-0.008767335789038211,-0.008805995002190224,0.2745832803745414,0.14702713912473303,0.1193813386853927,0.12882344425096656,124.45662185668945,116.32297176361084,True
2013-05-02,127.24815953013973,128.21848429990015,127.1278768974868,128.10621643066406,96407600,0.0,0.0,0.0,SPY,0.009287399422972076,0.009244536713301601,0.2864208443972218,0.14472666708361862,0.1203273264212517,0.12904294549157594,124.6022525024414,116.42828540802002,True
2013-05-03,129.22085128895387,129.81427402786017,128.13024413189305,129.40528869628906,144202300,0.0,0.0,0.0,SPY,0.010140587255015099,0.010089516468396073,0.299465907216502,0.1476346618211644,0.1202822340697162,0.1292722860882186,124.78855407714843,116.54135623931884,True
2013-05-06,129.50153461978286,129.91852250117088,129.44539457635872,129.7340850830078,66882100,0.0,0.0,0.0,SPY,0.0025408264996837904,0.002537604057323488,0.3027676246289934,0.1459205444045302,0.11765111193582321,0.1292338526051736,124.9579606628418,116.6524040222168,True
2013-05-07,130.01471511910557,130.4317028538958,129.6458281761887,130.39161682128906,90359200,0.0,0.0,0.0,SPY,0.005068303660218154,0.005055503042614958,0.30937044654931434,0.1453434901204563,0.1165554929149319,0.1290375465888881,125.18666198730469,116.76275756835938,True
2013-05-08,130.24726945596504,131.02512939802784,130.17509991155282,130.9850311279297,97419200,0.0,0.0,0.0,SPY,0.004551015786957713,0.004540691227581724,0.31532941212253607,0.14553562554258437,0.11673423878380276,0.12797285521504803,125.4109457397461,116.87465873718261,True
2013-05-09,130.92894270146274,131.27376100817057,130.28740689584225,130.61619567871094,106738600,0.0,0.0,0.0,SPY,-0.00281585953786212,-0.0028198315284613217,0.31162562925198034,0.1414724369592083,0.11691006134609254,0.12802441074364218,125.59767517089844,116.9896836090088,True
2013-05-10,130.70437999648772,131.15345129674367,130.31945125088956,131.0411834716797,103203000,0.0,0.0,0.0,SPY,0.003253714371027394,0.003248432496462921,0.3158932844112854,0.14146821911369528,0.11665890448026608,0.12795618638218828,125.79769439697266,117.1122741317749,True
2013-05-13,130.87279804635529,131.36196770431803,130.5680780325412,131.14544677734375,81843200,0.0,0.0,0.0,SPY,0.0007956529611670149,0.0007953365971492311,0.31694027879960696,0.1408340778035319,0.11662512388902002,0.12777587161010812,125.9918148803711,117.23995960235595,True
2013-05-14,131.2496532663278,132.5968791560075,131.2496532663278,132.50064086914062,119000900,0.0,0.0,0.0,SPY,0.010333519958933168,0.010280494124398307,0.33054890745530563,0.11191061402428744,0.11802081249722632,0.1281212957675762,126.20010543823243,117.37430271148682,True
2013-05-15,132.28420230428142,133.4790505194452,132.2441040165429,133.21441650390625,120718500,0.0,0.0,0.0,SPY,0.005386959867390795,0.00537250209812436,0.33771652102136795,0.10396056569646306,0.11828018400295519,0.12813957134258605,126.40079696655273,117.5035013961792,True
2013-05-16,132.9417276940927,133.40684077199057,132.3884033042439,132.58888244628906,109913600,0.0,0.0,0.0,SPY,-0.004695693409420443,-0.004706752812343206,0.33143501436993517,0.08769110226583944,0.1189223188731087,0.1276991189743683,126.58562438964844,117.61967632293701,True
2013-05-17,133.07810714108376,133.95219362559536,132.9016844441371,133.87200927734375,129801000,0.0,0.0,0.0,SPY,0.009677484321315433,0.009630957404754054,0.34431995584635056,0.08364170574474465,0.11994136846872493,0.1278186554308319,126.79164352416993,117.74226688385009,True
2013-05-20,133.74365477775578,134.38519052999567,133.60733041879976,133.8639373779297,85071200,0.0,0.0,0.0,SPY,-6.0295646996277874e-05,-6.029746485187411e-05,0.34423889920484285,0.08270523847313072,0.11937668424013713,0.12773105393937306,126.98696197509766,117.86864147186279,True
2013-05-21,133.98421167654413,134.56159254142827,133.51909863337218,134.05638122558594,95804200,0.0,0.0,0.0,SPY,0.0014376078533604453,0.0014365754844997013,0.34617138760313226,0.08288483533558204,0.11597755927495332,0.12673541246261993,127.17670913696288,117.99645141601563,True
2013-05-22,134.19271702877597,135.5800415167976,132.4525595254242,133.06201171875,244031800,0.0,0.0,0.0,SPY,-0.007417546988402135,-0.00744519378920371,0.3361860980811435,0.08655318129499215,0.11637167755709174,0.1266532903385432,127.35215789794921,118.12303493499756,True
2013-05-23,131.64268707810803,133.04604171533666,131.4662643733825,132.67715454101562,211064400,0.0,0.0,0.0,SPY,-0.002892314438683208,-0.002896505262827462,0.33232142773689555,0.08831174183494649,0.11553510641100022,0.12567986188334918,127.51639709472656,118.23700969696046,True
2013-05-24,131.89125793263105,132.62100516208386,131.49831429301508,132.5648651123047,151573900,0.0,0.0,0.0,SPY,-0.0008463358224661821,-0.0008466941668290905,0.33119383638556243,0.08867951784341528,0.1079053507048694,0.1256915019945244,127.66513702392578,118.34935836791992,True
2013-05-28,133.95219056861302,134.54561346628003,132.96583623003457,133.35877990722656,143679800,0.0,0.0,0.0,SPY,0.005988877929678393,0.005971015880526196,0.33916619377241575,0.0885830912421364,0.10775426110010088,0.12578925144218897,127.83305938720703,118.46291656494141,True
2013-05-29,132.65307194838326,132.95780423963245,131.78700035978991,132.49269104003906,160363400,0.0,0.0,0.0,SPY,-0.006494427047023188,-0.006515607591829308,0.3304690766231211,0.09220060105707815,0.10668787789303788,0.12601020689194234,127.99745239257813,118.57147426605225,True
2013-05-30,132.59691025330534,133.59127897270815,132.49265718319666,132.98182678222656,107793800,0.0,0.0,0.0,SPY,0.003691794153684258,0.0036849962075889064,0.33538089458185594,0.09242392536838864,0.10655538344046923,0.1259668574275309,128.17740188598634,118.68200462341309,True
2013-05-31,132.6129048754812,133.36670821360548,130.81662005571886,131.07322692871094,176850100,0.0,0.0,0.0,SPY,-0.014352335952198758,-0.014456326934099982,0.31621505935866945,0.10201076322773779,0.11110636114274362,0.1264067585627812,128.30185760498046,118.78208499908447,True
2013-06-03,131.3780437421146,131.88325529144512,130.43980246212976,131.7950439453125,168390700,0.0,0.0,0.0,SPY,0.005506975249752077,0.005491867302233735,0.32346342311390863,0.09920035250175423,0.11113413872255419,0.12553608405406855,128.46208145141603,118.88605037689209,True
2013-06-04,131.86715898302305,132.3964268408958,130.4958763033119,131.16146850585938,157631500,0.0,0.0,0.0,SPY,-0.004807278183510677,-0.004818870311253938,0.31710116627329876,0.09601419822615223,0.11065714709699863,0.12562973634912775,128.58974624633788,118.98676914215088,True
2013-06-05,130.78457029360501,131.04920422971213,129.21282067077436,129.32508850097656,211737800,0.0,0.0,0.0,SPY,-0.014000910677519407,-0.014099847987960015,0.29866055049104956,0.10825000477053351,0.11465820382643127,0.12377654552573572,128.6911085510254,119.07767532348633,True
2013-06-06,129.26897898330478,130.50393764333214,128.5071605102191,130.49591064453125,200225500,0.0,0.0,0.0,SPY,0.009053325670415724,0.00901258999519241,0.3104177473899663,0.11149201410989958,0.11583247437116165,0.12402680929826591,128.79600006103516,119.17033515930176,True
2013-06-07,131.39405014756002,132.27615113523132,130.82468393277924,132.15586853027344,188337800,0.0,0.0,0.0,SPY,0.012720382405421837,0.012640157948684805,0.3270867622476181,0.11897712303554271,0.11804652107488667,0.1244041382992654,128.93409072875977,119.27054569244385,True
2013-06-10,132.56484162340746,132.63701118638218,131.8110380022655,132.15586853027344,105667100,0.0,0.0,0.0,SPY,0.0,0.0,0.3270867622476181,0.11840150070998919,0.11792865275808856,0.12254241046808174,129.06448287963866,119.37071685791015,True
2013-06-11,130.95302924453276,131.9473983467402,130.50395774853192,130.7926483154297,159505400,0.0,0.0,0.0,SPY,-0.010315245399272421,-0.010368816259237159,0.3133975366289081,0.12375655930200333,0.1199098998431359,0.12306313169740223,129.1775538635254,119.46576717376709,True
2013-06-12,131.6907571356231,131.8270815018006,129.58973936611062,129.71002197265625,177361500,0.0,0.0,0.0,SPY,-0.008277425044276865,-0.008311873153090767,0.30252598696612454,0.12691561205528254,0.12127945266440447,0.12320687609978151,129.2566227722168,119.55516777038574,True
2013-06-13,129.63783431914905,131.91527441798746,129.3491438674459,131.68272399902344,163587800,0.0,0.0,0.0,SPY,0.015208555178435113,0.01509406446925017,0.32233552531024445,0.13312726841384534,0.12438784480957144,0.12327713994737775,129.4006477355957,119.65900527954102,True
2013-06-14,131.53836918355293,132.0515952801165,130.64022657363554,130.8567352294922,141197500,0.0,0.0,0.0,SPY,-0.006272567459474576,-0.006292322664639533,0.31404108652367624,0.13302114369991921,0.12512971730213565,0.12303932626209207,129.51804748535156,119.75536178588867,True
2013-06-17,131.74680118092093,132.49258957619537,130.88875724842276,131.86709594726562,136295600,0.0,0.0,0.0,SPY,0.007721121239969042,0.007691465933695868,0.32418695706702616,0.1353918425613438,0.12523018812409975,0.12300516561322503,129.66688079833983,119.85665168762208,True
2013-06-18,131.9393283055525,133.11013184641698,131.9313135451534,132.90965270996094,114695600,0.0,0.0,0.0,SPY,0.007906117558790005,0.007875027969155032,0.3346561348194146,0.13389010651571479,0.1258057994424869,0.12282310728657882,129.81972534179687,119.96370670318603,True
2013-06-19,132.79735444886745,133.02990480990002,131.01709914622967,131.07322692871094,206149500,0.0,0.0,0.0,SPY,-0.013817098636601632,-0.013913443242030773,0.3162150593586692,0.1418136950183006,0.12871962304901605,0.12335735312997179,129.9271809387207,120.06114566802978,True
2013-06-20,129.79825168665351,131.08933820370567,127.48872742353436,127.82553100585938,321255900,0.0,0.0,0.0,SPY,-0.024777721575573453,-0.025089856096089082,0.2836022490843033,0.1636185118295948,0.13731956070295556,0.1259924065173425,129.93888946533204,120.14636756896972,True
2013-06-21,128.6954057675634,128.7921410491696,126.9460397193611,128.23590087890625,271956800,0.839,0.0,0.0,SPY,0.0032103905207174765,0.0032052482199926595,0.2877231135771352,0.16350096283798154,0.13658773741443447,0.1256996361567777,129.95046447753907,120.23099971771241,True
2013-06-24,126.89766235490941,127.71993678760995,125.54330701106292,126.6155014038086,222329000,0.0,0.0,0.0,SPY,-0.012636082906516188,-0.012716597177860098,0.2714513375533374,0.16781809510348114,0.13878761291494476,0.12638894808520182,129.93588592529298,120.30804237365723,True
2013-06-25,127.76025331751974,129.0662410862701,126.90572555216875,127.83281707763672,162262200,0.0,0.0,0.0,SPY,0.009614270451339113,0.009568347462582437,0.28367541457829204,0.17269968621037712,0.13918634610419406,0.124546957527253,130.0046759033203,120.39164474487305,True
2013-06-26,128.8807526171916,129.38863718546136,128.38093751890793,129.09841918945312,134848000,0.0,0.0,0.0,SPY,0.009900447637383847,0.00985175929949255,0.29638437580372146,0.1753967272584358,0.14048413383201652,0.12468803742622686,130.062049407959,120.47029914855958,True
2013-06-27,129.87243463435536,130.4528710585001,129.7515032037241,129.85630798339844,129483700,0.0,0.0,0.0,SPY,0.005870627996095834,0.005853463006311634,0.303994966214016,0.1761768939589424,0.1408019071811269,0.12363102094709305,130.17146926879883,120.55053524017335,True
2013-06-28,129.49345669062814,130.11419089945122,128.87271018078235,129.32415771484375,160402900,0.0,0.0,0.0,SPY,-0.004097993211255591,-0.00410641299612215,0.29865120369495957,0.1756858805719323,0.14082056664059078,0.12366412987134091,130.2858042907715,120.63134319305419,True
2013-07-01,130.0013797979799,130.98489615324,129.85627687721737,130.08200073242188,131954800,0.0,0.0,0.0,SPY,0.005860026703202292,0.005842923530891428,0.30626133442675774,0.1705984395977507,0.14094952211824213,0.12349610642869964,130.39380325317381,120.7143634033203,True
2013-07-02,129.88846532068308,130.83974029792034,129.38865017223284,129.96102905273438,154863700,0.0,0.0,0.0,SPY,-0.0009299647838008074,-0.0009303974693260288,0.30504655738730024,0.16928697097119086,0.13929764487946047,0.12345268602791537,130.48831771850587,120.79488655090331,True
2013-07-03,129.37260164768915,130.41255532445544,129.1630043978202,130.0175323486328,75216400,0.0,0.0,0.0,SPY,0.00043477107183798047,0.00043467658628092615,0.30561395387785395,0.16862303300838744,0.13913325326013512,0.12107109537324895,130.5581398010254,120.86701816558838,True
2013-07-05,130.97679089980284,131.46854889691292,130.033585358006,131.42018127441406,122416900,0.0,0.0,0.0,SPY,0.010788152185661648,0.010730375238100817,0.3196991159080116,0.16519191196361868,0.14018391969362506,0.12146341352805495,130.6544105529785,120.94360042572022,True
2013-07-08,132.09735518104037,132.52461892285362,131.4685514741823,132.16990661621094,108092500,0.0,0.0,0.0,SPY,0.005704796131968504,0.005688585405885705,0.3272277303198059,0.16348682716315602,0.140019435704685,0.1214242900722976,130.75541198730468,121.02590244293214,True
2013-07-09,133.00025393977322,133.28241481899232,132.42788731190393,133.12118530273438,119298000,0.0,0.0,0.0,SPY,0.00719739243885309,0.007171614823732784,0.33678030915064583,0.15942124386255507,0.1404971708207844,0.12147282547645906,130.8799298095703,121.11343402862549,True
2013-07-10,132.9921690252925,133.62097261823783,132.71807767473092,133.16952514648438,121410100,0.0,0.0,0.0,SPY,0.0003631266025769797,0.00036306068806862173,0.3372657296426995,0.15941487327872167,0.13861034202452216,0.1210272252942766,130.98841354370117,121.20089195251465,True
2013-07-11,134.7173794569658,135.12045940120888,133.16148447565516,134.98341369628906,135592200,0.0,0.0,0.0,SPY,0.013620898233356549,0.013528967643104586,0.355480490057118,0.16067883295874025,0.14089843193183885,0.12167335723096359,131.12708084106444,121.29737987518311,True
2013-07-12,134.94309019851246,135.3784110837679,134.73349307613353,135.03982543945312,104212700,0.0,0.0,0.0,SPY,0.0004179161099822082,0.0004178288073673161,0.3560469671906794,0.156751865624965,0.14073589367711756,0.12128579071367768,131.2893295288086,121.39439155578613,True
2013-07-15,135.4106680087077,135.74925366213392,135.17687476877964,135.55577087402344,69450600,0.0,0.0,0.0,SPY,0.0038206909175964032,0.0038134106160150607,0.36122800352205897,0.14942253359646676,0.13199654678453812,0.12131553584246973,131.43832061767577,121.49485504150391,True
2013-07-16,135.64447838914356,135.72509931027736,134.68515831339425,135.0479278564453,88702100,0.0,0.0,0.0,SPY,-0.0037463769657588575,-0.0037534122125646883,0.35612833028451796,0.14803284741887235,0.12954802888429964,0.12126721196413817,131.5511734008789,121.59892314910888,True
2013-07-17,135.56383021457316,135.8217949450871,135.21717511607457,135.39453125,92873900,0.0,0.0,0.0,SPY,0.002566521375456654,0.0025632334838990773,0.3596088626320555,0.14639053662310944,0.1255719009727621,0.12024127042641601,131.66438232421876,121.70793487548828,True
2013-07-18,135.68478285281472,136.4587018380073,135.59610476389707,136.13623046875,103620100,0.0,0.0,0.0,SPY,0.0054780589134761914,0.005463108921851346,0.36705688008083825,0.14524682799933444,0.12486394062279366,0.12027942715742339,131.77927459716796,121.8153039932251,True
2013-07-19,135.85408320905074,136.42644990600354,135.6847842008805,136.37808227539062,103831700,0.0,0.0,0.0,SPY,0.001776542554526861,0.0017749663693001525,0.3694855148027605,0.1346111008877674,0.12402210074051401,0.12013741784939024,131.8871356201172,121.92653804779053,True
2013-07-22,136.57156781533288,136.83760209002045,136.24909643645765,136.6441192626953,79428600,0.0,0.0,0.0,SPY,0.0019507312528963539,0.0019488310474779361,0.372157012996875,0.09331075440307657,0.12387864367818696,0.11996781970018988,132.00769409179688,122.03759605407714,True
2013-07-23,136.88593499152967,136.91011880118134,136.2813151481934,136.35386657714844,80829700,0.0,0.0,0.0,SPY,-0.0021241505826450346,-0.002126409790325737,0.36924234487823715,0.09511447637612981,0.12274073548653518,0.11999533042518419,132.11394775390625,122.14660835266113,True
2013-07-24,136.87783299976826,136.9342700762279,135.57991555240815,135.85401916503906,112914000,0.0,0.0,0.0,SPY,-0.003665810326152874,-0.0036725458746938453,0.36422296215137684,0.08056297476641933,0.12312448414404245,0.11965769344094312,132.20811920166017,122.2507827758789,True
2013-07-25,135.6122189326748,136.30551693652046,135.38649514547146,136.18458557128906,111088600,0.0,0.0,0.0,SPY,0.002433247159573604,0.0024302916071259804,0.3675424537990568,0.07732714944485768,0.12301174605656276,0.11914950722612559,132.28179809570312,122.35248786926269,True
2013-07-26,135.61219968164835,136.3699918458392,135.04789029374734,136.32968139648438,107814600,0.0,0.0,0.0,SPY,0.0010654350093046716,0.0010648678362467526,0.36899948140604466,0.073392201996002,0.12287163986712078,0.11875981845281197,132.3441033935547,122.45487869262695,True
2013-07-29,135.98305864763594,136.2894033743944,135.5235538585233,135.91050720214844,79695000,0.0,0.0,0.0,SPY,-0.003074709704021572,-0.0030794463355734015,0.364790205415765,0.07490896426940513,0.12263829499853345,0.11882841380383537,132.4105358886719,122.55715560913086,True
2013-07-30,136.3216566619611,136.46675955293614,135.58804813263163,135.91050720214844,85209600,0.0,0.0,0.0,SPY,0.0,0.0,0.364790205415765,0.0718627797679409,0.12262262698902528,0.11781311073956424,132.45130584716796,122.6651403427124,True
2013-07-31,136.192676544993,136.92628511973777,135.82990699407247,136.00726318359375,142388700,0.0,0.0,0.0,SPY,0.0007119095016061561,0.0007116562142415762,0.3657618125306996,0.07092643984787805,0.12101642714520769,0.11650036007137667,132.49417236328125,122.77725521087646,True
2013-08-01,137.03911328417004,137.70015794512253,136.96654955103472,137.57923889160156,110438400,0.0,0.0,0.0,SPY,0.011558027646551672,0.011491743895710326,0.38154732531853397,0.0770591301221456,0.12172198582489335,0.11698377036204846,132.56462951660157,122.89691299438476,True
2013-08-02,137.27290839441898,137.8291607000926,137.08749505953577,137.8130340576172,91116700,0.0,0.0,0.0,SPY,0.001699349174331788,0.0016979069142281382,0.38389505662511425,0.07670877846181291,0.12035431102756909,0.11671459605515791,132.6596499633789,123.01960281372071,True
2013-08-05,137.50668829953983,137.82109014163782,137.32933215261045,137.61148071289062,54072700,0.0,0.0,0.0,SPY,-0.001462512933590121,-0.0014635834495201514,0.38187109220606863,0.07221709810235045,0.12041609745629304,0.11672547101435256,132.7583364868164,123.13656806945801,True
2013-08-06,137.3454860157322,137.64377360378083,136.5232116080989,136.8295440673828,87495000,0.0,0.0,0.0,SPY,-0.0056822050126705825,-0.005698410156027818,0.3740190173590707,0.07593951293259195,0.12084574722299415,0.11664906021685931,132.84363006591798,123.24383640289307,True
2013-08-07,136.39420838843643,136.58767891013505,135.87826649553165,136.38613891601562,84854700,0.0,0.0,0.0,SPY,-0.0032405658762469924,-0.0032458278808363394,0.36956641821810243,0.07495489879032828,0.12086587273365837,0.11517690203508996,132.90417724609375,123.34627174377441,True
2013-08-08,137.03102814059804,137.19225762719327,136.18455795969646,136.88592529296875,102181300,0.0,0.0,0.0,SPY,0.003664495387327271,0.003657797482080231,0.37458518804030105,0.07538109433226692,0.12080106589514149,0.11520570166100064,132.99204193115236,123.45271224975586,True
2013-08-09,136.70860290547972,137.1278095148996,136.01530487110327,136.49093627929688,91757700,0.0,0.0,0.0,SPY,-0.002885534161576553,-0.002889705341262132,0.3706187755222137,0.06193618002737278,0.12091260794278184,0.1151926932929153,133.06222412109375,123.56680953979492,True
2013-08-12,135.80568245793816,136.49091089288152,135.7411881991749,136.32968139648438,68593300,0.0,0.0,0.0,SPY,-0.0011814329010281233,-0.0011821313430403814,0.3689994814060449,0.06222181545850446,0.12096927230771949,0.11521020786181495,133.16735321044922,123.68002132415772,True
2013-08-13,136.57151283555174,136.96652320174422,135.7653531644384,136.7327423095703,80806000,0.0,0.0,0.0,SPY,0.0029565162109763676,0.0029521543121583454,0.3730469505656402,0.061703575429263774,0.11945793710925832,0.11522946287646074,133.26610717773437,123.80313613891602,True
2013-08-14,136.66834003817698,136.88600674015396,135.9992255847134,136.03147888183594,79829200,0.0,0.0,0.0,SPY,-0.005128716179382042,-0.005141913186011938,0.36600498245522295,0.06305045458190692,0.11957042683301335,0.11538209729571479,133.3635073852539,123.92433013916016,True
2013-08-15,134.95925007528857,134.97536441873214,133.8951129587874,134.12890625,152931800,0.0,0.0,0.0,SPY,-0.013986267351313697,-0.014084996840905766,0.34689967156737755,0.07962420766644235,0.1225731823899806,0.11632271891153104,133.45958374023436,124.03438625335693,True
2013-08-16,133.87088387616527,134.33040083046444,133.41943639188486,133.6854705810547,130868200,0.0,0.0,0.0,SPY,-0.0033060410417333763,-0.003311518070270565,0.34244676597407864,0.07718161291972477,0.12124162150414114,0.11639272952094415,133.52337493896485,124.14254226684571,True
2013-08-19,133.53237963173126,133.9918968660401,132.82295469498595,132.83102416992188,96437600,0.0,0.0,0.0,SPY,-0.006391468028791869,-0.00641198091224577,0.3338665603890003,0.07884328777134637,0.12191518131463318,0.11661180444332665,133.5368780517578,124.2464260482788,True
2013-08-20,133.04864496988003,133.98379355011642,132.90354207002906,133.48397827148438,89294400,0.0,0.0,0.0,SPY,0.00491567467497056,0.004903632194701658,0.3404234144596947,0.08099587673522031,0.12229063067456752,0.11649686717220356,133.56344024658202,124.34770839691163,True
2013-08-21,133.11312974201573,133.84673826383104,132.3634068776071,132.66168212890625,159530500,0.0,0.0,0.0,SPY,-0.006160260978330334,-0.006179313672671233,0.3321660564051583,0.08282427611050222,0.12200780751752004,0.11669837273348435,133.60082092285157,124.44991310119629,True
2013-08-22,132.93573190655,134.06436288666376,132.92767473777826,133.87088012695312,101471400,0.0,0.0,0.0,SPY,0.009114900238275991,0.00907361024820095,0.34430861711010885,0.08975477630761501,0.12321570753520764,0.11699987235983815,133.6840380859375,124.55701431274414,True
2013-08-23,134.26594763424424,134.4916714454113,133.63714383156102,134.32237243652344,90888900,0.0,0.0,0.0,SPY,0.003372595363100306,0.003366920918183803,0.34884242611875016,0.09022370383987709,0.12336282405964057,0.1169686236684583,133.7368310546875,124.66197330474853,True
2013-08-26,134.45943183973094,134.87058134557097,133.73389270158304,133.82257080078125,89702100,0.0,0.0,0.0,SPY,-0.003720911317125375,-0.003727851127935946,0.343823503070386,0.09060639483666001,0.12305142159872141,0.11705385074529889,133.79614776611328,124.77727558135986,True
2013-08-27,132.50047944779547,133.82258156884416,131.5734002187837,131.67013549804688,158619400,0.0,0.0,0.0,SPY,-0.01608424714795431,-0.016215002615508692,0.32220911372377214,0.10470891644393392,0.126579609891148,0.11792228591281019,133.7922085571289,124.88847480773926,True
2013-08-28,131.6136687067979,132.6052542997616,131.44438200625993,132.13768005371094,108113000,0.0,0.0,0.0,SPY,0.00355087775899654,0.003544588276957433,0.32690411665843633,0.10605830094190387,0.1265629123821945,0.11783541987678545,133.7767691040039,125.00153587341309,True
2013-08-29,131.84748996025772,133.04866066525287,131.72655856175692,132.34730529785156,119200500,0.0,0.0,0.0,SPY,0.0015864153514382195,0.0015851583238741908,0.3290091377189899,0.10631219475929596,0.12322253355725893,0.11783773875490547,133.80225067138673,125.11520923614502,True
2013-08-30,132.62135277406944,132.6374794153898,131.5411015250429,131.9280548095703,134928900,0.0,0.0,0.0,SPY,-0.0031678052480004215,-0.003172833364582366,0.3247990955978832,0.09561182998698753,0.12292024759111807,0.1178892874807701,133.88430114746095,125.22868892669678,True
2013-09-03,133.2018297341436,133.48399068924812,131.96840576656442,132.524658203125,142375100,0.0,0.0,0.0,SPY,0.004522187448422921,0.004511993081102695,0.3307900854396779,0.09746194276370201,0.12283933715643006,0.1179513644261852,133.9700762939453,125.35252429962158,True
2013-09-04,132.55685009728123,133.84671069854423,132.31501199793897,133.62098693847656,97389400,0.0,0.0,0.0,SPY,0.008272639599425924,0.008238608870275235,0.34179923219900954,0.10358370533909239,0.12043188255398114,0.11792388886488524,134.11018600463868,125.48275302886962,True
2013-09-05,133.70168137819553,134.14505967154034,133.60493378422268,133.7903594970703,63090500,0.0,0.0,0.0,SPY,0.0012675595538875761,0.0012667568784972237,0.3435000426351824,0.10274096076489928,0.11919712395913862,0.11785668715233696,134.22933685302735,125.61117282867431,True
2013-09-06,134.23366293314152,134.6125590205799,132.59715953464047,133.85476684570312,159756500,0.0,0.0,0.0,SPY,0.0004814050046275664,0.0004812891664135658,0.3441468102794243,0.10254944448085872,0.11654917583647964,0.11784497694802809,134.32446380615235,125.72897468566894,True
2013-09-09,134.18532153986789,135.2172052942665,134.18532153986789,135.1365966796875,87559300,0.0,0.0,0.0,SPY,0.009576273331094454,0.009530711469915824,0.3570187275317789,0.10775703254455705,0.11803674741283923,0.11816246079364709,134.4300695800781,125.85294799804687,True
2013-09-10,135.95081711956766,136.16041428381618,135.64447239402944,136.13623046875,105847200,0.0,0.0,0.0,SPY,0.007397210035057444,0.007369984854719888,0.3670568800808378,0.11084058349807058,0.1168222656426321,0.11672143268364533,134.56631103515625,125.98088890075684,True
2013-09-11,135.95082987255395,136.56350708007812,135.7170488713092,136.56350708007812,94545900,0.0,0.0,0.0,SPY,0.003138595874565553,0.0031336807642116413,0.371347519164956,0.11131901764514467,0.11549504059916901,0.11670344649750217,134.69594116210936,126.10343509674072,True
2013-09-12,136.51517715972054,136.69253340319014,136.015361728686,136.20077514648438,83209000,0.0,0.0,0.0,SPY,-0.002656141024417691,-0.002659674825892237,0.3677050267605686,0.11120542081038008,0.11193568551733879,0.11657522680176946,134.82073608398437,126.22535655975342,True
2013-09-13,136.34585053147728,136.61188481890767,136.03144861015517,136.507080078125,72727800,0.0,0.0,0.0,SPY,0.002248922088080585,0.0022463970478386677,0.3707808888052293,0.10998380318477642,0.11111591436525631,0.11656708542393347,134.95052703857422,126.35166347503662,True
2013-09-16,137.98236011847476,138.04685440000398,137.0794524780922,137.297119140625,106299200,0.0,0.0,0.0,SPY,0.0057875317679336735,0.005770848345559163,0.378714326746066,0.09861474860641677,0.11068545695468882,0.11664724496109018,135.06806579589843,126.47744178771973,True
2013-09-17,137.41803197221535,137.94203102495953,137.41803197221535,137.9097900390625,82523300,0.0,0.0,0.0,SPY,0.004462372570323003,0.004452445706465794,0.3848666637400491,0.0978799369498449,0.10998177472717943,0.11580019191403035,135.18286346435548,126.60366729736329,True
2013-09-18,137.8614082630108,139.8848776049102,137.51476538990306,139.5059814453125,203460600,0.0,0.0,0.0,SPY,0.011574170374691217,0.011507702050254726,0.40089534645240654,0.09940124026618957,0.10815263673998012,0.11624891602202336,135.31055938720704,126.73775493621827,True
2013-09-19,139.88486037811944,139.9493546421324,139.1351253223639,139.2721710205078,146616900,0.0,0.0,0.0,SPY,-0.0016759885302577437,-0.0016773945702587432,0.39854746191966095,0.09988418734146348,0.09480700568097282,0.11619997690879921,135.4326123046875,126.87344814300538,True
2013-09-20,139.6027217315845,139.6027217315845,138.18506513996107,138.29847717285156,132867100,0.838,0.0,0.0,SPY,-0.006991302286175172,-0.007015855948310587,0.38876979385181754,0.1007815382265773,0.09619177319241512,0.11644799797540104,135.49891357421876,127.00506530761719,True
2013-09-23,138.11215351305572,138.24175842951854,137.2210501818394,137.6584930419922,104616500,0.0,0.0,0.0,SPY,-0.004627557323422238,-0.004638297613828534,0.3823431820217309,0.09980062025333236,0.09277654960563725,0.1165714215726721,135.55128692626954,127.13249172210693,True
2013-09-24,137.6341712331027,138.14453146284782,137.07521998264627,137.33444213867188,106333100,0.0,0.0,0.0,SPY,-0.0023540204179154367,-0.0023567954798698137,0.37908911794668554,0.10030737402706696,0.09152008590525024,0.11661012547746862,135.5868603515625,127.25639549255371,True
2013-09-25,137.42354324752978,137.69897063265253,136.81597629512189,136.93748474121094,117306500,0.0,0.0,0.0,SPY,-0.0028904431494330973,-0.00289462854728182,0.37510293925325877,0.0998472053098076,0.09011673917604587,0.11666029356029546,135.62465148925781,127.37661003112792,True
2013-09-26,137.16433644390742,137.8529049836965,136.94560885551198,137.4640655517578,77146900,0.0,0.0,0.0,SPY,0.0038454102727387696,0.003838035582416555,0.38039077422193657,0.07808802283936456,0.08975776887852692,0.11668148057495586,135.66604217529297,127.49921947479248,True
2013-09-27,136.77553266463576,137.01856203027893,136.4758034515685,136.83224487304688,99141800,0.0,0.0,0.0,SPY,-0.0045962606749255785,-0.004606855959279734,0.37404613839035017,0.0811728040696191,0.08987644081631203,0.11624626824391182,135.6799624633789,127.6148250579834,True
2013-09-30,135.6737572824488,136.53244999294182,135.40642632071345,136.1031036376953,143937000,0.0,0.0,0.0,SPY,-0.0053287237670335275,-0.0053429720548605324,0.36672422607570887,0.08472607629563697,0.09015808851884352,0.11623056475350829,135.674462890625,127.72650749206542,True
2013-10-01,136.20842199146927,137.31014399525097,136.07070828611933,137.18052673339844,127160000,0.0,0.0,0.0,SPY,0.00791622723440022,0.007885058293143067,0.37754352561608395,0.08597514463992563,0.0912240047367315,0.11612743610181603,135.68519104003906,127.8470651626587,True
2013-10-02,136.37857043957848,137.18055112278788,135.9573204441547,137.05093383789062,113350000,0.0,0.0,0.0,SPY,-0.000944688714890729,-0.0009451352144989926,0.37624217579316355,0.08593976636088553,0.09129274126364247,0.1160147097502525,135.6991323852539,127.96907566070557,True
2013-10-03,136.7349734490185,136.8564942658874,135.1553017175814,135.78717041015625,176698000,0.0,0.0,0.0,SPY,-0.009221122340028698,-0.009263900064126628,0.3635516783206676,0.09012659736199226,0.09121301871396008,0.11642663519720454,135.69779541015626,128.07814804077148,True
2013-10-04,135.8924928681943,136.95370797334215,135.7142722165377,136.8159942626953,96878000,0.0,0.0,0.0,SPY,0.007576738284120754,0.007548178969525308,0.3738829525241769,0.09315453452335512,0.09171966361089005,0.11662878902402432,135.71042358398438,128.1860224533081,True
2013-10-07,135.6251585612728,136.4595496094622,135.48744485400667,135.6332550048828,96295000,0.0,0.0,0.0,SPY,-0.008644744089945866,-0.008682326641252059,0.36200608599006623,0.0990721632959449,0.09253247356870507,0.11695566415776032,135.69649505615234,128.29226402282714,True
2013-10-08,135.60895901349403,135.78717966826716,133.95638209585056,134.0535888671875,178015000,0.0,0.0,0.0,SPY,-0.011646599041204464,-0.011714951913125845,0.3461433472148596,0.10219997381638368,0.09557378728804723,0.11742045873656647,135.65935668945312,128.3873173904419,True
2013-10-09,134.31286384333956,134.63689475267498,133.28404654667006,134.15084838867188,168973000,0.0,0.0,0.0,SPY,0.0007255271739179392,0.0007252641063120002,0.34712001079325283,0.09835758886674953,0.09156722097892904,0.11741927337377737,135.6241635131836,128.48807834625245,True
2013-10-10,135.51982911375248,137.11570597129375,135.47122573510353,137.0428009033203,195955000,0.0,0.0,0.0,SPY,0.021557467204901037,0.021328391358237962,0.3761605062469944,0.12457200332195477,0.1012815538595622,0.11920174213441548,135.64487426757813,128.6050552368164,True
2013-10-11,136.8322288096273,137.97445804136726,136.7188167671061,137.92584228515625,105040000,0.0,0.0,0.0,SPY,0.006443544469431073,0.00642287358509113,0.3850278576660717,0.1259277430925584,0.10179156393068048,0.11886248537284706,135.6518063354492,128.72884281158449,True
2013-10-14,137.0752182593925,138.59008132104302,136.96990269305934,138.47666931152344,112106000,0.0,0.0,0.0,SPY,0.0039936462757166336,0.003985692838872175,0.3905591690116037,0.12635478939822667,0.1017194764855527,0.118688269513791,135.66507904052733,128.8561428451538,True
2013-10-15,138.1283537330861,138.6468105094059,137.28586610693566,137.47218322753906,155485000,0.0,0.0,0.0,SPY,-0.007253829031117376,-0.00728026597254067,0.38047229054194087,0.12782240513385137,0.10276726643074685,0.1189619841610436,135.6622930908203,128.98452800750732,True
2013-10-16,138.2984793417419,139.46501019032962,138.23367069893317,139.39210510253906,161676000,0.0,0.0,0.0,SPY,0.013965893535146767,0.013869269036386652,0.3997518195798697,0.13590130243777934,0.10587330710084387,0.11961885062685018,135.71354431152344,129.11301223754882,True
2013-10-17,138.8249992852828,140.404683307928,138.80069759517886,140.32366943359375,129389000,0.0,0.0,0.0,SPY,0.00668304944795417,0.006660816872291011,0.4091064302049858,0.13189654855809704,0.10658551734965527,0.11952690576862304,135.792294921875,129.23158401489258,True
2013-10-18,140.84216842371788,141.36872168221126,140.55863213930732,141.27151489257812,138316000,0.0,0.0,0.0,SPY,0.006754708331176751,0.006731997501516797,0.41862453314860626,0.13351952718327337,0.10728660979327337,0.11931085391528799,135.88000671386717,129.35621223449706,True
2013-10-21,141.3200632079688,141.56309244831652,140.96362197025618,141.27955627441406,104104000,0.0,0.0,0.0,SPY,5.6921466737636095e-05,5.691984677242188e-05,0.4187052833377831,0.13059585518318326,0.10715414466803334,0.11925535075424039,135.97577911376953,129.4783261489868,True
2013-10-22,141.69277928415462,142.51906180179532,141.30392736422013,142.0978240966797,126663000,0.0,0.0,0.0,SPY,0.005791834599736978,0.005775126408732063,0.42692218968464846,0.12987601483102537,0.10729830436954681,0.11930940973726618,136.09114196777344,129.60612800598145,True
2013-10-23,141.61172616722084,141.67653480259875,140.92315759317393,141.4173126220703,105484000,0.0,0.0,0.0,SPY,-0.004789035151913201,-0.004800539324710643,0.42008860915920376,0.13106540988027768,0.1078050243658823,0.11814477600684628,136.18483337402344,129.7322038269043,True
2013-10-24,141.70084414372974,142.06538192154537,141.36870450486006,141.8871612548828,70350000,0.0,0.0,0.0,SPY,0.003322426541000345,0.0033169194764472213,0.4248067492448466,0.13025040684575914,0.1079372393822891,0.11816722295428521,136.30194702148438,129.85915187835693,True
2013-10-25,142.17883687936205,142.57578527696373,141.90340935171406,142.5352783203125,93625000,0.0,0.0,0.0,SPY,0.004567834465765586,0.004557433570929057,0.43131503062110266,0.1304225743527738,0.1079455176718121,0.11728669430106746,136.47007446289064,129.98471015930176,True
2013-10-28,142.48658132026668,142.95643451461115,142.33266240269077,142.7620086669922,84979000,0.0,0.0,0.0,SPY,0.0015906963479608294,0.0015894325305807406,0.4335918182130931,0.12836897150372908,0.10794577355895804,0.11722584481585525,136.65160522460937,130.11144195556642,True
2013-10-29,143.0861014536401,143.58025650548115,142.88357909404925,143.52354431152344,87401000,0.0,0.0,0.0,SPY,0.00533430183311312,0.0053201248389858355,0.4412390296769233,0.12593412209663638,0.1083250062238777,0.11729063886784245,136.8654556274414,130.24238067626953,True
2013-10-30,143.69366051944706,143.79896373509314,142.3003057742827,142.81065368652344,140002000,0.0,0.0,0.0,SPY,-0.004967063964450569,-0.004979440828122516,0.43408030322845526,0.12693513270931378,0.10673245388664873,0.11743241110775757,137.0519891357422,130.36935569763185,True
2013-10-31,142.6972723872106,143.29674311718475,142.19502081081808,142.4056396484375,133795000,0.0,0.0,0.0,SPY,-0.0028360211765080523,-0.002840050304162167,0.4300132211196863,0.12764521092921025,0.10693039115351989,0.11749065040316083,137.2468682861328,130.49438541412354,True
2013-11-01,142.59199162466956,143.06994157824906,141.94391739624615,142.74591064453125,142805000,0.0,0.0,0.0,SPY,0.002389448879509093,0.0023865986858935834,0.43343016460857386,0.12111782912065046,0.10691430143246941,0.11711253319326852,137.42436889648437,130.6173241043091,True
2013-11-04,143.13468064360927,143.30479247475526,142.55951180077733,143.2480926513672,85677000,0.0,0.0,0.0,SPY,0.0035180132626460026,0.0035118395292682136,0.4384729909387437,0.1197446744194604,0.10629727958713586,0.11672270213676185,137.60288330078126,130.7414563369751,True
2013-11-05,142.68910278964998,143.18325766698513,142.22735840055492,142.79441833496094,85825000,0.0,0.0,0.0,SPY,-0.0031670531035299376,-0.0031720788301775943,0.4339172705884471,0.11488912099314069,0.10628616362075151,0.1167919928286197,137.78232025146485,130.86012714385987,True
2013-11-06,143.41013228459192,143.79087530950142,143.01318400983968,143.52354431152344,87348000,0.0,0.0,0.0,SPY,0.005106123790162176,0.005093131747300504,0.4412390296769231,0.10297785373110283,0.10648569708960333,0.11666347279995416,138.01938842773438,130.9814854812622,True
2013-11-07,143.79092082386472,143.90433288669473,141.57127061020552,141.708984375,157000000,0.0,0.0,0.0,SPY,-0.012642942628178555,-0.01272354471298136,0.423017527311226,0.1166538725424978,0.1095915153259053,0.11504503786263406,138.21081451416015,131.09361106872558,True
2013-11-08,141.660403206036,143.63702434931267,141.64421030950993,143.62081909179688,136713000,0.0,0.0,0.0,SPY,0.013491273861208741,0.013401076967779453,0.4422158464814818,0.10268094597080303,0.11250196426451914,0.11497343366695661,138.43628479003905,131.21194271087646,True
2013-11-11,143.48306801412784,143.81520772143506,143.3129561178881,143.6450958251953,62614000,0.0,0.0,0.0,SPY,0.00016903352558461648,0.00016901924102792067,0.4424596293106666,0.10175224004567686,0.11242813457741063,0.11497701225259646,138.67062561035155,131.3311145401001,True
2013-11-12,143.3372188233701,143.67745488427704,142.87546193722153,143.35342407226562,83990000,0.0,0.0,0.0,SPY,-0.0020305026861803244,-0.002032566951563892,0.4395307111586446,0.10237037776143726,0.11193287112454861,0.11501931985275056,138.88720092773437,131.4464726257324,True
2013-11-13,142.64865704431972,144.5442635070981,142.64865704431972,144.50376892089844,103844000,0.0,0.0,0.0,SPY,0.008024536951785066,0.007992511566982474,0.45108227854356664,0.0992234969650509,0.10867852856423378,0.11513587246701633,139.10485656738283,131.56993782043457,True
2013-11-14,144.6333572783297,145.3462399119619,144.3984367891464,145.2247314453125,103435000,0.0,0.0,0.0,SPY,0.0049892298989704376,0.004976824935179404,0.4583220616335424,0.0905273916113697,0.1085448645562379,0.11425728959096512,139.33354400634767,131.69848468780518,True
2013-11-15,145.45960399548497,145.91325193611218,145.27328695436577,145.85655212402344,102818000,0.0,0.0,0.0,SPY,0.0043506410541984675,0.004341204375906951,0.46466669746512856,0.08935007454178294,0.10755742009267591,0.11426295125091292,139.57357971191405,131.82404308319093,True
2013-11-18,146.09961140676467,146.2211198583761,145.02219114554302,145.34622192382812,104796000,0.0,0.0,0.0,SPY,-0.0034988500191707184,-0.0035049853100545952,0.459542048362624,0.08933018133442236,0.10779034902729888,0.11429989880106617,139.77777221679688,131.95383628845215,True
2013-11-19,145.27334853106674,145.7107914132383,144.77919345178864,145.0303192138672,93891000,0.0,0.0,0.0,SPY,-0.002173449751769252,-0.00217581512164418,0.4563698070599136,0.09007430421702256,0.10694919287656568,0.11273865033899295,139.95565399169922,132.07602207183837,True
2013-11-20,145.32192560384382,145.75936840679248,144.17969667255798,144.57664489746094,124909000,0.0,0.0,0.0,SPY,-0.0031281343022988572,-0.003133037141568353,0.4518140867096172,0.08972375094312042,0.1061776104121464,0.11281639477345065,140.11591674804689,132.1955004501343,True
2013-11-21,144.98172370536557,145.856621878262,144.89261336291358,145.7432098388672,92841000,0.0,0.0,0.0,SPY,0.008068833954707033,0.008036454971160406,0.46352853350838163,0.09061257863215816,0.10697274558934947,0.11302909295072508,140.30676544189453,132.32161014556885,True
2013-11-22,145.7998534720582,146.4884342492827,145.6297416590369,146.47222900390625,81296000,0.0,0.0,0.0,SPY,0.005002079793940739,0.004989610955604975,0.47084922001369955,0.09123426834259832,0.10672484443719017,0.11239865756745568,140.50606842041014,132.44801177978516,True
2013-11-25,146.73153712038263,146.76393526641348,146.11586109691646,146.3264923095703,79486000,0.0,0.0,0.0,SPY,-0.0009949783336201667,-0.0009954736531444066,0.46938575690776374,0.09093604936154248,0.10074382603998018,0.11237198367991073,140.68665588378906,132.57380424499513,True
2013-11-26,146.39936911891863,146.8044138514608,146.14824336249995,146.36695861816406,86994000,0.0,0.0,0.0,SPY,0.0002765480669635334,0.00027650983459542535,0.46979211269846033,0.0909909370142051,0.10071168269146769,0.11220273324729887,140.8557992553711,132.69880107879638,True
2013-11-27,146.52082060800365,146.82056199897585,146.34260000612161,146.7233428955078,58800000,0.0,0.0,0.0,SPY,0.0024348683658410586,0.0024319088768654717,0.47337086301803244,0.0898801285184409,0.10072399061898261,0.1119944357886406,141.000146484375,132.82506107330323,True
2013-11-29,146.8854400281182,147.23377259396716,146.46419000996465,146.62620544433594,55870900,0.0,0.0,0.0,SPY,-0.0006620449701794096,-0.0006622642187242843,0.4723954252489624,0.0874434242661726,0.10036005492997044,0.11195046362293154,141.14722717285156,132.95027633666993,True
2013-12-02,146.69900917531484,146.97443645954056,146.0185374045301,146.245361328125,99726000,0.0,0.0,0.0,SPY,-0.0025973809733180753,-0.0026007600196603594,0.4685710533862202,0.08730600524768951,0.10055558196635392,0.11200733010569386,141.30616485595704,133.07430603027345,True
2013-12-03,145.76747485743488,146.13201258083618,145.14370261722598,145.61355590820312,116563000,0.0,0.0,0.0,SPY,-0.004320174084047168,-0.004329533000597757,0.4622265707807991,0.0893047778077169,0.10030509279708767,0.11197654518511782,141.46526611328125,133.19062610626221,True
2013-12-04,145.08697279379226,146.20488742368167,144.4794059267512,145.59732055664062,123033000,0.0,0.0,0.0,SPY,-0.0001114961547449278,-0.00011150237090324538,0.46206353814079115,0.08888026034133645,0.10034955422083362,0.11195521606419216,141.63052368164062,133.31448928833007,True
2013-12-05,145.33814046321223,145.60547144529767,144.81968374792072,144.9573974609375,106934000,0.0,0.0,0.0,SPY,-0.004395157089818746,-0.004404844187371692,0.4556375392153662,0.08966748377855575,0.10099554697567982,0.11208604059410843,141.79092193603515,133.43882522583007,True
2013-12-06,146.35881761595672,146.71525884983626,145.93756776128268,146.57754516601562,127728000,0.0,0.0,0.0,SPY,0.011176716286691812,0.01111471832127906,0.4719067870074345,0.09566469102472627,0.10157858844679504,0.11251935067304127,141.9731915283203,133.56539417266845,True
2013-12-09,147.0069380266043,147.16895344941787,146.75581226709562,146.95022583007812,70124000,0.0,0.0,0.0,SPY,0.0025425494992454833,0.0025393226886605367,0.47564918287167623,0.08179429765466001,0.10085778236920985,0.11251192058425868,142.17555114746094,133.70536254882813,True
2013-12-10,146.61000793721826,146.9178459314748,146.33458044813923,146.42369079589844,80976000,0.0,0.0,0.0,SPY,-0.003583084212395393,-0.0035895188337570424,0.4703618075814946,0.0716516934090508,0.10123704351584828,0.11260638509006188,142.381962890625,133.8386267852783,True
2013-12-11,146.48038288307535,146.50468457812812,144.60096939243348,144.77919006347656,130591000,0.0,0.0,0.0,SPY,-0.011231111055069354,-0.01129465621935607,0.4538480108294143,0.08314007340171709,0.10395565480025139,0.11312493059179286,142.53393615722655,133.95612411499025,True
2013-12-12,144.71444139692724,144.89266214183024,144.00155841731524,144.30130004882812,115565000,0.0,0.0,0.0,SPY,-0.003300819782448783,-0.0033062795057526148,0.4490491205545948,0.0837200371111401,0.10427477384450543,0.11320503844065567,142.67894348144532,134.07242950439453,True
2013-12-13,144.60092269796908,144.7305399370507,144.00956104100706,144.2849884033203,107808000,0.0,0.0,0.0,SPY,-0.00011303879800317329,-0.00011304518736960236,0.44888532178375984,0.07889992940298013,0.10381811844746995,0.11298576369310642,142.8488998413086,134.18665733337403,True
2013-12-16,144.96555271035018,145.6622303629735,144.92504575221164,145.1842803955078,96195000,0.0,0.0,0.0,SPY,0.006232748133670807,0.006213404891783878,0.45791585906901067,0.08001245667937955,0.1041312239706393,0.11300746671051756,143.01626556396485,134.30214817047118,True
2013-12-17,145.31381669185868,145.33811838099385,144.3984118644968,144.72244262695312,89886000,0.0,0.0,0.0,SPY,-0.003181045270855498,-0.003186115550744892,0.45327816272021404,0.07909955837265253,0.10210948665189097,0.11257113171186464,143.19804931640624,134.4098611831665,True
2013-12-18,144.94118982587358,147.2175389971149,143.6450542394748,147.1932373046875,234906000,0.0,0.0,0.0,SPY,0.01707264355745619,0.016928543775510365,0.478089462782171,0.09852767611541006,0.10716822451903298,0.11326423914858297,143.46084228515625,134.52908981323242,True
2013-12-19,146.7720246878844,147.19327473204365,146.39129395605107,147.02316284179688,136531200,0.0,0.0,0.0,SPY,-0.0011554502503302588,-0.0011561182976172694,0.47638160394238893,0.09822669111821591,0.1060512055999263,0.11296900636996574,143.71828857421875,134.64635036468505,True
2013-12-20,147.16975674522672,148.22859304114903,147.0720222166502,147.87835693359375,197087000,0.98,0.0,0.0,SPY,0.005816730338722875,0.005799878479707591,0.48496931760957307,0.09875660370041692,0.10585820647179586,0.11297173424105057,143.93499969482423,134.76525207519532,True
2013-12-23,148.60322025541973,148.7579748463851,148.2937235015801,148.6683807373047,85598000,0.0,0.0,0.0,SPY,0.00534238965114886,0.005328169710714878,0.492902602324244,0.09676190330367705,0.10593911929095912,0.11259717220358824,144.14985046386718,134.88574886322021,True
2013-12-24,148.67650633378418,149.05931635918623,148.66836593489325,148.99415588378906,45368800,0.0,0.0,0.0,SPY,0.002191287379796014,0.0021888900111825286,0.49617398095598175,0.09576885041256568,0.10561277294525219,0.11252500310678143,144.3602001953125,135.009271774292,True
2013-12-26,149.32815668497318,149.8331474585058,149.31187588086502,149.75169372558594,63365000,0.0,0.0,0.0,SPY,0.005084346008763729,0.005071464366297075,0.5037810471644715,0.09662043290565753,0.10576014734901013,0.11246820467901987,144.60579040527344,135.1357042694092,True
2013-12-27,149.94716742583682,150.01231549506932,149.5887909045877,149.74354553222656,61814000,0.0,0.0,0.0,SPY,-5.441136027684035e-05,-5.441284062860281e-05,0.5036992243921368,0.09666362818177963,0.10510476502778046,0.1124471182767748,144.8128192138672,135.2587826538086,True
2013-12-30,149.75980012247976,149.88198069411666,149.52360423559549,149.71908569335938,56857000,0.0,0.0,0.0,SPY,-0.0001633448625798506,-0.0001633582048048586,0.5034536028489669,0.09663199666187612,0.10425421903357877,0.11181337625040018,145.0007275390625,135.38256477355958,True
2013-12-31,149.92271035840272,150.4276885986328,149.80867018483627,150.4276885986328,86119900,0.0,0.0,0.0,SPY,0.0047328829320045784,0.0047217180557561555,0.5105692727449516,0.09728152902962915,0.1036550359689928,0.11073961554975681,145.18385101318358,135.5133380126953,True
2014-01-02,149.84942358396367,149.92273691254042,148.62769219687948,148.98606872558594,119636900,0.0,0.0,0.0,SPY,-0.009583474202634057,-0.009629691208214027,0.49609277108830874,0.10355904847347934,0.10589392052069736,0.10849566151983947,145.33798126220702,135.63834659576415,True
2014-01-03,149.2385316363322,149.53990044323353,148.74984662432476,148.96160888671875,81390600,0.0,0.0,0.0,SPY,-0.00016417534254320465,-0.00016418882078997161,0.49584714954513887,0.10190452560875482,0.1037472113717599,0.10845277126589555,145.4752569580078,135.75890243530273,True
2014-01-06,149.45029722263197,149.50730487791859,148.3018670080223,148.52992248535156,108028200,0.0,0.0,0.0,SPY,-0.002897970857011045,-0.002902178104842166,0.4915122280992139,0.10277627196617858,0.10336459949526147,0.10846918771432187,145.61750915527344,135.88263278961182,True
2014-01-07,149.1244890957526,149.69462776724268,149.01046136145462,149.442138671875,86144200,0.0,0.0,0.0,SPY,0.006141632414932374,0.006122849456690476,0.5006725479465761,0.10232626582158326,0.10178586497281142,0.10852760949062372,145.76860870361327,136.00595233917235,True
2014-01-08,149.4177571206124,149.72726640504564,148.96164602445523,149.4747772216797,96582300,0.0,0.0,0.0,SPY,0.00021840258774896704,0.0002183787413758092,0.5010002987144115,0.09608146985010646,0.09823266086883431,0.10846039823266149,145.90739868164061,136.13204135894776,True
2014-01-09,149.95525875944134,149.97155198546506,148.88828237455223,149.57244873046875,90683400,0.0,0.0,0.0,SPY,0.0006534313721986429,0.0006532179788730918,0.501981099399271,0.09590961503195103,0.09823581867939062,0.10845028262253815,146.04360748291015,136.2536469268799,True
2014-01-10,149.8249512196929,150.0448662923849,149.05933109320978,149.97970581054688,102026400,0.0,0.0,0.0,SPY,0.002722808134351107,0.0027191080072518714,0.506070705754357,0.09470898921314773,0.08964484627127318,0.1082405305665494,146.17273071289063,136.3772887802124,True
2014-01-13,149.59690403565472,150.0122881487839,147.69914684178482,147.98422241210938,149892000,0.0,0.0,0.0,SPY,-0.013305022753932971,-0.013394327588983715,0.48603240074526344,0.09833111625774203,0.09377814432230844,0.10917636412610977,146.27620208740234,136.4890285873413,True
2014-01-14,148.47288162216654,149.67833175144315,148.1959589281799,149.5968780517578,105016100,0.0,0.0,0.0,SPY,0.010897483619283888,0.010838533926862823,0.5022264144901101,0.10260263377618073,0.09563168843208586,0.10961662545518461,146.42002685546876,136.61131748199463,True
2014-01-15,149.94714828238259,150.63131477482432,149.62949866602804,150.40325927734375,98525800,0.0,0.0,0.0,SPY,0.005390361323629689,0.005375885323311008,0.5103239576541125,0.10312175931289265,0.09440023859777494,0.10970450238574038,146.573173828125,136.73455089569092,True
2014-01-16,150.0937359338677,150.40324512049813,149.72721909227923,150.207763671875,72290600,0.0,0.0,0.0,SPY,-0.0012998096344990495,-0.0013006551197680303,0.5083608240227391,0.10252530493789648,0.0910485084262941,0.1097228476452338,146.71236724853514,136.8631823348999,True
2014-01-17,149.9471183604745,150.23218146139467,149.31181925453913,149.57244873046875,107848700,0.0,0.0,0.0,SPY,-0.004229574596384289,-0.004238544548673988,0.5019810993992713,0.10320873065474018,0.09099475887231662,0.10970968877270534,146.84792785644532,136.98611083984375,True
2014-01-21,150.43589676229394,150.49291687476168,149.09199684041417,150.01235961914062,88621200,0.0,0.0,0.0,SPY,0.00294112246209588,0.0029368058231985864,0.5063986097483579,0.08680557818046361,0.0903368376063899,0.1097202608943207,146.97770416259766,137.1140454864502,True
2014-01-22,150.26480099779204,150.32996148814357,149.792396763813,150.11004638671875,61270900,0.0,0.0,0.0,SPY,0.000651191460664613,0.0006509795275064426,0.5073795636593832,0.08648684033154944,0.09032025978176629,0.1096304693562215,147.14572540283203,137.23825859069825,True
2014-01-23,149.35259230368487,149.37702593826654,148.090146423316,148.88018798828125,132496900,0.0,0.0,0.0,SPY,-0.008193045222763429,-0.008226792673773985,0.4950295347264524,0.0902007808577927,0.09161269418849487,0.11000830356208123,147.25091278076172,137.35415729522705,True
2014-01-24,147.9109255097854,147.9597927681646,145.65479179923798,145.7036590576172,208677100,0.0,0.0,0.0,SPY,-0.021336142663348157,-0.02156704848877687,0.4631313712876097,0.11537753553235587,0.10116366276989891,0.11223277385266901,147.29208404541015,137.44647506713866,True
2014-01-27,145.84212227570643,146.21679197483624,144.26201461831548,144.98690795898438,180843100,0.0,0.0,0.0,SPY,-0.004919238839083517,-0.004931378121510697,0.45593387861929013,0.11558022094819673,0.10156917668217118,0.11227490208315628,147.32475372314454,137.53312385559082,True
2014-01-28,145.09280093360817,146.03760940450385,145.07650770394645,145.85028076171875,110463200,0.0,0.0,0.0,SPY,0.005954832852760772,0.0059371729089376605,0.4646037215111396,0.11622097714079671,0.10184006555749273,0.11237634788178384,147.35168395996095,137.62565311431885,True
2014-01-29,144.63663887940328,145.426692459901,144.06650032339678,144.44931030273438,216597300,0.0,0.0,0.0,SPY,-0.009605538307280947,-0.009651969057829312,0.4505354143591782,0.119661669109289,0.10374541910826168,0.11281280233917573,147.33617553710937,137.72593307495117,True
2014-01-30,145.6548160170101,146.45301036880016,145.1905521290308,145.98060607910156,118938100,0.0,0.0,0.0,SPY,0.010600921341596736,0.010545125553067506,0.4659124261900003,0.1269732939180364,0.10532591985912643,0.11314324916793947,147.33865661621093,137.8246873855591,True
2014-01-31,144.1724628725208,146.02949382872978,144.09916196248267,145.1254119873047,194677900,0.0,0.0,0.0,SPY,-0.005858271963424255,-0.005875498951826942,0.45732471252281615,0.12606378106012464,0.10552165888627496,0.11329262520223343,147.33424041748046,137.92838787078858,True
2014-02-03,144.9543071854153,145.28009713734875,141.58233022773507,141.8592529296875,254837100,0.0,0.0,0.0,SPY,-0.022505769409308596,-0.022762889349045672,0.4245264985882906,0.14307528279084852,0.11480496335712599,0.11526332002000954,147.27081909179688,138.01964710235595,True
2014-02-04,142.4945898096107,143.2194832087016,141.81042327233024,142.85296630859375,165012400,0.0,0.0,0.0,SPY,0.007004924658659872,0.006980504150147261,0.4345051993851661,0.14653256745405957,0.11556972443952886,0.11481422554133572,147.23634552001954,138.1105016708374,True
2014-02-05,142.3561174770932,142.9914167025943,141.48462235620005,142.67376708984375,164230500,0.0,0.0,0.0,SPY,-0.0012544312055998708,-0.0012552186630343353,0.432705711298462,0.14650935668432816,0.11537963545346634,0.11444574595436002,147.17495666503908,138.19769397735595,True
2014-02-06,143.0077155505298,144.55523681640625,142.71449955584774,144.55523681640625,132877600,0.0,0.0,0.0,SPY,0.013187215596387247,0.013101021217758487,0.45159911039953027,0.15324370921242247,0.11817900503925785,0.11512570050024193,147.13661682128907,138.2878380203247,True
2014-02-07,145.23126304397763,146.50186154592444,144.75885880616022,146.34710693359375,170787200,0.0,0.0,0.0,SPY,0.012395746820734521,0.012319548594205811,0.46959276545724626,0.160629605619591,0.12028407515809861,0.11569452370130659,147.13702911376953,138.38654033660887,True
2014-02-10,146.36341659876052,146.66478545643793,145.9643256359276,146.61590576171875,92218800,0.0,0.0,0.0,SPY,0.001836721160787702,0.001835036451055698,0.4722919975873021,0.16083130142189433,0.11738405667937586,0.11560032813358548,147.14200805664063,138.48402069091796,True
2014-02-11,146.7380072877018,148.5950369873675,146.64026037902792,148.22036743164062,117814100,0.0,0.0,0.0,SPY,0.010943298829592552,0.010883854221827903,0.48840372888131767,0.16561505021533063,0.11634990243544867,0.11604150777091367,147.1719485473633,138.5906460571289,True
2014-02-12,148.44033346072038,148.91273765940124,148.0005157188268,148.29373168945312,94717700,0.0,0.0,0.0,SPY,0.0004949674534191484,0.0004948449974353276,0.4891404402846615,0.15894625552172953,0.11634765264995642,0.11603904819114734,147.20529907226563,138.69338802337646,True
2014-02-13,147.2919051830407,149.21409603225047,147.28376478278057,149.05934143066406,100542200,0.0,0.0,0.0,SPY,0.005162792334434174,0.0051495108156256065,0.4968285631346592,0.15525792467876232,0.11659287612573084,0.11612020631875407,147.2615786743164,138.79843448638917,True
2014-02-14,148.92091716483674,150.15894185791888,148.7824557573617,149.88201904296875,96498400,0.0,0.0,0.0,SPY,0.005519128183505195,0.005503953603582601,0.5050897518433313,0.1553161969849923,0.11605489641168243,0.11621445869839926,147.34694793701172,138.91320762634277,True
2014-02-18,150.01227754486263,150.26477906866037,149.5806002338624,150.0611572265625,80460900,0.0,0.0,0.0,SPY,0.0011951946253299095,0.0011944809488319754,0.5068886270253736,0.15531776802929845,0.11572013254202547,0.1161968840294574,147.43622467041016,139.02298233032226,True
2014-02-19,149.67021767540817,150.6394597833955,148.945324301651,149.0675048828125,126524300,0.0,0.0,0.0,SPY,-0.00662164921365882,-0.006643669594132965,0.49691053913315963,0.1563559823086877,0.11633311962357057,0.11624596456046399,147.51842681884764,139.1212934112549,True
2014-02-20,149.27108710415973,150.28919620292314,148.7253821185933,149.94711303710938,104998100,0.0,0.0,0.0,SPY,0.005900737085445806,0.005883395920036152,0.5057434146650173,0.15741729820715195,0.11658052304909793,0.11558931647649114,147.58581817626953,139.2223585510254,True
2014-02-21,150.23220350015177,150.59057995670685,149.70279164357203,149.77609252929688,118116400,0.0,0.0,0.0,SPY,-0.0011405388496554814,-0.0011411897590613135,0.504026055802979,0.1574500468635328,0.11650175310486638,0.11539599763242647,147.6423355102539,139.31928092956542,True
2014-02-24,150.0937415044707,151.6168290104019,150.02858101917795,150.60687255859375,114063900,0.0,0.0,0.0,SPY,0.005546813348294322,0.005531486430049533,0.5123686076054894,0.1556905257809868,0.1166840168580714,0.11514704842640919,147.7259991455078,139.41739013671875,True
2014-02-25,150.72905396595795,151.16073134443212,150.05302785315484,150.54986572265625,117085000,0.0,0.0,0.0,SPY,-0.00037851417381584707,-0.00037858582838782136,0.5117961546514767,0.1338935914005736,0.11572769360686222,0.11340617494988961,147.8414126586914,139.51705848693848,True
2014-02-26,150.76976090401365,151.16886419828413,150.13446173556108,150.55799865722656,98677200,0.0,0.0,0.0,SPY,5.402153320610559e-05,5.4020074095629305e-05,0.511877824197646,0.1319397661690468,0.11537508826232032,0.11325561295425438,147.96654663085937,139.6146425628662,True
2014-02-27,150.33805382551694,151.38873687980956,150.1670060395169,151.3480224609375,93880800,0.0,0.0,0.0,SPY,0.005247305428850435,0.005233586293121537,0.519811108912317,0.13168358573359504,0.11572942065716155,0.11273286695819588,148.10780731201172,139.71565544128418,True
2014-02-28,151.3235913074153,152.43129454211928,150.7208786541801,151.7308349609375,150842000,0.0,0.0,0.0,SPY,0.0025293525067286993,0.0025261590784141693,0.5236552469503986,0.12498367754715507,0.11579452777361296,0.1127073478278377,148.23873840332033,139.81180641174316,True
2014-03-03,150.3950818231304,151.0466741784235,149.66204819098218,150.6638641357422,167748500,0.0,0.0,0.0,SPY,-0.007031997322561323,-0.007056838338873205,0.5129409073333369,0.1252854937386847,0.11672822189361584,0.11296184169284423,148.3575668334961,139.89905364990236,True
2014-03-04,152.1381487233349,153.10739105386202,152.10557468440183,152.78160095214844,167545900,0.0,0.0,0.0,SPY,0.014056036784628523,0.01395816674325406,0.5342068603797836,0.12940385390987133,0.11982997147868453,0.11364203299566011,148.4693341064453,140.00001724243165,True
2014-03-05,152.9118577696534,153.18064008337183,152.67564948119306,152.9199981689453,88376900,0.0,0.0,0.0,SPY,0.0009058500233953826,0.0009054399888641165,0.535596621700152,0.09262805289071355,0.11964509771265057,0.11335480163583272,148.5872708129883,140.09525718688965,True
2014-03-06,153.2946944713937,153.62048449299027,152.9444583914894,153.27024841308594,82516500,0.0,0.0,0.0,SPY,0.0022904149119442607,0.002287795910014852,0.5391137751012252,0.09187973171190984,0.11923927943388134,0.11336253720162609,148.69510864257813,140.19228874206544,True
2014-03-07,153.9055392864851,153.9055392864851,152.65936217344085,153.33538818359375,114513500,0.0,0.0,0.0,SPY,0.0004249994449820882,0.0004249091582982585,0.5397678976014075,0.09099384263107087,0.11922667667550532,0.11335966597972386,148.7884487915039,140.28868377685546,True
2014-03-10,153.0991974320143,153.31095968170743,152.37430414380194,153.2539520263672,74939200,0.0,0.0,0.0,SPY,-0.0005310982558641708,-0.0005312393384975669,0.5389501295565557,0.08469434810582614,0.11878537207261977,0.1133174411643359,148.87364471435546,140.38964347839357,True
2014-03-11,153.4820258175684,153.7019409214731,152.1462668205312,152.49649047851562,99009100,0.0,0.0,0.0,SPY,-0.0049425253824531,-0.004954780057066733,0.531343829478893,0.08116585255190928,0.11749122259308768,0.11342727261962537,148.92854064941406,140.48874015808104,True
2014-03-12,151.75525443328888,152.59417521835616,151.41315888753078,152.5371551513672,104824400,0.0,0.0,0.0,SPY,0.00026665972917783165,0.0002666241817914796,0.53175217720974,0.08138133705720495,0.11743081309750145,0.11338679053644338,148.98441284179688,140.58860160827638,True
2014-03-13,152.99335281386692,153.11553341472668,150.40328812649247,150.82681274414062,155014300,0.0,0.0,0.0,SPY,-0.01121262819887614,-0.011275963596991153,0.5145772095538681,0.08639543581711885,0.11951351865128142,0.11402370398078183,149.0065673828125,140.67594177246093,True
2014-03-14,150.5580138852254,151.3317744965411,150.2240710395958,150.40325927734375,153919600,0.0,0.0,0.0,SPY,-0.002808210682774148,-0.0028121611038700507,0.5103239576541128,0.08731667388397747,0.11732069227869064,0.11398891544281989,149.00607879638673,140.76549461364746,True
2014-03-17,151.1607482225117,152.12185003736062,151.09558772420888,151.7634735107422,98359500,0.0,0.0,0.0,SPY,0.009043781630358128,0.00900313154046975,0.5239829977182349,0.09078909169700909,0.11823298442088921,0.11427018804738744,149.06162689208983,140.85940284729003,True
2014-03-18,152.0729648334404,153.0503473365107,151.91005739285134,152.8467254638672,101804600,0.0,0.0,0.0,SPY,0.007137764628511345,0.0071124113588575824,0.5348608296538007,0.09199810571815635,0.11888594635278543,0.11426877016073304,149.1393292236328,140.9682703399658,True
2014-03-19,152.86299479230533,153.07476947793918,151.06298453296858,152.0322265625,176267300,0.0,0.0,0.0,SPY,-0.0053288606536732175,-0.005343109674848543,0.5266817701697943,0.09451961058358908,0.11904371102297914,0.11439196924819282,149.20937530517577,141.06945625305175,True
2014-03-20,151.69826715827463,153.03402589948428,151.4294848445562,152.9199981689453,117241000,0.0,0.0,0.0,SPY,0.005839364630237487,0.005822381621842247,0.5355966217001522,0.09229017642751142,0.11919698562932002,0.11433583439209616,149.27893249511717,141.1782489013672,True
2014-03-21,153.56223179984505,154.63391760004137,152.18784706463313,152.32691955566406,163128000,0.825,0.0,0.0,SPY,-0.0038783587521759033,-0.003885899087879975,0.5296410271025698,0.09227391269846702,0.11493382553757621,0.11404666747611018,149.33597534179688,141.29325805664064,True
2014-03-24,152.8504592261844,153.03862710017503,151.03431593396604,151.69696044921875,121411000,0.0,0.0,0.0,SPY,-0.004135573070622733,-0.004144148203157897,0.5233150848631647,0.09362706091999719,0.11526974298088323,0.11392625203219002,149.37846557617186,141.39926330566405,True
2014-03-25,152.4659835720548,152.93229644219056,151.5661005948833,152.41690063476562,103852000,0.0,0.0,0.0,SPY,0.004745910421770638,0.0047346840943223055,0.5305446018000572,0.09313623847315086,0.11508961252697764,0.11388419975061208,149.42720947265624,141.50056846618654,True
2014-03-26,153.0141179508342,153.25954515354508,151.2797873554504,151.32069396972656,119843000,0.0,0.0,0.0,SPY,-0.007192159533973785,-0.007218147796144296,0.5195366808500488,0.0969380125383417,0.11567744321955761,0.11393794151889054,149.49393890380858,141.5963925933838,True
2014-03-27,151.14073572939913,151.62340138886566,150.44536063949477,151.0016632080078,142383000,0.0,0.0,0.0,SPY,-0.002108308872695086,-0.0021105344845815037,0.5163330281834271,0.09728495407689108,0.11571238564130504,0.11397186438090637,149.5220346069336,141.69743766784669,True
2014-03-28,151.43517279184516,152.50685830850247,151.3451832646404,151.7460479736328,101642000,0.0,0.0,0.0,SPY,0.004929646136411003,0.004917535216288442,0.523808013437324,0.09708157966281969,0.11568646515768181,0.1140246703794175,149.54889038085938,141.80761779785155,True
2014-03-31,152.71140277739622,153.22679855794277,151.7706132405654,152.9895477294922,99745000,0.0,0.0,0.0,SPY,0.008194610485509513,0.008161216972190036,0.5362950265621409,0.100750589559608,0.11677351426291485,0.11416574513736363,149.60452606201173,141.9141519165039,True
2014-04-01,153.48857152758842,154.09395682246264,152.98136458073952,154.00396728515625,89193000,0.0,0.0,0.0,SPY,0.006630646150139086,0.006608760108418105,0.546481655265493,0.09913384332284186,0.11743673604136232,0.1142396467986058,149.69315643310546,142.0298880767822,True
2014-04-02,154.20031185811547,154.72388394468092,153.9139781070333,154.5193634033203,78774000,0.0,0.0,0.0,SPY,0.0033466418252052765,0.0033410542823181493,0.5516571754549171,0.08773458702538371,0.11726505275903301,0.11373441145344022,149.78329650878905,142.1431494140625,True
2014-04-03,154.7565934479038,154.79750005057303,153.84034546623693,154.31483459472656,77435000,0.0,0.0,0.0,SPY,-0.0013236451671102545,-0.0013245219591675776,0.5496033319336142,0.08796133336766564,0.11554262241232237,0.11371090814932638,149.86739227294922,142.25017532348633,True
2014-04-04,155.15743380212484,155.1901515893539,152.24506390405557,152.490478515625,169381000,0.0,0.0,0.0,SPY,-0.011822298769219586,-0.011892737861733763,0.5312834583697168,0.09732246764600035,0.11817216479009389,0.11429228308334256,149.9395980834961,142.3572615814209,True
2014-04-07,152.12234937006815,152.37595279941047,150.49437413670003,150.80523681640625,140803000,0.0,0.0,0.0,SPY,-0.01105145524903095,-0.011112976265009069,0.5143605477559625,0.10423149901995984,0.12020443242015237,0.11475156555302293,150.04162963867188,142.47216011047362,True
2014-04-08,150.73981869049703,151.672431880695,150.1917051253138,151.42701721191406,112660000,0.0,0.0,0.0,SPY,0.0041230689904010465,0.0041145924330837184,0.5206043607707018,0.10560458487710572,0.11987097576296861,0.1147692043020798,150.17043182373047,142.58811569213867,True
2014-04-09,151.83602793722804,153.10404508214293,151.39425665588783,153.05496215820312,100254000,0.0,0.0,0.0,SPY,0.010750690175788336,0.010693312373818833,0.5369519071333002,0.11122260610685744,0.12170095550397046,0.11462841843874572,150.31452545166016,142.72031299591063,True
2014-04-10,153.04687829648066,153.12050272687122,149.65182837185006,149.83999633789062,172959000,0.0,0.0,0.0,SPY,-0.02100530276822643,-0.02122905298133836,0.5046677669837623,0.1332792031524105,0.12901065365927358,0.11664708848623964,150.42233917236328,142.8303488922119,True
2014-04-11,149.0054162726066,150.05255996194825,148.32640689104426,148.49002075195312,167251000,0.0,0.0,0.0,SPY,-0.00900944753691324,-0.00905027803453736,0.4911115416766376,0.1313177129386581,0.13015556260864541,0.11700672022372276,150.47252746582032,142.9273069000244,True
2014-04-14,149.6517995906639,150.01175782505487,148.43286486768528,149.6599884033203,132382000,0.0,0.0,0.0,SPY,0.007879099520913702,0.007848221504211248,0.5028601579102909,0.13435036955957583,0.1283194957466542,0.11476131259409744,150.5632189941406,143.02632530212404,True
2014-04-15,149.97083103421977,150.79708954108472,148.49009180467453,150.69073486328125,157093000,0.0,0.0,0.0,SPY,0.0068872547095431,0.006863645908721849,0.5132107386106433,0.1326777756177274,0.12720790091128864,0.11406463056104346,150.7398486328125,143.1331581878662,True
2014-04-16,151.72973124361576,152.27784490856806,151.05889773899173,152.26966857910156,105197000,0.0,0.0,0.0,SPY,0.010477974755733088,0.010423461241740805,0.5290661225299098,0.13551273351355653,0.12846097226326447,0.1134344950883795,150.92818267822267,143.2440965270996,True
2014-04-17,152.06515857379648,152.907782436451,151.8033662173094,152.4823760986328,105255000,0.0,0.0,0.0,SPY,0.0013969132626092673,0.0013959384869567358,0.5312020952758785,0.13426826806155928,0.1284438223677437,0.11321269656812086,151.12435485839845,143.3567032623291,True
2014-04-21,152.52321162949568,153.06314875089637,152.33505626280422,153.01405334472656,68329000,0.0,0.0,0.0,SPY,0.003486811129896239,0.0034807462978289506,0.5365411077838069,0.13326130160259295,0.12827191227991738,0.11297037380281576,151.29353118896483,143.47168586730956,True
2014-04-22,153.16944414700683,154.1265983064886,153.08764346091994,153.70938110351562,85790000,0.0,0.0,0.0,SPY,0.004544208480135925,0.004533914737607937,0.5435234709158756,0.1333165585111167,0.12844128428702914,0.11297384354536735,151.44077667236328,143.5831318664551,True
2014-04-23,153.65218617039667,153.73398689071473,153.22677998273934,153.3494873046875,73869000,0.0,0.0,0.0,SPY,-0.0023413912426447636,-0.0023441365852382404,0.5399094785782566,0.13267994879807357,0.1285586790445378,0.11261681451490853,151.57544830322266,143.68902976989747,True
2014-04-24,154.10211343354973,154.11847856995064,152.92407327151582,153.6603546142578,88170000,0.0,0.0,0.0,SPY,0.002027181929553201,0.002025129968929148,0.543031155246378,0.13192862549831524,0.1274111857864496,0.11262351450359138,151.684248046875,143.79172561645507,True
2014-04-25,153.161366228237,153.25135577880604,152.05695015152114,152.40054321289062,100380000,0.0,0.0,0.0,SPY,-0.00819867560848575,-0.008232469586682108,0.5303803433507259,0.1327041686931722,0.12078247676734855,0.11293351860917336,151.76638427734375,143.88788070678712,True
2014-04-28,153.02229698059574,153.54586915419833,151.31250796649687,152.8832244873047,135121000,0.0,0.0,0.0,SPY,0.00316718867425414,0.003162183697224869,0.5352273466414874,0.1327200597318386,0.12032381067538639,0.1129311213099007,151.84286193847657,143.9773797607422,True
2014-04-29,153.3739935386797,153.83211741264358,153.04676576668817,153.59487915039062,84098000,0.0,0.0,0.0,SPY,0.004654890459515615,0.004644089960710578,0.5423736617705563,0.13261109990134493,0.12012847720344345,0.11284175813341958,151.917119140625,144.07015502929687,True
2014-04-30,153.34129692403715,154.20846187417573,153.12858760823187,154.0530242919922,101508000,0.0,0.0,0.0,SPY,0.0029828152093076543,0.0029783754424994834,0.5469742773873212,0.13005978152008382,0.11829964761065849,0.11285199751778166,151.99695648193358,144.1626412963867,True
2014-05-01,153.97945319571733,154.48666023274524,153.57858837045453,154.06944274902344,93019000,0.0,0.0,0.0,SPY,0.000106576661553337,0.00010657098266443084,0.547139148741314,0.12804573877757072,0.11670700174374941,0.11244808696028037,152.0969952392578,144.2577488708496,True
2014-05-02,154.0530465369734,154.73205621443597,153.61946399929556,153.84852600097656,98122000,0.0,0.0,0.0,SPY,-0.001433877763851843,-0.001434906750317509,0.5449207403183491,0.12756557180283987,0.11600157549502868,0.11214579527630121,152.17502349853515,144.3500188446045,True
2014-05-05,153.09589174424988,154.24939056180534,152.67048553465878,154.14303588867188,75883000,0.0,0.0,0.0,SPY,0.0019142847536508523,0.0019124548455298092,0.5478781585371395,0.12769167313087063,0.10575834198815373,0.1117553836967743,152.26236236572265,144.4400528717041,True
2014-05-06,153.7994682379783,153.90582292864266,152.76868906173286,152.80140686035156,85454000,0.0,0.0,0.0,SPY,-0.008703792685705869,-0.00874189192226361,0.5344057479425002,0.12447701586169142,0.10699817184546702,0.11213641565670411,152.3062530517578,144.5221694946289,True
2014-05-07,153.31682473836537,153.77494888257928,152.17150189488387,153.70132446289062,106500000,0.0,0.0,0.0,SPY,0.005889458880188991,0.005872183811259053,0.5434425675005332,0.11902310721513898,0.10731500109456335,0.11217171977782088,152.3692822265625,144.60745552062988,True
2014-05-08,153.5622279025259,154.6584551449093,153.04683207953374,153.5376739501953,93618000,0.0,0.0,0.0,SPY,-0.0010647306603712714,-0.0010652978887268644,0.5417992168763932,0.11862728023667944,0.10459820765881894,0.11211759796473075,152.4288757324219,144.6933745574951,True
2014-05-09,153.5622030990017,153.83215921864235,152.842286825446,153.7667236328125,83679000,0.0,0.0,0.0,SPY,0.0014918142024966663,0.0014907025531348172,0.5440992948455277,0.11292850039937714,0.10200188342706676,0.11206643458309963,152.47724975585936,144.782938079834,True
2014-05-12,154.45394620509006,155.3374766183252,153.7994778453293,155.2638397216797,86940000,0.0,0.0,0.0,SPY,0.009736281384535639,0.009689189218595603,0.5591330800658068,0.08735488738119371,0.103538425383701,0.11240332474293989,152.54790985107422,144.87833435058593,True
2014-05-13,155.46832865441013,155.77920387067275,155.24745545827494,155.40289306640625,66454000,0.0,0.0,0.0,SPY,0.0008955938805572661,0.0008951930756455862,0.5605294301112882,0.07831202104090783,0.10151970757831191,0.11240345606616575,152.6426904296875,144.97370040893554,True
2014-05-14,155.26379187988817,155.3374287538438,154.44570980300117,154.66659545898438,72367000,0.0,0.0,0.0,SPY,-0.004737991635118677,-0.00474925149765382,0.5531356547250643,0.07893840811017407,0.1021153924426344,0.11211649298915054,152.68039031982423,145.06748085021974,True
2014-05-15,154.3557379295463,154.38846820681275,152.55595965113503,153.30859375,154956000,0.0,0.0,0.0,SPY,-0.008780187505611048,-0.008818960474728941,0.5394988324549284,0.08415145017329986,0.10343139247058108,0.11240883943895265,152.68816223144532,145.15447128295898,True
2014-05-16,153.3985911636536,153.90581062377782,152.75231170830915,153.84036254882812,97458000,0.0,0.0,0.0,SPY,0.0034686170280531226,0.0034626152505836073,0.5448387643198493,0.07724989358156792,0.10310510388008792,0.11232039516925105,152.69956451416016,145.24363677978516,True
2014-05-19,153.5458421704744,154.52753826309055,153.40676970162355,154.4048309326172,63839000,0.0,0.0,0.0,SPY,0.0036691826152575047,0.0036624675854931383,0.5505070598572677,0.07797985284779077,0.10329782294523705,0.11199391807200268,152.72095336914063,145.32776473999024,True
2014-05-20,154.33120312702025,154.34756826636007,153.03864422688005,153.4313201904297,111644000,0.0,0.0,0.0,SPY,-0.00630492411608774,-0.006324884091793413,0.5407312305034093,0.0807534291064277,0.10321130138692089,0.11220428984483224,152.7245007324219,145.4058561706543,True
2014-05-21,153.8730948988273,154.79753188088128,153.8485534287679,154.72390747070312,89093000,0.0,0.0,0.0,SPY,0.00842453339167748,0.008389245063525303,0.5537111722023855,0.08445272828681376,0.10387148014400815,0.11247596014212458,152.76904907226563,145.49141830444336,True
2014-05-22,154.7647573114395,155.41922545261286,154.50297754473507,155.1001739501953,61549000,0.0,0.0,0.0,SPY,0.0024318574009865035,0.0024289052209956227,0.5574895762155012,0.08417080359937423,0.10388521973731579,0.11220250468194275,152.8203094482422,145.58277145385742,True
2014-05-23,155.23923071818294,155.8282507374372,155.10015828071184,155.72190856933594,61092800,0.0,0.0,0.0,SPY,0.004008600398734963,0.004000587367046505,0.5637329295517441,0.08488456849504189,0.10363128763750236,0.11219702012224649,152.9182113647461,145.67945030212402,True
2014-05-27,156.30276913643442,156.72817533755978,156.21277960317602,156.67909240722656,72010000,0.0,0.0,0.0,SPY,0.006146751261171701,0.006127937043818507,0.573344806908602,0.08047736402769978,0.10421342976220978,0.11232058408588011,153.04372802734375,145.7784161376953,True
2014-05-28,156.67907566392014,156.92450277230148,156.30275243334327,156.56454467773438,66723000,0.0,0.0,0.0,SPY,-0.0007310977344345826,-0.0007313651167128918,0.5721945380847868,0.08049000121433197,0.10424365402188743,0.11220316281732975,153.13974945068358,145.8787841796875,True
2014-05-29,156.92456115729144,157.3990379316358,156.52369631502572,157.37449645996094,64377000,0.0,0.0,0.0,SPY,0.005173277154759015,0.005159941728629719,0.5803279361714977,0.08079420570029437,0.10423046676137139,0.1120626063979262,153.23030487060547,145.98400825500488,True
2014-05-30,157.2272299611176,157.7262606340029,157.09633380493088,157.62808227539062,76316000,0.0,0.0,0.0,SPY,0.0016113526723449123,0.001610055836547223,0.582874401814629,0.08054590993640459,0.10417903409062197,0.11202629809113815,153.34222198486327,146.08848495483397,True
2014-06-02,157.8489510383801,157.88168131538646,157.04723401292904,157.80804443359375,64656000,0.0,0.0,0.0,SPY,0.0011416884327040133,0.0011410372020865074,0.584681551209604,0.0804639622538961,0.10301278644221677,0.1110029828140859,153.43998291015626,146.19736778259278,True
2014-06-03,157.4235736385262,157.80807332461316,157.27632481386928,157.7262725830078,65047000,0.0,0.0,0.0,SPY,-0.0005181728908651984,-0.00051830718883266,0.5838604121891129,0.080154726668447,0.09942636198639987,0.11090784265060226,153.54796997070312,146.3153546142578,True
2014-06-04,157.45625275403975,158.13526235173288,157.29263884105208,158.04527282714844,55529000,0.0,0.0,0.0,SPY,0.0020224927586032226,0.0020204502736010203,0.5870637584034037,0.08016778242701976,0.09946881636272296,0.11077525184485693,153.6749362182617,146.4371536254883,True
2014-06-05,158.22532586349251,159.23974008812743,157.64448184539734,159.0761260986328,92103000,0.0,0.0,0.0,SPY,0.0065225188519988375,0.006501339272165829,0.5974154116869141,0.07353607670939034,0.10012897382064474,0.10992670700658261,153.80812072753906,146.56837913513183,True
2014-06-06,159.4196841257512,159.8778081886605,159.34605971912887,159.8369140625,78696000,0.0,0.0,0.0,SPY,0.004782540174478989,0.004771140162114267,0.6050551150686387,0.07288187238886172,0.10047493123352398,0.10968927441193277,153.97844512939454,146.7001438140869,True
2014-06-09,159.81231766478186,160.38497254659222,159.66505641920767,160.00047302246094,65119000,0.0,0.0,0.0,SPY,0.0010232865225174859,0.0010227633217563415,0.6066975463357862,0.07217592874426296,0.10044692186797018,0.10903788458046447,154.1584213256836,146.8368377685547,True
2014-06-10,159.80418210755278,160.04960927666667,159.46058906397107,160.0168914794922,57129000,0.0,0.0,0.0,SPY,0.00010261505307518348,0.00010260978851077063,0.6068624176897792,0.07245304332476674,0.0997989460682734,0.10903719348817592,154.3238381958008,146.9675678253174,True
2014-06-11,159.4442519224965,159.62423104592162,159.1006588185795,159.4606170654297,68772000,0.0,0.0,0.0,SPY,-0.0034763480837508576,-0.003482404622248404,0.601276404603192,0.06883433354296299,0.10015791524239569,0.1085517229501641,154.45325958251954,147.0932590484619,True
2014-06-12,159.27243660676666,159.36242615435114,157.97986514280066,158.33163452148438,106350000,0.0,0.0,0.0,SPY,-0.007080008623584266,-0.007105190815121667,0.5899393538498594,0.07469077403526289,0.09848301646552733,0.10845764424776462,154.5398129272461,147.21580436706543,True
2014-06-13,158.64254351048177,158.96978397262725,158.13533639784032,158.81434631347656,82017000,0.0,0.0,0.0,SPY,0.003048738765636161,0.00304410078587368,0.594786663592952,0.07211092840499524,0.09830971775919273,0.10751500865970917,154.6257125854492,147.35152542114258,True
2014-06-16,158.6179625319862,159.28060713874504,158.42980711495517,158.9451904296875,87424000,0.0,0.0,0.0,SPY,0.0008238809606826436,0.0008235417570601078,0.5961005779614368,0.06224365246330165,0.09690081869246993,0.10728249035174146,154.71831970214845,147.48556297302247,True
2014-06-17,158.72433347477812,159.50150917363575,158.55253069697284,159.38697814941406,84834000,0.0,0.0,0.0,SPY,0.002779497250166907,0.002775641590562841,0.6005369351288703,0.0620463251312469,0.09612246801825748,0.1070757886729127,154.8562496948242,147.62076133728027,True
2014-06-18,159.38695691462527,160.64679801321802,159.03517507663227,160.5568084716797,105267000,0.0,0.0,0.0,SPY,0.007339560206536921,0.007312756705228832,0.6122841723270347,0.06476089580976178,0.09624100221169705,0.10703939970708955,155.05128112792968,147.76390510559082,True
2014-06-19,160.69589453731265,160.83497950840575,160.18051119486776,160.73680114746094,85929000,0.0,0.0,0.0,SPY,0.0011210529001826064,0.0011204249896169284,0.6140916281743405,0.05767044644741141,0.09571485881851625,0.10603277848554404,155.23747680664061,147.9049658203125,True
2014-06-20,161.1370875380497,161.19463371160066,160.8658253115053,161.0631103515625,100587000,0.937,0.0,0.0,SPY,0.002030083974373653,0.0020280261384846075,0.6173683697218679,0.05307873546863257,0.09526705310845184,0.10287394493754166,155.39763977050782,148.04217643737792,True
2014-06-23,161.10426049053268,161.15357862940493,160.71791834568458,161.0138397216797,70611000,0.0,0.0,0.0,SPY,-0.0003059088439014701,-0.00030595564355638755,0.6168736024337236,0.05359039648026355,0.09475023509267234,0.1028560754317204,155.6211166381836,148.17829383850096,True
2014-06-24,160.72613253379137,161.52347588637147,159.8630274823348,160.0438690185547,96237000,0.0,0.0,0.0,SPY,-0.006024144910783069,-0.006042363275297084,0.607133321550243,0.059317789690310964,0.09544888960391884,0.10219124671557234,155.85219360351562,148.30923934936524,True
2014-06-25,159.70677644488995,160.9315640429211,159.67390188094728,160.7671661376953,82782000,0.0,0.0,0.0,SPY,0.004519367868173418,0.004509186190182949,0.6143965482435281,0.057897076127454344,0.09433396156874223,0.10188414212846454,156.07433715820312,148.43739219665528,True
2014-06-26,160.79194537191879,160.8083889375581,159.5753849126856,160.65220642089844,84312000,0.0,0.0,0.0,SPY,-0.0007150696224775821,-0.0007153254067030324,0.6132421423132464,0.05789024905818374,0.09418966884527522,0.10149812771109584,156.27356658935548,148.55997207641602,True
2014-06-27,160.27400134883436,161.01381092790436,160.20002415375518,160.96449279785156,71445100,0.0,0.0,0.0,SPY,0.0019438660937836083,0.0019419792308984988,0.616378069014752,0.056177213470723,0.09387227690945882,0.10138050161313852,156.44746307373046,148.68197700500488,True
2014-06-30,160.86585014293937,161.2521922334639,160.72611125486281,160.88229370117188,70201200,0.0,0.0,0.0,SPY,-0.0005106660186412482,-0.0005107964529400119,0.6155526396616293,0.05640508558414782,0.09275092466267489,0.10126731204746908,156.61546142578126,148.80538459777833,True
2014-07-01,161.2768126662575,162.45228221448488,161.21927904036554,161.95907592773438,90470000,0.0,0.0,0.0,SPY,0.006692981569261791,0.006670683008725231,0.6263655037030569,0.05978307263154819,0.09276689164070355,0.10131179445481925,156.79436187744142,148.93264457702637,True
2014-07-02,161.97556549505995,162.32902048485818,161.90158829385945,162.12351989746094,52475000,0.0,0.0,0.0,SPY,0.0010153427264547599,0.0010148276146758567,0.6280168220877986,0.05944863950193975,0.0926255327221348,0.10129537600622597,156.96264465332033,149.05677658081055,True
2014-07-03,162.58388961819523,162.99489092042742,162.46059424463132,162.92091369628906,52938800,0.0,0.0,0.0,SPY,0.004918433792533428,0.00490637781191578,0.636024115040368,0.060714646254063476,0.09289036021774483,0.10137398339484603,157.15407318115234,149.18183219909668,True
2014-07-07,162.60851474212353,162.74002558873494,162.11530830335832,162.3536834716797,61696000,0.0,0.0,0.0,SPY,-0.003481629287120147,-0.003487704263007945,0.6303280855670086,0.06008060407402793,0.08969803640402703,0.10098237680180895,157.32793975830077,149.2960707092285,True
2014-07-08,162.0577200712178,162.1152662426731,160.915137575856,161.30970764160156,108143000,0.0,0.0,0.0,SPY,-0.006430256510073118,-0.006451019665602888,0.6198446577812362,0.0635885827938968,0.08762430688905988,0.10112680829775557,157.506123046875,149.406258392334,True
2014-07-09,161.71250067583443,162.1810479833361,161.36726123266644,162.0330810546875,72992000,0.0,0.0,0.0,SPY,0.004484376195716289,0.004474351339761132,0.6271086506053485,0.0650979130247606,0.08767819556966722,0.10099109821856661,157.68912017822265,149.52493141174315,True
2014-07-10,160.4712986440051,161.8193819868319,160.33977525866578,161.39193725585938,99040000,0.0,0.0,0.0,SPY,-0.0039568697617478055,-0.003964718883045796,0.62067039358669,0.06698751318942818,0.0860100159744261,0.10110221279595223,157.84506134033202,149.6435986328125,True
2014-07-11,161.29323502618158,161.72889508703625,160.93155213579158,161.6138153076172,64243000,0.0,0.0,0.0,SPY,0.0013747777957833218,0.0013738336540137965,0.6228984552580763,0.06552780432797504,0.07364692294309119,0.1002793586538533,157.99627716064452,149.7649954986572,True
2014-07-14,162.43585832902872,162.64135888293202,162.2961194575055,162.42764282226562,58658000,0.0,0.0,0.0,SPY,0.0050356308530887794,0.005022994467738542,0.631070772790804,0.06079627513936046,0.07103461657193197,0.10037099217799202,158.16344116210936,149.8924462890625,True
2014-07-15,162.5263055641533,162.83867047068046,161.40838186700188,162.12351989746094,111307000,0.0,0.0,0.0,SPY,-0.0018723594058276394,-0.0018741144617724335,0.6280168220877986,0.06132290774985293,0.07011027290565482,0.10035775307675103,158.32894104003907,150.015743560791,True
2014-07-16,162.84685182803247,162.97014713751028,162.27966831891894,162.7235565185547,79986400,0.0,0.0,0.0,SPY,0.0037011077817288296,0.003694275535054555,0.6340422878168133,0.06203082604845942,0.06936014904731165,0.100300530937798,158.50055145263673,150.14520011901857,True
2014-07-17,162.22213704355468,162.83863868540845,160.64388180278203,160.87405395507812,145398000,0.0,0.0,0.0,SPY,-0.011365917775191137,-0.01143100346096144,0.6154698975323021,0.07523129140198931,0.07125456812599834,0.10101370712547626,158.66200439453124,150.26905487060546,True
2014-07-18,161.40014287178,162.68246434369235,161.30972212477292,162.51806640625,124330000,0.0,0.0,0.0,SPY,0.010219251711223398,0.010167388196719777,0.6319787910470889,0.07911385160546562,0.0736574298147296,0.10134935330668882,158.83833923339844,150.39574256896972,True
2014-07-21,162.00842765101223,162.3454515987707,161.46590313160976,162.21392822265625,67592000,0.0,0.0,0.0,SPY,-0.001871411531770839,-0.0018731648100764231,0.6289246871179179,0.0795388287250492,0.07370845649332991,0.10137694674999113,159.01186431884764,150.52155754089355,True
2014-07-22,162.76473119459854,163.21683513560683,162.6496513316841,162.92091369628906,67678000,0.0,0.0,0.0,SPY,0.0043583524631891635,0.004348882351179248,0.636024115040368,0.0805252723640978,0.07367242413114936,0.10143512709236471,159.19494812011717,150.65722625732423,True
2014-07-23,163.16745192125623,163.45515773519847,162.83865602768742,163.28253173828125,65612000,0.0,0.0,0.0,SPY,0.0022195925236847547,0.0022171328671502484,0.6396554219346795,0.08065879884095148,0.07341229301763318,0.10140591069526747,159.35532196044923,150.78955894470215,True
2014-07-24,163.43873843837656,163.6277954781041,163.1263735131875,163.290771484375,56888000,0.0,0.0,0.0,SPY,5.046312061685043e-05,5.046184739641284e-05,0.6397381640640067,0.07695820211442732,0.07340712138708273,0.10131201275755988,159.5130795288086,150.9278465270996,True
2014-07-25,162.83038185973717,162.97012070206418,162.20566482178884,162.5262451171875,76837000,0.0,0.0,0.0,SPY,-0.004681993723452127,-0.004692988588080291,0.6320609202717542,0.07819903848580068,0.07194302321240818,0.10144313426169642,159.67027252197266,151.0702098083496,True
2014-07-28,162.5591691587061,162.8304314208784,161.62208704518352,162.59205627441406,69259000,0.0,0.0,0.0,SPY,0.000404926337768563,0.00040484437722362946,0.6327217847232149,0.07807050837039298,0.07182177685933605,0.10144304154415702,159.85594177246094,151.21241584777832,True
2014-07-29,162.89621552218998,163.12637519277447,161.86871251323728,161.89337158203125,80466000,0.0,0.0,0.0,SPY,-0.0042971637630537796,-0.004306423106721775,0.6257057118347538,0.07967696260761833,0.07219466064539341,0.10149630033846653,160.017001953125,151.33666870117187,True
2014-07-30,162.46870864712082,162.68243721864235,161.24393355604488,161.91796875,104222000,0.0,0.0,0.0,SPY,0.0001519343733988876,0.00015192283254093143,0.6259527124134123,0.07962652646281515,0.07207597364362649,0.10149533971959124,160.16726470947265,151.4566293334961,True
2014-07-31,160.79187787095572,160.93161676331323,158.6217921998999,158.72042846679688,183479000,0.0,0.0,0.0,SPY,-0.01974790264408577,-0.01994549819870856,0.593843556544785,0.10238088079210206,0.08296865415703181,0.10353768824080542,160.273046875,151.55784812927246,True
2014-08-01,158.2847154558721,159.27111542423847,157.47094143977895,158.2353973388672,189261000,0.0,0.0,0.0,SPY,-0.003055883433625839,-0.0030605621796387173,0.5889729564245485,0.10237178402241857,0.08318432024374889,0.10301975052181923,160.3432766723633,151.6616641998291,True
2014-08-04,158.53957540438333,159.7150451846046,157.86554005840225,159.37802124023438,91340000,0.0,0.0,0.0,SPY,0.007221038532359669,0.007195091667613988,0.6004469913697676,0.1043785477483171,0.08423192265334725,0.10322795257911814,160.42883361816405,151.7615937805176,True
2014-08-05,158.72861820762353,159.13961927751095,157.2572273534825,157.83262634277344,152690000,0.0,0.0,0.0,SPY,-0.009696411622098888,-0.009743727935340663,0.5849283985620966,0.10836508185068111,0.08469698938097388,0.10372018785117859,160.4710479736328,151.84913856506347,True
2014-08-06,157.09284561233596,158.5560085683989,157.06818654902378,157.88197326660156,94818000,0.0,0.0,0.0,SPY,0.0003126535049917667,0.0003126046390698107,0.5854239319810679,0.10686689066071682,0.08399371984054266,0.10353071577194,160.49510559082032,151.9321908569336,True
2014-08-07,158.5970807910135,158.75326319056202,156.63249635287627,157.0270538330078,135733000,0.0,0.0,0.0,SPY,-0.005414927467052411,-0.005429641327150473,0.5768389763848614,0.10596320430096888,0.08475759223469634,0.10363425237985054,160.5043557739258,152.01092834472655,True
2014-08-08,157.3805413609767,158.95055597691146,156.9613122259156,158.8437042236328,117014000,0.0,0.0,0.0,SPY,0.011569028051414243,0.0115026185511915,0.5950814707352212,0.11466740749583007,0.08764632728309187,0.10417046974693349,160.5337399291992,152.09465774536133,True
2014-08-11,159.4437855153092,160.01096910339115,159.23006943487292,159.30404663085938,74544000,0.0,0.0,0.0,SPY,0.0028980840599037716,0.002893892710264336,0.5997041509198069,0.11514059922436946,0.085774170793852,0.10413605888302505,160.5672592163086,152.18409141540528,True
2014-08-12,159.1478692344937,159.59174496724538,158.59712918675592,159.0821075439453,73632000,0.0,0.0,0.0,SPY,-0.0013931792167737322,-0.0013941505932445865,0.5974754763437586,0.11327211310180473,0.08584495023361059,0.10413998221385486,160.59274047851562,152.27006614685058,True
2014-08-13,159.70680131246277,160.33974651603052,159.43555162512044,160.15890502929688,69047000,0.0,0.0,0.0,SPY,0.006768815814525819,0.006746010234102362,0.6082884936113515,0.11631548812568657,0.08613765368895382,0.10429500137422429,160.6413931274414,152.3581842803955,True
2014-08-14,160.42195208054446,160.91514587402344,160.27398516257006,160.91514587402344,57371000,0.0,0.0,0.0,SPY,0.004721815777825267,0.004710702973717701,0.6158825355957804,0.11683862016186193,0.08439673632403952,0.10421225683673833,160.6987905883789,152.44894996643066,True
2014-08-15,161.4987954359119,161.64674983172472,159.72326742959828,160.88229370117188,139951000,0.0,0.0,0.0,SPY,-0.00020415836354692463,-0.00020417920670254568,0.6155526396616291,0.10996218312005149,0.08424120543305325,0.10316993313936118,160.7349139404297,152.5357437133789,True
2014-08-18,161.77004269276125,162.3043391295182,161.679621945013,162.23036193847656,75424000,0.0,0.0,0.0,SPY,0.008379220648162988,0.008344309860056597,0.629089711698076,0.10797977932276076,0.08542869175146059,0.10337105135252068,160.78278289794923,152.63284225463866,True
2014-08-19,162.62490740328676,163.2003064176299,162.29611155016437,163.07701110839844,59135000,0.0,0.0,0.0,SPY,0.00521880836487898,0.005205237579579094,0.6375916187126243,0.10926864528538151,0.0846388887971877,0.10321319907199711,160.84431365966796,152.73619911193848,True
2014-08-20,162.8550757693344,163.70996510185142,162.8222011993569,163.51268005371094,72763000,0.0,0.0,0.0,SPY,0.002671553411184968,0.002667991155464378,0.6419665321877239,0.1086288374331664,0.08335515769575153,0.10314850797970343,160.91422943115234,152.84003295898438,True
2014-08-21,163.6524322289894,164.20317225588045,163.5209088528711,163.9894561767578,67791000,0.0,0.0,0.0,SPY,0.0029158357803826807,0.0029115929767783762,0.6467542369524677,0.10881894331483805,0.08339713194482479,0.10293035741219822,161.0048062133789,152.94373977661132,True
2014-08-22,163.8579297229845,164.1456355349946,163.36473588594342,163.73463439941406,76107000,0.0,0.0,0.0,SPY,-0.0015538912274279948,-0.0015550997685245243,0.6441953599899373,0.1089937447790809,0.08329598585704362,0.1026240508500876,161.1128662109375,153.04844085693358,True
2014-08-25,164.51550121635165,164.88539965600222,163.70171461491506,164.5648193359375,63855000,0.0,0.0,0.0,SPY,0.005070307449420275,0.005057496725230721,0.6525319359719965,0.10877948700492945,0.08304312239228447,0.10268046957388717,161.22787567138673,153.15364723205568,True
2014-08-26,164.67172241210938,165.07450805486482,164.63061978852048,164.67172241210938,47298000,0.0,0.0,0.0,SPY,0.000649610752791796,0.0006493998470595362,0.6536054384869359,0.10877680095432195,0.08298600234150923,0.10257908392839452,161.34240631103515,153.26846092224122,True
2014-08-27,164.75392669404434,164.86901906528482,164.3511535657451,164.60597229003906,47874000,0.0,0.0,0.0,SPY,-0.0003992799802370328,-0.00039935971371303535,0.652945186940137,0.10738223833035504,0.08254374559340577,0.1011697696385284,161.44678619384766,153.37338668823242,True
2014-08-28,164.06346012494035,164.62242829321042,163.899062149365,164.51556396484375,58330000,0.0,0.0,0.0,SPY,-0.0005492408564374829,-0.0005493917444484428,0.6520373219100177,0.10746410619396844,0.08256273492423845,0.10114525698125722,161.52596130371094,153.47773902893067,True
2014-08-29,164.7703259822775,165.00048557739737,164.25247316463643,164.9840545654297,65907000,0.0,0.0,0.0,SPY,0.0028476977454001684,0.002843650735462473,0.6567418248669379,0.07737209688484194,0.08267089961292773,0.10116183474206332,161.6109063720703,153.58589218139647,True
2014-09-02,165.19777675102029,165.22243581264632,164.28535384258342,164.90185546875,72426000,0.0,0.0,0.0,SPY,-0.0004982244914285561,-0.00049834864649026,0.6559163955138152,0.0758178775852516,0.08266969536934148,0.10108938313243176,161.68768127441408,153.68788261413573,True
2014-09-03,165.53478246824142,165.55944152715898,164.58125704757526,164.81141662597656,57462000,0.0,0.0,0.0,SPY,-0.000548440419401941,-0.0005485908678592827,0.655008224031365,0.07379812068577289,0.08266494047808746,0.10103442451428628,161.7636328125,153.78581604003907,True
2014-09-04,165.09094253085374,165.6992287615452,164.1209858161738,164.57308959960938,85236000,0.0,0.0,0.0,SPY,-0.0014460589639129218,-0.0014471055162157108,0.6526149845536549,0.06255172098167526,0.08190824794662062,0.10078816809622904,161.8542172241211,153.879398727417,True
2014-09-05,164.54015174588815,165.37859736365013,163.91543469226013,165.31283569335938,102177000,0.0,0.0,0.0,SPY,0.004494939576997314,0.004484867507048858,0.660043389053264,0.06280684684112296,0.08184987790679456,0.10085333311898746,161.94513061523438,153.97923179626466,True
2014-09-08,165.15668398976146,165.39507165671594,164.40044345499948,164.8854217529297,64146000,0.0,0.0,0.0,SPY,-0.0025854855047221514,-0.0025888336446596967,0.6557513709336569,0.059142332945317504,0.08208258781422968,0.1009115070978213,162.029794921875,154.07850730895996,True
2014-09-09,164.73748646842503,164.85256629047166,163.5044829995999,163.8415069580078,88591000,0.0,0.0,0.0,SPY,-0.006331152771565929,-0.0063512795145689626,0.6452685560525462,0.056367811973898695,0.08320709258219024,0.10078382255139767,162.08733520507812,154.1748316192627,True
2014-09-10,163.93186866430256,164.56481377737404,163.3893568244262,164.4579620361328,67251000,0.0,0.0,0.0,SPY,0.0037625085948642667,0.0037554480640644814,0.6514588931355538,0.05671982425084308,0.08309990918522547,0.10060978917739441,162.15884857177736,154.26840538024902,True
2014-09-11,163.80041801853332,164.6717385357893,163.6771101356931,164.64707946777344,66774400,0.0,0.0,0.0,SPY,0.0011499439084565743,0.0011492832294076676,0.6533579782297816,0.05574793613181587,0.08166503589685717,0.10058244128802679,162.21260864257812,154.35927963256836,True
2014-09-12,164.48264587488737,164.4990768881652,163.21675545803427,163.685302734375,117409300,0.0,0.0,0.0,SPY,-0.005841444236407978,-0.005858572205747605,0.6436999797971321,0.05820367755473853,0.08252766812629266,0.10074144488067147,162.2438442993164,154.44607368469238,True
2014-09-15,163.7099786527928,163.84150202910655,163.0688178717128,163.56201171875,76401000,0.0,0.0,0.0,SPY,-0.0007532198283255465,-0.0007535036409048951,0.6424619123805306,0.05692059733568009,0.0825622349969876,0.10074132433143002,162.25666625976564,154.5320489501953,True
2014-09-16,163.2578731792603,165.09093474996698,163.16745242683479,164.79501342773438,116201000,0.0,0.0,0.0,SPY,0.0075384357041570205,0.007510163693314034,0.654843505903538,0.06137309105625281,0.08364530205615889,0.10084460076939876,162.3054928588867,154.62240730285646,True
2014-09-17,165.0334265923225,165.78143924940957,164.19498062608847,165.01698303222656,151266000,0.0,0.0,0.0,SPY,0.0013469436961424108,0.0013460373812276122,0.6570724869319169,0.05549175359695693,0.08251737294662702,0.10077739594613624,162.37963836669923,154.7143611907959,True
2014-09-18,165.51837308107312,165.92115869779673,165.30465701208695,165.89649963378906,94990000,0.0,0.0,0.0,SPY,0.005329855057347288,0.005315701648021198,0.665904443106782,0.05560395842122955,0.08308422337425969,0.10029525082499124,162.45690673828125,154.81261688232422,True
2014-09-19,166.42425386376763,166.73806633058643,165.4084556486826,165.74705505371094,121649000,0.939,0.0,0.0,SPY,-0.0009008302188896478,-0.0009012362102691278,0.6644037460426488,0.05548403715874316,0.0830737953347909,0.1002797489916148,162.54400909423828,154.91328437805177,True
2014-09-22,165.4580037800111,165.48277811486054,164.12012669118536,164.46697998046875,125553000,0.0,0.0,0.0,SPY,-0.007723063754148551,-0.0077530410551740515,0.6515494497993177,0.06188589934046108,0.08466411961195765,0.10033882881584072,162.60107238769533,155.0076326751709,True
2014-09-23,163.87232010104321,164.55777255663688,163.47591826455806,163.5254669189453,111393000,0.0,0.0,0.0,SPY,-0.005724632759932957,-0.005741081274559967,0.6420949357143473,0.06494026649697059,0.08457452546470756,0.10040337373658093,162.6230288696289,155.10047302246093,True
2014-09-24,163.55026984763194,164.91292108851607,163.12083970025273,164.80555725097656,107276000,0.0,0.0,0.0,SPY,0.007828079357607098,0.007797598909965308,0.6549493851838439,0.0682974620555529,0.08549052728867941,0.10060815470455436,162.67666961669923,155.19161308288574,True
2014-09-25,164.3761407072388,164.3844072199916,162.0885597223747,162.1463623046875,150300000,0.0,0.0,0.0,SPY,-0.016135347561365698,-0.016266939725244598,0.6282462016574342,0.08833889773390934,0.09165463367147107,0.10195138438217789,162.66512573242187,155.2675937652588,True
2014-09-26,162.4436052420131,163.83928441694502,162.21236979779337,163.4346160888672,103547000,0.0,0.0,0.0,SPY,0.007945005770520819,0.007913610393507294,0.6411826271254311,0.09331080455209415,0.09290577551979817,0.10216092867173547,162.71633697509765,155.35264839172362,True
2014-09-29,162.03074587955328,163.4264255960599,161.90687420114975,163.1373748779297,95112000,0.0,0.0,0.0,SPY,-0.0018187163653009542,-0.0018203722379226681,0.6381977814230304,0.09345301673209654,0.09298659911854028,0.10205385477325243,162.72872314453124,155.4444393157959,True
2014-09-30,163.2612000410212,163.764965686435,162.36928647530232,162.7078857421875,131302000,0.0,0.0,0.0,SPY,-0.002632683871881314,-0.0026361554784997614,0.6338849245449263,0.09299231651145373,0.09222271687893348,0.10192899586679591,162.73860229492186,155.53647224426268,True
2014-10-01,162.4436263721659,162.50144154143456,160.13952553848534,160.50289916992188,177798000,0.0,0.0,0.0,SPY,-0.013551811347112253,-0.013644475270846142,0.6117428242846028,0.1031700767093293,0.09614700886646066,0.10266737603460886,162.69024200439452,155.6175617980957,True
2014-10-02,160.36257665556658,161.08932429075122,158.85129138909946,160.5277557373047,157285000,0.0,0.0,0.0,SPY,0.00015486678129406073,0.00015485479067203658,0.6119924297080737,0.10326048327426529,0.09559855087339943,0.10265617957679653,162.635146484375,155.69427917480468,True
2014-10-03,161.6012942622617,162.64186670977531,161.10579497422782,162.29501342773438,121569000,0.0,0.0,0.0,SPY,0.011009047515257775,0.010948889073719693,0.6297389309609658,0.1116128307261455,0.09795120633531594,0.1026967956955401,162.6152313232422,155.7821420288086,True
2014-10-06,162.97215022960458,163.18687786399678,161.51866844945786,162.10501098632812,104778000,0.0,0.0,0.0,SPY,-0.0011707226081277833,-0.0011714084391712338,0.6278309587491437,0.11004312673952348,0.0971061598436458,0.10248350134819671,162.606806640625,155.8567008972168,True
2014-10-07,161.27096261768534,161.63433632581362,159.56972443998563,159.60275268554688,147913000,0.0,0.0,0.0,SPY,-0.015436033010677863,-0.015556408926000234,0.6027037063340885,0.12097021703243449,0.10152023900762466,0.10332637660158084,162.54702056884764,155.91959884643555,True
2014-10-08,159.6935282414398,162.6252783935744,158.85942993056506,162.39404296875,186461000,0.0,0.0,0.0,SPY,0.017488985849151373,0.017337813557746568,0.6307333687745478,0.1362189505391434,0.10721256547037357,0.10394628041353858,162.55703399658202,155.99217727661133,True
2014-10-09,162.13808872476517,162.36107031838839,159.04117115206998,159.17330932617188,210705000,0.0,0.0,0.0,SPY,-0.019832831203038026,-0.02003214145963922,0.5983913091344806,0.15089384668299258,0.11435643674591796,0.10597092409295564,162.50214080810548,156.04470191955568,True
2014-10-10,159.1319881358007,159.92479184592787,157.31513264858916,157.35641479492188,221909000,0.0,0.0,0.0,SPY,-0.011414567799975073,-0.011480214005808712,0.5801463631654742,0.154340032632717,0.11600679924152232,0.10457610623248305,162.47486053466798,156.08651321411133,True
2014-10-13,157.29034304221432,157.86016514041276,154.680671496972,154.77151489257812,230939000,0.0,0.0,0.0,SPY,-0.01642703861620498,-0.016563458461012568,0.5541892378384992,0.16174389233346886,0.12029142180520697,0.10578046438641739,162.40558288574218,156.1116123199463,True
2014-10-14,155.60561060225552,156.76180039936898,154.46594122262,155.01100158691406,215847000,0.0,0.0,0.0,SPY,0.0015473564014809593,0.0015461604790841942,0.5565941225047815,0.16227272869867831,0.12004743309289555,0.10572714647902336,162.31824249267578,156.1379496002197,True
2014-10-15,152.91339040197568,155.0027762488302,150.23764933974903,153.9622039794922,380715000,0.0,0.0,0.0,SPY,-0.006765955943029089,-0.006788948794039963,0.546062275250736,0.15864392885242531,0.11873824002157703,0.10569248389143458,162.24083404541017,156.1591651916504,True
2014-10-16,151.17908140627202,154.91190180928962,151.0386893634191,153.83004760742188,270391000,0.0,0.0,0.0,SPY,-0.0008583689285710516,-0.0008587375381302433,0.5447351834320249,0.15803291339538425,0.1166581195188057,0.10482836190033078,162.15979553222655,156.17617698669434,True
2014-10-17,155.60560162168636,156.70397619492908,154.94492357594973,155.6468963623047,214625000,0.0,0.0,0.0,SPY,0.011810753381026329,0.01174155079019108,0.5629796697225349,0.16397013328354101,0.1193472475033363,0.10526080638957362,162.1321923828125,156.20948112487793,True
2014-10-20,155.3660919909011,157.2820442117084,155.3165433491865,157.15817260742188,130011000,0.0,0.0,0.0,SPY,0.009709645874334205,0.009662810190721226,0.5781556488243245,0.16968644837990518,0.12072785341654721,0.10548021885569663,162.09848175048828,156.25046394348144,True
2014-10-21,158.29785664849908,160.3789881714451,158.13269028031934,160.27163696289062,154949000,0.0,0.0,0.0,SPY,0.019811024166373592,0.019617339706370467,0.6094205285214822,0.18506849383611695,0.12731099323231934,0.1072422799210067,162.1178335571289,156.30917251586914,True
2014-10-22,160.55244216101616,160.9653644364564,159.06591944915365,159.13198852539062,151822000,0.0,0.0,0.0,SPY,-0.007110730626429418,-0.007136132359664571,0.5979763726785203,0.18556042364608036,0.1280426988254912,0.10738197703749258,162.11883117675782,156.3576217651367,True
2014-10-23,160.7258627635592,162.030698668582,160.42855822062504,160.98187255859375,154944000,0.0,0.0,0.0,SPY,0.011624840802564096,0.011557791465683996,0.616552593617167,0.18834120458787132,0.12995370328237815,0.10782810900242609,162.13529052734376,156.41515724182128,True
2014-10-24,161.2461970517747,162.2702491393343,160.61855954085263,162.22068786621094,117927000,0.0,0.0,0.0,SPY,0.007695371459704559,0.007665913120806664,0.6289925663092,0.18228569690954916,0.1308876928896203,0.10802998996679608,162.1614013671875,156.4783984375,True
2014-10-27,161.64253048067968,162.23713949209375,161.0644418866344,161.99765014648438,82954000,0.0,0.0,0.0,SPY,-0.0013749030574355947,-0.0013758491038918044,0.6267528594492415,0.18006750065391433,0.13062822412539937,0.10797178745282869,162.18370849609374,156.53848815917968,True
2014-10-28,162.54272989588966,163.86407361112427,162.46839430955617,163.85581970214844,106736000,0.0,0.0,0.0,SPY,0.011470348822861576,0.011405063130611013,0.6454122821957118,0.18453919607239966,0.13261269344191057,0.1085197413352929,162.21621765136717,156.61784614562987,True
2014-10-29,163.97145165157585,164.44217653176645,162.52622356807157,163.6080780029297,142557000,0.0,0.0,0.0,SPY,-0.0015119493446682508,-0.0015130934934874673,0.6429245021739369,0.18435754757856176,0.1263162241158078,0.10843391909793902,162.2268389892578,156.68790214538575,True
2014-10-30,163.17041351782905,165.12766161846113,163.02175490436548,164.6569366455078,113330000,0.0,0.0,0.0,SPY,0.0064107998540228195,0.006390338080966366,0.653456962332644,0.17829168038780177,0.12664769721916636,0.108450365928023,162.24972412109375,156.75917053222656,True
2014-10-31,166.63886168775997,166.67190251650362,165.8047634820497,166.53976440429688,146903000,0.0,0.0,0.0,SPY,0.011434852349054836,0.011369968580663917,0.6723639985624346,0.18164699927002972,0.12780964461036834,0.10893582467022275,162.30073028564453,156.84083053588867,True
2014-11-03,166.75454792477365,167.19224457514895,166.25078219113936,166.63067626953125,93600000,0.0,0.0,0.0,SPY,0.0005458868370540326,0.0005457378950357913,0.6732769200560129,0.17856397098453466,0.12604297728801314,0.10892178283081481,162.35865112304688,156.926121673584,True
2014-11-04,166.18466153486776,166.49023252528468,165.21842511966724,166.0525360107422,93343000,0.0,0.0,0.0,SPY,-0.003469590784435761,-0.00347562377325198,0.6674713338743776,0.17914407186530518,0.12634033350872206,0.10896039185167586,162.38840545654296,157.006322555542,True
2014-11-05,167.26656105434105,167.3078558049434,166.3663934575977,167.1013946533203,91709000,0.0,0.0,0.0,SPY,0.0063164265224486815,0.006296561507164859,0.6780037940330845,0.16925581555817426,0.12616102425903772,0.1090430223066002,162.4369989013672,157.091279296875,True
2014-11-06,167.14267214860337,167.86115284963347,166.52328875767748,167.7703094482422,107089000,0.0,0.0,0.0,SPY,0.004003047349243616,0.003995056473341193,0.6847209226728095,0.16015196778438529,0.12448568999745084,0.10900331170540266,162.50028564453126,157.1857299041748,True
2014-11-07,167.78686926313185,168.14198904336564,167.32439823887503,167.92726135253906,89540000,0.0,0.0,0.0,SPY,0.000935516569129824,0.0009350792462315578,0.6862970070103296,0.1400251673780154,0.12441942455467238,0.10818433171442485,162.56851959228516,157.2968479156494,True
2014-11-10,167.96029603800758,168.5053439529548,167.75383486679414,168.45579528808594,66319000,0.0,0.0,0.0,SPY,0.0031473980537162216,0.003142455364819295,0.6916044549281815,0.1304325356472919,0.1244155231790647,0.10744815888079877,162.6379544067383,157.41419235229492,True
2014-11-11,168.52190484373077,168.7283660645236,168.1833054172962,168.62100219726562,54499400,0.0,0.0,0.0,SPY,0.0009807137171931046,0.000980233131681096,0.6932634346211946,0.10955665213340988,0.12385051226938484,0.10744753147175909,162.7123373413086,157.52804595947265,True
2014-11-12,167.93553473620423,168.6705360586995,167.90249388946802,168.43930053710938,90120300,0.0,0.0,0.0,SPY,-0.0010775743103678126,-0.0010781553109833883,0.6914388174433617,0.1107022645681196,0.12365611986122658,0.107427805820437,162.78489501953126,157.64799591064454,True
2014-11-13,168.60445235236094,169.1577667740195,167.81990242915523,168.6292266845703,85357900,0.0,0.0,0.0,SPY,0.0011275643324053508,0.001126929109202005,0.6933460235243567,0.10422924476168573,0.12364279527806644,0.10717440163543769,162.86601776123047,157.76123901367188,True
2014-11-14,168.55492971672393,168.87700868657177,168.2411046584239,168.67054748535156,80417500,0.0,0.0,0.0,SPY,0.00024503937777375917,0.0002450093605289338,0.6937609599803167,0.10360098130433319,0.12267638718448831,0.10708588347108046,162.9331719970703,157.8789646911621,True
2014-11-17,168.34841719541248,168.9512801908063,168.1832382036769,168.77784729003906,80441000,0.0,0.0,0.0,SPY,0.0006361502128686691,0.0006359479550950075,0.6948384463755568,0.10074277834288538,0.12232419054460979,0.10702025368035946,163.0110205078125,158.01355766296388,True
2014-11-18,168.83563154574546,170.05787773220635,168.83563154574546,169.7523193359375,76068100,0.0,0.0,0.0,SPY,0.005773696379856252,0.005757092474861279,0.7046239289778367,0.09877813007971444,0.1226970879982028,0.10706521446305362,163.1292367553711,158.14805442810058,True
2014-11-19,169.5541508696757,169.7523581079076,168.72005236971964,169.47982788085938,82373000,0.0,0.0,0.0,SPY,-0.0016052296436602775,-0.0016065194051918083,0.7018876161157488,0.08101744253680518,0.12268703200825079,0.10705173645045227,163.22967407226562,158.28208473205567,True
2014-11-20,168.68699407278206,169.88447868626938,168.62092500020856,169.77711486816406,72840300,0.0,0.0,0.0,SPY,0.0017541142861772219,0.0017525776244371792,0.7048729214966456,0.07294200492276944,0.12263458981728945,0.10699046340166787,163.33227478027345,158.40819412231446,True
2014-11-21,171.4783785234513,171.6435449292258,170.1074734128838,170.68556213378906,142327300,0.0,0.0,0.0,SPY,0.005350822849890191,0.005336558060254181,0.7139953944811488,0.06666926884802732,0.12267738252356915,0.10683592289548548,163.47227996826172,158.52988639831543,True
2014-11-24,171.09024304221742,171.27192988226358,170.87552795915832,171.16456604003906,65880800,0.0,0.0,0.0,SPY,0.0028063528060711107,0.00280242234981586,0.718805470266044,0.0642528460048451,0.12275607563654074,0.10676865733362934,163.6243310546875,158.65262969970703,True
2014-11-25,171.3957717794777,171.60223291627554,170.78465487944428,171.04066467285156,79108300,0.0,0.0,0.0,SPY,-0.0007238727620675345,-0.0007241348844585058,0.7175612738028259,0.06378753373524204,0.12276899847366801,0.10676483090235292,163.74924407958986,158.76673118591307,True
2014-11-26,171.1893428682031,171.57749088656095,170.97462778201393,171.4783935546875,62167800,0.0,0.0,0.0,SPY,0.0025592094293669376,0.0025559402294388555,0.7219568728102574,0.05503897975266955,0.12280418831763039,0.10678138576786923,163.87847229003907,158.88265449523925,True
2014-11-28,171.354492213444,171.66830457715832,170.87550085669395,171.114990234375,57890100,0.0,0.0,0.0,SPY,-0.0021192367900075837,-0.002121485549958579,0.7183076384545914,0.05558878182985502,0.12285086915986844,0.10680211932450892,163.98284210205077,158.9929327392578,True
2014-12-01,170.45438251771535,170.5700002997941,169.61202979173856,169.92584228515625,103968400,0.0,0.0,0.0,SPY,-0.006949408392508349,-0.0069736679895741165,0.706366416931004,0.0616088455756211,0.12376131375816395,0.10706341062105187,164.06641784667968,159.09315185546876,True
2014-12-02,169.96707458645176,171.23061581245025,169.9423002566391,171.02415466308594,74507200,0.0,0.0,0.0,SPY,0.0064634805581047505,0.006442681840938472,0.7173954830918403,0.05337251710188438,0.12431171939323808,0.10717440439428337,164.19756134033204,159.19796684265137,True
2014-12-03,171.19761486365422,171.89957532255877,171.0324484381114,171.6848602294922,68952000,0.0,0.0,0.0,SPY,0.0038632295403409067,0.0038557864325640787,0.7240301760545687,0.05403727951955392,0.12440693791571542,0.10710625036476518,164.36074920654298,159.31105361938478,True
2014-12-04,171.39576313726576,171.99863869931607,170.70205677693653,171.494873046875,91316600,0.0,0.0,0.0,SPY,-0.0011066041721048414,-0.0011072169105827156,0.7221223570689119,0.051916368148556664,0.12421708122392212,0.1071182229310794,164.49453552246095,159.4187924194336,True
2014-12-05,171.66834720771294,172.16385910709505,171.40408343572926,171.7757110595703,91025500,0.0,0.0,0.0,SPY,0.0016375883879546915,0.0016362490021329169,0.7249424846434851,0.048939391960375805,0.12406214316710824,0.10700149266111052,164.6871224975586,159.52879051208495,True
2014-12-08,171.37929881472255,171.87479808297377,170.06619614058962,170.62777709960938,108588200,0.0,0.0,0.0,SPY,-0.006682748992160148,-0.006705178542424199,0.7134151269926996,0.055159510757041466,0.12414487108617098,0.10673540603266593,164.83098571777344,159.62889503479005,True
2014-12-09,168.7779125002715,170.61955563829338,168.3980309158367,170.51219177246094,125180100,0.0,0.0,0.0,SPY,-0.0006774121371865283,-0.0006776416844595921,0.7122544387896357,0.05539585161613356,0.1240135021088421,0.10672591596894461,164.97848205566407,159.72870666503906,True
2014-12-10,170.0496058001159,170.10740834940333,167.58858067024084,167.77853393554688,159856400,0.0,0.0,0.0,SPY,-0.016032037407401223,-0.016161940800772816,0.6848035115759714,0.0794746160245402,0.12838997485561068,0.10793648199659096,165.07989501953125,159.81480934143067,True
2014-12-11,168.37321685081378,170.28091603927277,168.23282476783083,168.6292266845703,159012800,0.0,0.0,0.0,SPY,0.005070331281773033,0.005057520437355433,0.693346023524356,0.08146481865046198,0.1281121164833352,0.10737761386693905,165.24242156982422,159.90121536254884,True
2014-12-12,167.34918958001768,168.32369299564698,165.87093293429,165.90396118164062,202330200,0.0,0.0,0.0,SPY,-0.016161288031210863,-0.016293305965518298,0.6659793707016735,0.09890403284721426,0.13236270520405238,0.10861308887262176,165.34994567871092,159.97208099365236,True
2014-12-15,166.80410432802515,167.2583214206421,164.1614038819672,164.76426696777344,189965800,0.0,0.0,0.0,SPY,-0.006869602182791645,-0.006893306521828149,0.6545347551802154,0.10089837986781856,0.1322791453789427,0.10886605334890044,165.3993307495117,160.0425830078125,True
2014-12-16,163.9962618915126,167.15098247469945,163.40165262741817,163.4429473876953,259543800,0.0,0.0,0.0,SPY,-0.008019454730051168,-0.008051783512610104,0.6412662886117515,0.10355326514849597,0.13322355030163968,0.10905192774923674,165.42608947753905,160.09588973999024,True
2014-12-17,163.88062926975604,167.10141865718202,163.75674500015322,166.64720153808594,253910100,0.0,0.0,0.0,SPY,0.019604725695443914,0.01941502836142052,0.6734428639931642,0.12669413371581256,0.13854857473964094,0.11064981234964076,165.56697845458984,160.16452575683593,True
2014-12-18,169.08342528724285,175.88012271020028,168.40622667720297,170.7681427001953,257633900,0.0,0.0,0.0,SPY,0.02472853503734096,0.024427733647032518,0.7148246544884074,0.15295456805242186,0.14701271568066915,0.11205118210835965,165.73446044921874,160.2520152282715,True
2014-12-19,171.41998985943152,172.16735974629037,170.7390663670709,171.49473571777344,245084600,1.135,0.0,0.0,SPY,0.004254851086913591,0.0042458248026335695,0.7221209780334237,0.15336777382038874,0.1462340352869514,0.11209598558384035,165.98088897705077,160.3428119659424,True
2014-12-22,171.68578509620752,172.28367614746094,171.44497385073066,172.28367614746094,148318900,0.0,0.0,0.0,SPY,0.00460037695259552,0.004589827560290263,0.7300433836903499,0.1539517803251515,0.14584604420394448,0.11204613398316703,166.27943420410156,160.43796058654786,True
2014-12-23,172.86492666732923,172.9147488014396,172.2255130473874,172.5161590576172,122167900,0.0,0.0,0.0,SPY,0.0013494192563969776,0.0013485096084712054,0.7323779375467039,0.1530641340197508,0.1451637424497588,0.11194867899908575,166.63432708740234,160.53805892944337,True
2014-12-24,172.74031544934257,173.0060376356147,172.4911921884444,172.53271484375,42963400,0.0,0.0,0.0,SPY,9.596658204791275e-05,9.59619775500607e-05,0.7325441879361854,0.15284901591032388,0.14105365604793413,0.11193867336089616,166.98476135253907,160.63803672790527,True
2014-12-26,172.9811854393598,173.42960999575536,172.93136330441357,173.08914184570312,57326700,0.0,0.0,0.0,SPY,0.003225052144209428,0.0032198628177818006,0.7381317332844266,0.15308757843766568,0.1404269457415387,0.11187943492218054,167.3673001098633,160.74934837341308,True
2014-12-29,172.90643869469594,173.52924067462467,172.8400049629909,173.32164001464844,79643900,0.0,0.0,0.0,SPY,0.0013432279256000434,0.0013423266020017248,0.7404664403669459,0.15295050617270622,0.14031591383421363,0.11187996143065335,167.75713195800782,160.8639402770996,True
2014-12-30,172.89814770450818,173.03100250349146,172.31685569133143,172.3916015625,73540800,0.0,0.0,0.0,SPY,-0.005365968450736114,-0.0053804169694859905,0.7311271523583718,0.15407469611177668,0.14070947109179235,0.11203669864602388,168.0920260620117,160.9670809173584,True
2014-12-31,172.715435154646,172.88151313451502,170.5563834035358,170.68093872070312,130333800,0.0,0.0,0.0,SPY,-0.009923121696718384,-0.009972684016683749,0.7139489669530261,0.15619147059670413,0.13936949731550297,0.11244972252328733,168.36248138427734,161.05625198364257,True
2015-01-02,171.3785075435062,171.7937088796066,169.55161152791302,170.58961486816406,121465900,0.0,0.0,0.0,SPY,-0.0005350559542475208,-0.0005351991477645828,0.7130319083529815,0.15456050064596233,0.13939361806304487,0.11199610864755064,168.56884094238282,161.14903892517088,True
2015-01-05,169.54334982225583,169.70942785949592,167.20162035400406,167.5088653564453,169632600,0.0,0.0,0.0,SPY,-0.018059420053791797,-0.0182244816781751,0.6820955455544864,0.16577045511404404,0.14299003561009713,0.11353181401332559,168.73637847900392,161.2219832611084,True
2015-01-06,167.81605021934024,168.33920788655956,165.13385349984176,165.93104553222656,209151400,0.0,0.0,0.0,SPY,-0.009419321304942718,-0.009463963666857792,0.6662513471452958,0.16824454371139277,0.14433692155539282,0.11391392389524413,168.83536193847655,161.29000389099122,True
2015-01-07,167.2597213519378,168.33924746737,166.8113094395579,167.998779296875,125346700,0.0,0.0,0.0,SPY,0.012461403819979289,0.012384399588012462,0.6870151780476579,0.17484922400740374,0.14266196620514274,0.11440433654088396,168.95092376708985,161.3715129852295,True
2015-01-08,169.41044364002198,171.19581697776195,169.3938447097477,170.9799041748047,147217800,0.0,0.0,0.0,SPY,0.01774491987624316,0.017589316864291212,0.7169511272121196,0.18502689126788346,0.1427841307735585,0.1156976900436004,169.13056884765626,161.46432800292968,True
2015-01-09,171.39508642011177,171.41169801947515,168.99522348508043,169.60972595214844,158567300,0.0,0.0,0.0,SPY,-0.008013679907408422,-0.008045962021592705,0.7031920304619776,0.18717935302550448,0.13768859541568415,0.11601486545355184,169.24564697265626,161.5557731628418,True
2015-01-12,169.7426142329127,169.90039276888027,167.67490700581124,168.28109741210938,144396100,0.0,0.0,0.0,SPY,-0.007833445473603984,-0.007864288082446484,0.6898501685602769,0.180468804309905,0.1365529991118424,0.11629407176277175,169.33910736083985,161.6421703338623,True
2015-01-13,169.50178561367687,170.63113372951398,166.50403152706838,167.80776977539062,214553300,0.0,0.0,0.0,SPY,-0.0028127201687995207,-0.002816683299369531,0.6850970929089182,0.17985531975171964,0.13209134330463493,0.11551577650002326,169.4021240234375,161.7224789428711,True
2015-01-14,165.78990011381592,166.99399421006802,164.89307631509837,166.79469299316406,192991100,0.0,0.0,0.0,SPY,-0.006037126788482783,-0.006055423916970879,0.6749239481081233,0.17175127640016852,0.13290638214815195,0.11523012403673641,169.40722259521485,161.79150466918946,True
2015-01-15,167.4340593963683,167.74960372874938,165.1504525313701,165.26670837402344,176613900,0.0,0.0,0.0,SPY,-0.009160870719089664,-0.009203089533795797,0.6595801863551976,0.17313600482595895,0.1335743042770385,0.11552319998648108,169.3799432373047,161.8478183746338,True
2015-01-16,165.0591451061045,167.5918758274063,164.8764555018834,167.43409729003906,211879600,0.0,0.0,0.0,SPY,0.013114491946620621,0.01302924153211036,0.6813447373439239,0.17594772861594343,0.13562373134681271,0.11620744562458023,169.40757446289064,161.9123920440674,True
2015-01-20,168.07344095314926,168.3391758036116,166.2216471461297,167.79110717773438,130991100,0.0,0.0,0.0,SPY,0.0021322412428148585,0.002129971242675317,0.6849297699362782,0.16285188084123312,0.13397005087549754,0.11612392947013775,169.4213687133789,161.97977340698242,True
2015-01-21,167.32613065349287,169.1198033829129,166.86110720607405,168.63816833496094,122942700,0.0,0.0,0.0,SPY,0.005048307812459463,0.005035607830919054,0.6934358140572929,0.13816977050422,0.13309209693845775,0.11618781511150084,169.43872589111328,162.0605118560791,True
2015-01-22,169.3938610482265,171.27886616224333,168.0153894461542,171.14601135253906,174356000,0.0,0.0,0.0,SPY,0.014871147156893194,0.014761655821195008,0.7186191472488921,0.14741730861725275,0.13062130290294163,0.11707425916048593,169.5031008911133,162.16221572875978,True
2015-01-23,170.88856522334896,171.14600070268122,170.07477412918576,170.2076416015625,117516800,0.0,0.0,0.0,SPY,-0.005482860766434339,-0.005497946815934793,0.7091961977539982,0.14754243790556537,0.13024665933423776,0.11690235461790734,169.53813781738282,162.25611885070802,True
2015-01-26,169.99171139496443,170.69754595911,169.27756469592828,170.606201171875,92009700,0.0,0.0,0.0,SPY,0.0023416079710774085,0.0023388706794088394,0.7131984651947942,0.1477420974485514,0.12850986656862973,0.11482959830226899,169.577841796875,162.34387504577637,True
2015-01-27,168.5468240193283,169.50178198222102,167.52543232505212,168.3558349609375,134044600,0.0,0.0,0.0,SPY,-0.013190412748657399,-0.013278178878242217,0.6906006703185086,0.154111211280405,0.1308248418202157,0.11552828289514981,169.57617248535155,162.4364542388916,True
2015-01-28,169.54331440404724,169.64295867138682,166.00580353315837,166.19679260253906,168514300,0.0,0.0,0.0,SPY,-0.012824279947881712,-0.012907220894289985,0.6689199340422676,0.15837709064675706,0.13351187001618836,0.11618200448003187,169.52752380371095,162.52498809814452,True
2015-01-29,166.39606834482106,167.9904397329673,164.98437386186288,167.73301696777344,173585400,0.0,0.0,0.0,SPY,0.009243405610770417,0.009200946779376476,0.6843464379245205,0.16271170111711078,0.1328367187982985,0.11605757327342243,169.5087731933594,162.61535324096678,True
2015-01-30,166.55390010901434,167.8825370217964,165.35811801785144,165.62384033203125,197729700,0.0,0.0,0.0,SPY,-0.012574606203782923,-0.01265433564705869,0.6631664447568753,0.16673097304074536,0.13530548007855583,0.11637005309940579,169.4456930541992,162.69001876831055,True
2015-02-02,166.12206250624723,167.7662563027714,164.30347856768063,167.67491149902344,163107000,0.0,0.0,0.0,SPY,0.012383912623209037,0.012307859225962286,0.6837629526865976,0.17097909266839734,0.1369320781885863,0.11679402066606204,169.40414489746092,162.76704498291016,True
2015-02-03,168.57176286691228,170.10801306486388,168.1980841533659,170.09970092773438,124212900,0.0,0.0,0.0,SPY,0.014461253666593121,0.014357687012824355,0.7081122758598104,0.17896672695672208,0.13805924299027095,0.11529212645773042,169.41654235839843,162.85513160705565,True
2015-02-04,169.33572471440522,170.54811828639697,168.9952565509967,169.4519805908203,134306700,0.0,0.0,0.0,SPY,-0.003807886394751714,-0.0038151548516552163,0.7016079783638554,0.1673558921661812,0.13831144055321518,0.11520989551035059,169.41003967285155,162.93732124328614,True
2015-02-05,170.1162948329842,171.31207672868194,170.04156163223797,171.16259765625,97953200,0.0,0.0,0.0,SPY,0.010094995995121314,0.010044381870946624,0.7187857040907049,0.16628145758077223,0.13946312789465254,0.11557463735755256,169.41958038330077,163.0245873260498,True
2015-02-06,171.52794148061264,172.09262177973125,170.16608186277418,170.68923950195312,125672000,0.0,0.0,0.0,SPY,-0.002765546683554887,-0.00276937787297009,0.7140323219870153,0.1619808595901016,0.13911107898920075,0.1149502580526596,169.41007385253906,163.11128608703612,True
2015-02-09,170.04157936770545,170.76402572548312,169.5184215660371,169.92532348632812,87219000,0.0,0.0,0.0,SPY,-0.004475478465156946,-0.00448552340070262,0.7063612072413794,0.1505918925986543,0.13924575039154033,0.11446179921888018,169.38776702880858,163.19261093139647,True
2015-02-10,170.96328163466086,171.99297269079014,169.96678843449558,171.7355499267578,96164200,0.0,0.0,0.0,SPY,0.0106530704387644,0.01059672628943345,0.724539193376097,0.15234197933456672,0.14079067155144853,0.11489469718968494,169.39291015625,163.2892859649658,True
2015-02-11,171.56945236286018,172.2669873865907,170.92173945926243,171.83517456054688,91087800,0.0,0.0,0.0,SPY,0.0005801048986744384,0.0005799367028720344,0.7255396070101305,0.14920319741052132,0.14068023383834607,0.11442934118758039,169.40731384277345,163.38404571533204,True
2015-02-12,172.63243334307566,173.54588146900602,171.86846430636157,173.4877471923828,97545900,0.0,0.0,0.0,SPY,0.009617196456210175,0.00957124559973909,0.7421344604037186,0.151358945075303,0.14189182676831671,0.11478297994899903,169.47855194091798,163.48351005554198,True
2015-02-13,173.61223414166585,174.25163486030075,173.3547987566136,174.20181274414062,93670400,0.0,0.0,0.0,SPY,0.004115942268625883,0.004107494949432382,0.749304985266924,0.14894612000311724,0.14203858443274497,0.11474641611199463,169.54210510253907,163.58425399780273,True
2015-02-17,173.88634531266464,174.65032705693534,173.63723460359972,174.47593688964844,76968200,0.0,0.0,0.0,SPY,0.0015736009929496753,0.0015723641802369748,0.752057693328712,0.1432409789359074,0.14204845838281882,0.1146459332336957,169.5979266357422,163.68628646850587,True
2015-02-18,174.10217201252124,174.567195333946,173.83643715974412,174.49246215820312,80652900,0.0,0.0,0.0,SPY,9.471374018255041e-05,9.470925511945656e-05,0.7522236372658628,0.13824014176407912,0.14205021944872015,0.11464575938105726,169.65787841796876,163.78950614929198,True
2015-02-19,173.89461228543314,174.73331435364972,173.7534453633138,174.36793518066406,91462500,0.0,0.0,0.0,SPY,-0.0007136524752924256,-0.0007139072464394222,0.7509731585298622,0.13855811441235058,0.14207362820673158,0.11442285724707926,169.70972290039063,163.89063064575194,True
2015-02-20,173.95277434986343,175.4890245925324,173.3299722521773,175.41429138183594,140896400,0.0,0.0,0.0,SPY,0.006000852164061765,0.005982918758761021,0.7614804895974403,0.13887246213654955,0.1421082536104723,0.11442751502586758,169.80545318603515,164.00369506835938,True
2015-02-23,175.16514624533434,175.3893585205078,174.78315543099953,175.3893585205078,74411100,0.0,0.0,0.0,SPY,-0.0001421370011058798,-0.000142147103526718,0.7612301180431424,0.13072207724335858,0.14204774784938812,0.11441619755821258,169.90299652099608,164.11213523864745,True
2015-02-24,175.3146238371642,176.0869049805219,175.01567834149998,175.88760375976562,72472300,0.0,0.0,0.0,SPY,0.0028407951512039453,0.002836767718263445,0.7662334120226337,0.1285225711594125,0.14210076314290082,0.11433195202293013,170.06517791748047,164.2238848876953,True
2015-02-25,175.76297868579715,176.2446136083408,175.39759959483746,175.73806762695312,73061700,0.0,0.0,0.0,SPY,-0.0008501800559904682,-0.0008505416640234226,0.7647317956015081,0.12876450270895404,0.14179913518053067,0.11433715077823564,170.2073547363281,164.333741607666,True
2015-02-26,175.64677344319244,175.8045519752709,174.92431451583,175.530517578125,72697900,0.0,0.0,0.0,SPY,-0.00118101929553871,-0.0011817172484115855,0.762647613299452,0.11782280366158145,0.14176004351422972,0.114350174326458,170.3998858642578,164.43507499694823,True
2015-02-27,175.4308205473628,175.6965554187468,174.8827645492714,174.93258666992188,108076000,0.0,0.0,0.0,SPY,-0.0034064213816096256,-0.0034122364443824535,0.7566432927812656,0.10688613229088335,0.14195088335236983,0.11432718167558982,170.60325225830078,164.5327234649658,True
2015-03-02,175.03227080970728,176.0951851956618,174.9824486776999,176.0370635986328,87491400,0.0,0.0,0.0,SPY,0.006313728904008942,0.006293880817488747,0.7677342623129322,0.1050101355665204,0.1423813449692942,0.11445384113609962,170.85513458251953,164.63957580566407,True
2015-03-03,175.60523642849265,176.086871450403,174.45097733715266,175.31459045410156,110325800,0.0,0.0,0.0,SPY,-0.00410409677236212,-0.004112541691283296,0.7604793098325797,0.09331569884926555,0.14258246169555142,0.11429476161490315,171.02848236083983,164.74960578918456,True
2015-03-04,174.71671319520425,174.79145906391878,173.60397668074862,174.57554626464844,114497200,0.0,0.0,0.0,SPY,-0.004215531562654529,-0.004224441966040266,0.7530579537365802,0.08930345690205134,0.1421118487302157,0.11359780017738531,171.1046304321289,164.85328170776367,True
2015-03-05,174.89945639784037,175.04893551014462,174.2600552818704,174.7666015625,76873000,0.0,0.0,0.0,SPY,0.0010943989690397338,0.0010938005510535724,0.7549764985538165,0.07681516312721592,0.14159593177132224,0.11359854162100212,171.17006774902345,164.95509056091308,True
2015-03-06,173.90296572346284,174.33477875927844,171.97643767379853,172.30859375,188128000,0.0,0.0,0.0,SPY,-0.014064516850039954,-0.014164359431118958,0.7302936020184823,0.09210529951045572,0.14431836859209787,0.11452134976826836,171.17056610107423,165.04947692871093,True
2015-03-09,172.50784425139392,173.37975686266645,172.35006572678242,173.02268981933594,89818900,0.0,0.0,0.0,SPY,0.0041442858640701186,0.004135721964088218,0.7374644333340183,0.08669672454846113,0.14452215829776494,0.11457958923642617,171.1806967163086,165.1409708404541,True
2015-03-10,171.65253279340791,171.7355654536372,170.17440445843954,170.21592712402344,157121300,0.0,0.0,0.0,SPY,-0.01622193423442453,-0.016354950289676484,0.7092793995618223,0.10395391438033379,0.1481590655780951,0.11579007675813315,171.13436096191407,165.21654960632324,True
2015-03-11,170.47336485326827,170.64775499563052,169.73430695647514,169.81735229492188,110145700,0.0,0.0,0.0,SPY,-0.002341583633423183,-0.002344329427554521,0.705276978894861,0.10308443822820917,0.14762879068118342,0.11569779373842759,171.06892517089844,165.28702682495117,True
2015-03-12,170.44842901734606,172.04280045050913,170.39860688989376,171.97637939453125,93993500,0.0,0.0,0.0,SPY,0.012713819114667402,0.012633677075843286,0.7269575619449367,0.10597693149398957,0.1498046033474775,0.11634535683773749,171.0420199584961,165.3635132598877,True
2015-03-13,171.70236398606295,172.66562145538168,169.88378010757538,170.92178344726562,162410900,0.0,0.0,0.0,SPY,-0.006132213917856011,-0.006151093162237013,0.7163674887480311,0.10811353236504449,0.14672698165080297,0.11594196497701151,171.01262359619142,165.43529945373535,True
2015-03-16,171.65251930450134,173.29671283072327,170.94667205785777,173.2053680419922,136099200,0.0,0.0,0.0,SPY,0.013360407015827303,0.013271943842945508,0.7392988569864383,0.11307388367005138,0.14873706517095353,0.11660107697656098,171.06311218261717,165.5144538116455,True
2015-03-17,172.46630900209706,173.0724993205332,171.8767176117174,172.69052124023438,94510400,0.0,0.0,0.0,SPY,-0.0029724644656105026,-0.0029768910121212486,0.7341288529389691,0.11244507207079044,0.14503657032066417,0.11634499853745991,171.1051303100586,165.58976600646972,True
2015-03-18,172.21725855333082,175.43922589051218,171.57784476641802,174.7666015625,228808500,0.0,0.0,0.0,SPY,0.012021970327934506,0.011950280439831245,0.7549764985538165,0.12029617362980097,0.14595942544449367,0.11672499916303217,171.25028503417968,165.67455879211425,True
2015-03-19,174.35136644943532,174.77486728914394,173.57908530533092,173.96937561035156,117917300,0.0,0.0,0.0,SPY,-0.004561660780840526,-0.0045720969048460075,0.7469708910890667,0.12137853796111245,0.14525525909759288,0.11668866213298207,171.41105163574218,165.755774307251,True
2015-03-20,174.92106987324172,176.01375103839567,174.73756480592598,175.50494384765625,177715100,0.931,0.0,0.0,SPY,0.008826658323726866,0.008787931096308292,0.7623908062462066,0.125224035139241,0.14119677842799133,0.11686241433750333,171.56117492675781,165.8430726623535,True
2015-03-23,175.513227110396,176.08876439895747,175.16290283203125,175.16290283203125,71784500,0.0,0.0,0.0,SPY,-0.0019488967554207592,-0.0019507983257468998,0.75895608852213,0.12371427192651378,0.13269275461911598,0.1168045280095867,171.64483489990235,165.92350654602052,True
2015-03-24,175.0378425022575,175.4965924373723,174.11198066589287,174.1787109375,77805300,0.0,0.0,0.0,SPY,-0.005618723363331246,-0.0056345677675370765,0.7490730008524771,0.1252170958411032,0.13300732607510868,0.11687405758569723,171.73621459960938,165.9952155303955,True
2015-03-25,174.38733305494455,174.6208827687708,171.58472376152477,171.6264190673828,159521700,0.0,0.0,0.0,SPY,-0.014653294058612154,-0.014761714015194511,0.7234433198410066,0.1340415957798038,0.13600636383714493,0.11778551204608126,171.80312103271484,166.05334526062012,True
2015-03-26,170.95903376533835,172.13511810938547,170.25837233766518,171.2176055908203,153067200,0.0,0.0,0.0,SPY,-0.0023819961914022247,-0.002384837657467868,0.7193380844170478,0.13410586016773798,0.13605788562217885,0.11756820292240412,171.87131774902343,166.10934883117676,True
2015-03-27,171.10087291003566,171.7848360301773,170.90901857569716,171.60968017578125,118939000,0.0,0.0,0.0,SPY,0.002289919798889928,0.002287301928261405,0.7232752307375399,0.13465195357639298,0.1361403975140531,0.11755184152848609,171.96761749267577,166.1700941467285,True
2015-03-30,172.64393995071808,174.00354218724578,172.62726692845854,173.70326232910156,96180400,0.0,0.0,0.0,SPY,0.012199673999600869,0.012125857726657372,0.7442986267641247,0.1418571109017593,0.138185523684715,0.11804846454709535,172.13634857177735,166.2469522857666,True
2015-03-31,172.8775388867639,173.57820057410913,172.12684539086015,172.1852264404297,126768700,0.0,0.0,0.0,SPY,-0.008739248004425937,-0.008777659185904995,0.7290547684710535,0.14259941251298847,0.1392818539212387,0.11816401111524413,172.23137115478517,166.31380668640136,True
2015-04-01,172.15178551401237,172.17680777010264,170.58365625237982,171.5762481689453,137303600,0.0,0.0,0.0,SPY,-0.0035367626135744956,-0.003543031744450178,0.7229395122091025,0.14245800719201912,0.1390468200371527,0.11807151034319481,172.30707397460938,166.37696197509766,True
2015-04-02,171.50956667952272,172.64395594566557,171.32606159768352,172.19354248046875,86900900,0.0,0.0,0.0,SPY,0.003597784181150754,0.0035913276371774302,0.729138276731208,0.14279802304683975,0.13776331857888324,0.11807794935159224,172.37818145751953,166.44099479675293,True
2015-04-06,171.3010213313259,173.87007947957662,171.16757351742152,173.35293579101562,114368200,0.0,0.0,0.0,SPY,0.006733082401614299,0.0067105164379982415,0.7407807072322246,0.14496817785287905,0.13837614959397246,0.11823070463086413,172.42231994628906,166.5049754333496,True
2015-04-07,173.37794993336917,174.12864317048462,172.86080626902285,172.8941650390625,81236300,0.0,0.0,0.0,SPY,-0.0026464550476733573,-0.0026499631004692865,0.7361738093426775,0.13650351074988762,0.13341230286296726,0.11762591196802595,172.47605041503905,166.56576225280762,True
2015-04-08,173.11942740696747,173.9201653909475,172.7273949279874,173.47808837890625,89351900,0.0,0.0,0.0,SPY,0.003377345555368061,0.003371655132617705,0.7420374682410074,0.13624967438782035,0.13197782806921118,0.11708382672913645,172.53348815917968,166.62783714294434,True
2015-04-09,173.3112392255609,174.47898722119766,172.81911776507818,174.2454376220703,85548900,0.0,0.0,0.0,SPY,0.004423320837430689,0.004413566707003173,0.7497430588738627,0.12310843137285427,0.13004117838278972,0.11709332555614838,172.65128021240236,166.69399513244628,True
2015-04-10,174.49567079145098,175.23802759243654,174.29549269612804,175.19631958007812,72722900,0.0,0.0,0.0,SPY,0.0054571412083124216,0.005442304964405818,0.7592916538244019,0.12329086544027884,0.12571142627922433,0.11675104566107736,172.83127075195313,166.7697573852539,True
2015-04-13,175.05448902801584,175.68842014858168,174.35384037343928,174.4038848876953,74436600,0.0,0.0,0.0,SPY,-0.004523124083212315,-0.004533384359640618,0.7513341593755942,0.11790431056185771,0.12495143891759862,0.11484181673292625,172.96468811035157,166.83794097900392,True
2015-04-14,174.2038106980108,174.92114552754202,173.57822844182093,174.73764038085938,75099900,0.0,0.0,0.0,SPY,0.001913692997028038,0.0019118642193589155,0.7546856752918474,0.1153005595488139,0.12383346904125156,0.11444021307786659,173.14696411132812,166.9083681488037,True
2015-04-15,175.20465357945412,176.0304136058321,175.12123756199296,175.5216064453125,99529300,0.0,0.0,0.0,SPY,0.004486532282022226,0.004476497798225852,0.7625581292188461,0.10720235914368806,0.12386969834251847,0.11427587628801542,173.3038980102539,166.98115371704102,True
2015-04-16,175.18802446529108,175.98042597735073,174.9878335951649,175.47161865234375,68934900,0.0,0.0,0.0,SPY,-0.0002847956669330687,-0.00028483622892045557,0.762056160300927,0.10645833449481627,0.12312183768575104,0.11410833829778774,173.4113363647461,167.05410034179687,True
2015-04-17,174.27885226406406,174.520738434644,172.6690142064055,173.4530792236328,191113200,0.0,0.0,0.0,SPY,-0.011503509480414675,-0.011570186686735618,0.7417863305558823,0.10635560561473913,0.12398101498616754,0.11432073618798769,173.49135833740235,167.11157035827637,True
2015-04-20,174.37893392613233,175.3715262896894,174.29553061077115,175.0378875732422,92189500,0.0,0.0,0.0,SPY,0.00913681300270297,0.0090953248483017,0.7577007065488355,0.1100236421354783,0.12262267646859783,0.1146403516446896,173.5688641357422,167.17614219665526,True
2015-04-21,175.72186686914225,175.88034972860868,174.52909625737263,174.82937622070312,72559800,0.0,0.0,0.0,SPY,-0.0011912355400873764,-0.0011919456251183926,0.7556068709983579,0.10564376876409862,0.12264885896745437,0.11461644344414225,173.6516668701172,167.23568450927735,True
2015-04-22,175.17133526551024,175.87199693342006,174.24547319157696,175.68849182128906,78264600,0.0,0.0,0.0,SPY,0.004914023141633805,0.004901988738702825,0.764233963790055,0.10684968141701874,0.12262972014671242,0.11462996189391336,173.7669302368164,167.30235855102538,True
2015-04-23,175.28803476742073,176.78109729023384,175.17125999419756,176.1304931640625,102585900,0.0,0.0,0.0,SPY,0.0025158241054459296,0.0025126647178473583,0.7686724661238045,0.10500209750813286,0.11926156042141321,0.1146095874399159,173.8548291015625,167.3764624786377,True
2015-04-24,176.5475643258666,176.8061361531829,176.08880169958107,176.53921508789062,61327400,0.0,0.0,0.0,SPY,0.0023205631034450835,0.002317874755071306,0.7727767821907705,0.08932524666998222,0.11869463670303156,0.11461369312093997,173.94890991210937,167.4489931488037,True
2015-04-27,177.10638392020496,177.23149519222193,175.61332152749785,175.80517578125,79358100,0.0,0.0,0.0,SPY,-0.004157939108742403,-0.004166607373981891,0.7654056842770289,0.09046719168751247,0.11902003387143927,0.11437405322731073,173.99525848388672,167.52105934143066,True
2015-04-28,175.78020073498715,176.41411922927816,174.6041035521924,176.36407470703125,86863500,0.0,0.0,0.0,SPY,0.0031790811806171604,0.0031740385864250467,0.7710180522640686,0.09064509407998686,0.11582436407342733,0.11437432257987136,174.03850372314454,167.59481063842773,True
2015-04-29,175.4715956673724,176.23897481108523,174.82934057391154,175.638427734375,125684900,0.0,0.0,0.0,SPY,-0.004114482917576434,-0.004122970692285616,0.7637312287413087,0.08328621712928347,0.11294528594648781,0.11439782784481273,174.06175354003906,167.66086456298828,True
2015-04-30,175.0628822890601,175.45491471931282,173.17778692805777,173.87844848632812,161304900,0.0,0.0,0.0,SPY,-0.01002046801915446,-0.010071010834050065,0.7460578163693223,0.0851816653235537,0.11373145879946639,0.11485922203239776,174.04947326660155,167.71963920593262,True
2015-05-01,174.6625040239398,175.8052425615786,174.56241496830697,175.76353454589844,103399700,0.0,0.0,0.0,SPY,0.010841401427150066,0.010783054762305015,0.7649875300715951,0.09100200197082092,0.1123430175744081,0.1153223962766509,174.07738525390624,167.78483909606933,True
2015-05-04,176.1889280481602,176.84788161296643,176.0805024789829,176.26400756835938,70927200,0.0,0.0,0.0,SPY,0.0028474223834538126,0.00284337615539934,0.7700131950712379,0.0907860655974353,0.10999892411783685,0.1153279532387834,174.09437957763672,167.86178886413575,True
2015-05-05,176.02209460525205,176.38076824301814,174.1036405602786,174.2454376220703,113326200,0.0,0.0,0.0,SPY,-0.01145196897617462,-0.01151804774531057,0.7497430588738623,0.09819477356579569,0.10914012420766783,0.1159440018245537,174.07150115966797,167.92042572021484,True
2015-05-06,174.7959718581904,175.10458827756923,172.46046288539105,173.5281219482422,135060200,0.0,0.0,0.0,SPY,-0.004116697020119076,-0.0041251939448241045,0.7425398968374222,0.0988733621939338,0.10919031706917806,0.11566831150096332,174.0243115234375,167.97699668884277,True
2015-05-07,173.4279815043013,174.64578652353265,173.09434291882496,174.2203826904297,88244900,0.0,0.0,0.0,SPY,0.0039893288443124675,0.003981392571930006,0.749491461510241,0.09914407660203421,0.10765910030494842,0.11559552496690169,173.99395782470702,168.03349403381347,True
2015-05-08,175.89703401815692,176.71445785082602,175.81361796834278,176.51426696777344,155877300,0.0,0.0,0.0,SPY,0.013166566631986676,0.013080640803852107,0.7725262574103073,0.10803965724079145,0.110491165243803,0.11627321924498057,174.0136328125,168.09965270996094,True
2015-05-11,176.47253408141242,176.73944247446167,175.5967166549236,175.67178344726562,75708100,0.0,0.0,0.0,SPY,-0.004772891930948764,-0.004784318552826862,0.7640661811389189,0.10810239062388328,0.11054780638408757,0.11639261756417617,174.02841674804688,168.16155776977538,True
2015-05-12,174.83766960948466,175.6884647503153,174.01189673213443,175.1462860107422,119727600,0.0,0.0,0.0,SPY,-0.00299135937605588,-0.002995842434038122,0.758789225227986,0.10739577897512427,0.10883529025579783,0.11608015110482178,174.01060119628906,168.22465797424317,True
2015-05-13,175.5549424950559,176.18052431720466,174.94604641852968,175.17959594726562,94667900,0.0,0.0,0.0,SPY,0.0001901835162030352,0.00019016543361075516,0.7591237179470998,0.107219940331822,0.10883452002087263,0.11607991080419001,174.00790130615235,168.2875956726074,True
2015-05-14,176.197199826586,177.09803912544496,175.92194231353238,177.00628662109375,95934000,0.0,0.0,0.0,SPY,0.010427531037221938,0.010373539344475416,0.7774670351143065,0.11211642208776093,0.10912727355087888,0.11638285100428372,174.05651611328125,168.36316024780274,True
2015-05-15,177.19825744628906,177.34005456058009,176.714472318265,177.19825744628906,76510100,0.0,0.0,0.0,SPY,0.001084542412927103,0.0010839547216833893,0.7793947735014677,0.11210754944316569,0.10886928411940053,0.11600527852897885,174.10514923095704,168.43956169128418,True
2015-05-18,177.0313988657045,177.99895618003185,176.96466858066458,177.7487335205078,74549700,0.0,0.0,0.0,SPY,0.003106554670186945,0.0031017392994583115,0.7849225606451948,0.1035075298713296,0.10898563074127511,0.11599685884764584,174.2139520263672,168.53470321655274,True
2015-05-19,177.8654456270171,178.1407031829458,177.40668303380258,177.69027709960938,72114600,0.0,0.0,0.0,SPY,-0.0003288710965227981,-0.00032892518648126986,0.7843355512054673,0.09946061195662424,0.10899245412962333,0.11595954616725915,174.30730377197267,168.63197761535645,True
2015-05-20,177.79044699863908,178.31594009239424,177.24828087754378,177.56524658203125,76857500,0.0,0.0,0.0,SPY,-0.0007036429883444661,-0.0007038906612610119,0.7830800160060079,0.09935590953173866,0.10899207330412122,0.11576056409895188,174.4542901611328,168.72291374206543,True
2015-05-21,177.4234412826251,178.29090958177625,177.2566091969219,178.08238220214844,64764600,0.0,0.0,0.0,SPY,0.0029123695659571958,0.0029081368339080654,0.7882730039782901,0.09853961391644858,0.10851079286538047,0.1155177847708308,174.61959075927734,168.8241625213623,True
2015-05-22,177.69870823854333,178.1157630494677,177.5902826424049,177.65701293945312,57433500,0.0,0.0,0.0,SPY,-0.0023886094594829377,-0.0023914667379129205,0.7840015181648496,0.09884181141745617,0.10863779595393416,0.11554096289518287,174.7332034301758,168.92303771972655,True
2015-05-26,177.16479404807828,177.59019789782366,175.32975630117662,175.74681091308594,124308600,0.0,0.0,0.0,SPY,-0.010752190385066251,-0.010810412906637465,0.7648195941942939,0.10581811311770542,0.11069068439453601,0.11604111311908637,174.8297039794922,169.01663650512694,True
2015-05-27,176.20559832209273,177.6486039186167,175.79688016302015,177.41505432128906,93214000,0.0,0.0,0.0,SPY,0.009492311123802555,0.00944754222248487,0.7815718108597691,0.109861544458796,0.11228478947035125,0.11625240123978986,174.9138977050781,169.10949325561523,True
2015-05-28,177.10643598162432,177.3232998260336,176.52256199475443,177.21487426757812,74974600,0.0,0.0,0.0,SPY,-0.0011283149250030933,-0.0011289519515108456,0.7795616367956113,0.10952956781179775,0.1122822511475908,0.11625737177950471,175.004384765625,169.19904739379882,True
2015-05-29,177.148161338781,177.18985662746263,175.8469526899237,176.11386108398438,124919600,0.0,0.0,0.0,SPY,-0.006212871172040169,-0.006232251368949246,0.7685054496034953,0.11081720840267108,0.11278538084473343,0.11635720033637773,175.0313299560547,169.28420616149901,True
2015-06-01,176.7811200179843,177.11475863366007,175.6800896767591,176.47250366210938,93338800,0.0,0.0,0.0,SPY,0.002036424480830412,0.002034353779239073,0.77210687739555,0.10456654948147566,0.11215512264715538,0.11636215073638795,175.08139251708985,169.3657741546631,True
2015-06-02,176.0137691398689,176.98967561050338,175.38818708991096,176.29736328125,91531000,0.0,0.0,0.0,SPY,-0.0009924513860510853,-0.0009929441920122095,0.770348147468848,0.09796997663222089,0.11185738974402713,0.11636944463762894,175.0972409057617,169.44268524169922,True
2015-06-03,176.83121087694187,177.39006270477174,176.272359049112,176.7644805908203,87820900,0.0,0.0,0.0,SPY,0.0026495989552897115,0.0026460949560748433,0.7750388600708806,0.0979040417670429,0.11161999793700284,0.11638564797342903,175.1292724609375,169.52209617614747,True
2015-06-04,176.05545760755646,176.71439836024885,174.95442721268049,175.27139282226562,151882800,0.0,0.0,0.0,SPY,-0.008446763532832913,-0.00848263960724932,0.7600455265582726,0.0938866837247224,0.1129402807230662,0.11671666083943509,175.1511260986328,169.58730133056642,True
2015-06-05,175.12123340838804,175.64672630543546,174.31214642269472,174.97109985351562,121704700,0.0,0.0,0.0,SPY,-0.0017133028038095466,-0.0017147721856288212,0.7570300356227879,0.09282647240922752,0.10930001220660664,0.11657606409562535,175.21801971435548,169.646771774292,True
2015-06-08,174.86271165727408,175.01285798264342,173.82007480262817,173.8951416015625,89063300,0.0,0.0,0.0,SPY,-0.006149348394414278,-0.0061683335079860055,0.7462254457942932,0.09453010062574156,0.1097536645692147,0.11667643667049583,175.27157043457032,169.69868408203126,True
2015-06-09,173.87008666992188,174.41226536897793,173.23616816329297,173.87008666992188,105034700,0.0,0.0,0.0,SPY,-0.00014408068799320883,-0.00014409106861264497,0.7459738484306719,0.08137191992663313,0.1046240065801659,0.11667562861058862,175.31677856445313,169.74808723449706,True
2015-06-10,174.6374888621889,176.33907924214358,174.579107819862,175.95538330078125,134551300,0.0,0.0,0.0,SPY,0.011993418021457147,0.011922066912756693,0.7669140426494332,0.09097459026994358,0.10702104568107482,0.11725409786141432,175.36182098388673,169.80919097900392,True
2015-06-11,176.39741321270574,176.90622034292159,176.16386365072108,176.5225372314453,73876400,0.0,0.0,0.0,SPY,0.003223282630089086,0.003218098990535741,0.7726093059919656,0.0908674174058797,0.10429835037819007,0.11722289530013637,175.44856719970704,169.86897956848145,True
2015-06-12,175.696788114779,176.397436894798,174.89603756082997,175.17129516601562,135382400,0.0,0.0,0.0,SPY,-0.007654784973195938,-0.007684233215922869,0.759040362913111,0.09505046044408977,0.10473159554096101,0.11726127155053884,175.52046813964844,169.92147743225098,True
2015-06-15,174.02863700166023,174.70426378228288,173.31963870760993,174.42066955566406,124384200,0.0,0.0,0.0,SPY,-0.004285094824698077,-0.004294302155798347,0.7515027081575572,0.08815623202580856,0.10176802206797067,0.11732605237682178,175.56501068115233,169.9705509185791,True
2015-06-16,174.2704448665799,175.45489123829736,174.09528904607768,175.37147521972656,85308200,0.0,0.0,0.0,SPY,0.00545122127145059,0.005436417140801018,0.7610505369772689,0.09052704020815362,0.10211775520883011,0.11743406872787161,175.60538146972655,170.0248304748535,True
2015-06-17,175.65509033203125,176.26399933994583,174.62913936386548,175.65509033203125,126708600,0.0,0.0,0.0,SPY,0.001617224876219625,0.0016159185762670363,0.7638985517139485,0.08992905553803976,0.0993310285171741,0.11741634959008133,175.66059997558594,170.07818565368652,True
2015-06-18,176.255608974196,177.94884959317162,175.68842084039946,177.48175048828125,165867900,0.0,0.0,0.0,SPY,0.010399130209077123,0.01034543121556824,0.7822415624288244,0.09761028541024863,0.10097052639492735,0.1176372121684783,175.74067321777343,170.14108512878417,True
2015-06-19,177.238755296918,177.31418723866855,176.31676671082127,176.69393920898438,130478700,1.03,0.0,0.0,SPY,-0.004438829779002451,-0.004448710634370786,0.7743304955081394,0.09878182465870744,0.09991735577487412,0.11773553657298072,175.78964324951173,170.20049774169922,True
2015-06-22,177.61590326708273,178.1858504674823,177.389594683673,177.59913635253906,70696000,0.0,0.0,0.0,SPY,0.005122966569238496,0.0051098888215638195,0.7834203313194079,0.09995374162666286,0.10032050615282548,0.11781904337375085,175.83769958496094,170.26562797546387,True
2015-06-23,177.8086752976508,178.06012785431992,177.33092695044698,177.724853515625,68476800,0.0,0.0,0.0,SPY,0.0007078703515561724,0.0007076199295094592,0.7846827616963115,0.09963958543418144,0.0996145255558713,0.11781717422927142,175.90411895751953,170.3276880645752,True
2015-06-24,177.45667707463926,177.83384957921308,176.40896856781723,176.43411254882812,92307300,0.0,0.0,0.0,SPY,-0.0072625800008516705,-0.0072890809229881675,0.771721360363351,0.09552696165709045,0.09612906032310682,0.11789166028533886,175.9380484008789,170.3854315185547,True
2015-06-25,176.93699058515875,177.06271047091315,175.82222737030517,175.8976593017578,97107400,0.0,0.0,0.0,SPY,-0.0030405301974800736,-0.003045162000561826,0.7663343880656457,0.08986921253968887,0.09621708225507167,0.11786977009678781,175.9455694580078,170.44571228027343,True
2015-06-26,176.25807760134447,176.50115311728848,175.3109578847689,175.86415100097656,104174800,0.0,0.0,0.0,SPY,-0.000190498844124809,-0.00019051699133433366,0.7659979034063813,0.08983133279266388,0.09615176164904377,0.11786602452776564,175.95342010498047,170.50274322509765,True
2015-06-29,174.38059109313988,175.87252685245653,172.1007765596968,172.17620849609375,202621300,0.0,0.0,0.0,SPY,-0.020970405189982833,-0.021193407276237426,0.7289642118072892,0.11341861660451763,0.10230517501513228,0.11977398919787728,175.9278826904297,170.54038887023927,True
2015-06-30,173.71850324269005,173.76880401026423,172.05893601634978,172.5366973876953,182925100,0.0,0.0,0.0,SPY,0.0020937206989881663,0.002091531920400383,0.7325841799653598,0.11343844562901695,0.10087967458541965,0.11978470253321546,175.87785888671874,170.58464584350585,True
2015-07-01,174.1123456613946,174.36379820133322,173.13169226610069,173.91957092285156,135979900,0.0,0.0,0.0,SPY,0.008014953085886845,0.007983003949750121,0.746470760885132,0.11770611759254185,0.10185014089241853,0.119862741717075,175.8596627807617,170.63643363952636,True
2015-07-02,174.39734505420904,174.56497583022008,173.34124686546352,173.7603302001953,104373700,0.0,0.0,0.0,SPY,-0.000915599790243804,-0.00091601920776369,0.7448716926227985,0.11710463312407388,0.10164437233674678,0.11986690594637531,175.82109954833984,170.68126022338868,True
2015-07-06,172.46959792474263,174.04534292073672,172.268433274666,173.26585388183594,117975400,0.0,0.0,0.0,SPY,-0.002845737676658855,-0.0028497944863597807,0.7399062455061662,0.11405796484950777,0.10093107345274371,0.11981823697097298,175.7638067626953,170.72250457763673,True
2015-07-07,173.46695322628753,174.48112758042944,171.0781734649074,174.35540771484375,173820200,0.0,0.0,0.0,SPY,0.006288335575634463,0.0062686464914150615,0.7508473598480512,0.11635101296243203,0.10155451877696793,0.11990917597605114,175.72013061523438,170.764799118042,True
2015-07-08,173.0143405930923,173.29931415537314,171.1955206840784,171.43020629882812,164020100,0.0,0.0,0.0,SPY,-0.01677723366515682,-0.01691956565375983,0.7214729845798575,0.1284594992181052,0.10681763618595225,0.12093526891315146,175.63263122558592,170.7932148742676,True
2015-07-09,173.5340018848408,173.79384426592938,171.63137296989152,171.74032592773438,144113100,0.0,0.0,0.0,SPY,0.0018090139165187757,0.0018073796215217848,0.7245871531658736,0.1287339585517702,0.1064885512719374,0.12087125067308792,175.54015625,170.82958160400392,True
2015-07-10,173.74357830398085,174.32191540220694,171.78227119736073,173.90283203125,129456900,0.0,0.0,0.0,SPY,0.012591720039157206,0.012513103588734639,0.7463026717816654,0.12948330593329543,0.10895853268620122,0.12142322392262286,175.5054443359375,170.88146842956542,True
2015-07-13,175.1684052857066,175.9311270104224,175.1264944066903,175.82217407226562,106069400,0.0,0.0,0.0,SPY,0.011036864774408794,0.010976403047545614,0.7655763782253084,0.13504422325795418,0.11081622051481306,0.1218905784810939,175.54431884765626,170.93655151367187,True
2015-07-14,175.78032803694649,176.89509132510088,175.7216502267971,176.5849609375,81709600,0.0,0.0,0.0,SPY,0.0043383996885446585,0.004329015963060895,0.7732361542347028,0.13302720118789366,0.1110786375602094,0.12186574012335963,175.5607473754883,171.00874450683594,True
2015-07-15,176.62685153842682,177.08784574588702,176.04851451355927,176.52627563476562,97914100,0.0,0.0,0.0,SPY,-0.00033233465875470714,-0.00033238989415550966,0.7726468464024938,0.13196746483094482,0.11073881481250619,0.1218471333508969,175.5659927368164,171.07420280456543,True
2015-07-16,177.58236123671878,177.94277954101562,177.33929853939924,177.94277954101562,106683300,0.0,0.0,0.0,SPY,0.008024323297800562,0.00799229961380146,0.7868711377908539,0.13345083049645037,0.11185827784773188,0.12204243431676812,175.6399395751953,171.14822982788087,True
2015-07-17,177.934389481374,178.1523209918966,177.5236960150652,178.09364318847656,89030000,0.0,0.0,0.0,SPY,0.0008478211245777079,0.0008474619272571145,0.7883860848883713,0.13341278380327487,0.10928286863826109,0.12147163993460888,175.73125,171.2251586151123,True
2015-07-20,178.3199465192318,178.68035202310475,177.86734217655754,178.1858367919922,70446800,0.0,0.0,0.0,SPY,0.0005176692545845185,0.0005175353100799218,0.7893118773798447,0.1286589565151277,0.10784589346628633,0.12107367524349867,175.81055908203126,171.31357330322265,True
2015-07-21,178.05171285825205,178.31155523007413,177.18002527956043,177.4817657470703,77965000,0.0,0.0,0.0,SPY,-0.003951330013640675,-0.003959157143264004,0.7822417156549899,0.12844744186246815,0.10814248159665794,0.12113060445500635,175.8299090576172,171.39834335327149,True
2015-07-22,176.79445846794147,177.4985280668536,176.76093743437715,177.1632537841797,88667900,0.0,0.0,0.0,SPY,-0.001794617951595856,-0.0017962302076030827,0.7790432726779926,0.12736689748928137,0.10780128949345603,0.12108428618270317,175.85973846435547,171.47268455505372,True
2015-07-23,177.29740850437798,177.39798442000836,175.8054727386166,176.16587829589844,90509100,0.0,0.0,0.0,SPY,-0.005629697281899437,-0.00564560375481897,0.7690277976014157,0.1287535846507422,0.1083061485400061,0.12121770391916455,175.8801303100586,171.54298889160157,True
2015-07-24,176.26648559333654,176.32515062050572,174.00343772708302,174.3386993408203,117755000,0.0,0.0,0.0,SPY,-0.010371923171234587,-0.010426086409844654,0.7506795771969155,0.13127133537357244,0.11017206827949234,0.12168901982721587,175.86331237792967,171.61666862487792,True
2015-07-27,173.45019555231366,173.96147768193703,172.88023562268748,173.324462890625,132361100,0.0,0.0,0.0,SPY,-0.005817620838231341,-0.005834609113946478,0.7404947872075487,0.13228749148443725,0.1104655353901686,0.12174088381655825,175.7896759033203,171.67132072448732,True
2015-07-28,174.16261605171707,175.59588643227386,173.33283937981074,175.45339965820312,123544800,0.0,0.0,0.0,SPY,0.012282956093287112,0.012208132666926334,0.7618732082594142,0.13970401302160562,0.11306791006265578,0.12233070112933742,175.7547787475586,171.75272117614747,True
2015-07-29,175.57912784588112,176.8866656364387,175.4366410650544,176.66036987304688,105791300,0.0,0.0,0.0,SPY,0.0068791497753535324,0.006855596381059097,0.7739933979442133,0.11899297342406023,0.11360105743428012,0.12241662602569259,175.73301147460938,171.8492409515381,True
2015-07-30,176.14909275048663,176.86991652588898,175.52884487277532,176.70228576660156,91304400,0.0,0.0,0.0,SPY,0.0002372682316063024,0.0002372400879510798,0.7744143102206247,0.11900125953949069,0.11171723250663594,0.12241649890009784,175.71325164794922,171.95889480590822,True
2015-07-31,177.20522447511988,177.23036845613078,176.14913890443106,176.43411254882812,103266900,0.0,0.0,0.0,SPY,-0.0015176556240344974,-0.0015188084298535347,0.771721360363351,0.11664418770541753,0.10968439261669291,0.12075377933114906,175.69062896728516,172.06601036071777,True
2015-08-03,176.40058751825066,176.45925254281372,174.88349489154567,175.83900451660156,113965700,0.0,0.0,0.0,SPY,-0.0033729760284415544,-0.0033786773359448306,0.7657453866857675,0.11738384657675889,0.1097529194664533,0.12076343493553982,175.6457614135742,172.1753943634033,True
2015-08-04,175.76352219607455,176.22451635440734,175.00917742018927,175.4953155517578,81820800,0.0,0.0,0.0,SPY,-0.0019545661429816175,-0.0019564788000681526,0.7622941205358256,0.1170951898650223,0.1073475664216927,0.1205951951325927,175.60252746582032,172.283720703125,True
2015-08-05,176.39219462776606,177.11301856333702,175.78871352871082,176.07369995117188,85786800,0.0,0.0,0.0,SPY,0.003295725573048136,0.0032903065726163114,0.7681021583361078,0.11572557001926906,0.10717754875067723,0.12020114095835435,175.60906524658202,172.38585472106934,True
2015-08-06,176.25806693096473,176.36703269285402,174.0453073895004,174.6320343017578,116030800,0.0,0.0,0.0,SPY,-0.0081878534375881,-0.008221558014386166,0.7536251970009686,0.1026629335019015,0.10821447068420613,0.12051196237627769,175.5534048461914,172.47322402954103,True
2015-08-07,174.47278882835204,174.6236527001802,173.3915465892797,174.29676818847656,117858000,0.0,0.0,0.0,SPY,-0.001919843141161115,-0.0019216884021237503,0.750258511694339,0.1030594424070677,0.10494499815880905,0.1203924271415964,175.49504272460936,172.54334968566894,True
2015-08-10,175.41155546458228,176.57660686201746,175.41155546458228,176.4927978515625,80270700,0.0,0.0,0.0,SPY,0.012599371095115552,0.012520659474193424,0.7723106681955607,0.10307054656753968,0.10757277596660901,0.12049239463510676,175.50262145996095,172.63015373229982,True
2015-08-11,175.15170587749813,175.5707892503611,174.13751848782954,174.90025329589844,126081400,0.0,0.0,0.0,SPY,-0.00902328352799675,-0.009064239911002827,0.7563186065367389,0.10118922983490646,0.10894427329060065,0.12083815500166581,175.4711764526367,172.69974563598632,True
2015-08-12,173.5926921665188,175.2941694112409,172.12590055628195,175.10977172851562,172123700,0.0,0.0,0.0,SPY,0.0011979309844836195,0.0011972140376732372,0.7584225550141344,0.09997994430291854,0.10897003048662629,0.12082734025100694,175.44742462158203,172.76419105529786,True
2015-08-13,174.95048018677733,175.6377828172819,174.34699931735068,174.89181518554688,89383300,0.0,0.0,0.0,SPY,-0.0012446852098388916,-0.0012454604738478885,0.7562338724672613,0.10002434405987366,0.10691879578525952,0.12066955330686657,175.40997131347658,172.82866188049317,True
2015-08-14,174.69907998770253,175.60430156281325,174.5565931827419,175.52886962890625,72786500,0.0,0.0,0.0,SPY,0.0036425629334539966,0.003635944867371154,0.7626310648735868,0.09644895664944943,0.10716275632535484,0.12063536992414269,175.41512084960937,172.88702713012697,True
2015-08-17,174.93380703744745,176.50955200195312,174.47281271694936,176.50955200195312,79072600,0.0,0.0,0.0,SPY,0.005587014689493408,0.005571465212807779,0.772478910525193,0.0987356553395927,0.10758105455064497,0.12074646909436054,175.44588989257812,172.95153450012208,True
2015-08-18,176.2329308989781,176.58495938855856,175.76355957953749,175.9982452392578,71692700,0.0,0.0,0.0,SPY,-0.0028967653982241437,-0.002900969143248475,0.7673444549481017,0.09904075137646455,0.10772687330917118,0.12052435385393905,175.48795196533203,173.00824104309083,True
2015-08-19,175.25226694854604,176.02337875456294,173.79386511974803,174.6068878173828,172946000,0.0,0.0,0.0,SPY,-0.007905518716868731,-0.007936933003649647,0.7533726802803553,0.1016546885875625,0.10884015656325204,0.12070671761428999,175.50268798828125,173.04857666015624,True
2015-08-20,173.08986077180342,174.58179699318703,170.90224441290064,170.96092224121094,194327900,0.0,0.0,0.0,SPY,-0.020880995141412173,-0.021102086271643672,0.7167605138623363,0.12330373238434669,0.11619071101734463,0.12252621361624265,175.40279876708985,173.07022789001465,True
2015-08-21,169.08337462289253,170.93572876473573,165.55469977317125,165.8145294189453,346588500,0.0,0.0,0.0,SPY,-0.030102743684340405,-0.03056513441883042,0.6650813121461419,0.1575912829820297,0.1302718807309906,0.12618742811274966,175.18863861083983,173.06903785705566,True
2015-08-24,157.1479003938249,165.521178671552,152.88162159515264,158.83261108398438,507244300,0.0,0.0,0.0,SPY,-0.04210679461822364,-0.04301898386223528,0.5949700753129619,0.2072437259528837,0.15288331545827957,0.1330431465339839,174.8618649291992,173.02769393920897,True
2015-08-25,163.80296422503815,163.8197311454141,156.6701679399198,156.96353149414062,369833100,0.0,0.0,0.0,SPY,-0.01176760601672322,-0.01183739231108841,0.5762010958582156,0.20879618959194407,0.15254957062965188,0.13345290004361057,174.51272216796875,172.97366004943848,True
2015-08-26,160.99505788498155,163.26648243214422,157.88545386603704,162.98989868164062,339257000,0.0,0.0,0.0,SPY,0.038393422536654453,0.037674732718673457,0.6367168505342378,0.25080502715801445,0.17252810526845713,0.13890661707680987,174.26509063720704,172.948973236084,True
2015-08-27,165.1355941854429,167.14718899583232,163.61851462077476,167.02146911621094,274143900,0.0,0.0,0.0,SPY,0.02473509381366612,0.024434134127853797,0.6772011953786103,0.26710851919725476,0.1798701177229174,0.1410913238826002,174.09241821289064,172.9418016052246,True
2015-08-28,166.37606203944344,167.49920215957198,165.8899239002669,167.0298309326172,160414400,0.0,0.0,0.0,SPY,5.006432077570011e-05,5.006306759941885e-05,0.6772851633172612,0.2670848418525337,0.1797876593738358,0.14108983988318963,173.88337982177734,172.93384574890138,True
2015-08-31,166.04920004539088,166.90413363260612,165.12721158962853,165.68040466308594,163298800,0.0,0.0,0.0,SPY,-0.008078953693461122,-0.008111765281545035,0.6637344541520918,0.26773413186297496,0.18037470576028905,0.14129911528396247,173.66310913085937,172.92005126953126,True
2015-09-01,161.8667468484221,163.24972955858715,159.86352897376676,160.7352294921875,256000400,0.0,0.0,0.0,SPY,-0.029847676802543632,-0.03030218558910985,0.6140758458793039,0.28361679957887737,0.18925089753664182,0.1444282017698549,173.32583099365235,172.88058128356934,True
2015-09-02,163.1239892560224,163.82805896165158,161.2800251847447,163.78614807128906,160269300,0.0,0.0,0.0,SPY,0.018981019834546364,0.018803127800724524,0.644712651524401,0.29468270471710034,0.1930342921775458,0.14567690566925884,173.04705688476562,172.85615928649904,True
2015-09-03,164.49862525099186,165.99895110989695,163.409018551859,163.90353393554688,152087800,0.0,0.0,0.0,SPY,0.000716702026637206,0.0007164453183879385,0.6458914204149844,0.2941102991531516,0.19305908256711274,0.1456711487094491,172.7964453125,172.83178771972655,False
2015-09-04,161.64044738851246,162.48699112083295,160.60111611376172,161.42251586914062,207081000,0.0,0.0,0.0,SPY,-0.01513706267847692,-0.015252797419685252,0.6209774588221952,0.29655804104771977,0.19486869127590187,0.146387585287994,172.50694244384766,172.79013870239257,False
2015-09-08,164.23038782943848,165.63012470574253,163.58499587924496,165.479248046875,116025700,0.0,0.0,0.0,SPY,0.0251311420584166,0.024820547877929543,0.6617144736133469,0.31281605770793536,0.20180891422434244,0.14851444863627739,172.29924438476561,172.77013580322264,False
2015-09-09,167.06338626122292,167.1891061455516,162.89769690168723,163.2664794921875,149347700,0.0,0.0,0.0,SPY,-0.013371879439896261,-0.013462088095170662,0.6394942280086586,0.3101730947516638,0.20169797229207434,0.14898469431678626,172.1210498046875,172.73758262634277,False
2015-09-10,163.07371079988835,165.3032372871655,162.813881169681,164.1549530029297,158611100,0.0,0.0,0.0,SPY,0.005441861143240301,0.0054271077167523584,0.6484161279426257,0.31098605128020057,0.2019402591091093,0.14903639077467348,171.9534149169922,172.70492958068849,False
2015-09-11,163.7609416681555,164.9679032298085,163.0484951718066,164.90084838867188,119691200,0.0,0.0,0.0,SPY,0.004543849406291489,0.004533557288024753,0.6559062825868991,0.31174737488764875,0.20179784043747445,0.1491004739987416,171.7730404663086,172.67361099243163,False
2015-09-14,165.0769106390603,165.12719858915932,163.80289381578527,164.28903198242188,79452000,0.0,0.0,0.0,SPY,-0.0037102077534977296,-0.0037171076462624232,0.6497625262581797,0.3117221086662645,0.20176167089090993,0.14903114059515077,171.58361450195312,172.63985282897949,False
2015-09-15,164.79199173811904,166.7868330166276,164.24718837874383,166.3426055908203,113806200,0.0,0.0,0.0,SPY,0.0124997608398969,0.012422283791020023,0.670384163279031,0.3155119016237012,0.2031469248300928,0.14954704742024563,171.44514953613282,172.61417388916016,False
2015-09-16,166.64427026248035,167.9769519327698,166.30061892679893,167.78416442871094,99581600,0.0,0.0,0.0,SPY,0.008666203302337694,0.008628867314939411,0.6848600520310124,0.31666828745608505,0.20396940301514332,0.14960752145518214,171.31372467041015,172.59751976013183,False
2015-09-17,167.65007313675798,170.0556069884782,167.02982529953883,167.40699768066406,276046600,0.0,0.0,0.0,SPY,-0.0022479281601520684,-0.002250458543449798,0.6810726076741367,0.316658825329152,0.20275055546930737,0.14962100627753647,171.2332604980469,172.58492553710937,False
2015-09-18,164.89040544702397,167.3926903207247,164.25851234067875,164.6713409423828,223657500,1.033,0.0,0.0,SPY,-0.016341352369867113,-0.016476344929489958,0.6536016078328022,0.31990890860470483,0.20499276202181246,0.15042795199358427,171.09188079833984,172.55316146850586,False
2015-09-21,165.5054695233599,166.55019138954816,164.4691682717408,165.52232360839844,105726200,0.0,0.0,0.0,SPY,0.005167764233567462,0.00515445716548539,0.6621470310783302,0.31381333188338567,0.20499825173915587,0.1505132291222209,170.9242706298828,172.5223487854004,False
2015-09-22,163.3485656392024,163.83723112705485,162.2364277311458,163.37384033203125,153890900,0.0,0.0,0.0,SPY,-0.012980021241425943,-0.01306499785020285,0.6405723273085604,0.29931787154973327,0.20634874130445024,0.15087679530904122,170.67530395507814,172.48174362182618,False
2015-09-23,163.54239945825853,164.01421102971398,162.53137282572524,163.1127166748047,92790600,0.0,0.0,0.0,SPY,-0.0015983198821541977,-0.001599598558047407,0.637950167939711,0.2585473193439885,0.2059888054260051,0.15077548967671164,170.40585906982423,172.43842864990233,False
2015-09-24,161.89102552915193,162.98630959849973,160.5514150898855,162.52291870117188,159378800,0.0,0.0,0.0,SPY,-0.0036158920386856197,-0.003622445178035481,0.6320275169676941,0.2548346476088861,0.20601334225267678,0.15061584863280233,170.12579193115235,172.39790435791016,False
2015-09-25,163.98896337406242,164.29227269943598,161.60461756602376,162.48085021972656,155054800,0.0,0.0,0.0,SPY,-0.0002588464555123293,-0.00025887996203825,0.6316050724296285,0.2172709218030032,0.20601206494621863,0.1497435913771757,169.81655334472657,172.35774765014648,False
2015-09-28,161.57932030640941,161.68885258680916,158.0912699794399,158.4029998779297,178515900,0.0,0.0,0.0,SPY,-0.025097421242455953,-0.02541773219957974,0.5906559926255341,0.214170863516985,0.20778184379005263,0.15162880957803682,169.42274047851564,172.3108699798584,False
2015-09-29,158.62205286188984,159.86056460590598,157.49306053437886,158.49566650390625,159045600,0.0,0.0,0.0,SPY,0.0005850054989360309,0.0005848344499256282,0.5915865351281355,0.21425699986282584,0.20770541276401336,0.15162016605289738,169.0289370727539,172.26020217895507,False
2015-09-30,160.39132269125668,161.6214136403641,159.60778138124135,161.45291137695312,163452000,0.0,0.0,0.0,SPY,0.01865820648777161,0.01848627745223756,0.6212826853437132,0.22508467431302898,0.21070662434141574,0.15274939168293253,168.70835998535156,172.23794692993164,False
2015-10-01,161.83201673526074,162.17745467193026,159.92791706134693,161.8741455078125,131079000,0.0,0.0,0.0,SPY,0.002609021585717297,0.0026056239972047047,0.6255126468663246,0.19954756704507476,0.2108365602940467,0.15216203595029515,168.40257781982422,172.22349632263183,False
2015-10-02,159.88585274656876,164.3175262894553,159.33820419440474,164.29225158691406,211003300,0.0,0.0,0.0,SPY,0.014938185906808954,0.014827710054810093,0.6497948569790828,0.19525243732302489,0.21320330039866486,0.1528857944742768,168.16510528564453,172.22774284362794,False
2015-10-05,165.5222904632326,167.44324438416083,165.41275821626556,167.21575927734375,126320800,0.0,0.0,0.0,SPY,0.017794556116866422,0.0176380864816025,0.6791522241429147,0.20454228945169523,0.21597219543642973,0.15351946038448763,168.022646484375,172.23058563232422,False
2015-10-06,167.080938360951,167.64542791844002,165.97723393840553,166.642822265625,110274500,0.0,0.0,0.0,SPY,-0.0034263338228095463,-0.0034322171472086485,0.6733988880836879,0.19675243123117575,0.21353742822124183,0.15355573281851378,167.889013671875,172.20995903015137,False
2015-10-07,167.57807112082298,168.3616253721291,166.38168820755453,168.0077667236328,124307300,0.0,0.0,0.0,SPY,0.008190838581886961,0.008157475719619204,0.6871054282590905,0.179180191171073,0.2141814121963882,0.1529636027445859,167.7401010131836,172.19252418518067,False
2015-10-08,167.6201489868651,169.81071655219876,167.31683982944807,169.52426147460938,153055200,0.0,0.0,0.0,SPY,0.009026337178037469,0.00898584328853191,0.7023338107094543,0.17359747439821363,0.21342932053134345,0.15223844001490194,167.59737884521485,172.1787271118164,False
2015-10-09,169.66752550919867,170.1056288317853,168.9935035859668,169.62539672851562,107069200,0.0,0.0,0.0,SPY,0.0005965827724392359,0.0005964048876821884,0.7033493937338644,0.17314504433793118,0.21219002590234792,0.15090212532350247,167.45584106445312,172.1642733001709,False
2015-10-12,169.70123437526317,169.98768953735046,169.2715516321322,169.78549194335938,56395600,0.0,0.0,0.0,SPY,0.0009438163030504043,0.0009433711884923533,0.7049570426614615,0.17282762722765607,0.21198515251213207,0.1504444875819579,167.32286865234374,172.15053718566895,False
2015-10-13,169.0524280268127,170.32464743866475,168.54692136257023,168.71542358398438,88038700,0.0,0.0,0.0,SPY,-0.0063024722968201274,-0.0063224167189520454,0.6942115981328194,0.17403149714939897,0.21229798860946414,0.14964974943084045,167.1803970336914,172.12866859436036,False
2015-10-14,168.6564927726757,169.23783654343228,167.61177096403435,167.90664672851562,99106200,0.0,0.0,0.0,SPY,-0.0047937339591608286,-0.004805260754142338,0.686089998460846,0.17030991019186892,0.21172127162719784,0.14973469398181397,167.02862365722658,172.10159362792967,False
2015-10-15,168.57226842936475,170.49322286121645,168.2015556695511,170.48480224609375,134142200,0.0,0.0,0.0,SPY,0.015354696004064028,0.015238005640052052,0.7119793978227049,0.1758368461931522,0.21416335689561775,0.1503103992821764,166.916845703125,172.09205963134767,False
2015-10-16,170.88917501209787,171.27672892207804,170.12247494962193,171.2598876953125,114580100,0.0,0.0,0.0,SPY,0.004546360960080875,0.004536057478186876,0.7197626741214289,0.17591875210236363,0.2144004827554862,0.15036035243192747,166.8494027709961,172.0949543762207,False
2015-10-19,170.6111091895172,171.34410095214844,170.2993794248848,171.34410095214844,76523900,0.0,0.0,0.0,SPY,0.000491727852734325,0.0004916069942117923,0.7206083293283874,0.1641067009644883,0.2142971937935381,0.14992870911374498,166.79034942626953,172.09872680664063,False
2015-10-20,170.90607036637763,171.74016124913453,170.653310488975,171.1251220703125,78448500,0.0,0.0,0.0,SPY,-0.0012780065413345865,-0.0012788238881517018,0.7184093806284308,0.16403043813057927,0.21428669103345876,0.14964798406902924,166.68299591064454,172.11680809020996,False
2015-10-21,171.546329583827,171.6979777484048,169.89497671945065,170.06349182128906,102038000,0.0,0.0,0.0,SPY,-0.006203824641172417,-0.006223148323206451,0.7077486701692663,0.15799026126535923,0.21434605262051484,0.14851394025478887,166.58626068115234,172.1374703216553,False
2015-10-22,171.01552390241022,173.1471086685006,170.06348049111736,172.9364776611328,174911700,0.0,0.0,0.0,SPY,0.01689360725853395,0.01675249729557215,0.7365987054993897,0.16554807005951092,0.21615518375265583,0.14925285144519265,166.54279479980468,172.16215881347657,False
2015-10-23,174.6131474240544,175.2029118164298,173.81275197326642,174.8321990966797,144442300,0.0,0.0,0.0,SPY,0.010961952395384778,0.010902305695537124,0.7556352178389607,0.1660857056382557,0.21693489826453644,0.14920414842131868,166.54160247802736,172.18142028808595,False
2015-10-26,174.65530199285007,174.7142720128441,174.031829339776,174.4025421142578,69033000,0.0,0.0,0.0,SPY,-0.002457539198396086,-0.002460563904423869,0.7513206754730368,0.16689118000987335,0.2156051507148125,0.14904916133465654,166.51907592773438,172.2053843688965,False
2015-10-27,173.7285038149849,174.4025258095836,173.38306577506674,174.06552124023438,77905800,0.0,0.0,0.0,SPY,-0.0019324309722655864,-0.001934300525907372,0.7479363691573837,0.13281159748645213,0.21518154361751632,0.1490566116365498,166.4701953125,172.2343064880371,False
2015-10-28,174.40247559707362,176.07066959009023,173.73688726467444,176.04539489746094,135906700,0.0,0.0,0.0,SPY,0.011374301143154408,0.011310100148870461,0.7678179237992517,0.13402372928976045,0.21641110131756777,0.14904943473557652,166.47113830566406,172.27549461364745,False
2015-10-29,175.53989746059662,176.3150180725939,175.42194460346434,175.94430541992188,90525500,0.0,0.0,0.0,SPY,-0.0005742239244482805,-0.0005743888541467262,0.7668028004533378,0.1257147570887992,0.21639185720414725,0.14904075760835797,166.49788665771484,172.32124267578126,False
2015-10-30,176.13812221490062,176.45828555208965,175.02599686113376,175.18606567382812,131076900,0.0,0.0,0.0,SPY,-0.004309544115588593,-0.004318856966556448,0.7591886858412387,0.12901152088052922,0.21646012672967507,0.14898734995238191,166.5823895263672,172.3708394622803,False
2015-11-02,175.5146183554222,177.4524134087642,175.38823203288015,177.25863647460938,86270800,0.0,0.0,0.0,SPY,0.011830682953061444,0.011761247532586177,0.7800010894380391,0.12604665942785376,0.21769801071817796,0.14901760057587018,166.81127166748047,172.41996215820313,False
2015-11-03,176.90481459210358,178.32868260572008,176.67732944907797,177.77261352539062,95246100,0.0,0.0,0.0,SPY,0.0028995882006284113,0.002895392503334636,0.7851623595940793,0.1150750166401639,0.21767693623881604,0.14904022093958522,167.19007171630858,172.46986968994142,False
2015-11-04,178.06748672696096,178.19386020886319,176.6941682294307,177.23338317871094,96224500,0.0,0.0,0.0,SPY,-0.0030332588129649007,-0.003037868466352657,0.7797475001342673,0.11480857248902619,0.21710865029840107,0.14902977693833344,167.59546875,172.51284576416015,False
2015-11-05,177.29234799064707,177.75573883720955,176.16336873240257,177.0564422607422,78408700,0.0,0.0,0.0,SPY,-0.0009983498300110139,-0.0009988485131369926,0.7779706895200458,0.11394617963896495,0.21707770845320054,0.1489128935314559,167.87679962158202,172.54239791870117,False
2015-11-06,176.71099818788784,177.199663677695,175.63256843655364,176.9637451171875,110471500,0.0,0.0,0.0,SPY,-0.0005235457257080078,-0.0005236828236249019,0.7770398405651135,0.11186452312111751,0.2156477818812946,0.14886786596455984,168.07564514160157,172.5761784362793,False
2015-11-09,176.34880153828655,176.50046263378664,174.36044319841022,175.3125,131008700,0.0,0.0,0.0,SPY,-0.009330979721829613,-0.009374786029917398,0.7604583178479172,0.11859661138540786,0.21570175668029976,0.14917448098020072,168.24129852294922,172.59970993041992,False
2015-11-10,174.83218968249022,175.75055081820187,174.56258862730706,175.7168426513672,75874600,0.0,0.0,0.0,SPY,0.002306410845588136,0.0023037551627071435,0.7645186580054075,0.11859583422996377,0.21573548462585,0.14916025241879521,168.44202728271483,172.63651496887206,False
2015-11-11,175.98644746976618,176.0369968615076,174.9585669846964,175.02597045898438,67846000,0.0,0.0,0.0,SPY,-0.003931735751441567,-0.003939485344020689,0.757581036913642,0.11686121420189574,0.21587278446998664,0.1492157014651744,168.72784210205077,172.68066085815428,False
2015-11-12,173.98129628793671,174.45310791584095,172.56586140422408,172.58270263671875,121315200,0.0,0.0,0.0,SPY,-0.013959458792649149,-0.014057808381620839,0.7330461568541045,0.12720880411978724,0.21756373562290637,0.14988031277887043,168.90377319335937,172.70490928649903,False
2015-11-13,172.16981594286116,172.43941698696537,170.56059172395422,170.64483642578125,153577100,0.0,0.0,0.0,SPY,-0.011228623618304567,-0.011292140531753241,0.7135864338456406,0.12358511853984791,0.21835125923126222,0.15030736314596976,169.03859924316407,172.73001426696777,False
2015-11-16,170.45953283223147,173.2988357806647,170.34156708144897,173.23985290527344,117645200,0.0,0.0,0.0,SPY,0.015207119851064599,0.015092650643117753,0.7396451481202897,0.13356177222713814,0.22051563113341816,0.1510654469546245,169.2749459838867,172.75783897399901,False
2015-11-17,173.55158057949438,174.43622078629778,172.61637811707632,173.11346435546875,121123700,0.0,0.0,0.0,SPY,-0.0007295581685455854,-0.0007298244256141202,0.7383759757921078,0.13363905550188743,0.21995689450557085,0.1510672189416659,169.4276303100586,172.7729077911377,False
2015-11-18,173.59365457045294,176.00327393660766,173.55153865146576,175.86004638671875,121342500,0.0,0.0,0.0,SPY,0.015865790922017453,0.015741244881709273,0.7659566855678834,0.14355572344062567,0.2180763325830578,0.15178011003411013,169.67950164794922,172.8049481201172,False
2015-11-19,175.74208458688094,176.12965129783686,175.4135007289408,175.70838928222656,88220500,0.0,0.0,0.0,SPY,-0.0008623738456129404,-0.0008627459038553163,0.7644337707097644,0.14119232625623393,0.20902925978199963,0.15177312669902351,169.91057037353517,172.82767707824706,False
2015-11-20,176.46669249870982,177.031182174416,175.9696063022386,176.34873962402344,94011500,0.0,0.0,0.0,SPY,0.0036443925324949333,0.0036377678245083536,0.7708640599678209,0.13012854837786253,0.1898204020029161,0.15180446777019135,170.13952819824217,172.85597457885743,False
2015-11-23,176.4077411436625,176.91324800753102,175.68316973514044,176.1465606689453,64931200,0.0,0.0,0.0,SPY,-0.0011464723564748036,-0.0011471300586465127,0.7688338132759931,0.12506693979001718,0.18792942279183783,0.1517219946637903,170.37667877197265,172.8870807647705,False
2015-11-24,175.1354860667706,176.7868390113538,174.74793216787214,176.38243103027344,98874400,0.0,0.0,0.0,SPY,0.001339057432812485,0.0013381616949487637,0.7712023833410704,0.12467011127675796,0.17267699970714795,0.1517034961332278,170.57747528076172,172.91031517028807,False
2015-11-25,176.50881065280964,176.71102107833963,176.09596918831448,176.35716247558594,51980100,0.0,0.0,0.0,SPY,-0.0001432600431908737,-0.00014327030589102952,0.7709486408111332,0.1243718560569173,0.16600045234249652,0.1517011928056027,170.74893524169923,172.93292510986328,False
2015-11-27,176.44982443738556,176.76156711113978,175.96959236273963,176.55935668945312,37317800,0.0,0.0,0.0,SPY,0.0011465041228204687,0.0011458473888861591,0.7729790407291266,0.11815299428306124,0.1659916475330287,0.15168540391912366,170.931982421875,172.94828315734864,False
2015-11-30,176.71942846187838,176.83738132063255,175.71682273451938,175.82635498046875,112822700,0.0,0.0,0.0,SPY,-0.004151588013959762,-0.00416022978181167,0.7656183621946338,0.11908129475812067,0.16530925224126383,0.15172969147136753,171.15508270263672,172.95640586853028,False
2015-12-01,176.458253782647,177.62094118235112,176.18021928028742,177.5029754638672,97858400,0.0,0.0,0.0,SPY,0.00953566081481183,0.009490483372006751,0.7824547000249253,0.12238810858761213,0.15380627848802367,0.15185040407756648,171.39469573974608,172.97154106140135,False
2015-12-02,177.45241580289755,177.77257906391392,175.43878378650427,175.69154357910156,108441300,0.0,0.0,0.0,SPY,-0.01020507898547518,-0.010257507802506737,0.7642646090231395,0.12082787043494121,0.15147697744015579,0.15207687390299496,171.6410498046875,172.97753646850586,False
2015-12-03,175.94432846135348,176.21392951757784,172.50682821717515,173.2313995361328,166224200,0.0,0.0,0.0,SPY,-0.01400263207239183,-0.014101593827681069,0.7395602608246463,0.1289349246468154,0.15448252443945637,0.15268742440032287,171.84342346191406,172.9718537902832,False
2015-12-04,173.23134692733566,176.9047518010925,173.23134692733566,176.60986328125,192913900,0.0,0.0,0.0,SPY,0.01950260607582588,0.019314867258459153,0.7734862193366703,0.14723293162769938,0.15537524259169794,0.1539123560138354,172.12516235351563,172.97783164978028,False
2015-12-07,176.28134484736444,176.7026069714552,174.57102165202795,175.53993225097656,102027100,0.0,0.0,0.0,SPY,-0.0060581612509919,-0.0060765863624174295,0.7627421538435168,0.1486467801581311,0.14844154666079307,0.15403070809771469,172.38634399414062,172.97858451843263,False
2015-12-08,173.97281291926055,175.4893460745346,173.37461512800172,174.36036682128906,103372400,0.0,0.0,0.0,SPY,-0.006719641591299119,-0.00674232003395559,0.7508971583518138,0.15026931517359207,0.14640966843476733,0.15403235147230454,172.7054913330078,172.97094833374024,False
2015-12-09,173.7200569214092,175.81793383167454,172.02657514846928,173.00390625,162401500,0.0,0.0,0.0,SPY,-0.007779638205736128,-0.007810057460949736,0.7372758119243852,0.14923431531629883,0.14719663614974432,0.15423346447725503,172.9956561279297,172.95727752685548,True
2015-12-10,173.07136706552882,174.76483654363773,172.83546125333163,173.45050048828125,116128900,0.0,0.0,0.0,SPY,0.0025814112985165227,0.0025780851791954796,0.7417604353339262,0.1493045684349774,0.14705013497497058,0.15339918744791434,173.23560791015626,172.94687744140626,True
2015-12-11,171.32731787527055,171.99290640140862,169.777063426013,170.08880615234375,211173300,0.0,0.0,0.0,SPY,-0.01938128933888328,-0.019571569117837615,0.7080028723777001,0.16267331979817642,0.15227063341876348,0.15456070836122154,173.39990112304687,172.92265853881835,True
2015-12-14,170.24888207633842,171.07455224512017,168.46272191689854,170.9481658935547,182385200,0.0,0.0,0.0,SPY,0.005052417973004264,0.005039697337969206,0.716632416788044,0.15729107892235186,0.1506238819817222,0.15377630014131777,173.5330194091797,172.89721405029297,True
2015-12-15,172.4646870516679,173.65264916184265,170.92286634916624,172.7427215576172,154069600,0.0,0.0,0.0,SPY,0.01049765965421301,0.010442941831358394,0.7346530396508741,0.15645970785371868,0.15107242650474004,0.15395919201127226,173.64355865478515,172.88435470581055,True
2015-12-16,173.87177672976205,175.57367981724843,172.54901995151587,175.27037048339844,197017000,0.0,0.0,0.0,SPY,0.01463244820383447,0.014526426916249953,0.7600352604051896,0.1557962635539997,0.1535729048017164,0.15440567799941585,173.81610961914063,172.8878288269043,True
2015-12-17,175.58204800121803,175.6494514837124,172.5826637376671,172.59951782226562,173092500,0.0,0.0,0.0,SPY,-0.015238472160277627,-0.01535577083790182,0.7332150120883982,0.16518176597894185,0.15308837068293366,0.15396829539620907,173.9079446411133,172.87699340820313,True
2015-12-18,171.85540459911186,171.99100094573342,169.36363905961255,169.52467346191406,251393500,1.212,0.0,0.0,SPY,-0.017814907012184578,-0.01797550265790183,0.7023379478159211,0.16539385523786573,0.15726229248780996,0.15303472974285567,173.90795288085937,172.86307380676269,True
2015-12-21,170.7027098602963,171.10105393731774,169.5839529803868,170.92306518554688,99094300,0.0,0.0,0.0,SPY,0.00824889790421568,0.00821506169285135,0.7163803597459266,0.16894444784289248,0.15562883553491974,0.15319779781554202,173.93390625,172.85257568359376,True
2015-12-22,171.81298115782678,172.7707036640907,170.82136280667632,172.47406005859375,111026200,0.0,0.0,0.0,SPY,0.009074228053207234,0.0090333046252005,0.731955186556307,0.1719508694504153,0.15643193005102474,0.15339690045869314,173.98767761230468,172.8638663482666,True
2015-12-23,173.48260534652886,174.6522122623809,173.38937562233187,174.60983276367188,110987200,0.0,0.0,0.0,SPY,0.012383153178817441,0.012307109071137643,0.7534022529302811,0.1780849869610589,0.15780711283154858,0.15388671213099014,174.10556579589843,172.88782875061034,True
2015-12-24,174.35559456797586,174.8725934911412,174.10133047041091,174.32168579101562,48539600,0.0,0.0,0.0,SPY,-0.001650233369424492,-0.0016515965043782123,0.7505087300224715,0.17802728911983087,0.15788347818639084,0.15389660525253507,174.23386657714843,172.8995552825928,True
2015-12-28,173.6267571975058,173.9657674627526,172.84702324150803,173.92340087890625,65899900,0.0,0.0,0.0,SPY,-0.0022847697364908326,-0.0022873838053211566,0.7465092206526531,0.17812782631977164,0.14879003573999736,0.15388246912497536,174.3026385498047,172.91456336975097,True
2015-12-29,175.02514084505722,176.10998890368484,174.99124500115403,175.77944946289062,92640700,0.0,0.0,0.0,SPY,0.010671643807590003,0.010615103711621205,0.7651473449621298,0.18231248081465257,0.14989369282955695,0.15424253138035474,174.39302978515624,172.92743377685548,True
2015-12-30,175.53368667793808,175.61844569483083,174.3895046119371,174.53358459472656,63317700,0.0,0.0,0.0,SPY,-0.007087659404844571,-0.007112896179907169,0.7526365817816725,0.18340532804784765,0.1468599770581985,0.1543134128292306,174.4568194580078,172.93664909362792,True
2015-12-31,173.85551934985716,174.49964374192007,172.78761291503906,172.78761291503906,114877900,0.0,0.0,0.0,SPY,-0.01000364304521506,-0.010054015703923658,0.7351038310295428,0.18270736873921636,0.14855249946141397,0.15431868266607884,174.49006927490234,172.92675415039062,True
2016-01-04,169.92304366942108,170.38070889076235,168.31271233210742,170.3722381591797,222353500,0.0,0.0,0.0,SPY,-0.013978865238719607,-0.014077489760055977,0.7108490484003946,0.18549266699949052,0.1488449792396618,0.15495813026617694,174.49624420166015,172.90876846313478,True
2016-01-05,170.69428098798127,171.118050318073,169.5501115561818,170.66038513183594,110845800,0.0,0.0,0.0,SPY,0.0016912789065259837,0.0016898503049051939,0.7137425713082042,0.1799391702284149,0.14472006116915284,0.1538967623229067,174.4507223510742,172.88454566955568,True
2016-01-06,168.1007558923989,169.55852291203462,167.4735857802269,168.50758361816406,152112600,0.0,0.0,0.0,SPY,-0.012614535658107329,-0.012694774410260037,0.6921245045336204,0.1686571624958255,0.1468493669251948,0.1541286199943823,174.3242300415039,172.85126907348632,True
2016-01-07,165.54963052624097,167.3379365630984,164.07490947055754,164.46478271484375,213436100,0.0,0.0,0.0,SPY,-0.023991803908845144,-0.024284294969924524,0.651527385231498,0.18454620630721386,0.15369455471760554,0.15549999829739813,174.1254748535156,172.80269943237306,True
2016-01-08,165.43106178303285,165.9904403640963,162.37144691271115,162.65960693359375,209817200,0.0,0.0,0.0,SPY,-0.010976062786523078,-0.01103674420088095,0.6334001169575347,0.18619893905413132,0.1539714963111328,0.15485372435915234,173.89735656738281,172.7578653717041,True
2016-01-11,163.583381803446,163.92240492263298,160.87974517273418,162.8206024169922,187941300,0.0,0.0,0.0,SPY,0.0009897692883529263,0.0009892797896980398,0.6350168062288915,0.18598095251446956,0.15398602296942498,0.15465633431764775,173.63286071777344,172.71588035583497,True
2016-01-12,164.26987130996662,164.88857061699466,161.9984620545479,164.13426208496094,172330500,0.0,0.0,0.0,SPY,0.008068141552531438,0.008035768110908342,0.648208353262314,0.18893612285963243,0.15493328185904004,0.15467703334645713,173.39665985107422,172.67850326538087,True
2016-01-13,164.80388880872556,165.1513827609082,159.65933589990146,160.0407257080078,221168900,0.0,0.0,0.0,SPY,-0.02494016986431624,-0.025256445625271004,0.6071017569601669,0.19602137248853255,0.1620936869995854,0.1566438227549292,173.0937530517578,172.61019058227538,True
2016-01-14,160.6509425090032,163.79530343943222,159.04909508932496,162.66807556152344,240795600,0.0,0.0,0.0,SPY,0.016416757933909842,0.01628345986623602,0.6334851574793432,0.20549786631370964,0.16547780698477196,0.15740253154469824,172.8019418334961,172.56260482788085,True
2016-01-15,158.29478929362412,159.98138284526976,157.2353660345853,159.1762237548828,324846400,0.0,0.0,0.0,SPY,-0.021466116166844018,-0.021699864403033176,0.5984205753320762,0.21022912935829982,0.16755757500758459,0.1585940857130952,172.43001403808594,172.50060470581056,False
2016-01-19,160.99842298885656,161.12554859392307,157.8116698761334,159.38809204101562,195244400,0.0,0.0,0.0,SPY,0.001331029730037292,0.0013301446952175612,0.6005481206389465,0.20034921865987562,0.16724544973095906,0.1580452089227741,172.07310821533204,172.43657745361327,False
2016-01-20,156.82005027899447,158.91347144407737,153.42142549204524,157.34552001953125,286547800,0.0,0.0,0.0,SPY,-0.012815085464218723,-0.012897907009580187,0.5800369596833637,0.19887340362677702,0.16884542266771177,0.15853496234303424,171.67888977050782,172.35654037475587,False
2016-01-21,157.8201443834892,160.07458688783586,156.4895027763919,158.22695922851562,195772900,0.0,0.0,0.0,SPY,0.005601933940508452,0.005586301462803564,0.5888882223550718,0.19536688970374708,0.16940816219599664,0.158554347041697,171.30415405273436,172.28320434570313,False
2016-01-22,160.8458089790716,161.676392847793,160.08302972263056,161.47299194335938,168319600,0.0,0.0,0.0,SPY,0.02051504200466714,0.020307442997120465,0.621484330977407,0.20860152976552646,0.1745424198734759,0.1591922319654412,171.02736389160157,172.2231788635254,False
2016-01-25,160.96450644933861,161.15943667851778,158.83718952179737,159.03211975097656,130371700,0.0,0.0,0.0,SPY,-0.015116287640468129,-0.015231703297745331,0.5969735074258404,0.20834256265953385,0.17311619785544005,0.15980467327456244,170.69366943359375,172.14711227416993,False
2016-01-26,159.6931802017116,161.48148670298048,159.3541700222635,161.20179748535156,141036800,0.0,0.0,0.0,SPY,0.01364301587485861,0.013550787832719778,0.6187610423393799,0.20961545801538706,0.17396717840831463,0.16038503710490293,170.41718597412108,172.0771396636963,False
2016-01-27,160.67634642111452,162.35446898867258,158.54054583268825,159.44741821289062,185681700,0.0,0.0,0.0,SPY,-0.01088312475312414,-0.010942779167773194,0.6011438639701032,0.21090612220518745,0.17502208287162618,0.1602135428339199,170.15448028564452,172.00235733032227,False
2016-01-28,160.99836676512138,161.20176766219626,158.62525715079403,160.2779541015625,143798800,0.0,0.0,0.0,SPY,0.005208838738065769,0.0051953196630326725,0.6094839641539671,0.21332647627263032,0.17550957838098255,0.15979729801200454,169.94714263916015,171.93005889892578,False
2016-01-29,161.04923052222784,164.32072885995598,160.93057567816135,164.18511962890625,210529300,0.0,0.0,0.0,SPY,0.024377435744331377,0.024085048298932595,0.6487190560716622,0.22969462030968063,0.18114698854508854,0.16139375942633982,169.76604797363282,171.87337646484374,False
2016-02-01,163.17660017148572,164.9140568299178,162.59179648783865,164.12583923339844,136061600,0.0,0.0,0.0,SPY,-0.00036105827155230585,-0.00036112346878383947,0.6481237724190017,0.22942132157619277,0.18114972924487807,0.16090229047354526,169.58629547119142,171.81664756774902,False
2016-02-02,162.69349484790288,162.70196557716704,160.64244031379968,161.1679229736328,182564900,0.0,0.0,0.0,SPY,-0.018022246061811464,-0.0181866247150383,0.6184208802521454,0.23421465640637984,0.1842062740940036,0.1614277404281857,169.29245300292968,171.75522178649902,False
2016-02-03,162.22735451224958,162.54093963264765,158.57446548603548,162.13412475585938,205054900,0.0,0.0,0.0,SPY,0.005995000521193283,0.005977102004356992,0.6281233142727671,0.2328549904825412,0.1828861128216046,0.1608818179655588,169.02096771240235,171.6907029724121,False
2016-02-04,161.63405802153412,163.3630307107808,160.99840420553886,162.38836669921875,139531800,0.0,0.0,0.0,SPY,0.001568096437083888,0.001566868257634132,0.6306763686410115,0.23282907817967263,0.18277973986708906,0.16084855031119769,168.74176025390625,171.6284979248047,False
2016-02-05,161.87135414883915,162.44767401937784,158.65917655966086,159.29483032226562,180788300,0.0,0.0,0.0,SPY,-0.019050233953538553,-0.019234027612232262,0.5996116023158935,0.23745653150495297,0.186148102848753,0.16162928369948168,168.40472564697265,171.54652961730957,False
2016-02-08,157.44723264075432,157.7438633598395,154.93004223118996,157.1505889892578,191526700,0.0,0.0,0.0,SPY,-0.013460834407933109,-0.013552252744383533,0.5780794954201107,0.22810238508109854,0.1876404081238103,0.1621505321439715,168.02008880615233,171.45163009643554,False
2016-02-09,155.4046294727074,158.4388182609641,155.26902023546037,157.15902709960938,184513100,0.0,0.0,0.0,SPY,5.3694423965078286e-05,5.369298247109571e-05,0.5781642294895883,0.2258625321751842,0.18766019975725168,0.16209600510494898,167.63612609863281,171.35472915649413,False
2016-02-10,157.98961537224926,159.6253580605582,156.89628373856425,157.02342224121094,148214100,0.0,0.0,0.0,SPY,-0.0008628512208368466,-0.0008632236912245955,0.5768025085574922,0.22569215924002636,0.18704461196311045,0.1617264103985483,167.24540740966796,171.26082038879395,False
2016-02-11,154.5401875551484,156.0318637904301,153.48076428914172,154.9809112548828,219058900,0.0,0.0,0.0,SPY,-0.013007683549213,-0.013093024329932484,0.556291960506571,0.2260912015818365,0.18822234104801033,0.16222191810530495,166.82849853515626,171.1539045715332,False
2016-02-12,156.76071405518024,158.19304314187306,155.9131756232765,158.1761016845703,127632400,0.0,0.0,0.0,SPY,0.020616670813301985,0.020407023840512996,0.5883775195457235,0.22452615516466398,0.19348665390893638,0.16327046648717397,166.4419610595703,171.06659294128417,False
2016-02-16,159.98980094965233,160.871235049729,159.02360785061882,160.84580993652344,120250700,0.0,0.0,0.0,SPY,0.016878075913622892,0.01673722385554949,0.6151862759001083,0.22496838920674514,0.19525795009327032,0.16411469718394336,166.14504638671875,171.00142974853514,False
2016-02-17,162.01545365258227,163.84613981340942,161.8883151252854,163.4732208251953,136009500,0.0,0.0,0.0,SPY,0.01633496632401399,0.01620298608386119,0.6415702893239461,0.21847055721390723,0.197186171149682,0.16494233557837162,165.9498828125,170.93997817993164,False
2016-02-18,163.7444180537533,163.80375194994778,162.49006482934385,162.80364990234375,102343000,0.0,0.0,0.0,SPY,-0.0040959058582906716,-0.00410431705619713,0.6348465719591083,0.21928671697741517,0.194657672536098,0.16498792944073623,165.67375854492187,170.87267639160157,False
2016-02-19,162.023897605953,162.87990664568497,161.4136689865215,162.72735595703125,114793000,0.0,0.0,0.0,SPY,-0.00046862552134585567,-0.00046873536060247704,0.6340804411320036,0.21350928528416874,0.19465936440611256,0.16498737714524042,165.41750701904297,170.81508598327636,False
2016-02-22,164.31227875995557,165.22762185788187,164.24447413058206,165.0835418701172,103640300,0.0,0.0,0.0,SPY,0.014479347367434059,0.01437552262696919,0.6577408594654837,0.2177322583092974,0.1941929814404405,0.165525317809014,165.23197052001953,170.77286308288575,False
2016-02-23,164.42243914653608,164.69365762484952,162.87991314904843,162.9985809326172,111455300,0.0,0.0,0.0,SPY,-0.012629732279068606,-0.012710165297056656,0.6368040362223615,0.21264692571909813,0.19559747012238624,0.1659923372209287,165.03186401367188,170.71675407409668,False
2016-02-24,161.56626338930866,164.02411979021895,160.45599005788205,163.7444305419922,150812200,0.0,0.0,0.0,SPY,0.00457580431134752,0.004565367145640348,0.6442937311881387,0.20519785337181562,0.19569845735878913,0.1660336889763588,164.8377426147461,170.65290489196778,False
2016-02-25,164.1936035055933,165.7361295343985,163.43082415156576,165.72764587402344,110728300,0.0,0.0,0.0,SPY,0.012111650609836433,0.012038891469293874,0.6642088423602337,0.204119015889197,0.19747444571183723,0.16649034347516561,164.75051940917967,170.60318420410155,False
2016-02-26,166.6006185019685,166.69383530470407,165.185218086847,165.34625244140625,129833700,0.0,0.0,0.0,SPY,-0.0023013265566271812,-0.002303978678300613,0.6603789543555363,0.1997308562729482,0.1974415594097441,0.16650088970061994,164.63848114013672,170.5541840362549,False
2016-02-29,165.36318636897101,166.31242505851253,163.85456933777516,164.04949951171875,125918100,0.0,0.0,0.0,SPY,-0.007842650864718137,-0.007873566195860562,0.6473571819134001,0.2020334901594022,0.1979137901712998,0.16664617144871613,164.46461669921874,170.49853355407714,False
2016-03-01,165.27847874039568,167.99061229471093,164.8038592481139,167.90585327148438,141799700,0.0,0.0,0.0,SPY,0.023507257085475963,0.02323521655374361,0.6860820307002435,0.2007935382602311,0.20389453015057482,0.16820059487631253,164.31732635498048,170.4530313873291,False
2016-03-02,167.59221694238096,168.7109606990628,167.17691854735713,168.6601104736328,102415000,0.0,0.0,0.0,SPY,0.004492143587924158,0.004482084025665041,0.6936561532831678,0.20103894278131465,0.20403540346965668,0.16821642965504435,164.2385382080078,170.41034065246583,False
2016-03-03,168.4821451352865,169.3381671568535,167.90582525721794,169.3212127685547,95172200,0.0,0.0,0.0,SPY,0.0039197311863805595,0.0039120690558951555,0.7002948301261971,0.18833137079007176,0.20321133473769765,0.1682132007147468,164.23446899414063,170.36820304870605,False
2016-03-04,169.51612105748362,170.6518321433285,168.68553719193758,169.87208557128906,129293600,0.0,0.0,0.0,SPY,0.0032534187165749184,0.003248137800822322,0.7058266011502252,0.18791457359292213,0.20242525465805083,0.16824199730206676,164.21344940185546,170.32911209106445,False
2016-03-07,168.9483282971346,170.41457927258048,168.87205293283836,170.00775146484375,100219000,0.0,0.0,0.0,SPY,0.000798635591588992,0.0007983168518782111,0.7071889349869831,0.18797066868229764,0.20055468392459092,0.1676550717257416,164.16412322998048,170.29132461547852,False
2016-03-08,168.93132736800484,169.43984255004293,167.99055940896613,168.15158081054688,123974900,0.0,0.0,0.0,SPY,-0.010918153074218617,-0.010978193528024793,0.6885495848681829,0.1782162013235046,0.1976025158522762,0.16795780990234893,164.03495819091796,170.2416706085205,False
2016-03-09,168.96526912034506,169.32970445321385,168.1770516220122,168.9822235107422,94801200,0.0,0.0,0.0,SPY,0.004939844729328957,0.004927683728880319,0.6968907576352046,0.1683991225393038,0.19761517727705516,0.16724468301096146,163.9281689453125,170.19829666137696,False
2016-03-10,169.47377534157206,170.4145434339482,167.2871248313894,169.1177978515625,156838700,0.0,0.0,0.0,SPY,0.0008022994253693572,0.0008019777552244001,0.6982521721149699,0.16822507256760702,0.19722949168087162,0.16722953912562824,163.83205688476562,170.16515159606934,False
2016-03-11,170.57558562190354,171.88927281998374,169.10087697982004,171.84689331054688,137964500,0.0,0.0,0.0,SPY,0.01613724571662023,0.016008424399970855,0.7256572847051732,0.1728483926534033,0.19938512149680448,0.16752482558759238,163.75340576171874,170.13731079101564,False
2016-03-14,171.3383659268879,172.08419092432308,171.00782646841748,171.62652587890625,73612000,0.0,0.0,0.0,SPY,-0.001282347486156743,-0.0012831703972749347,0.7234443924241634,0.16246312984532166,0.1993292692979814,0.16741522864834976,163.69526458740233,170.10936904907226,False
2016-03-15,170.6603586539173,171.65197718059292,170.3976237792099,171.34686279296875,93169100,0.0,0.0,0.0,SPY,-0.0016294863775010437,-0.001630815434411251,0.7206360632643276,0.15340486429572403,0.1954708555612398,0.16689091909644962,163.66644958496093,170.0855340576172,False
2016-03-16,170.863746660527,172.74528294364353,170.82136715403325,172.3384552001953,129303200,0.0,0.0,0.0,SPY,0.00578704734398694,0.005770366708982758,0.7305934656242097,0.14618734377551593,0.1955506120499216,0.16696349645492137,163.70577392578124,170.0648638153076,False
2016-03-17,172.25371531151146,173.94030851186565,171.85537121448877,173.43179321289062,134278500,0.0,0.0,0.0,SPY,0.006344132604793495,0.006324093305530877,0.7415725800551187,0.13890567520104208,0.19483703025397933,0.16665089923475185,163.76120208740235,170.05053596496583,False
2016-03-18,173.93440500776174,174.45407045404377,173.61920257282546,174.11331176757812,138372400,1.05,0.0,0.0,SPY,0.003929605651086909,0.003921904918103803,0.7484162735074813,0.13660775010156836,0.19276551772109354,0.1666326142311749,163.87331665039062,170.0372801208496,False
2016-03-21,173.84918312902576,174.5903402565844,173.61916391736324,174.36032104492188,72926700,0.0,0.0,0.0,SPY,0.0014186696860576387,0.0014176643249564542,0.7508966986733163,0.13611802126340677,0.19028768487325012,0.1664057576108294,164.0712274169922,170.0327247619629,False
2016-03-22,173.58508657617548,174.83739466432806,173.42323467966955,174.26661682128906,97471900,0.0,0.0,0.0,SPY,-0.0005374171317834575,-0.0005375615921295199,0.7499557367914662,0.13043897619488715,0.1867318726916791,0.16639490111117236,164.3033676147461,170.02920234680175,False
2016-03-23,173.8832906845147,174.0707118598421,172.94618480787767,173.1165771484375,81052500,0.0,0.0,0.0,SPY,-0.0065993114104632156,-0.006621183144705188,0.7384072339298526,0.12302157342164086,0.18659073974075546,0.1664312341430354,164.509287109375,170.02530952453614,False
2016-03-24,172.08576698704715,173.07398540240297,171.86427513496162,173.03990173339844,84360900,0.0,0.0,0.0,SPY,-0.0004429120324700442,-0.0004430101469760973,0.7376372724486122,0.12338823633232074,0.18573449136820466,0.1657778689185444,164.68739990234374,170.02115859985352,False
2016-03-28,173.4573839154985,173.6703614011273,172.6906701668804,173.14218139648438,62408200,0.0,0.0,0.0,SPY,0.0005910755962144076,0.0005909009798384517,0.7386643474354291,0.1186327942369703,0.1840595817578185,0.16576007304405055,164.94942901611327,170.00709259033204,False
2016-03-29,172.73317580192514,174.854435262622,172.42648784374134,174.74368286132812,92922900,0.0,0.0,0.0,SPY,0.009249632018765164,0.009207116142241437,0.7547463528533533,0.11995820640910489,0.18496741992061164,0.1659983760589625,165.19094116210937,169.99819831848146,False
2016-03-30,175.7489706836827,176.2345524447843,175.14410908748897,175.51043701171875,86365300,0.0,0.0,0.0,SPY,0.004387879080007151,0.004378280406898243,0.7624459676657573,0.1137854489315726,0.185098368078139,0.16561130692701354,165.5176254272461,169.99989402770996,False
2016-03-31,175.41676275874656,175.84271768963617,174.92265347902105,175.0845184326172,94584100,0.0,0.0,0.0,SPY,-0.002426742171880769,-0.0024296914831099664,0.7581689657103616,0.08818157465645655,0.18393985328036397,0.16539338348419313,165.83155395507814,170.00321327209474,False
2016-04-01,174.0877895256713,176.4646123760131,173.77257403004418,176.27719116210938,114423500,0.0,0.0,0.0,SPY,0.00681198280789852,0.0067888860833445145,0.7701455824781613,0.08936253156789928,0.1838626330954907,0.16548737701975882,166.21018737792969,170.00774185180663,False
2016-04-04,176.20049960824804,176.40496263309862,175.39970234313924,175.70639038085938,63497000,0.0,0.0,0.0,SPY,-0.0032380864335708193,-0.0032433403803347294,0.7644136980820935,0.09097236696000077,0.1828279890933734,0.16548605259968333,166.55977600097657,170.00799835205078,False
2016-04-05,174.3603901453753,175.71492370810827,173.69590149199263,173.95147705078125,99662200,0.0,0.0,0.0,SPY,-0.009987760412550672,-0.010037972710279626,0.7467911567970269,0.09943954441673165,0.18172923571036345,0.16566130597960033,166.809345703125,169.9903469848633,False
2016-04-06,173.95147151190238,175.9108667347412,173.77256472671314,175.85122680664062,91839800,0.0,0.0,0.0,SPY,0.010921147598561554,0.010861942534255558,0.7658681208442693,0.10501594862026317,0.18293050083157494,0.16599336566512218,167.14572784423828,169.98613342285157,False
2016-04-07,174.76073802339323,175.11853850205043,173.01432071159965,173.74696350097656,113859000,0.0,0.0,0.0,SPY,-0.011966156528312566,-0.012038327294942688,0.7447374665018895,0.10664406989071772,0.18274547995713664,0.1663998819180269,167.39663116455077,169.96687255859376,False
2016-04-08,174.93110076742232,175.36558294962762,173.67879271125625,174.2154998779297,95040600,0.0,0.0,0.0,SPY,0.002696659368959242,0.0026930299065681266,0.7494424291373061,0.10603535104837054,0.1758417739309998,0.16636338951504218,167.69199279785155,169.94932579040528,False
2016-04-11,174.85445533520982,175.5530274864749,173.71289952613287,173.80661010742188,83757500,0.0,0.0,0.0,SPY,-0.0023470343958735818,-0.002349792998303091,0.7453364275825203,0.10684509044444518,0.1742981771782992,0.16629195398482577,167.96256591796876,169.93618827819824,False
2016-04-12,173.9769881419096,175.7063636753675,173.5339914882865,175.42523193359375,115350600,0.0,0.0,0.0,SPY,0.009312774843094118,0.009269678314344616,0.7615903527580465,0.09709446315676819,0.17506763308433848,0.16648766269083473,168.1873681640625,169.93382614135743,False
2016-04-13,176.34534050868106,177.28244655160904,176.20903181168921,177.19725036621094,96336400,0.0,0.0,0.0,SPY,0.010101274560594398,0.010050597668455622,0.7793846605745498,0.10162547413054214,0.1754365828837904,0.1667793670923417,168.44879638671875,169.9404916381836,False
2016-04-14,177.25685975482745,177.70837086159483,176.85646115084722,177.2057342529297,65212900,0.0,0.0,0.0,SPY,4.787820748464178e-05,4.7877061359848594e-05,0.7794698543225238,0.10113086724924696,0.1671833638922945,0.16672149531726196,168.7695526123047,169.96563926696777,False
2016-04-15,177.20574700919272,177.34205569251114,176.68608152826383,177.0098114013672,75761600,0.0,0.0,0.0,SPY,-0.0011056236548353526,-0.0011062353075484532,0.7775024303585183,0.10036955075868025,0.16455488616447062,0.16672538287335967,169.06706634521484,169.98800483703613,False
2016-04-18,177.00977681284817,178.2876412212569,176.34528836040437,178.25357055664062,82531000,0.0,0.0,0.0,SPY,0.007026498392528335,0.0070019275833890365,0.7899920483281477,0.10082898613360286,0.15821070620943214,0.1664612866352404,169.38437042236328,170.0096748352051,False
2016-04-19,178.6795917429608,179.07146302762754,177.99806120545034,178.81588745117188,88316100,0.0,0.0,0.0,SPY,0.0031545897946125834,0.0031496245157646174,0.7956387389762414,0.10061233002067076,0.15822856439276567,0.16624486371384717,169.7747915649414,170.03495262145995,False
2016-04-20,178.85838132379214,179.68473450663993,178.38131412526275,178.98617553710938,81100300,0.0,0.0,0.0,SPY,0.0009523095982397756,0.000951856439130019,0.7973487429823396,0.10061772681397038,0.15540358413174024,0.16624145696689543,170.21150329589844,170.06355422973633,True
2016-04-21,179.0032811480208,179.11403358058067,177.75097271516222,178.02359008789062,85695000,0.0,0.0,0.0,SPY,-0.005377987692793518,-0.005392501127374735,0.7876826235629226,0.10307852491810243,0.15594697007785366,0.16626380167821506,170.62879455566406,170.08189514160156,True
2016-04-22,177.66578953551843,178.29619446150724,177.1205677891734,178.02359008789062,99251700,0.0,0.0,0.0,SPY,0.0,0.0,0.7876826235629226,0.09938798984256378,0.15133383674582965,0.16624624217842432,171.04879791259765,170.11486206054687,True
2016-04-25,177.4187605236091,177.75953230118822,176.80538432308086,177.71693420410156,66166500,0.0,0.0,0.0,SPY,-0.0017225575758677003,-0.0017240428840998255,0.7846032373164573,0.09977703190886392,0.1476483678166194,0.16624111705530323,171.50351837158203,170.14474510192872,True
2016-04-26,178.08321256148966,178.49213861035878,177.50392015759232,177.98098754882812,75864200,0.0,0.0,0.0,SPY,0.0014858085747939676,0.0014847058533869794,0.7872548161090671,0.09974624142507466,0.14567617747309022,0.16619242553868166,171.8996160888672,170.1651358795166,True
2016-04-27,177.5975901943301,178.73914590539215,177.23978973261404,178.34727478027344,77329400,0.0,0.0,0.0,SPY,0.002058013254617075,0.002055898446377506,0.7909330102099978,0.0955776180102888,0.14344589426252416,0.16617537636348723,172.24964538574218,170.17776138305663,True
2016-04-28,177.58905934735589,178.69653129344118,176.31119510269684,176.72862243652344,97216200,0.0,0.0,0.0,SPY,-0.009075845682218642,-0.009117282073715302,0.7746787785821405,0.10078396901822786,0.14491165172297338,0.16637562004071085,172.51475341796876,170.17847969055177,True
2016-04-29,176.1067804075141,176.45606651656496,174.66705088410362,175.7745361328125,142424100,0.0,0.0,0.0,SPY,-0.005398595261803862,-0.005413220337529309,0.7650980061368631,0.10232907987030795,0.13795234727577088,0.16615798691603778,172.77417114257813,170.174720993042,True
2016-05-02,176.27715359198956,177.3505551344796,175.84268432460058,177.17166137695312,62188000,0.0,0.0,0.0,SPY,0.007948393862265535,0.007916971773375234,0.7791277002951384,0.10332417533251068,0.13858922252979247,0.16599528647965942,173.06305725097656,170.1708654022217,True
2016-05-03,175.93632656474742,176.174860148192,174.8799542672746,175.629638671875,106422100,0.0,0.0,0.0,SPY,-0.008703551646429997,-0.008741648766640913,0.7636429704700254,0.10731402500394108,0.13451484895103155,0.16620414092452837,173.27397918701172,170.15854537963867,True
2016-05-04,174.63298032002473,175.36562320815685,174.1473855341078,174.65000915527344,92243800,0.0,0.0,0.0,SPY,-0.005577814337087927,-0.005593428432228612,0.7538056974238334,0.10314852473009983,0.13489885536273166,0.1658998756244741,173.50700775146484,170.1408662414551,True
2016-05-05,175.1185598941116,175.47636041647687,174.18998141946528,174.61593627929688,67619200,0.0,0.0,0.0,SPY,-0.0001950923228768442,-0.00019511135585956638,0.7534635433964483,0.09551037190294401,0.13492626325486093,0.16584700643251718,173.72443786621093,170.1265370941162,True
2016-05-06,173.8407397144632,175.2975114267632,173.68740216533374,175.25491333007812,89315000,0.0,0.0,0.0,SPY,0.0036593283774466467,0.0036526493242997437,0.759880042299617,0.08640397918265652,0.12857601281271283,0.1658395233293858,173.91498321533203,170.1169953918457,True
2016-05-09,175.127053904371,175.8341273975962,174.94814717776038,175.399658203125,74374900,0.0,0.0,0.0,SPY,0.0008259104997203615,0.0008255696233196075,0.7613335457048005,0.08602664630419381,0.12492012940051589,0.16532001544699343,174.1160513305664,170.11316429138185,True
2016-05-10,176.1067511989034,177.59759297898373,176.03859687192096,177.58055114746094,77472200,0.0,0.0,0.0,SPY,0.012433849453744816,0.012357183991362092,0.7832337018499245,0.09498779566302662,0.12666810824063757,0.16571322431583588,174.38667236328126,170.12937355041504,True
2016-05-11,177.1205531256093,177.6572474101795,175.9193572998047,175.9193572998047,81727000,0.0,0.0,0.0,SPY,-0.009354593377046139,-0.009398622383094895,0.7665522756728738,0.09650328283670184,0.12856497513110032,0.1659542919227007,174.54694244384766,170.14234802246094,True
2016-05-12,176.59236471512773,176.76275706283158,174.95669957023696,175.97047424316406,89586300,0.0,0.0,0.0,SPY,0.000290570316672234,0.0002905281092937114,0.7670655833270341,0.08948748808344206,0.1250261602808466,0.16595439406710627,174.69314971923828,170.14493339538575,True
2016-05-13,175.672306452345,176.22604256241553,174.1133101281779,174.43702697753906,96474600,0.0,0.0,0.0,SPY,-0.008714230453831795,-0.008752421391660433,0.7516669666068876,0.0940693237187269,0.12101863335698182,0.1658591484110373,174.79546600341797,170.1338166809082,True
2016-05-16,174.60741383148715,176.63495003164277,174.54777391428047,176.1578826904297,77486800,0.0,0.0,0.0,SPY,0.009865197445220186,0.009816854069518904,0.7689475070907343,0.10094699616188034,0.1181959740873255,0.1661491555173622,174.92118194580078,170.13109466552734,True
2016-05-17,175.88527749140815,176.17492366156853,173.98550955386858,174.51370239257812,114924900,0.0,0.0,0.0,SPY,-0.009333560739606228,-0.009377391361350993,0.752436928088128,0.1020710812759302,0.1162084100522656,0.1663835320606008,175.01130096435546,170.1214926147461,True
2016-05-18,174.164405514161,175.7489579338896,173.47436079895985,174.56480407714844,120062100,0.0,0.0,0.0,SPY,0.000292823336332404,0.0002927804719468443,0.7529500825161228,0.10108374537022256,0.11574690420875194,0.16638352769918055,175.1395654296875,170.11512161254882,True
2016-05-19,173.84069409754656,174.24960712037108,172.7502507039408,173.9599609375,115430500,0.0,0.0,0.0,SPY,-0.003464863050979816,-0.003470879590638366,0.7468763505450007,0.10109768238594578,0.11607017950213862,0.1664178995371847,175.23912017822266,170.10744483947755,True
2016-05-20,174.573319456907,175.5785795777547,174.5222069590707,175.0589141845703,104990400,0.0,0.0,0.0,SPY,0.006317276924804327,0.00629740657137519,0.757911852204785,0.10329992205923122,0.11335845411316535,0.16651307501919782,175.3579425048828,170.10237091064454,True
2016-05-23,175.07596657630472,175.35709835134318,174.63298286937538,174.82040405273438,58682600,0.0,0.0,0.0,SPY,-0.0013624563647439691,-0.001363385352316112,0.7555167740130897,0.10327824469339149,0.1100614912614309,0.1665015387064604,175.41741271972657,170.10331275939942,True
2016-05-24,175.6382427492762,177.40170228331561,175.61268649508247,177.08648681640625,93537800,0.0,0.0,0.0,SPY,0.012962347135339503,0.012879054916645134,0.7782723918397587,0.11370606547285506,0.1123806168205222,0.16665404923626362,175.52661193847655,170.11726135253906,True
2016-05-25,177.76796283247432,178.70506852970513,177.08643259804356,178.28762817382812,76621400,0.0,0.0,0.0,SPY,0.006782795113368323,0.006759895449427224,0.7903340491293673,0.1161181647359937,0.11078488434124528,0.16652246859599756,175.66542724609374,170.1262355041504,True
2016-05-26,178.42394127328302,178.6539604954542,178.02354273802914,178.3387451171875,55280700,0.0,0.0,0.0,SPY,0.00028671054678874874,0.0002866694531743896,0.7908473567835277,0.11590517771136888,0.11057465614368327,0.16651822025208493,175.7854330444336,170.14342796325684,True
2016-05-27,178.5006528707272,179.11402894437765,178.44954036444156,179.1055145263672,64211200,0.0,0.0,0.0,SPY,0.004299511071897744,0.004290294582324781,0.7985471248220972,0.11186571782793672,0.1091853885186899,0.1664511799346076,175.89890747070314,170.1634066772461,True
2016-05-31,179.37813136532273,179.48888380271666,178.2024916425637,178.76475524902344,109879400,0.0,0.0,0.0,SPY,-0.0019025616170716964,-0.001904373786298942,0.7951252780959159,0.11012194826654305,0.09970644865737809,0.16645229507278733,175.99193634033202,170.18277137756348,True
2016-06-01,178.15135377669438,179.30995149823454,177.95541818382588,179.1310577392578,69936200,0.0,0.0,0.0,SPY,0.0020490755558841833,0.0020469790639923505,0.798803625423012,0.1071713698891451,0.09947958147954375,0.1664599307450085,176.08735107421876,170.20078231811524,True
2016-06-02,178.7306492885758,179.69329836509291,178.25358195877797,179.67626953125,63044700,0.0,0.0,0.0,SPY,0.0030436474772890243,0.0030390249594739968,0.8042785495396692,0.10199830820345179,0.09938959499657624,0.16646641347784388,176.19554412841796,170.21661590576173,True
2016-06-03,179.1140311488864,179.4888735317431,177.9298770752863,179.13958740234375,101757100,0.0,0.0,0.0,SPY,-0.0029869394011038386,-0.002991409207509707,0.7988892788494826,0.10023915756973083,0.09958823568326118,0.1662737538192979,176.3160043334961,170.23232261657714,True
2016-06-06,179.49739827292103,180.40894802902955,179.33553332564102,180.0511474609375,64887000,0.0,0.0,0.0,SPY,0.005088546154493612,0.00507564325632814,0.808043009971732,0.1009622033754916,0.09994593543095825,0.16633669375008553,176.45622924804687,170.25954391479493,True
2016-06-07,180.20446361356946,180.8945084129692,180.17890736167396,180.33224487304688,60974800,0.0,0.0,0.0,SPY,0.001561208668055647,0.0015599912487353914,0.8108657423911172,0.10065267470189275,0.0970056323791197,0.16622134156929272,176.60003051757812,170.3064005279541,True
2016-06-08,180.46853288138635,181.04783818926535,180.34075163654285,180.9200439453125,66170900,0.0,0.0,0.0,SPY,0.0032595339379235533,0.003254233172736631,0.8167683207354641,0.10083674731566353,0.09679531845365202,0.1662491343190582,176.7235577392578,170.38192810058592,True
2016-06-09,180.1874246172955,180.79228625294073,179.91482025974642,180.6730194091797,73786900,0.0,0.0,0.0,SPY,-0.0013653795939132518,-0.0013663125739756476,0.8142877423434638,0.09300271652407398,0.09691964043801278,0.16583491455503022,176.82680938720702,170.49113014221192,True
2016-06-10,179.2929376529333,179.63369636459402,178.41545862213925,178.960693359375,113829200,0.0,0.0,0.0,SPY,-0.009477486209087393,-0.009522683378563875,0.7970928552860874,0.09317324940859306,0.09423430862061095,0.16608549580722612,176.90433288574218,170.60111595153808,True
2016-06-13,178.35579199288878,179.21621599771316,177.49536798806443,177.58055114746094,117751200,0.0,0.0,0.0,SPY,-0.007711985162812129,-0.007741876299563013,0.7832337018499254,0.0977707627239641,0.09564025551921378,0.16608819016408533,176.9304000854492,170.6740692138672,True
2016-06-14,177.19726782292852,177.82768585928733,176.27720352626193,177.23133850097656,125059300,0.0,0.0,0.0,SPY,-0.001966502774250256,-0.0019684388794847575,0.7797269678281009,0.09244931398146451,0.09567397404646895,0.16604278444348175,176.96089904785157,170.725118560791,True
2016-06-15,177.23131632097133,178.3558435425371,176.79684698488228,176.98426818847656,109124500,0.0,0.0,0.0,SPY,-0.0013940554452148701,-0.0013950280445170248,0.7772459297576044,0.08653565824039934,0.09515408398005899,0.1659631240978243,177.02155487060546,170.77489074707032,True
2016-06-16,176.984210371378,177.6827824473135,175.14408260946362,177.51239013671875,149533100,0.0,0.0,0.0,SPY,0.0029840050398139972,0.0029795617338123134,0.78254924056899,0.07961376542913023,0.09454201394062842,0.1659813716108115,177.05477813720702,170.8340506744385,True
2016-06-17,177.40796467676395,177.43365383264984,176.1919633868866,176.85134887695312,117055700,1.078,0.0,0.0,SPY,-0.0037239161686488664,-0.0037308672065519298,0.7759111766306224,0.08115224278113042,0.09461538404980668,0.16570184419220435,177.11686584472656,170.9146312713623,True
2016-06-20,178.8209156943543,179.49741850952435,177.9046256703846,177.99026489257812,82789600,0.0,0.0,0.0,SPY,0.006439962278248723,0.006419314321805057,0.787347977617644,0.08209928332313028,0.09539396274141289,0.1657637101584459,177.19236114501953,170.98565185546875,True
2016-06-21,178.37564208572988,178.90656875638794,177.93034158343227,178.4955291748047,72461700,0.0,0.0,0.0,SPY,0.0028387186374012607,0.002834697084557103,0.7924217556332287,0.08017792613694517,0.09550595274228768,0.16570971729783374,177.28613952636718,171.05861183166505,True
2016-06-22,178.67532221401441,179.4032163854606,178.0587564154674,178.204345703125,95560500,0.0,0.0,0.0,SPY,-0.0016313208124922873,-0.0016326528651561872,0.7894977407185002,0.0802804830533187,0.09453838276357085,0.16571724856820794,177.3417218017578,171.14252098083497,True
2016-06-23,179.66869964266547,180.57641798398882,179.20628177571822,180.52503967285156,102731400,0.0,0.0,0.0,SPY,0.013022656437305269,0.012938590699858959,0.8128017549912112,0.08039460870486813,0.09778579237865083,0.16605790419432565,177.40827758789064,171.21774993896486,True
2016-06-24,174.37651357202682,180.55928924684218,173.59724105750848,174.04254150390625,333444400,0.0,0.0,0.0,SPY,-0.03590913582233757,-0.036569731367837435,0.7477056105522599,0.148445689732784,0.12215068550046648,0.1698995318644913,177.34501373291016,171.27163024902345,True
2016-06-27,172.62956896887508,172.63814073114858,170.11192740209458,170.9254608154297,230775800,0.0,0.0,0.0,SPY,-0.01790987801914279,-0.01807220092737903,0.7164044162538974,0.1592844664735116,0.125912139761133,0.17084245089418612,177.2233267211914,171.30548278808592,True
2016-06-28,172.53540993523436,174.03400519922755,172.22712695825862,174.00831604003906,159382400,0.0,0.0,0.0,SPY,0.01803625516000995,0.01787553160026393,0.7473619242632206,0.17264581577785906,0.13084817287739944,0.17050072544151634,177.13842163085937,171.35102012634277,True
2016-06-29,175.41264665241505,177.2023937510164,175.3098900547411,176.97119140625,137328600,0.0,0.0,0.0,SPY,0.017027205559124958,0.01688386750422651,0.7771146149338386,0.18392185105126674,0.13515750612243466,0.17132805475671137,177.10152770996095,171.4144309234619,True
2016-06-30,177.44221081705115,179.4374714471411,176.88558199688845,179.38609313964844,165021900,0.0,0.0,0.0,SPY,0.013645733603357302,0.013553468978658553,0.8013646475518585,0.19016118992724626,0.13719083369773027,0.17167944701633506,177.10952606201172,171.47964836120605,True
2016-07-01,179.38611720776555,180.2510290556398,179.22341050106792,179.76290893554688,106055300,0.0,0.0,0.0,SPY,0.002100585331356264,0.0020983821867118575,0.8051485677069297,0.19000754368155576,0.13704435307500387,0.17168659612278317,177.14431243896485,171.53954208374023,True
2016-07-05,178.93226655107665,179.04359494870334,177.87041315850217,178.4698486328125,109803700,0.0,0.0,0.0,SPY,-0.007193142959196264,-0.007219138346046765,0.7921638759968253,0.19141971573065186,0.1362953677852631,0.17181884395075894,177.15323760986328,171.594856338501,True
2016-07-06,177.97314887259418,179.660139766317,177.3137633950026,179.54025268554688,96021500,0.0,0.0,0.0,SPY,0.005997674458371183,0.005979760003276325,0.8029126915011069,0.19175633007614473,0.13510753428567426,0.17180870808703566,177.18970397949218,171.6692008972168,True
2016-07-07,179.7200311826613,180.38797518704075,178.65817818426754,179.4288787841797,85593800,0.0,0.0,0.0,SPY,-0.000620328309118845,-0.0006205207923303651,0.8017942937196991,0.19167208409086448,0.1327840577822273,0.1709658211017085,177.21866180419923,171.7387336730957,True
2016-07-08,180.73051117986208,182.34899282346112,180.49929578314567,182.10064697265625,133971000,0.0,0.0,0.0,SPY,0.014890402295219207,0.01478062862943624,0.8286237356064159,0.1984097633097203,0.1357924216805456,0.17158577354502355,177.29372924804687,171.83236770629884,True
2016-07-11,182.56311111336606,183.31669443041378,182.3575848268866,182.74293518066406,73633900,0.0,0.0,0.0,SPY,0.0035271055797196915,0.0035208999305401047,0.8350734845874812,0.19858976477316292,0.13575801318260408,0.17117228134501736,177.4140155029297,171.93051879882813,True
2016-07-12,183.71060551833483,184.36999092806968,182.76862636157077,184.0702667236328,101275600,0.0,0.0,0.0,SPY,0.007263380888878235,0.007237129576784779,0.8484023222651211,0.1963214262798745,0.1352987711352855,0.17097512412964144,177.5799301147461,172.03825553894043,True
2016-07-13,184.48994781093268,184.49850650952004,183.5565400630088,184.04464721679688,87324100,0.0,0.0,0.0,SPY,-0.00013918329826945186,-0.00013919298516355678,0.8481450555333794,0.19361957568100618,0.1339810583170626,0.17092598477966306,177.71738983154296,172.1460745239258,True
2016-07-14,185.31199403339198,185.543209521093,184.67831071654834,185.0722198486328,91230900,0.0,0.0,0.0,SPY,0.005583279097628457,0.005567750368891781,0.8584637651913243,0.1935473873394202,0.134338997645325,0.17100906808210314,177.90624145507812,172.2794206237793,True
2016-07-15,185.63738820224702,185.83434274786217,184.37856732946315,184.82386779785156,107155400,0.0,0.0,0.0,SPY,-0.001341919662412705,-0.0013428208429009877,0.8559698561229325,0.19353549325922484,0.13435291668833932,0.1708377342018323,178.10971862792968,172.41106163024904,True
2016-07-18,184.94378014903887,185.48327861586822,184.68687549499094,185.32057189941406,58725900,0.0,0.0,0.0,SPY,0.0026874456609995434,0.002683840935800229,0.860957674259716,0.19352187619276062,0.1338044065055861,0.17085455130470226,178.32381134033204,172.53039993286131,True
2016-07-19,184.90095614103186,185.16641948612008,184.65262325693058,185.13217163085938,54345700,0.0,0.0,0.0,SPY,-0.0010166182125583845,-0.0010171353193499323,0.8590657907952632,0.19271674230344388,0.13374742707878884,0.17085871752695947,178.52135650634764,172.64669006347657,True
2016-07-20,185.13211612638392,186.14259088753863,185.13211612638392,185.90281677246094,58159500,0.0,0.0,0.0,SPY,0.004162675427035856,0.004154035462294119,0.8668044782798496,0.19225414627616658,0.13393712080292738,0.17085299536598383,178.73141967773438,172.7547428894043,True
2016-07-21,185.79151445177266,186.0141581265486,184.75533740112073,185.2006378173828,67777300,0.0,0.0,0.0,SPY,-0.00377712918646933,-0.0037842805523497437,0.8597533165995073,0.1933159276794316,0.13368292550413474,0.17088821763898626,178.8838214111328,172.8446672821045,True
2016-07-22,185.32056244956507,186.0827046087923,185.05509911171362,186.0313262939453,62787500,0.0,0.0,0.0,SPY,0.004485343497475425,0.004475314322676857,0.8680949490450252,0.19309754307648233,0.13389337757800177,0.17083911429613338,179.08606079101563,172.9416098022461,True
2016-07-25,185.82578624848168,185.8771645595355,184.94375706415994,185.52606201171875,55873100,0.0,0.0,0.0,SPY,-0.0027160172014696338,-0.002719712268282163,0.8630211710294404,0.18956535635435237,0.13398217044209876,0.17053139648818622,179.2771725463867,173.02920127868651,True
2016-07-26,185.42332897787742,185.97138614335765,184.7639434131436,185.61172485351562,70080500,0.0,0.0,0.0,SPY,0.00046172942425459773,0.0004616228600252848,0.8638813827221139,0.1328174215094293,0.13397397419320403,0.17042064434169843,179.50066650390625,173.10963859558106,True
2016-07-27,185.9884647923714,186.05697355231052,184.64400487864677,185.4147186279297,84083900,0.0,0.0,0.0,SPY,-0.0010613889060155923,-0.001061952578105999,0.8619030797003637,0.11011543088316662,0.13399088970782977,0.17000285467495593,179.68580322265626,173.1885852050781,True
2016-07-28,185.21780778806422,185.92001299254184,184.75538985019188,185.6288604736328,65035700,0.0,0.0,0.0,SPY,0.0011549344479648838,0.0011542680242431235,0.8640534557058817,0.0976399003907717,0.13252614472325772,0.1698759693853917,179.90810638427735,173.2678020477295,True
2016-07-29,185.363353389441,186.288189047029,185.08075963479044,185.92852783203125,79519400,0.0,0.0,0.0,SPY,0.0016143360339218038,0.0016130343941742674,0.8670626643685841,0.08351792992403385,0.13193064129674445,0.16988141714771057,180.135380859375,173.35386756896972,True
2016-08-01,185.98848380038402,186.38239287690422,185.3205396561009,185.77439880371094,73311400,0.0,0.0,0.0,SPY,-0.000828969228754195,-0.0008293130137498913,0.8655149268716669,0.07331727393510146,0.1311975825440059,0.16987558125173596,180.37166961669922,173.4432063293457,True
2016-08-02,185.52604201786735,185.68019000112832,183.74486644863504,184.58407592773438,92295500,0.0,0.0,0.0,SPY,-0.0064073568997752295,-0.006427972117547999,0.853561906933342,0.07844362579548961,0.13060150184157765,0.16996784271368734,180.5621728515625,173.5137026977539,True
2016-08-03,184.52411510775494,185.18350047912233,184.22440398746772,185.12355041503906,53993600,0.0,0.0,0.0,SPY,0.0029226491212377415,0.002918386485733731,0.8589792180118005,0.07227214835061725,0.13001336185544182,0.1699743108942067,180.7682357788086,173.58302101135254,True
2016-08-04,185.23493265916025,185.63741356826887,183.4708740703251,185.32057189941406,46585500,0.0,0.0,0.0,SPY,0.0010642702343017785,0.0010637043002382285,0.860957674259716,0.07062429887480268,0.12999235691507502,0.16994906535740956,180.93291748046875,173.65290336608888,True
2016-08-05,185.32057578821525,186.87910807317388,185.32057578821525,186.83628845214844,71892200,0.0,0.0,0.0,SPY,0.008178889894409958,0.008145624036558902,0.8761782421756434,0.07377282282311325,0.1306836925735039,0.16992031800023696,181.10389068603516,173.73145919799805,True
2016-08-08,187.0246715203692,187.12744121713342,186.45949698837384,186.72496032714844,39906500,0.0,0.0,0.0,SPY,-0.0005958592194391654,-0.0005960368140949736,0.8750603040727318,0.05714700397383855,0.13072452269940973,0.16990791235005917,181.27161499023438,173.81476654052733,True
2016-08-09,186.79348189783676,187.33296730927324,186.51088807912538,186.83628845214844,51251700,0.0,0.0,0.0,SPY,0.0005962144793334456,0.0005960368140949798,0.8761782421756434,0.05654255981413032,0.12865371067142622,0.16946112148748033,181.42623046875,173.88426559448243,True
2016-08-10,186.94760187980813,187.02466935145293,186.0227530199327,186.3738555908203,57941100,0.0,0.0,0.0,SPY,-0.00247506983337753,-0.0024781378821864823,0.8715345700063952,0.053038700379394475,0.1271652660868413,0.16922643801011256,181.57841247558594,173.9419738769531,True
2016-08-11,186.90478216213302,187.48710021435585,186.63931882657914,187.23875427246094,72504300,0.0,0.0,0.0,SPY,0.004640665284832091,0.004629930595610611,0.8802197355147872,0.05475860459868377,0.12737123444289888,0.16927960759756058,181.74056640625,174.00615493774413,True
2016-08-12,186.93047574693793,187.2901500896989,186.67358416884153,187.07606506347656,61313500,0.0,0.0,0.0,SPY,-0.0008688864098488347,-0.0008692641104472384,0.8785860381390689,0.05219630937370434,0.12589274130961478,0.16927653158020722,181.88856231689454,174.07120765686034,True
2016-08-15,187.4442893979501,187.9666573967554,187.43573070071875,187.6155548095703,49813500,0.0,0.0,0.0,SPY,0.0028837988756642563,0.002879648704611189,0.884003502443693,0.052351369826975705,0.12469518511813249,0.1692632974557962,182.05808166503905,174.1290584564209,True
2016-08-16,187.19594530800688,187.26444101518504,186.64788818359375,186.64788818359375,53213600,0.0,0.0,0.0,SPY,-0.005157710014815908,-0.0051710569138505745,0.8742863587111909,0.055588925046529326,0.1235588873998419,0.1692687188924962,182.1900164794922,174.18257637023925,True
2016-08-17,186.6821055494282,187.13596466895925,185.8428960730684,186.9989471435547,75134300,0.0,0.0,0.0,SPY,0.0018808622126793573,0.0018790956061632551,0.8778116330990311,0.055600348897428986,0.12355766826709169,0.16924616546571458,182.32335052490234,174.2416407775879,True
2016-08-18,186.97327862820245,187.45282695333856,186.8619633098963,187.4185791015625,52989300,0.0,0.0,0.0,SPY,0.002244033800284928,0.0022415197168594724,0.8820255058742736,0.054384704312251717,0.12322321525656797,0.1690565096786046,182.45332122802733,174.29244049072267,True
2016-08-19,186.9476072010867,187.3243989399142,186.45950013339692,187.14456176757812,75443000,0.0,0.0,0.0,SPY,-0.0014620606734825348,-0.0014631305271101019,0.8792738703956438,0.05271398600865803,0.12289536919678648,0.16771949461394856,182.58275207519532,174.3393002319336,True
2016-08-22,186.90480134045484,187.3672323509514,186.53658133831317,187.13601684570312,61368800,0.0,0.0,0.0,SPY,-4.5659471984094147e-05,-4.5660514409516265e-05,0.8791880637430081,0.05069880084404007,0.12281676048918015,0.1648982045577361,182.7462585449219,174.38881340026856,True
2016-08-23,187.75254576208164,188.05226998998276,187.4528215341805,187.5127716064453,53399200,0.0,0.0,0.0,SPY,0.0020132669653476487,0.0020112430593975075,0.8829713709934175,0.049808522178440715,0.12045179931844195,0.1592494299389033,182.94490295410156,174.44109504699708,True
2016-08-24,187.36720083358696,187.4613987593826,186.13406910197543,186.55368041992188,71728900,0.0,0.0,0.0,SPY,-0.005114804598677636,-0.005127929986711014,0.8733403403658819,0.053489538573199116,0.12045525413450021,0.15886462759559872,183.13134979248048,174.48904472351074,True
2016-08-25,186.16834253521043,186.84485856798818,186.01420758093516,186.4252471923828,69224800,0.0,0.0,0.0,SPY,-0.0006884518560553721,-0.0006886889478581982,0.8720506357315336,0.053390151876500605,0.12048622371668789,0.1543053704117012,183.32016937255858,174.54460845947267,True
2016-08-26,186.61365622626948,187.6412618606924,185.18356964946778,186.07415771484375,122506300,0.0,0.0,0.0,SPY,-0.0018832721577499711,-0.0018850477443855117,0.8685250548913623,0.05378738548265662,0.12037677967861311,0.1524061762588164,183.49140472412108,174.59639503479005,True
2016-08-29,186.202555798138,187.2558502495593,186.1682948837038,186.99038696289062,70502200,0.0,0.0,0.0,SPY,0.0049240005130157805,0.004911917271514553,0.8777256732202303,0.05611772003647648,0.12056609673629357,0.1524704617454664,183.69418548583985,174.65621711730958,True
2016-08-30,186.9047726128558,187.18736639434317,186.1255131063795,186.68212890625,58114500,0.0,0.0,0.0,SPY,-0.0016485235505812046,-0.0016498838607373937,0.8746301982263958,0.056392405097976384,0.12063006342377307,0.15224288605049502,183.86802276611328,174.72671424865723,True
2016-08-31,186.34810806364627,186.4679951153345,185.37188119512524,186.15115356445312,85269500,0.0,0.0,0.0,SPY,-0.0028442751585693316,-0.0028483277955254206,0.8692982341220765,0.05230442449642934,0.1207367108442771,0.14919955405109783,184.02113525390624,174.80424583435058,True
2016-09-01,186.14265957689005,186.45094256242362,184.99516687890392,186.1597900390625,97844200,0.0,0.0,0.0,SPY,4.6394956163320344e-05,4.639387995062874e-05,0.8693849601317047,0.05150483024584964,0.12052360158700488,0.14805808075964216,184.180244140625,174.86884552001953,True
2016-09-02,187.01607760090786,187.42711711041116,186.42520095597223,186.9989471435547,79293900,0.0,0.0,0.0,SPY,0.004507724811658287,0.004497595449015063,0.8778116330990313,0.05351528083482852,0.12044201483904603,0.14811084986656328,184.30972229003908,174.93827293395995,True
2016-09-06,187.28156941882895,187.64123067777138,186.56224690094407,187.5641632080078,56702100,0.0,0.0,0.0,SPY,0.003022562816993979,0.0030180040577832907,0.8834874367185552,0.046654882172272524,0.12052338779453989,0.14728875143584652,184.5801547241211,174.9967935180664,True
2016-09-07,187.401451348994,187.72686474577003,186.93903347642305,187.54702758789062,76554900,0.0,0.0,0.0,SPY,-9.135871066257018e-05,-9.13628841237671e-05,0.8833153637347875,0.04658058004361515,0.12041510366439062,0.14522295965009788,184.91258605957032,175.05598670959472,True
2016-09-08,187.21303336521862,187.48706841784025,186.81055254837466,187.11883544921875,74102900,0.0,0.0,0.0,SPY,-0.002283118768551029,-0.0022857290580307896,0.8790155310807442,0.04734399344502127,0.1204899428094919,0.14457848725792258,185.17479644775392,175.1098371887207,True
2016-09-09,185.80011002963596,185.85148834426704,182.61452385537976,182.6402130126953,221589100,0.0,0.0,0.0,SPY,-0.0239346425268816,-0.024225730186978194,0.8340419660418679,0.09564146378992366,0.12859412844434157,0.1465581321204128,185.28817687988283,175.14230545043947,True
2016-09-12,181.8780193048708,185.66303985484547,181.80951054920996,185.26055908203125,168110900,0.0,0.0,0.0,SPY,0.014347037961206288,0.014245093126079288,0.860355035751116,0.1079086605685555,0.13052269833385655,0.14715861464435517,185.40566619873047,175.18669609069823,True
2016-09-13,183.9760741936991,184.2415374910919,181.97224181978828,182.5973663330078,182828800,0.0,0.0,0.0,SPY,-0.014375389787332993,-0.014479716737158959,0.833611706969366,0.11817176073230384,0.13387179543874986,0.14785017149635746,185.4623553466797,175.21789710998536,True
2016-09-14,182.64875670877018,183.85619927028594,181.97225384383333,182.52886962890625,134185500,0.0,0.0,0.0,SPY,-0.0003751242719275405,-0.0003751946486377935,0.8329238747127914,0.11731434135041849,0.13382843132820932,0.14735755091665334,185.54353576660156,175.24774467468262,True
2016-09-15,182.36615764971964,184.73820985308944,182.18632051466517,184.3528594970703,134427900,0.0,0.0,0.0,SPY,0.009992884259198975,0.009943285540428119,0.8512400708487189,0.12262687577299321,0.1350801581679229,0.1474381149861889,185.63978790283204,175.29037719726563,True
2016-09-16,183.73491728635778,183.91566286896128,182.95172144898766,183.64024353027344,155236400,1.082,0.0,0.0,SPY,-0.003865499937136585,-0.003872990290890611,0.8440841024712284,0.12280100593684568,0.13509902889195663,0.1474763352052383,185.7240151977539,175.32106353759767,True
2016-09-19,184.29433239319732,184.9398316046252,183.34759496335045,183.67465209960938,80250500,0.0,0.0,0.0,SPY,0.0001873694386071989,0.0001873518871463076,0.8444296274742529,0.12235733178685203,0.1345846389176328,0.14651447717183366,185.75549530029298,175.3609790802002,True
2016-09-20,184.5353830804749,184.6902966423874,183.64889823338956,183.68331909179688,69665300,0.0,0.0,0.0,SPY,4.718665362046792e-05,4.7185540365348356e-05,0.8445166599362117,0.12238663667579394,0.1345061827639881,0.14643931038790206,185.77430297851564,175.4132386779785,True
2016-09-21,184.38904781183263,185.92963383291604,183.700512537477,185.7489013671875,110284400,0.0,0.0,0.0,SPY,0.011245344899056153,0.011182586066303998,0.8652588859492496,0.1293833842897565,0.136136149121865,0.14621141481777983,185.8078756713867,175.4589338684082,True
2016-09-22,186.7644742806701,187.2206260935032,186.51488698283822,186.9193878173828,76678700,0.0,0.0,0.0,SPY,0.006301444808448631,0.00628167371926062,0.8770127118725273,0.13119878153929213,0.13431379592642986,0.14630816100731833,185.86537048339844,175.51583114624023,True
2016-09-23,186.52345434501152,186.66116399615765,185.80049837556706,185.89517211914062,73630900,0.0,0.0,0.0,SPY,-0.0054794513838384296,-0.005494518642987905,0.8667277119709751,0.1313797170161461,0.11276500463806899,0.14637371171593466,185.8818295288086,175.57350517272948,True
2016-09-26,185.0603410171842,185.24107345842353,184.1910602621694,184.38902282714844,89827300,0.0,0.0,0.0,SPY,-0.00810214313165103,-0.008135143865299684,0.8516032168607668,0.13425153393366132,0.10764480287819378,0.14662852680557914,185.87313262939452,175.63043075561524,True
2016-09-27,184.2254760050286,185.62835201571647,183.8553829646048,185.53369140625,78494800,0.0,0.0,0.0,SPY,0.00620789980634906,0.006188710173608268,0.8630977841121521,0.13610551541395027,0.10261952592264209,0.14445790693303207,185.87739501953126,175.69084671020508,True
2016-09-28,185.7574680302204,186.6095317478963,184.79352670876403,186.45460510253906,87411000,0.0,0.0,0.0,SPY,0.004963592807910144,0.0049513147930785,0.8723454428738044,0.136124009719656,0.09769855724859276,0.14452169986809058,185.90384368896486,175.77267570495604,True
2016-09-29,186.2480923451669,186.65260636191744,184.2169203303393,184.7677459716797,128070600,0.0,0.0,0.0,SPY,-0.00904702316111583,-0.009088195990979162,0.8554062902865154,0.13955301003740858,0.09614562357738426,0.14371603355643203,185.8811422729492,175.84177360534667,True
2016-09-30,185.60253152585074,186.86771100941502,185.35294428005844,186.16197204589844,117202900,0.0,0.0,0.0,SPY,0.007545830398518083,0.007517503033395725,0.8694068714733609,0.1419316007018057,0.09712873097673419,0.14387084768915936,185.90036895751953,175.9088698577881,True
2016-10-03,185.74886574280399,185.93820010253964,185.0775344578399,185.7144317626953,83512100,0.0,0.0,0.0,SPY,-0.002404037077415433,-0.0024069314142093714,0.8649127480415637,0.14218404648564306,0.09603831387663023,0.14317868733513603,185.89403106689454,175.96109016418458,True
2016-10-04,185.8263744662664,186.05014286868874,184.1738975422452,184.7677459716797,119948100,0.0,0.0,0.0,SPY,-0.005097534865924125,-0.005110571619186211,0.8554062902865154,0.14217599905077777,0.09609076430436038,0.14223380849043749,185.87886474609374,176.02193130493163,True
2016-10-05,185.39601015265197,186.01569053589353,185.32715531754548,185.58535766601562,72816000,0.0,0.0,0.0,SPY,0.00442507803532588,0.004415316164947514,0.8636166079082677,0.14269998907601028,0.09638665357153328,0.1422364453277965,185.87833740234376,176.10223472595214,True
2016-10-06,185.3615556965167,185.93820010253964,184.81934527060238,185.7144317626953,62927400,0.0,0.0,0.0,SPY,0.0006954972003339055,0.0006952554542387302,0.8649127480415637,0.14275205989316175,0.09188067764297927,0.1420251569212592,185.88433166503907,176.1761915588379,True
2016-10-07,185.98984649965766,186.16197699782222,184.34597200684834,185.07752990722656,89788300,0.0,0.0,0.0,SPY,-0.0034294688324630895,-0.0034353629403306137,0.858517087896892,0.14299471188786833,0.09194973336761889,0.14181495436903116,185.87330505371094,176.23920890808105,True
2016-10-10,186.04147338867188,186.50622701964042,185.8951618172056,186.04147338867188,51855000,0.0,0.0,0.0,SPY,0.005208322598256654,0.005194806197649426,0.8681968444450314,0.11582992492891792,0.0913999478525431,0.1418967198286856,185.87556396484376,176.29636711120605,True
2016-10-11,185.61117329361156,185.68002812749612,182.9603212862814,183.69187927246094,130367400,0.0,0.0,0.0,SPY,-0.012629410385834983,-0.012709839286448806,0.8446026198150132,0.11406535478220324,0.09492595400701953,0.14249304282285447,185.83391357421874,176.3432180786133,True
2016-10-12,183.82960302060656,184.45789850315848,183.3304152862459,183.93289184570312,73866100,0.0,0.0,0.0,SPY,0.001312048056760995,0.0013111880738531164,0.8470228270978377,0.10213439814460641,0.09428472578699928,0.14233936008638862,185.82088989257812,176.39326553344728,True
2016-10-13,182.59882538620238,183.82957094804914,181.78119565451286,183.33038330078125,101357000,0.0,0.0,0.0,SPY,-0.0032756976681870276,-0.0032810745109454332,0.8409725387300251,0.10289132987558004,0.09446901803117529,0.14229201927307336,185.78502655029297,176.43102020263672,True
2016-10-14,184.31157934484307,184.77634624006126,183.34763783286186,183.4250946044922,93346200,0.0,0.0,0.0,SPY,0.0005166154240541232,0.0005164820242482254,0.8419236135387931,0.09660491715292333,0.09430724776158908,0.14149660755478022,185.74711700439454,176.47547775268555,True
2016-10-17,183.39922744610791,183.65742974968583,182.60741667912635,182.7881622314453,58275700,0.0,0.0,0.0,SPY,-0.0034724385691077275,-0.003478481477055793,0.8355276469417907,0.09642759076969742,0.09452707007439297,0.14148392610822658,185.66615447998046,176.5254804992676,True
2016-10-18,184.389043664,184.44928344031507,183.5541967966904,183.93289184570312,76869700,0.0,0.0,0.0,SPY,0.006262602568367415,0.006243073963753046,0.8470228270978377,0.09900038760402509,0.09501166981092697,0.14160948823285593,185.61031311035157,176.5932837677002,True
2016-10-19,184.19970877976922,184.73331740396787,183.83823069891997,184.42347717285156,66519200,0.0,0.0,0.0,SPY,0.0026671973795746595,0.0026636467207811127,0.8519492015422876,0.09940283956584348,0.09488622721033935,0.14161971649220426,185.56205688476564,176.6620992279053,True
2016-10-20,184.0705933109498,184.63863589965095,183.41649202053875,184.07920837402344,73639800,0.0,0.0,0.0,SPY,-0.0018667297900768487,-0.0018684743014904413,0.8484921127980596,0.09109206221151545,0.09450211753048897,0.14148496182469394,185.5161639404297,176.73995735168458,True
2016-10-21,184.07922449387897,184.2513550450903,183.11526976820076,184.165283203125,89089100,0.0,0.0,0.0,SPY,0.0004675966930858255,0.0004674874038196722,0.8493564615971991,0.08785718558048278,0.09436515264722362,0.14050723140728114,185.45469451904296,176.83845985412597,True
2016-10-24,185.04311429833535,185.31853360936657,184.59556448426738,184.9484405517578,60146600,0.0,0.0,0.0,SPY,0.004252470036760547,0.004243453837760299,0.8572207945374308,0.08764307624520258,0.0947604968822839,0.14015529045263367,185.4121420288086,176.9499040222168,True
2016-10-25,184.76771593033303,185.0259182805126,184.16525253505873,184.3287811279297,66542300,0.0,0.0,0.0,SPY,-0.0033504441669228724,-0.003356069473345201,0.8509982799596851,0.08372244247304145,0.09497121259330896,0.1401755288704438,185.34640655517578,177.0574449157715,True
2016-10-26,183.50254268015587,184.54394083988706,183.26154419811058,183.9586944580078,75705500,0.0,0.0,0.0,SPY,-0.002007753035946247,-0.0020097712739410296,0.8472819325435648,0.08083123226209446,0.0950152950026563,0.1401767311196151,185.29262268066407,177.1565670776367,True
2016-10-27,184.68163558273272,184.71605643011975,183.39063711591282,183.4680938720703,77220200,0.0,0.0,0.0,SPY,-0.002666906217088205,-0.0026704687468384145,0.8423554048729496,0.0787545099826436,0.09508240218948007,0.13976145191973144,185.22200561523437,177.27370391845704,True
2016-10-28,183.44230805330568,184.12222825678606,182.21156226323424,182.9259033203125,140623200,0.0,0.0,0.0,SPY,-0.0029552307451118365,-0.0029596060616631295,0.836910819537046,0.07331400793709045,0.09523511572341344,0.13979501600502217,185.13215209960939,177.37499305725098,True
2016-10-31,183.26155333475683,183.48533483651642,182.77098068227858,182.93450927734375,61272500,0.0,0.0,0.0,SPY,4.70461365780217e-05,4.70450299432467e-05,0.8369972390943436,0.06734676638005302,0.0944040115589654,0.13972200074721106,185.04795104980468,177.49378448486328,True
2016-11-01,183.26154643956252,183.31319741452177,180.39554113336976,181.60906982421875,122781800,0.0,0.0,0.0,SPY,-0.0072454314845293855,-0.007271807102270773,0.8236874014612159,0.07077882467368048,0.09525632583553813,0.13943109480474386,184.937412109375,177.6048893737793,True
2016-11-02,181.2992175046396,181.68652756097123,180.07707383339738,180.51602172851562,103330800,0.0,0.0,0.0,SPY,-0.006018686714056143,-0.00603687201339892,0.8127111983274498,0.07150998166883392,0.0958992803894483,0.1395387170636276,184.79747711181642,177.7207418823242,True
2016-11-03,180.73118477564276,180.94635118838607,179.414367380271,179.6897735595703,88939300,0.0,0.0,0.0,SPY,-0.004577145901142998,-0.004587653107714151,0.8044141546960693,0.06952087779703812,0.09464711941116953,0.13958204897821955,184.6601989746094,177.8280559539795,True
2016-11-04,179.80169201406315,180.64514080487868,179.34554019934635,179.49185180664062,109122100,0.0,0.0,0.0,SPY,-0.0011014636448638537,-0.001102070701752668,0.8024266581043937,0.06907431707576574,0.09465240274401542,0.1395828966377815,184.52153106689454,177.9181502532959,True
2016-11-07,179.49187255164512,183.48536172402262,179.49187255164512,183.450927734375,109794900,0.0,0.0,0.0,SPY,0.022057134560065306,0.021817394876503707,0.8421830254368512,0.10676659787850047,0.10493654310653751,0.14129871446082326,184.46906646728516,178.04024429321288,True
2016-11-08,183.0550015891877,184.84518793607123,182.78819730628936,184.2771453857422,106772100,0.0,0.0,0.0,SPY,0.004503752919491788,0.004493641372883064,0.8504797626159006,0.1063273569477021,0.10526786558494643,0.14104058918922285,184.41480163574218,178.15562103271483,True
2016-11-09,182.77957232348012,186.85053058050391,182.75375340284077,186.23085021972656,258429000,0.0,0.0,0.0,SPY,0.010601992069579458,0.010546185048851542,0.8700985343840717,0.10315708714514621,0.10703275861374989,0.14140625963977538,184.4057760620117,178.28953819274903,True
2016-11-10,187.0226748715924,187.89194257348507,185.23248849000728,186.69561767578125,172113300,0.0,0.0,0.0,SPY,0.002495652334220333,0.0024925433654627857,0.8747656501566294,0.10333069020533682,0.10714130129847577,0.14136057178070316,184.41666534423828,178.42162651062011,True
2016-11-11,185.97263561929842,186.50624412095237,185.31853445169952,186.2652587890625,100552700,0.0,0.0,0.0,SPY,-0.0023051365215551733,-0.0023077974387180436,0.8704440593870963,0.1029104400679842,0.10707427409132472,0.14065931112959,184.4187747192383,178.5320272064209,True
2016-11-14,186.79027031545684,186.99683480514705,185.6628003829193,186.4115753173828,94580000,0.0,0.0,0.0,SPY,0.0007855277429165142,0.0007852193774749081,0.8719133450873182,0.10290610231021236,0.10659015869809085,0.14017935769718812,184.40702728271484,178.64345588684083,True
2016-11-15,186.79885877978907,187.8660888671875,186.59230743770325,187.8660888671875,91652600,0.0,0.0,0.0,SPY,0.007802699737547103,0.00777241610334759,0.886519322853742,0.10442380528561312,0.10766697003219446,0.1395878715522187,184.41306579589843,178.7769467163086,True
2016-11-16,187.2463946337336,187.7455822277981,187.12590198225,187.51319885253906,65617700,0.0,0.0,0.0,SPY,-0.001878412526583828,-0.001880178955795624,0.8829756613260511,0.10337751083325132,0.10764838029472454,0.13960160390039053,184.4123892211914,178.903842086792,True
2016-11-17,187.66811466377524,188.53738208989714,187.55622394644874,188.47714233398438,69797200,0.0,0.0,0.0,SPY,0.0051406700293314955,0.005127501894566933,0.8926554178741906,0.10425008948521115,0.10808532942884305,0.13881504014154514,184.4395553588867,179.03428596496582,True
2016-11-18,188.54605147768095,188.71818200051806,187.8747201129971,188.0554656982422,86265800,0.0,0.0,0.0,SPY,-0.0022372826249401623,-0.0022397890808434143,0.8884210127927819,0.10438880894919093,0.1081890845354218,0.138833537277479,184.54786041259766,179.1780891418457,True
2016-11-21,188.63207629900276,189.50134381949704,188.48576472422937,189.47552490234375,72402600,0.0,0.0,0.0,SPY,0.007551278548745932,0.007522910366078276,0.9026810058776851,0.10675784045386565,0.10914970875836552,0.13898270028224902,184.63215972900392,179.33971382141112,True
2016-11-22,189.78541969490294,190.0264050795417,189.1141013901638,189.84567260742188,67429000,0.0,0.0,0.0,SPY,0.0019535383541959828,0.0019516326796139676,0.9063979661984674,0.10627328060805986,0.10866820648410462,0.13898436175849366,184.7771258544922,179.50314704895018,True
2016-11-23,189.32921802295374,190.00053615101683,189.13126860896466,189.9488983154297,56620200,0.0,0.0,0.0,SPY,0.0005437348483643412,0.0005435870781344675,0.9074345412075404,0.10499007029557486,0.10865055780124849,0.13898087160456413,184.92552642822267,179.6677744293213,True
2016-11-25,190.29318508010246,190.68908393437687,190.21571518886103,190.6546630859375,37872300,0.0,0.0,0.0,SPY,0.0037155507442629965,0.003708665136209924,0.914521711036757,0.10448452175071597,0.10876598033632102,0.1390211782948972,185.0515625,179.84614318847656,True
2016-11-28,190.34481145189116,190.62021762096217,189.65627633014088,189.75955200195312,76572500,0.0,0.0,0.0,SPY,-0.004694934125901273,-0.004705989946931567,0.9055331577208316,0.10578655231849765,0.10884442965274331,0.13911017317249857,185.1739486694336,180.00406044006348,True
2016-11-29,189.79397961702512,190.5857903840373,189.49274140738675,190.129638671875,69886700,0.0,0.0,0.0,SPY,0.0019502927047281293,0.0019483933530379598,0.9092495051369522,0.10446534267179906,0.10882639392951622,0.13904686583848008,185.3030484008789,180.15047958374024,True
2016-11-30,190.74933979570218,190.91286837693818,189.6132547888307,189.6735076904297,113291800,0.0,0.0,0.0,SPY,-0.0023990524814098135,-0.002401934818655775,0.904669115374023,0.10534064409770234,0.10877751460796295,0.13876709503820445,185.42285217285155,180.28148101806642,True
2016-12-01,189.97472631448642,189.97472631448642,188.61487300392184,188.9763641357422,79040500,0.0,0.0,0.0,SPY,-0.0036754924985377135,-0.003682263717893627,0.8976685183282693,0.10218016738601424,0.10906996338922839,0.13842395257631324,185.48740142822265,180.41234458923338,True
2016-12-02,189.06238195980717,189.56156950764841,188.7095059657398,189.07098388671875,74840300,0.0,0.0,0.0,SPY,0.0005006962188593977,0.0005005709123328656,0.8986186737800448,0.09822121910208939,0.10872981596506882,0.13767432487692902,185.53043334960938,180.54406272888184,True
2016-12-05,189.90589978435705,190.5513991216699,189.7079503314087,190.20713806152344,67837800,0.0,0.0,0.0,SPY,0.006009140860479212,0.005991157978691568,0.9100277408311253,0.09579923623392499,0.10920817515760732,0.1364489153565743,185.61667266845703,180.66968070983887,True
2016-12-06,190.39645448126726,190.84400429252008,189.91448382270985,190.8095703125,59877400,0.0,0.0,0.0,SPY,0.0031672431282874225,0.003162237979334989,0.9160772630681109,0.09478423817263802,0.10936168475590027,0.13632701607300474,185.74508361816407,180.8087356567383,True
2016-12-07,190.6547198779596,193.36581229565766,190.5342271734557,193.30557250976562,110738100,0.0,0.0,0.0,SPY,0.013081116388333092,0.0129962974687107,0.9411416927553435,0.07500023317112377,0.11216929137958366,0.13673087357511438,185.90052124023438,180.95654136657714,True
2016-12-08,193.27969509894712,194.25223837219423,193.01287771075508,193.77886962890625,99714400,0.0,0.0,0.0,SPY,0.002448440119938722,0.002445447574145685,0.9458944619543714,0.07464731887419468,0.10058303058751894,0.13649542625311203,186.0470065307617,181.09679748535157,True
2016-12-09,194.00267737343066,194.9666188482964,193.96824338777537,194.94940185546875,88005800,0.0,0.0,0.0,SPY,0.006040556582893153,0.0060223855596568026,0.9576487475561453,0.06985670576314938,0.0974114069189868,0.13659251254017296,186.2506396484375,181.24481323242188,True
2016-12-12,194.85469578929985,195.33667957954293,194.30387030459465,194.72560119628906,102016100,0.0,0.0,0.0,SPY,-0.0011479935667902952,-0.0011486530161490508,0.9554013793879157,0.07079006799089957,0.09248828840318202,0.13513714990636908,186.4219122314453,181.39819374084473,True
2016-12-13,195.3883537495391,196.52442577743506,195.3711367563643,196.02523803710938,110477500,0.0,0.0,0.0,SPY,0.006674196062746995,0.006652022223227143,0.9684521115753166,0.07071645562246182,0.0931229386931661,0.13520083684332712,186.6281283569336,181.53879066467286,True
2016-12-14,195.72401367466105,196.42975280505453,193.9682480798635,194.40719604492188,142501800,0.0,0.0,0.0,SPY,-0.008254253423639168,-0.008288508403185558,0.9522040089940764,0.0797453097867417,0.09323093754193171,0.13512013407508228,186.82091735839845,181.6675260925293,True
2016-12-15,194.64819877328446,196.06829222366056,194.41581530828358,195.20762634277344,124972600,0.0,0.0,0.0,SPY,0.004117287395403846,0.00410883456154326,0.9602417939535646,0.07736072124528362,0.09295292851217131,0.13442370765803632,187.0133627319336,181.79695816040038,True
2016-12-16,195.66558847421018,195.72619652086163,194.50550184804672,194.82582092285156,156420200,1.329,0.0,0.0,SPY,-0.00195589397338114,-0.0019578092317677244,0.9564077688424009,0.07740807723887334,0.09312653225316028,0.13351919665676523,187.19559051513673,181.9217268371582,True
2016-12-19,195.0075790405007,195.6742013225138,194.86040509436378,195.24998474121094,90341100,0.0,0.0,0.0,SPY,0.0021771437499926716,0.0021747772067859787,0.9606671497887731,0.07648861406082591,0.09313976824506796,0.13225425959522225,187.39903961181642,182.04793800354003,True
2016-12-20,195.7867697060943,196.15039152554453,195.55302980660466,196.00320434570312,89838800,0.0,0.0,0.0,SPY,0.0038577191465112293,0.003850297229661359,0.9682308529924488,0.07544891369481883,0.09097938241887792,0.13207190595735407,187.59827423095703,182.18719612121583,True
2016-12-21,195.87334499048833,196.04649005674287,195.45779418945312,195.45779418945312,67909000,0.0,0.0,0.0,SPY,-0.002782659385955899,-0.002786538179830862,0.9627539369356415,0.07432477379945646,0.09058809924726215,0.13183813514172243,187.83359252929688,182.31957397460937,True
2016-12-22,195.31061123222736,195.43181409403857,194.72190218191486,195.12014770507812,56219100,0.0,0.0,0.0,SPY,-0.0017274649280433207,-0.0017289587161410395,0.9593633483472062,0.07512610527604492,0.08985138088171404,0.13131864707609353,188.05733764648437,182.44958572387696,True
2016-12-23,195.1634343249928,195.41450590131117,194.97298399794968,195.40585327148438,36697800,0.0,0.0,0.0,SPY,0.0014642545619536484,0.0014631835865688081,0.9622323550685483,0.07507446509124423,0.08802407690889136,0.1313049755239658,188.29884704589844,182.56738052368163,True
2016-12-27,195.67420564907505,196.28887254299553,195.65688718146427,195.89064025878906,42672500,0.0,0.0,0.0,SPY,0.002480923571061888,0.0024778511607400854,0.9671005035701381,0.07470735152389081,0.0874305282430501,0.1312904464532963,188.54815795898438,182.68870109558105,True
2016-12-28,196.15037741843466,196.1676826770709,194.159176235216,194.27171325683594,64095000,0.0,0.0,0.0,SPY,-0.008264442853494036,-0.008298782691968449,0.9508435138713034,0.07920525894152124,0.08890801610605771,0.13118397973978865,188.7778289794922,182.8033253479004,True
2016-12-29,194.3410068893433,194.6959629034167,193.78693468620676,194.2284698486328,48696100,0.0,0.0,0.0,SPY,-0.00022259240667710234,-0.0002226171840437615,0.9504092709185004,0.07927986176299127,0.0867136397659446,0.13096839702733679,188.98374053955078,182.91277542114258,True
2016-12-30,194.55740771888804,194.64398685218566,192.8259307339041,193.51852416992188,108998300,0.0,0.0,0.0,SPY,-0.003655209142430116,-0.003661905742664118,0.9432801171199585,0.0800794405806234,0.08606721469353214,0.13061263395919426,189.1656414794922,183.01320907592773,True
2017-01-03,194.82581936358508,195.50976029257782,193.82157257247454,194.9989776611328,91366500,0.0,0.0,0.0,SPY,0.007650190066099238,0.007621075754475619,0.9581465793675978,0.08140405116606537,0.0869710209178642,0.12999757006774856,189.38403686523438,183.1176374053955,True
2017-01-04,195.32794273159945,196.3062315970069,195.3192901010652,196.1590576171875,78744400,0.0,0.0,0.0,SPY,0.005949159169801765,0.005931532795908889,0.9697959050460585,0.0827321414086524,0.08673775927640753,0.13010415024856173,189.62391235351564,183.22663108825682,True
2017-01-05,195.89066731598953,196.15904415548493,195.2067264571573,196.00320434570312,78379000,0.0,0.0,0.0,SPY,-0.0007945249807863597,-0.0007948407830451756,0.9682308529924488,0.08168695961620663,0.08651931220729034,0.12943528308637436,189.84500762939453,183.33531402587892,True
2017-01-06,196.11574345904899,197.17194549722691,195.57032397093968,196.70445251464844,71559900,0.0,0.0,0.0,SPY,0.0035777382889541354,0.0035713534077461986,0.9752726678767007,0.08180842099478278,0.08668595161516468,0.1270840869307787,190.09252105712892,183.45325340270995,True
2017-01-09,196.4447555223657,196.58327687346736,196.02053883841302,196.05517578125,46939700,0.0,0.0,0.0,SPY,-0.003300772936749241,-0.0033062325049128725,0.9687527413118728,0.0715303959855096,0.08666003808122082,0.126604387692862,190.33445068359376,183.56832977294923,True
2017-01-10,196.07248104254538,196.91224856967992,195.66558283001118,196.05517578125,63771900,0.0,0.0,0.0,SPY,0.0,0.0,0.9687527413118728,0.0712711307542108,0.08623987288884033,0.12660655526532405,190.58619232177733,183.68289474487304,True
2017-01-11,195.9685863632232,196.60923767089844,195.30196395484305,196.60923767089844,74650000,0.0,0.0,0.0,SPY,0.002826050816769232,0.0028220650427272565,0.9743165366044739,0.06899341291612518,0.08185141915727437,0.1264115098606424,190.85985900878907,183.7922225189209,True
2017-01-12,196.089751560535,196.30618616490648,194.75652021005962,196.11572265625,72113200,0.0,0.0,0.0,SPY,-0.0025101313676548775,-0.002513287029252524,0.9693607427362634,0.06954086388489032,0.0821660725918657,0.1237982203262732,191.12348327636718,183.89524894714356,True
2017-01-13,196.28889056081704,196.86893378287968,196.2542668325375,196.56593322753906,62717900,0.0,0.0,0.0,SPY,0.0022956373165357036,0.002293006366892619,0.9738816807470092,0.06609051277965765,0.08173337966345817,0.12281552557713046,191.42262054443358,184.00265602111816,True
2017-01-17,195.92530951435313,196.33220773198286,195.48378756357593,195.8733673095703,61240800,0.0,0.0,0.0,SPY,-0.0035233262783488373,-0.0035295478103375922,0.9669270515508819,0.06029797350552716,0.08225234212588198,0.12084724469875634,191.72976745605467,184.10063690185547,True
2017-01-18,196.12441771823396,196.3495182099597,195.57034553956885,196.3062286376953,54793300,0.0,0.0,0.0,SPY,0.0022099039500396156,0.002207465703837935,0.971273771411544,0.059153459153104514,0.08176447324191814,0.12085393471570402,192.0620965576172,184.20363609313964,True
2017-01-19,196.3841099225183,196.52263124713022,195.14611026036562,195.5789794921875,66608800,0.0,0.0,0.0,SPY,-0.003704666686099034,-0.0037115459592583096,0.9639708591414149,0.06028345327738565,0.08165939800734112,0.12016065604374841,192.38383911132811,184.31177360534667,True
2017-01-20,196.26289419398807,196.79099515057976,195.63090885581107,196.2975311279297,129168600,0.0,0.0,0.0,SPY,0.0036739716998619443,0.0036672391509269347,0.9711864324972539,0.061122112462581646,0.08176830050049896,0.12010023798155563,192.64077117919922,184.41400512695313,True
2017-01-23,196.2975847797805,196.3581796155604,195.0249479170454,195.7867889404297,75061600,0.0,0.0,0.0,SPY,-0.002601877795228802,-0.0026052685621105274,0.9660576462882831,0.060425939566680846,0.08188633460551807,0.11852107544592053,192.87096405029297,184.5242042541504,True
2017-01-24,196.00321735066092,197.45766509459938,195.8906803134804,197.0421142578125,95555300,0.0,0.0,0.0,SPY,0.006411695723580024,0.00639122824347118,0.9786634096913014,0.06349474286945463,0.08259146686986613,0.11757122561269269,193.08718933105467,184.6383373260498,True
2017-01-25,197.99435724923651,198.74755859375,197.8298648497437,198.74755859375,84437700,0.0,0.0,0.0,SPY,0.008655227550522948,0.008617985804787395,0.9957891917480732,0.0690696004029698,0.08373884887357666,0.11713251811944399,193.32822814941406,184.76304206848144,True
2017-01-26,198.6004202693559,198.86881031930898,198.26278275954883,198.53982543945312,59970700,0.0,0.0,0.0,SPY,-0.001045211099782617,-0.0010457577138220729,0.9937031707320321,0.06935160052704732,0.0833606299088435,0.11655414095854465,193.57371948242186,184.87861503601073,True
2017-01-27,198.6177596824782,198.76493366790024,198.04636900251722,198.22817993164062,59711100,0.0,0.0,0.0,SPY,-0.0015696876287802919,-0.0015709208791204205,0.990573679529474,0.06950962581155468,0.08329684238422418,0.1164994966896273,193.81005157470702,184.9837696838379,True
2017-01-30,197.5355481881769,197.56151928587133,196.0118532129129,196.99879455566406,79737300,0.0,0.0,0.0,SPY,-0.0062018698673443895,-0.006221181348534982,0.9782284006076714,0.06650741683760757,0.08425833596776634,0.11429718551862288,193.99270568847658,185.08273498535155,True
2017-01-31,196.50527135705377,197.04203807424815,195.93389413118297,196.98143005371094,75880800,0.0,0.0,0.0,SPY,-8.81452193263188e-05,-8.81491043444627e-05,0.9780540292314222,0.06648624837555298,0.08388570047050607,0.11429484988098657,194.1820703125,185.18259307861328,True
2017-02-01,196.98150442031928,197.89918523117447,196.47072181203163,197.05941772460938,79117700,0.0,0.0,0.0,SPY,0.0003959138223190717,0.0003958354691217804,0.9788371681628889,0.06461355834967725,0.08386929031505787,0.11273099670590239,194.3537158203125,185.27662231445314,True
2017-02-02,197.05938606433443,197.47495004069447,196.366805857309,197.1892547607422,69657600,0.0,0.0,0.0,SPY,0.0006588725250080696,0.000658655563800586,0.9801409696044563,0.05972610883781188,0.08210748052150685,0.11261144877483421,194.5363916015625,185.36848915100097,True
2017-02-03,198.0983178594153,198.7303033547446,197.78665142703923,198.54849243164062,80563200,0.0,0.0,0.0,SPY,0.006893061554229529,0.006869413017119471,0.9937902031939916,0.06088179609291167,0.08147501683960179,0.11277359429684987,194.71785095214844,185.46630073547362,True
2017-02-06,198.141554510803,198.53980000962594,197.85585923754053,198.19349670410156,57790100,0.0,0.0,0.0,SPY,-0.001787954787223045,-0.001789555086176221,0.9902253964554726,0.0612612373138487,0.08081418055980455,0.11102707978437187,194.88480743408203,185.56715026855468,True
2017-02-07,198.5830907295221,198.8254964397394,198.01170017967254,198.20216369628906,57931200,0.0,0.0,0.0,SPY,4.3729952453608334e-05,4.372899632711168e-05,0.9903124289174317,0.060265723318369296,0.08069269779592161,0.1100917344094894,195.04987274169923,185.66804313659668,True
2017-02-08,198.20215937246343,198.591739026091,197.65673993131273,198.46188354492188,51566200,0.0,0.0,0.0,SPY,0.001310378473116991,0.0013095206765226096,0.9929204914790621,0.05882840705235027,0.06914370376080305,0.11008868803541921,195.2060171508789,185.77176788330078,True
2017-02-09,198.46192296933103,199.94232858922206,198.46192296933103,199.6393280029297,65955200,0.0,0.0,0.0,SPY,0.005932849356139913,0.005915319306655452,1.0047441885337718,0.06160601483991112,0.06947461127321868,0.11018601873843968,195.40361267089844,185.8800595855713,True
2017-02-10,199.98561735021443,200.6522397735495,199.65663245374103,200.42713928222656,66015900,0.0,0.0,0.0,SPY,0.0039461727665468516,0.003938407049997017,1.0126552554544568,0.062173666357017716,0.06707917677109067,0.10932659114470593,195.60956268310548,185.99045890808105,True
2017-02-13,200.92061311409918,201.77769907197353,200.89464201326567,201.51797485351562,55182100,0.0,0.0,0.0,SPY,0.005442554212945261,0.005427797035044019,1.023609240794237,0.06274050713895092,0.06757201121167482,0.10763927160547276,195.8464520263672,186.114405670166,True
2017-02-14,201.3361633989964,202.33177069873477,200.98987324872715,202.32310485839844,71109000,0.0,0.0,0.0,SPY,0.0039953260023979364,0.003987365882603483,1.031694219412675,0.06335288072951928,0.06740990642698787,0.10649430668011518,196.1133868408203,186.24714851379395,True
2017-02-15,202.10662073576364,203.56972070120736,202.05467854695107,203.37925720214844,86785800,0.0,0.0,0.0,SPY,0.005220127204399905,0.00520654957120201,1.042299921678453,0.062047454379855274,0.06784841267214518,0.10545538301848292,196.3995523071289,186.37818649291992,True
2017-02-16,203.4052929482555,203.5871038770067,202.45298836039336,203.2061767578125,84722400,0.0,0.0,0.0,SPY,-0.0008510230921136008,-0.0008513854178448839,1.040561877284083,0.06269501122230563,0.0667235763482244,0.1053512523184296,196.6595330810547,186.5160691833496,True
2017-02-17,202.5395173886011,203.52645874023438,202.52219891994199,203.52645874023438,77204100,0.0,0.0,0.0,SPY,0.0015761429476801592,0.0015749021380089031,1.0437780944962691,0.0596005420914878,0.06642114380851381,0.10534438664286738,196.91387084960937,186.66045143127442,True
2017-02-21,203.89877309162333,204.91168573955034,203.89010725053618,204.73854064941406,88946100,0.0,0.0,0.0,SPY,0.00595540214614898,0.005937738832186427,1.0559496149464844,0.06096204668424763,0.06663176944642779,0.10458417373426114,197.14253021240233,186.811064453125,True
2017-02-22,204.33161439486557,204.78178892544693,204.16712195825545,204.55670166015625,62115200,0.0,0.0,0.0,SPY,-0.0008881522193184832,-0.0008885468601855672,1.0541236187331626,0.059600984857506,0.06639296572518234,0.10371733661904417,197.35808685302734,186.95757339477538,True
2017-02-23,205.07616330275954,205.09346856342964,203.93338201264498,204.6952362060547,74615900,0.0,0.0,0.0,SPY,0.0006772427633712219,0.0006770135379792724,1.0555147590890197,0.0576468424985951,0.06519361396613621,0.10365273327141672,197.55300354003907,187.10405128479005,True
2017-02-24,203.84678137722443,204.9982018915402,203.8034918126732,204.95492553710938,82381600,0.0,0.0,0.0,SPY,0.001268663286297933,0.0012678592130245779,1.0581225151983196,0.052019488183213336,0.06517733900821696,0.10304133689788464,197.75759002685547,187.2409231567383,True
2017-02-27,204.86837037851393,205.4484136230307,204.6173120109346,205.2752685546875,56515400,0.0,0.0,0.0,SPY,0.0015629925298874525,0.0015617723283416777,1.0613393453151678,0.05120838029296787,0.06516594259972677,0.10299459106921487,197.94259063720702,187.3877027130127,True
2017-02-28,204.8943059269726,205.13671162261755,204.3315812499653,204.72116088867188,96961900,0.0,0.0,0.0,SPY,-0.0026993396229220146,-0.0027029894096107406,1.0557750903440706,0.05222737030845882,0.06543813445916584,0.10268523760223906,198.14886993408203,187.53145614624023,True
2017-03-01,206.38344625629745,208.05432880111243,206.3661277836228,207.58682250976562,149158200,0.0,0.0,0.0,SPY,0.013997876959344291,0.01390081143834226,1.0845515771147918,0.06068465418778651,0.06923406313392697,0.10100997087750878,198.39645385742188,187.69720512390137,True
2017-03-02,207.39630732029798,207.40497315954045,206.22756830307532,206.27951049804688,70246000,0.0,0.0,0.0,SPY,-0.006297663772262041,-0.006317577708297607,1.0714237721661841,0.06745950240090264,0.07092928179048623,0.10119680804626607,198.62552764892578,187.84781326293944,True
2017-03-03,206.19294341997673,206.57387048553088,205.8120163544226,206.4093780517578,81974300,0.0,0.0,0.0,SPY,0.0006295707867318701,0.0006293726901836228,1.0727278800600817,0.06738526488200537,0.07054408306660823,0.10114908785244942,198.84871551513672,188.00729164123535,True
2017-03-06,205.6128973513154,206.14965100347789,205.18868072324162,205.79470825195312,55391500,0.0,0.0,0.0,SPY,-0.0029779160501639534,-0.0029823588645760683,1.0665554704384284,0.06958747516832461,0.07035553074359244,0.10118968032351816,199.04454559326172,188.16344116210936,True
2017-03-07,205.49170486174646,205.84666084131237,204.97225644237574,205.18003845214844,65103700,0.0,0.0,0.0,SPY,-0.002986810521153682,-0.0029912799414580173,1.060383060816775,0.0693309713780384,0.07087328062961562,0.10125982990167713,199.23899047851563,188.3195415496826,True
2017-03-08,205.4743624648891,205.7340866443304,204.66056620069597,204.79908752441406,78168800,0.0,0.0,0.0,SPY,-0.0018566666163444268,-0.001858392358222267,1.056557616370875,0.0693733589645209,0.07049779731801456,0.10061338892935502,199.43256927490233,188.46824241638183,True
2017-03-09,204.92033179769868,205.38783805720732,204.0892301076527,205.05885314941406,90683900,0.0,0.0,0.0,SPY,0.0012683924920759981,0.001267588761877466,1.0591661386110016,0.06916293304444639,0.07038283431632579,0.10052877341810869,199.62562927246094,188.61943466186523,True
2017-03-10,206.01981053026506,206.06310010120356,204.82508706499857,205.77740478515625,81991700,0.0,0.0,0.0,SPY,0.0035041239366466748,0.0034979987990220274,1.0663817119668408,0.06945215843072909,0.06627241652050936,0.10056545494423831,199.82336456298827,188.762889251709,True
2017-03-13,205.71680942624894,205.9245914534901,205.3878377291044,205.8813018798828,57256800,0.0,0.0,0.0,SPY,0.0005049004035939664,0.0005047729842727654,1.0674250289271923,0.06784434646081577,0.06621391027903056,0.09937968547299196,200.0555563354492,188.90085762023926,True
2017-03-14,205.33585054676877,205.38780595313332,204.4787778885102,205.09344482421875,59880800,0.0,0.0,0.0,SPY,-0.003826753806539074,-0.0038340945623815963,1.0595135023280111,0.06959875017267421,0.06608380915628667,0.09946412544047177,200.27285583496095,189.03463111877443,True
2017-03-15,205.66481869442677,207.29241116513683,205.43106562020094,206.86819458007812,96081800,0.0,0.0,0.0,SPY,0.00865337142969369,0.008616145609558765,1.0773352376281249,0.07292878067876143,0.06778652760679257,0.09975068006965157,200.53984924316407,189.17344451904296,True
2017-03-16,207.0067537647712,207.08466706705843,206.13236254881758,206.46133422851562,78344000,0.0,0.0,0.0,SPY,-0.0019667612625923203,-0.0019686978771799816,1.07324961515334,0.07303410773575686,0.06702962743918409,0.09966027096049275,200.76909637451172,189.31192741394042,True
2017-03-17,206.72478419592946,206.91607632998918,206.09873962402344,206.09873962402344,89002100,1.033,0.0,0.0,SPY,-0.001756234918499855,-0.0017577789070468831,1.0696085017844412,0.07191414160948235,0.0646675027819093,0.09953180842450611,200.96789001464845,189.44676582336425,True
2017-03-20,206.0987471636798,206.38568537526632,205.4814061092052,205.8726806640625,52537000,0.0,0.0,0.0,SPY,-0.0010968478525066327,-0.0010974498303380597,1.0673384561437294,0.0719834747504101,0.06446529924271589,0.09949521062081021,201.16527954101562,189.57774787902832,True
2017-03-21,206.4813231163934,206.60305326782938,203.0989496933602,203.2293701171875,131809300,0.0,0.0,0.0,SPY,-0.012839540138831151,-0.012922679448010468,1.040794781055523,0.08562664354633252,0.0698432905274567,0.10040707376086089,201.2957778930664,189.69819679260254,True
2017-03-22,203.2641379010869,203.99451873840943,202.63809339264185,203.70758056640625,97569200,0.0,0.0,0.0,SPY,0.002353057773800016,0.0023502936685736034,1.0455968890798162,0.08331842801908583,0.06985950098236443,0.10041499111033915,201.44882598876953,189.8164789581299,True
2017-03-23,203.70759532885208,204.6292683476359,203.11633839891192,203.49021911621094,100410300,0.0,0.0,0.0,SPY,-0.001067026811623517,-0.0010675964900093407,1.0434141823533944,0.08333860724564063,0.06964381609231846,0.10016667094674672,201.59752685546874,189.9322688293457,True
2017-03-24,203.7945687617091,204.3684319293869,202.5598733591413,203.34242248535156,112504900,0.0,0.0,0.0,SPY,-0.0007263082790970321,-0.0007265721687397329,1.041930033715127,0.08328667238161304,0.06935814554976315,0.10017020906461975,201.7321905517578,190.0443807220459,True
2017-03-27,201.66423234454643,203.39455159092938,201.38599772087088,203.13369750976562,87454500,0.0,0.0,0.0,SPY,-0.0010264703893796412,-0.0010269975708981326,1.0398340529983332,0.08312041171753036,0.06927512161568576,0.10018439263327114,201.87255004882812,190.15668411254882,True
2017-03-28,202.82938993449883,205.03792630534875,202.71635006402084,204.61187744140625,93483900,0.0,0.0,0.0,SPY,0.007276881924376699,0.007250533166425437,1.054677684547325,0.08709277285090034,0.0705176377529277,0.10003377011378722,202.03346893310547,190.28494003295899,True
2017-03-29,204.3249445791319,205.03793163989064,204.09886483229388,204.80316162109375,61950400,0.0,0.0,0.0,SPY,0.0009348635185768561,0.0009344268058343537,1.0565985277570422,0.08665583829482221,0.07043030153829187,0.09996366997984132,202.21206481933595,190.42105308532715,True
2017-03-30,204.74231988790189,205.65530268652503,204.5684215614003,205.45530700683594,56737900,0.0,0.0,0.0,SPY,0.0031842544840627873,0.003179195482340835,1.0631472608409696,0.07146354317449731,0.0681830020405749,0.09994874265160072,202.39504638671875,190.56217292785644,True
2017-03-31,205.11620726276408,205.64660579968896,204.92491511714576,204.9770965576172,73733100,0.0,0.0,0.0,SPY,-0.0023275643554091507,-0.0023302773439112167,1.0583451528166763,0.0686608394283334,0.06845303740953756,0.0998012300511063,202.58300872802735,190.70213706970216,True
2017-04-03,205.02921270757682,205.22919507540183,203.3858493409005,204.62054443359375,85546500,0.0,0.0,0.0,SPY,-0.0017394729948436716,-0.0017409876346984943,1.0547647170092844,0.06875029652068369,0.06804493459830603,0.09975432966330255,202.7494689941406,190.83767784118652,True
2017-04-04,204.33361799386316,204.83793234527792,203.95103377778372,204.7509765625,56466200,0.0,0.0,0.0,SPY,0.0006374341797754646,0.0006372311049020193,1.0560744942713027,0.06818418791298973,0.06664629634079099,0.09918371511171888,202.92875274658203,190.97717597961426,True
2017-04-05,205.4291820065071,206.41172659355868,203.9336328147923,204.14231872558594,108800600,0.0,0.0,0.0,SPY,-0.0029726736699019485,-0.0029771008401409758,1.0499624557588256,0.068177011837404,0.06622300419815094,0.09871353787026049,203.0707568359375,191.1079362487793,True
2017-04-06,204.28149508357723,205.237942568058,203.8380390678011,204.71624755859375,69135800,0.0,0.0,0.0,SPY,0.002811415274357243,0.0028074706380457636,1.0557257515188048,0.06869171071828159,0.06629774001369758,0.09792611930835157,203.19013061523438,191.23903984069824,True
2017-04-07,204.46409045691658,205.20317499593068,204.02064769406397,204.507568359375,74412300,0.0,0.0,0.0,SPY,-0.0010193582664171918,-0.0010198781653937567,1.0536302304805072,0.06861221936044845,0.06612376500401328,0.09791941681945092,203.3094854736328,191.3705559539795,True
2017-04-10,204.64665101313784,205.4292000289866,204.0988587414895,204.62925720214844,67615300,0.0,0.0,0.0,SPY,0.0005950334442370586,0.0005948564820326518,1.0548522091497392,0.06740595314227,0.06564066628024202,0.09787303554976673,203.43750701904298,191.49107704162597,True
2017-04-11,204.24670976243561,204.49017008978706,202.89028414787975,204.38583374023438,88045300,0.0,0.0,0.0,SPY,-0.0011895828839059153,-0.001190290999255061,1.0524077921327786,0.06741995066685803,0.06573439834901786,0.09750438827982925,203.5852478027344,191.64279350280762,True
2017-04-12,204.10757339785184,204.29886552638334,203.26415263139694,203.49021911621094,81864400,0.0,0.0,0.0,SPY,-0.004381979942708392,-0.0043916089565438285,1.0434141823533944,0.0678082281206406,0.0663509858540794,0.09716631392623282,203.71542358398438,191.80561729431153,True
2017-04-13,203.15109321625093,203.89017757518258,202.16854858398438,202.16854858398438,92880400,0.0,0.0,0.0,SPY,-0.006495007661630026,-0.006516192002015121,1.0301421915831255,0.06252198083998255,0.06756664825448498,0.09742142317468,203.81760620117188,191.94641845703126,True
2017-04-17,202.69029479628222,203.95977783203125,202.49031237727522,203.95977783203125,68405400,0.0,0.0,0.0,SPY,0.008860078684804762,0.008821058499554746,1.0481294111418942,0.0712419571123681,0.06952619900009716,0.09776134329700097,203.95301666259766,192.08136138916015,True
2017-04-18,203.22065381162992,203.89017619255569,202.66417129526803,203.35107421875,83225800,0.0,0.0,0.0,SPY,-0.0029844296740828558,-0.002988891964796075,1.0420169129509205,0.07162548704958599,0.06940468068297208,0.09761118428548254,204.04906829833985,192.20118629455567,True
2017-04-19,203.9162701486488,204.29015084555806,202.75112362906492,202.97720336914062,68699900,0.0,0.0,0.0,SPY,-0.0018385486825960307,-0.0018402408876775458,1.0382625654457756,0.07173250684786121,0.0694962436769447,0.09760470342802975,204.14474243164062,192.31725776672363,True
2017-04-20,203.5945443635195,205.07271314304106,203.2728318319624,204.62925720214844,92572200,0.0,0.0,0.0,SPY,0.008139110233001512,0.008106166310732825,1.0548522091497392,0.06316904340317679,0.07058440433071785,0.0979006590685889,204.27328430175783,192.44805480957032,True
2017-04-21,204.55101872696204,204.6031868958525,203.57717752742994,203.97714233398438,110389800,0.0,0.0,0.0,SPY,-0.0031868114905966305,-0.003191900188357909,1.048303782518143,0.06384985841475598,0.07075406707634539,0.09779190309420908,204.38358947753906,192.5702392578125,True
2017-04-24,206.22916451577632,206.4291601941839,203.95106593774156,206.22047424316406,119209900,0.0,0.0,0.0,SPY,0.010997957337330222,0.010937919598439885,1.0708309401321694,0.07401129170310479,0.07341573527283651,0.09834563326335562,204.51521240234376,192.70419723510742,True
2017-04-25,206.8639579501492,207.76823740077944,206.777002134614,207.42044067382812,76698300,0.0,0.0,0.0,SPY,0.005818852056605817,0.005801987925276669,1.0828807990070404,0.07593108635969123,0.0732420672288074,0.09845569573577373,204.6550784301758,192.8307962036133,True
2017-04-26,207.3855783065601,208.27247688855394,207.24646762646668,207.28993225097656,84702500,0.0,0.0,0.0,SPY,-0.0006291975006300632,-0.0006293955284475581,1.0815702556141948,0.07581271761937512,0.07154209064827352,0.09846001358174203,204.770517578125,192.95353118896483,True
2017-04-27,207.61166615355603,207.76817065012477,206.92474992726312,207.46385192871094,57410300,0.0,0.0,0.0,SPY,0.0008390165207048383,0.0008386647430948968,1.083316727447663,0.07226801664425996,0.07145680399585673,0.09844973822904388,204.87333251953126,193.07049911499024,True
2017-04-28,207.724675213673,207.75075929423164,206.88125456203946,207.01168823242188,63532800,0.0,0.0,0.0,SPY,-0.0021794818330300725,-0.0021818603601598554,1.078776176487743,0.07292603805232793,0.07154616182927159,0.09800843358316916,204.94598114013672,193.18533432006836,True
2017-05-01,207.5334014892578,207.95946362209395,207.11604289577147,207.5334014892578,66882500,0.0,0.0,0.0,SPY,0.002520211594285282,0.0025170411866601277,1.0840151323096516,0.07265624762644507,0.0702417800541427,0.0978377930473171,205.03252563476562,193.2976402282715,True
2017-05-02,207.67252225492143,207.79425239563585,207.20299550290594,207.61166381835938,57375700,0.0,0.0,0.0,SPY,0.0003771071477649546,0.0003770360607355633,1.084801029312096,0.07193554899776351,0.07022303817953253,0.0975655222575492,205.11422973632813,193.41157920837404,True
2017-05-03,207.61167616474242,207.7073222286767,206.68129960941886,207.35951232910156,73137700,0.0,0.0,0.0,SPY,-0.001214534311898885,-0.0012152724564247072,1.0822689669285142,0.07174150234644246,0.07033859910789636,0.0971312886616319,205.16664916992187,193.52177391052246,True
2017-05-04,207.663838014514,207.7420902641909,206.75085529884487,207.60296630859375,61462700,0.0,0.0,0.0,SPY,0.001174067091293196,0.0011733784135090101,1.0847136903978059,0.07176505105519362,0.07034138854464045,0.096929161363774,205.22757446289063,193.63412788391113,True
2017-05-05,207.97692156678409,208.43775819635567,207.5334654860908,208.4203643798828,62001300,0.0,0.0,0.0,SPY,0.003937314026978056,0.003929583092205521,1.0929218628532422,0.07133814715309265,0.06954927632503317,0.0969787222276915,205.3020770263672,193.74671562194825,True
2017-05-08,208.46378081411362,208.6115950415581,207.95946642587268,208.38552856445312,48385700,0.0,0.0,0.0,SPY,-0.00016714209061741148,-0.0001671560604132884,1.092572047517586,0.07112984173678077,0.0693813828733686,0.09693781011540618,205.37068908691407,193.8626400756836,True
2017-05-09,208.64637533188764,208.84635771874457,207.84641924927953,208.19422912597656,51363200,0.0,0.0,0.0,SPY,-0.0009180073097897479,-0.0009184289365575479,1.0906510510817031,0.0710970344424007,0.06945093866257321,0.09695132907419822,205.42906829833984,193.97345458984375,True
2017-05-10,208.1507718673442,208.56813049316406,207.9420859206385,208.56813049316406,54293800,0.0,0.0,0.0,SPY,0.001795925702442247,0.0017943149561100455,1.0944057050391787,0.07116217573988833,0.06947250003417668,0.09623961085459594,205.5060076904297,194.08866493225096,True
2017-05-11,208.11602101470385,208.30731317055745,207.055223884095,208.14210510253906,62358300,0.0,0.0,0.0,SPY,-0.0020426197886400654,-0.0020447087816041934,1.090127630500625,0.0715408266822059,0.06890544957661718,0.09575248324705532,205.51711334228514,194.2013168334961,True
2017-05-12,207.88995760889992,208.18558613938586,207.52476708284183,207.7943115234375,53912700,0.0,0.0,0.0,SPY,-0.001670942930697361,-0.001672340512906571,1.0866351465121848,0.06962030577888437,0.06873603492366494,0.09578069940909713,205.54740936279296,194.31321479797364,True
2017-05-15,208.22032598915663,209.0637467489809,208.20293217735656,208.9420166015625,61918900,0.0,0.0,0.0,SPY,0.005523274769702047,0.005508077421350708,1.0981602057704891,0.0656383729916744,0.06875941917650581,0.09543656637785886,205.59806213378906,194.42978057861328,True
2017-05-16,209.23763773570525,209.26372181869624,208.35944265063046,208.75071716308594,51241800,0.0,0.0,0.0,SPY,-0.0009155623248403577,-0.0009159817080261944,1.0962392093346063,0.06050947580849161,0.06846990406843406,0.09500898856758239,205.6571823120117,194.54389152526855,True
2017-05-17,208.7507010427633,208.7507010427633,204.98574389991396,205.04661560058594,172174100,0.0,0.0,0.0,SPY,-0.017744138141600585,-0.0179034527747633,1.0590432512263335,0.08831560998524797,0.07692515058058844,0.09626398670288148,205.65451385498048,194.64025260925294,True
2017-05-18,204.9683881304094,206.72479175848824,204.70753400464056,205.8726806640625,107047700,0.0,0.0,0.0,SPY,0.0040286695835334285,0.00402057622392595,1.067338456143729,0.08877071638836204,0.07728755872096935,0.09632221656187494,205.67598571777344,194.74669563293457,True
2017-05-19,206.3595893941461,207.88122289456138,206.30742122551788,207.21170043945312,115011400,0.0,0.0,0.0,SPY,0.00650411589858102,0.006483055407361814,1.080784665064081,0.08720887448893917,0.07826166314826119,0.09640807242822137,205.7190426635742,194.85713638305663,True
2017-05-22,207.72470716525865,208.42901725144415,207.65515845146408,208.26380920410156,61010600,0.0,0.0,0.0,SPY,0.005077458282602532,0.005064611459086799,1.0913497623960229,0.08737199567256652,0.07802298970311575,0.09634366132407683,205.76877075195313,194.97185256958008,True
2017-05-23,208.63768410137635,208.88984793530696,208.25509984823398,208.72463989257812,48341700,0.0,0.0,0.0,SPY,0.0022127257262682942,0.0022102812539987675,1.0959773458179018,0.0796730028012151,0.07808027555205893,0.09633286331722483,205.82563751220704,195.08129432678223,True
2017-05-24,208.959412540843,209.3158994470322,208.6202929114487,209.21156311035156,46927700,0.0,0.0,0.0,SPY,0.002332849720205754,0.0023301328508421038,1.1008669459826508,0.07767889372304762,0.07818016488867294,0.09556020848575808,205.90799987792968,195.19372734069825,True
2017-05-25,209.72453577851658,210.48970417762848,209.51586313700543,210.21145629882812,64071700,0.0,0.0,0.0,SPY,0.004779339982987185,0.004767955197746258,1.110907703376522,0.079005698082751,0.07866012081862062,0.09545268954231718,205.97486511230468,195.31060317993163,True
2017-05-26,210.02023277660862,210.33325510867513,209.94198051049034,210.16806030273438,46629900,0.0,0.0,0.0,SPY,-0.00020643972910805442,-0.00020646104072202454,1.110471928162065,0.07906192905915344,0.0786346828239806,0.09545596143961148,206.04899963378907,195.4295742034912,True
2017-05-30,209.846303891863,210.23757843310824,209.68979938240147,209.9854278564453,35201900,0.0,0.0,0.0,SPY,-0.0008689828798248422,-0.000869360664322253,1.1086379641881412,0.07860442840003505,0.07842771513749018,0.09539856252772048,206.1267333984375,195.54330757141113,True
2017-05-31,210.2810699818729,210.31585760907262,209.23766671495093,209.9332733154297,91796000,0.0,0.0,0.0,SPY,-0.0002483721920517601,-0.0002484030415328603,1.1081142371547323,0.07837747184924235,0.07341479838242433,0.09536847192941678,206.20794525146485,195.6575936126709,True
2017-06-01,210.39406532037117,211.62007020151847,210.1071271608948,211.60267639160156,68962000,0.0,0.0,0.0,SPY,0.007952065195799385,0.007920614149185367,1.1248780990087797,0.08244271973353237,0.07382792134507975,0.09563735033879527,206.37541137695314,195.77752922058104,True
2017-06-02,211.6548629582479,212.46350934483175,211.35923450190143,212.30699157714844,88666100,0.0,0.0,0.0,SPY,0.0033284795710402104,0.003322952444136267,1.131950712352281,0.08246268257568524,0.07405675130454678,0.09564484347675654,206.54739959716798,195.90582473754884,True
2017-06-05,212.1331341393207,212.42007237903493,211.95053225310502,212.15052795410156,44698800,0.0,0.0,0.0,SPY,-0.0007369687728349117,-0.0007372404678163245,1.1303795312520544,0.08271701155582828,0.07376922516763625,0.09558467009566113,206.72060577392577,196.03158264160157,True
2017-06-06,211.58530138580454,212.14178394429635,211.39400926248635,211.47227478027344,50375400,0.0,0.0,0.0,SPY,-0.00319703740720767,-0.0032021588498414404,1.123568628199092,0.0832644217068238,0.07381072506097738,0.09556093419879912,206.88320281982422,196.15185111999511,True
2017-06-07,211.81141824984175,212.0896529440501,211.1418957009011,211.86358642578125,54144300,0.0,0.0,0.0,SPY,0.0018504158330656661,0.0018487059227265332,1.1274981132113133,0.08329126848754331,0.07370392849393437,0.09556412037058198,207.05780059814452,196.27544624328613,True
2017-06-08,211.95920523547161,212.44612583838824,211.43749700800873,211.9678955078125,65950700,0.0,0.0,0.0,SPY,0.000492340773565525,0.000492219613613226,1.128545567278131,0.08306734456564996,0.07368948550798496,0.09552853954047569,207.20492095947264,196.39960563659668,True
2017-06-09,212.23748203435468,213.03742507906216,210.3767417794148,211.64622497558594,132256400,0.0,0.0,0.0,SPY,-0.0015175436424272881,-0.0015186962780447816,1.1253154064848911,0.08339379690166121,0.0735518676131406,0.09553187853540064,207.3417822265625,196.5202729034424,True
2017-06-12,211.4026940141203,211.65484455376279,210.75056545192572,211.60267639160156,86108100,0.0,0.0,0.0,SPY,-0.00020576121303084172,-0.00020578238477350112,1.1248780990087797,0.0828706667654017,0.07356372044964944,0.09499383761786089,207.4647296142578,196.64551788330078,True
2017-06-13,212.14182695163927,212.68961934924857,211.79403025741988,212.637451171875,60067000,0.0,0.0,0.0,SPY,0.004890178129687062,0.004878260047188717,1.1352691314168033,0.0835213572151359,0.07357179156110025,0.09471120103777222,207.61793670654296,196.77657890319824,True
2017-06-14,212.90694762155346,212.91563789329288,211.54181870580695,212.36785888671875,78602300,0.0,0.0,0.0,SPY,-0.0012678494953287656,-0.0012686538964784462,1.1325619315261455,0.08230522396670824,0.07180353551139891,0.09469378380646615,207.77288299560547,196.90804740905762,True
2017-06-15,211.01141245103847,212.08091287706716,210.7331778221556,211.9591827392578,66464900,0.0,0.0,0.0,SPY,-0.0019243785269734692,-0.0019262325222386164,1.1284580751376754,0.0826417627870417,0.07179784322501892,0.09470724313380907,207.91704711914062,197.03289138793946,True
2017-06-16,212.1191148180203,212.17153739410537,211.12304587552475,212.00552368164062,84553100,1.183,0.0,0.0,SPY,0.00021863144490330555,0.00021860754853189065,1.1289234230020586,0.04831895416824531,0.07166223760700474,0.09468164250199533,208.07431121826173,197.1595083618164,True
2017-06-19,212.8355636474783,213.83163251853753,212.73945115411766,213.77047729492188,65123800,0.0,0.0,0.0,SPY,0.00832503598317369,0.008290574003820694,1.1466467871039718,0.05310105064723316,0.07329000696780778,0.09487997872012577,208.25539581298827,197.29760498046875,True
2017-06-20,213.41224513297612,213.42097778453336,212.31133108360427,212.32879638671875,56906400,0.0,0.0,0.0,SPY,-0.006744059920931744,-0.006766903858225444,1.132169672542667,0.057924513902762494,0.06966852157861426,0.09500494797015445,208.41182037353516,197.42845001220704,True
2017-06-21,212.72203158903014,212.83560940939165,211.80459637920072,212.2764129638672,55977600,0.0,0.0,0.0,SPY,-0.0002467089897507657,-0.00024673942741984496,1.131643647116777,0.056311388591929,0.06961255854601266,0.09498590549818808,208.56476348876953,197.5548373413086,True
2017-06-22,212.28515634976702,212.78318422013322,212.00555146428127,212.1802978515625,44148100,0.0,0.0,0.0,SPY,-0.00045278281728389214,-0.00045288535437622973,1.1306784755007904,0.05629451026710388,0.06956130768262368,0.09496409946858295,208.72065277099608,197.67791801452637,True
2017-06-23,212.24142979263144,212.76566886400533,211.85697980758178,212.43365478515625,66986800,0.0,0.0,0.0,SPY,0.0011940643695909081,0.0011933520417187113,1.13322264275144,0.05603844035528629,0.06951025311777376,0.09415766951320696,208.899521484375,197.8023511505127,True
2017-06-26,213.1064255986545,213.52583284795475,212.36375025939995,212.5734405517578,56700500,0.0,0.0,0.0,SPY,0.0006580208147477506,0.000657804413977034,1.1346263476528615,0.05407393592644206,0.06942139594224107,0.08670317813152542,209.10761932373046,197.92962417602538,True
2017-06-27,212.35501286031425,212.65209634031817,210.84343750186147,210.8609161376953,82247700,0.0,0.0,0.0,SPY,-0.008056154191311227,-0.008088780347196418,1.1174294686553345,0.06173016449864728,0.07031217838414258,0.08511269314676444,209.24564208984376,198.0707276916504,True
2017-06-28,211.88318701319096,212.94915710309843,211.6472721028561,212.74819946289062,70042600,0.0,0.0,0.0,SPY,0.008950370508505667,0.008910553351558577,1.1363812469254282,0.06864442071981545,0.0723184485494327,0.08374446884964055,209.43358459472657,198.20816589355468,True
2017-06-29,212.89676733004643,212.94918991102128,209.66391262442085,210.87841796875,106949700,0.0,0.0,0.0,SPY,-0.008788706550095893,-0.008827555017519712,1.1176052190670727,0.0760044219162053,0.07452018545672472,0.08269843762399684,209.59160888671875,198.3495711517334,True
2017-06-30,211.69095456965547,212.06667188268318,211.0793356868924,211.2715606689453,86820700,0.0,0.0,0.0,SPY,0.0018643097951045462,0.0018625741264796866,1.1215530912191438,0.07096447496720203,0.07436240086446033,0.08168109675334966,209.7244549560547,198.4932846069336,True
2017-07-03,212.2151988346303,212.6520713530927,211.62979125976562,211.62979125976562,39153800,0.0,0.0,0.0,SPY,0.0016955930542001951,0.0016941571591973913,1.125150381904732,0.07020194409504923,0.07426090125641965,0.08167494239074295,209.8775079345703,198.62966926574708,True
2017-07-05,211.99680157183187,212.3288156809787,211.1842116052259,212.11912536621094,54427600,0.0,0.0,0.0,SPY,0.002312217497983049,0.002309548436612542,1.1300641918036174,0.07066985544092669,0.0743448181564679,0.08130953250950848,209.99548095703125,198.77206367492676,True
2017-07-06,211.35024356673304,211.47256737166938,209.995935727034,210.17942810058594,65400800,0.0,0.0,0.0,SPY,-0.009144377067726639,-0.009186443527800184,1.1105860816553026,0.0767996507116881,0.07653335629007925,0.08172764969799834,210.0506607055664,198.90458755493165,True
2017-07-07,210.75605420350075,211.69095449562056,210.18811190861874,211.54241943359375,57972300,0.0,0.0,0.0,SPY,0.00648489409893882,0.006463957638275825,1.1242730088815316,0.08003018918151578,0.07733774496089318,0.08192637596606864,210.13571044921875,199.04388305664062,True
2017-07-10,211.5423928775181,212.14527903330858,211.23657680848842,211.76956176757812,36663300,0.0,0.0,0.0,SPY,0.0010737436708558867,0.00107316762043732,1.1265539335799883,0.08010606676162929,0.07728031270449086,0.08067354578497828,210.2218246459961,199.17398635864257,True
2017-07-11,211.7695876588761,211.92686870375482,210.4415047560577,211.61231994628906,50354600,0.0,0.0,0.0,SPY,-0.0007425137964899298,-0.0007427895963908573,1.1249749379453253,0.07996989944653676,0.07732453663174174,0.08063162393268507,210.31383728027345,199.2974510192871,True
2017-07-12,212.5821935874882,213.36855887450096,212.5821935874882,213.20254516601562,59610400,0.0,0.0,0.0,SPY,0.007514804526174146,0.007486709049523822,1.1409437092270034,0.08408073013075022,0.07848216765167847,0.08065288893673152,210.4272201538086,199.43398788452149,True
2017-07-13,213.21128304972873,213.67436688617724,212.98410079104607,213.56077575683594,39471600,0.0,0.0,0.0,SPY,0.001680235995969781,0.0016788259786889434,1.1445409999125915,0.08263017021278501,0.07782588496392667,0.08065675835206405,210.54620239257812,199.57984664916992,True
2017-07-14,213.56077013470306,214.91507767060173,213.46465764293498,214.5568389892578,60262700,0.0,0.0,0.0,SPY,0.004664073863245521,0.0046532307729887975,1.1545432975389422,0.0838313684062767,0.0767797985743972,0.08060499897195256,210.69014892578124,199.72496238708496,True
2017-07-17,214.47821707406186,214.86266706254005,214.35589328975448,214.5306396484375,33531900,0.0,0.0,0.0,SPY,-0.0001221090921349477,-0.00012211654805710214,1.1542802082129144,0.08340557196034054,0.07510477720452696,0.08058472721441112,210.82870239257812,199.86534255981445,True
2017-07-18,214.1199584558527,214.69663338492913,213.77919842181504,214.6442108154297,42742500,0.0,0.0,0.0,SPY,0.0005293936902359686,0.000529253610832259,1.1554206705621426,0.08339519903192426,0.0747103321560072,0.08055761496544937,210.95317932128907,200.0147248840332,True
2017-07-19,214.95875592750787,215.81502232352327,214.9500099445451,215.80628967285156,51034300,0.0,0.0,0.0,SPY,0.0054139771718377805,0.00539937428019962,1.1670900688682733,0.08056006641577423,0.07504926793607018,0.08068494383733489,211.10159454345703,200.16294647216796,True
2017-07-20,216.05970303271388,216.18202682235125,215.35197158321972,215.90243530273438,47135200,0.0,0.0,0.0,SPY,0.00044551820073723825,0.00044541898697024305,1.168055546936591,0.07618606608896944,0.07363210265221724,0.08060673560575295,211.2557586669922,200.31388648986817,True
2017-07-21,215.32575508220222,215.7364163658204,215.09857281245175,215.710205078125,82340800,0.0,0.0,0.0,SPY,-0.0008903569074606432,-0.0008907535106016805,1.1661252037046177,0.07633062531926513,0.07326114083316684,0.0805007348348119,211.3986001586914,200.4685987854004,True
2017-07-24,215.63156651665705,215.79758023357027,215.18596127570055,215.6577911376953,46622300,0.0,0.0,0.0,SPY,-0.0002429831282702022,-0.0002430126534533586,1.1655988718263965,0.07629153952500468,0.07035463683208103,0.08041149706839858,211.54891387939452,200.61896095275878,True
2017-07-25,216.40917575789237,216.51403423381083,215.95483791398263,216.1820068359375,54915600,0.0,0.0,0.0,SPY,0.0024307756073949083,0.0024278260512073445,1.170862956739434,0.07649501696052557,0.06967973617156287,0.08036314515486129,211.71666778564452,200.771298828125,True
2017-07-26,216.47035496188477,216.5052989007153,215.92863725010994,216.1907501220703,47575400,0.0,0.0,0.0,SPY,4.044409736403409e-05,4.044327952357943e-05,1.1709507553322203,0.07654386846348879,0.06964198790225103,0.0803650813205066,211.86164245605468,200.9268649291992,True
2017-07-27,216.6538773080707,216.68882125174045,214.661725879239,215.9898223876953,70766600,0.0,0.0,0.0,SPY,-0.0009294002368812615,-0.0009298323970686882,1.1689330731859569,0.06982305663576477,0.06971504532636896,0.0803624202982351,212.00642456054686,201.07660667419432,True
2017-07-28,215.5091916763341,215.86743031404765,215.05485389084836,215.7363739013672,50088400,0.0,0.0,0.0,SPY,-0.001173427912141145,-0.001174116917725303,1.1663879865783144,0.06415776372369489,0.06957804352912597,0.08038054859317025,212.2202197265625,201.23682914733888,True
2017-07-31,216.1382984538891,216.2344109381013,215.40435584660898,215.6140594482422,65838700,0.0,0.0,0.0,SPY,-0.0005669625891687735,-0.0005671233732327703,1.1651597256363,0.05447199868050079,0.06951739300716596,0.0803827662304738,212.41504730224608,201.39523498535155,True
2017-08-01,216.21700458736362,216.2519485310177,215.57042830526106,216.0946807861328,55050400,0.0,0.0,0.0,SPY,0.0022290816244567857,0.002226600907808495,1.1699860433947298,0.05455414449583092,0.06959016644165565,0.08038632721916972,212.5927069091797,201.5590564727783,True
2017-08-02,216.22567417379412,216.33926528905397,215.26454934995806,216.199462890625,47211200,0.0,0.0,0.0,SPY,0.00048488979048899594,0.00048477226942284445,1.1710382474726755,0.054543520275616264,0.06948848554637245,0.08007689165208506,212.75141998291016,201.72292831420899,True
2017-08-03,216.08590839037407,216.1121196779846,215.5005007465843,215.7801055908203,40856000,0.0,0.0,0.0,SPY,-0.0019396778058455855,-0.0019415614169674082,1.166827132768411,0.05526162960571136,0.0696759033273564,0.08008537155671382,212.892529296875,201.88788803100587,True
2017-08-04,216.26940656864448,216.5053081635014,215.7888440623362,216.1732940673828,60191800,0.0,0.0,0.0,SPY,0.0018221720463336144,0.0018205139048242326,1.1707754645989787,0.04174974085214129,0.06939480337271893,0.08009316963966628,213.03176391601562,202.04909004211424,True
2017-08-07,216.24319647333877,216.57521057128906,216.13833798719736,216.57521057128906,31995000,0.0,0.0,0.0,SPY,0.0018592329160740384,0.001857506681872384,1.1748114417961673,0.037422562175738125,0.06942335680075926,0.07974323942679795,213.15903900146483,202.20984870910644,True
2017-08-08,216.2606268084829,217.48387784551804,215.66648658969035,216.0421905517578,61719400,0.0,0.0,0.0,SPY,-0.0024611312537812235,-0.0024641648156568515,1.1694589453856818,0.039430585685944666,0.06963073412456394,0.07979309644406066,213.2765216064453,202.36966361999512,True
2017-08-09,215.35197287673438,216.0859156189669,214.99373415768284,216.0334930419922,62632600,0.0,0.0,0.0,SPY,-4.0258385380242956e-05,-4.025919577078975e-05,1.1693716064713917,0.03912359861963795,0.06959906512542484,0.07979559686131926,213.39748291015624,202.52900466918945,True
2017-08-10,215.19464353938122,215.32571328470866,212.93164725900388,212.98406982421875,120479500,0.0,0.0,0.0,SPY,-0.014115511325740071,-0.014216082688252122,1.1387498169905057,0.05989535763600341,0.07538729082082501,0.08108300920790656,213.45849884033203,202.66918281555175,True
2017-08-11,213.21130901583865,213.8928292103017,212.97539407704951,213.29867553710938,74869900,0.0,0.0,0.0,SPY,0.0014771326003408802,0.0014760427131213373,1.1419090340691556,0.059825864929723575,0.07530269853219167,0.08098414214701809,213.4924188232422,202.81403228759766,True
2017-08-14,214.58306125585472,215.63155273552076,214.5481173171926,215.41311645507812,73291900,0.0,0.0,0.0,SPY,0.009913052261784294,0.009864240277960354,1.163141890263871,0.06733147312997446,0.07700301562017724,0.0815131370992486,213.55454132080078,202.971304397583,True
2017-08-15,215.7975936987321,215.8150723364171,215.08112954117746,215.38693237304688,55242700,0.0,0.0,0.0,SPY,-0.00012155286763471107,-0.00012156025578323267,1.1628789541640088,0.06733143980887377,0.07696022384250106,0.08148299649236344,213.61926940917968,203.1308985900879,True
2017-08-16,215.91113881768817,216.31306740499556,215.3344638876655,215.76260375976562,56715500,0.0,0.0,0.0,SPY,0.0017441698183811027,0.0017426505205558347,1.1666513823566733,0.06753788833765137,0.06745704779328064,0.08128874224905466,213.70507598876952,203.29508209228516,True
2017-08-17,215.15098655573962,215.46553530797297,212.398681640625,212.398681640625,128490400,0.0,0.0,0.0,SPY,-0.015590848740804408,-0.015713664227264376,1.1328714483802957,0.08441356734791476,0.07468643648604041,0.08287206436504865,213.71577789306642,203.44240295410157,True
2017-08-18,212.23265073803663,213.35978923059733,211.62103191725853,212.066650390625,136748000,0.0,0.0,0.0,SPY,-0.0015632453433105375,-0.0015644684861933686,1.1295372470207354,0.08434366338683491,0.07379067389413221,0.08287995910322991,213.71775299072266,203.5946908569336,True
2017-08-21,212.0054818611812,212.49477691784702,211.29775055905455,212.23265075683594,65469700,0.0,0.0,0.0,SPY,0.0007827744999280295,0.0007824682917533753,1.1312041944743503,0.08452994470734292,0.07317641037176752,0.08285689309598254,213.72948150634767,203.7532740020752,True
2017-08-22,212.81811194911418,214.60927883542794,212.80063331312437,214.45201110839844,63140100,0.0,0.0,0.0,SPY,0.010457205070228959,0.01040290671261766,1.1534906337825008,0.0930519592806274,0.07585631935590492,0.08344935495072253,213.7864682006836,203.92708518981934,True
2017-08-23,213.48216306763896,214.11126066865043,213.33362798577426,213.68312072753906,50203800,0.0,0.0,0.0,SPY,-0.0035853726756179816,-0.0035918155288595455,1.145769567306938,0.0932013486762495,0.07617918768197289,0.08353886149485991,213.80738159179688,204.09804153442383,True
2017-08-24,214.0675822565284,214.2248499990932,212.97540071440326,213.1851043701172,50741700,0.0,0.0,0.0,SPY,-0.0023306303077484936,-0.002333350453822656,1.1407685717199278,0.09337800462927492,0.0758241666894949,0.08339617642504983,213.82372650146485,204.24671241760254,True
2017-08-25,213.9801908912685,214.60055584003857,213.53458564567435,213.68312072753906,64445900,0.0,0.0,0.0,SPY,0.00233607483455911,0.0023333504538226805,1.145769567306938,0.09393834793743411,0.07593453564473435,0.08340616654071381,213.85820526123047,204.39374229431152,True
2017-08-28,214.21608782347658,214.24229911029164,213.27244150125694,213.6918487548828,40565600,0.0,0.0,0.0,SPY,4.084565647510807e-05,4.084482231399612e-05,1.1458572126735587,0.09392193206354083,0.07590063832820278,0.08337187032445494,213.89193176269532,204.5310472869873,True
2017-08-29,212.3724514314449,214.19857522893886,212.2588603183935,213.93646240234375,51135700,0.0,0.0,0.0,SPY,0.0011447027525206543,0.0011440480798809262,1.1483135813314225,0.09407902935343626,0.07591168344411982,0.08325898134113899,213.89525146484374,204.6672515106201,True
2017-08-30,213.9189842750921,215.2208690901807,213.73549196375185,214.9499969482422,62030800,0.0,0.0,0.0,SPY,0.004737549338327929,0.004726362469775312,1.1584913229171803,0.09534005947810623,0.07486155343417197,0.08333470437590594,213.9476754760742,204.81067520141602,True
2017-08-31,215.5703918621101,216.48782688239191,214.98498424573597,216.24317932128906,103803900,0.0,0.0,0.0,SPY,0.006016200936993954,0.005998175859001628,1.1714772404366078,0.09776147323063109,0.07549958054974042,0.08344084783964886,214.02701080322265,204.95983322143556,True
2017-09-01,216.6188819202262,216.97712060821138,216.40044564691212,216.54898071289062,62007000,0.0,0.0,0.0,SPY,0.0014141550848509876,0.0014131561092423693,1.1745480460178093,0.0976012457019722,0.07550174956674773,0.08344280610291022,214.11438446044923,205.10324768066405,True
2017-09-05,216.04218948074157,216.2693717192757,214.02384061177415,214.9936981201172,91398800,0.0,0.0,0.0,SPY,-0.007182128438810276,-0.0072080440841477845,1.1589301626549453,0.1006379801804551,0.07667151235678586,0.08371354522131155,214.16558532714845,205.24065017700195,True
2017-09-06,215.6752843249126,216.05973438593128,215.14229916437222,215.7277069091797,57916900,0.0,0.0,0.0,SPY,0.0034140944384910554,0.003408279649141669,1.1663009541163563,0.10118951956055398,0.07686574896499153,0.08372598756647077,214.22867065429688,205.37690299987793,True
2017-09-07,216.03344336984682,216.05092200225064,215.29075481402126,215.701416015625,58034700,0.0,0.0,0.0,SPY,-0.00012187073200453646,-0.00012187815884561196,1.1660369454333361,0.10084524296073519,0.07686926923404659,0.08372623479653221,214.32548065185546,205.51513275146485,True
2017-09-08,215.41307130082615,215.91111231533782,215.2033810482231,215.44802856445312,63832800,0.0,0.0,0.0,SPY,-0.0011747138978147609,-0.0011754044150120238,1.1634924717303554,0.1009195735702555,0.07683957812139686,0.08369565740756267,214.37947723388672,205.6449952697754,True
2017-09-11,216.72369360478308,217.82462078497912,216.70622830486474,217.74598693847656,71364800,0.0,0.0,0.0,SPY,0.010665952198935846,0.010609472184591365,1.186568179016589,0.0938499200044858,0.0795796028626371,0.08061897340293203,214.51682861328126,205.78449684143067,True
2017-09-12,218.11297863419188,218.51489388656896,217.92948630955624,218.47994995117188,56896000,0.0,0.0,0.0,SPY,0.003370730377238562,0.0033650621992955205,1.1939385107995033,0.09418203544381601,0.07929383081579441,0.07949435977254056,214.6609963989258,205.92715209960937,True
2017-09-13,218.19161049281513,218.61975035818898,218.07801937230363,218.5847930908203,59228000,0.0,0.0,0.0,SPY,0.00047987533717330777,0.00047976023382572715,1.1949913277821107,0.08864205272472725,0.07921760092865364,0.07804696436118971,214.80009643554686,206.06680274963378,True
2017-09-14,218.26152762530808,218.71587880822418,218.0867812725841,218.51490783691406,95446300,0.0,0.0,0.0,SPY,-0.00031971690673471276,-0.00031976802708125516,1.1942895519444825,0.08866816222352523,0.07908533336663058,0.0780461990996474,214.92801208496093,206.21057952880858,True
2017-09-15,218.37007183610876,218.89691265229644,218.26470635256308,218.80911254882812,95432400,1.235,0.0,0.0,SPY,0.0013463827929471872,0.0013454772323642744,1.1972439056399642,0.08861992944716961,0.07910142730691137,0.07749249415363069,215.1006057739258,206.35397689819337,True
2017-09-18,219.17779410111885,219.62561057777708,218.88802576970969,219.27438354492188,46235200,0.0,0.0,0.0,SPY,0.002126378516296601,0.002124120973193648,1.2019160778759805,0.06598899260631545,0.07757013530179334,0.07737024723803224,215.25524505615235,206.50198127746583,True
2017-09-19,219.52031414414108,219.58178626336064,219.16908700089311,219.4939727783203,47108100,0.0,0.0,0.0,SPY,0.001001435871570644,0.0010009347691882396,1.2041211556225537,0.06506759524173227,0.07619918102725938,0.07736894753958135,215.40973327636718,206.65456932067872,True
2017-09-20,219.58178743449992,219.68715289834495,218.5719859449771,219.572998046875,59574100,0.0,0.0,0.0,SPY,0.0003600338886502463,0.000359969092001951,1.204914713933269,0.06515489097095009,0.07618343555022557,0.07736685245889238,215.5689468383789,206.8070793914795,True
2017-09-21,219.41494480735238,219.50274489238603,218.80906660725753,218.98468017578125,48211400,0.0,0.0,0.0,SPY,-0.002679372583727968,-0.002682968527133543,1.199006925899298,0.05825208242101773,0.07643205961120551,0.07671533803724007,215.68458953857422,206.95096710205078,True
2017-09-22,218.6861590449629,219.19544782680657,218.65981767680356,219.0286102294922,51214000,0.0,0.0,0.0,SPY,0.00020060788579212563,0.0002005877667208559,1.1994480640295446,0.055924576211023154,0.07642188252550429,0.07650761851626237,215.79394622802735,207.09206230163574,True
2017-09-25,218.77395899464284,219.12519956729818,217.8344189345128,218.58078002929688,57064400,0.0,0.0,0.0,SPY,-0.0020446196491229474,-0.0020467127374106777,1.1949510293006043,0.05570650086228257,0.07658968454883228,0.0763085971511165,215.87442504882813,207.2184383392334,True
2017-09-26,219.0110383257002,219.25690002016708,218.47540819165653,218.71249389648438,54082000,0.0,0.0,0.0,SPY,0.000602586682918016,0.0006024052004650806,1.196273677560518,0.0555833214372907,0.07461148879527585,0.07580052291937116,215.95806213378907,207.34310646057128,True
2017-09-27,219.4149520350789,219.9505821457171,218.52808137736662,219.56422424316406,81001400,0.0,0.0,0.0,SPY,0.0038942921435609623,0.003886729016902133,1.2048266088881516,0.05624464377381875,0.07297647845782908,0.07566659220563587,216.05646240234375,207.46618057250976,True
2017-09-28,219.28324769851957,219.9066913407259,219.1954476042302,219.82766723632812,44778800,0.0,0.0,0.0,SPY,0.0011998448020034136,0.001199125563487875,1.2074720586341448,0.056243077640591936,0.0704949021683169,0.07554617405678345,216.1368899536133,207.59169090270996,True
2017-09-29,219.818865249452,220.6793945539898,219.6344756830918,220.60035705566406,85578000,0.0,0.0,0.0,SPY,0.0035149798433027346,0.003508816739554552,1.215231278424898,0.055455609163593225,0.07068564416906967,0.0749670208325662,216.2308483886719,207.71456649780274,True
2017-10-02,220.82867077220482,221.55747985839844,220.65304379358867,221.55747985839844,59023000,0.0,0.0,0.0,SPY,0.004338718284544241,0.004329333182783997,1.2248425428770946,0.053919203934775416,0.07103439308617582,0.07474188265000394,216.34779388427734,207.85031791687013,True
2017-10-03,221.55747347710866,222.05797283606884,221.4784359796249,222.03163146972656,66810200,0.0,0.0,0.0,SPY,0.0021400839711265274,0.002137797253355649,1.2296038927413862,0.05402047837166682,0.07101971905672352,0.07469040849842146,216.47527069091797,207.98443794250488,True
2017-10-04,221.8824056235964,222.5409667166744,221.76825074662244,222.29510498046875,55953600,0.0,0.0,0.0,SPY,0.0011866485374094626,0.0011859450265255683,1.2322496489397103,0.04462715067572764,0.06812511599068793,0.07446300681804346,216.5975326538086,208.12178436279297,True
2017-10-05,222.62870727815627,223.62971933596165,222.3301628781078,223.61216735839844,63522800,0.0,0.0,0.0,SPY,0.005924837517431669,0.005907354688918761,1.245475365408022,0.04671511342156208,0.06794744583315714,0.07455247265010195,216.74596099853517,208.2635952758789,True
2017-10-06,223.1643192437827,223.6472665566893,222.9009056171564,223.3574981689453,80646000,0.0,0.0,0.0,SPY,-0.0011388878899641908,-0.001139536915602234,1.2429180207071457,0.04734752618494358,0.06806714813596872,0.07457640589556988,216.89331451416015,208.40036674499513,True
2017-10-09,223.58582595332834,223.64728467170082,222.72529670846438,222.9887237548828,35803100,0.0,0.0,0.0,SPY,-0.0016510500748158075,-0.001652414560086411,1.2392148507412517,0.04773484835052793,0.06817798257149435,0.07449765671690575,217.03836151123048,208.53802139282226,True
2017-10-10,223.55953542079277,223.95466938103667,223.01511582815132,223.57708740234375,43057400,0.0,0.0,0.0,SPY,0.0026385354270546113,0.0026350606034094893,1.2451230984537194,0.03502554656453157,0.06692375994585151,0.07438751998154094,217.1976220703125,208.68030609130858,True
2017-10-11,223.4804993645842,223.92832946777344,223.31367514800903,223.92832946777344,47674300,0.0,0.0,0.0,SPY,0.0015710110079285577,0.0015697782610720754,1.2486502115555447,0.03420524517409176,0.06691803319811317,0.07317052240322268,217.3542950439453,208.82291847229004,True
2017-10-12,223.61215460841626,223.9633817180403,223.35750356525176,223.59458923339844,47065100,0.0,0.0,0.0,SPY,-0.0014903886219677087,-0.001491500355837595,1.245298848865457,0.03537141636363696,0.0665904483737191,0.0732043709217439,217.50219757080077,208.96143821716308,True
2017-10-13,224.03365887723245,224.14781373197127,223.59461823403035,223.8668212890625,54800400,0.0,0.0,0.0,SPY,0.0012175252388593183,0.0012167846560635685,1.2480325568827326,0.035002762939313876,0.06658008462172342,0.07309189898862054,217.66393188476562,209.1094137573242,True
2017-10-16,224.0951247867471,224.358538446601,223.7526736304803,224.1653594970703,38221700,0.0,0.0,0.0,SPY,0.0013335527180347029,0.0013326643263325512,1.2510304268091943,0.03500190825947476,0.06659186627414047,0.07309324436896696,217.8237731933594,209.2590982055664,True
2017-10-17,224.11271145158958,224.367362560137,223.89319110209777,224.32345581054688,31561000,0.0,0.0,0.0,SPY,0.0007052664775291095,0.0007050178939985004,1.252618003109121,0.034850641339583065,0.06589873811997836,0.07296696697534039,217.97873809814453,209.41312286376953,True
2017-10-18,224.70098642609977,224.7448931682736,224.34975928562233,224.54293823242188,40888300,0.0,0.0,0.0,SPY,0.0009784194037218974,0.000977941063443288,1.2548220082725363,0.03485144401353823,0.06590152005294633,0.07276254687443605,218.1487530517578,209.56084266662597,True
2017-10-19,223.76143492289603,224.63951612728752,223.33995969635575,224.60438537597656,61903800,0.0,0.0,0.0,SPY,0.0002736543132391134,0.0002736168767271558,1.2554390500406867,0.0348753866646031,0.06583334446188499,0.07274032481947852,218.3201708984375,209.70306930541992,True
2017-10-20,225.4034685192586,225.78982641459802,224.58684598620817,225.76345825195312,89176400,0.0,0.0,0.0,SPY,0.005160508660756236,0.005147238868942396,1.2670782627922295,0.0347964938761661,0.06641983294511467,0.07282175510630647,218.5757586669922,209.85187057495116,True
2017-10-23,226.08836979794305,226.114711163555,224.80635187972666,224.8853759765625,63915300,0.0,0.0,0.0,SPY,-0.003889390613474264,-0.0038969739626040045,1.2582607098769136,0.0392533591873387,0.06696484101300178,0.07297315587235634,218.80749267578125,209.99277519226075,True
2017-10-24,225.31569411386528,225.5176356871953,224.92054676244217,225.2805633544922,66935900,0.0,0.0,0.0,SPY,0.0017572835770827133,0.0017557413607741665,1.2622291143351516,0.037385063798723785,0.06699086179316112,0.07289737511383101,219.00484161376954,210.13890213012695,True
2017-10-25,224.94685128436925,225.06100613594376,223.03264056432835,224.1653594970703,103715300,0.0,0.0,0.0,SPY,-0.00495028883458104,-0.0049625821012816785,1.2510304268091943,0.04341686547095405,0.06785636431500547,0.07300615954576409,219.18041015625,210.27945304870605,True
2017-10-26,224.78005363521498,225.05224331637783,224.33222356368222,224.4551544189453,69798000,0.0,0.0,0.0,SPY,0.0012927729892129314,0.0012919380777020122,1.2539404981428697,0.0422858400266767,0.06777376490905775,0.07295388424896253,219.35426116943358,210.4186826324463,True
2017-10-27,225.20145597860355,226.44834290460997,224.4638710859873,226.29026794433594,85562500,0.0,0.0,0.0,SPY,0.008175858247235324,0.008142616979217003,1.272368396153389,0.04896814026147904,0.0693785937809902,0.07324169318201466,219.6320928955078,210.56955535888673,True
2017-10-30,225.2015107458597,226.19374689647515,225.14882801192564,225.44737243652344,54285700,0.0,0.0,0.0,SPY,-0.003724842060021105,-0.0037317965591857076,1.263904182775534,0.05136436908707247,0.06989204373234487,0.0732857976727344,219.8997073364258,210.71396255493164,True
2017-10-31,225.82497113122832,226.0532808733867,225.5000852962602,225.7986297607422,60304800,0.0,0.0,0.0,SPY,0.0015580457666128922,0.0015568332725582317,1.2674314491035248,0.04999965969471059,0.06991267449542046,0.07328495333641356,220.1710269165039,210.8635888671875,True
2017-11-01,226.58012881018857,226.92256661703226,225.72838879214913,226.09716796875,54202700,0.0,0.0,0.0,SPY,0.0013221435768859813,0.0013212703147009433,1.2704293190299865,0.04982569203114179,0.06971631580456986,0.07283461901378775,220.40393005371095,211.01254356384277,True
2017-11-02,226.02694932880635,226.32549380626673,224.95568888760408,226.18499755859375,56449500,0.0,0.0,0.0,SPY,0.0003884594868339697,0.00038838405598143534,1.2713112888381497,0.04983831537194863,0.06968575324817779,0.07250637904301462,220.65396759033203,211.1655736541748,True
2017-11-03,226.34299363866583,226.98400259656225,225.9302943802501,226.9401092529297,59589700,0.0,0.0,0.0,SPY,0.0033384694055154096,0.0033329090883919333,1.2788939920863376,0.04724549912262147,0.06984593783531928,0.07233730059187064,220.9290676879883,211.3187865447998,True
2017-11-06,226.80837529575473,227.42304288718802,226.73814058666298,227.2913360595703,49652600,0.0,0.0,0.0,SPY,0.0015476629838455658,0.0015464665877426846,1.2824209519619978,0.046837120660514174,0.0695559710128467,0.07231084781763072,221.2012319946289,211.4763092803955,True
2017-11-07,227.3966838984928,227.73035903387327,226.6239681738035,227.13327026367188,57502200,0.0,0.0,0.0,SPY,-0.000695432560865461,-0.0006956744862571826,1.2808336821144017,0.04631182874028781,0.06960106155997652,0.069152891543695,221.4700604248047,211.62676506042482,True
2017-11-08,226.95767995087525,227.61624094116135,226.67668749709352,227.51963806152344,50469600,0.0,0.0,0.0,SPY,0.0017010621006912086,0.0016996169332036569,1.2847135218490267,0.04597629789024345,0.0626623556456543,0.06906125403263316,221.74172393798827,211.77062545776369,True
2017-11-09,226.30787126456653,226.88740805668158,225.10487754336523,226.69422912597656,95085500,0.0,0.0,0.0,SPY,-0.00362785798438936,-0.0036344546204387074,1.2764249056567443,0.04839379839573344,0.06335096036786976,0.06850689283558381,221.97660858154296,211.9113974761963,True
2017-11-10,226.3078508111027,226.79957408174477,225.99172768174222,226.6239471435547,59984700,0.0,0.0,0.0,SPY,-0.0003100298701597115,-0.00031007793935542154,1.2757191459388153,0.047925173452630726,0.060733957267570166,0.06849420367815212,222.1842239379883,212.05337631225586,True
2017-11-13,225.93911396870888,227.06305704445165,225.90398321095913,226.83474731445312,50228600,0.0,0.0,0.0,SPY,0.0009301760628364075,0.0009297437171667607,1.277835965414106,0.047892275161590184,0.0607046080721125,0.06842433439842996,222.38993927001954,212.2025560760498,True
2017-11-14,226.0269146522554,226.4132725748522,225.24540941889353,226.3079071044922,61315200,0.0,0.0,0.0,SPY,-0.0023225727812793417,-0.002325274136982226,1.272545525600616,0.0488816060178439,0.060999725355859534,0.06849516147461521,222.61622344970704,212.3491884613037,True
2017-11-15,225.3331885623081,225.8600426307149,224.46389676742908,225.17514038085938,80811500,0.0,0.0,0.0,SPY,-0.005005422647958002,-0.005017991735840255,1.2611704747582588,0.05239381582888876,0.05255248619918823,0.06837398615455226,222.80517211914062,212.48976707458496,True
2017-11-16,226.12350637182965,227.45820721379678,226.07961302178265,227.0894012451172,67777000,0.0,0.0,0.0,SPY,0.008501208708119545,0.008465276932104835,1.2803931568888167,0.0597871949296384,0.05443075894921033,0.06876342454859355,223.03293182373048,212.63926780700683,True
2017-11-17,226.7381507853053,227.0630365736799,226.34300348776551,226.42202758789062,75756800,0.0,0.0,0.0,SPY,-0.002938814641138654,-0.0029431414360643025,1.2736915040917993,0.060993639207528136,0.05502259949422413,0.06872242874707839,223.25241180419923,212.77863548278808,True
2017-11-20,226.66792595511632,227.00157434899702,226.42203745923254,226.8083953857422,48075500,0.0,0.0,0.0,SPY,0.0017064055205564532,0.0017049512647878372,1.2775713438264238,0.0587216436092055,0.0516085809128571,0.0686641709760149,223.43365997314453,212.9217099761963,True
2017-11-21,227.58111465870104,228.47677477312163,226.77329483434357,228.2923583984375,69176800,0.0,0.0,0.0,SPY,0.006542804600206509,0.006521493360532489,1.29247304809211,0.06059858044995676,0.052008688698492074,0.06857127128858843,223.62990814208985,213.07216094970704,True
2017-11-22,228.30113926334872,228.43284609969461,227.92357073351891,228.0904083251953,45033400,0.0,0.0,0.0,SPY,-0.0008846116210763366,-0.0008850031208369284,1.2904450997927635,0.06072147917240774,0.05170555006141608,0.0685799568449212,223.82002044677733,213.2203035736084,True
2017-11-24,228.5821445747652,228.72264080707834,228.4416483424521,228.61724853515625,27856500,0.0,0.0,0.0,SPY,0.0023097867807304606,0.0023071233238008484,1.2957355396062535,0.0574859360428211,0.0517029779920157,0.06859767500930809,224.02206726074218,213.36519317626954,True
2017-11-27,228.66117626951154,228.95972072424098,228.30115968668323,228.5031280517578,52274900,0.0,0.0,0.0,SPY,-0.0004991770486683089,-0.0004993016790080634,1.2945895611150697,0.05768341182271746,0.05175826293082905,0.06854388337437677,224.21594757080078,213.5055731201172,True
2017-11-28,228.9685196115876,230.84759991564025,228.87191672100803,230.82125854492188,98971700,0.0,0.0,0.0,SPY,0.010144852339347254,0.010093738727536859,1.3178678333919898,0.061131109598451694,0.0548491512725658,0.06897019159818764,224.4468850708008,213.65208953857422,True
2017-11-29,230.95292815015088,231.48857166425947,230.23292186766633,230.68072509765625,77512100,0.0,0.0,0.0,SPY,-0.000608841006030092,-0.0006090264249796634,1.3164566204084625,0.059045081021889496,0.0544936459730483,0.06897433502442059,224.6706201171875,213.7938776397705,True
2017-11-30,231.602746209297,233.6135332136008,231.5237221031682,232.70034790039062,127894400,0.0,0.0,0.0,SPY,0.00875505659122311,0.008716953319294849,1.3367373292112519,0.06473772489658418,0.05575307829323341,0.06935950880918743,224.9331671142578,213.94048309326172,True
2017-12-01,232.48081718123322,232.96375118498352,228.96849192656907,232.21737670898438,164390900,0.0,0.0,0.0,SPY,-0.002075506958902351,-0.002077663808358026,1.3318874146233468,0.06587729439984154,0.056126808138575415,0.069273768480685,225.19782104492188,214.0855390930176,True
2017-12-04,233.8418842685652,234.27213563250146,231.88375285869262,231.93646240234375,94040600,0.0,0.0,0.0,SPY,-0.00120970407392329,-0.001210436356519589,1.3290665209179466,0.06638077278061504,0.05375912287065846,0.06930297837044636,225.4559780883789,214.22758911132811,True
2017-12-05,231.10223388671875,232.82326583879023,230.97052704289732,231.10223388671875,77994500,0.0,0.0,0.0,SPY,-0.0035967976185558026,-0.0036032816476062176,1.3206893400020507,0.06790193477231861,0.054415631958607116,0.06924666097151728,225.70640716552734,214.35940757751465,True
2017-12-06,231.19881616179032,231.5764115200741,230.68075136428126,231.14613342285156,75898600,0.0,0.0,0.0,SPY,0.00018995721241843455,0.00018993917283162325,1.3211301716799668,0.06789522066980146,0.05439076144712726,0.06920771688656935,225.95507995605467,214.49235473632814,True
2017-12-07,231.8749542236328,232.19105065488048,230.88271798624396,231.8749542236328,77218600,0.0,0.0,0.0,SPY,0.003153073728678679,0.0031481132162152333,1.3284488662451341,0.06812861785859284,0.054342478492124376,0.06813857141080096,226.20129455566405,214.62825332641603,True
2017-12-08,232.8320399659141,233.1481363703664,231.83980381263683,233.13937377929688,76563900,0.0,0.0,0.0,SPY,0.005453023419013103,0.005438209516114036,1.3411459524427434,0.06983819000151732,0.05157052603432089,0.06828068323693028,226.46752868652345,214.76917556762695,True
2017-12-11,233.84181213378906,233.90328425165183,233.1130164975584,233.84181213378906,83077500,0.0,0.0,0.0,SPY,0.003012954624975306,0.0030084247737325294,1.3481997189678978,0.06784812699231593,0.051511144346331625,0.06811177778161336,226.73235778808595,214.91200828552246,True
2017-12-12,234.63202397717006,234.72862682463662,233.87688715564238,234.25445556640625,85195800,0.0,0.0,0.0,SPY,0.001764626389317847,0.001763071265377296,1.3523434141593773,0.06753529268047513,0.05151395461130695,0.06809336826453624,226.9862973022461,215.05967475891114,True
2017-12-13,234.50042881249976,234.93946953547635,234.14041220402868,234.2282257080078,102905400,0.0,0.0,0.0,SPY,-0.00011197165208665094,-0.00011197792138007958,1.3520800183810189,0.06775907728682497,0.05149227709736921,0.06783756885399381,227.23022918701173,215.19288177490233,True
2017-12-14,234.52672216706637,234.6408770191753,233.2183896554779,233.2710723876953,100666700,0.0,0.0,0.0,SPY,-0.004086413229743235,-0.004094785432255363,1.342468447476492,0.06928337823075996,0.05252607818244374,0.06741095124637735,227.44974853515626,215.32783958435058,True
2017-12-15,234.27811666213847,235.68139912742686,234.2251646395908,235.21363830566406,144610300,1.351,0.0,0.0,SPY,0.008327504555473597,0.00829302219184544,1.3619753641439059,0.06901717273757922,0.05448381635893634,0.06775380181316414,227.68177795410156,215.47186088562012,True
2017-12-18,236.61686157457322,237.05814627466236,236.51095755597274,236.7051239013672,83653600,0.0,0.0,0.0,SPY,0.00634098263368954,0.006320963187381635,1.376952608909145,0.0668599462483209,0.05547407954748712,0.06792900776421633,227.94873046875,215.62641296386718,True
2017-12-19,236.95226065103572,236.9963783509173,235.72547616128801,235.7960968017578,82382900,0.0,0.0,0.0,SPY,-0.003840335539116446,-0.0038477285615038837,1.3678243133303556,0.06776334299750643,0.05636307568728254,0.06807131335125163,228.2048779296875,215.77949325561522,True
2017-12-20,236.766954671616,236.81990669688057,235.3725064498348,235.67257690429688,76751500,0.0,0.0,0.0,SPY,-0.0005238419937239058,-0.0005239792468758363,1.3665839475212729,0.06829944957620285,0.055932878027217886,0.06801199961504582,228.44678771972656,215.93386070251464,True
2017-12-21,236.29918861872065,236.87288043625927,235.91085581941212,236.15797424316406,67032300,0.0,0.0,0.0,SPY,0.0020596258811405033,0.00205750775961535,1.3714582250694796,0.06613813359662818,0.05592515676240379,0.0679324706146297,228.69138061523438,216.0893563079834,True
2017-12-22,236.1756194345137,236.2109297583705,235.5578099695043,236.09619140625,78720900,0.0,0.0,0.0,SPY,-0.0002616165603217535,-0.00026165078790386915,1.3708378123256901,0.06587524989614395,0.05561728531801142,0.06789438598758633,228.9414126586914,216.24095024108885,True
2017-12-26,235.6901480585676,236.03436305365122,235.5489606560458,235.813720703125,45244400,0.0,0.0,0.0,SPY,-0.00119642210847426,-0.0011971383927810012,1.368001289551417,0.06655052880920342,0.05581584296297326,0.06791903675082436,229.18035064697267,216.39061233520508,True
2017-12-27,235.98144933246047,236.29035406009345,235.6549029101201,235.92849731445312,57751000,0.0,0.0,0.0,SPY,0.0004867257553373694,0.0004866073427783185,1.369153856767714,0.06626713679726975,0.055563215254884786,0.0678974405377183,229.41561340332032,216.54478759765624,True
2017-12-28,236.43156328152884,236.45803928995718,236.0432305353237,236.4138946533203,45116100,0.0,0.0,0.0,SPY,0.0020573917283939203,0.0020552781964441845,1.3740281343159202,0.05848873135615776,0.05559294984931656,0.06730397155067284,229.6574221801758,216.69251609802245,True
2017-12-29,236.9963637100738,237.01400540216005,235.3283215229081,235.5224609375,96007400,0.0,0.0,0.0,SPY,-0.0037706485785343746,-0.0037777753946725283,1.3650765085058612,0.060669650654246156,0.056245001739737566,0.06745083767014524,229.87701263427735,216.83782173156737,True
2018-01-02,236.38739255460752,237.24348597781503,235.99905985126296,237.2081756591797,86655700,0.0,0.0,0.0,SPY,0.007157341660619876,0.007131849456133421,1.3820041691307434,0.05830148217328029,0.057190312498333166,0.06760441980782686,230.1290884399414,216.99336891174318,True
2018-01-03,237.37595969941856,238.85869739465517,237.37595969941856,238.70864868164062,90070400,0.0,0.0,0.0,SPY,0.006325553570366127,0.006305631225483153,1.3970716641074152,0.06009764861825122,0.058107823368977934,0.06748286859572478,230.38799224853517,217.15754875183106,True
2018-01-04,239.35287660137044,240.20013584157383,238.77037745689134,239.71470642089844,80636400,0.0,0.0,0.0,SPY,0.0042145843680745365,0.004205727882925824,1.4071743248721167,0.06015762697345233,0.05842881847763451,0.06737249727687314,230.68457885742188,217.33997543334962,True
2018-01-05,240.50902283035427,241.43571003090116,240.01478606554477,241.31216430664062,83524000,0.0,0.0,0.0,SPY,0.006663996171087261,0.006641889904971654,1.4232157253562039,0.059532142351626814,0.0586896307682505,0.06760715487957664,231.00521087646484,217.5279983520508,True
2018-01-08,241.21512798673226,241.91236560692977,240.92389183008237,241.75350952148438,57319200,0.0,0.0,0.0,SPY,0.001828938943512659,0.001827268471167599,1.42764763896484,0.05915037587060438,0.0585053572005625,0.06755851632425383,231.35697387695313,217.71931480407716,True
2018-01-09,242.17708651065823,242.92727603778826,241.89465778192215,242.3006591796875,57254000,0.0,0.0,0.0,SPY,0.0022632542513494336,0.002260696949269315,1.4331420228045055,0.059039601751498055,0.058235875162928004,0.06744617760838512,231.71388397216796,217.91410598754882,True
2018-01-10,241.5416293992104,242.1947491850902,240.87089485231098,241.92996215820312,69574300,0.0,0.0,0.0,SPY,-0.0015299051300123878,-0.0015310766298740315,1.429419546341768,0.059002762724599596,0.058450322488758255,0.06748287143393965,232.0266778564453,218.108087310791,True
2018-01-11,242.4860284568795,243.6951446533203,242.3183380568296,243.6951446533203,62361500,0.0,0.0,0.0,SPY,0.007296254169472771,0.007269765275451006,1.447145208836163,0.06193210782017639,0.05968285154567003,0.06776219016375844,232.39163330078125,218.30350364685057,True
2018-01-12,243.9598221734942,245.4513395383289,243.65972490424906,245.28367614746094,90816100,0.0,0.0,0.0,SPY,0.00651851926061342,0.00649736559124259,1.4630969720134792,0.06388764410252111,0.0602797934125852,0.0679124965823344,232.78133422851562,218.50590621948243,True
2018-01-16,246.54584792733624,247.19894087813546,243.74809016322075,244.44532775878906,106555100,0.0,0.0,0.0,SPY,-0.0034178727334789327,-0.0034237270037301543,1.45467842003292,0.06637366685774089,0.061068852275072534,0.06803461145248084,233.1482974243164,218.7008563232422,True
2018-01-17,245.38086598000794,247.1636471749191,244.44534420175947,246.7753143310547,113258800,0.0,0.0,0.0,SPY,0.009531728806716266,0.009486588496465914,1.4780757490403724,0.06728492340463656,0.06319448058863035,0.06843869895619452,233.56010375976564,218.90984741210937,True
2018-01-18,246.6605287661301,247.08414488021808,245.86619468444889,246.36045837402344,100728000,0.0,0.0,0.0,SPY,-0.001681108007726917,-0.0016825226554664763,1.4739098360549066,0.06563501863351266,0.06350120352907462,0.06847603467341128,233.9485107421875,219.11854698181153,True
2018-01-19,246.9430027297725,247.48138427734375,246.36053040260376,247.48138427734375,140920100,0.0,0.0,0.0,SPY,0.004549942432801268,0.00453962273557583,1.4851659833928972,0.06449995426906412,0.06378391893497391,0.06841492649327836,234.35231170654296,219.33219902038573,True
2018-01-22,247.2695559570102,249.49362182617188,247.21657699770483,249.49362182617188,91322400,0.0,0.0,0.0,SPY,0.008130864285828876,0.00809798690293834,1.5053725307316235,0.06386574148249842,0.06506622584972928,0.0687379084690286,234.79951873779297,219.55895553588869,True
2018-01-23,249.5377333756107,250.31439897439802,249.2111869156406,250.02316284179688,97084700,0.0,0.0,0.0,SPY,0.002122463138532371,0.0021202138957062016,1.510690091576393,0.06283207470800306,0.06468787991877445,0.06865433096773581,235.24958923339844,219.7854901123047,True
2018-01-24,250.66741114916712,251.26757895423165,248.74341586186387,249.92605590820312,134816100,0.0,0.0,0.0,SPY,-0.0003883917493484601,-0.00038846719295902406,1.5097149602596538,0.06377359451938559,0.06384733416115287,0.06845066742288891,235.71422576904297,220.01258255004882,True
2018-01-25,250.79094514051235,250.8880148544569,249.23761424633597,250.03192138671875,84587300,0.0,0.0,0.0,SPY,0.0004235872011459918,0.000423497513413661,1.5107780433953444,0.06341451739646269,0.06389690723348615,0.06801431564233172,236.18238525390626,220.23959587097167,True
2018-01-26,250.87038270927485,252.97090244824096,250.61443001040587,252.9267578125,107743100,0.0,0.0,0.0,SPY,0.011577867376797446,0.011511356745539358,1.5398474985943507,0.06864176153198522,0.06547410473133625,0.06881471680460098,236.70422546386717,220.482300491333,True
2018-01-29,252.35315110403943,252.7944359597177,251.09108288093321,251.24993896484375,90118300,0.0,0.0,0.0,SPY,-0.006629661733533632,-0.006651735556294162,1.5230091688239087,0.0763739563896704,0.06766623243109589,0.06918727015594729,237.20306610107423,220.72109909057616,True
2018-01-30,249.41422219544737,251.30290749615958,248.19627160436875,248.67286682128906,131796400,0.0,0.0,0.0,SPY,-0.010257006048129957,-0.010309971624769591,1.4971306485197946,0.08915628288524115,0.07058694563426807,0.0697248968119578,237.6730206298828,220.9536206817627,True
2018-01-31,249.52888872295708,250.03193287685758,247.71960505650821,248.7963409423828,108364800,0.0,0.0,0.0,SPY,0.0004965323425594192,0.0004964091111663762,1.4983705546503812,0.08660880555946607,0.06981568135358383,0.06971873918955815,238.10715942382814,221.17780349731444,True
2018-02-01,248.06382387107442,249.82012861416902,247.7196088266512,248.513916015625,90102500,0.0,0.0,0.0,SPY,-0.0011351651141172647,-0.0011358099020421122,1.4955344915546043,0.08590614503935978,0.07002580632063561,0.06974746910669755,238.5489971923828,221.40361770629883,True
2018-02-02,247.19011116998843,247.3225181728742,243.06852572987478,243.1038360595703,173174800,0.0,0.0,0.0,SPY,-0.021769726391155264,-0.022010183074389626,1.44120738847377,0.11813075103274531,0.08411888586400997,0.07334842365610354,238.87490600585937,221.60425086975098,True
2018-02-05,241.33866417280788,243.4568257933746,232.3893956385142,232.93658447265625,294681800,0.0,0.0,0.0,SPY,-0.04182267031122733,-0.04272241408165741,1.339109576704299,0.18851433193021178,0.12029048128309454,0.0846242677547449,238.96779052734374,221.7457875061035,True
2018-02-06,229.41515334899344,238.02904161566474,228.3207756191382,237.52597045898438,355026800,0.0,0.0,0.0,SPY,0.019702297931078583,0.019510719921915033,1.3851954104779662,0.20048236758939217,0.12617073531592998,0.08670621464616438,239.15650177001953,221.91353164672853,True
2018-02-07,236.96990178783267,240.3766070007274,236.15792602763267,236.2373809814453,167376100,0.0,0.0,0.0,SPY,-0.005425046680365364,-0.005439815685353458,1.37225561403433,0.20091485301926612,0.12676207399350295,0.08692209638891782,239.3089044189453,222.06361618041993,True
2018-02-08,236.53744855501876,236.6786629000647,227.34106297128355,227.37637329101562,246449500,0.0,0.0,0.0,SPY,-0.03750891435392967,-0.038230474529507695,1.2832748813818875,0.23676339169210886,0.14795475432580796,0.09495124473048362,239.28636932373047,222.16339584350587,True
2018-02-09,230.17409127442804,232.65410916095541,223.21945348356533,230.79190063476562,283565300,0.0,0.0,0.0,SPY,0.015021469884113792,0.01490976486522367,1.3175730262497192,0.24478971312864103,0.1509238123283818,0.09589803729668162,239.28578216552734,222.2809056854248,True
2018-02-12,232.84828078062773,235.65487203674877,230.9331202012035,234.18096923828125,143736000,0.0,0.0,0.0,SPY,0.014684521398690364,0.014577747824365675,1.3516054769467107,0.24966272768023562,0.15342377590106973,0.09687119090492137,239.35578704833983,222.41449127197265,True
2018-02-13,232.97187374838228,235.3106775542343,232.38937464192566,234.76348876953125,81223600,0.0,0.0,0.0,SPY,0.0024874759599158303,0.0024843873124874125,1.3574550390378222,0.24836261978257754,0.15346112500613604,0.09676901708830699,239.39704986572266,222.5532502746582,True
2018-02-14,233.27196422320154,238.29378730292595,233.26312990853194,237.9319305419922,120735700,0.0,0.0,0.0,SPY,0.013496314052358516,0.013406050053140052,1.3892719926089918,0.2539658388355552,0.15561160054769002,0.09756440416336845,239.51134094238282,222.7052429199219,True
2018-02-15,239.67947328561462,240.97685189446338,237.20826182719782,240.968017578125,111200300,0.0,0.0,0.0,SPY,0.012760317748092165,0.012679590901733902,1.4197598624212997,0.25591745331218174,0.157293696803741,0.09820728964934977,239.69197204589844,222.8720246887207,True
2018-02-16,240.34136361647205,242.98907245701633,240.29721897546403,241.03857421875,160420100,0.0,0.0,0.0,SPY,0.000292805000987828,0.00029276214196954545,1.4204683802102065,0.2559433674955003,0.15682145841220457,0.09819590166406611,239.89069885253906,223.04041999816894,True
2018-02-20,240.08539630110135,241.53282330759552,238.73506595181618,239.5293731689453,86369700,0.0,0.0,0.0,SPY,-0.006261242851673399,-0.006280926639026566,1.405313239866914,0.2557753539580703,0.1567804117605402,0.09843792011358637,240.05836364746094,223.2000520324707,True
2018-02-21,239.9706803676999,242.459533223255,238.24085141018608,238.33792114257812,98883700,0.0,0.0,0.0,SPY,-0.004974137453809591,-0.004986549652609604,1.393348881192348,0.25362361508648956,0.1570353721447415,0.09845503627576417,240.18762298583985,223.34963981628417,True
2018-02-22,239.26462957645055,240.9856241766119,237.9760854716206,238.64682006835938,110511300,0.0,0.0,0.0,SPY,0.001296054460408147,0.001295215306806898,1.39645079168513,0.25346830980780244,0.15702856138353272,0.09844561672729324,240.29777191162108,223.50094627380372,True
2018-02-23,239.87365587024408,242.45074462890625,239.39706063201194,242.45074462890625,92766400,0.0,0.0,0.0,SPY,0.015939556870932847,0.01581385611784755,1.434649155367587,0.2610486449496822,0.15951646893299876,0.09962875846927605,240.46995056152343,223.67222885131835,True
2018-02-26,243.5274196004712,245.36317942383232,242.93611306034282,245.26608276367188,86491400,0.0,0.0,0.0,SPY,0.011612000363516062,0.011545098498862765,1.4629203022447497,0.26483696109921645,0.16086677040222608,0.10022403070708157,240.69018310546875,223.8557186126709,True
2018-02-27,245.4514480773328,246.16635431857526,242.14181167888972,242.20359802246094,99099200,0.0,0.0,0.0,SPY,-0.01248637686345655,-0.012564986720708451,1.4321673511662634,0.26380404707916066,0.16315897529975684,0.10108818109110904,240.84969055175782,224.0260260772705,True
2018-02-28,243.30681595883283,243.7569351386025,239.43234886159456,239.75006103515625,121907800,0.0,0.0,0.0,SPY,-0.010130060029401977,-0.010181718250863354,1.4075293498973975,0.2648667090176928,0.16464155167998376,0.101609121769534,240.97927032470704,224.1858048248291,True
2018-03-01,239.53821107283775,241.0915421403742,234.7635064501868,236.26388549804688,176855100,0.0,0.0,0.0,SPY,-0.01454087445090646,-0.014647629100251261,1.3725217678836672,0.2669377845933561,0.16635039565182522,0.10185202257655028,241.00027526855467,224.32241416931151,True
2018-03-02,234.5869542232095,238.0466383946119,233.72205338077094,237.48178100585938,139083200,0.0,0.0,0.0,SPY,0.005154810288695577,0.005141569736337216,1.3847516675029081,0.2680377960853328,0.16660404954958058,0.10172455220931235,241.01580841064452,224.4660694885254,True
2018-03-05,236.29029558476236,240.8443565435861,236.1843646410776,240.22654724121094,97307400,0.0,0.0,0.0,SPY,0.011557797081216181,0.011491515964780546,1.4123141433649988,0.2721740157500121,0.16726040186079702,0.10231521907878979,241.1044174194336,224.6419691467285,True
2018-03-06,241.20631181025567,241.28576679284404,239.33526817281535,240.8356475830078,79213200,0.0,0.0,0.0,SPY,0.0025355246903051576,0.002532315670798458,1.4184306254362733,0.26217452856570606,0.16721924713184919,0.1022689386422211,241.2076788330078,224.81678398132325,True
2018-03-07,238.66446329805524,241.10033687708273,238.4702969247958,240.747314453125,87063500,0.0,0.0,0.0,SPY,-0.000366777637651694,-0.00036684491702098303,1.4175435991646514,0.21446598977784195,0.16718997092535567,0.10220906859412121,241.29946563720702,224.9844620513916,True
2018-03-08,241.42689357727699,242.03586873144707,240.42961259393087,241.91232299804688,66901200,0.0,0.0,0.0,SPY,0.0048391341252063125,0.0048274631521238245,1.4292424168945432,0.2046671148306254,0.16717089500853216,0.1022631558219429,241.41578826904296,225.15270462036133,True
2018-03-09,243.32446169351462,246.1221923828125,243.0067226159625,246.1221923828125,113625300,0.0,0.0,0.0,SPY,0.017402459422456218,0.01725277076399129,1.4715172094818598,0.21088755679133792,0.17043612174580508,0.10361978473007957,241.6219577026367,225.3396923828125,True
2018-03-12,246.4135224833041,247.04013955969992,245.42502158836308,245.8133544921875,71924800,0.0,0.0,0.0,SPY,-0.0012548152916850297,-0.0012556032316081676,1.4684159118937394,0.15529032101797816,0.1704435042255234,0.10360188711917992,241.8196548461914,225.5227013397217,True
2018-03-13,246.97826793037746,247.48133905489675,243.61567998671458,244.2246551513672,91968900,0.0,0.0,0.0,SPY,-0.006463031042810208,-0.006484006855002193,1.4524624632286036,0.1534918726207745,0.1708393917077931,0.1038509118187481,241.97587005615233,225.69276733398436,True
2018-03-14,245.18667878693302,245.37201087683877,242.41542401836875,242.97142028808594,105895100,0.0,0.0,0.0,SPY,-0.005131483807417014,-0.0051446950854692995,1.4398776918102478,0.1493592096270241,0.17118585796495603,0.1039161786894448,242.12484924316405,225.85678413391113,True
2018-03-15,243.48328475375743,244.1275432690233,242.20354816954583,242.7066192626953,83433000,0.0,0.0,0.0,SPY,-0.001089844332624157,-0.0010904386448032464,1.4372186049355324,0.14966501570591148,0.17120658973303224,0.10362330811944398,242.23481811523436,226.02039009094239,True
2018-03-16,243.23563859754483,244.0242844313294,242.91665401877228,242.96981811523438,100343700,1.097,0.0,0.0,SPY,0.0010844321153606895,0.0010838445436037,1.4398616030628792,0.14330426435886634,0.17120250209860113,0.10359070098600492,242.32004150390625,226.1855728149414,True
2018-03-19,242.21663029936443,243.147029053305,238.02534697466785,239.68235778808594,109208400,0.0,0.0,0.0,SPY,-0.01353032385935804,-0.013622692825526443,1.406849485401426,0.14513263300144236,0.17329127166794134,0.10453214536270868,242.31939453125,226.32597122192382,True
2018-03-20,240.08109612413793,240.7279619844799,239.40764821702882,240.0899658203125,59757300,0.0,0.0,0.0,SPY,0.0017006175839897608,0.0016991731712701862,1.4109426159583163,0.1452765593881349,0.1725784034576817,0.1045234220710963,242.29495056152345,226.46488609313965,True
2018-03-21,240.04569686949142,242.1457601485624,239.41657026393403,239.6292266845703,78709600,0.0,0.0,0.0,SPY,-0.0019190270370857965,-0.001920870728577135,1.40631595189343,0.14374489511362243,0.1722099480769265,0.10367736932063705,242.25246490478514,226.60227958679198,True
2018-03-22,237.39620316841305,238.2468557136502,233.36441243083055,233.63912963867188,148785900,0.0,0.0,0.0,SPY,-0.02499735582664686,-0.02531509601529738,1.3461644158126136,0.16737177626701005,0.17930648608691796,0.1067937662203182,242.07923431396483,226.713113861084,True
2018-03-23,234.08219138810017,234.41004566160512,228.4642661719457,228.65921020507812,183534800,0.0,0.0,0.0,SPY,-0.02131457791892699,-0.021545013847694874,1.296156911561162,0.1813834741375194,0.18426731634723317,0.10900138125888204,241.81381927490236,226.79709197998048,True
2018-03-26,232.2745265667229,235.19865996621851,229.86432176745862,234.91510009765625,141956100,0.0,0.0,0.0,SPY,0.02735901119822537,0.02699144259450518,1.3589774942174464,0.19904531198796133,0.19241381322937093,0.11225724113890785,241.63821838378905,226.9118280029297,True
2018-03-27,235.85436913975627,236.3860100315991,229.35921014628045,230.91876220703125,129941400,0.0,0.0,0.0,SPY,-0.0170118391238524,-0.017158202777134698,1.3188469485890306,0.20011302031304568,0.19539576244322313,0.11361937521309534,241.35092010498047,227.00819068908692,True
2018-03-28,231.05172392378344,232.72647423159816,229.1288654638955,230.2364959716797,146452300,0.0,0.0,0.0,SPY,-0.0029545725467724493,-0.002958945912648332,1.3119957470545622,0.19699376788571862,0.19546102696926115,0.11347038328607296,241.06674346923828,227.1013597869873,True
2018-03-29,231.37956919261867,235.04805427119987,230.2453566786062,233.17835998535156,111601600,0.0,0.0,0.0,SPY,0.012777574646696044,0.012696630226121849,1.3415374452953959,0.20150625884321807,0.19720126074397307,0.11413265228433046,240.79480438232423,227.2040643310547,True
2018-04-02,232.6466458301435,233.16060140717715,225.6641539602487,228.14524841308594,186286300,0.0,0.0,0.0,SPY,-0.021584814185080514,-0.021821173659592834,1.2909957946312867,0.2087106571474795,0.2017614897991787,0.11622522607688633,240.43050018310547,227.2829512786865,True
2018-04-03,229.38580429555046,231.54790084231985,227.58701373854828,231.06939697265625,119956900,0.0,0.0,0.0,SPY,0.01281704782330495,0.012735604635093937,1.3203595972940665,0.2134603472604262,0.20338444817443993,0.11684785025451618,240.10226043701172,227.3785023498535,True
2018-04-04,227.50728813290456,234.2505291458164,227.37437789093514,233.54165649414062,123715300,0.0,0.0,0.0,SPY,0.010699207917078457,0.010642376400812944,1.3451856070679042,0.2128327447586263,0.20402907632939035,0.11726950920376907,239.7832211303711,227.48618301391602,True
2018-04-05,235.3049619318515,236.2708393166049,234.2150710612792,235.38473510742188,82652600,0.0,0.0,0.0,SPY,0.007891862380994485,0.007860884510398135,1.3636934891367734,0.21483485946883862,0.20425553161969792,0.11749896700215752,239.4904525756836,227.59425430297853,True
2018-04-06,233.4176352144998,234.91512678663153,228.61493742145734,230.1390380859375,179521200,0.0,0.0,0.0,SPY,-0.022285629605889312,-0.022537706415379534,1.3110170915360189,0.22708643037784257,0.20878508093535866,0.11965285083610482,239.0947122192383,227.6833055114746,True
2018-04-09,231.60107814350746,234.67586116714338,230.33395547588924,231.27322387695312,105442900,0.0,0.0,0.0,SPY,0.004928263368303876,0.0049161592303537255,1.32240639241176,0.22712068727817972,0.20856969331003491,0.11971254081396403,238.71953826904297,227.77828956604003,True
2018-04-10,234.17078537363722,235.73920737004502,233.02773023935865,234.9505615234375,103529000,0.0,0.0,0.0,SPY,0.015900403794435247,0.015775316589872496,1.3593335918258846,0.22555461006698063,0.211115791288326,0.12068687223021747,238.36001434326172,227.89214088439942,True
2018-04-11,233.4618942590434,235.38475243287414,233.39101781546384,233.7188720703125,91140200,0.0,0.0,0.0,SPY,-0.005242334579405261,-0.005256123828343066,1.3469651757531036,0.22578623194083777,0.21126959046668245,0.12082722200188575,238.0093930053711,227.9985669708252,True
2018-04-12,235.04806408121883,236.58987709883664,234.87083238279263,235.64173889160156,68890500,0.0,0.0,0.0,SPY,0.008227263824508668,0.008193604380220097,1.3662742774409589,0.228098915771869,0.21197339908791574,0.12105732353628736,237.74877044677734,228.11390846252442,True
2018-04-13,236.95316599526464,237.06836388672494,233.94041663247518,234.9505615234375,85079200,0.0,0.0,0.0,SPY,-0.0029331703772650375,-0.002937480551877102,1.3593335918258846,0.22779743586957174,0.21146433297500372,0.12100619259137423,237.47185485839844,228.23435668945314,True
2018-04-16,236.5898301675516,237.65316606365838,235.7657597210342,236.88223266601562,63405300,0.0,0.0,0.0,SPY,0.008221606835297601,0.008187993537026012,1.3787311050111875,0.23027831791004832,0.21172109301862355,0.12103480223160668,237.23922119140624,228.35502685546874,True
2018-04-17,238.65444020724917,240.0190482922241,238.14051165256654,239.41650390625,64682000,0.0,0.0,0.0,SPY,0.010698443744438624,0.010641620317378093,1.4041798259212959,0.23378561152206007,0.21280046196970617,0.12117375667402915,237.16547454833983,228.49771728515626,True
2018-04-18,239.85961629528467,240.40012703100422,239.13300415456106,239.5937957763672,57303900,0.0,0.0,0.0,SPY,0.000740516494162069,0.0007402424471055708,1.4059601607373224,0.22901683042400078,0.21188392035392806,0.12111835086542269,237.29861877441405,228.63932846069335,True
2018-04-19,238.9380388552426,239.1418525961378,237.22786390477262,238.26461791992188,77655900,0.0,0.0,0.0,SPY,-0.005547630530825409,-0.005563075782598751,1.3926127826936665,0.22974654163910915,0.21212138266667632,0.12125251107195964,237.3133917236328,228.77250259399415,True
2018-04-20,238.19370304011218,238.4152291228504,235.3581583643596,236.2442626953125,99953100,0.0,0.0,0.0,SPY,-0.008479459695893254,-0.00851561484341682,1.3723247190349364,0.23145986860625314,0.21247551953704605,0.12136291849397235,237.31352935791017,228.89312828063964,True
2018-04-23,236.8202153261749,237.37846529456723,235.1277530721654,236.20880126953125,65558000,0.0,0.0,0.0,SPY,-0.00015010491842926132,-0.0001501161853000189,1.3719686214264981,0.21375377947558552,0.21172895363218838,0.12130577751581538,237.49017791748048,229.02327514648437,True
2018-04-24,237.23673629961053,237.45826239545764,231.52135221005145,233.02774047851562,112885500,0.0,0.0,0.0,SPY,-0.013467156066660713,-0.013558660679519309,1.3400249498165255,0.20516935801535577,0.2131512989634165,0.12166923676751248,237.53489471435546,229.13070175170898,True
2018-04-25,232.96567206996764,234.04672033876062,231.14029947472375,233.60366821289062,103840900,0.0,0.0,0.0,SPY,0.0024714986000908823,0.002468449470339004,1.345808318204175,0.18161457909988962,0.21326286124195876,0.12156872819796043,237.52334869384765,229.23987228393554,True
2018-04-26,234.6315401560904,236.8113489300226,234.1884880533214,235.97840881347656,67731900,0.0,0.0,0.0,SPY,0.010165681980737418,0.010114358964908348,1.3696550595548072,0.17417230305087383,0.2144108115743795,0.12194663411234521,237.54764709472656,229.3617027282715,True
2018-04-27,236.5898697805221,236.8911420251191,235.26071320872143,236.19998168945312,57053600,0.0,0.0,0.0,SPY,0.0009389540216440118,0.0009385134800605918,1.371880056702885,0.17355415271015187,0.21295982346114103,0.1219469177178608,237.51300811767578,229.47668991088867,True
2018-04-30,236.82024015591008,237.3784901828329,234.31254988286898,234.38345336914062,82182300,0.0,0.0,0.0,SPY,-0.007690637007333856,-0.007720362459307474,1.3536387881618488,0.17092606698540086,0.21308443310831893,0.12219479401795538,237.3813168334961,229.5808032989502,True
2018-05-01,233.81638250934506,234.906300744051,232.25682998653244,234.7999725341797,74203400,0.0,0.0,0.0,SPY,0.0017770843421403004,0.0017755071959654999,1.3578214027993454,0.15126295043377244,0.21232042216140828,0.12218485654906637,237.2565447998047,229.6820189666748,True
2018-05-02,234.60500745561788,235.42020835279004,232.83279867179667,233.22268676757812,86368900,0.0,0.0,0.0,SPY,-0.006717572193804089,-0.0067402366389485045,1.3419825673059442,0.14780393325282618,0.21262833141585105,0.12239895685473573,237.13041107177733,229.7754792022705,True
2018-05-03,232.38970990715998,233.36440295147665,229.54529578665472,232.7086944580078,136311500,0.0,0.0,0.0,SPY,-0.0022038692577216468,-0.0022063013515758348,1.3368211439237387,0.14325523296819442,0.21264313079342465,0.12241679864916753,237.01782653808593,229.8658016204834,True
2018-05-04,231.73396654541426,236.40375310495915,231.40611230975273,235.721435546875,91222100,0.0,0.0,0.0,SPY,0.012946405358356117,0.012863317014368842,1.3670745777029527,0.14781941960660175,0.2101509805264947,0.12304750181262805,236.95931884765625,229.96537734985353,True
2018-05-07,236.49239988510877,237.4936750725486,235.80121254098256,236.51898193359375,55304900,0.0,0.0,0.0,SPY,0.0033834274972424083,0.003377716584441994,1.3750834029171761,0.12357547024629023,0.19265678435795727,0.12303336831085449,236.84068359375,230.0684600830078,True
2018-05-08,236.14680621304566,236.8822609156357,234.95055994770482,236.51898193359375,67499200,0.0,0.0,0.0,SPY,0.0,0.0,1.3750834029171761,0.12294590794840833,0.18858496162173857,0.12303252811105009,236.66574157714842,230.17250396728517,True
2018-05-09,237.1923832345118,239.13295373876954,236.66958496301973,238.8050994873047,59666100,0.0,0.0,0.0,SPY,0.009665683215027476,0.009619269340557924,1.3980402066990432,0.11513617412112913,0.18923375855087574,0.12336201139054351,236.59777160644532,230.28824050903322,True
2018-05-10,239.5494523434519,241.36598252854432,239.44312414564342,241.03810119628906,72063900,0.0,0.0,0.0,SPY,0.009350728748165116,0.009307281317527612,1.4204636301990798,0.11657490271808944,0.17381760116501152,0.12366804570333878,236.62353240966797,230.41252098083496,True
2018-05-11,241.16219111092735,242.03942586580598,240.64823538493405,241.7736053466797,59871500,0.0,0.0,0.0,SPY,0.0030514020262368824,0.0030467559480428746,1.427849437824702,0.11416259673058637,0.17152240132999289,0.12366347711409187,236.73372680664062,230.540435256958,True
2018-05-14,242.2077632770796,242.86347185217335,241.33937126652262,241.88877868652344,54790600,0.0,0.0,0.0,SPY,0.00047636854187871336,0.00047625511440562454,1.4290059889212996,0.1131958197677343,0.16918415574679294,0.12364209300516363,236.8218667602539,230.66993003845215,True
2018-05-15,240.6571134517956,240.6748258064327,239.27479262074428,240.22293090820312,87036100,0.0,0.0,0.0,SPY,-0.006886833640510348,-0.006910657322132721,1.4122778287637954,0.11383962098867385,0.1697901078460166,0.12377208445149084,236.82179443359374,230.79236282348631,True
2018-05-16,240.25835430186027,241.69383906915726,240.23174521040104,241.23304748535156,53942600,0.0,0.0,0.0,SPY,0.004204913216775408,0.004196097274070619,1.4224212476884985,0.10875640568652017,0.16788819948309713,0.12381569987339769,236.82974243164062,230.92045776367186,True
2018-05-17,240.96721730457352,242.11029947923785,240.24947494976902,241.0292510986328,56536400,0.0,0.0,0.0,SPY,-0.0008448112265012631,-0.0008451682806151873,1.4203747590231361,0.10882925249258622,0.16596953623739913,0.12244706061328609,236.83538116455077,231.04513061523437,True
2018-05-18,240.68367462698586,241.0469806787529,240.07226042300726,240.42669677734375,64368000,0.0,0.0,0.0,SPY,-0.002499921974376873,-0.0025030519969455223,1.4143240109768271,0.1072643016178478,0.1660474377227821,0.12244140211844064,236.80566864013673,231.16626678466798,True
2018-05-21,241.91539037036821,242.77491278922597,241.52550223964332,242.234375,58025900,0.0,0.0,0.0,SPY,0.007518625206294427,0.007490501224942761,1.4324764083419192,0.10476719776933534,0.1662179412879307,0.12249432779658005,236.72791229248048,231.29853813171385,True
2018-05-22,242.75709812452075,243.0140759132213,241.23299782472574,241.56085205078125,52966400,0.0,0.0,0.0,SPY,-0.002780459830355464,-0.0027843324889698187,1.4257130054002372,0.10559165451226107,0.16599641291779796,0.12246119678814127,236.64286224365233,231.42547592163086,True
2018-05-23,240.28493542189534,242.2520882173328,240.12541608255538,242.22547912597656,64694200,0.0,0.0,0.0,SPY,0.0027513857048973023,0.002747607571729858,1.432387077487479,0.09141700487534672,0.16605858519669506,0.12246942125603862,236.60287872314453,231.5537272644043,True
2018-05-24,241.8267641138227,242.10145432477856,239.9393573443921,241.72927856445312,76043800,0.0,0.0,0.0,SPY,-0.002048506884221646,-0.00205060794429671,1.427404315814154,0.09237250605908506,0.16303804358336754,0.1224862953649621,236.57803588867188,231.68216270446777,True
2018-05-25,241.15325927734375,241.7823857050161,240.64817337938265,241.15325927734375,56374800,0.0,0.0,0.0,SPY,-0.002382910711230979,-0.0023857543613008325,1.4216200280695124,0.08790923610377173,0.16138255358127176,0.1224505309304347,236.54696868896485,231.80776153564454,True
2018-05-29,239.5228274890789,240.28489117345072,237.26327256417414,238.37974548339844,115908600,0.0,0.0,0.0,SPY,-0.011501042126723093,-0.011567690622626225,1.3937688741117684,0.09807793921160556,0.16108985126211514,0.12304235239083927,236.45516723632812,231.93473991394043,True
2018-05-30,239.6911851760305,242.00390414907335,239.62030873867553,241.56085205078125,69678400,0.0,0.0,0.0,SPY,0.013344701584994123,0.013256445356493932,1.4257130054002372,0.10300882368649651,0.1620481923079708,0.12369931077434931,236.49273712158202,232.07605079650878,True
2018-05-31,241.15327909186382,241.45455130792251,239.47855603174983,240.0811004638672,93519900,0.0,0.0,0.0,SPY,-0.006125792214886627,-0.006144631857913596,1.410853591556207,0.10628551926961469,0.15980142720530716,0.12387863463158398,236.49255981445313,232.19939071655273,True
2018-06-01,241.38368978565515,242.739428362614,241.31278629410662,242.4381561279297,71258400,0.0,0.0,0.0,SPY,0.009817747667385524,0.009769866716421513,1.434522743781116,0.10643311254712318,0.16064658134380774,0.1240043445744902,236.5487384033203,232.33464683532713,True
2018-06-04,243.26214216822237,243.84697408239387,243.0229038113224,243.58999633789062,45385200,0.0,0.0,0.0,SPY,0.004751068183149965,0.004739817479875259,1.4460893273302493,0.1058051528150665,0.15929240672396555,0.12404426340340682,236.7477557373047,232.47378379821777,True
2018-06-05,243.72301253783957,244.14835239906947,242.95210601079128,243.767333984375,51135000,0.0,0.0,0.0,SPY,0.0007280169512313694,0.0007277520754389777,1.447870121824772,0.09837290910919365,0.15922894357534875,0.12403734355223302,237.04991821289062,232.63062705993653,True
2018-06-06,244.37871342062695,245.91165655887366,243.75842959150788,245.80532836914062,62732200,0.0,0.0,0.0,SPY,0.00836040806392968,0.00832565342670643,1.4683353149307283,0.10097483932023835,0.16004794930773814,0.12422212691245671,237.26772277832032,232.7993204498291,True
2018-06-07,246.29276436335508,246.58516695920585,244.86612201162114,245.77880859375,72969400,0.0,0.0,0.0,SPY,-0.00010788934302841113,-0.00010789516350222918,1.4680690078552265,0.10100049853698646,0.15979337990207465,0.12421821315643412,237.56492370605469,232.96705123901367,True
2018-06-08,245.31800969599553,246.55855045344697,245.1496476958671,246.50538635253906,72139700,0.0,0.0,0.0,SPY,0.0029562262220499402,0.002951865178019763,1.4753651781740769,0.09705556443605737,0.15607846391670618,0.12424010269261776,237.8903015136719,233.12731811523437,True
2018-06-11,246.72690849422645,247.55097908683487,246.61171059685452,246.83323669433594,58892500,0.0,0.0,0.0,SPY,0.0013299926084697766,0.00132910895171834,1.4786573955643116,0.09279577792546605,0.1560747419531765,0.124223319538511,238.16339904785156,233.29306869506837,True
2018-06-12,247.2497259664411,247.5155464872786,246.50540146633406,247.1522674560547,72329000,0.0,0.0,0.0,SPY,0.0012924951517523375,0.001291660598919946,1.4818610482309338,0.09254093192942678,0.15551626109948075,0.12422209910538125,238.54353942871094,233.46290451049805,True
2018-06-13,247.39139408399143,247.64837183246777,246.15969646349268,246.36351013183594,79070600,0.0,0.0,0.0,SPY,-0.003191382107627261,-0.00319648542816213,1.4739404812879924,0.0936995681354238,0.1552923184570357,0.1242078392467555,238.84942169189452,233.62630645751952,True
2018-06-14,247.23196431840563,247.5154971368466,246.39015443399288,246.98385620117188,77097600,0.0,0.0,0.0,SPY,0.002518011165711931,0.002514846287282775,1.4801698910431824,0.08943120997851281,0.15533179958264437,0.12420791614110546,239.11826568603516,233.79276649475096,True
2018-06-15,246.19703442593251,247.00701344973712,245.08443035419853,246.6687774658203,120041600,1.246,0.0,0.0,SPY,-0.0012757057898348245,-0.0012765201951673482,1.4770059239534046,0.08923220667915863,0.15535659106486183,0.12419621568459069,239.34394653320314,233.95642807006837,True
2018-06-18,245.20908792687757,246.28610848952704,244.72846240769675,246.16148376464844,52917600,0.0,0.0,0.0,SPY,-0.002056578487085403,-0.0020586961485449815,1.471911766857819,0.08965870240597495,0.15288394424206386,0.1242246676470236,239.66439544677735,234.11248550415038,True
2018-06-19,243.8828163770063,245.44046210204192,243.46447615289787,245.2179412841797,97531500,0.0,0.0,0.0,SPY,-0.0038330223966753785,-0.003840387252818152,1.4624368736928477,0.09043352865551536,0.15310321064088364,0.12406277419968892,239.94328979492187,234.25735931396486,True
2018-06-20,245.9033361816838,246.30388458517325,245.29808597643824,245.63632202148438,53785500,0.0,0.0,0.0,SPY,0.0017061587545905699,0.0017047049191571033,1.4666381819225256,0.08730584921536806,0.15305348573833813,0.1238498428931867,240.15700500488282,234.40279602050782,True
2018-06-21,245.62733384622663,245.64515289332783,243.59794538894184,244.0963897705078,71061400,0.0,0.0,0.0,SPY,-0.006269155303676444,-0.00628888897666005,1.451174444082075,0.08984696245649387,0.14476144753137415,0.12403789888905466,240.36455535888672,234.54830947875976,True
2018-06-22,245.3603619638793,245.47607713720944,244.3189525670943,244.54147338867188,54898500,0.0,0.0,0.0,SPY,0.0018233928759967544,0.001821732513229345,1.4556438981012398,0.08961280797312166,0.1376583568792916,0.12403966342786082,240.54255004882813,234.69237831115723,True
2018-06-25,243.38442176700713,243.54463026951655,239.52146283730633,241.21261596679688,137854200,0.0,0.0,0.0,SPY,-0.013612649730723403,-0.013706151353246477,1.4222160778529993,0.10182668504531887,0.13007637285433893,0.12484885852586007,240.6677911376953,234.81993431091308,True
2018-06-26,241.78223874502882,242.6011001631915,241.0256625133535,241.7466278076172,68547400,0.0,0.0,0.0,SPY,0.0022138636434083647,0.0022114166581548543,1.4275785339642373,0.10176313604849892,0.12517522569530884,0.12486008788954252,240.76507904052735,234.9514273071289,True
2018-06-27,242.334103346676,243.76712451239197,239.5926313971148,239.74395751953125,105110700,0.0,0.0,0.0,SPY,-0.00828417052286523,-0.008318674956033894,1.4074680594312303,0.09765503886937667,0.126266835631715,0.12487605836984217,240.77162811279297,235.06141716003418,True
2018-06-28,239.69053113663722,241.8801283728856,238.97844822346062,241.1146697998047,76650500,0.0,0.0,0.0,SPY,0.005717400740587131,0.005701118437129359,1.4212325190971624,0.08789401787575156,0.12429009583598777,0.12469919030930819,240.8020455932617,235.17459075927735,True
2018-06-29,242.20944338449436,243.5801791597624,241.34606156777926,241.46177673339844,97592500,0.0,0.0,0.0,SPY,0.0014395927625721061,0.0014385575423223687,1.4247181079081588,0.08519569120775229,0.1158596370545087,0.12435097227337821,240.86598876953124,235.28897567749024,True
2018-07-02,239.8862928597607,242.1382019025196,239.64595305046151,241.97796630859375,63554800,0.0,0.0,0.0,SPY,0.0021377693073352244,0.0021354875298933876,1.4299015958581847,0.07824016699841052,0.11334659742008936,0.12435413427982289,240.98066284179689,235.40629096984864,True
2018-07-03,242.87706163821207,242.9749849405487,240.6963735286739,241.12359619140625,42187100,0.0,0.0,0.0,SPY,-0.00353077650093947,-0.003537024403255701,1.4213221564039333,0.07704915419836679,0.11183655201293008,0.12441642565113689,241.07895874023438,235.51786338806153,True
2018-07-05,242.25399910080768,243.15296481994318,241.17697868190083,243.0906524658203,56925900,0.0,0.0,0.0,SPY,0.008157875485784505,0.008124779890891349,1.441075001066848,0.08260701944476262,0.11190895053545888,0.12463674863993322,241.28021697998048,235.63694473266602,True
2018-07-06,243.11741555510713,245.52062466099676,242.734659013438,245.1468048095703,66493700,0.0,0.0,0.0,SPY,0.00845837683552686,0.008422805210900188,1.4617225333096555,0.08273433376940227,0.10296040348557144,0.12450200079015965,241.51107971191405,235.76520889282227,True
2018-07-09,246.1525537287102,247.4075745839448,246.1080604239275,247.3541717529297,50550400,0.0,0.0,0.0,SPY,0.00900426560759815,0.00896396892209789,1.4838885368517851,0.08856029826533371,0.10390700427436596,0.12464611918310366,241.73859497070313,235.90411476135253,True
2018-07-10,247.80813050771025,248.34218599727475,247.51438776501402,248.2442626953125,51966800,0.0,0.0,0.0,SPY,0.003598447263189364,0.003591988341923904,1.492826678759287,0.08882879205014345,0.09960319808775654,0.1246802657560429,241.97948059082032,236.0504126739502,True
2018-07-11,246.68655275347314,247.47873983757296,246.12579599294108,246.4284210205078,77054700,0.0,0.0,0.0,SPY,-0.007314737730851006,-0.007341621604100711,1.4745923053956944,0.09259471823675468,0.10020649895048492,0.12492755627666763,242.22037994384766,236.18741172790527,True
2018-07-12,247.6923948006506,248.7159852256752,247.08714463876333,248.66258239746094,60124700,0.0,0.0,0.0,SPY,0.009066167642924672,0.009025316667276665,1.4970273740843032,0.0977970799865254,0.10047086701711358,0.12502291878456737,242.4976321411133,236.3378207397461,True
2018-07-13,248.4845938809523,249.1610387916725,248.03064265628234,248.85841369628906,48216000,0.0,0.0,0.0,SPY,0.0007875382654680685,0.0007872283199269211,1.4989938786913157,0.09697085727974156,0.10017297741551882,0.12501866153610505,242.8103466796875,236.4885503387451,True
2018-07-16,248.90285971857634,249.0452491158951,248.19077691607512,248.6358184814453,48201000,0.0,0.0,0.0,SPY,-0.0008944652967024513,-0.0008948655694904991,1.4967586153901546,0.09679541899596321,0.09913074295464928,0.12496251242115344,243.12888916015626,236.63390830993652,True
2018-07-17,247.86145055940892,250.0332555719572,247.80804774460702,249.64161682128906,52315500,0.0,0.0,0.0,SPY,0.004045267274790598,0.004037107180234776,1.5068586713100438,0.09743253944079786,0.09730352501689168,0.12500727324619357,243.40729278564453,236.78297805786133,True
2018-07-18,249.72176743388658,250.27361473147613,249.27672578574192,250.16680908203125,44593500,0.0,0.0,0.0,SPY,0.0021037848874299048,0.0021015750308361262,1.5121325626976683,0.09707460969208745,0.09734501757862164,0.12501588042082057,243.6802493286133,236.93081031799318,True
2018-07-19,249.49929711773794,249.8820264934562,248.7427207300955,249.22337341308594,61412100,0.0,0.0,0.0,SPY,-0.003771226376541259,-0.0037783553797669416,1.5026587421158548,0.0970377841240205,0.09694532440623568,0.1250010814411998,243.93433715820314,237.0691397857666,True
2018-07-20,249.0186113227264,249.65059006448786,248.7782985947816,248.93850708007812,82337700,0.0,0.0,0.0,SPY,-0.0011430161188599186,-0.0011436698599891501,1.4997981628336108,0.09720051828326998,0.09520668135780161,0.1250131779345912,244.13700531005858,237.20367416381836,True
2018-07-23,248.73371336289867,249.60597734703734,248.38656794320224,249.40127563476562,47047600,0.0,0.0,0.0,SPY,0.0018589673414350916,0.0018572416000470927,1.5044452059784978,0.09392912694751004,0.09520579410275698,0.12501058604932339,244.30426879882813,237.33920501708985,True
2018-07-24,250.81659245704824,251.50194685139243,249.7840925211196,250.65635681152344,68026900,0.0,0.0,0.0,SPY,0.005032376733292265,0.005019756647143184,1.5170485177628694,0.09491848364164555,0.09096918731885213,0.1250858538778087,244.481923828125,237.47442596435548,True
2018-07-25,250.40714319828652,253.11300425599757,250.36264989494336,252.79258728027344,78882900,0.0,0.0,0.0,SPY,0.00852254654908391,0.008486434680901342,1.538500180921806,0.08142455638042419,0.09211763527076657,0.12532210993338203,244.7,237.6216014099121,True
2018-07-26,252.07156947083945,252.8815212675598,251.97364619539587,252.1961669921875,57919500,0.0,0.0,0.0,SPY,-0.0023593266499728482,-0.002362114246523844,1.5325110297939961,0.08297499278758626,0.09059514094032801,0.12535684361242008,244.93946472167968,237.76763862609863,True
2018-07-27,252.52554553161963,252.62346882726877,249.561579858569,250.48727416992188,76768700,0.0,0.0,0.0,SPY,-0.006776045975030898,-0.006799107611403972,1.515350618623839,0.08074744912291894,0.09194500310363002,0.12556662824845927,245.1245492553711,237.90218955993652,True
2018-07-30,250.56728407652932,250.72749250379528,248.65358381919782,249.1787567138672,63742500,0.0,0.0,0.0,SPY,-0.005223887961537832,-0.005237580169444731,1.502210708808163,0.08342563227024559,0.09113163939593391,0.1256899631144592,245.28753936767578,238.028441696167,True
2018-07-31,249.9442862194281,251.0212793934621,249.56155692430997,250.40711975097656,68570500,0.0,0.0,0.0,SPY,0.004929645902840285,0.004917534983863496,1.5145457215768823,0.08422334241548116,0.09146007183390745,0.1257587436449478,245.48714782714845,238.16250434875488,True
2018-08-01,250.6117621898536,251.11911600865685,249.338950045005,249.9886932373047,53853300,0.0,0.0,0.0,SPY,-0.0016709848908769143,-0.0016723825433174239,1.5103439536687082,0.0850303244379813,0.09026981476589362,0.12576928211235633,245.64223419189454,238.2931137084961,True
2018-08-02,248.6803516673614,251.51969200965956,248.47562275806445,251.35060119628906,63426400,0.0,0.0,0.0,SPY,0.00544787822740278,0.005433092216095799,1.5240200018371923,0.08393092232706775,0.09042225555846034,0.125862221752661,245.8380291748047,238.4290399169922,True
2018-08-03,251.47526232234821,252.48106091208592,251.2972347767843,252.4276580810547,53935400,0.0,0.0,0.0,SPY,0.004285077814174532,0.004275923011614419,1.5348356239495975,0.0813803076742764,0.08747585092249219,0.12588857844364942,246.04207275390624,238.5695609283447,True
2018-08-06,252.46315795693013,253.664748289708,252.07151925953454,253.35324096679688,39400900,0.0,0.0,0.0,SPY,0.003666725321537445,0.003660019272073999,1.5441301699178687,0.07807272467303274,0.08750770565014604,0.12591926995252536,246.2745520019531,238.7136124420166,True
2018-08-07,254.0209115875223,254.57275894294497,253.8873773485354,254.19000244140625,43196600,0.0,0.0,0.0,SPY,0.003302746281895974,0.003297304194658131,1.5525327863772245,0.0736127370571434,0.08758717088149916,0.12594132728712584,246.53528686523438,238.86154052734375,True
2018-08-08,254.02089047111144,254.4837240164646,253.62034211382655,254.0831756591797,42114600,0.0,0.0,0.0,SPY,-0.00042026350840129734,-0.00042035184385985766,1.5514600499931124,0.07335394539421715,0.08591269537779224,0.12590696176809424,246.84935546875,239.00313911437988,True
2018-08-09,254.1454841800996,254.5371230061063,253.60254640410975,253.73605346679688,35717000,0.0,0.0,0.0,SPY,-0.0013661754324435504,-0.0013671095009308613,1.5479743079559505,0.0673895386697408,0.08433762060736477,0.12592150837109084,247.09285949707032,239.14739250183106,True
2018-08-10,252.29409670237354,252.83703442206476,251.3238821000155,252.0359649658203,77076000,0.0,0.0,0.0,SPY,-0.006700224417256595,-0.006722771691846551,1.5309023082832414,0.06692437571179377,0.0855397518000294,0.12526396304527457,247.33195678710936,239.2811695098877,True
2018-08-13,252.3118778612878,252.9260374230417,250.7987256035672,251.09246826171875,65732900,0.0,0.0,0.0,SPY,-0.0037435002747703283,-0.00375052470804898,1.5214278747967662,0.06862630030196466,0.08599459084330877,0.12534019151824385,247.50504302978516,239.41580505371093,True
2018-08-14,251.82236166562507,252.9349657132084,251.43072286782095,252.6946258544922,43842000,0.0,0.0,0.0,SPY,0.006380747315381408,0.006360476530041325,1.5375164689398035,0.07142167157205491,0.08538685914033445,0.12512851138172848,247.68713562011717,239.55700241088869,True
2018-08-15,251.34171835899366,251.48413494190643,249.36573241125578,250.8076629638672,102925400,0.0,0.0,0.0,SPY,-0.007467364548194078,-0.007495384894084145,1.5185679084191839,0.07579262016728287,0.08668630438686266,0.12539020540444015,247.82794219970702,239.67958938598633,True
2018-08-16,252.24962362075001,253.7093733974278,252.21401267997547,252.8370819091797,69967900,0.0,0.0,0.0,SPY,0.008091534849175908,0.008058973908464287,1.5389469884201739,0.08035593758352086,0.0879011792958788,0.12560701228081725,247.9685772705078,239.81653793334962,True
2018-08-17,252.63225413577,254.17210755448005,252.22282354817426,253.72706604003906,65618500,0.0,0.0,0.0,SPY,0.00351999051776386,0.0035138098508208037,1.5478840577445179,0.07941622997855173,0.08781421139591702,0.12457409669994841,248.12754241943358,239.9561801147461,True
2018-08-20,254.1810820669121,254.53710993685968,253.72713091389735,254.2700958251953,39807500,0.0,0.0,0.0,SPY,0.0021402122904403686,0.0021379252986336275,1.55333707051952,0.07918424757472982,0.08681222492211546,0.12456050036183922,248.28283660888673,240.09704475402833,True
2018-08-21,254.7863813467403,255.72986760766776,254.30572868977274,254.86648559570312,67272000,0.0,0.0,0.0,SPY,0.0023454970926577445,0.0023427507079384962,1.5593259151949987,0.07926697855810036,0.08656157665033008,0.12457069882444463,248.44350158691407,240.24045219421387,True
2018-08-22,254.45695619078683,255.24023365017155,254.1899149678984,254.715087890625,44993300,0.0,0.0,0.0,SPY,-0.0005940275149329821,-0.0005942040191796114,1.557805605181692,0.0780879414868555,0.08652400187542657,0.12419640908683731,248.59475799560548,240.37932708740234,True
2018-08-23,254.53710055093475,255.40048236439318,254.0564480044774,254.37689208984375,49204900,0.0,0.0,0.0,SPY,-0.0013277415310649632,-0.0013286237608535064,1.5544095004513014,0.07307075776401653,0.08643908321770755,0.12413845589182096,248.75502563476562,240.5147548675537,True
2018-08-24,254.95539573739188,256.0502076879147,254.90199292645707,255.9077911376953,57487400,0.0,0.0,0.0,SPY,0.006018231590434242,0.006000194366644898,1.5697825284018228,0.07495666379673022,0.08680433828613464,0.12421301833205774,248.9335043334961,240.65862747192384,True
2018-08-27,257.10954737816115,258.03524197005436,256.949338842025,257.9284362792969,57072400,0.0,0.0,0.0,SPY,0.00789598914756895,0.007864978955725146,1.5900735033576958,0.07372337411961566,0.08411586074444821,0.12440831677133611,249.15869750976563,240.81067146301268,True
2018-08-28,258.39106514351664,258.4978979127751,257.58999593471907,258.0528564453125,46943500,0.0,0.0,0.0,SPY,0.0004823825081501365,0.00048226619911017964,1.5913229095105388,0.06980414215695852,0.08046286215045124,0.12440647422083355,249.3965249633789,240.96746459960937,True
2018-08-29,258.26658129251797,259.67290099667093,258.0262685730959,259.4414978027344,61485500,0.0,0.0,0.0,SPY,0.005381228390766379,0.005366801315052596,1.6052674099208404,0.07008623571534828,0.079571430073885,0.12449106372764226,249.68099609375,241.13155235290526,True
2018-08-30,258.960779504054,259.3345991949862,257.7947728151314,258.39111328125,61229500,0.0,0.0,0.0,SPY,-0.004048637285786194,-0.00405685520614104,1.5947196271455915,0.0719847661178139,0.07832177455759624,0.12452184841415563,249.93609191894532,241.28933418273925,True
2018-08-31,257.98171473575013,258.8450965373461,257.49217983474773,258.4000549316406,66140800,0.0,0.0,0.0,SPY,3.4605100295737046e-05,3.46045015530668e-05,1.5948094176785284,0.0707568427907244,0.07797682615046891,0.1244120459174435,250.22216522216797,241.449794921875,True
2018-09-04,257.9817185000483,258.3110449469662,256.94921870016407,257.95501708984375,57594400,0.0,0.0,0.0,SPY,-0.0017222823033633539,-0.0017237671366425603,1.5903404233378602,0.07065305106739425,0.07815885475080923,0.12443445982162991,250.49043609619142,241.61369430541993,True
2018-09-05,257.59900870202284,257.8037376378542,256.2460918774304,257.2607727050781,72452400,0.0,0.0,0.0,SPY,-0.002691338949704636,-0.0026949671135836706,1.5833689392635364,0.07110778728278787,0.07699384539582314,0.12422881060436618,250.81139923095702,241.76455116271973,True
2018-09-06,257.3675628736894,257.67018791507263,255.45388934433913,256.48638916015625,65909900,0.0,0.0,0.0,SPY,-0.0030101112454078427,-0.003014650742144909,1.5755927113684218,0.07160053371480855,0.07734097393410441,0.12425624311616355,251.10619445800782,241.91487297058106,True
2018-09-07,255.43606784151376,256.967011920124,255.1957280106459,255.9879150390625,73524800,0.0,0.0,0.0,SPY,-0.0019434720209753342,-0.0019453630131810006,1.5705871189964493,0.07202377449417517,0.07737792421870589,0.1242819496774031,251.43107360839844,242.06077056884766,True
2018-09-10,257.0026837101944,257.2697250400433,256.23722499031425,256.43304443359375,50210900,0.0,0.0,0.0,SPY,0.0017388687839554606,0.0017373587019344477,1.5750570326941102,0.07188616640735883,0.07739768446061025,0.12427173072410021,251.7374411010742,242.20147399902345,True
2018-09-11,255.78320070288459,257.7235755283523,255.43608238535157,257.2785339355469,50530500,0.0,0.0,0.0,SPY,0.0032971160320645065,0.0032916924631542824,1.5835472945200864,0.06745103831499978,0.07757238438572517,0.12389765288287007,252.05377624511718,242.34741462707518,True
2018-09-12,257.2874785222966,257.9461314771901,256.5487213293637,257.34088134765625,59810800,0.0,0.0,0.0,SPY,0.00024233429488140779,0.0002423049366690753,1.5841733766319965,0.06530616909189134,0.07718439842031088,0.12386925790170296,252.36103454589843,242.49103279113768,True
2018-09-13,258.40893009740637,259.04979101093943,258.1240969884627,258.86285400390625,51034200,0.0,0.0,0.0,SPY,0.0059142280397876945,0.005896807644847783,1.5994567672757465,0.06485643254624446,0.07780523221151402,0.12397958543006761,252.71581970214845,242.64283142089843,True
2018-09-14,259.0676792002693,259.25458911360437,258.1241929439432,258.907470703125,55079900,0.0,0.0,0.0,SPY,0.00017235651438074484,0.00017234166270321783,1.5999048005834378,0.05697690437810394,0.07770524592738852,0.12397649088829812,253.03215606689454,242.78326248168946,True
2018-09-17,258.8540151065709,258.88959887877826,257.2607584967823,257.53668212890625,68244000,0.0,0.0,0.0,SPY,-0.0052945114735238885,-0.0053085770683310215,1.5861395747866789,0.056392462676490125,0.07845204669228202,0.12411971676649217,253.27995361328124,242.91754226684571,True
2018-09-18,257.7502866559466,259.53045309429,257.7235852458988,258.9341125488281,61930400,0.0,0.0,0.0,SPY,0.005426141271876794,0.005411472805515075,1.600172333468263,0.05788229868059004,0.0784490434440212,0.12420222380072343,253.5115524291992,243.0487110900879,True
2018-09-19,258.9875316714344,259.62839271610574,258.8629069745772,259.2100524902344,49080600,0.0,0.0,0.0,SPY,0.0010656762783785023,0.0010651088485086073,1.602943275443736,0.05772903025501562,0.07843196194396404,0.1242024018188409,253.73086822509765,243.18367446899413,True
2018-09-20,260.4740155512131,261.6311130896646,259.2278770781861,261.3106689453125,100360600,0.0,0.0,0.0,SPY,0.008103915858576727,0.008071255465191964,1.6240373087325803,0.06274534579512363,0.07838514893384246,0.12442290789904466,254.02851318359376,243.330545501709,True
2018-09-21,262.05545925109055,262.1716982551371,260.9109962119537,261.0719299316406,105479700,1.323,0.0,0.0,SPY,-0.0009136213788570879,-0.0009140389852444975,1.6216399321484039,0.06286994617960921,0.07847276210352762,0.12438697478888523,254.27670013427735,243.4803939819336,True
2018-09-24,260.490651268071,260.63371249780965,259.62336132200153,260.20452880859375,53409600,0.0,0.0,0.0,SPY,-0.003322460301549812,-0.0033279919285833497,1.6129296375488829,0.06423809142484684,0.07317742921949977,0.12445186489292388,254.50362243652344,243.6256859588623,True
2018-09-25,260.6606024229196,260.7678915515337,259.7217952613995,259.96319580078125,44370000,0.0,0.0,0.0,SPY,-0.0009274742792428903,-0.0009279046496377774,1.6105062125165848,0.06198645866823764,0.07327264200330783,0.12443201023653903,254.73016998291016,243.76612716674805,True
2018-09-26,260.1062374002069,261.2953948672929,258.76506882164716,259.185302734375,79739700,0.0,0.0,0.0,SPY,-0.002992319985950509,-0.0029968059265478744,1.6026947426034233,0.05749730527468122,0.07123512844679467,0.12448730567275398,254.92104370117187,243.89635681152345,True
2018-09-27,259.6591955080974,261.00036416052205,259.38202283615465,259.9095458984375,59249500,0.0,0.0,0.0,SPY,0.002794306453420825,0.0027904096367218404,1.6099674693189643,0.058175018521374446,0.0707278391275299,0.12446386817195554,255.1158984375,244.0266954803467,True
2018-09-28,259.28371982427427,260.43713278815665,259.2479749641412,259.9364318847656,70091400,0.0,0.0,0.0,SPY,0.00010344362780201344,0.00010343827787888747,1.6102374538224358,0.055219116237565403,0.07076006505004652,0.1244642803812443,255.3301596069336,244.15510536193847,True
2018-10-01,261.17924796261315,261.9124269260284,260.16892353096546,260.8395080566406,62078900,0.0,0.0,0.0,SPY,0.003474219313263971,0.003468198155197947,1.6193059911967107,0.054244358150841804,0.07088391083655123,0.12446336021811813,255.56817962646485,244.28816177368165,True
2018-10-02,260.6874694824219,261.40274865347465,260.3119574677722,260.6874694824219,47258200,0.0,0.0,0.0,SPY,-0.0005828816936187531,-0.0005830516351935616,1.6177792456844564,0.0543466973131353,0.07032693025055599,0.12441603792131585,255.79390350341797,244.42524375915528,True
2018-10-03,261.74239844544337,262.162632273697,260.4727743931973,260.8304138183594,64694600,0.0,0.0,0.0,SPY,0.000548336044771558,0.0005481857634964772,1.6192146684021202,0.0537823946033116,0.06892103368233851,0.12440741903464476,255.99738464355468,244.55332763671876,True
2018-10-04,260.3476475116369,260.40129207386383,257.2003816210279,258.7919006347656,111545900,0.0,0.0,0.0,SPY,-0.007815473486206814,-0.007846174365000638,1.5987442656065394,0.0602000003276916,0.06956803152373685,0.12469525425293822,256.1173709106445,244.66376152038575,True
2018-10-05,259.0154614097672,259.5340346720849,255.9128898342961,257.3434753417969,105951700,0.0,0.0,0.0,SPY,-0.005596872581468126,-0.005612593759877479,1.5841994250801186,0.06260529561582957,0.06875286092864971,0.12473676091243645,256.2203170776367,244.77149841308594,True
2018-10-08,256.6549912294686,257.7011148971348,255.2691277202282,257.3434753417969,87742200,0.0,0.0,0.0,SPY,0.0,0.0,1.5841994250801186,0.06214034075602103,0.06849925462444978,0.12472612406474873,256.35744110107424,244.87985290527342,True
2018-10-09,256.9590034550066,258.2733226301009,256.4046307868371,256.9679260253906,74339000,0.0,0.0,0.0,SPY,-0.0014593310201762577,-0.001460396880777979,1.5804282226967774,0.06216816028664567,0.06673437337708985,0.12472280802772409,256.5132244873047,244.98390266418457,True
2018-10-10,256.4583071591772,256.5298514480096,248.45601569512033,248.83152770996094,214731000,0.0,0.0,0.0,SPY,-0.03166308901378512,-0.03217520372092449,1.498723894187846,0.1253817133241745,0.09116083456985169,0.12880820308080393,256.48171264648437,245.04757934570313,True
2018-10-11,247.7407004483755,249.3679918846898,241.7322628487269,243.3506317138672,274840500,0.0,0.0,0.0,SPY,-0.022026533560820738,-0.02227273974564355,1.4436856684732926,0.1437392243415409,0.10124826111425353,0.1307503319552561,256.3489514160156,245.08526390075684,True
2018-10-12,247.4635134707614,247.7496360271475,243.52942382197313,246.73036193847656,183186500,0.0,0.0,0.0,SPY,0.013888314983226735,0.01379275608823486,1.4776243447570465,0.15211395845921133,0.10515748567042477,0.13143396013370576,256.25654663085936,245.13927322387696,True
2018-10-15,246.37270641457565,247.70495269124174,245.25506570812928,245.344482421875,102263700,0.0,0.0,0.0,SPY,-0.005616980033236185,-0.005632814588341293,1.4637075782826865,0.15227956333652237,0.10538462749218175,0.131570218981685,256.1148831176758,245.18392616271973,True
2018-10-16,247.3115505163156,251.08470677822203,246.837671929955,250.70916748046875,118255800,0.0,0.0,0.0,SPY,0.021865929103590087,0.02163029834588356,1.5175788335213936,0.17360491915885246,0.11422262812319392,0.1333074272011142,256.0620016479492,245.25985969543456,True
2018-10-17,250.74497165008125,251.37978403677906,248.1699226684589,250.75392150878906,110626000,0.0,0.0,0.0,SPY,0.0001785097400708313,0.00017849380910304165,1.5180282458645733,0.1720176249897556,0.11395700510109645,0.13330757238718915,255.99328002929687,245.32758842468263,True
2018-10-18,249.81501251490852,250.41407986097522,245.8541009189288,247.13267517089844,134557500,0.0,0.0,0.0,SPY,-0.014441434519155472,-0.014546726980206467,1.4816643058345362,0.1774383437046736,0.1176028011772967,0.13413861908303784,255.85427001953124,245.36970855712892,True
2018-10-19,247.7853430777586,249.72555146513008,246.30111340331376,246.99851989746094,139901600,0.0,0.0,0.0,SPY,-0.000542847170430738,-0.0005429945653002994,1.4803171413881548,0.17359224096316422,0.11753923917682081,0.13414197549904477,255.71951934814453,245.40612762451173,True
2018-10-22,247.66913702093586,247.99100439047254,245.35338915850716,245.88986206054688,82415800,0.0,0.0,0.0,SPY,-0.004488520163498544,-0.004498623815092719,1.469184187887163,0.1735908419528063,0.11738307865200609,0.13414615473457228,255.59659729003906,245.42901611328125,True
2018-10-23,242.25979206869093,245.76469777802023,240.16754481310545,244.6381072998047,146352700,0.0,0.0,0.0,SPY,-0.005090713176430062,-0.005103715001229887,1.4566142794068528,0.17376696200882907,0.11638822668946662,0.13418986536885458,255.46751007080078,245.44343910217285,True
2018-10-24,244.38771235729627,244.77220139855956,236.6715458317324,237.22589111328125,177806700,0.0,0.0,0.0,SPY,-0.030298698221367992,-0.030767191217518496,1.3821820647088012,0.19774967411657918,0.13073779212484002,0.13764158919060124,255.15813537597657,245.4180652618408,True
2018-10-25,239.0678155870735,243.028727595172,238.03959162211592,241.48190307617188,138061500,0.0,0.0,0.0,SPY,0.017940756562943028,0.017781720524218288,1.424920213220351,0.21222530104518345,0.13550973857906834,0.13867412092939713,254.97162017822265,245.41582496643068,True
2018-10-26,237.76245955881376,242.30454003774642,234.51682611429473,237.2349090576172,201574600,0.0,0.0,0.0,SPY,-0.01758721446391387,-0.017743707081026565,1.382272621372565,0.21657755655322283,0.13944370437651618,0.13982346902638182,254.6595767211914,245.38352378845215,True
2018-10-29,240.33748164293146,241.6339559659058,232.33518938966606,235.92056274414062,160749100,0.0,0.0,0.0,SPY,-0.005540273641419846,-0.005555677879573243,1.3690741791616983,0.21603047488349197,0.13928525920994825,0.13971643747986973,254.30344665527343,245.33670822143554,True
2018-10-30,235.75066433811224,239.7294487510335,235.25888607169557,239.41650390625,157116000,0.0,0.0,0.0,SPY,0.014818297826378002,0.014709579548484656,1.4041798259212985,0.22471726587732446,0.1427781628989983,0.14042163500077948,254.00637481689452,245.31156410217284,True
2018-10-31,241.99148997680612,244.29831500476348,241.5176115464338,241.97361755371094,128296300,0.0,0.0,0.0,SPY,0.010680607250293184,0.010623972470343045,1.4298579264010423,0.23018154824568335,0.14406362025442512,0.14080095054062275,253.74851745605469,245.28755561828612,True
2018-11-01,242.8409782974679,244.74544242816248,241.75015987588534,244.54873657226562,99495000,0.0,0.0,0.0,SPY,0.01064214786962503,0.01058591879427832,1.4557168337559827,0.23499094133169252,0.14548705765154898,0.14117590613590597,253.5451904296875,245.27849700927734,True
2018-11-02,245.65739878657024,246.0865825910847,241.04377521109086,243.10025024414062,122634100,0.0,0.0,0.0,SPY,-0.005923098799968551,-0.005940709925724877,1.4411713803249002,0.23458932944854233,0.14564516787768333,0.14131524171065538,253.31965759277344,245.25659133911134,True
2018-11-05,243.59204936430004,244.9958127551246,242.6174698628795,244.44146728515625,65622500,0.0,0.0,0.0,SPY,0.005517135583647859,0.005501971938812813,1.4546396538130737,0.23611557501236072,0.14595420700341444,0.1413786509350373,253.09033111572265,245.23133056640626,True
2018-11-06,244.37887414817484,246.14919971828405,244.3162797144845,245.98826599121094,60085900,0.0,0.0,0.0,SPY,0.006327889957599808,0.006307952923976449,1.4701723434279637,0.2379165137043685,0.14660651613122155,0.1415005905384122,252.85152770996095,245.2111560821533,True
2018-11-07,248.16992362402448,251.33509028330215,247.74073969671667,251.25462341308594,102752100,0.0,0.0,0.0,SPY,0.021408978191110872,0.021183025276101587,1.5230562092566982,0.2514236240106141,0.15297931880371993,0.14305405303660135,252.71556304931642,245.21779891967773,True
2018-11-08,250.4498212607428,251.44230025314266,249.6540753817843,250.7985382080078,65584900,0.0,0.0,0.0,SPY,-0.001815231094586811,-0.0018168806230359972,1.518476279172265,0.22539579011034172,0.1524349927279111,0.14306617922812642,252.54270385742188,245.22163200378418,True
2018-11-09,249.48423754356918,249.67199354933925,246.9360111777994,248.34872436523438,98812600,0.0,0.0,0.0,SPY,-0.009768054711473684,-0.00981607512446018,1.4938756650877618,0.2136741015310321,0.15350358080634627,0.14337235233278947,252.34185607910158,245.19874183654784,True
2018-11-12,247.83901632418406,248.08041684720948,243.18962096752142,243.70822143554688,99673600,0.0,0.0,0.0,SPY,-0.018685430905869826,-0.018862209151958007,1.447276523659934,0.21875761460703014,0.15732236809566075,0.14463607581126886,252.0480194091797,245.16103324890136,True
2018-11-13,244.17311655354152,246.17591930688775,242.52795325098697,243.25218200683594,98176600,0.0,0.0,0.0,SPY,-0.0018712517207037926,-0.0018730046993891839,1.4426970532539976,0.2180364383500593,0.15671574442836106,0.14465153510454332,251.75396270751952,245.1339298248291,True
2018-11-14,245.1298806596387,245.5322149037344,240.02450604169874,241.58920288085938,125335900,0.0,0.0,0.0,SPY,-0.006836440735112581,-0.006859916249895933,1.4259976996155923,0.2034216311511418,0.15625697450894804,0.14480463886933617,251.44053131103516,245.09789413452148,True
2018-11-15,240.31956726733938,244.57555168678502,238.73699789549096,244.110595703125,135101400,0.0,0.0,0.0,SPY,0.010436694985533235,0.010382608680448963,1.4513170976420855,0.20766494370947086,0.1576179712412597,0.1450596568611234,251.19301544189454,245.075877532959,True
2018-11-16,243.01088739710156,245.6574532294415,242.49228677427874,244.74546813964844,126668000,0.0,0.0,0.0,SPY,0.0026007573931594585,0.0025973812760245857,1.4576923787067564,0.20229076022522519,0.15765277849096787,0.14484712714399817,250.96816650390625,245.08408569335938,True
2018-11-19,244.13744138835753,244.43251383490886,239.6847779781454,240.605712890625,103061700,0.0,0.0,0.0,SPY,-0.016914532802140947,-0.017059217347086254,1.4161216603495492,0.2102457260244225,0.1608842962971,0.1458354975772358,250.65161987304688,245.12243133544922,True
2018-11-20,237.26166003594986,238.72801751051801,235.2856792165267,236.15296936035156,136021300,0.0,0.0,0.0,SPY,-0.018506391543153367,-0.01867977730226355,1.3714079668872268,0.21848483917251263,0.16470591555742592,0.14703331434985892,250.22910858154296,245.11556632995607,True
2018-11-21,237.708753918513,238.86216676983818,236.94878006563258,236.95770263671875,75563700,0.0,0.0,0.0,SPY,0.003407677991714042,0.0034018850137383814,1.3794889616253636,0.21887058190242709,0.1649569060479861,0.14693098840154373,249.82144500732423,245.1191679382324,True
2018-11-23,235.31251239019173,236.77886993263593,235.21417311622506,235.37510681152344,42807900,0.0,0.0,0.0,SPY,-0.006678811482324298,-0.006701214550026272,1.3635968034263963,0.19342708539667067,0.16469314991108314,0.14708772812768045,249.35169006347655,245.15916160583495,True
2018-11-26,237.63714420416994,239.39854636504273,237.2437326453661,239.17501831054688,79981400,0.0,0.0,0.0,SPY,0.01614406701922899,0.01601513735114158,1.4017548686273473,0.1913812863215012,0.16736414687253634,0.14793812685287921,248.957041015625,245.20107719421387,True
2018-11-27,238.13794287782616,239.9798126220703,237.5299528680302,239.9798126220703,75502400,0.0,0.0,0.0,SPY,0.0033648761363467283,0.003359227608158703,1.4098364762701459,0.18114491360982787,0.1675770494602689,0.14796965725629754,248.60590362548828,245.23007141113283,True
2018-11-28,241.05267883521364,245.50534057617188,239.91713876381132,245.50534057617188,127629600,0.0,0.0,0.0,SPY,0.023024969866125344,0.022763895142893315,1.4653228885185556,0.19539174041433013,0.1739436454975972,0.14938921021741333,248.33732818603517,245.283780670166,True
2018-11-29,244.72747479901844,246.37263818899032,243.5830121239883,244.96890258789062,82346400,0.0,0.0,0.0,SPY,-0.0021850359223236637,-0.002187426596421959,1.459936069447016,0.1901107609581835,0.17384281003148944,0.14940703643948147,248.0525051879883,245.3189655303955,True
2018-11-30,244.8169183387713,247.02537709680527,244.49505096649693,246.4620819091797,98204200,0.0,0.0,0.0,SPY,0.0060953831507382095,0.00607688144810645,1.4749303223166166,0.18786796540106457,0.1743810209939057,0.14927923618680375,247.75553344726563,245.34643585205077,True
2018-12-03,250.60193311121012,250.70922228083356,248.12525049187843,249.72569274902344,103176300,0.0,0.0,0.0,SPY,0.013241837505236997,0.013154930737837045,1.507702947481517,0.18976548018713027,0.17657571403016,0.14982222801840347,247.5286087036133,245.38987144470215,True
2018-12-04,248.89403763860048,249.323221367428,241.32090533410337,241.63385009765625,177986000,0.0,0.0,0.0,SPY,-0.032402924033529734,-0.03293952219536354,1.4264460393756146,0.2215600995580457,0.18775147274204276,0.15335041723317802,247.15719512939452,245.40039382934572,True
2018-12-06,237.7624279703183,241.38357298491903,234.65090638603704,241.267333984375,204185400,0.0,0.0,0.0,SPY,-0.001516824373460568,-0.0015179759161565247,1.4227655468822027,0.220613003997375,0.18770781620707527,0.1533126884547548,246.7832778930664,245.41504089355467,True
2018-12-07,240.92759489196638,242.50124193889394,234.8208172990683,235.66128540039062,161018900,0.0,0.0,0.0,SPY,-0.02323583757238945,-0.023510045610113283,1.3664705601588665,0.23248478401184156,0.19294576014222556,0.1550962513810403,246.31279754638672,245.40011322021485,True
2018-12-10,235.482432405614,237.0829016086357,231.2353975319984,236.1083221435547,151445900,0.0,0.0,0.0,SPY,0.0018969460444235864,0.0018951491143699005,1.3709596271272049,0.21711327705331773,0.1929559361387231,0.15507671155305205,245.83677307128906,245.3684011077881,True
2018-12-11,239.31815759578762,239.50591358268358,234.6866613446982,236.1619415283203,121504400,0.0,0.0,0.0,SPY,0.00022709654737629315,0.00022707076485871798,1.3714980638724938,0.21735305585542186,0.19276032814789704,0.1549842921287709,245.36128326416016,245.32288040161131,True
2018-12-12,239.1482335314507,240.5162243480066,237.2705921220628,237.35105895996094,97976700,0.0,0.0,0.0,SPY,0.00503517808138465,0.00502254396450043,1.383438978943751,0.21739654759828084,0.19315267595534072,0.1550356505272133,244.89151428222655,245.29861770629884,False
2018-12-13,238.2988997758598,239.1661901600829,236.1530348179723,237.2706756591797,96662700,0.0,0.0,0.0,SPY,-0.0003386683890667097,-0.0003387257501568771,1.3826317835043134,0.2088446440884307,0.19261945718327714,0.15502733850273348,244.42317840576172,245.28622077941895,False
2018-12-14,235.11582735664032,236.07253432913174,232.33515043710764,232.88949584960938,116961100,0.0,0.0,0.0,SPY,-0.018464902151935192,-0.01863750650806569,1.3386367207578154,0.21726648516689884,0.19562019946777356,0.1561347640152472,243.8643600463867,245.26934883117676,False
2018-12-17,231.9327959497144,233.05043666582344,226.68435951265047,228.32058715820312,165492300,0.0,0.0,0.0,SPY,-0.019618354510744784,-0.01981334895461617,1.2927565164981427,0.22523132957278513,0.19879037077269357,0.15731355325374838,243.25493377685547,245.22354286193848,False
2018-12-18,229.96571797669657,230.63630227022952,226.4607853965939,228.0701904296875,134515100,0.0,0.0,0.0,SPY,-0.0010966892282128216,-0.0010972910318790944,1.2902420751235844,0.22031642748553384,0.19824971447603898,0.1570926631085085,242.66946807861328,245.16276107788087,False
2018-12-19,228.1506611284641,231.93275278788266,222.94693401705405,224.65467834472656,214992800,0.0,0.0,0.0,SPY,-0.014975705849703869,-0.015088974002226611,1.2559440834819182,0.22294437693566502,0.19985221478085768,0.15766405497617236,242.01569213867188,245.08185623168944,False
2018-12-20,223.40295231055254,224.97658541676014,218.74462013016148,220.99778747558594,252053400,0.0,0.0,0.0,SPY,-0.016277830918478453,-0.016411770292113034,1.2192222071294578,0.22248924259182157,0.20069510091029827,0.15844434797686224,241.29628936767577,244.98310859680177,False
2018-12-21,221.90160300643558,224.57262520442833,215.82209838644843,216.46961975097656,255345600,1.435,0.0,0.0,SPY,-0.02048965184825491,-0.020702476924664866,1.1737511167314594,0.22422394812693602,0.20383007242138051,0.15973708958021393,240.6490512084961,244.8558950805664,False
2018-12-24,214.9767595805029,216.59556327097457,210.6869469541851,210.74989318847656,147311600,0.0,0.0,0.0,SPY,-0.026422768095956783,-0.026778123054692966,1.1163145950757372,0.2352783627059951,0.20919565023848147,0.16184253863780912,239.99703643798827,244.67903358459472,False
2018-12-26,212.21581893001292,221.39801025390625,210.22828499689444,221.39801025390625,218485400,0.0,0.0,0.0,SPY,0.05052489898966139,0.04928994305883207,1.223241176222285,0.304740974059274,0.23521370223755733,0.169665370443653,239.49038940429688,244.55695686340331,False
2018-12-27,218.1514117819056,223.29558861864206,214.9048161356882,223.09774780273438,186267300,0.0,0.0,0.0,SPY,0.007677293697801568,0.0076479732507111625,1.2403096516931895,0.2994976674458184,0.236077844429971,0.16984489993090818,239.04545471191406,244.45132232666015,False
2018-12-28,224.45574967537402,226.09253018844487,221.6408302615388,222.80996704101562,153100200,0.0,0.0,0.0,SPY,-0.0012899312725165313,-0.0012907639500019507,1.23741980621335,0.29865674029027606,0.2358630671544199,0.16984737138543493,238.487470703125,244.3505150604248,False
2018-12-31,224.43774440503387,225.00432909907883,222.55814002740993,224.76150512695312,144299400,0.0,0.0,0.0,SPY,0.008758755776747895,0.00872062039260271,1.2570168198660312,0.28662167370408653,0.23685963412702146,0.17006765472893176,237.96762237548828,244.2607894897461,False
2019-01-02,221.21816147757016,225.92168792280407,221.19118255685348,224.995361328125,126925200,0.0,0.0,0.0,SPY,0.001040463761976529,0.001039922854720288,1.2593651640772734,0.28710220296356803,0.23667277436959042,0.17003267582504722,237.5248760986328,244.17091720581055,False
2019-01-03,223.24160872373565,223.5473926222731,219.14064909646268,219.6262969970703,144140700,0.0,0.0,0.0,SPY,-0.023863000105253884,-0.02415233367519806,1.2054499329290906,0.2926795701256105,0.24056039525549003,0.17152208672015182,236.977431640625,244.07063690185547,False
2019-01-04,222.6660891966035,227.63041643872688,222.2883705846562,226.98289489746094,142628800,0.0,0.0,0.0,SPY,0.03349597931111492,0.0329472097703525,1.279323638254183,0.31631470454035815,0.25110911679442294,0.17469015658545725,236.5992922973633,244.00510154724122,False
2019-01-07,227.2526760659323,230.1844995194957,226.35334220281823,228.77255249023438,103139100,0.0,0.0,0.0,SPY,0.007884548276564596,0.007853627649576417,1.297295075517913,0.30174613885514723,0.2516145569872761,0.1748204925827276,236.28198120117187,243.95081817626954,False
2019-01-08,230.96693445539765,231.40759927557966,228.43080631801965,230.9219512939453,102512600,0.0,0.0,0.0,SPY,0.00939535263437108,0.009351490826216958,1.318878972857608,0.30451765095817174,0.25248781258317016,0.17494827258042034,236.15590240478517,243.9372322845459,False
2019-01-09,231.6324294876091,232.8465357018681,230.40034647631728,232.00115966796875,95006600,0.0,0.0,0.0,SPY,0.004673476765531426,0.004662589979243645,1.3297161998593374,0.2950936810906148,0.25278056138014726,0.17500310561020904,235.96628753662108,243.95394203186035,False
2019-01-10,230.46328417988147,233.07134666335935,229.77978172175344,232.8195343017578,96823900,0.0,0.0,0.0,SPY,0.0035274592375327263,0.003521252345286803,1.3379341787893608,0.29532025249092414,0.25298207420040336,0.17502483002286798,235.87798004150392,243.94346420288085,False
2019-01-11,231.7403040541585,232.93643325921258,231.15574263112958,232.90945434570312,73858100,0.0,0.0,0.0,SPY,0.000386222076317555,0.0003861475117698027,1.3388371405821866,0.2953257346305577,0.24542753550441046,0.17501957651952063,235.81775787353516,243.9534176635742,False
2019-01-14,231.00286220453762,232.29790504700713,230.5981784696965,231.48851013183594,70908200,0.0,0.0,0.0,SPY,-0.006100843857364868,-0.006119530045025056,1.324568260379689,0.2952167457494135,0.24190545517184256,0.1749646679113622,235.65919799804686,243.959677734375,False
2019-01-15,231.86625752451133,234.45634337843924,231.8572554035423,234.14157104492188,85208300,0.0,0.0,0.0,SPY,0.01146087514915961,0.011395696847081676,1.3512098469876,0.298376355820621,0.24135941311252274,0.17522321150948908,235.5025570678711,243.96449378967284,False
2019-01-16,234.57325361516615,235.59850745490763,234.36642437926585,234.7081756591797,77636700,0.0,0.0,0.0,SPY,0.0024199231760904105,0.0024169998771573875,1.3568995941881772,0.29118634921799375,0.24123150892623096,0.17521026868682543,235.30574584960937,243.99730842590333,False
2019-01-17,233.83579698700657,237.35219554172227,233.79081382839195,236.4888153076172,96118400,0.0,0.0,0.0,SPY,0.007586611090289352,0.007557977486525671,1.3747804747881438,0.2825923564792867,0.23749026199714943,0.1751136800645548,235.1735171508789,244.02440551757812,False
2019-01-18,238.30541746574318,240.10408459220835,236.52472713016905,239.63641357421875,127900300,0.0,0.0,0.0,SPY,0.013309713030221992,0.013221916968700446,1.4063881214173484,0.28511128420495757,0.23916011638078974,0.175619414998038,235.07741607666014,244.05487930297852,False
2019-01-22,238.1616094645753,238.37744081754613,234.7801052254057,236.39889526367188,115531200,0.0,0.0,0.0,SPY,-0.013510126705114311,-0.013602218858637246,1.373877512995318,0.28402184095644467,0.2389483293504199,0.1760726548517701,234.88562866210938,244.05995010375977,False
2019-01-23,237.4331299495399,238.13460922939632,234.42035617170512,236.89352416992188,86030300,0.0,0.0,0.0,SPY,0.002092348636816954,0.002090162724004694,1.378844492373604,0.2756591676024616,0.2390087109101486,0.17589200127067975,234.5984066772461,244.09372253417968,False
2019-01-24,236.7136542239041,237.6040133955175,235.6974025853448,237.01942443847656,59204100,0.0,0.0,0.0,SPY,0.0005314635298530046,0.0005313223531291946,1.3801087614644922,0.26192805828621946,0.2388834591828257,0.17587861079138847,234.32282440185546,244.1224535369873,False
2019-01-25,238.87204929051913,239.85234733316568,237.11836476084255,239.0249481201172,96883400,0.0,0.0,0.0,SPY,0.008461431742954995,0.008425834490909383,1.400247889290433,0.23677862803039396,0.23935561877839467,0.17608912574839092,234.13634887695312,244.14282546997072,False
2019-01-28,236.87550289439835,237.27118444996267,235.43656356744532,237.208251953125,85613700,0.0,0.0,0.0,SPY,-0.0076004458165565,-0.007629476395301911,1.3820049352615769,0.17765231171374649,0.23196718181389125,0.17624721048427613,234.00634948730467,244.16027236938476,False
2019-01-29,237.3521931994207,237.9187504502551,236.05715030653346,236.89352416992188,66136300,0.0,0.0,0.0,SPY,-0.001326799470978468,-0.0013276804487366654,1.3788444923736036,0.1776266233351517,0.22912866050535804,0.17585728193266556,233.8791763305664,244.16653129577637,False
2019-01-30,238.41337719123322,241.48908317680105,237.64893803202327,240.64370727539062,92473700,0.0,0.0,0.0,SPY,0.015830669574482537,0.015706671461691763,1.4165031935014478,0.18235128456887525,0.22857004732161565,0.17646588987838244,233.86026641845703,244.19499702453612,False
2019-01-31,240.58079915427368,243.24281957876707,240.36494037437575,242.75717163085938,104012100,0.0,0.0,0.0,SPY,0.008782545695450672,0.008744203472350838,1.4377262432215767,0.1823595596679708,0.22887021884134406,0.17639377888873975,233.83319793701173,244.22437171936036,False
2019-02-01,242.95506701303285,243.89938415079885,242.08271196249396,242.87413024902344,85782500,0.0,0.0,0.0,SPY,0.000481792638208578,0.00048167661340056504,1.4389007217795289,0.18247388351150212,0.22702753590059274,0.17639373500524627,233.79577117919922,244.24165985107422,False
2019-02-04,242.91908191530794,244.64581518850864,242.24458144765825,244.58285522460938,60744800,0.0,0.0,0.0,SPY,0.007035434254911932,0.007010801056680804,1.456059447461866,0.15258925344949767,0.22646828245132783,0.17653170121744266,233.8753140258789,244.26660514831542,False
2019-02-05,245.01449915120068,245.91383293829347,244.51087442606783,245.60806274414062,79552800,0.0,0.0,0.0,SPY,0.004191657336691801,0.0041828968132869735,1.4663544070641708,0.11260218701743792,0.22563342955285565,0.1752217642028042,234.0644158935547,244.30332237243653,False
2019-02-06,245.32926965533957,245.82389225639483,244.54685365762106,245.28428649902344,58347800,0.0,0.0,0.0,SPY,-0.0013182639099860172,-0.001319133584245018,1.4631031010601032,0.11289435937238917,0.22531592916889037,0.17009854731697083,234.2309475708008,244.34852249145507,False
2019-02-07,243.66553158871764,244.2141120995706,241.28230221809946,242.94607543945312,95482000,0.0,0.0,0.0,SPY,-0.009532657362377073,-0.009578383969987812,1.439623183149489,0.11899548811085228,0.2258932036437467,0.16925427843844085,234.3823669433594,244.38220886230468,False
2019-02-08,241.69600336734794,243.34177244914335,240.86860404259372,243.24285888671875,75788900,0.0,0.0,0.0,SPY,0.0012216021466031624,0.0012208565978150993,1.4426034320669272,0.1187822279929352,0.22554256427010064,0.1691651062856131,234.4637237548828,244.4332844543457,False
2019-02-11,243.89936034549442,244.16014741112846,242.8471276250836,243.3777313232422,68021400,0.0,0.0,0.0,SPY,0.0005544764485203579,0.0005543227832542662,1.4439577981430833,0.11883603478700334,0.2212832298709405,0.16488072808670268,234.53168212890625,244.48215476989745,False
2019-02-12,244.9964959823618,246.88507477556297,244.92453391766708,246.5073699951172,72270200,0.0,0.0,0.0,SPY,0.012859182534322944,0.01277720527234546,1.4753850975755873,0.12424729847370346,0.22284527738881849,0.16470128983367788,234.55172271728514,244.53479957580566,False
2019-02-13,247.3437355477572,248.15313035310444,246.92104762950575,247.30775451660156,65277200,0.0,0.0,0.0,SPY,0.0032468989527583147,0.003241639158625046,1.483422422856579,0.12001918704582447,0.22208754884613693,0.16409545844990162,234.59849975585936,244.5903384399414,False
2019-02-14,246.219640981869,247.89241635465862,245.40124381635005,246.75924682617188,83234400,0.0,0.0,0.0,SPY,-0.0022179154531640766,-0.002220378670455192,1.4779144018881913,0.11745393240819349,0.21886604962730205,0.1640990729615165,234.6044430541992,244.65221740722657,False
2019-02-15,248.53986054630235,249.48417744566243,248.33303135010456,249.4481964111328,97088700,0.0,0.0,0.0,SPY,0.010897057028445012,0.010838111934587842,1.5049163764371722,0.12097339636070623,0.21984100879176913,0.16390891248914158,234.5988931274414,244.72545852661133,False
2019-02-19,248.6477088901789,250.53628707818572,248.63870677360524,249.87979125976562,59120800,0.0,0.0,0.0,SPY,0.0017301983130857401,0.0017287032442464107,1.5092503785261049,0.11983001032329774,0.21934717116644623,0.16343349917433703,234.7638119506836,244.80874404907226,False
2019-02-20,249.8439391131867,250.8422139760838,249.34031434387538,250.383544921875,76610800,0.0,0.0,0.0,SPY,0.002015984004027249,0.0020139546352672586,1.514308987151313,0.11338865928210404,0.21846162177190565,0.16344359820459953,234.9461361694336,244.8971183013916,False
2019-02-21,249.74506804272264,250.10479616120645,248.53096162803064,249.49325561523438,64214700,0.0,0.0,0.0,SPY,-0.0035557021405636657,-0.003562038674430403,1.5053688533036604,0.10062977014605998,0.2185674669704281,0.16335852522920793,235.22277557373047,244.9659774017334,False
2019-02-22,250.1136989415801,251.23786614212761,249.47517965640583,251.0400390625,78114600,0.0,0.0,0.0,SPY,0.006199700442608647,0.006180561363457239,1.5209013896923849,0.10137716573515376,0.21599966159633655,0.1633843528448799,235.52140991210936,245.03858268737793,False
2019-02-25,252.46995791576768,252.9915593825191,251.30080764572588,251.38174438476562,69030700,0.0,0.0,0.0,SPY,0.0013611586563708755,0.0013602331196999394,1.524332736440822,0.10118532259759375,0.21242021841245415,0.16338478076860735,235.82580596923827,245.1128964996338,False
2019-02-26,251.03107443759706,252.08327972499873,250.8242177614234,251.2019500732422,56844100,0.0,0.0,0.0,SPY,-0.0007152242179060408,-0.0007154801127690578,1.5225272725336665,0.09972707791672566,0.21239665031838234,0.16262711269840313,236.1028237915039,245.17488075256347,False
2019-02-27,250.48245677490766,251.44475059190296,249.54716932138058,251.09402465820312,56921600,0.0,0.0,0.0,SPY,-0.0004296360558012635,-0.0004297283758151038,1.521443503865644,0.09358224874133068,0.2118436068207835,0.16222353756093952,236.37929077148436,245.22516036987304,False
2019-02-28,250.87815514562257,251.31884738106405,250.30259577155252,250.6263427734375,69268300,0.0,0.0,0.0,SPY,-0.0018625767196261966,-0.0018643134725365314,1.516747121895491,0.09389272456348786,0.20970125313435847,0.16174016522021986,236.73402770996094,245.26942405700683,False
2019-03-01,252.20921520194733,252.60492433569402,250.7522985938318,252.1912384033203,78880500,0.0,0.0,0.0,SPY,0.0062439391349116136,0.0062245265125327985,1.5324615377425705,0.08214259831549563,0.2099217502363076,0.16152017713487019,237.2114407348633,245.32093635559082,False
2019-03-04,253.2524408934659,253.49525117487508,248.97160259199893,251.27389526367188,106494600,0.0,0.0,0.0,SPY,-0.003637490126367382,-0.00364412188042133,1.5232497339036266,0.08095064127984501,0.2052063680302164,0.16088434933117282,237.67551483154296,245.37619117736816,False
2019-03-05,251.3997848009715,251.5976393400359,250.38353318875386,250.93211364746094,59114600,0.0,0.0,0.0,SPY,-0.001360195478532722,-0.0013611213841062538,1.519817621024362,0.08153656682955404,0.20516993535471423,0.16081869141425817,238.20106353759766,245.42468650817872,False
2019-03-06,251.04896411755973,251.0579662359411,249.08842349422125,249.41217041015625,75039800,0.0,0.0,0.0,SPY,-0.006057188995108431,-0.006075608181028897,1.5045546094606128,0.08307414912490342,0.2052537414207021,0.16054182516028645,238.76935119628905,245.46660110473633,False
2019-03-07,248.96252629872154,249.10642297851783,246.4803840473205,247.3257598876953,94885100,0.0,0.0,0.0,SPY,-0.008365311600592062,-0.008400497182655717,1.4836032297317758,0.08812454394809605,0.20425052708215402,0.16075254760735436,239.38647399902345,245.5010964202881,False
2019-03-08,245.46412322631588,247.00197604924665,244.99647961897884,246.8311004638672,85795800,0.0,0.0,0.0,SPY,-0.002000031958065085,-0.0020020346927828937,1.4786359439011587,0.08831826403428295,0.1934559266283011,0.1607661827498719,240.10809814453125,245.5240800476074,False
2019-03-11,247.55064736977883,250.57239596900504,247.52366845176758,250.4105224609375,65098900,0.0,0.0,0.0,SPY,0.014501503215532896,0.014397362013076115,1.5145798910117767,0.09363763146211426,0.19544970426193276,0.16133846988931863,240.68834838867187,245.5683283996582,False
2019-03-12,250.96807517721766,251.8764110512473,250.77922277362813,251.3547821044922,79667500,0.0,0.0,0.0,SPY,0.0037708465054697715,0.003763754686302532,1.5240619858065232,0.09397215196057887,0.18939627698205863,0.1604516871589854,241.25348907470703,245.6139749145508,False
2019-03-13,252.24514083402346,253.95386947503115,252.08323989996887,253.0185546875,80639200,0.0,0.0,0.0,SPY,0.006619219929208109,0.0065974090872422285,1.5407693072055304,0.0954746497776893,0.18971293109449247,0.1605763998980253,241.85766082763672,245.67042129516602,False
2019-03-14,253.0455113222465,253.4681992466123,252.4159942180858,252.85665893554688,67518400,0.0,0.0,0.0,SPY,-0.0006398572316290707,-0.0006400620276323003,1.5391435775904139,0.08696797819058112,0.18973833568049306,0.1604405885871232,242.41956390380858,245.72893829345702,False
2019-03-15,253.4104905561254,254.9189783852875,253.2207786808231,254.10601806640625,81309000,1.233,0.0,0.0,SPY,0.004940977770246713,0.004928811199628905,1.551689429562753,0.08765924423739084,0.1897305982691863,0.16042142870905715,243.00177703857423,245.80756965637207,False
2019-03-18,254.3227288858009,255.3254007990882,254.09690510679866,255.0272979736328,62199800,0.0,0.0,0.0,SPY,0.00362557295666166,0.0036190164097436354,1.5609407657523753,0.08703383056709586,0.18976956704448772,0.16045181673986691,243.70979705810547,245.87490188598633,False
2019-03-19,256.093232927255,256.8610118000077,254.1963074795049,255.09056091308594,90268100,0.0,0.0,0.0,SPY,0.0002480634032349105,0.000248032640596183,1.5615760414342108,0.0802292992613311,0.18552456221027033,0.16044961609131772,244.27195037841796,245.9499491882324,False
2019-03-20,254.87383948314005,256.08425204019585,253.21177921525495,254.32281494140625,84609200,0.0,0.0,0.0,SPY,-0.00300969964914255,-0.0030142379032736485,1.5538664669210545,0.08141507789225048,0.18074776834936682,0.1598867641205766,244.7829556274414,246.0093724822998,False
2019-03-21,253.50071725723708,257.60165663220636,253.4555359682626,257.1951904296875,79550400,0.0,0.0,0.0,SPY,0.011294210819988937,0.011230907416365227,1.582710373204561,0.08907059340158745,0.18164380543208372,0.16025937793924427,245.30842041015626,246.07739845275879,False
2019-03-22,255.83119927577494,256.35509822255494,252.18187992446852,252.2451171875,122659300,0.0,0.0,0.0,SPY,-0.01924636784193967,-0.01943399044987038,1.5330025793326727,0.11316137798281653,0.18345526808651494,0.16143525861310032,245.7132995605469,246.1197873687744,False
2019-03-25,251.90186290714814,253.094218878905,250.79082774078924,252.05543518066406,85575200,0.0,0.0,0.0,SPY,-0.0007519749398952058,-0.0007522578148691387,1.5310978248703244,0.11133332567212435,0.17979186763146027,0.15943584806219216,246.098017578125,246.15103790283203,False
2019-03-26,253.81693914787013,254.8918627670506,252.52523347654736,253.9343719482422,68125900,0.0,0.0,0.0,SPY,0.007454458445743883,0.007426811281793808,1.549965788427933,0.1140900249595805,0.17408435905846917,0.15810080435158558,246.5185159301758,246.1918157196045,True
2019-03-27,253.92523297674168,254.51239675384824,251.0527616198376,252.60643005371094,72224700,0.0,0.0,0.0,SPY,-0.00522946887553255,-0.005243190406343586,1.5366308217036764,0.11575830376822331,0.16462892126247466,0.15587833068048312,246.9408743286133,246.22232093811036,True
2019-03-28,253.23879183314673,254.0156124027296,252.0825751848141,253.56396484375,56238500,0.0,0.0,0.0,SPY,0.003790619224678826,0.0037834529317084357,1.5462462232623393,0.11634896542644489,0.13326020350212275,0.15493920399465924,247.32932220458986,246.25597457885743,True
2019-03-29,255.08148751992667,255.4879537288871,253.95236877329938,255.16278076171875,82186800,0.0,0.0,0.0,SPY,0.006305375130704949,0.006285579422269658,1.5623012608751492,0.11769896275331146,0.1330586928301674,0.1550134867653687,247.73841430664064,246.29602714538575,True
2019-04-01,257.16808160722064,258.48688450699836,256.8970765841711,258.18878173828125,77617900,0.0,0.0,0.0,SPY,0.011859100169425929,0.011789332090410555,1.592687848192114,0.12243487560999873,0.13426298914267124,0.1549428909824784,248.17241363525392,246.35515350341797,True
2019-04-02,258.37854489177516,258.5501731705819,257.5204034977414,258.3153076171875,40070400,0.0,0.0,0.0,SPY,0.0004900518064898662,0.0004899317703177052,1.593958399555785,0.12123101151733999,0.1336827657838514,0.15335517645473068,248.54599151611328,246.41181076049804,True
2019-04-03,259.53467001639143,259.9321219359437,258.11649055646046,258.7217102050781,68243200,0.0,0.0,0.0,SPY,0.0015732810867441493,0.0015720447765942486,1.5980394252456072,0.12083154265171836,0.13366748538220466,0.15286281292480672,248.9924478149414,246.47207542419434,True
2019-04-04,259.04701260592014,259.66124676452546,258.35148518218034,259.4083251953125,48997500,0.0,0.0,0.0,SPY,0.002653874658180566,0.0026503593509129538,1.6049342962372206,0.11770863360291506,0.1226777201738122,0.152534971690729,249.44274383544922,246.53830963134766,True
2019-04-05,260.07671263096836,260.7180443724978,259.78765161047926,260.6638488769531,58621700,0.0,0.0,0.0,SPY,0.004839951380493757,0.0048282764713182555,1.6175420515803896,0.11194687079422586,0.1056168665970058,0.15241622638391716,249.91563232421876,246.61553916931152,True
2019-04-08,260.2393340145627,260.9710008689054,259.5799186418429,260.86260986328125,53566300,0.0,0.0,0.0,SPY,0.0007625184205040103,0.00076222785103354,1.6195379756111636,0.11094346193875301,0.10502325874406969,0.15069732134243086,250.35238555908202,246.6916706085205,True
2019-04-09,259.8960806363654,260.22125365722127,258.9747295108935,259.5257263183594,66142300,0.0,0.0,0.0,SPY,-0.005124856895445951,-0.005138034014390999,1.6061132183539701,0.10523296169119636,0.10494275602544133,0.1507388816243999,250.79873504638672,246.76881729125978,True
2019-04-10,259.94124907939124,260.50131525764226,259.5257410070982,260.4109802246094,52601500,0.0,0.0,0.0,SPY,0.0034110449041342417,0.0034052404861403375,1.6150027875670334,0.10515217738400441,0.10483633230947344,0.1499734604429352,251.26908416748046,246.84816482543945,True
2019-04-11,260.89872265713745,260.90776442976176,259.76960373430074,260.33868408203125,55093100,0.0,0.0,0.0,SPY,-0.0002776232496639608,-0.00027766179413239657,1.6142768019952687,0.10379879462335932,0.1048660763246053,0.14986631536668027,251.6629837036133,246.94379516601563,True
2019-04-12,261.95562814032826,262.38017801962485,260.3839031927292,262.10015869140625,69727800,0.0,0.0,0.0,SPY,0.006766088626383171,0.006743301378013863,1.631965230531466,0.10514511911729289,0.10529278927297202,0.14979751366217342,252.0498434448242,247.04556282043458,True
2019-04-15,262.1722854445361,262.2716622114126,261.1244601225546,261.92840576171875,49596700,0.0,0.0,0.0,SPY,-0.0006552950236466959,-0.0006555098232739146,1.6302405168134877,0.104779708142866,0.10416870148657147,0.14976292305610517,252.43092895507812,247.1564850616455,True
2019-04-16,262.8137696728588,262.86796518371506,261.5039805056036,262.10015869140625,52153200,0.0,0.0,0.0,SPY,0.000655724716790429,0.0006555098232738528,1.631965230531466,0.1045130574920567,0.10239982796704095,0.14956102486560635,252.78127502441407,247.2614125061035,True
2019-04-17,263.2200874406612,263.2471851807951,261.0431437620073,261.45867919921875,58268300,0.0,0.0,0.0,SPY,-0.0024474593811397716,-0.002450459305646143,1.625523602537168,0.1052771155375611,0.10274462998629912,0.14923363684492474,253.09828735351562,247.36139701843263,True
2019-04-18,262.0459423830726,262.24466842923476,260.74519509298955,261.9736633300781,68708500,0.0,0.0,0.0,SPY,0.001969657815287018,0.0019677205827054586,1.630694985620126,0.10417813253409414,0.10205629171131375,0.14924156754496307,253.43207489013673,247.46137550354004,True
2019-04-22,261.20589071998097,262.35306572470756,261.1155556847655,262.1994934082031,40160100,0.0,0.0,0.0,SPY,0.0008620335160960391,0.0008616621785928619,1.6329627328683562,0.0978091191614604,0.09927264177558004,0.14912277179174696,253.81714324951173,247.56675498962403,True
2019-04-23,262.56986824199345,264.79199450285796,262.33503021177006,264.55712890625,52246600,0.0,0.0,0.0,SPY,0.008991762216628008,0.008951577033513469,1.6566377076875516,0.0690896272309851,0.09562517925305225,0.1490989644676459,254.24342864990234,247.67408737182618,True
2019-04-24,264.47569151417093,264.8099061786718,263.8253181572287,263.9698486328125,50392900,0.0,0.0,0.0,SPY,-0.0022198618342490484,-0.0022223293799473035,1.6507403390328292,0.07008153214771677,0.09596097453548488,0.14912229433346777,254.65527099609375,247.7682025909424,True
2019-04-25,263.87061033181976,264.46678851904784,262.61504423880285,263.807373046875,57770900,0.0,0.0,0.0,SPY,-0.0006155081225337478,-0.0006156976254225683,1.6491087868234269,0.06801901927530303,0.09604693462653119,0.14846743342110255,255.00127105712892,247.85046859741212,True
2019-04-26,263.8526043646537,265.10817069566843,263.07575594929534,265.0359191894531,50916400,0.0,0.0,0.0,SPY,0.0046569818287824916,0.004646171637821753,1.6614456383061316,0.06357296953450017,0.09525960212871389,0.14851211702823017,255.35583435058595,247.9344268798828,True
2019-04-29,265.126212421792,265.97531220941516,265.03587737848176,265.4513854980469,57197700,0.0,0.0,0.0,SPY,0.0015675849140159848,0.0015663575352974821,1.665617680338214,0.06338122511616706,0.09338385794093393,0.14820145744952296,255.72967712402342,248.0295417022705,True
2019-04-30,265.10798580886336,265.8757919130794,263.6898339030939,265.58673095703125,81111700,0.0,0.0,0.0,SPY,0.0005098690998746047,0.0005097391607911742,1.6669767964254976,0.06180159085433344,0.09320563908185048,0.1482008332759188,256.0524478149414,248.11416244506836,True
2019-05-01,266.2191993942316,266.4269672429644,263.58156491495606,263.5906066894531,71671900,0.0,0.0,0.0,SPY,-0.007515903601001295,-0.00754429032852009,1.646932055917456,0.058900268998243535,0.09061491876699258,0.14819123002611798,256.3266641235352,248.18782341003418,True
2019-05-02,263.4731013958403,264.39448001669587,261.52198072190737,263.0214538574219,65030200,0.0,0.0,0.0,SPY,-0.0021592303275882463,-0.0021615648264779377,1.6412167199472534,0.05989195884918555,0.08965985846827029,0.1482097043366344,256.5794223022461,248.25975158691406,True
2019-05-03,264.50281558240755,265.8758138875588,263.129789710884,265.5957946777344,56543700,0.0,0.0,0.0,SPY,0.009787569730749013,0.009739981732084438,1.6670678127677574,0.06740151883782501,0.09123710207742482,0.1483224015560003,256.9014730834961,248.3395224761963,True
2019-05-06,261.27809864091415,264.94547441479875,260.9619398535701,264.50286865234375,107198100,0.0,0.0,0.0,SPY,-0.004114997478468219,-0.004123487379209857,1.6560928354433142,0.06967554575063699,0.09118150511650876,0.1483704526789483,257.170729675293,248.41120277404787,True
2019-05-07,262.0910706412951,262.6872487218335,258.17077317203905,260.08575439453125,144729900,0.0,0.0,0.0,SPY,-0.016699683751325356,-0.016840695576354193,1.61173692507725,0.0911204606501473,0.09778526641675174,0.14884506005825676,257.3448098754883,248.4655146789551,True
2019-05-08,259.7245178222656,261.4407735198439,259.12833956737035,259.7245178222656,91568300,0.0,0.0,0.0,SPY,-0.0013889133340139193,-0.0013898787681784195,1.6081094488370735,0.09117161356185775,0.09779196530236309,0.14882662840139835,257.51526123046875,248.51944473266602,True
2019-05-09,257.6468931462025,259.5437909639627,255.9035125049102,258.9385986328125,103471100,0.0,0.0,0.0,SPY,-0.003025972272632904,-0.0030305597835215254,1.6002173819609005,0.0900235607499845,0.09580901630760756,0.14886586189574705,257.6721527099609,248.56713134765624,True
2019-05-10,257.99907660883497,260.9980221960708,255.00013102159912,260.2392578125,112429300,0.0,0.0,0.0,SPY,0.00502304093153727,0.005010467548272559,1.6132783803013848,0.09098211473917821,0.09614094018259735,0.14864808039222843,257.8644110107422,248.61504585266113,True
2019-05-13,255.10853662606385,256.0750411384495,252.85931376650248,253.69937133789062,127290500,0.0,0.0,0.0,SPY,-0.02513028406852169,-0.02545144159852685,1.5476059522542847,0.1259111923829326,0.10951653970273448,0.15054707082625127,257.8945736694336,248.6195797729492,True
2019-05-14,254.7201708195066,257.52943285317116,254.59372384280758,255.9938201904297,77003200,0.0,0.0,0.0,SPY,0.009043967434523958,0.00900331567930704,1.5706464175224717,0.1279574925172547,0.10804843658835663,0.15077819685618205,257.98897216796877,248.63856803894043,True
2019-05-15,254.3588511897965,258.1346179031768,254.15108340328302,257.4932861328125,73956400,0.0,0.0,0.0,SPY,0.005857430235102434,0.005840342186189264,1.5857037995722254,0.13020586634240486,0.10843162536224456,0.1508815140930525,258.1201956176758,248.6735980987549,True
2019-05-16,258.1979082757085,261.24200882603384,258.1256567856661,259.8780517578125,76749600,0.0,0.0,0.0,SPY,0.00926146720489629,0.009218842791786058,1.6096512105135394,0.13473587942072243,0.10961569817527378,0.15097412775445482,258.3295132446289,248.7270945739746,True
2019-05-17,257.5656163698874,260.69101016233884,257.54753282271423,258.1979064941406,100353000,0.0,0.0,0.0,SPY,-0.006465129518662294,-0.00648611898382455,1.5927794774390356,0.13622668956691517,0.10864076818958004,0.15107812289398243,258.5469561767578,248.76604850769044,True
2019-05-20,256.59013297051905,258.30638901055346,255.7410329440949,256.49078369140625,62877600,0.0,0.0,0.0,SPY,-0.00661168336302187,-0.0066336373635741954,1.5756368405040675,0.13745505313532688,0.10955603910693035,0.15123255124200774,258.7401498413086,248.79855895996093,True
2019-05-21,258.1888998277238,259.1825302339536,257.935978230355,258.80316162109375,46847100,0.0,0.0,0.0,SPY,0.009015442568375498,0.008975046079305205,1.598857346516624,0.14166227543043808,0.11085248776949976,0.15145736296943227,258.9080026245117,248.83582176208495,True
2019-05-22,257.8456227104374,258.9656999234851,257.5294638810309,258.0082092285156,49482500,0.0,0.0,0.0,SPY,-0.0030716486908378693,-0.0030763758863490134,1.5908745697505218,0.13749167695533496,0.11078383847950926,0.1513234416412826,259.0410711669922,248.86372451782228,True
2019-05-23,255.77707935550816,255.82223309022925,253.43754802947518,254.85572814941406,98733800,0.0,0.0,0.0,SPY,-0.012218530133316197,-0.012293790044595876,1.5592178907483825,0.1427286432619811,0.11307135319820441,0.15180960879820407,259.07781463623047,248.87123695373535,True
2019-05-24,256.3009630186892,256.71649864517656,254.8105314996968,255.43380737304688,55268100,0.0,0.0,0.0,SPY,0.0022682606658692706,0.0022656920461112365,1.565022864025356,0.14333598680930756,0.11312165343112765,0.15180241130828423,259.12935760498044,248.87745597839356,True
2019-05-28,255.71374889289032,256.6712392776858,253.04000371835042,253.0580596923828,70029400,0.0,0.0,0.0,SPY,-0.009300834940750069,-0.009344357782098594,1.5411660097478062,0.14394066858990773,0.11472029231977167,0.15208593451507504,259.1083984375,248.87233039855957,True
2019-05-29,251.93809230947528,252.34455864960827,249.9508316475433,251.35997009277344,104972900,0.0,0.0,0.0,SPY,-0.006710276691734629,-0.0067328918243487424,1.5241140827027673,0.14409555391230067,0.11553246599548665,0.1522220085307653,259.0350518798828,248.86044998168944,True
2019-05-30,252.11872976392877,252.95881531610067,250.94445693861562,252.04647827148438,62523800,0.0,0.0,0.0,SPY,0.002731175447138856,0.002727452564500555,1.5310078811112224,0.14489402033739698,0.11558980167427654,0.15178738616839996,258.97417022705076,248.86050254821777,True
2019-05-31,249.49014040170988,250.32115653233197,248.6229571788243,248.65005493164062,86862800,0.0,0.0,0.0,SPY,-0.013475385028730247,-0.013567002009907275,1.496901575402498,0.1489343306143002,0.11804274545209384,0.15183685823489393,258.8607150268555,248.84829048156737,True
2019-06-03,248.68616023462886,249.80623728540695,246.6808441030367,248.01773071289062,96428000,0.0,0.0,0.0,SPY,-0.002543028671052716,-0.002546267660858185,1.4905518831074525,0.14892164771033964,0.11793333870278855,0.15173017048673637,258.6771658325195,248.82490600585936,True
2019-06-04,250.32111258953,253.5368406690082,249.86946507762153,253.40135192871094,77231900,0.0,0.0,0.0,SPY,0.02170659815467979,0.0214743646101263,1.5446132920174471,0.16627823684000131,0.12575862506885907,0.15294964939355749,258.7002905273437,248.8378744506836,True
2019-06-05,255.0273094112789,255.6234875225482,253.21170489181105,255.5963897705078,71169700,0.0,0.0,0.0,SPY,0.008662297280933151,0.008624994845578653,1.5666554888179163,0.17025150596255167,0.12623314502823774,0.15311585303606096,258.77110961914065,248.85167098999023,True
2019-06-06,255.89446605191017,257.93589414864323,255.24409250405756,257.2584228515625,69430400,0.0,0.0,0.0,SPY,0.0065025686886539535,0.006481518194456449,1.5833453424340656,0.1631020041256029,0.12552773093283992,0.15324327082518874,258.83759063720703,248.86932777404786,True
2019-06-07,258.27909539383876,260.91672854171304,258.10746716334154,259.832763671875,74272200,0.0,0.0,0.0,SPY,0.010006828121611688,0.00995709134676311,1.6091964352545691,0.16702312515532677,0.12678574873143114,0.15333945912786276,258.9821173095703,248.89714111328124,True
2019-06-10,261.38648951601505,262.69627839166463,260.9348419818432,261.0251770019531,60799100,0.0,0.0,0.0,SPY,0.004589156937821581,0.004578658863076985,1.621170447177557,0.16732594292157998,0.12396517625409573,0.15339986557379356,259.1313415527344,248.9279345703125,True
2019-06-11,262.84985873838156,263.2202130745594,260.31160145765284,260.96197509765625,58641300,0.0,0.0,0.0,SPY,-0.00024212953333768716,-0.00024215885142575647,1.6205357844003832,0.16649902177945228,0.12381944699210377,0.15337729772030792,259.2473254394531,248.95916900634765,True
2019-06-12,260.72713605264846,261.2871746580643,259.9864273832488,260.5013122558594,47096300,0.0,0.0,0.0,SPY,-0.0017652489088668677,-0.001766808796719179,1.6159098864663237,0.1391677283150347,0.12330426287517482,0.15338710700048994,259.2935760498047,248.98979110717772,True
2019-06-13,261.41364637702054,261.93757307230334,260.7090771670483,261.57623291015625,48945200,0.0,0.0,0.0,SPY,0.004126354086236184,0.00411786403450672,1.6267040569155697,0.13674005607679826,0.12349467739161527,0.1534324226564975,259.3587945556641,249.01813331604004,True
2019-06-14,261.2871398925781,261.89233215027554,260.51933357237925,261.2871398925781,52324700,0.0,0.0,0.0,SPY,-0.001105196043087786,-0.001105807222591559,1.623801033985504,0.13578793986417703,0.12321622512635125,0.15339932829088568,259.41010314941406,249.03492683410644,True
2019-06-17,261.5219633486242,262.15428088695546,261.2148463508673,261.386474609375,39205700,0.0,0.0,0.0,SPY,0.00038017453456640204,0.0003801022865386959,1.6247985363223942,0.1321960982954532,0.12304948645251264,0.1533829090193991,259.4496661376953,249.05159492492675,True
2019-06-18,263.21119525366925,265.1803721265587,262.84985512922105,264.1235046386719,85434800,0.0,0.0,0.0,SPY,0.010471199909586781,0.010416756623701656,1.6522833265186168,0.13426428840896795,0.1246791146181251,0.15371341376383396,259.5188592529297,249.07500495910645,True
2019-06-19,264.2590371240738,265.2526674979412,263.2834902992494,264.7197265625,78674400,0.0,0.0,0.0,SPY,0.002257360338466574,0.0022548163283966955,1.658270485706276,0.13131600724906456,0.12450713343211305,0.15370703962056528,259.59600158691404,249.1066480255127,True
2019-06-20,267.4115459877935,267.65542579275825,264.7829533798564,267.2489318847656,116570000,0.0,0.0,0.0,SPY,0.009554275969941628,0.009508922525995075,1.6836683355294646,0.13171529671256435,0.12395087036161843,0.15392539615019463,259.7504656982422,249.15089241027832,True
2019-06-21,266.97835546975233,268.24002776168237,266.6425152416943,266.8603515625,83309500,1.432,0.0,0.0,SPY,-0.0014540014043280536,-0.0014550594901331483,1.6797662780008542,0.1311159363991201,0.1172773926689636,0.15393067160175866,259.879453125,249.1954190826416,True
2019-06-24,267.0691326146983,267.38680135236143,266.379280657708,266.5335998535156,47582700,0.0,0.0,0.0,SPY,-0.001224429583005504,-0.0012251798093694704,1.6764850928945294,0.12166464616074532,0.11730859411448111,0.1537946369611901,260.0033514404297,249.2417832183838,True
2019-06-25,266.58806998132854,266.61529952284087,263.810545945279,263.9194641113281,82028700,0.0,0.0,0.0,SPY,-0.009807903182278754,-0.009856317486664658,1.6502343862346076,0.128531873053057,0.11847127692552574,0.1541257112463162,260.0397375488281,249.27894859313966,True
2019-06-26,264.81809004109107,265.3263933277902,263.54733182434325,263.65625,51584900,0.0,0.0,0.0,SPY,-0.0009973273938488347,-0.0009978250557294947,1.6475912348810957,0.12275681210406614,0.11792016067872962,0.15349332504929183,260.07429443359376,249.31729026794434,True
2019-06-27,264.4186930020322,265.09945926962877,264.03747940443037,264.5911560058594,40355200,0.0,0.0,0.0,SPY,0.00354592772164275,0.0035396557422233996,1.656979402036439,0.11867785036424405,0.11789516610068378,0.15351491041208143,260.1241143798828,249.35808082580567,True
2019-06-28,265.5714869164789,266.4519458621194,265.0541255281596,265.9527282714844,59350900,0.0,0.0,0.0,SPY,0.005145947756450608,0.005132752615605844,1.670652079229284,0.11903846447240507,0.11769386585582234,0.15333908126904613,260.2139953613281,249.40145179748535,True
2019-07-01,269.2929585599338,269.5108225885334,267.1598855119605,268.36712646484375,78705600,0.0,0.0,0.0,SPY,0.009078298271468555,0.009037338233372562,1.6948970553838452,0.1055693480533878,0.11674835498870732,0.15349156726814098,260.34186462402346,249.4565830230713,True
2019-07-02,268.32178984043225,269.12056016932945,267.4776461657612,269.06610107421875,61504500,0.0,0.0,0.0,SPY,0.0026045463115489387,0.002601160358777344,1.7019160395694493,0.10323776609322607,0.1168138480710291,0.1535033637375008,260.47919677734376,249.50759925842286,True
2019-07-03,269.7467433113978,271.2353650938259,269.6015098911285,271.2171936035156,40898900,0.0,0.0,0.0,SPY,0.007994661983463658,0.007962873983829126,1.7235169450135057,0.0822408833108695,0.11771722701996196,0.15367864691086466,260.6123980712891,249.56914787292482,True
2019-07-05,269.9828895577444,271.07212691821906,268.6849015551727,270.9087219238281,51677300,0.0,0.0,0.0,SPY,-0.0011373603405779864,-0.001138007625694306,1.720419324853355,0.08111874522931925,0.11771562185060502,0.15363426067001232,260.75117553710936,249.63600807189943,True
2019-07-08,269.59256801007274,270.72717862564934,268.8754863449011,269.42010498046875,45841800,0.0,0.0,0.0,SPY,-0.005494902241567345,-0.005510054750083748,1.7054708866072152,0.08475921138481482,0.11805817900069777,0.15355843909063652,260.8634301757813,249.6884380340576,True
2019-07-09,268.2581793795318,270.0553842939154,268.20372030336534,269.755859375,41101300,0.0,0.0,0.0,SPY,0.0012462113566305,0.0012454354797952533,1.7088424751511382,0.07990644614099292,0.11806565022038397,0.15335026249075429,260.9578289794922,249.74116706848145,True
2019-07-10,270.8269634689244,271.9978891745502,270.2914306765405,271.0447998046875,58448500,0.0,0.0,0.0,SPY,0.004778173985446887,0.004766794745724165,1.721785795796579,0.07999226248813805,0.11778867664898147,0.153171048964614,261.069697265625,249.78983772277832,True
2019-07-11,271.6892615281569,271.92524164370593,270.67265509070546,271.68017578125,50826100,0.0,0.0,0.0,SPY,0.0023441732769651225,0.0023414299891138433,1.7281661333247085,0.0796583595279422,0.11770878638717912,0.15314996460278768,261.1915661621094,249.84287895202635,True
2019-07-12,272.1703448084738,272.96911495192194,271.86173410767776,272.896484375,40326000,0.0,0.0,0.0,SPY,0.00447698692130305,0.004466995026644381,1.740380097422745,0.07894098883291442,0.11793220972742852,0.15300714709793417,261.3776837158203,249.9063387298584,True
2019-07-15,273.3322307348053,273.3322307348053,272.47900136529853,272.9873046875,33900000,0.0,0.0,0.0,SPY,0.00033280132834256904,0.00033274596226409145,1.741292099559331,0.07888518422508538,0.11730411888260196,0.15276250824744045,261.5770007324219,249.971459274292,True
2019-07-16,272.89649595316206,273.10527424510934,271.79820080954806,272.1068115234375,36650100,0.0,0.0,0.0,SPY,-0.003225399675894969,-0.003230612489385531,1.7324503369098792,0.08028225964182654,0.11753481410526545,0.1528054259039855,261.70722106933596,250.03606681823732,True
2019-07-17,272.0796201681695,272.24299744543265,270.2551574707031,270.2551574707031,36036300,0.0,0.0,0.0,SPY,-0.0068048794602662,-0.006828138227960698,1.7138563417360437,0.08572213422871819,0.11847218066131608,0.1529699354708242,261.8222668457031,250.08779487609863,True
2019-07-18,269.7559122946191,271.62574814433856,269.31115385186047,271.2445068359375,51392600,0.0,0.0,0.0,SPY,0.0036607973534847904,0.00365411294339997,1.723791219849609,0.07989404474815542,0.11848145532054943,0.1529611623544637,262.0454418945312,250.14433525085448,True
2019-07-19,272.34288524002625,272.3701147890021,269.56536044266215,269.7378234863281,58678600,0.0,0.0,0.0,SPY,-0.005554705483936995,-0.0055701902291987225,1.7086613618236108,0.08320417720066045,0.11908488227236708,0.15306598006450767,262.2457080078125,250.18882682800293,True
2019-07-22,270.1371532116461,270.94500924900836,269.6197918342693,270.400390625,43638100,0.0,0.0,0.0,SPY,0.00245633752844987,0.0024533256625209865,1.7153147483785203,0.0773363390720203,0.1191477199907155,0.15302451209116708,262.4749438476563,250.23739143371583,True
2019-07-23,271.52597284433176,272.33380126953125,270.69088716952155,272.33380126953125,44564500,0.0,0.0,0.0,SPY,0.007150176965581956,0.007124735651541323,1.7347297293466815,0.08019039642692367,0.11867127515520993,0.1531668486581645,262.7168347167969,250.29490837097168,True
2019-07-24,271.5712572888846,273.6135559082031,271.48048292126975,273.6135559082031,47213200,0.0,0.0,0.0,SPY,0.004699213365017663,0.004688206530731634,1.7475808078405386,0.08076255683189904,0.11883639066175149,0.1532202820054853,263.1151184082031,250.36901664733887,True
2019-07-25,273.159747862195,273.21420694986983,271.49866258675854,272.3065185546875,55394100,0.0,0.0,0.0,SPY,-0.004776946628894829,-0.004788392704518394,1.7344557609629088,0.07364058055471281,0.11929956969083733,0.15323744049542304,263.4413723754883,250.44383186340332,True
2019-07-26,272.9964317324127,274.3307350801449,272.86934203241077,274.13104248046875,45084100,0.0,0.0,0.0,SPY,0.006700257986717473,0.006677911022918144,1.752777320014626,0.07516202177624406,0.11965623351826621,0.15315097790204035,263.7741275024414,250.52776969909667,True
2019-07-29,274.01292459063,274.1309284914327,273.0780068310073,273.6316833496094,38126500,0.0,0.0,0.0,SPY,-0.001821607382881285,-0.0018232685272183535,1.7477628405250591,0.07594765019728963,0.11973263444348674,0.15314230778050267,264.0492001342773,250.61108848571777,True
2019-07-30,272.22485754913873,273.36855390727766,271.8436161962743,272.9600830078125,45849000,0.0,0.0,0.0,SPY,-0.0024543953886319025,-0.002457412354556284,1.7410187440802205,0.07605513178737279,0.11987932613616437,0.15300075344977068,264.3444436645508,250.73173126220703,True
2019-07-31,273.2050924965323,273.395726983816,267.9495971849388,269.9737243652344,104245200,0.0,0.0,0.0,SPY,-0.010940642344736684,-0.011000931308792873,1.7110302383410194,0.08151281301090957,0.12099626500471694,0.15331771797123644,264.61410247802735,250.86484672546388,True
2019-08-01,270.1281236010141,273.0962552486723,266.8241239145336,267.6228942871094,142646600,0.0,0.0,0.0,SPY,-0.008707625468561075,-0.008745758365246594,1.6874236023916018,0.0867298636673999,0.12226327760680608,0.15351642178993288,264.79049713134765,250.96930938720703,True
2019-08-02,266.7242241985096,266.9692900781012,264.04653251583744,265.6077575683594,116749700,0.0,0.0,0.0,SPY,-0.007529762071058599,-0.0075582538437686374,1.667187942081446,0.08480515566696803,0.12170833500642639,0.15370402499732913,264.9424880981445,251.07062576293944,True
2019-08-05,261.495967492316,261.6048856764327,255.7139963816753,257.6201477050781,178745400,0.0,0.0,0.0,SPY,-0.030072953954387027,-0.030534420575396806,1.5869777219115342,0.1317310856457428,0.13558306218598226,0.15658408052290929,264.99777648925783,251.1051806640625,True
2019-08-06,259.51724058710084,261.450621659971,258.03770379610796,261.2327575683594,120711700,0.0,0.0,0.0,SPY,0.014023009828474153,0.013925597050063408,1.6232549359319433,0.1427657539687934,0.13447346159593268,0.1571442959416475,265.11375549316404,251.15757484436034,True
2019-08-07,258.14666017845286,262.1586564119297,256.0045281473331,261.3871154785156,140572300,0.0,0.0,0.0,SPY,0.0005908826733409533,0.0005907081709110505,1.6248049718213418,0.14262897852613185,0.1344423374269796,0.15710597110169292,265.2803366088867,251.22884704589845,True
2019-08-08,262.88471869173367,266.5154724121094,262.33104204559356,266.5154724121094,87713900,0.0,0.0,0.0,SPY,0.019619777065925215,0.019429790218647314,1.6763030602100084,0.15912171446395942,0.13979928825519136,0.15827534476448468,265.58344665527346,251.32643180847168,True
2019-08-09,265.5714769235487,266.17055463004124,262.9119563890154,264.7001037597656,93730000,0.0,0.0,0.0,SPY,-0.006811494416867014,-0.006834798529137012,1.6580734368575438,0.16003377830592921,0.14024467993218231,0.15843097321806304,265.8365191650391,251.42048301696778,True
2019-08-12,263.19329973820805,264.69097993879154,260.5246938387905,261.477783203125,65527600,0.0,0.0,0.0,SPY,-0.01217347674168312,-0.012248180397542746,1.625715441696273,0.16297190393458616,0.13289366695331656,0.1589069553709082,266.09307373046875,251.5046813964844,True
2019-08-13,261.1782111374049,266.996496209599,260.83328516644195,265.544189453125,94299800,0.0,0.0,0.0,SPY,0.01555163195964937,0.01543194462531295,1.6665496018763015,0.17385998795425264,0.135208608823612,0.1594980647309139,266.44360290527345,251.6462728881836,True
2019-08-14,261.4777911353101,262.0859268210529,257.5656565403632,257.6927185058594,135622100,0.0,0.0,0.0,SPY,-0.02956747411206906,-0.03001340389264971,1.5877064655542759,0.19964977730667255,0.14762137142394985,0.1622158349767529,266.5294302368164,251.72732696533203,True
2019-08-15,258.5823440330624,259.2721962631765,256.3222081850271,258.3735656738281,99556600,0.0,0.0,0.0,SPY,0.002642089275616266,0.002638605093410419,1.5945434170553598,0.19977270201134323,0.14653307908923793,0.16211482822322293,266.5849737548828,251.83302024841308,True
2019-08-16,260.03463454679644,262.62152484118394,258.428008030815,262.18585205078125,83018300,0.0,0.0,0.0,SPY,0.014754939682048551,0.014647144605828619,1.632825748676468,0.20733120124059823,0.14888423422623126,0.1625902410369793,266.6835223388672,251.9643466949463,True
2019-08-19,265.2174814825495,266.0253097715865,264.53671516799426,265.34454345703125,53571800,0.0,0.0,0.0,SPY,0.012047528047540057,0.011975534236331239,1.6645447907279332,0.21194571499879922,0.150042698667562,0.16283027190196292,266.7937579345703,252.0939868927002,True
2019-08-20,264.8362809811604,265.37181390710555,263.1843088555417,263.3113708496094,51596400,0.0,0.0,0.0,SPY,-0.007662387102190804,-0.007691894015812847,1.64412801709025,0.21294547118147247,0.14994059120224298,0.16298830022874133,266.83948181152346,252.2006756591797,True
2019-08-21,265.48078179711104,265.82568020984394,264.79092957072766,265.45355224609375,49524700,0.0,0.0,0.0,SPY,0.008135544581961529,0.008102629440365017,1.665639438453701,0.21345778443873958,0.15058471065859064,0.16317012834023126,266.9293133544922,252.30519973754883,True
2019-08-22,266.16150791497233,266.796873242522,263.59273395652144,265.3717956542969,51666400,0.0,0.0,0.0,SPY,-0.00030798831322886855,-0.0003080357513699234,1.6648184526593752,0.21243683349391232,0.14836492589234568,0.16315705765956157,267.02672302246094,252.4165574645996,True
2019-08-23,264.06472910539344,265.734872485339,257.30243925086523,258.5550537109375,149161500,0.0,0.0,0.0,SPY,-0.02568751485647569,-0.02602320015740035,1.596365889066877,0.22841175994096033,0.15741185640409372,0.16519857788346898,266.96629943847654,252.48712539672852,True
2019-08-26,260.7516840162118,261.414306640625,259.217688125791,261.414306640625,72423800,0.0,0.0,0.0,SPY,0.011058584578602426,0.010997885519306694,1.6250780208481213,0.23107475584620896,0.15766181350660213,0.16555406529074984,266.9688427734375,252.56425559997558,True
2019-08-27,262.8121206636148,263.1842762508869,259.626125350947,260.3885803222656,66668900,0.0,0.0,0.0,SPY,-0.003923757393161642,-0.0039314755252023124,1.6147778515561924,0.23115095252115142,0.15723713857093044,0.1654995263690664,266.9488848876953,252.6099253845215,True
2019-08-28,259.72602436616955,262.38554526553645,258.91816823129676,262.22216796875,59696700,0.0,0.0,0.0,SPY,0.007041736024733014,0.007017058780976668,1.6331904269501698,0.23337920733891318,0.15770925706095296,0.16546144568040624,266.9108581542969,252.6670435333252,True
2019-08-29,264.7908125483239,266.09788582042034,263.7832642050449,265.5714111328125,57899400,0.0,0.0,0.0,SPY,0.012772540132692578,0.01269165921704462,1.666822957355413,0.23612462227515868,0.15687023870659478,0.1659442332823669,266.92789184570313,252.75315696716308,True
2019-08-30,267.06015115703224,267.0782949575575,264.51863406055463,265.45355224609375,62901200,0.0,0.0,0.0,SPY,-0.0004437935778404123,-0.0004438920833554332,1.6656394384537014,0.2343114479592894,0.15672854188547813,0.16586274004179158,266.89198425292966,252.8618836212158,True
2019-09-03,263.7470756421485,264.66382226574063,262.56706387546467,263.9013671875,69101400,0.0,0.0,0.0,SPY,-0.0058472943588818715,-0.0058644567194929805,1.6500526600024181,0.23372755959053348,0.15162849098777317,0.16591814514223308,266.8328045654297,252.96512954711915,True
2019-09-04,266.0797535750682,266.9148112737629,265.326356796421,266.89666748046875,46887300,0.0,0.0,0.0,SPY,0.01135007493477902,0.011286146110779003,1.680130956274556,0.2098541505704064,0.15229670442205964,0.16629647243701082,266.84006591796873,253.0916668701172,True
2019-09-05,269.3929016938669,271.24456645465915,266.86044279691106,270.32781982421875,83258100,0.0,0.0,0.0,SPY,0.012855733179962137,0.012773799704924246,1.7145860047357786,0.20903272114281085,0.15379769854207043,0.16676708373909288,266.9682330322266,253.22275299072265,True
2019-09-06,270.6455059524983,271.18103887059044,269.96473954298955,270.53656005859375,49584300,0.0,0.0,0.0,SPY,0.0007721744454962653,0.0007718764721908416,1.7166821386787374,0.20902139000334466,0.15266370151348313,0.16674190564379127,267.10583923339846,253.35170845031737,True
2019-09-09,271.5259895363114,271.6167362387646,269.728756080308,270.6727600097656,51260300,0.0,0.0,0.0,SPY,0.0005034437901567657,0.0005033171048493461,1.7180498354312852,0.19862924044761018,0.1524577597075824,0.16670985135414326,267.22747131347654,253.5020436859131,True
2019-09-10,269.91022354385126,270.6727062164084,268.6485510056343,270.6091613769531,57947100,0.0,0.0,0.0,SPY,-0.0002349650286574967,-0.00023499263726463215,1.7174111887738106,0.19674624179520409,0.15245759534276568,0.16669584450407288,267.32059997558594,253.67432464599608,True
2019-09-11,270.91773265436115,272.6151053723937,270.2641959591372,272.5334167480469,68821100,0.0,0.0,0.0,SPY,0.007110828625692012,0.007085665898628741,1.7367342340427192,0.19159546729647803,0.1529254902711029,0.16682969838281003,267.40392578125,253.85220321655274,True
2019-09-12,273.44116273093675,274.53945806826806,272.6787077091192,273.47747802734375,72908700,0.0,0.0,0.0,SPY,0.0034640202679059318,0.0034580343692308655,1.746214336897315,0.1853310103084425,0.15287200909307894,0.16683279551401245,267.4921533203125,254.04271507263184,True
2019-09-13,273.9222362402719,274.2762480538401,272.9237733435532,273.2959289550781,62104800,0.0,0.0,0.0,SPY,-0.0006638538338702427,-0.0006640742823957466,1.7443912519811362,0.14753663204465245,0.15285275852192837,0.16683555690166685,267.5337280273437,254.2133196258545,True
2019-09-16,272.1613762298793,273.34138815905425,271.8073920414494,272.45184326171875,58191200,0.0,0.0,0.0,SPY,-0.0030885410426223503,-0.0030933204289325293,1.7359150869623785,0.1489643973729563,0.15304505000142482,0.1667739520697943,267.56459045410156,254.37567977905275,True
2019-09-17,272.25205697121345,273.2323482408251,272.0795939616737,273.1416015625,41475500,0.0,0.0,0.0,SPY,0.00253167052394887,0.0025284712446710027,1.7428415225440683,0.14223414493120806,0.15180439079976377,0.1667894220685832,267.6390203857422,254.51386108398438,True
2019-09-18,272.75122741599654,273.4138497961725,270.7089288981413,273.304931640625,73375800,0.0,0.0,0.0,SPY,0.0005979685159296366,0.0005977898039958061,1.7444816554187343,0.13748341001731082,0.15176606528214412,0.16669620275846678,267.7100018310547,254.65554122924806,True
2019-09-19,273.69521392242734,274.69367645363985,272.95090297184663,273.2867431640625,76560500,0.0,0.0,0.0,SPY,-6.655012206813193e-05,-6.655233662575884e-05,1.7442990098295525,0.13360709482069655,0.15066230179756665,0.16661679258907272,267.75484069824216,254.78966453552246,True
2019-09-20,273.89230390446664,274.17501234833077,271.2022742040903,271.99560546875,89565000,1.384,0.0,0.0,SPY,-0.004724479791313518,-0.00473567542223559,1.731333624616291,0.1333575986594588,0.1509674943879818,0.16668958986626772,267.7611492919922,254.90101409912108,True
2019-09-23,271.3299489269606,272.65218638022174,271.07462357793355,271.9317932128906,43476800,0.0,0.0,0.0,SPY,-0.00023460767224314782,-0.0002346351969281712,1.7306928327925002,0.13334742824978554,0.15093858417739167,0.16650340052270718,267.74185546875,255.05250381469727,True
2019-09-24,273.025975367656,273.41807706188865,268.8313220903832,269.79791259765625,94869400,0.0,0.0,0.0,SPY,-0.00784711706572605,-0.007878067710730303,1.7092647664630385,0.0975400926856204,0.15045170859710305,0.1666947521785307,267.6780676269531,255.19515670776366,True
2019-09-25,269.8800742554495,271.8406112509374,268.39370497746904,271.393798828125,71854000,0.0,0.0,0.0,SPY,0.005915117041133788,0.005897691418959407,1.7252903846520873,0.09307778008869991,0.15082656240558542,0.1667555269244083,267.6638073730469,255.37381927490233,True
2019-09-26,271.4028885948663,271.6126032154192,269.414996582582,270.8283996582031,56179700,0.0,0.0,0.0,SPY,-0.0020833164661950843,-0.0020854895886700396,1.7196127423185783,0.09186167824253598,0.15078528624615223,0.16676753220865664,267.6752722167969,255.5474196624756,True
2019-09-27,271.5851852648957,271.69463423150086,267.81001685383865,269.36932373046875,84746600,0.0,0.0,0.0,SPY,-0.005387455413006115,-0.005402020085488403,1.7049609499286937,0.09315923959958837,0.15091349308961846,0.16683100359252812,267.6377685546875,255.71345657348633,True
2019-09-30,269.889189816705,271.3299483197672,269.843606937057,270.6186828613281,51662400,0.0,0.0,0.0,SPY,0.004638089866942252,0.004627367070879922,1.7175068019010324,0.08438286602892478,0.1501166067206162,0.1668698846253684,267.6553857421875,255.87979469299316,True
2019-10-01,271.50311783341726,272.1596724873987,267.18081592792004,267.399658203125,88242400,0.0,0.0,0.0,SPY,-0.011895057001118592,-0.011966369264756319,1.6851819035914923,0.09531427068730947,0.15195330857469738,0.16730875118426927,267.59537109375,256.0304396057129,True
2019-10-02,265.81298596801616,265.8221136719257,261.38126309302595,262.6761169433594,122539500,0.0,0.0,0.0,SPY,-0.017664724373646967,-0.017822607690530106,1.6377489053714438,0.11229719081999204,0.15506366939409919,0.16822224762799246,267.40221740722654,256.17937271118166,True
2019-10-03,262.44819514979883,264.8555718411189,259.7216827034496,264.8282165527344,85278800,0.0,0.0,0.0,SPY,0.008192977855840056,0.008159597611230964,1.6593599237424184,0.10868090512397408,0.15601803892130856,0.16841612625416483,267.2265106201172,256.3619108581543,True
2019-10-04,265.4847686110008,268.6672210504105,265.43003020641595,268.4118957519531,65091200,0.0,0.0,0.0,SPY,0.013532089766972177,0.013441348734253714,1.695346620953189,0.10973639343408009,0.1580764324789491,0.16894902011572374,267.1486181640625,256.5636193847656,True
2019-10-07,267.60943074532133,269.2417037740578,266.97110359958515,267.2537841796875,59610500,0.0,0.0,0.0,SPY,-0.0043146804988698495,-0.004324015594420417,1.6837170614500678,0.11051298616390899,0.1582878594648014,0.16881911000143016,267.01107299804687,256.7766149139404,True
2019-10-08,265.39356404226135,266.132184618915,263.06825333603723,263.104736328125,95708100,0.0,0.0,0.0,SPY,-0.01552474874882559,-0.01564651961286307,1.6420530283581192,0.12193115014851273,0.16093162130406216,0.16945116430874962,266.8005340576172,256.9871496582031,True
2019-10-09,265.12916483966666,266.5425680006692,264.49996528325266,265.60333251953125,62359400,0.0,0.0,0.0,SPY,0.009496583855830742,0.0094517747688241,1.6671435064934736,0.12755410497570938,0.16206290750467248,0.16970893687695873,266.65339904785156,257.2328182220459,True
2019-10-10,265.5211877986383,268.2841828365671,265.3570560922346,267.399658203125,55296300,0.0,0.0,0.0,SPY,0.006763189552456694,0.006740421783504961,1.6851819035914932,0.12728585897416533,0.16240138414368777,0.16982823009052112,266.6019177246094,257.5160670471191,True
2019-10-11,270.1626862594724,272.415031044953,270.0441652314956,270.17181396484375,98720400,0.0,0.0,0.0,SPY,0.010367087902606542,0.010313718188909264,1.7130194204205145,0.13239420830281504,0.16378712051225236,0.16708621818004785,266.65289611816405,257.75993606567386,True
2019-10-14,269.85262471794715,270.5274347987188,269.524361296248,269.8708801269531,40394800,0.0,0.0,0.0,SPY,-0.0011138609667468158,-0.0011144817709092688,1.7099974939860818,0.13240844383955827,0.16367838066774656,0.1655722639518408,266.73815856933595,257.9938017272949,True
2019-10-15,270.9195488332845,273.2904423575439,270.8009999828163,272.5426940917969,46754500,0.0,0.0,0.0,SPY,0.009900341836017512,0.009851654535332752,1.7368273955512947,0.1368620873250469,0.1642967639608439,0.16529545211686736,267.0366094970703,258.24246536254884,True
2019-10-16,272.0776862115048,272.79807934924384,271.66735682548233,272.10504150390625,48928200,0.0,0.0,0.0,SPY,-0.0016058129510645447,-0.0016071036506145446,1.7324325626746901,0.13666765320139107,0.1641817445430974,0.16519630504487878,267.2540551757813,258.47918304443357,True
2019-10-17,273.272186613055,273.78283717724014,272.21440249342334,272.9074401855469,45736600,0.0,0.0,0.0,SPY,0.002948856357845475,0.002944517009585971,1.7404901138095172,0.1370708653564151,0.16387123043347002,0.16381317986151192,267.48446166992187,258.7187434387207,True
2019-10-18,272.36947594373936,273.0169030385987,270.85575160138507,271.7129211425781,64304000,0.0,0.0,0.0,SPY,-0.004377011642323181,-0.004386618801796889,1.7284949566757013,0.13789470410805524,0.16406505931910353,0.16388240712018004,267.5884106445312,258.97917655944826,True
2019-10-21,273.035272456215,273.7556380171573,272.597559796551,273.5550231933594,39048600,0.0,0.0,0.0,SPY,0.006779589439600553,0.006756711367531014,1.7469930322699834,0.138934208717496,0.16400226758367845,0.16332963588678953,267.7655090332031,259.21203720092774,True
2019-10-22,274.09288537093926,274.38469365742964,272.57006131473804,272.6612548828125,48594700,0.0,0.0,0.0,SPY,-0.003267234138541575,-0.0032725832022731335,1.738017962856615,0.13947977377786158,0.16387282182810398,0.16336907914580395,267.9891784667969,259.4314807128906,True
2019-10-23,272.4059333672742,273.5093004196795,272.19619094063097,273.45458984375,34352200,0.0,0.0,0.0,SPY,0.002909599170144217,0.002905374479266266,1.7459844976491827,0.13664336134404634,0.16368357741177647,0.16331227172484286,268.1473864746094,259.6441439056396,True
2019-10-24,274.3938512812538,274.53975544040765,273.0716139709286,273.90142822265625,35453100,0.0,0.0,0.0,SPY,0.0016340496576106034,0.001632716051057401,1.7504715726773705,0.1353742866908645,0.16316849324545554,0.16322062737976173,268.4715606689453,259.8536452484131,True
2019-10-25,273.3269293329498,275.57017439128174,273.27221875380724,275.0230407714844,45205400,0.0,0.0,0.0,SPY,0.004094949617847066,0.004086588130467904,1.7617346151928048,0.13559602989845282,0.16332327854626139,0.16030226607955617,268.80455017089844,260.0646627807617,True
2019-10-28,276.2449482052239,277.07476240103847,276.2175929164991,276.5732116699219,42147000,0.0,0.0,0.0,SPY,0.00563651283212141,0.00562068713365413,1.7773011677902528,0.13466583789868028,0.1636037146235962,0.15943873751569843,269.09229736328126,260.2829815673828,True
2019-10-29,276.29966287843143,277.42128538951795,276.17198631024223,276.49114990234375,44284900,0.0,0.0,0.0,SPY,-0.0002967090235624914,-0.00029675305039381057,1.7764771174726186,0.13420505999054297,0.1620188274978809,0.15839388541053012,269.3152294921875,260.50799476623536,True
2019-10-30,276.691778476006,277.71307975913317,275.3786688753073,277.3392333984375,49643900,0.0,0.0,0.0,SPY,0.003067307927914875,0.0030626133363413862,1.7849934277467168,0.1257532937664823,0.16102803559363116,0.1582895885989273,269.59578674316407,260.7239830780029,True
2019-10-31,277.33013733223646,277.33013733223646,275.1416303575135,276.6006164550781,69053800,0.0,0.0,0.0,SPY,-0.0026632255895012724,-0.0026667782839245985,1.777576361983349,0.10567677271396755,0.16031988745983905,0.1576874023171941,269.81872802734375,260.9334452819824,True
2019-11-01,278.05052991684784,279.2086077821557,277.8863703270977,279.16302490234375,71141500,0.0,0.0,0.0,SPY,0.00926392890986838,0.0092212819039982,1.8033076319424937,0.10646794146186277,0.14850427734713617,0.15760301796517986,270.0945526123047,261.14681632995604,True
2019-11-04,280.72225830845315,280.85903474021785,279.9106717660349,280.2845458984375,60606900,0.0,0.0,0.0,SPY,0.004017441050748305,0.004009392683143918,1.8145697551009357,0.09891892783929619,0.1463579952789631,0.15731889929544335,270.5291424560547,261.35005699157716,True
2019-11-05,280.4852601203395,280.7861962053587,279.6828009981264,279.974609375,42933200,0.0,0.0,0.0,SPY,-0.0011057924097955807,-0.0011064042493089427,1.8114574252289048,0.0969086131570885,0.14642413395471734,0.15719236107678103,270.90034851074216,261.5679355621338,True
2019-11-06,279.97452231529195,280.3119134712227,279.08999757995224,280.0383605957031,46487100,0.0,0.0,0.0,SPY,0.00022770357942625274,0.00022767765890093392,1.812097604148034,0.0729328648304894,0.14152743221409458,0.1571155357694394,271.29334411621096,261.7836597442627,True
2019-11-07,281.3788705005756,282.363688838868,280.54905620716414,281.0232238769531,54272300,0.0,0.0,0.0,SPY,0.0035168870406003805,0.003510717254767205,1.8219874337689657,0.06904353928111194,0.14076766840458035,0.15703756713303607,271.669365234375,262.0036787414551,True
2019-11-08,280.6766604552994,281.7709276162249,279.9745228545336,281.7162170410156,49032100,0.0,0.0,0.0,SPY,0.002465964038494972,0.002462928538440569,1.8289463532977246,0.06744323238097122,0.13822580150434408,0.15565108570968617,271.99226135253906,262.21713508605956,True
2019-11-11,280.33021130301705,281.35151263066575,280.19340701618546,281.1782531738281,35797300,0.0,0.0,0.0,SPY,-0.0019095949563641135,-0.001911420557288563,1.8235442116096428,0.06262482098722179,0.13524754920339233,0.15565252479554464,272.30675537109374,262.43698509216307,True
2019-11-12,281.542995539298,282.67371801711306,280.9958618851258,281.7709655761719,46484600,0.0,0.0,0.0,SPY,0.0021079596151318825,0.002105740985569637,1.829496128779255,0.061651189222773094,0.12020278239695634,0.15531853758933914,272.66414733886717,262.66137229919434,True
2019-11-13,280.77701252498827,282.2633815807318,280.549042493822,281.8621520996094,53917700,0.0,0.0,0.0,SPY,0.0003236193028299805,0.00032356694939814795,1.8304118083438108,0.054866028484435836,0.12019854390976073,0.15411368409402232,272.96345703125,262.86746452331545,True
2019-11-14,281.5795423443924,282.35464621108065,280.94121496514794,282.2725524902344,51219900,0.0,0.0,0.0,SPY,0.0014560322752377175,0.0014549732880661543,1.8345329792889733,0.05361719146698878,0.11710034653960731,0.1540955077979384,273.2023516845703,263.0650414276123,True
2019-11-15,283.61295897432547,284.360707388631,282.9199489720385,284.31512451171875,62023600,0.0,0.0,0.0,SPY,0.007236169452058405,0.007210113996843965,1.8550441402445563,0.056784547054815476,0.11567538704357626,0.15405281646196872,273.4779229736328,263.2722463989258,True
2019-11-18,284.07802892930033,284.76193905844303,283.6220888432052,284.52484130859375,49228000,0.0,0.0,0.0,SPY,0.0007376209662963706,0.0007373490576535388,1.8571500806621022,0.05217169547181013,0.11429409431781729,0.1537419468355362,273.75496459960937,263.4719563293457,True
2019-11-19,285.12665908908264,285.1357867950369,283.79532195323753,284.4427490234375,67804700,0.0,0.0,0.0,SPY,-0.0002885241400317762,-0.00028856577112937705,1.8563257238921373,0.05005958764053274,0.11347206482500612,0.15373238050322874,274.03163635253907,263.6661297607422,True
2019-11-20,283.84998588618214,284.3697641294647,281.82561131141006,283.3849182128906,79406200,0.0,0.0,0.0,SPY,-0.003718958610049561,-0.0037258911297945166,1.8457031667481627,0.05066392561003938,0.11385128014609927,0.15278268320786872,274.24866638183596,263.85663291931155,True
2019-11-21,283.494466283269,283.60388746150187,282.12664589860407,282.9290771484375,54664700,0.0,0.0,0.0,SPY,-0.0016085579547697737,-0.0016098530731516807,1.8411256882823763,0.05186917969052243,0.10022042046526397,0.1515801784775791,274.4376983642578,264.05654792785646,True
2019-11-22,283.67674587402905,283.8135223083617,282.54602357905367,283.5581970214844,44850200,0.0,0.0,0.0,SPY,0.0022235956777139076,0.0022211271475097234,1.8474432030826828,0.05191018834395068,0.09831742819072155,0.1515640594060143,274.64294372558595,264.25812461853025,True
2019-11-25,284.48833013833155,285.7558288574219,284.48833013833155,285.7558288574219,48647200,0.0,0.0,0.0,SPY,0.007750196816814325,0.007720318318333455,1.869511448331274,0.05549430772208249,0.09856334852390888,0.15154006308590032,274.9090234375,264.4700151062012,True
2019-11-26,285.79237616379595,286.58570748343044,285.4732125288553,286.4033203125,37569000,0.0,0.0,0.0,SPY,0.0022658906300077053,0.0022633273711466975,1.8760134474347478,0.053783511169249655,0.09793188206661996,0.15076415507342567,275.1742578125,264.6694948577881,True
2019-11-27,286.8866030452009,287.6799621582031,286.66776071244107,287.6799621582031,44444600,0.0,0.0,0.0,SPY,0.004457496666973482,0.004447591452770367,1.8888332677908592,0.05411356752328055,0.095393127982457,0.15078706376808326,275.4617584228516,264.8713558959961,True
2019-11-29,287.1145600419583,287.3607854835019,286.3850670803148,286.613037109375,36592700,0.0,0.0,0.0,SPY,-0.0037087221536875603,-0.0037156165151536647,1.8781193878522937,0.057265204170536106,0.09585639094821799,0.1491860739617259,275.7282843017578,265.0706248474121,True
2019-12-02,286.8684052919651,286.9322435884499,283.74979041233445,284.1783752441406,75767800,0.0,0.0,0.0,SPY,-0.008494595674324756,-0.00853088038088776,1.8536709273500533,0.06565041196267192,0.09679315126454856,0.14944002672284207,275.9719396972656,265.24427574157716,True
2019-12-03,281.4518657371915,282.35464621108065,280.0658176171275,282.2725524902344,73941700,0.0,0.0,0.0,SPY,-0.006706431311914396,-0.006729020474140845,1.8345329792889733,0.06452815935187645,0.09582452932099812,0.14951858379807031,276.1787548828125,265.4062395477295,True
2019-12-04,283.3211197799446,284.61597376246,282.9746009363967,284.0141296386719,49080000,0.0,0.0,0.0,SPY,0.006169842349435406,0.00615088680066893,1.8520216009054615,0.06639533004638623,0.09333678992151576,0.1490840566840659,276.4630792236328,265.5743924713135,True
2019-12-05,284.71635618118324,284.7345837664123,283.2117316343698,284.52484130859375,40709000,0.0,0.0,0.0,SPY,0.0017981910638447118,0.0017965762538284897,1.8571500806621017,0.06619612214902872,0.09335804358250857,0.14536994183507623,276.7257000732422,265.7495503997803,True
2019-12-06,286.43977765696974,287.5249172215507,286.4306499507282,287.1236877441406,48927000,0.0,0.0,0.0,SPY,0.009133987821921652,0.009092525243035483,1.8832472547042718,0.07218496242781461,0.09482420651857619,0.1455975822215409,277.0516058349609,265.9299686431885,True
2019-12-09,286.7316896418048,287.40647226670416,286.1480727987913,286.2210388183594,34838500,0.0,0.0,0.0,SPY,-0.0031437633476817384,-0.003148715353020335,1.8741830076626287,0.07317252693355739,0.09515041828109361,0.1436501237026827,277.3886401367188,266.10416511535647,True
2019-12-10,286.16621693444034,286.8318715909403,285.2452091371359,285.9017639160156,52649800,0.0,0.0,0.0,SPY,-0.001115483696313313,-0.001116106311305998,1.8709769033773602,0.07324815674948842,0.09439026779242779,0.14365887445118586,277.6943017578125,266.2776641845703,True
2019-12-11,286.35773227785194,286.9687042439302,285.81972631018215,286.71337890625,53429100,0.0,0.0,0.0,SPY,0.0028387897266446416,0.0028347679725668493,1.879127003116102,0.07295259107302504,0.0943262088674521,0.14367214986817783,278.080576171875,266.45576095581055,True
2019-12-12,286.72251291564316,289.9688045218834,286.48544296353214,289.1846008300781,96389600,0.0,0.0,0.0,SPY,0.008619137109176167,0.008582204413834438,1.903942593510691,0.07760584302295366,0.09557241501655886,0.14382257236827922,278.6107458496094,266.64855224609374,True
2019-12-13,288.9474004522009,290.58880108846665,288.1722969152172,289.3577575683594,81503900,0.0,0.0,0.0,SPY,0.0005987757916023906,0.0005985965969061486,1.9056814040358883,0.0775703552377326,0.09522846616721793,0.14381801248517664,279.10133666992186,266.83438484191896,True
2019-12-16,291.0904692728422,291.9385113860502,289.29406372929964,291.3457946777344,82749700,0.0,0.0,0.0,SPY,0.006870516021694417,0.0068470215777398855,1.9256449346762565,0.07997151286310498,0.09590990989043034,0.1426323458866142,279.5600146484375,267.03474433898924,True
2019-12-17,291.72867896526407,292.0295871384412,291.3274495154474,291.4095153808594,61097700,0.0,0.0,0.0,SPY,0.00021871159388275885,0.0002186876799888765,1.9262848071430545,0.07730130496484261,0.09592005583955017,0.1411348271584975,280.04312927246093,267.23713134765626,True
2019-12-18,291.8017001955153,292.02967027379304,291.373115335218,291.4278259277344,48133000,0.0,0.0,0.0,SPY,6.283441654630906e-05,6.283244254704733e-05,1.9264686785415597,0.07738587467380681,0.09591435648099499,0.14112222967218596,280.6095910644531,267.4472096252441,True
2019-12-19,291.6193016173413,292.69534149437374,291.3639762527727,292.62237548828125,85310500,0.0,0.0,0.0,SPY,0.0040989550560044385,0.004090577225493096,1.9384641421277062,0.07784689876737366,0.09538137707760344,0.14023892053954262,281.1499719238281,267.67369270324707,True
2019-12-20,293.6577459207895,295.04146331427256,292.6772585413855,293.9051818847656,147142100,1.57,0.0,0.0,SPY,0.004383828797588807,0.004374247810857124,1.9513458658546479,0.07622622703218757,0.09555032716131193,0.13918827428968347,281.6800823974609,267.90906311035155,True
2019-12-23,294.6932980253535,294.74827759131267,294.2076265492535,294.354248046875,52990000,0.0,0.0,0.0,SPY,0.001527928698737524,0.0015267626033392768,1.9558553119029876,0.07525402431106012,0.09374424309638928,0.13747928043966834,282.1637310791016,268.12878173828125,True
2019-12-24,294.5833521115951,294.62915909688604,294.0610182463545,294.3634338378906,20270000,0.0,0.0,0.0,SPY,3.120658552258071e-05,3.1206098607220675e-05,1.9559475540545708,0.07551712755389753,0.0933303031683495,0.1346477562992052,282.6535821533203,268.34382499694823,True
2019-12-26,294.7482424292355,295.9395314683481,294.73909781279406,295.93035888671875,30911200,0.0,0.0,0.0,SPY,0.00532309678684828,0.005308979184561918,1.9716823489816506,0.07354712282045282,0.09341208030567606,0.1253437850399301,283.12133544921875,268.5583840179443,True
2019-12-27,296.66342928002786,296.71840883775246,295.3255467667509,295.8570251464844,42528800,0.0,0.0,0.0,SPY,-0.0002478074250653606,-0.000247838134398758,1.9709459440306372,0.07380880581842163,0.09244919010041064,0.12518198431442534,283.5963751220703,268.773385848999,True
2019-12-30,295.9395752203852,296.0770241392067,293.74028065847364,294.2259521484375,49729100,0.0,0.0,0.0,SPY,-0.005513044678385759,-0.005528297595037123,1.9545669863041275,0.07689045096409612,0.09327715879539504,0.12533582574859806,284.02274536132813,268.97398551940915,True
2019-12-31,293.72192296234743,295.1881098130818,293.37370043921436,294.940673828125,57077300,0.0,0.0,0.0,SPY,0.0024291592038996335,0.0024262135659985687,1.9617440998924462,0.07498696546535615,0.08932864305976049,0.12510890481339604,284.48730041503904,269.17355239868164,True
2020-01-02,296.4801931939895,297.71728925572063,295.5546573018844,297.6989440917969,59151200,0.0,0.0,0.0,SPY,0.009351949420442596,0.009308490680640547,1.9894421809109346,0.07075424793785454,0.08169617581132352,0.12538006264413906,284.9701788330078,269.3865943145752,True
2020-01-03,294.299308793889,296.57190037053346,294.24432922039875,295.44476318359375,77709700,0.0,0.0,0.0,SPY,-0.0075720151278334535,-0.0076008283761006875,1.9668060794932938,0.07218018255689627,0.08291540892101712,0.12315668714067611,285.42584899902346,269.5922040557861,True
2020-01-06,293.68533198915986,296.65436877403187,293.5662002585836,296.5718994140625,55653900,0.0,0.0,0.0,SPY,0.003815048939514787,0.0038077900963464553,1.9781245898806108,0.07099294738399914,0.07951159514011422,0.1188452276793554,285.8881951904297,269.789087600708,True
2020-01-07,296.00370133060426,296.4802282058735,295.28893898289255,295.73797607421875,40496400,0.0,0.0,0.0,SPY,-0.0028118757761316227,-0.0028158365253206923,1.9697504734880238,0.07298513216760026,0.07911324661793753,0.11871251935260703,286.3249261474609,270.0065518951416,True
2020-01-08,295.93039974358743,298.53286845352926,295.6829916921281,297.3141174316406,68296000,0.0,0.0,0.0,SPY,0.005329519659072579,0.005315368027837763,1.9855778170190184,0.06929942564662628,0.07135730023908293,0.11849489098262687,286.77074768066404,270.2328453063965,True
2020-01-09,298.88112998280087,299.40346390249715,298.2946439048552,299.33013916015625,48473300,0.0,0.0,0.0,SPY,0.006780780360956751,0.00675789426859925,2.005822364446769,0.06913863537990113,0.07039039520568206,0.11857863215285945,287.22588623046875,270.45982414245606,True
2020-01-10,299.91655867016334,300.0723247739728,298.0013626882262,298.46868896484375,53029300,0.0,0.0,0.0,SPY,-0.0028779266856638896,-0.0028820758792967704,1.997171828051762,0.07044275843390982,0.07032903306544876,0.11861670043299953,287.6654370117187,270.6891354370117,True
2020-01-13,299.0918681335702,300.5305374400755,298.66117621036113,300.5213928222656,47086800,0.0,0.0,0.0,SPY,0.006877451248039179,0.00685390945691594,2.0177847311811847,0.07236839226274995,0.06892465081286603,0.11875973107769192,288.1290802001953,270.9239225769043,True
2020-01-14,300.0815801434285,301.13539265854723,299.50426661844074,300.0632629394531,62832800,0.0,0.0,0.0,SPY,-0.0015244501514853903,-0.0015256133078838327,2.013184268790585,0.06960162816928352,0.06899764817258701,0.11857149458786538,288.5983331298828,271.14842498779296,True
2020-01-15,299.9715606002773,301.5018717974519,299.8890912511953,300.7413024902344,72056600,0.0,0.0,0.0,SPY,0.0022596553278102505,0.0022571061461689975,2.019993026677232,0.06948742963547919,0.0669663378096545,0.11811715054982992,289.02989868164065,271.3611875915527,True
2020-01-16,302.1250469237905,303.2430114746094,301.89595605653415,303.2430114746094,54050300,0.0,0.0,0.0,SPY,0.008318474927321517,0.00828406709685702,2.045114762950332,0.07097123855086598,0.06798548605751903,0.11833434450940439,289.48906799316404,271.58582611083983,True
2020-01-17,303.9577072786301,304.39754374969027,303.1787929075441,304.1867980957031,95846000,0.0,0.0,0.0,SPY,0.003112311200526241,0.003107477985737501,2.05459210773395,0.07080634975505858,0.06799817899195548,0.11817048804509779,289.97331176757814,271.81315155029296,True
2020-01-21,303.2246772332371,304.3976213972453,303.1513804577593,303.5912170410156,77742400,0.0,0.0,0.0,SPY,-0.0019579451127268443,-0.0019598643928984104,2.0486113840452385,0.07186090934324865,0.06728306645130241,0.11756198315924568,290.4443688964844,272.0340660095215,True
2020-01-22,304.452620782391,305.10325904612256,303.472133024947,303.6278991699219,48914900,0.0,0.0,0.0,SPY,0.00012082737196350557,0.00012082007292454097,2.0489797397469105,0.07168923137594195,0.06658281081147469,0.11666356686761481,290.89646240234373,272.24888626098635,True
2020-01-23,302.97718061408506,304.3883878250803,301.8592163496941,303.97601318359375,51963000,0.0,0.0,0.0,SPY,0.0011465152399485756,0.0011458584932829677,2.052475441484825,0.07107613966557474,0.06583470693602493,0.1166586777656236,291.34165832519534,272.4644532775879,True
2020-01-24,304.6358010274464,304.7182703641132,299.98066005754936,301.2727355957031,87578400,0.0,0.0,0.0,SPY,-0.008893062184672784,-0.008932841477612133,2.025329587566514,0.07986173186593114,0.0691287553298203,0.11707798920249587,291.7435479736328,272.6731883239746,True
2020-01-27,296.0128810624095,297.92807729720744,295.6738310638596,296.4435729980469,84062500,0.0,0.0,0.0,SPY,-0.01602920552404985,-0.016159062780975498,1.976835957829421,0.09956591190141169,0.07755277867617319,0.11806402117367419,292.0370001220703,272.8533512878418,True
2020-01-28,297.8730881255824,300.4297498723814,296.5352053758519,299.550048828125,63834000,0.0,0.0,0.0,SPY,0.010479147173477754,0.010424621501631471,2.008030659942816,0.1042977214911981,0.07952471713324864,0.11814411710373268,292.3907580566406,273.0494081115723,True
2020-01-29,300.91535949005015,301.1444502956836,299.10095024196636,299.30255126953125,53888900,0.0,0.0,0.0,SPY,-0.0008262310741126155,-0.0008265725911341384,2.005545331539688,0.1043761608974526,0.07916479655815997,0.11813547481062199,292.7313580322266,273.23542007446287,True
2020-01-30,297.231623057657,300.484729951174,296.48022631294674,300.2739562988281,75491800,0.0,0.0,0.0,SPY,0.0032455621416407343,0.0032403066730628013,2.015300015682718,0.10233199267700234,0.0791974604236538,0.11721129069468732,293.05053466796875,273.4271478271484,True
2020-01-31,299.65085010133794,299.80664419353747,293.905261299892,294.8216247558594,113845600,0.0,0.0,0.0,SPY,-0.018157856945617556,-0.018324734003195862,1.9605486293498329,0.12169926530043101,0.08816625368084781,0.11848288109281553,293.25647033691405,273.5907551574707,True
2020-02-03,296.30609851158897,298.88107731999344,296.1869668001725,297.0116882324219,69083000,0.0,0.0,0.0,SPY,0.007428435679967871,0.007400980732680182,1.982540874420375,0.12000928347454072,0.08877662664989312,0.11866769292958751,293.5078491210937,273.7685202026367,True
2020-02-04,300.6313528673828,302.4091001332266,300.31062007845776,301.5385437011719,62573200,0.0,0.0,0.0,SPY,0.015241337792765819,0.015126355455052913,2.027998787368147,0.1278359878328101,0.09175321802892708,0.11938031397933041,293.87092163085936,273.9663446044922,True
2020-02-05,304.4800703613793,305.23149509436865,303.013911228474,305.0207214355469,65951100,0.0,0.0,0.0,SPY,0.01154803525822512,0.011481865631283313,2.062966224126537,0.13269322070102285,0.09389064200684254,0.11981234700022808,294.31275451660156,274.1804507446289,True
2020-02-06,305.9829059558844,306.23948658903026,304.9657280409619,306.04705810546875,50359700,0.0,0.0,0.0,SPY,0.003364809659788248,0.0033591613545332637,2.0732725224650834,0.1319624797246544,0.09383903909838531,0.11981726964771193,294.76253173828127,274.387900390625,True
2020-02-07,304.98406488979606,306.056194377022,303.86610045474913,304.4159240722656,64139400,0.0,0.0,0.0,SPY,-0.005329683752885561,-0.005343937184082847,2.0568929518339116,0.1333921165702995,0.09478232346782993,0.11952295698775375,295.13573364257815,274.59013076782225,True
2020-02-10,303.5271304209676,306.75272027996516,303.4904680460931,306.6885681152344,42070000,0.0,0.0,0.0,SPY,0.007465588568977832,0.007437858988873354,2.0797144569117116,0.13377634390352666,0.09547683865001813,0.1197015388011184,295.5414385986328,274.8045367431641,True
2020-02-11,308.0446920849093,308.8327511042264,306.68846432551175,307.219970703125,54864500,0.0,0.0,0.0,SPY,0.0017327107793954077,0.0017312113678540565,2.0850507113486625,0.13296029796818432,0.09545501250330092,0.11970344290492756,295.93223876953124,275.0154570007324,True
2020-02-12,308.65863135806325,309.41005595945524,308.29209163902914,309.1993103027344,43992700,0.0,0.0,0.0,SPY,0.006442743924098826,0.00642207816476673,2.104926903074741,0.13274344084885314,0.09574120079954239,0.11923375725034664,296.38396423339844,275.23419662475584,True
2020-02-13,307.7697377153026,309.8407275418291,307.4948399353151,308.869384765625,54501900,0.0,0.0,0.0,SPY,-0.001067031930913287,-0.001067601614767378,2.1016138469260084,0.13262631121798601,0.0958733767618093,0.11922755637227282,296.87778442382813,275.45060989379886,True
2020-02-14,309.28181898019517,309.48342004608406,308.0813851676903,309.3642883300781,64582200,0.0,0.0,0.0,SPY,0.001602306958420785,0.0016010246342281892,2.1065835843752723,0.13259289850975592,0.0958449805691975,0.11918810876232806,297.419619140625,275.67947830200194,True
2020-02-18,308.3654765571178,309.42846152545053,307.17418728122385,308.56707763671875,57226200,0.0,0.0,0.0,SPY,-0.002576931867807497,-0.0025802578718858143,2.098578130136688,0.13076865100279236,0.09619073711521965,0.11881741760930291,297.9106781005859,275.90720642089843,True
2020-02-19,309.53840023287927,310.72048888209537,309.25432981653825,310.0423889160156,48814700,0.0,0.0,0.0,SPY,0.004781168783773548,0.004769775297990451,2.1133929551665807,0.13125744810803042,0.09571285331771852,0.11887868802199118,298.42102905273435,276.12943939208986,True
2020-02-20,309.4925531618124,310.31730256037446,305.77212014655726,308.7686462402344,74163400,0.0,0.0,0.0,SPY,-0.004108285580673554,-0.004116747770560351,2.1006022477818993,0.13206474016044745,0.09633656099019307,0.11897787411153928,298.85392822265624,276.3507682800293,True
2020-02-21,307.41248274725154,307.72404299995856,304.76417865144776,305.58892822265625,113788200,0.0,0.0,0.0,SPY,-0.01029805991086341,-0.010351451801392164,2.0686720600744835,0.13759430721496843,0.09905619886072715,0.11941933634201206,299.2412860107422,276.5782841491699,True
2020-02-24,296.11364009399773,305.662129694088,294.37252751118245,295.453857421875,161088400,0.0,0.0,0.0,SPY,-0.03316570027496779,-0.033728153201411745,1.9668974022878851,0.1799024869827889,0.12019985475985613,0.12404207835376098,299.43232788085936,276.75693084716795,True
2020-02-25,296.84678915931295,297.4607370329087,285.6213364835221,286.50103759765625,218913200,0.0,0.0,0.0,SPY,-0.030301922277613524,-0.03077051601619546,1.876994707798104,0.20485623577316966,0.13519442910906462,0.12784953201148705,299.4280810546875,276.8947430419922,True
2020-02-26,287.90302105729336,291.5043221918887,284.714094602618,285.4471740722656,194773800,0.0,0.0,0.0,SPY,-0.003678393398597768,-0.0036851753237623517,1.8664119894571387,0.19881372856581062,0.13535682496984638,0.12791333184678744,299.35333251953125,277.02078262329104,True
2020-02-27,279.91239252884566,285.50221558469656,272.6273193359375,272.6273193359375,284353500,0.0,0.0,0.0,SPY,-0.04491147890321234,-0.04595125054912258,1.7376771878647195,0.24354133254861682,0.16173217584729477,0.1357462429206922,299.0187237548828,277.11542236328125,True
2020-02-28,264.55413666270186,272.97551892461485,261.6584248326628,271.4818420410156,384975800,0.0,0.0,0.0,SPY,-0.004201623291869683,-0.004210474913834555,1.7261744996265667,0.2432046093375741,0.16176828229341944,0.13580488890164652,298.62144470214844,277.19286247253416,True
2020-03-02,273.2687014842087,283.30289115857585,269.8323389882185,283.2387390136719,238703600,0.0,0.0,0.0,SPY,0.04330638426595024,0.04239488577331322,1.8442352600834293,0.29367953852774725,0.18402532497056373,0.14231979284276836,298.45802917480466,277.32158973693845,True
2020-03-03,283.6145336717941,287.5915483325636,272.68232265580184,275.1289978027344,300139100,0.0,0.0,0.0,SPY,-0.02863217524261763,-0.029050072166531722,1.7627986176854886,0.30276589143422306,0.19252243866431265,0.145214895812681,298.1320526123047,277.3978444671631,True
2020-03-04,280.5172001831721,286.91342770951513,277.9605380964338,286.6934814453125,176613400,0.0,0.0,0.0,SPY,0.04203295085191194,0.041173565529760106,1.878927196196393,0.33945354621349977,0.20982023720083556,0.1510523003972488,298.0134747314453,277.54032234191897,True
2020-03-05,279.4725227329303,282.67062208363757,274.9181954685185,277.16326904296875,186366800,0.0,0.0,0.0,SPY,-0.03324181754778288,-0.033806884654451634,1.7832264236070823,0.35074976185467965,0.2198554541269525,0.15465372623080126,297.6786364746094,277.64368476867674,True
2020-03-06,268.6318972907637,273.7910271727866,265.9561321004398,272.5814208984375,228667200,0.0,0.0,0.0,SPY,-0.01653122421434905,-0.016669389714297937,1.7372162835591327,0.3487771418642522,0.2218630015307875,0.1553359796627269,297.2431799316406,277.7125760650635,True
2020-03-09,252.27482961295138,260.4213135582314,250.57957971674915,251.29434204101562,309417300,0.0,0.0,0.0,SPY,-0.07809438657726175,-0.08131243222472112,1.52345505696529,0.42880683178973283,0.27060282273872854,0.17404451955501063,296.3817980957031,277.679006729126,True
2020-03-10,260.83372394140366,264.38919088350326,250.6254209763318,264.2975769042969,276444100,0.0,0.0,0.0,SPY,0.05174503634928196,0.05045072405665974,1.6540313306137384,0.4777333112040383,0.29031752551681556,0.18097843549124568,295.7491424560547,277.7262159729004,True
2020-03-11,257.22322078654526,258.3595024679103,248.2245253742344,251.4134521484375,255316300,0.0,0.0,0.0,SPY,-0.04874855421215141,-0.04997684992529546,1.5246511404125664,0.4966786248024723,0.30552185017707917,0.18746548305219765,294.86027099609373,277.7061141967773,True
2020-03-12,234.58905518446738,244.35749341633144,226.9649041793255,227.35894775390625,392220700,0.0,0.0,0.0,SPY,-0.09567707769403355,-0.10056876743579918,1.2830998971009828,0.5782168269371061,0.35851123336017,0.2103873334938347,293.52293090820314,277.577618637085,True
2020-03-13,241.08602920049,248.77433109216642,227.73462252812922,246.79498291015625,329566100,0.0,0.0,0.0,SPY,0.08548612380669351,0.0820279270271367,1.4782732575676065,0.6702281717638761,0.4000317393988053,0.2272173948138886,292.56001708984377,277.5547937011719,True
2020-03-16,221.00850006335853,235.4137326543231,217.507999431992,219.7897491455078,297240000,0.0,0.0,0.0,SPY,-0.10942375507884405,-0.1158865595682165,1.2070912916130796,0.7524568439176064,0.4533367486670897,0.25213886285779535,291.001833190918,277.393510055542,True
2020-03-17,224.54568810052052,234.74483150463524,217.24228444804106,231.65667724609375,262070500,0.0,0.0,0.0,SPY,0.053992181831599595,0.052585032474581746,1.3262569659487928,0.7880505523468473,0.46785147831525964,0.25791986486105356,289.726071472168,277.30854316711424,True
2020-03-18,216.49089789390564,227.59722011777728,208.94922947181914,219.92726135253906,327597100,0.0,0.0,0.0,SPY,-0.05063275547673629,-0.05195957469955343,1.208472165815853,0.7979559356921859,0.47692469863714704,0.26279449103070235,288.1931787109375,277.1680908203125,True
2020-03-19,219.23994888867023,226.6899879899135,212.79791514547082,220.39456176757812,289322000,0.0,0.0,0.0,SPY,0.0021247953171661393,0.0021225411321526334,1.2131647171318702,0.7971882831792716,0.4770084440413764,0.26279441605129883,286.6863104248047,277.00305686950685,True
2020-03-20,223.55246866918182,225.34066945746974,210.62029170829544,210.89682006835938,347158800,1.406,0.0,0.0,SPY,-0.04309426522617554,-0.04405039313950524,1.1177900098225755,0.8019619438400036,0.48329364417650506,0.2659676233322996,284.95796447753906,276.7795590209961,True
2020-03-23,210.3345937579703,211.7079952536431,201.18158896992057,205.50460815429688,326025200,0.0,0.0,0.0,SPY,-0.02556800957129035,-0.025900551665683596,1.063642334581449,0.8021562848005875,0.4847498037233614,0.26648615054955516,283.0814538574219,276.52078994750974,True
2020-03-24,216.07705777437212,224.99962261556414,215.50557615248505,224.1239471435547,235494500,0.0,0.0,0.0,SPY,0.0906030242167517,0.0867307764903474,1.250614570996246,0.8822561776536546,0.5209432041935852,0.28168324188748695,281.5945590209961,276.3422458648682,True
2020-03-25,225.7093641659939,236.29108520985923,220.98999933781093,227.4791259765625,299430300,0.0,0.0,0.0,SPY,0.014970193394188147,0.014859245948457537,1.2843067063798377,0.8840962597793249,0.5221896434665795,0.2819912471792512,280.133713684082,276.1745156097412,True
2020-03-26,229.9955713886537,242.23642320627368,229.56234680762594,240.7616424560547,257632800,0.0,0.0,0.0,SPY,0.05839004533919612,0.0567489283881309,1.4176874785339861,0.9148022224941722,0.5366568962601687,0.2879823773089931,278.94768127441404,276.0735139465332,True
2020-03-27,233.4520748915783,240.40207705378725,231.4057848355421,233.59033203125,224341200,0.0,0.0,0.0,SPY,-0.029785934136554282,-0.03023854537522213,1.3456743985356008,0.9082732434193875,0.5391337360824932,0.28948922811762745,277.6046618652344,275.9389590454102,True
2020-03-30,235.6919703231692,241.89535699591625,233.69177028351132,241.1763916015625,171369500,0.0,0.0,0.0,SPY,0.03247591415426232,0.03195971788532613,1.4218523189362937,0.9179022116184197,0.5438078076385546,0.2912534073135427,276.36332946777344,275.8369598388672,True
2020-03-31,240.17166345646726,242.72490599332332,236.17126374188032,237.58154296875,194881100,0.0,0.0,0.0,SPY,-0.014905474822558107,-0.015017677767211227,1.3857534601724346,0.9021037393230296,0.5443326718506039,0.2913840320201992,275.0312243652344,275.718431854248,False
2020-04-01,228.5760595756085,237.4986263490016,224.81530968581333,226.88925170898438,189554600,0.0,0.0,0.0,SPY,-0.04500472185742144,-0.04604888286695104,1.2783832892769933,0.9088570698429976,0.5507088647458954,0.2948135533397998,273.49718505859374,275.5459457397461,False
2020-04-02,226.00435422566696,232.90826706559199,225.45129745089525,232.12478637695312,177660400,0.0,0.0,0.0,SPY,0.023075287297804836,0.022813078883048236,1.3309576382515775,0.89813071929905,0.5526966674993067,0.2957363752715753,272.0671228027344,275.3859521484375,False
2020-04-03,231.13847179241753,233.4981681687976,226.03197310862495,228.7695770263672,135561200,0.0,0.0,0.0,SPY,-0.014454334683317027,-0.01455981625672486,1.2972651964156552,0.893949543015973,0.5530821941395458,0.29606207847551624,270.5629940795898,275.2062014007568,False
2020-04-06,237.66453441780317,246.10778618843887,228.75119418632232,244.13522338867188,188061200,0.0,0.0,0.0,SPY,0.06716647625105199,0.06500698287759499,1.4515644046730753,0.9296867324839351,0.5706959287274757,0.3036173956451912,269.42024383544924,275.09063285827636,False
2020-04-07,252.75360518538102,253.50944856794666,244.16289802105632,244.3841094970703,201427200,0.0,0.0,0.0,SPY,0.0010194600555537559,0.0010189407590560447,1.454063676657257,0.8893174451927789,0.570737286206084,0.30361821673691786,268.37905456542967,274.9782516479492,False
2020-04-08,246.9926062661609,254.40349866889994,244.49466674610764,252.587646484375,153774500,0.0,0.0,0.0,SPY,0.03356820950505801,0.03301709651539244,1.5364422002940405,0.8781970347970006,0.575065940197342,0.30543218809090866,267.4398065185547,274.9085218811035,False
2020-04-09,255.85991711221806,259.1966831027809,253.91503382352957,256.4314270019531,189999200,0.0,0.0,0.0,SPY,0.015217610881123944,0.015102984471208643,1.575040790720577,0.8618915743491395,0.5758326097113836,0.30578950031886554,266.58238403320314,274.87108169555665,False
2020-04-13,255.45441331748086,255.79545712420565,250.17276318596882,254.0902099609375,114839100,0.0,0.0,0.0,SPY,-0.009129992639310136,-0.009171926454198398,1.551530687255375,0.7867185520527769,0.5760159408619352,0.30592931936847806,265.6587091064453,274.8232514953613,False
2020-04-14,258.9938939542684,262.6071461374814,253.9519092553873,261.5840148925781,134143400,0.0,0.0,0.0,SPY,0.029492694475685255,0.029066151273725006,1.6267822022599328,0.7382882681367975,0.5791835201174634,0.3072684316114237,264.9939569091797,274.80821578979493,False
2020-04-15,255.85071325565545,261.7222690836012,253.90580187886607,256.0258483886719,121775000,0.0,0.0,0.0,SPY,-0.021248112221951998,-0.021477102914695113,1.5709680392436876,0.6218933637342576,0.5805232195553943,0.3080138229319336,264.1742401123047,274.75858139038087,False
2020-04-16,257.3070626758222,258.1182089286888,254.18233805357292,257.260986328125,131798300,0.0,0.0,0.0,SPY,0.004824270468105407,0.004812670966460092,1.5833710844298539,0.5989920430972956,0.580619713005529,0.30804959544719623,263.28868896484374,274.70305068969725,False
2020-04-17,263.04955166649506,264.8192994942426,260.30272098283615,264.2109680175781,146684800,0.0,0.0,0.0,SPY,0.027015295978803033,0.026656824680497317,1.6531616188988076,0.5665417563669017,0.5831442661932974,0.3092102671367417,262.47249389648437,274.67877502441405,False
2020-04-20,260.49629866532456,264.3492430998631,259.33491036510924,259.5561218261719,100109300,0.0,0.0,0.0,SPY,-0.017617914299063342,-0.017774956994797607,1.6064184448754841,0.5738040151462569,0.5839489608420078,0.30971975956211967,261.54267517089846,274.62046966552737,False
2020-04-21,255.0763761274665,256.2838686895885,250.73490505975042,251.67510986328125,126385700,0.0,0.0,0.0,SPY,-0.03036342162705241,-0.030833939159041087,1.5272786626972037,0.560951313926018,0.5867283210557759,0.3112185729989581,260.48785888671875,274.5243016052246,False
2020-04-22,256.56967233483715,259.0123094851933,255.2423472173533,257.260986328125,92951600,0.0,0.0,0.0,SPY,0.02219479100606403,0.02195207147334112,1.583371084429853,0.5480807563940422,0.5887551991541391,0.3118796090212861,259.4993072509766,274.46350601196286,False
2020-04-23,258.54213548178336,261.72219022348287,256.9382964622987,257.2424621582031,104709700,0.0,0.0,0.0,SPY,-7.200535995088853e-05,-7.200795246126986e-05,1.583185067865032,0.46676537281961106,0.5887342382942969,0.3118710819845685,258.4997570800781,274.4009390258789,False
2020-04-24,258.7633795586813,261.50098338829105,256.707863024315,260.8280944824219,85063200,0.0,0.0,0.0,SPY,0.013938726500034804,0.01384247582841702,1.6191913780249765,0.4665568549594502,0.5894125459714524,0.31217740735273986,257.5323327636719,274.34985549926756,False
2020-04-27,262.8098321767865,265.7133443171844,262.34895634086206,264.58880615234375,77896600,0.0,0.0,0.0,SPY,0.014418353503615089,0.014315397502068948,1.6569558052069615,0.4287998464903433,0.5895289850656734,0.3124713915535047,256.64672119140624,274.31439865112304,False
2020-04-28,268.2481466524861,268.5984167692531,263.0679070425164,263.3721008300781,105270000,0.0,0.0,0.0,SPY,-0.004598476178788391,-0.004609081695672767,1.6447378572286238,0.41170219630461713,0.589094467824278,0.31250489686451344,255.72687744140626,274.26677673339844,False
2020-04-29,268.7183093826725,271.8061836334451,267.6859518357042,270.266845703125,118745600,0.0,0.0,0.0,SPY,0.02617872147929301,0.025841924053774695,1.713973712978754,0.40716183893556046,0.591663788848014,0.31358579148042737,254.96087280273437,274.25317443847655,False
2020-04-30,268.8841944102313,270.36822935124303,266.00833345852305,267.7504577636719,122901700,0.0,0.0,0.0,SPY,-0.00931075335158671,-0.009354369358605367,1.688704573134519,0.40403521250880386,0.5918366113239482,0.31363563909060255,254.1150341796875,274.23139266967775,False
2020-05-01,262.98506692974644,267.9164458693108,259.49161889294606,260.6622619628906,125180000,0.0,0.0,0.0,SPY,-0.02647314167073278,-0.0268298651007807,1.6175261160591816,0.37886619953862305,0.5930415339615853,0.3147642122225725,253.15290649414064,274.18342819213865,False
2020-05-04,258.77256099243385,261.6852997145049,257.2885542706401,261.3811340332031,80873200,0.0,0.0,0.0,SPY,0.0027578678436190884,0.002754071903629937,1.6247449071644944,0.3744462802749869,0.5928369320244883,0.3146268501794017,252.26875061035156,274.134111328125,False
2020-05-05,264.21103382517106,266.61679328918257,261.5102788102137,263.7962341308594,79569900,0.0,0.0,0.0,SPY,0.009239764402236617,0.009197338913244226,1.6489969317226647,0.3671182279410864,0.5922761330313218,0.3147291932548278,251.63559814453126,274.10440338134765,False
2020-05-06,265.50144342317355,265.8885634952178,261.57477105747034,262.00799560546875,73632600,0.0,0.0,0.0,SPY,-0.00677886297839847,-0.006801943837162511,1.6310397444923188,0.2972932883817997,0.5917779017164826,0.31435090980483504,251.1457373046875,274.06244140625,False
2020-05-07,265.23402399228235,267.10517862280307,264.6625424986691,265.16949462890625,75250400,0.0,0.0,0.0,SPY,0.01206642192781815,0.011994203027462165,1.6627869801582218,0.2985748384853095,0.5923374736664484,0.3145693891744982,250.7401837158203,274.02661987304685,False
2020-05-08,268.312788587313,270.0272619493122,267.1790234909967,269.5571594238281,76452400,0.0,0.0,0.0,SPY,0.016546642369485998,0.016411238296220047,1.7068471640250236,0.28278545092208207,0.5933899336294961,0.31497153969025443,250.67878051757813,274.006337890625,False
2020-05-11,267.6214090155199,270.9950239132612,267.19741107208864,269.6123962402344,79514200,0.0,0.0,0.0,SPY,0.00020491689600943275,0.00020489590341007426,1.7074018427438475,0.2795451147773652,0.5931348379494636,0.3149367341047392,250.6413916015625,273.99286727905275,False
2020-05-12,270.80145438196655,271.2162257914937,264.10030115964116,264.23858642578125,95870800,0.0,0.0,0.0,SPY,-0.01993161252743314,-0.020132926616976857,1.6534389582582185,0.28761336889988204,0.5942586240164688,0.31455732790838864,250.26138854980468,273.9434049987793,False
2020-05-13,263.676343692379,264.7179278299637,257.1318996402703,259.5653381347656,144721100,0.0,0.0,0.0,SPY,-0.017685714846677913,-0.01784397585048166,1.6065109934793975,0.27707857395671526,0.5948747821386005,0.31495180523913135,249.9501153564453,273.8730732727051,False
2020-05-14,257.1226947425799,262.8006614934409,251.62903335784046,262.671630859375,121977900,0.0,0.0,0.0,SPY,0.01196728633696309,0.011896244588796314,1.6377038568788076,0.2690976182131766,0.5955355897840385,0.31512018281725446,249.46967834472656,273.8216310119629,False
2020-05-15,260.27509684590956,263.9252267368411,259.3256934508307,263.879150390625,111146300,0.0,0.0,0.0,SPY,0.004597068694854434,0.004586534446665959,1.6498295627055621,0.2690618931727329,0.5956366827559011,0.3150211716637099,249.2039959716797,273.79115814208984,False
2020-05-18,270.11941195040055,273.5299055972342,269.7968212545865,271.9168395996094,119703800,0.0,0.0,0.0,SPY,0.030459735818786804,0.030005048114175592,1.7305426711503848,0.2734312504386889,0.5991212492784678,0.3163909987790048,249.19070434570312,273.8126278686523,False
2020-05-19,271.31764460727464,273.032089431891,269.1054459405045,269.1238708496094,95189300,0.0,0.0,0.0,SPY,-0.010271407810242938,-0.010324522742566948,1.7024961538317291,0.2680874185034503,0.5992567497578392,0.31649363520943674,249.547294921875,273.8302084350586,False
2020-05-20,272.6726696151671,274.5622498678464,272.44223162680925,273.69580078125,85861700,0.0,0.0,0.0,SPY,0.016988199215503652,0.016845513474522972,1.7484066968721548,0.24561069540866406,0.6003732435854983,0.3168120297063924,249.73525939941408,273.91058670043947,False
2020-05-21,273.56676293920657,274.3779091376315,270.70932633280484,271.80621337890625,78293900,0.0,0.0,0.0,SPY,-0.006903969286156442,-0.0069279119453333066,1.729431781451083,0.23922481451557098,0.600202601860755,0.316877633440914,250.14311462402344,273.9634539794922,False
2020-05-22,271.5204680309544,272.49752280932586,270.2760973212516,272.3223876953125,63958200,0.0,0.0,0.0,SPY,0.0018990526742914682,0.0018972517534301936,1.7346151161749437,0.23903124669808745,0.5966867972046951,0.31662728398477885,251.04238342285157,274.0181303405762,False
2020-05-26,278.30448824508943,278.54415269220084,272.3407535305775,275.677490234375,88951400,0.0,0.0,0.0,SPY,0.012320333144318463,0.012245055506313473,1.7683064854277082,0.238147179352805,0.5941447729188911,0.3168443131927116,251.62003356933593,274.0639404296875,False
2020-05-27,278.47971470898386,279.81626638469135,273.6405166226239,279.7793884277344,104817400,0.0,0.0,0.0,SPY,0.01487933668386221,0.014769725312528311,1.8094970496685066,0.23843701622342708,0.5948259732747657,0.3170157706090814,252.81982635498048,274.1393368530273,False
2020-05-28,280.8117814599495,282.830420879919,278.5903554457022,279.26324462890625,90405200,0.0,0.0,0.0,SPY,-0.0018448242443043217,-0.0018465280283276866,1.8043140213969768,0.23755409871168662,0.5876913895045962,0.3169404733860046,253.7719577026367,274.22826416015624,False
2020-05-29,278.79309505494115,281.09747499717514,276.0370656455134,280.507568359375,119090800,0.0,0.0,0.0,SPY,0.004455737568050733,0.004445840158694773,1.8168093087347268,0.22215201807372906,0.5876312635038994,0.31695670822017374,254.98356384277344,274.3030810546875,False
2020-06-01,279.8622612290212,282.2495948808026,279.346082500508,281.6412353515625,55758300,0.0,0.0,0.0,SPY,0.004041484509020865,0.004033339648013992,1.8281933999208442,0.21847255067571772,0.581410052267472,0.3166582358173692,256.2084973144531,274.42282363891604,False
2020-06-02,282.5629875500493,284.0193710668149,281.2264643910876,283.9732666015625,74267200,0.0,0.0,0.0,SPY,0.008280148491356387,0.00824605612578458,1.8516112612344626,0.19195868326247012,0.5785527483831002,0.31673209393660795,257.6700262451172,274.5508221435547,False
2020-06-03,285.9643318264377,288.71116291644955,285.6878174779567,287.7525329589844,92567600,0.0,0.0,0.0,SPY,0.01330852866063803,0.01322074815499928,1.8895620114335996,0.1944532225995097,0.5731320491290844,0.3162849082080667,259.31498474121094,274.6786555480957,False
2020-06-04,286.76617461038785,288.50829892721924,284.8950196754381,286.9966125488281,75794400,0.0,0.0,0.0,SPY,-0.0026269809074591643,-0.002630437476691236,1.8819711871986442,0.19527426914151183,0.5690173147519612,0.3162011879643198,260.5724380493164,274.7869158935547,False
2020-06-05,292.40741160751935,296.13126961910496,292.34288221320156,294.352294921875,150524700,0.0,0.0,0.0,SPY,0.02562985781511773,0.025306919294748098,1.9558356989538117,0.20458781536339302,0.5699267289829201,0.3171331982277193,261.90990142822267,274.942120513916,False
2020-06-08,295.16338657068064,298.10377730263014,294.619556339926,297.91021728515625,73641200,0.0,0.0,0.0,SPY,0.012087292759941137,0.012014824813221105,1.9915637503973516,0.2045960920037567,0.5465641383930723,0.3172010811471284,263.05287292480466,275.10440383911134,False
2020-06-09,295.23713467779834,297.9839655814591,294.37068560515496,295.6888122558594,77479200,0.0,0.0,0.0,SPY,-0.007456625857080179,-0.0074845654684681,1.969256778783035,0.20536574153162246,0.5379908691363997,0.31728316942945256,264.2948425292969,275.2559889221191,False
2020-06-10,296.26953154628904,297.1636320853074,293.3199139807583,294.03887939453125,95000800,0.0,0.0,0.0,SPY,-0.0055799637759051945,-0.005595589929801033,1.9526884335160646,0.207851123795775,0.5281624697734696,0.3173439046982046,265.35209228515623,275.4334080505371,False
2020-06-11,287.08887510983317,287.7248862514277,276.53483140137376,277.0878601074219,209243600,0.0,0.0,0.0,SPY,-0.057648904532672685,-0.05937736103561363,1.78246917989757,0.28849336699457684,0.5042062220050632,0.3226513732195916,266.1422186279297,275.51177581787107,False
2020-06-12,284.12084867680943,284.89511703902105,275.23517336126014,280.40618896484375,194678900,0.0,0.0,0.0,SPY,0.011975728045737544,0.01190458643312149,1.8157912740916697,0.2806331377353618,0.47637358653819634,0.3228365252735908,267.2125573730469,275.611863861084,False
2020-06-15,274.70050677483175,284.1576908095664,273.52066540074225,283.02392578125,135782700,0.0,0.0,0.0,SPY,0.0093355172582672,0.00929221063487121,1.8420781421266308,0.2798192351908275,0.4187117082476489,0.32295373627227947,268.2305401611328,275.7158726501465,False
2020-06-16,290.79432961323033,290.9418133080397,283.59544878007773,288.47149658203125,137627500,0.0,0.0,0.0,SPY,0.019247739517936457,0.01906484492515295,1.896781721895905,0.28495919618404764,0.40759087954659945,0.32349590643922455,269.4245785522461,275.83037307739255,False
2020-06-17,289.4946802656145,289.78964768003465,286.5358358584807,287.27325439453125,83398900,0.0,0.0,0.0,SPY,-0.0041537628559404904,-0.004162413692866187,1.8847491775777265,0.26991724008308227,0.39268534662793264,0.3233784389118288,270.28733917236326,275.9394715881348,False
2020-06-18,285.7523287681102,287.86312046362997,285.2914527967437,287.3838195800781,80828700,0.0,0.0,0.0,SPY,0.0003848781042283811,0.0003848040576494859,1.8858594543723672,0.2659295545664576,0.39274438031377024,0.32337388888148927,271.14733337402345,276.0568838500977,False
2020-06-19,290.8611422057598,291.0555539951317,283.7879547845026,285.7414245605469,135549600,1.366,0.0,0.0,SPY,-0.005714987788564829,-0.005731380818423087,1.8693668028311148,0.2627810669912973,0.38127322207993847,0.32330679170219295,271.8104089355469,276.151107635498,False
2020-06-22,285.13961370398266,287.9725840908727,283.9916207573374,287.5744934082031,74649400,0.0,0.0,0.0,SPY,0.006415131619349257,0.006394642243843752,1.8877741685354676,0.2610202049025058,0.37614391800788877,0.3233554364190696,272.4332702636719,276.23734100341795,False
2020-06-23,290.2316035682341,291.16667889130184,288.4910796317382,288.8984375,68471200,0.0,0.0,0.0,SPY,0.004603830041065571,0.004593264830088957,1.9010689900043842,0.2610680319743063,0.33415126375402476,0.3233766582440451,273.12943481445313,276.329150390625,False
2020-06-24,286.8524506518255,287.47275466675853,279.68670319186737,281.529052734375,132813500,0.0,0.0,0.0,SPY,-0.025508565672408667,-0.025839549885782933,1.827066881152669,0.27639775497564717,0.33865229904531313,0.32426045662091485,273.52833557128906,276.38343185424804,False
2020-06-25,280.95503953303563,284.81567248762656,278.9275171419336,284.54718017578125,89468000,0.0,0.0,0.0,SPY,0.010720483062378161,0.010663426107012432,1.8573744037682762,0.27416089776541397,0.3202316154657895,0.32441904326627935,274.09876220703126,276.4531219482422,False
2020-06-26,283.44539821089415,283.6583442353024,277.2054609458412,277.7886962890625,127961000,0.0,0.0,0.0,SPY,-0.023751716262110367,-0.024038335844752446,1.7895068576753554,0.2871690785465971,0.31795089368303864,0.32531003199978614,274.50931640625,276.4793983459473,False
2020-06-29,279.0478780684686,282.01044762306395,276.7518633545802,281.87158203125,79773300,0.0,0.0,0.0,SPY,0.014697810950301982,0.014590844963726719,1.8305065021140385,0.2913742219317191,0.3131935884678449,0.3255899226256493,274.86252868652343,276.5213688659668,False
2020-06-30,281.4363706937527,287.1856588350015,281.2789991524152,285.4821472167969,113394800,0.0,0.0,0.0,SPY,0.012809255759406835,0.012727911149000896,1.8667631838282812,0.29432497481017533,0.311774104862136,0.32571063197464084,275.38104919433596,276.5822999572754,False
2020-07-01,286.6024936608288,288.7503757834535,286.13958949233705,287.48199462890625,72396500,0.0,0.0,0.0,SPY,0.007005157525982408,0.006980735397572084,1.8868453115206854,0.29395025468992403,0.2961097548302013,0.3257694841458699,276.0971868896484,276.65745071411135,False
2020-07-02,290.92588776838636,292.277587748518,288.39845008972213,289.0650329589844,69344200,0.0,0.0,0.0,SPY,0.005506565140267483,0.005491459438759564,1.90274191327845,0.2909782674797354,0.29356785117587236,0.3257213176325074,276.73326782226565,276.73706787109376,False
2020-07-06,292.8978316959708,294.1106377469903,292.1479295805592,293.5273742675781,61713800,0.0,0.0,0.0,SPY,0.015437153580685425,0.015319212955005155,1.947551985998822,0.29532241737607284,0.29215651654849056,0.3260609973795374,277.45896606445314,276.8381800842285,True
2020-07-07,291.98142097461727,293.9626360095515,290.1205372836613,290.5001220703125,82910000,0.0,0.0,0.0,SPY,-0.010313355627628806,-0.010366906792782711,1.9171528341362927,0.28394860372716707,0.26394260790078694,0.32618597226606827,278.05240661621093,276.92424697875975,True
2020-07-08,291.2684594320676,292.8330773096431,289.50019090510847,292.72198486328125,54638600,0.0,0.0,0.0,SPY,0.0076484057119636795,0.0076193049457832515,1.9394644025355716,0.2818837154915989,0.2640834924549917,0.3262632739546262,278.61507019042966,277.0278788757324,True
2020-07-09,293.33305266183123,293.5737718234087,287.6300710323036,291.0555725097656,83354200,0.0,0.0,0.0,SPY,-0.005692815844679178,-0.005709081682454355,1.9227305730099467,0.28141549582728403,0.2571998494482514,0.32629463270356956,279.16873962402343,277.1234977722168,True
2020-07-10,290.99069480103924,294.29583596673046,289.55570377844214,294.02734375,57550400,0.0,0.0,0.0,SPY,0.0102103224295238,0.010158549203454244,1.9525725945350052,0.28320421736383217,0.25637789135849426,0.32643417184653983,279.6439495849609,277.2446449279785,True
2020-07-13,296.3789785176982,298.76755120134084,290.82412941270053,291.4814453125,102997500,0.0,0.0,0.0,SPY,-0.008658713183032019,-0.008696417645886757,1.927007115286846,0.19402458452625998,0.25629418611977806,0.3265388398067585,280.1185693359375,277.3450831604004,True
2020-07-14,290.05563285710343,296.03637283334564,288.8520937677715,295.2586975097656,93657000,0.0,0.0,0.0,SPY,0.012958808383895626,0.012875561442642713,1.9649376396321472,0.19465927671253322,0.2512505245863237,0.3267773608349181,280.810498046875,277.4672346496582,True
2020-07-15,298.48979427223054,299.073057898437,295.5827432633352,297.9713439941406,87196500,0.0,0.0,0.0,SPY,0.009187355045773948,0.009145408025109132,1.9921775744160266,0.1945947016694039,0.24711997620307513,0.32687009549854107,281.54230224609375,277.61024475097656,True
2020-07-16,296.064182128376,297.4436271652197,295.41610515280826,296.989990234375,54622500,0.0,0.0,0.0,SPY,-0.003293450123797559,-0.0032988854679609097,1.9823229868131418,0.18564909820938308,0.2473470741655159,0.3268093708037547,282.20617736816405,277.7421012878418,True
2020-07-17,297.9992069504962,298.6380169952762,296.01796344849924,297.85107421875,62774900,0.0,0.0,0.0,SPY,0.002899370391895806,0.0028951753243081214,1.990969845780178,0.18457013971987096,0.2422433635999721,0.3268030689475709,282.9230389404297,277.89435836791995,True
2020-07-20,297.58254870213204,301.0080506399925,296.83264625549896,300.2581481933594,56308800,0.0,0.0,0.0,SPY,0.008081468166341255,0.008048987976880362,2.0151412733753373,0.1857547260734564,0.23920938289819418,0.326830372744757,283.62481201171875,278.08226852416993,True
2020-07-21,302.23007759853067,302.6744474220615,299.90629013376923,300.89691162109375,57292200,0.0,0.0,0.0,SPY,0.0021273808273907235,0.0021251211570171282,2.0215556271121904,0.1835418049403056,0.22974542676588727,0.32682870148356663,284.25160705566407,278.2626119995117,True
2020-07-22,300.5358786742239,302.9244798533065,300.42478620141566,302.60968017578125,57792900,0.0,0.0,0.0,SPY,0.00569221048318469,0.0056760710700856755,2.038754957728364,0.18336589899668942,0.22647239156402196,0.3268027832295137,284.911552734375,278.43360092163084,True
2020-07-23,302.2485577259489,302.95218089089167,297.62878455914324,298.99896240234375,75738000,0.0,0.0,0.0,SPY,-0.01193193083360744,-0.012003687690082575,2.0024967437524674,0.18980232146544607,0.22829333695754317,0.3270180659297439,285.60676025390626,278.59232681274415,True
2020-07-24,297.1381165695117,298.10093663670415,295.5642315215915,297.07330322265625,73766600,0.0,0.0,0.0,SPY,-0.0064403540541263515,-0.006461182611314427,1.98315960167634,0.16525994229967086,0.2277784122066268,0.32704957836305887,286.35691955566404,278.7621696472168,True
2020-07-27,297.7676232524971,299.4155603163811,296.9714137029349,299.2396545410156,48293000,0.0,0.0,0.0,SPY,0.0072923123513919386,0.007265852001895954,2.004913733285818,0.1635591048132248,0.2266640635893746,0.3270612758707799,287.08828002929687,278.9303512573242,True
2020-07-28,298.508295856773,299.6285439888073,297.0455315052015,297.341796875,57495000,0.0,0.0,0.0,SPY,-0.006342266598745483,-0.006362464215954226,1.9858557692830878,0.13745194166714586,0.22689887784565288,0.3271255799609802,287.75753295898437,279.0800619506836,True
2020-07-29,298.22129402344734,301.56347588194586,298.1842537893127,300.99871826171875,48454200,0.0,0.0,0.0,SPY,0.012298712879091456,0.012223698140076804,2.0225779520878793,0.13517328367403192,0.22255086528345516,0.3273224620923926,288.33917053222655,279.234196472168,True
2020-07-30,298.01758148422965,300.34136854243604,295.92527467317683,299.92474365234375,61861700,0.0,0.0,0.0,SPY,-0.0035680371517102794,-0.003574417778331606,2.011793281660889,0.13232714001888476,0.22167930567222616,0.3271444237889132,288.95518798828124,279.38446578979494,True
2020-07-31,301.7208947786566,302.39674495391967,297.4899444109611,302.2948913574219,84986800,0.0,0.0,0.0,SPY,0.007902474721543706,0.007871413700161187,2.0355939019357296,0.13275762185749831,0.2143358847985473,0.3270900438910448,289.5271697998047,279.53322677612306,True
2020-08-03,303.9612924452629,305.1648315561878,303.41506911009435,304.39642333984375,53077900,0.0,0.0,0.0,SPY,0.006951926884986914,0.006927873654469491,2.056697128794499,0.13327326185694666,0.2145247782475983,0.3270449351609291,290.1789739990234,279.6946836853027,True
2020-08-04,303.5354458801942,305.5722351074219,303.5354458801942,305.5722351074219,41917900,0.0,0.0,0.0,SPY,0.003862764728563839,0.003855323409443997,2.0685044306495084,0.12488068120896277,0.21410853455133952,0.3255908164814382,290.84397094726563,279.8580076599121,True
2020-08-05,306.87755986437065,307.72931560306745,306.60906765005956,307.4700622558594,42697700,0.0,0.0,0.0,SPY,0.006210731638528477,0.006191524530556838,2.087562088199908,0.11733165773466328,0.21341353014761616,0.32536807492236913,291.4798223876953,280.0367933654785,True
2020-08-06,306.8868905622747,309.6457807205977,306.5628520645501,309.5254211425781,43679400,0.0,0.0,0.0,SPY,0.006684744757388339,0.006662500925685576,2.1082016526821135,0.11686958071693782,0.2127169258842282,0.32542011031253343,292.0747430419922,280.2166453552246,True
2020-08-07,308.5533496810777,310.03464842255073,307.64604749173736,309.7476501464844,57308300,0.0,0.0,0.0,SPY,0.0007179668897174807,0.0007177092747887335,2.1104332385553044,0.11312761173163421,0.21083023088109318,0.3248759204653316,292.68443115234373,280.40207733154296,True
2020-08-10,310.2012602236318,310.85857606472894,308.25705755982693,310.6734313964844,44282100,0.0,0.0,0.0,SPY,0.0029888241268729576,0.0029843664719312953,2.119729776463726,0.11004615501484587,0.2107915046350987,0.3247929802532586,293.2877484130859,280.58817153930664,True
2020-08-11,311.85845690646227,312.49726674092767,307.3775491967452,308.1089172363281,69601100,0.0,0.0,0.0,SPY,-0.008254694161096143,-0.008288952808978504,2.0939773612937533,0.10953077773569904,0.2070370720194552,0.3246588781329116,293.8171020507813,280.759208984375,True
2020-08-12,310.55295602067986,313.18224665805366,310.5251829181284,312.4045715332031,53774400,0.0,0.0,0.0,SPY,0.013941999262488514,0.013845703594638313,2.1371135913830672,0.11074097035471916,0.2041302538184709,0.32458973995973,294.38572814941404,280.9461166381836,True
2020-08-13,311.63625638706316,313.1545952590524,310.9141271866692,311.8399353027344,41816100,0.0,0.0,0.0,SPY,-0.0018073878615081362,-0.0018090231576557655,2.131443610357829,0.10918252229499588,0.20353656770207576,0.3231614251441281,294.8674761962891,281.12245025634763,True
2020-08-14,311.4511828815912,312.3862583335739,310.7197863918197,311.8492736816406,47260400,0.0,0.0,0.0,SPY,2.9946064788566318e-05,2.99456164141195e-05,2.131537384771067,0.1076755649205611,0.2035784654681443,0.3231583770297435,295.3645294189453,281.29924087524415,True
2020-08-17,312.86764738539557,313.2379650407708,311.85851976679214,312.8398742675781,35481000,0.0,0.0,0.0,SPY,0.003176536453789458,0.0031715019206362527,2.1414848274301965,0.10769767961356407,0.19563512357382593,0.3228692705247779,295.7342810058594,281.4767440795898,True
2020-08-18,313.2378961470677,313.94151931492354,311.63623802939264,313.5156555175781,38733900,0.0,0.0,0.0,SPY,0.002160150625242885,0.0021578208543817385,2.1482709078443607,0.10567017501963367,0.19396001191596457,0.32267815641685926,296.0463897705078,281.6613192749023,True
2020-08-19,313.89521533075856,314.4136655905085,311.64550849790567,312.21026611328125,68054200,0.0,0.0,0.0,SPY,-0.004163713617879261,-0.004172406010237367,2.135162409392596,0.1078596984735072,0.19214342868550888,0.32260423281365685,296.37681884765624,281.82655548095704,True
2020-08-20,310.478940367805,313.66372197420577,310.3493419466578,313.18231201171875,42207800,0.0,0.0,0.0,SPY,0.0031134334899955984,0.003108596792504215,2.1449235290345743,0.10704835757751384,0.19126413901949088,0.3225299764189879,296.7596875,281.9910443115234,True
2020-08-21,312.8491373812447,314.5155809357857,312.50656459465205,314.29339599609375,55106600,0.0,0.0,0.0,SPY,0.0035477226578921606,0.0035414443346481446,2.156080845495868,0.0950442732125167,0.19127766519698516,0.3225389564502989,297.50379821777346,282.1626382446289,True
2020-08-24,316.73751637396253,317.55223216069555,314.2656241496155,317.4781799316406,48588700,0.0,0.0,0.0,SPY,0.010133155758660806,0.010082159548196495,2.188061904290204,0.09294786957585581,0.19086387349240166,0.32156435311154125,298.2452380371094,282.3498373413086,True
2020-08-25,318.042826953343,318.67236962408947,316.87629981081636,318.58905029296875,38463400,0.0,0.0,0.0,SPY,0.003499044758185743,0.0034929373436739073,2.199217075585182,0.09175684485172736,0.18916867651503927,0.32141627692487845,298.95654052734375,282.5376664733887,True
2020-08-26,319.181653746849,322.0516366510932,318.635430282705,321.7831726074219,50790200,0.0,0.0,0.0,SPY,0.010025838337870852,0.009975913038684602,2.231291908792755,0.08819967816705213,0.18964280768395805,0.3215048016331141,299.6227740478516,282.7380012512207,True
2020-08-27,322.65342231840225,323.9402810146321,320.8203119253996,322.48675537109375,58034100,0.0,0.0,0.0,SPY,0.002186511985604156,0.0021841250470192065,2.238357167280316,0.08268213793141553,0.18959340354948007,0.32145056438924857,300.3270440673828,282.94454376220705,True
2020-08-28,323.51438715103393,324.69942039778635,322.32008678211736,324.5697937011719,48588900,0.0,0.0,0.0,SPY,0.006459298856106965,0.006438526985083536,2.2592746840265954,0.0794162981912196,0.18974592725122177,0.3212809262248011,301.07076354980467,283.15853790283205,True
2020-08-31,324.3569219651967,325.2364228395973,323.1626214267345,323.3940734863281,66099200,0.0,0.0,0.0,SPY,-0.003622395668545275,-0.0036289724309624713,2.247468301528578,0.08187409378935295,0.1897210598412649,0.32131101449071364,301.8238165283203,283.36619750976564,True
2020-09-01,324.2272767983935,326.5417972626103,323.3292417281404,326.4399719238281,54908700,0.0,0.0,0.0,SPY,0.009418535116193949,0.009374457264049145,2.2780546957652517,0.08371194587027661,0.18894798311461156,0.321347524756215,302.6011260986328,283.58703460693357,True
2020-09-02,328.35633245961714,332.1336166297845,327.2083113389421,331.1615295410156,69540000,0.0,0.0,0.0,SPY,0.01446378514665847,0.014360182403257144,2.325467774583795,0.09216167195545623,0.19030618872286245,0.3214627854726506,303.44638793945313,283.8212666320801,True
2020-09-03,329.46731252773276,329.93948368334827,317.17258251896726,319.7648620605469,148011100,0.0,0.0,0.0,SPY,-0.03441422527630045,-0.03502034136646784,2.2110243774401908,0.16088675987255902,0.1981740666971247,0.32319255550805515,304.2111041259766,283.99746673583985,True
2020-09-04,320.44989611308165,322.02375260657993,310.02529001501034,317.1540222167969,139156300,0.0,0.0,0.0,SPY,-0.008164874110700882,-0.008198389251262424,2.1848067676319998,0.16354523640033286,0.19787119742754866,0.3233189574006623,304.86324096679687,284.1610231018066,True
2020-09-08,311.72882307371316,317.21888632629816,308.1829906456316,308.4884948730469,114465300,0.0,0.0,0.0,SPY,-0.02732277296431862,-0.027702981495869996,2.097789015384765,0.19113079766235042,0.2052046677073027,0.3245431226971061,305.47723693847655,284.2865409851074,True
2020-09-09,312.5065536735691,317.05227542874667,311.6362916856209,314.58038330078125,91462300,0.0,0.0,0.0,SPY,0.019747538494884198,0.019555085380682402,2.1589627232151054,0.2030169163167302,0.20825531026171204,0.3250982107052016,306.1314129638672,284.44479751586914,True
2020-09-10,316.45984875189214,317.1171648354298,308.1553458884435,309.1181945800781,90569500,0.0,0.0,0.0,SPY,-0.01736341174039624,-0.017515923771894742,2.1041123527793584,0.21038292843191314,0.17493874940784315,0.32554281388277323,306.6041339111328,284.5725975036621,True
2020-09-11,310.9050056708777,311.9696797555363,306.4426020862601,309.27557373046875,84680200,0.0,0.0,0.0,SPY,0.0005091228958697958,0.0005089933367807136,2.1056927274495107,0.204421416678481,0.1737262481946315,0.3255311407436779,307.0400054931641,284.69019622802733,True
2020-09-14,312.45105533407906,315.1266550643352,309.42367215882376,313.3490905761719,65605700,0.0,0.0,0.0,SPY,0.013171156055321598,0.013085170575255507,2.1465982910226256,0.20964005457064783,0.17458623187361846,0.3257668621646861,307.5256866455078,284.8249250793457,True
2020-09-15,315.8116601824572,316.64488183662957,313.3582743243969,314.9321594238281,52920900,0.0,0.0,0.0,SPY,0.005052093321047613,0.005039374317992057,2.162495199232721,0.21027526840770092,0.1710520300645209,0.32577215395596265,307.9537823486328,284.9611860656738,True
2020-09-16,316.17279961874726,317.6077911735018,313.4046136065365,313.682373046875,82096000,0.0,0.0,0.0,SPY,-0.003968430468452744,-0.0039763255830419396,2.1499450569277503,0.2106084401470256,0.17102774496806744,0.3258020506619993,308.41742736816406,285.09653274536134,True
2020-09-17,308.8125594598112,312.64541870295386,308.28484204168194,310.92340087890625,91523300,0.0,0.0,0.0,SPY,-0.008795432593709851,-0.00883434072151532,2.1222399275056527,0.21274061796737095,0.17224234397996757,0.3259421592666126,308.78145568847657,285.23025787353515,True
2020-09-18,311.7310874765876,311.8426246114457,304.85268995069947,307.3437805175781,105877900,1.339,0.0,0.0,SPY,-0.011512868929161924,-0.011579655099771623,2.086293988454884,0.2159180126559953,0.17358837916027572,0.3261709333443142,309.10721984863284,285.35561401367187,True
2020-09-21,302.74280591002497,304.0720044942166,299.0526331621716,303.92327880859375,99450800,0.0,0.0,0.0,SPY,-0.011129236788927743,-0.011191630103227523,2.0519458918571254,0.21840530945698267,0.17499359719524313,0.3263402888145576,309.30513854980467,285.4551597595215,True
2020-09-22,305.4104220678622,307.57617720857996,302.891418701662,307.0184631347656,63612100,0.0,0.0,0.0,SPY,0.010184097573260109,0.01013258906814054,2.083027206608109,0.22146400195992005,0.17582262141204927,0.3264781192959436,309.61587890625,285.5676278686523,True
2020-09-23,307.5762358389237,307.85510711224754,299.3965224188124,299.8984680175781,93112200,0.0,0.0,0.0,SPY,-0.023190771800789656,-0.023463908851879357,2.011529426204034,0.23022851287425777,0.17445663627304575,0.32724081625502616,309.70867431640625,285.63150177001955,True
2020-09-24,298.5785845077411,303.76526181920326,297.2586617207923,300.6978759765625,76681300,0.0,0.0,0.0,SPY,0.0026655953405454458,0.002662048942063256,2.0195569450104394,0.22996790774529233,0.17338491215359278,0.32720429298082204,309.76320495605466,285.70388595581056,True
2020-09-25,299.8426093548658,306.3492072619057,298.96889230454343,305.55914306640625,71069400,0.0,0.0,0.0,SPY,0.016166615989740674,0.016037327826939524,2.0683729625995775,0.23515727016567356,0.16859771842463567,0.3275616300485445,309.9345880126953,285.8021728515625,True
2020-09-28,309.7327085120084,311.3500540678067,308.73812155611176,310.63433837890625,64584600,0.0,0.0,0.0,SPY,0.016609535102004802,0.016473105390578807,2.1193372110279176,0.24381544532492908,0.16924488446418526,0.32789009809758124,310.19025329589846,285.9217776489258,True
2020-09-29,310.42982466671907,311.1734245990456,308.24546086154606,308.9425964355469,51304000,0.0,0.0,0.0,SPY,-0.005446088002337368,-0.005460972003920513,2.102349026067694,0.24229812900619277,0.16826583260377936,0.3279260483497679,310.3639422607422,286.02056762695315,True
2020-09-30,309.61180048470607,314.4452844069557,309.4166104963907,311.2849426269531,104081100,0.0,0.0,0.0,SPY,0.007581816876116365,0.007553219359009914,2.125870468269137,0.2445877551555903,0.1683490947991851,0.3277509486741382,310.5717028808594,286.1302035522461,True
2020-10-01,313.88762577093473,314.8636042513181,311.39653473476926,313.283447265625,88698700,0.0,0.0,0.0,SPY,0.006420177673247984,0.006399656120414222,2.1459391120589837,0.24308602014388836,0.16845134485260016,0.32727194807222415,310.78517822265627,286.23989181518556,True
2020-10-02,308.3198450119104,313.2555627207702,307.8457837333298,310.3089904785156,89431100,0.0,0.0,0.0,SPY,-0.009494458813801954,-0.009539818526824229,2.116070122728811,0.23692326280333278,0.16734347805656596,0.32735489419966396,311.01137878417967,286.33438919067385,True
2020-10-05,312.3725535400478,315.99765340639834,312.32608917461033,315.811767578125,45713100,0.0,0.0,0.0,SPY,0.017733218399904382,0.01757781934327257,2.1713280747645776,0.21786207347531122,0.16907125667560335,0.3275452911811773,311.3861480712891,286.4563088989258,True
2020-10-06,315.95116484965547,318.0518759506169,310.810952625502,311.3221740722656,90128900,0.0,0.0,0.0,SPY,-0.014216042487234848,-0.014318058415232296,2.1262443401127635,0.2215214460810331,0.17141682586506807,0.3278518411922474,311.62779846191404,286.5498078918457,True
2020-10-07,314.2873105557897,317.5499142029964,314.25942626677596,316.7412414550781,56999600,0.0,0.0,0.0,SPY,0.017406621930998734,0.01725686206531353,2.180661693405031,0.20778258848143674,0.1739383451634707,0.32785740678022995,312.01578735351563,286.66398818969725,True
2020-10-08,318.6838985828623,319.6134126353913,317.7636603816266,319.54833984375,45242500,0.0,0.0,0.0,SPY,0.00886243413006893,0.008823393255943902,2.2088500981528667,0.1988618552169091,0.17368163299866354,0.3278414249260477,312.38677978515625,286.78995864868165,True
2020-10-09,321.2028963840777,322.8667345981165,320.58013781019633,322.4019775390625,59528600,0.0,0.0,0.0,SPY,0.008930222252782949,0.008890583631055129,2.2375058427052363,0.18919082041400392,0.173110548026653,0.3278871715524069,312.8363244628906,286.9301513671875,True
2020-10-12,324.94886714686123,329.0666082622925,324.4562257534408,327.58868408203125,80388500,0.0,0.0,0.0,SPY,0.016087700772059677,0.01595966508850194,2.289589867950473,0.19517019557103962,0.17405112214565532,0.3281018326717767,313.34220031738283,287.08844299316405,True
2020-10-13,327.44928619060363,327.6258961713818,324.4841333973587,325.4508361816406,73255500,0.0,0.0,0.0,SPY,-0.006526012662437686,-0.006547400184011323,2.2681219628180016,0.19392458674983373,0.17414458268787772,0.32818113515143,313.76328857421873,287.23641204833984,True
2020-10-14,326.02708999760546,327.1239098929824,322.67155751263357,323.4058532714844,57727900,0.0,0.0,0.0,SPY,-0.006283538657171905,-0.006303363175248366,2.247586592128282,0.19555501761114583,0.17457850893073149,0.328137458270122,314.1199609375,287.3823115539551,True
2020-10-15,319.48329800773115,323.48950169298183,318.9441922862967,323.00616455078125,60357700,0.0,0.0,0.0,SPY,-0.0012358734904145408,-0.0012366378118580012,2.243572985951245,0.19484867546348844,0.17463132768415443,0.32813483710125024,314.4306829833984,287.5226390075684,True
2020-10-16,324.36327751636173,326.0271159294478,322.6343946657817,322.8110046386719,89501900,0.0,0.0,0.0,SPY,-0.0006041987228967427,-0.0006043813245005928,2.241613223295511,0.19144893510453748,0.1741333222750959,0.32813175252027077,314.69639465332034,287.64819931030274,True
2020-10-19,324.07500295970715,324.70706557916566,317.0014160716971,317.9030456542969,68425600,0.0,0.0,0.0,SPY,-0.015203815588221814,-0.015320578599721834,2.1923283336401846,0.1950891617430931,0.17718525824348,0.3284843785995014,314.85950256347655,287.76049072265624,True
2020-10-20,319.2509233580746,322.42987424570373,318.48874331042714,319.17657470703125,60051900,0.0,0.0,0.0,SPY,0.0040060297318424976,0.0039980269605097265,2.2051168958585503,0.18953219206841865,0.17703326457850657,0.3284457227878277,315.0295654296875,287.8735140991211,True
2020-10-21,319.1300734795861,321.3051615043332,318.265632147442,318.5723876953125,63575000,0.0,0.0,0.0,SPY,-0.001892955372032934,-0.0018947492762644315,2.199049752612541,0.18789481237806385,0.17520296513177985,0.32843139589817605,315.2388348388672,287.98768615722656,True
2020-10-22,318.7861013329984,320.90539203746897,316.6389263442525,320.3197937011719,55399300,0.0,0.0,0.0,SPY,0.00548511444604749,0.005470125989756712,2.216596906624221,0.1646000307237935,0.1747487924800506,0.3284578423547566,315.3971392822266,288.1027145385742,True
2020-10-23,321.54680058982547,321.60256916559945,318.9441724986455,321.4073791503906,49143900,0.0,0.0,0.0,SPY,0.0033953114063047796,0.003389560350605277,2.227518254790767,0.16458998258507426,0.17437511469803424,0.32846682172360087,315.5884881591797,288.2131007385254,True
2020-10-26,318.0146942752638,318.8047870098494,311.9635478227528,315.46783447265625,91473000,0.0,0.0,0.0,SPY,-0.018479801843489074,-0.018652686611840143,2.16787435699599,0.17377434709682418,0.17815612095876004,0.329018223558291,315.660859375,288.29809646606446,True
2020-10-27,315.81173928644967,316.14635076728,314.1664810728045,314.3802795410156,65994100,0.0,0.0,0.0,SPY,-0.0034474352463179647,-0.0034533913439872958,2.156953315281775,0.1656121131410424,0.1768767401514118,0.3290084687134183,315.69166748046877,288.3673908996582,True
2020-10-28,308.6916296323956,314.40813551388993,303.142429476248,303.63507080078125,127094300,0.0,0.0,0.0,SPY,-0.03417901643169863,-0.03477677916005557,2.049051756044654,0.20427587170991685,0.19002241518554708,0.3308535444662143,315.49405578613283,288.3852499389648,True
2020-10-29,303.8674542744102,309.8999916354377,302.1757318242684,306.7210693359375,90597700,0.0,0.0,0.0,SPY,0.010163511504180045,0.010112210328374885,2.080040828644054,0.20579206710871886,0.19044506436179787,0.3309829616161837,315.38427185058595,288.4151487731934,True
2020-10-30,305.14093580000946,306.4515542919595,299.86130168623475,303.5235900878906,120287300,0.0,0.0,0.0,SPY,-0.010424713421120835,-0.010479431357488514,2.0479322856800883,0.2067989793530574,0.19114860160825797,0.3311511795560792,315.1910974121094,288.41655166625975,True
2020-11-02,306.9255676269531,308.9332931234276,304.17418546293266,306.9255676269531,86068300,0.0,0.0,0.0,SPY,0.011208280509852342,0.011145933172272407,2.082094365713026,0.2090429810057574,0.1923088637738414,0.33120802928329307,315.0437408447266,288.430245513916,True
2020-11-03,310.1695753283749,314.40815753311387,307.00923292891446,312.3446350097656,93294200,0.0,0.0,0.0,SPY,0.017655965987815714,0.017501910114002494,2.136511719005294,0.20895851965275816,0.19511847502858748,0.3316300466565701,314.9410699462891,288.4740126037598,True
2020-11-04,316.83416747960666,323.4151432960798,315.65369476603786,319.3252868652344,126959700,0.0,0.0,0.0,SPY,0.022349197242496288,0.02210311369851533,2.2066102380667445,0.21683242998372598,0.19965622713108755,0.33233411317557354,314.9557946777344,288.5524995422363,True
2020-11-05,324.62349493398403,327.365572873288,324.27027503763776,325.5530090332031,82039700,0.0,0.0,0.0,SPY,0.019502752911005894,0.01931501128474076,2.269147965221662,0.21890611632579993,0.20321464516815088,0.3328626875599024,315.03119140625,288.6603845214844,True
2020-11-06,325.2648392554505,326.7334873150784,323.1455483916412,325.4786376953125,74973000,0.0,0.0,0.0,SPY,-0.0002284461695238882,-0.00022847226732477735,2.2684011408914,0.2172595456464777,0.20318025560010533,0.3328532801963396,315.09102905273437,288.7814140319824,True
2020-11-09,338.31521158596723,338.69631572980416,329.10372444548926,329.5684814453125,172304200,0.0,0.0,0.0,SPY,0.012565628819635855,0.012487336485217968,2.309470656461516,0.21929422772061594,0.2036669564605204,0.33305707120905664,315.19100280761717,288.94703857421877,True
2020-11-10,328.57398573427594,330.1448670984281,325.8040514021092,329.0852355957031,85552000,0.0,0.0,0.0,SPY,-0.0014662987415851036,-0.0014673748096049792,2.3046179838026335,0.2125437416281383,0.20205873058531018,0.33305368642030553,315.30482604980466,289.09471450805665,True
2020-11-11,331.27882870533216,332.35706849505874,330.0332831809549,331.5298156738281,58649000,0.0,0.0,0.0,SPY,0.007428410070418057,0.007400955311966181,2.329166041312398,0.21239156371421528,0.20239861850784932,0.3331164185927365,315.4066229248047,289.25585083007815,True
2020-11-12,330.5166034949924,331.5762631602293,326.5011242351162,328.31365966796875,67546200,0.0,0.0,0.0,SPY,-0.009700955551531942,-0.009748316366515852,2.2968699495219567,0.21418393684860837,0.20353100937014226,0.3332836301697995,315.34966552734375,289.3960493469238,True
2020-11-13,330.22843769354336,333.6025781454265,329.7079121084805,332.8589782714844,62892200,0.0,0.0,0.0,SPY,0.013844439515895868,0.013749480693841428,2.342513266129888,0.21869686452692094,0.20512838518919524,0.3335372435562109,315.6115478515625,289.58623611450196,True
2020-11-16,335.536052847168,337.2091670940638,334.24401446736385,337.01397705078125,74541100,0.0,0.0,0.0,SPY,0.01248276011923588,0.01240549281086542,2.3842370574263514,0.22177038313445568,0.20638690329461573,0.3336789173136818,316.00874694824216,289.78624755859374,True
2020-11-17,334.5971765162108,336.40974027550243,333.0820640633753,335.20135498046875,66111000,0.0,0.0,0.0,SPY,-0.005378477433413353,-0.0053929935161760555,2.3660350147836624,0.21458048697952967,0.20653022409629876,0.3337379005832231,316.54300415039063,289.9545616149902,True
2020-11-18,335.4709214650384,336.01933135427623,331.13007834082595,331.1672668457031,70591300,0.0,0.0,0.0,SPY,-0.012034820488719955,-0.012107825264968373,2.3255253876219952,0.22038534908708046,0.20817899923886982,0.33398556257780054,316.87474182128904,290.08529434204104,True
2020-11-19,330.53528068591817,332.9334150256051,329.1874736453594,332.5616149902344,59940900,0.0,0.0,0.0,SPY,0.004210404481735486,0.004201565530473268,2.339527194618164,0.2200932562338002,0.20821654314872837,0.33397134810700874,317.3436102294922,290.21786712646485,True
2020-11-20,332.3013602579922,332.50585453742735,330.20995309552933,330.2843017578125,70417300,0.0,0.0,0.0,SPY,-0.006847793400596602,-0.006871347126777892,2.316658802333745,0.22187112911632645,0.20795279882337858,0.3340512795662236,317.76378479003904,290.3472090148926,True
2020-11-23,332.0967933926305,333.5282530358045,329.8566610286987,332.26409912109375,63230600,0.0,0.0,0.0,SPY,0.005994221804501487,0.005976327927952252,2.3365395908447857,0.2223251879643933,0.20814846989298116,0.3340882718577586,318.1420849609375,290.4750866699219,True
2020-11-24,334.8202565878615,338.166512926915,333.9651195251979,337.61810302734375,62415900,0.0,0.0,0.0,SPY,0.016113699675686988,0.015985252024543813,2.390303587767698,0.214981770901499,0.20960191664997346,0.3343662187225603,318.59580383300784,290.627077331543,True
2020-11-25,337.53443743013906,337.5623217166409,336.0007449395041,337.0975646972656,45330900,0.0,0.0,0.0,SPY,-0.001541796264508899,-0.001542986055470289,2.3850764303605265,0.2143257895197452,0.20963784898245127,0.3343721129220103,319.0641076660156,290.7665686035156,True
2020-11-27,338.1944395153429,338.510470935988,337.0232425585529,338.03643798828125,28514100,0.0,0.0,0.0,SPY,0.0027851678248069778,0.0027812964315548404,2.394504436318879,0.16526626446938944,0.2093625885087544,0.33435828080314034,319.60636840820314,290.9124038696289,True
2020-11-30,337.2555409838347,337.52510797754314,333.85354481889163,336.5398254394531,83872700,0.0,0.0,0.0,SPY,-0.004427370486255078,-0.004437200315225959,2.379475707562059,0.1674322095167096,0.20943680625514494,0.3343689191141822,320.19028930664064,291.0482815551758,True
2020-12-01,339.80253028624935,341.7637917326567,339.20762755188343,340.2207946777344,74231400,0.0,0.0,0.0,SPY,0.01093769283761481,0.010878308898437595,2.4164393748035535,0.15964277926032588,0.2097151488853714,0.3343877327012333,320.91623962402343,291.20655014038084,True
2020-12-02,339.10534896401384,341.0944944354891,338.5290547467315,340.9364929199219,45927000,0.0,0.0,0.0,SPY,0.002103628741639385,0.002101419212840985,2.423626294866459,0.15865164341169397,0.20787714999863371,0.3343015802655308,321.59460021972654,291.3610206604004,True
2020-12-03,340.83417112493726,342.2377462780338,339.7373514630611,340.8434753417969,62882000,0.0,0.0,0.0,SPY,-0.00027282963266372917,-0.000272866857438794,2.4226922281620524,0.15276979229638224,0.19537792367119855,0.33426309960798245,322.41350036621094,291.5213948059082,True
2020-12-04,341.42909241189386,343.78076171875,341.33613533774013,343.78076171875,50749900,0.0,0.0,0.0,SPY,0.008617698707618304,0.008580778303094913,2.4521879585532598,0.13901307578329267,0.19503010435982748,0.3343500865819317,323.2751580810547,291.71235397338864,True
2020-12-07,343.0093290517619,343.56704325999203,341.80097190603243,343.07440185546875,48944300,0.0,0.0,0.0,SPY,-0.0020546811862006686,-0.002056794939478163,2.445094812903592,0.12743069819862507,0.1862796145931776,0.3342631343170494,324.02546325683596,291.9504566955566,True
2020-12-08,341.8009261774338,344.6452370556998,341.75446181901555,344.0782470703125,42458900,0.0,0.0,0.0,SPY,0.0029260277345515284,0.002921755247647602,2.4551752558743076,0.12703823750278614,0.18267934438663627,0.3342439797582803,324.69434143066405,292.23834274291994,True
2020-12-09,344.73815831878346,344.89615981420366,340.1556610873381,340.9922180175781,74098300,0.0,0.0,0.0,SPY,-0.008968974583574152,-0.00900943796115328,2.424185876822577,0.12782430295060673,0.17990871047183848,0.3343850281019601,325.3353338623047,292.5160679626465,True
2020-12-10,339.6165832994784,341.93106447513236,338.7428377218177,340.8807373046875,57735400,0.0,0.0,0.0,SPY,-0.0003269303726012307,-0.00032698382598616947,2.423066406458011,0.1275343796235211,0.17993750401836495,0.3343818004199464,325.92724975585935,292.8573350524902,True
2020-12-11,339.17964314209337,340.8899454487729,337.65525497665703,340.48095703125,57698600,0.0,0.0,0.0,SPY,-0.00117278634339546,-0.0011734745954667981,2.4190518809239814,0.12614716541943838,0.1784721983560039,0.3342985127129606,326.47119995117185,293.2023306274414,True
2020-12-14,342.6561419139507,343.7343534662368,338.78005506472596,338.9566650390625,69216200,0.0,0.0,0.0,SPY,-0.004476878840679488,-0.004486930072740511,2.403745199903087,0.12162414397878157,0.17869299916026765,0.33434119476736446,327.0441534423828,293.48092025756836,True
2020-12-15,341.5034549865661,343.5390930175781,340.127792352415,343.5390930175781,63865300,0.0,0.0,0.0,SPY,0.013519214847088179,0.013428645632112327,2.449761162545322,0.12121437997160353,0.1800429191750639,0.3345274301365747,327.59869995117185,293.8229707336426,True
2020-12-16,343.7529114618271,344.99845695254,342.86986171972654,344.0782470703125,58420500,0.0,0.0,0.0,SPY,0.0015694110617763268,0.0015681808232343645,2.455175255874307,0.11450196656619172,0.17882134855466708,0.3345274865757798,328.25382141113283,294.1098945617676,True
2020-12-17,345.72353743865085,346.20687464372656,344.89625612819674,346.00238037109375,64119500,0.0,0.0,0.0,SPY,0.005592138756705722,0.005576560797856524,2.4744970753338924,0.11308385224600014,0.17695778474120014,0.3345595738749654,328.83904418945315,294.4540901184082,True
2020-12-18,346.29174986586526,346.4597687850615,342.60450659912306,344.6208190917969,136542300,1.58,0.0,0.0,SPY,-0.003992924204206716,-0.004000917210129758,2.4606236718643464,0.10399004279894429,0.17538354654827032,0.33457986632476017,329.3404937744141,294.814287109375,True
2020-12-21,340.690848610834,353.2834348654009,337.9464259916311,343.3885803222656,96386700,0.0,0.0,0.0,SPY,-0.0035756364713502853,-0.003582044338801079,2.44824973964961,0.10531708080411263,0.1749504542442931,0.33459067998397324,329.7602258300781,295.27475830078123,True
2020-12-22,343.7153181678852,343.82733077167063,341.68034656595023,342.8098449707031,47949000,0.0,0.0,0.0,SPY,-0.0016853657480960793,-0.0016867875747049886,2.4424381776475235,0.10158399324825745,0.16757688632594975,0.33459948686760177,330.06464904785156,295.6673196411133,True
2020-12-23,343.7806495988375,345.0315044186133,342.7911670027845,343.1178894042969,46201400,0.0,0.0,0.0,SPY,0.0008985868933257812,0.0008981834058176525,2.445531507475042,0.10045632990838134,0.16759333385266914,0.3345985365515286,330.41799011230466,296.1258418273926,True
2020-12-24,343.59397848988544,344.4807924589566,343.0059122912495,344.4527893066406,26457900,0.0,0.0,0.0,SPY,0.0038904992819270845,0.0038829508613447447,2.4589363453307307,0.08601526594444789,0.16520218874578657,0.33458229654184557,330.8389288330078,296.71131103515626,True
2020-12-28,347.01044880019464,347.80390930273,346.3850356715312,347.411865234375,39000400,0.0,0.0,0.0,SPY,0.008590657470624041,0.008553967748882145,2.488650882686159,0.08938448534772606,0.1630761674055305,0.3346705441650942,331.32704284667966,297.21439544677736,True
2020-12-29,348.94282080818664,349.12018360826625,346.1610508009633,346.7491455078125,53680500,0.0,0.0,0.0,SPY,-0.0019075909399796087,-0.0019094127087384738,2.481995963869595,0.08997835720879481,0.16258731536590187,0.3346210179065725,331.8058056640625,297.8491924285889,True
2020-12-30,347.57058839397877,348.2800395515808,346.85182184412906,347.2438659667969,49455300,0.0,0.0,0.0,SPY,0.0014267387977549006,0.0014257219730037032,2.486963862604874,0.08759613322725993,0.16217638443460758,0.3346178463912653,332.3926220703125,298.4271283721924,True
2020-12-31,347.0478724739149,349.7362892004099,346.5344718228224,349.0081787109375,78520700,0.0,0.0,0.0,SPY,0.005080903990135166,0.005068039753690158,2.50468079120784,0.081809258328177,0.16204297484608737,0.334536418560185,332.98925415039065,299.07253295898437,True
2021-01-04,350.34299981269083,350.47370017311397,340.5508422079817,344.2567443847656,110210800,0.0,0.0,0.0,SPY,-0.013614105960844003,-0.01370762768117702,2.456967695557402,0.09649021767441583,0.1634103456320892,0.33474371648782836,333.5029412841797,299.6918438720703,True
2021-01-05,343.6126363246513,347.7199264021152,343.5659454165651,346.62774658203125,66426200,0.0,0.0,0.0,SPY,0.00688730790591463,0.006863698741221095,2.480776896497506,0.09894382423522094,0.16049926468345807,0.3347853131255698,334.0291003417969,300.37049850463865,True
2021-01-06,345.1154973335199,351.9018879211181,344.56474976303986,348.7000427246094,107997700,0.0,0.0,0.0,SPY,0.005978448531637426,0.005960648517295298,2.501586542023329,0.09672052822496421,0.15750076389653309,0.33480437452793516,334.57495361328125,301.0864756774902,True
2021-01-07,351.08043056721175,354.6276289954362,350.903067797057,353.880859375,68766800,0.0,0.0,0.0,SPY,0.014857516534582782,0.01474822484142471,2.553611421968713,0.10777510076165797,0.15655708251949918,0.33506704591491543,335.3432141113281,301.73526023864747,True
2021-01-08,355.2717446185085,356.1118675981628,352.0139214197947,355.8971862792969,71677200,0.0,0.0,0.0,SPY,0.005697756323577385,0.005681585505858181,2.573859033919772,0.10866130452032229,0.15610489274707579,0.3350497619082197,336.1735522460938,302.37735054016116,True
2021-01-11,352.71402176287364,355.26239380181204,352.5926652872222,353.4981384277344,51034700,0.0,0.0,0.0,SPY,-0.006740845232982018,-0.006763667348260763,2.5497682032876243,0.10616794205867126,0.15632513847948915,0.3351158835144551,337.17081359863283,302.9410330200195,True
2021-01-12,353.68488655633377,354.5903313155894,351.32316391848667,353.5728454589844,52547700,0.0,0.0,0.0,SPY,0.0002113364205602597,0.00021131409216474547,2.5505183985935256,0.1060523480572634,0.153507184247359,0.3350627195867365,338.10784912109375,303.5409455871582,True
2021-01-13,353.49813377625406,355.5237613452979,352.7140171217111,354.52496337890625,45303600,0.0,0.0,0.0,SPY,0.0026928479722074794,0.002689228752988919,2.5600794048634636,0.10554799203654357,0.15271225503622596,0.3350590104270387,339.12787658691406,304.1076884460449,True
2021-01-14,355.2716950469286,355.7757801593599,352.9473484804693,353.28338623046875,49989100,0.0,0.0,0.0,SPY,-0.003502086670016946,-0.003508233330493555,2.5476116982354893,0.10485211001128837,0.15224369096813187,0.33508483520424803,340.0550329589844,304.6861976623535,True
2021-01-15,351.65919735021674,352.4619733044625,348.8401091438219,350.7070617675781,107160000,0.0,0.0,0.0,SPY,-0.0072925151968791235,-0.007319235570903419,2.521740686013481,0.10073261163341878,0.15315697641184292,0.3350997682781854,340.8222814941406,305.3052867126465,True
2021-01-19,353.1714095466067,354.0022171031651,351.6871856917085,353.4607849121094,51233300,0.0,0.0,0.0,SPY,0.007851918152581128,0.007821252262684576,2.5493931056346737,0.10349092194616438,0.15365076618509887,0.33516609712840895,341.50499145507814,305.91196670532224,True
2021-01-20,355.75720299327264,359.19241804546346,355.3651588297372,358.352294921875,61836100,0.0,0.0,0.0,SPY,0.013838904394958274,0.0137440211422263,2.598512817483676,0.11143614911469915,0.15179573756516507,0.33540682056297816,342.1609771728516,306.5598802947998,True
2021-01-21,358.91229363565395,359.3417132448048,357.7547921391025,358.6789245605469,47840100,0.0,0.0,0.0,SPY,0.0009114763413000659,0.0009110611989821402,2.601792776780677,0.10956136642475582,0.15175137757293966,0.33540594918714445,342.8249829101562,307.1325988006592,True
2021-01-22,356.82129871151545,358.5762386300744,356.4385700282183,357.4093933105469,52860500,0.0,0.0,0.0,SPY,-0.0035394643037792717,-0.003545743027481941,2.589044359817652,0.10953853913956386,0.15195419349819364,0.335435026499229,343.3818011474609,307.6977252197266,True
2021-01-25,358.1469570302598,359.1737584354347,353.28352374055055,358.8190612792969,70402000,0.0,0.0,0.0,SPY,0.0039441268056576995,0.003936369129011404,2.6032000058839033,0.10893153187063298,0.1518365064955537,0.3353056226046219,343.97647766113283,308.2288822937012,True
2021-01-26,359.77116897064525,360.1819008955837,358.0255725333775,358.2589416503906,42665300,0.0,0.0,0.0,SPY,-0.0015610085676865948,-0.0015622282109751188,2.5975753798036303,0.10963223505252087,0.15195478488512226,0.3348833187734426,344.51106018066406,308.7380198669434,True
2021-01-27,354.9263017522696,355.01965506445595,347.262470561871,349.5028076171875,123351100,0.0,0.0,0.0,SPY,-0.02444079690758383,-0.024744430763183254,2.509647770586126,0.14268618517024112,0.15560726355099017,0.3357080178780559,344.9348431396484,309.21508285522464,True
2021-01-28,351.32319466468164,356.5226655000901,350.88448806661853,352.50872802734375,94198100,0.0,0.0,0.0,SPY,0.00860056155385358,0.008563787426001708,2.5398327122693973,0.14269306222680508,0.15586067745674287,0.33579346793002796,345.3278381347656,309.6697064208984,True
2021-01-29,350.64172533967934,351.61254871858694,343.77132460135704,345.45159912109375,126765100,0.0,0.0,0.0,SPY,-0.020019728151816407,-0.020222838287305662,2.468966223666857,0.15969623256305937,0.14472606308243055,0.33643388724190276,345.49659057617185,310.11683517456055,True
2021-02-01,348.8587780208287,352.2379578048874,345.7409704717956,351.2018127441406,75817600,0.0,0.0,0.0,SPY,0.01664549719172448,0.016508479300051303,2.526708891201091,0.1699389773225058,0.14676190240821713,0.3362668998734565,345.8165997314453,310.58653930664065,True
2021-02-02,354.3942778932452,357.7267951804312,351.2858142934959,356.1678771972656,64450700,0.0,0.0,0.0,SPY,0.014140201653067397,0.014041161541185464,2.5765772660943402,0.17575064256415135,0.14640012674252834,0.33646424199055075,346.31661193847657,311.04632385253905,True
2021-02-03,356.9986846197431,358.1748738940465,355.1690790166105,356.44793701171875,52427100,0.0,0.0,0.0,SPY,0.0007863140737367491,0.0007860050907866234,2.579389579134477,0.16752305395168227,0.14538500053027678,0.336158050903161,346.7943383789063,311.5307829284668,True
2021-02-04,357.48412843034953,360.54593000501114,356.5599958734592,360.499267578125,47142600,0.0,0.0,0.0,SPY,0.011365840970691377,0.011301735087746753,2.6200723518630697,0.169966948823993,0.1432338090639902,0.33615230042651223,347.3986376953125,312.074903717041,True
2021-02-05,362.3755135819587,362.62754192923927,360.45255466954404,361.9180908203125,48669800,0.0,0.0,0.0,SPY,0.003935717405805894,0.00392799273151322,2.634319933628574,0.1694997971417645,0.1373822645600821,0.33615700704295437,347.99171752929686,312.59818923950195,True
2021-02-08,363.3743607210716,364.5785532958021,362.5155783559081,364.5318908691406,38365200,0.0,0.0,0.0,SPY,0.007222076251849563,0.007196121946883011,2.6605672693128564,0.16408135306435437,0.13316331945447907,0.3361581387456239,348.5299932861328,313.13463638305666,True
2021-02-09,363.69162409829454,364.88650090170546,363.2809208064107,364.2890625,35551100,0.0,0.0,0.0,SPY,-0.0006661375183434348,-0.0006663594865198013,2.658128828116347,0.16349233521630185,0.133193711154248,0.33609802540739814,349.0738232421875,313.65194122314455,True
2021-02-10,366.03476248455763,366.18412212748876,361.7221060618875,364.1304626464844,59154400,0.0,0.0,0.0,SPY,-0.0004353681453601599,-0.0004354629455874883,2.6565361953529614,0.16109388597141447,0.13145902638605028,0.3360996812336155,349.59570373535155,314.14964950561523,True
2021-02-11,365.21324714349873,365.6333228604152,362.2821464660776,364.718505859375,42913300,0.0,0.0,0.0,SPY,0.0016149245207794927,0.0016136219323749884,2.6624412253159546,0.16103001276045475,0.13130954659032193,0.3360544182039439,350.15927734375,314.65638153076173,True
2021-02-12,363.9158256964812,366.7629176771536,363.8411316221849,366.5202331542969,50593300,0.0,0.0,0.0,SPY,0.004940049013077985,0.004927887008439127,2.6805338644765326,0.16142247173683635,0.13095961956412794,0.3360731486296365,350.6852661132813,315.1376484680176,True
2021-02-16,367.7523942338509,367.9484448099533,365.4840531741695,366.20281982421875,50972400,0.0,0.0,0.0,SPY,-0.0008660185751451221,-0.0008663937858733179,2.6773464537834455,0.1606217050578127,0.12903118496534732,0.3360770691278135,351.1905926513672,315.6299102783203,True
2021-02-17,364.44788498672773,366.5388631006353,363.4303705960935,366.2868347167969,52290600,0.0,0.0,0.0,SPY,0.0002294217521821018,0.0002293954390363764,2.6781901170502533,0.1573601197354111,0.1267039971677971,0.33605967902503553,351.6994598388672,316.15803314208983,True
2021-02-18,363.67301150998657,365.47461384883314,361.9460747372213,364.72784423828125,59712800,0.0,0.0,0.0,SPY,-0.004256201235627199,-0.004265284643142177,2.6625349997291923,0.1573919451157191,0.12524875183817175,0.33607657059162127,352.1184014892578,316.67476669311526,True
2021-02-19,365.9880704358901,366.2774458183221,363.6356918594277,364.0837707519531,83241000,0.0,0.0,0.0,SPY,-0.001765901607192144,-0.001767462649470696,2.656067323286773,0.15119144408319504,0.1246745461663927,0.3360498952570879,352.5385888671875,317.1762043762207,True
2021-02-22,361.3112978244023,363.7009946315046,361.01257860165623,361.2832946777344,67414200,0.0,0.0,0.0,SPY,-0.007691845391610941,-0.007721580209595747,2.6279454186947304,0.15402188536724207,0.12307269254367557,0.33597296042027514,352.88268981933595,317.67258087158206,True
2021-02-23,359.07103736191505,363.0756591158048,354.907740572143,361.72210693359375,107284100,0.0,0.0,0.0,SPY,0.0012145932633027545,0.0012138562416324627,2.632351896759907,0.15337287705419902,0.12294161676317862,0.3342287041804703,353.29728759765624,318.1553439331055,True
2021-02-24,360.6299244440038,366.1374579842798,359.6404417407371,365.7080383300781,72433900,0.0,0.0,0.0,SPY,0.011019319306398101,0.010959048961987294,2.6723779421435054,0.15721744423895276,0.12328337029620931,0.3328917505897308,353.79383361816406,318.6360983276367,True
2021-02-25,364.43850086453193,365.8107122221224,355.44911916352476,356.89599609375,146670500,0.0,0.0,0.0,SPY,-0.024095839611746883,-0.024390893714130335,2.5838889122558983,0.17955154506625579,0.13325684400937696,0.33381640439396465,354.12213439941405,319.0725163269043,True
2021-02-26,358.7816272202917,359.9297848553106,353.0687567328293,355.0570373535156,152701600,0.0,0.0,0.0,SPY,-0.005152646037954733,-0.005165966696010229,2.565422401251693,0.1577397436002616,0.13031932890521963,0.3306661743098531,354.44414184570314,319.526608581543,True
2021-03-01,359.93910464145296,364.91454901828484,355.25306411122193,363.6636657714844,105348800,0.0,0.0,0.0,SPY,0.02424012908494899,0.02395100018576079,2.6518487005004028,0.17576112861835175,0.13836270897500497,0.3314162622659534,354.84663330078126,320.0471002197266,True
2021-03-02,363.88772878043636,364.1210978494576,360.32184256880726,360.825927734375,79595300,0.0,0.0,0.0,SPY,-0.00780319373146432,-0.007833797958772875,2.623352617612402,0.1613835455237819,0.13949870840254677,0.3288558328940174,355.1815869140625,320.5378717041016,True
2021-03-03,360.12582613870484,361.0966209700066,355.9438421012048,356.0465393066406,119940200,0.0,0.0,0.0,SPY,-0.013245690124720655,-0.013334196700779597,2.5753588116269124,0.1607128504647871,0.1420046358438386,0.32781386496618253,355.3824700927734,320.99870864868166,True
2021-03-04,355.8598669496521,358.4549301482067,347.14120097339406,351.64056396484375,183433000,0.0,0.0,0.0,SPY,-0.012374717502877552,-0.012451921902452416,2.5311147563616054,0.15901458522239942,0.14298062077275422,0.32552316791153657,355.5228649902344,321.3973272705078,True
2021-03-05,355.15042536468866,359.1643910019848,347.8506615219816,358.10955810546875,152039600,0.0,0.0,0.0,SPY,0.018396609502855155,0.018229439016373198,2.5960752956441593,0.1720613462383272,0.14734041342842624,0.3241590389650469,355.8172845458984,321.8422557067871,True
2021-03-08,359.071052665303,361.8901412730423,356.04659810021576,356.3266296386719,123149200,0.0,0.0,0.0,SPY,-0.004978723484034386,-0.004991158619035359,2.57817143111938,0.1680586155304267,0.1477825821482138,0.32372921071741617,356.08762023925783,322.2554098510742,True
2021-03-09,360.1818060146198,363.97171719755994,359.6777208781766,361.41400146484375,113633600,0.0,0.0,0.0,SPY,0.014277270916660534,0.014176310508945167,2.629257954027726,0.17516646925166005,0.14943182432198376,0.314025673289704,356.45354248046874,322.7034487915039,True
2021-03-10,363.76636297268493,365.3625993873506,362.34748932491925,363.6636657714844,109899400,0.0,0.0,0.0,SPY,0.006224618574605767,0.006205325655721967,2.6518487005004028,0.17468109359409345,0.14969761737574214,0.31000711037806,356.83776000976565,323.16015518188476,True
2021-03-11,366.13741385422924,369.3298867988707,365.6799911027068,367.3509216308594,86245000,0.0,0.0,0.0,SPY,0.010139192353882276,0.01008813556942663,2.6888754969220514,0.17818080946075546,0.15077210444983707,0.305999040454945,357.2365411376953,323.6185223388672,True
2021-03-12,365.988063865654,367.98568835649854,365.17594403357333,367.8456726074219,64653600,0.0,0.0,0.0,SPY,0.0013468075004849922,0.0013459013687620645,2.6938437021096613,0.17817510244776857,0.149381680255721,0.2899645008872222,357.6584716796875,324.0588537597656,True
2021-03-15,368.0976298196266,370.3006482999576,365.95064611553363,370.0392761230469,73427200,0.0,0.0,0.0,SPY,0.005963379968767724,0.005945669393489104,2.715871495650581,0.1791387472410816,0.14964172821023006,0.27764126482756313,358.1143798828125,324.51273391723635,True
2021-03-16,370.6554678400284,371.36489050741085,368.7978304984493,369.5726318359375,73722500,0.0,0.0,0.0,SPY,-0.00126106691159511,-0.0012618627255930276,2.7111855330596764,0.17859855744683664,0.1496478753437288,0.2542355468678757,358.5256689453125,324.95805923461916,True
2021-03-17,368.28439370276624,371.63557011212924,367.1362076288322,370.8327941894531,97959300,0.0,0.0,0.0,SPY,0.003409782665062311,0.0034039825371948306,2.7238398691571333,0.17881406922779447,0.14923127053881466,0.24886337577519235,359.05718994140625,325.4040170288086,True
2021-03-18,368.237776582105,370.3287545797214,364.75589939193253,365.4373474121094,115349100,0.0,0.0,0.0,SPY,-0.014549540552735718,-0.014656423112818133,2.6696597099689376,0.1864280188331971,0.15057349927554553,0.24376672529253327,359.4333819580078,325.8113374328613,True
2021-03-19,365.1358077604027,366.71855219159096,362.57906016061924,364.7611999511719,113624500,1.278,0.0,0.0,SPY,-0.0018502418149806132,-0.0018519556266712027,2.6628699521268033,0.18592885778417606,0.15067859812754947,0.24379927847158783,359.7546051025391,326.1963807678223,True
2021-03-22,365.276273388736,369.0598779072766,365.22008364773114,367.6737976074219,73778600,0.0,0.0,0.0,SPY,0.007984943729321792,0.007953232761155641,2.6921177625823596,0.1877750195857661,0.15105237779046618,0.23960377382189318,360.0304638671875,326.5997666931152,True
2021-03-23,367.0369570655354,368.4885729919062,363.99322228123157,364.7799072265625,90686600,0.0,0.0,0.0,SPY,-0.007870809395967071,-0.007901947713032497,2.6630578074056093,0.18787479824419348,0.15177174567171706,0.23818506680010568,360.2081182861328,326.9519047546387,True
2021-03-24,366.1846539544213,367.82358782761884,362.878691342001,362.9255065917969,97588600,0.0,0.0,0.0,SPY,-0.005083615073167569,-0.0050965806041183255,2.644436231521998,0.18884800667880317,0.15198424015199336,0.22122238754256307,360.39666564941405,327.27698120117185,True
2021-03-25,361.4832568768841,365.7631937982155,359.5352509423931,364.9671630859375,116128600,0.0,0.0,0.0,SPY,0.005625552508870646,0.005609788182751863,2.6649381989076555,0.18586435331722767,0.15217732207075285,0.22086988551269704,360.62455200195313,327.6233729553223,True
2021-03-26,366.11915050544366,371.2513660035237,365.51978373718055,370.8486633300781,114409100,0.0,0.0,0.0,SPY,0.016115149084674485,0.01598667844754571,2.723999224369171,0.17194086232289763,0.15513422505664817,0.213966603616509,360.9510260009766,328.007421875,True
2021-03-29,369.36886439554,371.5697241805581,367.87977932756746,370.6612854003906,108107600,0.0,0.0,0.0,SPY,-0.0005052679117268921,-0.0005053956025720718,2.7221176070578013,0.1702903656509442,0.1550828475202684,0.21161666278356156,361.298583984375,328.47528900146483,True
2021-03-30,369.3875943515062,370.35222281435466,368.07642444952893,369.67791748046875,76262200,0.0,0.0,0.0,SPY,-0.00265300952285763,-0.0026565349893998575,2.7122427936010807,0.15058692677808255,0.15453780070828707,0.20942894230532177,361.6780010986328,328.921647644043,True
2021-03-31,370.24917149456826,372.7403541757832,370.2210766312015,371.17633056640625,112734200,0.0,0.0,0.0,SPY,0.004053293461913743,0.0040451009981480185,2.72728960304542,0.1475995468309,0.15453659607278686,0.20876926773314375,362.0323120117188,329.36240966796873,True
2021-04-01,373.1149612364096,375.24091069018476,372.9089227118309,375.1846923828125,99682900,0.0,0.0,0.0,SPY,0.01079907711326733,0.010741183505433984,2.767540890892187,0.14091136346542318,0.15574239843852136,0.20358674715914474,362.3689599609375,329.79597564697264,True
2021-04-05,377.8539124789563,381.1130603362482,377.77900235176537,380.5698547363281,91684800,0.0,0.0,0.0,SPY,0.0143533637241815,0.014251329397309854,2.8216177756448895,0.13559917086366874,0.1577541174876097,0.2028692521186406,362.8067785644531,330.2624586486816,True
2021-04-06,380.0079238420964,381.3939754285536,379.670756847593,380.3450622558594,62021000,0.0,0.0,0.0,SPY,-0.0005906733748644033,-0.0005908478911070726,2.8193604477759076,0.12542836771083996,0.15483142433501904,0.202209855663795,363.2654919433594,330.72726486206057,True
2021-04-07,380.17647612247123,381.13173016634283,379.71758377503375,380.78521728515625,55836300,0.0,0.0,0.0,SPY,0.0011572518562126266,0.0011565827564448202,2.8237804097436414,0.1223333696722506,0.15446437667371066,0.1913684019486629,363.7048150634766,331.2024838256836,True
2021-04-08,382.04013051081506,382.64887161223606,381.1035969453254,382.5926818847656,57863100,0.0,0.0,0.0,SPY,0.0047466774379947285,0.0047354474872591335,2.841930661942418,0.11573111579975555,0.15434009732310838,0.19138868769455952,364.19148986816407,331.6775747680664,True
2021-04-09,382.471035788063,385.54286537621095,382.3492818264006,385.374267578125,61104600,0.0,0.0,0.0,SPY,0.00727035781148877,0.0072440561647853,2.869862872541669,0.11618357980433199,0.15240904820923373,0.1888027471255437,364.90891906738284,332.159953918457,True
2021-04-12,384.77480945811624,385.78625310272486,384.16606837510966,385.5146789550781,56704900,0.0,0.0,0.0,SPY,0.0003643506813144626,0.00036428432172326097,2.871272859715873,0.11329175492114943,0.1521707904519306,0.18832255956729366,365.5690380859375,332.67988204956055,True
2021-04-13,385.4116495202984,387.28471661462214,385.02766733627374,386.6572265625,56551000,0.0,0.0,0.0,SPY,0.002963694172472664,0.0029593110888428524,2.8827461285302647,0.1132542941224754,0.15131805718933028,0.18801303427505608,366.3931506347656,333.19043228149417,True
2021-04-14,386.62912321593916,387.6874106739289,384.79352550638436,385.33673095703125,61659900,0.0,0.0,0.0,SPY,-0.0034151582196157992,-0.003421003183894395,2.869485936174733,0.11419427583105803,0.1516140986578663,0.18600493304581192,367.07584899902344,333.728172454834,True
2021-04-15,387.48146637214757,389.7478906331614,387.4346511167277,389.4762878417969,60229800,0.0,0.0,0.0,SPY,0.010742699961367563,0.010685407114806068,2.9110546625917895,0.11745825852644269,0.15274125284114196,0.18480559294822643,367.74201721191406,334.26619598388675,True
2021-04-16,390.7687016886695,391.3868173846605,389.3451806977681,390.778076171875,82037300,0.0,0.0,0.0,SPY,0.0033424071521572785,0.0033368337250273598,2.9241269996685144,0.11745211022641527,0.1524361752110109,0.1847866555257176,368.4286199951172,334.7926756286621,True
2021-04-19,389.8415624370154,390.2910803620789,387.5283228451497,388.8581848144531,78498500,0.0,0.0,0.0,SPY,-0.00491299659445954,-0.004925105037668081,2.9048477770829164,0.10374603753692978,0.1519424282158193,0.18315114363531632,368.99579833984376,335.2995565795898,True
2021-04-20,387.64066789352995,388.74577080213885,384.53136914456286,386.0111083984375,81851800,0.0,0.0,0.0,SPY,-0.007321631708418708,-0.007348566405004293,2.8762579197816778,0.10857641169586665,0.1524691896504703,0.1823540554335723,369.47765869140625,335.7842869567871,True
2021-04-21,385.3929527509193,389.8695822374006,385.252449845648,389.6635437011719,66793000,0.0,0.0,0.0,SPY,0.009461995324145933,0.009417511033010122,2.9129350540938357,0.10959428171951931,0.15126962075808686,0.17966531056745788,369.98029174804685,336.2649678039551,True
2021-04-22,389.4950430989676,390.3285432917998,385.03713321050617,386.1047668457031,97582800,0.0,0.0,0.0,SPY,-0.009132947931608237,-0.009174908981354604,2.877198421985032,0.11121681025357466,0.15272173609618517,0.17882432145048582,370.41660583496093,336.74299102783203,True
2021-04-23,386.66660481745123,391.7051599232733,386.5916947084709,390.2909851074219,73209200,0.0,0.0,0.0,SPY,0.010842182281037838,0.010783827241138065,2.919235714015946,0.11079686743163654,0.15360768260022345,0.17905012740005133,370.9398162841797,337.23083602905274,True
2021-04-26,390.9465792226784,391.67707427054285,390.35655849541547,391.10577392578125,52182400,0.0,0.0,0.0,SPY,0.002087644474122685,0.0020854683724889143,2.9274176847970956,0.11061564560167955,0.15352972816041527,0.17862983246942596,371.4675616455078,337.7310870361328,True
2021-04-27,391.405588757118,391.60228144560665,389.87903399432275,391.0216064453125,51303100,0.0,0.0,0.0,SPY,-0.00021520388109819155,-0.00021522704077617274,2.926572489268634,0.10085342550420016,0.15344728200047086,0.17818033752188875,371.9575891113281,338.2160583496094,True
2021-04-28,391.29319250043034,392.41704451515596,390.4409432957331,390.9092102050781,51238900,0.0,0.0,0.0,SPY,-0.0002874425310052109,-0.000287483850527708,2.925443825334143,0.1007732161005663,0.14421812760364788,0.1780815475951701,372.4517169189453,338.71319717407226,True
2021-04-29,393.6438985618607,394.01850637036216,390.0101427998343,393.400390625,78544300,0.0,0.0,0.0,SPY,0.006372785175910778,0.006352564841558717,2.9504598355531026,0.09974090799669061,0.14386075023847752,0.17643432862716635,372.9939880371094,339.20390563964844,True
2021-04-30,391.1246239237115,391.9768731298278,389.91648729298134,390.8155517578125,85527000,0.0,0.0,0.0,SPY,-0.006570504068592609,-0.006592184851748841,2.9245033231307893,0.10495991939323569,0.13796976347037854,0.17628614951736815,373.5157421875,339.6681266784668,True
2021-05-03,392.8103349425953,393.19431720102517,391.1620550150992,391.6584167480469,68128300,0.0,0.0,0.0,SPY,0.0021566823184064887,0.0021543600174727296,2.932967230056313,0.10050298287701437,0.13472237169095808,0.17402499946910002,374.0672351074219,340.14146881103517,True
2021-05-04,389.66363915758245,390.1600009463546,385.54289600428126,389.2421875,101591200,0.0,0.0,0.0,SPY,-0.006169225898702502,-0.006188334202294267,2.9087038667619014,0.09381391334719749,0.1332566291501382,0.17419822977106617,374.6264129638672,340.5984243774414,True
2021-05-05,390.8904461283248,391.12457955682845,388.8019656570056,389.3638916015625,60162200,0.0,0.0,0.0,SPY,0.0003126693494972521,0.0003126204786228789,2.9099259986572994,0.09366205334178702,0.1332695136684074,0.1740359761710559,375.17924865722654,341.04395309448245,True
2021-05-06,389.4387864991381,392.60427490167996,387.4252448088687,392.4731750488281,74321400,0.0,0.0,0.0,SPY,0.007985546462658144,0.007953830719646882,2.9411488943851323,0.0966241878536064,0.1324147134990078,0.1739480238695798,375.71455139160156,341.5018344116211,True
2021-05-07,393.24113804267915,395.98517484775925,392.5574581716832,395.32958984375,67733800,0.0,0.0,0.0,SPY,0.007277987328857538,0.00725163058451785,2.969832526099608,0.09809630736397294,0.13284452834294716,0.1737263198563168,376.48322326660156,341.96543395996093,True
2021-05-10,395.6855085973349,395.91026755105577,391.29316303200807,391.4149169921875,81852400,0.0,0.0,0.0,SPY,-0.009902301654449275,-0.009951655525039228,2.9305220469085254,0.10343443997082763,0.13422123814312864,0.1734618922483824,377.210380859375,342.42751373291014,True
2021-05-11,386.882061695176,388.91432373758846,384.03499135856697,387.9216003417969,116888000,0.0,0.0,0.0,SPY,-0.008924842919209364,-0.008964907890300588,2.8954427550493773,0.10875214198201226,0.13568755999851487,0.17377248003369483,377.69553955078123,342.8817552185059,True
2021-05-12,385.1307475097692,386.40441956933836,378.3595988550545,379.68011474609375,134811000,0.0,0.0,0.0,SPY,-0.021245235089877856,-0.021474163326142305,2.8126831579391918,0.13132522959905762,0.14280021498461618,0.17394005734229342,378.07262329101565,343.28395751953127,True
2021-05-13,381.2347627942497,386.1796593623134,381.1879189629342,384.24102783203125,106394000,0.0,0.0,0.0,SPY,0.012012515032522986,0.011940937421735479,2.8584830716881835,0.13819910907219296,0.14457299417120376,0.17318501234185976,378.63651306152343,343.7184536743164,True
2021-05-14,386.985030226416,390.993392781113,386.95693536241697,390.1411437988281,82201600,0.0,0.0,0.0,SPY,0.015355247200140365,0.015238548500521299,2.9177310330715125,0.14357765925703264,0.1472411156576199,0.1734212669931273,379.4065246582031,344.16416580200195,True
2021-05-17,389.02677315390787,389.9633069159993,387.12558217934975,389.14849853515625,65129200,0.0,0.0,0.0,SPY,-0.002544323456907027,-0.0025475657486272833,2.907763058106216,0.14336106548210514,0.14736735469804552,0.17344567260194957,380.02730346679687,344.610284576416,True
2021-05-18,389.41069108540063,389.6541989870204,385.63646151399263,385.7956848144531,59810200,0.0,0.0,0.0,SPY,-0.008615769387069205,-0.008653099702387252,2.8740946727782646,0.14546620467786103,0.14861371089096426,0.17130701646485852,380.6166845703125,345.02778854370115,True
2021-05-19,381.09429383699194,384.96215388896104,379.6051801496055,384.7842102050781,106467100,0.0,0.0,0.0,SPY,-0.002621788291544691,-0.002625231197497815,2.8639376167248387,0.14352064131536918,0.14842051981643048,0.17095205746682263,381.0840887451172,345.42972747802736,True
2021-05-20,385.66461907815227,390.18809347425173,385.54289368829325,388.92376708984375,78022200,0.0,0.0,0.0,SPY,0.01075812565842904,0.010700668743063921,2.9055063431418953,0.14467571869751872,0.14961734599733256,0.17049747386011685,381.5892907714844,345.84648513793945,True
2021-05-21,390.41275811955995,391.65836381551816,388.1463628077777,388.6052551269531,76578700,0.0,0.0,0.0,SPY,-0.0008189573120560567,-0.0008192928407971932,2.9023079001648977,0.14091743231566295,0.14860535378182962,0.17030650213807588,382.0143774414062,346.2521611022949,True
2021-05-24,390.8529000953224,393.6437803046068,390.60939223161563,392.5667724609375,51376700,0.0,0.0,0.0,SPY,0.010194193932581141,0.010142583591803325,2.9420887836838223,0.1403258718360194,0.14968994349655027,0.17052899844060987,382.50879943847656,346.66736785888673,True
2021-05-25,393.6532139010418,394.0091012947467,391.1152154711999,391.69586181640625,57451400,0.0,0.0,0.0,SPY,-0.0022185032092034707,-0.0022209677331589722,2.933343247066255,0.1404329660676254,0.14854903833998503,0.17022318008830453,382.9419311523437,347.07710891723633,True
2021-05-26,392.2858568810516,392.9788826564934,391.2463182178888,392.4731750488281,43088600,0.0,0.0,0.0,SPY,0.001984481604725863,0.0019825151223084514,2.9411488943851305,0.14057561329128168,0.1394229567094466,0.1696895827987941,383.3999420166016,347.48610763549806,True
2021-05-27,393.5033839792261,394.0184660906669,392.3982524731179,392.6792297363281,56707700,0.0,0.0,0.0,SPY,0.0005250159771412743,0.0005248782044729398,2.9432180605229754,0.1405672799756807,0.13877490267289438,0.16966061306019772,383.83687072753906,347.90895919799806,True
2021-05-28,394.25259179378133,394.514820085861,393.14748889006984,393.3816223144531,58520200,0.0,0.0,0.0,SPY,0.0017887184371749854,0.0017871205854720258,2.950271367369634,0.13894000614159513,0.13095634583011143,0.16963351596203247,384.39575622558596,348.3138444519043,True
2021-06-01,395.75109858030675,395.89157293552637,392.59498421648266,393.03515625,54216600,0.0,0.0,0.0,SPY,-0.0008807377996326027,-0.0008811258770481514,2.9467922140575853,0.13691530127663615,0.12973067180308154,0.1696279810215436,384.9612353515625,348.7198205566406,True
2021-06-02,393.6906065518953,394.49604027242486,392.6791628864533,393.65313720703125,49097100,0.0,0.0,0.0,SPY,0.0015723299740599828,0.0015710951574762824,2.9529978737571345,0.13683067349956576,0.12627456478706073,0.16948662602423728,385.4808221435547,349.12883987426756,True
2021-06-03,391.33060472483857,393.334771942257,389.8602399847774,392.19219970703125,58138800,0.0,0.0,0.0,SPY,-0.00371123042576349,-0.003718134127511751,2.9383273877750686,0.13563119579704985,0.12352921025875802,0.16913556976251976,386.02906799316406,349.52560150146485,True
2021-06-04,394.046551239309,396.07884192817824,392.25776845640075,395.7791442871094,55938800,0.0,0.0,0.0,SPY,0.009145884550374905,0.009104314220982736,2.974346875385239,0.13897456135710637,0.11979559104618824,0.16927176187988974,386.68614074707034,349.9369189453125,True
2021-06-07,395.76971879667013,395.94766246182473,394.45857751190186,395.3951110839844,51555000,0.0,0.0,0.0,SPY,-0.0009703219804992891,-0.0009707930476213839,2.970490479253924,0.13659476115519778,0.11916517736152629,0.16751942298224307,387.29469970703127,350.352843170166,True
2021-06-08,396.2567109338169,396.3503700083469,393.6438028130732,395.4794006347656,47134300,0.0,0.0,0.0,SPY,0.00021317802981979384,0.0002131553106123615,2.9713369005917096,0.13427779622477848,0.11641037619173933,0.16716706087512367,387.787314453125,350.76432861328124,True
2021-06-09,396.32236088203933,396.3972995901698,394.66470636912584,394.88946533203125,48436300,0.0,0.0,0.0,SPY,-0.0014916966643205853,-0.001492810351449792,2.9654128705842036,0.12949734331526186,0.11614862314313512,0.16696393738513565,388.2718780517578,351.16730895996096,True
2021-06-10,396.11626494663284,397.68028871902106,394.79574906929327,396.7250061035156,51020100,0.0,0.0,0.0,SPY,0.00464823940021053,0.004637469695996638,2.983845058927355,0.12558981242580544,0.11497003638495275,0.16685994296853737,388.81281982421876,351.5635430908203,True
2021-06-11,397.2776102452818,397.4929947063824,395.98518915571566,397.380615234375,45570800,0.0,0.0,0.0,SPY,0.0016525530802773414,0.0016511891169102605,2.990428574350833,0.09576705905645709,0.11497273479031664,0.15603241490479394,389.33690551757815,351.95750091552736,True
2021-06-14,397.4929552839291,398.37329916833056,396.24737815172665,398.2702941894531,42358500,0.0,0.0,0.0,SPY,0.002238858467098037,0.0022363559579599906,2.9993625791518683,0.08887195115640642,0.11459313497341606,0.1556782496013362,389.7986175537109,352.3399365234375,True
2021-06-15,398.4201999673124,398.4576407391281,396.65951194675006,397.53985595703125,51508500,0.0,0.0,0.0,SPY,-0.0018340263963407821,-0.0018357102819274041,2.9920276426131664,0.07442596104358687,0.11464873035461431,0.1555102156713317,390.138017578125,352.7152020263672,True
2021-06-16,397.68030413045653,397.90506306952614,393.2692384667754,395.3202209472656,80386100,0.0,0.0,0.0,SPY,-0.005583427614879288,-0.005599073211392998,2.9697384452340385,0.07690422009444776,0.11534791858621608,0.15462851881542658,390.4375207519531,353.06895416259766,True
2021-06-17,394.9081992562891,396.1724969552145,392.707339225867,395.18914794921875,90949700,0.0,0.0,0.0,SPY,-0.00033156158248826006,-0.0003316165611826356,2.9684222324730722,0.069140011817433,0.1109583654506991,0.15454042205743715,390.72559936523436,353.4279295349121,True
2021-06-18,391.89672917997007,392.5920221743428,389.6511060005614,389.8578186035156,118676300,1.376,0.0,0.0,SPY,-0.013490576280673072,-0.013582400884579713,2.9148859296319753,0.08504352950750177,0.11466792560445928,0.15524545118350191,390.8709020996094,353.74501876831056,True
2021-06-21,391.62429220073597,395.62698739769405,390.80684682653913,395.4390563964844,72822000,0.0,0.0,0.0,SPY,0.014316085317875427,0.014214577814810425,2.9709317706103366,0.09105887686910727,0.116894451206473,0.15563386634629545,391.07219787597654,354.0664064025879,True
2021-06-22,395.42962964829377,398.3893561584909,394.7061211924349,397.5531005859375,57700300,0.0,0.0,0.0,SPY,0.00534606826325601,0.005331828767982228,2.9921606429247514,0.09216936542796778,0.11571655557285401,0.15560252195135027,391.31296630859373,354.45534759521485,True
2021-06-23,397.62833378473624,398.4363740041373,396.98941426136173,397.073974609375,49445400,0.0,0.0,0.0,SPY,-0.001205187372092742,-0.0012059141944237518,2.9873493413305328,0.08626870476451698,0.11509259648824034,0.15558839432485103,391.52130126953125,354.8549473571777,True
2021-06-24,399.22560514669493,399.84571427828763,398.9718954640753,399.42291259765625,45110300,0.0,0.0,0.0,SPY,0.005915618092553254,0.005898189523905033,3.0109369772354375,0.08756236054447107,0.11513677966057727,0.15330673050795388,391.80302490234374,355.30961944580076,True
2021-06-25,400.1746600103502,401.292783582141,399.84579507613284,400.8417663574219,58129500,0.0,0.0,0.0,SPY,0.003552259309657746,0.0035459649383114914,3.025184865453273,0.08796433255551182,0.11131496884145509,0.15303821181828062,392.03033447265625,355.740926361084,True
2021-06-28,401.3679429641706,401.81893148712265,400.1652591125572,401.6498107910156,53159600,0.0,0.0,0.0,SPY,0.0020158688575213635,0.002013839720421248,3.033299110269306,0.08801026241663829,0.11126670628164402,0.15094015756716836,392.2477691650391,356.20358444213866,True
2021-06-29,402.03508750906747,402.67400709351523,401.3303892006845,401.865966796875,35970500,0.0,0.0,0.0,SPY,0.0005381703166589258,0.0005380255549493675,3.03546971212866,0.0879919246894788,0.11098865869162082,0.15036107230477827,392.5079248046875,356.6665364074707,True
2021-06-30,401.40546841358946,402.8806434750254,401.3772816335601,402.2041320800781,64827900,0.0,0.0,0.0,SPY,0.0008414877375622076,0.0008411338852503141,3.03886551040672,0.08772223725119847,0.11085652183477941,0.14992926137515528,392.8317852783203,357.1108116149902,True
2021-07-01,402.96519934453073,404.59071343950365,402.8994206337779,404.43096923828125,53441000,0.0,0.0,0.0,SPY,0.005536584486804275,0.0055213139414285765,3.0612270305359264,0.08904849726961173,0.10951505067094361,0.1498813804692119,393.1271337890625,357.5583056640625,True
2021-07-02,405.59611419519825,407.87932951282806,404.5155540009205,407.52227783203125,57697700,0.0,0.0,0.0,SPY,0.00764360009217957,0.0076145357909706704,3.092269425840893,0.08967895673064595,0.10703759140705937,0.14995538435937428,393.55548400878905,358.02750518798825,True
2021-07-06,407.57866250692047,407.79478028651687,404.036389732283,406.7799987792969,68710400,0.0,0.0,0.0,SPY,-0.0018214441102047951,-0.0018231049565937594,3.0848155857978243,0.08641345699204415,0.10714528184329661,0.14932619607546502,393.88526428222656,358.50678817749025,True
2021-07-07,407.46589321419077,408.4994562952336,405.44576413602323,408.2175598144531,63549500,0.0,0.0,0.0,SPY,0.0035340012770299634,0.0035277713678737673,3.099251329294466,0.08631758116736671,0.10725677047216838,0.14888264961193318,394.2275,359.01115707397463,True
2021-07-08,402.88063542340194,405.65245965927846,401.6967333373441,404.8913879394531,97595200,0.0,0.0,0.0,SPY,-0.00814803722924573,-0.008181413911198152,3.06585047685134,0.09256431137116329,0.10858047901882442,0.14905440376541026,394.5048956298828,359.51599761962893,True
2021-07-09,406.40417418784455,409.51424014433434,404.69409956711894,409.21356201171875,76238600,0.0,0.0,0.0,SPY,0.010674897518225146,0.01061832306126623,3.109253014016155,0.09766556365930563,0.10959818221576206,0.14917853756069624,394.8709826660156,360.0269731140137,True
2021-07-12,409.1290213300447,410.93306153821294,408.69681441503684,410.6793518066406,52889600,0.0,0.0,0.0,SPY,0.003581967781605133,0.003575567813444173,3.123972225918825,0.09733150210197485,0.10971398345597237,0.14893243866841763,395.21656188964846,360.580877532959,True
2021-07-13,409.8899684266576,411.3933300302101,409.0161497097899,409.27923583984375,52911300,0.0,0.0,0.0,SPY,-0.0034092679864170528,-0.003415092783148763,3.109912499432127,0.09890665601630429,0.10999691953560813,0.148669801128788,395.58583557128907,361.12378433227536,True
2021-07-14,410.9799818157925,411.46859091611077,408.64039298286,409.8900451660156,64130400,0.0,0.0,0.0,SPY,0.0014924024301365968,0.0014912899043830656,3.1160461428339286,0.09886299622832796,0.10964693813926095,0.14821559739231094,395.9504681396484,361.64543884277344,True
2021-07-15,408.54639430906644,409.22290566866724,406.5826389383098,408.4900207519531,55126400,0.0,0.0,0.0,SPY,-0.003415609699658484,-0.00342145621119927,3.101987335704223,0.09966122030364179,0.10818260805626954,0.14808195374590893,396.3354248046875,362.13471725463864,True
2021-07-16,409.67403653672767,409.72100495594833,404.89148728557234,405.2861022949219,75874700,0.0,0.0,0.0,SPY,-0.007843321242299695,-0.007874241872766672,3.0698141312984495,0.10191379043226294,0.10941177901172608,0.14829327886418306,396.6538690185547,362.6164347839356,True
2021-07-19,400.4471220397971,405.3518228866035,396.4820188366375,399.3008117675781,147987000,0.0,0.0,0.0,SPY,-0.01476806259442942,-0.01487819608134753,3.009710861459741,0.11595991337203432,0.11314265257289098,0.14914931289962596,396.79042175292966,363.0565141296387,True
2021-07-20,399.96793955404695,406.3008475109484,399.16927577919,405.0229797363281,99608200,0.0,0.0,0.0,SPY,0.014330469160380055,0.014228758542816609,3.067171899301931,0.11363640894342047,0.11536624660596342,0.14956876377243478,396.9842895507812,363.5152117919922,True
2021-07-21,406.2256213642959,408.44308660228415,404.97596917781965,408.3021240234375,64724400,0.0,0.0,0.0,SPY,0.00809619318203647,0.008063594840132313,3.100100508703229,0.10687596634529624,0.11498062524381852,0.1497236260864173,397.32203369140626,364.0051774597168,True
2021-07-22,408.48065410397567,409.4014700806899,407.4940880872588,409.15716552734375,47878500,0.0,0.0,0.0,SPY,0.0020941392503193157,0.0020919495971456754,3.108686690108759,0.10600967311171579,0.11323048353689719,0.14965982306463055,397.7467449951172,364.4719044494629,True
2021-07-23,411.09270795314995,413.7047879837423,410.406820096168,413.3665466308594,63766600,0.0,0.0,0.0,SPY,0.01028793201773781,0.01023537143092349,3.150956579458782,0.10986752257925632,0.11303885882981848,0.1493452371594302,398.4204736328125,364.98212631225584,True
2021-07-26,412.77467409357666,414.390783326833,412.7277056770462,414.3813781738281,43719200,0.0,0.0,0.0,SPY,0.002455040329799596,0.002452031641583602,3.1611473452686,0.1089396051372369,0.11305644385045739,0.14914533382636755,399.0232806396484,365.47032699584963,True
2021-07-27,413.33843005163095,413.366616835825,409.6551944295432,412.4927978515625,67397100,0.0,0.0,0.0,SPY,-0.004557589751230107,-0.00456800722784098,3.142182542774446,0.11087742040065177,0.11356966478435568,0.14914331978849177,399.47031372070313,365.9350492858887,True
2021-07-28,413.12236383537964,413.7049098976194,410.89552158328564,412.3236999511719,52472400,0.0,0.0,0.0,SPY,-0.00040994146145423294,-0.000410025510426033,3.140484490409251,0.11102282821462076,0.11357502111378742,0.14895525058100614,399.93381774902343,366.38465789794924,True
2021-07-29,413.25383798722675,415.1142229497678,413.244432835135,414.03369140625,47435300,0.0,0.0,0.0,SPY,0.004147206321830632,0.0041386303643596726,3.1576559338633174,0.1114250256993462,0.11322359071006073,0.14857582900959648,400.4985778808594,366.8168829345703,True
2021-07-30,411.4592154045569,413.4793446420124,411.32765796830415,412.0229797363281,68951200,0.0,0.0,0.0,SPY,-0.004856396258701934,-0.0048682268693094844,3.137464709141134,0.11354191812533344,0.1128189719385609,0.14862387328038065,401.04335327148436,367.24974365234374,True
2021-08-02,413.7423709785831,414.2967300777739,410.80142613559934,411.1584777832031,58783300,0.0,0.0,0.0,SPY,-0.0020981886827725615,-0.002100392964519217,3.1287835275130433,0.11292393299154732,0.11294168991883959,0.1485145737709894,401.48804748535156,367.68850677490235,True
2021-08-03,411.9572078453096,414.62566180738776,409.75855272178563,414.5035095214844,58053900,0.0,0.0,0.0,SPY,0.008135626331521317,0.008102710530211431,3.1623737674966304,0.11331129666452718,0.11297936386858067,0.1485647893547074,402.0060125732422,368.14599349975583,True
2021-08-04,413.2162357099742,414.47529306625523,412.22966968933605,412.4645690917969,46732200,0.0,0.0,0.0,SPY,-0.00491899437001464,-0.004931132443925129,3.1418990743684176,0.11472498674751463,0.11359599424617152,0.14867041079032722,402.4039685058594,368.5942613220215,True
2021-08-05,413.62967177045795,415.1612205024383,413.3102120156651,415.07666015625,38969700,0.0,0.0,0.0,SPY,0.006332885925704357,0.006312917464612827,3.168129248722173,0.11600305047879814,0.11322688765591063,0.1486745656154269,402.87158447265625,369.08012939453124,True
2021-08-06,415.3961145625114,416.1853731243509,415.1142180712691,415.7625427246094,46930000,0.0,0.0,0.0,SPY,0.0016524238392521262,0.0016510600891020096,3.175016764857846,0.11133122336038441,0.11249844582809386,0.14857451263690943,403.3373718261719,369.5630592346191,True
2021-08-09,415.7343099354797,416.0537696508061,414.653778524238,415.42425537109375,41222600,0.0,0.0,0.0,SPY,-0.000813655196783114,-0.0008139863938383968,3.1716197407704625,0.10611436840650705,0.11042537430453155,0.14858755460259981,403.7922723388672,370.04731857299805,True
2021-08-10,415.87526132819306,416.65514335880624,415.18937346245787,415.9410400390625,43339300,0.0,0.0,0.0,SPY,0.001243992523997317,0.0012432194063993545,3.17680920454094,0.10563305903596784,0.10857952086290684,0.14857681879055998,404.2434606933594,370.5254248046875,True
2021-08-11,417.0122013066696,417.0685748670529,415.88467275051914,416.974609375,44034300,0.0,0.0,0.0,SPY,0.002484893858611281,0.002481811614843475,3.1871881320818947,0.10476471565370718,0.09861853317770904,0.1482783558965553,404.72224975585937,371.00326095581056,True
2021-08-12,416.82419118810685,418.3651446773449,415.9221857189784,418.22418212890625,38909400,0.0,0.0,0.0,SPY,0.0029967598165729914,0.0029922784826292735,3.1997361292205486,0.1049997671517676,0.09633706794096089,0.14774037312542873,405.2136706542969,371.5170426940918,True
2021-08-13,418.6753597988097,419.0042247475867,418.18677928941827,418.9854431152344,39470300,0.0,0.0,0.0,SPY,0.001820222308650532,0.0018185677115428605,3.2073805826134016,0.10379775974356607,0.09205558357465968,0.1477107307283469,405.7495355224609,372.0400685119629,True
2021-08-16,417.679364182721,420.1035136305941,416.1196285607499,419.97198486328125,73740000,0.0,0.0,0.0,SPY,0.002354596715131052,0.002351828996009093,3.217287267112529,0.09844003045424704,0.09177762670174477,0.1477102838900165,406.2333923339844,372.6217530822754,True
2021-08-17,417.40680489265077,418.08331627311867,414.2215841205355,417.2189025878906,92673900,0.0,0.0,0.0,SPY,-0.006555395061141667,-0.006576976029564672,3.1896412829902845,0.08419350546552705,0.09096843534514595,0.14790167641127225,406.6698681640625,373.17424224853517,True
2021-08-18,416.2041743706888,417.7733150905875,412.40822044306,412.6524963378906,89351900,0.0,0.0,0.0,SPY,-0.010944869040390715,-0.011005204767865505,3.1437862078217416,0.0834763982484819,0.09388810092736163,0.14839483654924993,407.013330078125,373.71988677978516,True
2021-08-19,409.91819966300045,414.4940636710407,409.77726576987084,413.2913513183594,92812200,0.0,0.0,0.0,SPY,0.0015481670076840093,0.0015469698326008657,3.1502014809155874,0.07934577182827697,0.09183277567072032,0.14829998638385936,407.38136779785157,374.2517156982422,True
2021-08-20,413.6390701113293,416.9088514737455,413.15046099796143,416.5799865722656,72008700,0.0,0.0,0.0,SPY,0.007957183820604508,0.00792569237858248,3.1832253969917774,0.08324918828190755,0.09280566899825439,0.14844316867293253,407.7784674072266,374.7728924560547,True
2021-08-23,418.2712546656788,421.1558260664564,416.65514571004115,420.2444152832031,54973000,0.0,0.0,0.0,SPY,0.00879645885317104,0.008757995405840652,3.220022967069956,0.08125966170454219,0.09229091584365243,0.14862003676660776,408.2357434082031,375.27748809814454,True
2021-08-24,420.9115295410156,421.44710704404645,420.3947623411215,420.9115295410156,38744700,0.0,0.0,0.0,SPY,0.001587443481819717,0.0015861848252704265,3.226722015022161,0.08109222926932258,0.09204849831261669,0.14834961680107356,408.6885681152344,375.7542807006836,True
2021-08-25,421.0994762269488,422.3115365062703,420.7236142411114,421.7947692871094,40529700,0.0,0.0,0.0,SPY,0.0020983976063968512,0.002096199045239341,3.235591358381388,0.0788422999656753,0.09205293215140628,0.14833408767857312,409.1736663818359,376.2358613586426,True
2021-08-26,421.512902218037,421.7478016384588,419.2109051024509,419.30487060546875,57829600,0.0,0.0,0.0,SPY,-0.005903104692001948,-0.005920596887315062,3.210588219160324,0.08236295742663462,0.09312492143616806,0.1482332279005601,409.653359375,376.68454330444337,True
2021-08-27,420.11285753190714,423.4296357803634,420.0564839720999,423.0538024902344,77235100,0.0,0.0,0.0,SPY,0.008940825989815604,0.008901093457282119,3.2482343557426043,0.08638410727147407,0.09444203081470114,0.14843692237710884,410.2106524658203,377.15438613891604,True
2021-08-30,423.7303129859582,425.7034735977649,423.48600844448214,424.9142150878906,48357400,0.0,0.0,0.0,SPY,0.004397579188994971,0.004387938092290146,3.2669163027353916,0.0843480409358258,0.09456556702586512,0.14837679176718951,410.91178039550783,377.62130813598634,True
2021-08-31,424.82024545480607,425.1584868096362,423.683340446527,424.28466796875,59300200,0.0,0.0,0.0,SPY,-0.0014815863927037931,-0.0014826850271052532,3.260594497602453,0.08404481269212172,0.09472118273125098,0.14832362796255646,411.48869262695314,378.1011631774902,True
2021-09-01,425.22426566850635,425.74103285220224,424.2752629656099,424.5101623535156,48721400,0.0,0.0,0.0,SPY,0.0005314695575617812,0.0005313283776361474,3.262858873875044,0.0805478497745149,0.09420433422997329,0.1480905866984763,412.0278338623047,378.5594190979004,True
2021-09-02,425.9384669949634,426.6243550139611,424.6136307014119,425.8163146972656,42501000,0.0,0.0,0.0,SPY,0.0030768458792802544,0.0030721220761269594,3.2759750336350795,0.07766928453428826,0.09291650270051614,0.14749446149192658,412.6026806640625,379.0034307861328,True
2021-09-03,424.6793257059568,426.2296559823971,424.27527695301467,425.7128601074219,47170500,0.0,0.0,0.0,SPY,-0.00024295590909262366,-0.00024298542766074236,3.2749361602335254,0.07586474320740992,0.09285949701898921,0.14314161305130552,413.1284796142578,379.45598831176756,True
2021-09-07,425.3652318920659,425.45919738921737,423.5142234277316,424.19073486328125,51671500,0.0,0.0,0.0,SPY,-0.0035754739562167126,-0.0035818812405005273,3.2596512373281215,0.07762728428707204,0.09332948437622823,0.14291429817679116,413.595458984375,379.92110565185544,True
2021-09-08,423.65516856635304,424.38805353516796,421.74775794287143,423.6739501953125,56181900,0.0,0.0,0.0,SPY,-0.0012182837235596988,-0.0012190264344582578,3.2544617735576438,0.07775681254361208,0.09329986364961017,0.14003971789071448,414.03594177246094,380.37666732788085,True
2021-09-09,423.47667429804756,425.233717323856,421.6162606196501,421.8605651855469,57970400,0.0,0.0,0.0,SPY,-0.004280142805404119,-0.004289328837678626,3.2362520696066843,0.0798194488732956,0.0936413301741738,0.13891850677424444,414.4358337402344,380.83454864501954,True
2021-09-10,423.79611515765436,424.21891687872017,418.41221051546853,418.53436279296875,89948200,0.0,0.0,0.0,SPY,-0.007884601375611311,-0.00791584920453141,3.202850910711227,0.0848008207834084,0.09529622745365005,0.13796672236776214,414.7624383544922,381.2658999633789,True
2021-09-13,421.54106611784215,421.8041522895671,417.2846616131166,419.60546875,83738600,0.0,0.0,0.0,SPY,0.0025591828347941714,0.002555913702753081,3.2136067746191186,0.08463180505453599,0.09531747214359323,0.137971036317469,415.06592834472656,381.6758367919922,True
2021-09-14,421.05242685372514,421.2591394505679,416.4484048413986,417.3410339355469,78197100,0.0,0.0,0.0,SPY,-0.00539658079576244,-0.005411194939222231,3.1908677052183148,0.08653044473777267,0.09598860954156031,0.13760912237168707,415.2623034667969,382.0770541381836,True
2021-09-15,417.7638983655694,421.32498145214555,416.6551800315069,420.8269958496094,78792200,0.0,0.0,0.0,SPY,0.008352789758509171,0.008318098256810413,3.225873142065729,0.09111162657237498,0.09627393157905938,0.13774200136189566,415.5432434082031,382.4910069274902,True
2021-09-16,420.30078497254937,421.2779457838027,417.2000958380673,420.15985107421875,77786700,0.0,0.0,0.0,SPY,-0.001585318389671575,-0.0015865763365432181,3.2191737876611928,0.08810571286278118,0.09637759759120355,0.1376730232829713,415.78208923339844,382.90910705566404,True
2021-09-17,419.38507550677497,419.8092317575897,415.70888206973706,416.06707763671875,118425000,1.428,0.0,0.0,SPY,-0.00974099126091188,-0.009788745082372938,3.178074852667317,0.08624019867250117,0.09435819151467717,0.13774516075562904,416.00560302734374,383.288338470459,True
2021-09-20,409.92127316182945,411.50484731751953,404.24675595478044,409.1294860839844,166445500,0.0,0.0,0.0,SPY,-0.016674214148690192,-0.016814793751284963,3.1084087378446847,0.10439249733806383,0.09697023490182687,0.13831869782447195,416.00392150878906,383.6293034362793,True
2021-09-21,411.4765375298209,412.7773407564991,408.21512294709,408.74298095703125,92526100,0.0,0.0,0.0,SPY,-0.0009447012256500464,-0.0009451477370883372,3.104527519074572,0.09980101445035287,0.09652310238766995,0.13778312476232013,415.9651940917969,383.96880096435547,True
2021-09-22,411.0240764545246,414.7756654597537,408.8560902489832,412.7301940917969,102350100,0.0,0.0,0.0,SPY,0.009754817380423164,0.009707546314499002,3.144566435456065,0.10102019368357823,0.09822898836174528,0.1377557323032878,416.0342132568359,384.3135481262207,True
2021-09-23,414.6060020669827,419.35675292340466,414.3703501422846,417.744873046875,76396000,0.0,0.0,0.0,SPY,0.01215001719492026,0.012076798213958982,3.194922988912346,0.1104077891867743,0.10036001252890732,0.13599223097887245,416.1913098144531,384.68690048217775,True
2021-09-24,416.10474125194315,419.1493744484677,415.8879311273014,418.4329833984375,62094800,0.0,0.0,0.0,SPY,0.0016472023858573603,0.0016458472359407311,3.2018328760681705,0.11029341782990439,0.10021462641347048,0.13598617260523044,416.3901690673828,385.05867416381835,True
2021-09-27,417.39615861384715,418.5649830834851,416.5383820618651,417.2359313964844,61371100,0.0,0.0,0.0,SPY,-0.0028607974262231384,-0.002864897328373402,3.1898122833908946,0.10886037386319233,0.10042906936730872,0.1352336414243322,416.62916564941406,385.43989273071287,True
2021-09-28,414.4552199782642,414.78513845678503,408.0926174189165,408.8278503417969,130436300,0.0,0.0,0.0,SPY,-0.020151862344515048,-0.020357680901340748,3.105379763006643,0.12367752905298668,0.1086865973269393,0.13604215307357798,416.81970642089846,385.7796282958984,True
2021-09-29,410.213572952659,411.95740348518495,408.9504816995836,409.51605224609375,82329200,0.0,0.0,0.0,SPY,0.0016833537727958259,0.0016819385208574943,3.11229056951946,0.12236999483438327,0.10871681541760139,0.1358830196658687,416.90956787109377,386.12480377197267,True
2021-09-30,410.9958289550851,411.70278478161407,404.17135791481275,404.5107116699219,140506000,0.0,0.0,0.0,SPY,-0.012222574789727547,-0.012297884740452765,3.0620277904764173,0.12764099514915314,0.11102359601660873,0.13638495649811844,416.83373962402345,386.45257400512696,True
2021-10-01,406.24511136235,411.0052691446982,402.7103321875053,409.3179931640625,129240100,0.0,0.0,0.0,SPY,0.011884188367459858,0.011814125944628452,3.1103016938922954,0.13649720102085333,0.11251986036434455,0.13670894525803054,416.83695617675784,386.7814685058594,True
2021-10-04,408.14918498760755,409.0540804379198,401.89025527152086,404.0394287109375,128570000,0.0,0.0,0.0,SPY,-0.012895999055211993,-0.012979874335035061,3.057295247131224,0.1406089785839299,0.11542872945410346,0.13701554184327977,416.65041381835937,387.0812744140625,True
2021-10-05,405.54753517269626,410.49622568957915,404.7463416257037,408.243408203125,90682500,0.0,0.0,0.0,SPY,0.010404874359910998,0.010351116230860078,3.099510894418688,0.14739766446933658,0.11710913791557052,0.13631575435221466,416.5276544189453,387.39247955322264,True
2021-10-06,404.63323802045085,410.147499377374,403.00254494453645,409.94012451171875,113032200,0.0,0.0,0.0,SPY,0.004156138897776218,0.00414752600850318,3.116549031108839,0.14875188141600187,0.11619966173328378,0.13548477454527444,416.47660095214843,387.7190760803223,True
2021-10-07,413.2298202312821,416.33097897892,413.05072245970354,413.48431396484375,72437500,0.0,0.0,0.0,SPY,0.008645627107974674,0.008608467697930723,3.152139179003501,0.15292345625996834,0.11552671108903138,0.13470903888517846,416.4998132324219,388.06955474853515,True
2021-10-08,414.25724273072115,414.6437153400072,412.09866304123756,412.7301940917969,74557400,0.0,0.0,0.0,SPY,-0.0018238173676183855,-0.0018254825474775802,3.144566435456065,0.15251891695377853,0.11538759078129358,0.13451405922863546,416.4737432861328,388.4191564941406,True
2021-10-11,412.07042992014857,414.9925198577681,409.67619805003494,409.7421875,65233300,0.0,0.0,0.0,SPY,-0.0072396123050118,-0.00726594546975131,3.114561381290999,0.15216789357052982,0.11611378028284267,0.1345351011226338,416.4281274414063,388.7522779846191,True
2021-10-12,410.66594475438393,411.0712591964954,407.9417944585742,408.73358154296875,71181200,0.0,0.0,0.0,SPY,-0.0024615623867905168,-0.002464597012452353,3.1044331317566725,0.15169532796343335,0.11618262120348591,0.1337211453348677,416.37962951660154,389.0736819458008,True
2021-10-13,409.761044211489,411.02413525942126,406.77299348127605,410.2040710449219,72974000,0.0,0.0,0.0,SPY,0.003597672342952718,0.003591216199900435,3.119199537318292,0.15176409143164463,0.11619582111603831,0.1335387334463224,416.2936407470703,389.3876429748535,True
2021-10-14,413.88021160469805,417.2547635679065,413.4089077144482,417.10394287109375,70236800,0.0,0.0,0.0,SPY,0.0168205834929811,0.016680684092009613,3.1884868770600034,0.16075152257402406,0.11976452565510959,0.13427814591293066,416.38642822265626,389.7394169616699,True
2021-10-15,419.22486237076555,420.648209501002,418.6027377065452,420.28057861328125,66260200,0.0,0.0,0.0,SPY,0.00761593314204001,0.007587078334811764,3.2203861130820046,0.16302199532875739,0.11650054436922108,0.13441882147269058,416.4905065917969,390.10460052490237,True
2021-10-18,418.4895820363863,421.86410527039766,417.8297450763768,421.5247802734375,62213200,0.0,0.0,0.0,SPY,0.0029604072219122646,0.0029560338456429552,3.2328801746104308,0.15929136224191517,0.11332505869117288,0.13442121956478625,416.60575134277343,390.46718353271484,True
2021-10-19,423.15553826181207,424.842785639923,422.5428201325496,424.7768249511719,46996800,0.0,0.0,0.0,SPY,0.007714954920621242,0.007685346841732835,3.2655366543419415,0.14782608820909215,0.1132258907629446,0.13358239175707212,416.792802734375,390.8697839355469,True
2021-10-20,425.2387449121627,426.74692344151487,425.12563655653105,426.4452819824219,49571600,0.0,0.0,0.0,SPY,0.003927843830561661,0.003920149992199374,3.2822910161737333,0.14763713620890054,0.11338003318416373,0.133580757516744,417.00288757324216,391.2688716125488,True
2021-10-21,425.84191151559463,427.78368126436493,425.4083199861109,427.5574645996094,41305400,0.0,0.0,0.0,SPY,0.002608031239124786,0.002604636227236246,3.293459364918938,0.14499731041717684,0.11176435802708092,0.133552434999142,417.21454467773435,391.6631587219238,True
2021-10-22,427.12384568285273,428.5754696428719,425.1632054936649,427.1144104003906,58845100,0.0,0.0,0.0,SPY,-0.001036244799593522,-0.0010367820724320566,3.2890102899797746,0.14016262874735558,0.11174191430813192,0.13350174526820457,417.39234924316406,392.0293264770508,True
2021-10-25,428.20786672133556,429.7348867422343,426.4263529523227,429.40496826171875,45214500,0.0,0.0,0.0,SPY,0.005362867197997057,0.005348538232435455,3.312011682575779,0.14093627612339563,0.11167656948904649,0.1335490489835545,417.6007397460937,392.3968653869629,True
2021-10-26,430.96026549922436,432.1762087588682,429.4143750148794,429.7914123535156,56075100,0.0,0.0,0.0,SPY,0.0008999525398163399,0.0008995478253270658,3.3158922884412307,0.14014700547101475,0.11165617277932019,0.13208205006677554,417.79712829589846,392.7783317565918,True
2021-10-27,430.25334493703315,430.92258842537706,427.8119654031517,427.88739013671875,72438000,0.0,0.0,0.0,SPY,-0.004430107633771829,-0.004439949638779321,3.2967724210676703,0.11852783800618462,0.1118921503617567,0.13212088023557378,418.010498046875,393.1499044799805,True
2021-10-28,429.32017873980527,432.09144821971626,429.310772221921,432.01605224609375,51437900,0.0,0.0,0.0,SPY,0.009648945504226791,0.009602691725001616,3.3382317440026172,0.1212716416502742,0.1128021672704588,0.12750737256622266,418.39776916503905,393.53735992431643,True
2021-10-29,429.7066504349592,433.18487581977735,429.4144442929163,432.8926696777344,70162400,0.0,0.0,0.0,SPY,0.002029131619260438,0.002027075712363658,3.3470345872060525,0.10875945981800045,0.11267649430438931,0.12720726730776571,418.78979553222655,393.9354063415527,True
2021-11-01,433.8823570500241,434.25942318135986,431.9029036910467,433.6372985839844,48433600,0.0,0.0,0.0,SPY,0.0017201236204908987,0.0017186459021854377,3.3545120240785966,0.10420417909087223,0.11171523265063829,0.12665235433291094,419.1309417724609,394.3500575256348,True
2021-11-02,433.80695926029597,435.70161012769955,433.6749803616617,435.3905334472656,48908400,0.0,0.0,0.0,SPY,0.0040430905482677915,0.004034939221325669,3.372117710485467,0.08725424534616356,0.1113068865064982,0.1263001915155078,419.43386413574217,394.75970626831054,True
2021-11-03,434.82494436908786,438.4539899664902,434.381917575128,438.0486755371094,52509800,0.0,0.0,0.0,SPY,0.006105190365067292,0.006086629198363796,3.3988103214064633,0.08423528612163064,0.11126249750889361,0.12533390217166474,419.77660705566404,395.1581881713867,True
2021-11-04,438.6519472579283,440.19783784094693,438.303186978276,440.1130065917969,52847100,0.0,0.0,0.0,SPY,0.004712560886427353,0.004701491534413728,3.4195399828739363,0.08432234739795282,0.11151692907267749,0.12359947436112037,420.1429718017578,395.56535858154297,True
2021-11-05,442.34703160450744,443.6383998174654,440.1224907810986,441.64007568359375,66390600,0.0,0.0,0.0,SPY,0.00346972043299143,0.0034637148408577195,3.4348745510569367,0.08214420420930255,0.11157403026720016,0.12226203235737494,420.5896759033203,395.9865119934082,True
2021-11-08,442.74291629469593,443.2424973018923,441.3290045272223,442.01708984375,50405200,0.0,0.0,0.0,SPY,0.0008536683623483476,0.000853304194749412,3.438660463152158,0.08060889209284379,0.11157323755369172,0.12225376780934832,420.9689416503906,396.40250213623045,True
2021-11-09,442.38475296246435,442.62040494088984,439.1421794380408,440.55609130859375,51149100,0.0,0.0,0.0,SPY,-0.0033052987513960685,-0.0033107733180281888,3.42398936426543,0.07510240888449601,0.1118585231265593,0.12180761012184248,421.2817791748047,396.8139878845215,True
2021-11-10,438.8592828332741,440.5559939626962,435.5224722676754,437.01177978515625,69429700,0.0,0.0,0.0,SPY,-0.008045085729968537,-0.008077622054681164,3.3883979905614456,0.08275866026498452,0.1131885226862729,0.12212843966041828,421.5363214111328,397.2515327453613,True
2021-11-11,438.5105557419173,438.58598047307254,437.1343564424519,437.1531982421875,34848500,0.0,0.0,0.0,SPY,0.0003236033067592903,0.0003235509585022924,3.3898180906625672,0.0833373272881117,0.11316912089358432,0.1219686277498676,421.78918212890625,397.67475509643555,True
2021-11-12,438.42576092547034,441.00849724307704,437.4737177867428,440.4523620605469,53466700,0.0,0.0,0.0,SPY,0.0075469282430631335,0.007518592655241014,3.422947732792898,0.06898136431033834,0.11395161006710752,0.12165036521888414,422.0819030761719,398.14975891113284,True
2021-11-15,441.74378673704854,441.9040139734473,439.47209821179746,440.60321044921875,46980500,0.0,0.0,0.0,SPY,0.0003424851395192885,0.00034242650487117444,3.42446252666425,0.06689538067278447,0.1129773949035004,0.12098840724430339,422.3797100830078,398.5967658996582,True
2021-11-16,440.339195278399,443.4875016443956,440.26379931709175,442.3469543457031,48857500,0.0,0.0,0.0,SPY,0.003957628667087043,0.003949817856164261,3.441972906396229,0.06711583447046783,0.11053688550218123,0.12048545801602488,422.7428344726562,399.02766128540037,True
2021-11-17,442.0830287486085,442.2621265199657,440.65027534385655,441.27239990234375,47858300,0.0,0.0,0.0,SPY,-0.0024292118049027422,-0.0024321671269381872,3.4311824133749536,0.06600734279137253,0.11076136672621122,0.12036206808411058,423.09480346679686,399.4517835998535,True
2021-11-18,442.3092818090162,443.0351082367169,439.57572489933375,442.77117919921875,50625600,0.0,0.0,0.0,SPY,0.003396494539895656,0.0033907394799871796,3.4462329002472636,0.06581935867267476,0.10998061628344921,0.1196559044965557,423.5130157470703,399.863143157959,True
2021-11-19,442.6580812235169,443.91176583702435,441.6118002643481,441.97943115234375,57315600,0.0,0.0,0.0,SPY,-0.001788165273780784,-0.0017897659497707252,3.4382823009758994,0.06689136552855887,0.10896033415339955,0.11965381362618609,423.98191711425784,400.26344985961913,True
2021-11-22,443.8645720191761,446.3624767742698,440.52773256865373,440.735107421875,72762000,0.0,0.0,0.0,SPY,-0.0028153430742795527,-0.002819313606617334,3.425787013638149,0.06804524378643985,0.10919051064361926,0.11945072302118569,424.4045098876953,400.6444659423828,True
2021-11-23,440.4052188410492,442.17732611315665,437.79420558269936,441.3195495605469,73206500,0.0,0.0,0.0,SPY,0.0013260621376196546,0.0013251836937182833,3.431655882226103,0.06658247071518782,0.10916278479796941,0.11935276075712531,424.8840802001953,401.02961837768555,True
2021-11-24,439.3117535073813,442.6203158234828,438.49168939015044,442.4977722167969,61858800,0.0,0.0,0.0,SPY,0.0026697721807775743,0.002666214669452084,3.44348739381525,0.06672640722953946,0.10838547168472455,0.1184145897339738,425.31749572753904,401.4214549255371,True
2021-11-26,435.80530697500916,437.2757729097936,431.49758222572393,432.62872314453125,112669600,0.0,0.0,0.0,SPY,-0.022303048042082385,-0.022555522039125215,3.3443840809966012,0.1044515797509419,0.11663742405377624,0.12067829501277878,425.56687316894534,401.7610060119629,True
2021-11-29,437.43599642318605,439.78308057442894,435.23029768476994,437.9355773925781,86268800,0.0,0.0,0.0,SPY,0.012266532396356888,0.01219190812213357,3.397674609068363,0.10767002442878204,0.1187806243060068,0.12118895983312605,426.0042431640625,402.1180827331543,True
2021-11-30,435.48482555019865,437.39831833000216,429.1693414654298,429.4144287109375,148559600,0.0,0.0,0.0,SPY,-0.019457539239845834,-0.019649329071595743,3.3121066827983414,0.12805160610376706,0.12526749098665155,0.1227932820105677,426.4099420166016,402.4341407775879,True
2021-12-01,435.1454704103125,438.00157083991655,424.4468663284383,424.6448059082031,131939200,0.0,0.0,0.0,SPY,-0.011107271865671398,-0.011169418222632734,3.264210941558722,0.13304747098042877,0.12729675073989685,0.12298031412950673,426.727978515625,402.7259306335449,True
2021-12-02,424.86156562340545,432.722910142391,424.465657744763,431.14874267578125,127637800,0.0,0.0,0.0,SPY,0.01531618114030131,0.015200072497659723,3.32952236876009,0.1436974337774727,0.13079042094083615,0.12381598753038267,427.0963494873047,403.05803512573243,True
2021-12-03,432.8172113357215,433.8823339250444,423.15548194038644,427.397216796875,137331600,0.0,0.0,0.0,SPY,-0.00870123348991736,-0.008739310259521297,3.2918501837296885,0.1443691880309105,0.13200339885942175,0.12418671790167683,427.2893963623047,403.37460235595705,True
2021-12-06,429.9516748417892,434.34423038043997,427.5291660360214,432.4590148925781,98977500,0.0,0.0,0.0,SPY,0.01184331085176149,0.011773727703541449,3.3426798995847893,0.15000952986104032,0.13384905227017857,0.12442887620057552,427.5699169921875,403.73048095703126,True
2021-12-07,437.7565007699795,441.9699588724803,432.32707052619116,441.4043884277344,95484700,0.0,0.0,0.0,SPY,0.020684904758843548,0.020473877211306925,3.4325078197058447,0.1670574813477035,0.13984575306174651,0.12594767941588367,428.0532861328125,404.12889236450195,True
2021-12-08,441.8002646583124,443.02564322888617,440.03756399938356,442.57318115234375,72238800,0.0,0.0,0.0,SPY,0.0026478955698030493,0.002644396070506679,3.4442446375247613,0.16728476462772243,0.13953121221870982,0.12594378705223397,428.72819274902344,404.5132180786133,True
2021-12-09,441.28185717622887,442.67692714355326,439.387234967476,439.5851745605469,61272600,0.0,0.0,0.0,SPY,-0.00675144070866851,-0.006774334788021112,3.414239583359695,0.16859283410965534,0.13926271783681526,0.1257864397257093,429.3295751953125,404.9266639709473,True
2021-12-10,442.2998872884148,443.87402627279704,439.7359928119884,443.72320556640625,77159800,0.0,0.0,0.0,SPY,0.00941349082119558,0.00936946002313601,3.4557929871602093,0.1690095722523456,0.14028219033734257,0.12605703582581176,430.1138250732422,405.3699948120117,True
2021-12-13,443.2047464865836,443.55350675639556,439.50971139770047,439.7925109863281,87724700,0.0,0.0,0.0,SPY,-0.00885843816768761,-0.008897907394428466,3.4163216204954345,0.17228343229042553,0.14108493012996184,0.12642857805143343,430.7233154296875,405.7506390380859,True
2021-12-14,436.5121993902541,439.010104059482,433.8351969554868,436.7666931152344,97264100,0.0,0.0,0.0,SPY,-0.006880103220283873,-0.006903880252159006,3.3859368718924543,0.17193059969291122,0.14109098343806575,0.1265567883175655,431.37786071777344,406.1303428649902,True
2021-12-15,436.8233603406868,443.8363365662243,434.29714933729264,443.5912780761719,116899300,0.0,0.0,0.0,SPY,0.0156252412752933,0.015504424099302748,3.4544681937339794,0.18063034441687614,0.14415842207192003,0.12678263259346034,432.0848181152344,406.56806655883787,True
2021-12-16,445.4481369657299,445.73090777517467,438.12405657395834,439.67938232421875,116568600,0.0,0.0,0.0,SPY,-0.008818694021484719,-0.00885780883444756,3.4151856017050033,0.18285357539688105,0.14389320833699135,0.12716463180555818,432.6796032714844,407.0082606506348,True
2021-12-17,436.58910721798844,439.60659254948297,433.28785760056076,434.9999694824219,135511600,1.633,0.0,0.0,SPY,-0.010642784333121824,-0.010699823829324929,3.3681957335553525,0.18628273909351545,0.1413798892861832,0.12761227169931771,433.10991638183594,407.39271270751954,True
2021-12-20,429.9014604647388,430.77169014947333,426.7420931242701,430.3744201660156,107134800,0.0,0.0,0.0,SPY,-0.010633447450375422,-0.010690386551725654,3.321746753769638,0.1887981070084642,0.14324082334928798,0.1280420895836009,433.4628009033203,407.76295166015626,True
2021-12-21,433.8081332003128,438.1593687255193,431.63252987129584,438.0174865722656,69806300,0.0,0.0,0.0,SPY,0.017759109389683836,0.017603258878885038,3.398497127124344,0.1999538244067459,0.14612677007566557,0.12906427889812036,434.02830688476564,408.14596908569337,True
2021-12-22,437.7620345389874,442.5105393973741,437.5633706863754,442.39703369140625,58890200,0.0,0.0,0.0,SPY,0.009998566845842216,0.009948911887648694,3.4424757946711413,0.20287146159844271,0.1455207860564577,0.12934882339500525,434.7015759277344,408.53963592529294,True
2021-12-23,443.3997624025647,446.6537277682901,443.2957251145635,445.14971923828125,56439700,0.0,0.0,0.0,SPY,0.006222206157004084,0.006202928158732694,3.4701177949130857,0.20390291848027667,0.14589681227066004,0.12945225796820195,435.4004888916016,408.9286299133301,True
2021-12-27,446.5307010758358,451.49677783042705,446.48341665361187,451.4494934082031,56808600,0.0,0.0,0.0,SPY,0.014152034467643348,0.014052829302236227,3.533379056021121,0.2092586622601933,0.14800774548142231,0.13008216164183212,436.08739990234375,409.34664901733396,True
2021-12-28,451.88454250211123,452.9155910142482,450.314313092651,451.08050537109375,47274600,0.0,0.0,0.0,SPY,-0.0008173406826170737,-0.0008176748876314496,3.529673740888911,0.19155057558933614,0.14153031549970096,0.12987884700492341,436.7033984375,409.7518551635742,True
2021-12-29,451.1846635723899,452.6792035816923,450.181991278277,451.6576232910156,54503000,0.0,0.0,0.0,SPY,0.0012794122402763897,0.0012785944898550563,3.535469060917463,0.18792100005006396,0.1415316714375798,0.12984458447500918,437.3060552978516,410.16228012084963,True
2021-12-30,452.083263571022,453.095404283241,449.9455053015741,450.40899658203125,55329000,0.0,0.0,0.0,SPY,-0.0027645425308804317,-0.0027683709360701897,3.522930563801064,0.17270378716065415,0.13902038426262153,0.12990107148386756,437.8186987304687,410.5601611328125,True
2021-12-31,449.91717299196114,451.0711670903944,448.9996299056418,449.27392578125,65237400,0.0,0.0,0.0,SPY,-0.0025200890954550914,-0.0025232698649851116,3.511532375807729,0.1667432377580598,0.13772943084971306,0.12988759884919449,438.2752716064453,410.9793440246582,True
2022-01-03,450.5414331852414,452.0076256878553,448.2239477980202,451.87518310546875,72668200,0.0,0.0,0.0,SPY,0.005789913847538353,0.005773216715327747,3.5376537595840354,0.1608521213847469,0.13482138646930172,0.12913751258614717,438.7616259765625,411.4149139404297,True
2022-01-04,453.30345283185306,454.02236074484955,449.86029268767675,451.7237548828125,71178700,0.0,0.0,0.0,SPY,-0.00033511073039149686,-0.00033516689253968476,3.5361331431183975,0.1561944005768476,0.13374636178270852,0.12901519021066174,439.2538128662109,411.8351637268066,True
2022-01-05,451.35491502576446,452.13057588020047,442.9551459366762,443.04974365234375,104538900,0.0,0.0,0.0,SPY,-0.01920202587689679,-0.019388779337495412,3.4490301971231885,0.16969929029543443,0.13997589262093516,0.13050487302370414,439.5267083740234,412.22651290893555,True
2022-01-06,442.58622998244016,445.35776682155085,440.25924753685416,442.6335144042969,86858900,0.0,0.0,0.0,SPY,-0.0009394639180143605,-0.0009399054908237961,3.444850493782835,0.15425654051080762,0.13923435252322694,0.1297729332655908,439.7835504150391,412.62505294799803,True
2022-01-07,442.6429699179935,443.82536910158984,439.5214187529986,440.883544921875,85111600,0.0,0.0,0.0,SPY,-0.003953540401876232,-0.003961376302582986,3.4272775977753644,0.15461900772347872,0.13948228881891025,0.12977520891200392,440.04347351074216,413.00463485717773,True
2022-01-10,437.6769296616079,440.55250393034436,431.9068153934691,440.3349609375,119362000,0.0,0.0,0.0,SPY,-0.0012442831915449037,-0.0012450579546250872,3.4217688106761495,0.15281697790459592,0.13853998574229312,0.12956723524267347,440.2098516845703,413.35206634521484,True
2022-01-11,440.07012698004945,444.4402703281914,437.0620811157376,444.3456726074219,74303100,0.0,0.0,0.0,SPY,0.009108319860368974,0.009067089286751782,3.462043695352391,0.15258675172589672,0.13923424246319652,0.12982460526523956,440.43891174316406,413.72048828125,True
2022-01-12,446.086117009949,447.6090622228809,443.57943642604664,445.54693603515625,67605400,0.0,0.0,0.0,SPY,0.0027034435165878,0.0026997957859742584,3.474106578451323,0.14924341152127832,0.13918743281954285,0.12982474927960255,440.6771044921875,414.09983337402343,True
2022-01-13,446.65367438215316,447.30636106377136,438.3768798065865,439.4079284667969,91173100,0.0,0.0,0.0,SPY,-0.01377858778019958,-0.013874393584572882,3.412459708222163,0.15542095158007077,0.1388176680788893,0.13058233510700373,440.7574523925781,414.44099136352537,True
2022-01-14,436.24855229559944,439.9376320291072,435.0283082374195,439.587646484375,95890900,0.0,0.0,0.0,SPY,0.00040900039788804854,0.00040891678002436167,3.414264405998491,0.14515576508939126,0.1381397534668904,0.1303240964709418,440.7882318115234,414.7630061340332,True
2022-01-18,434.8770031364011,435.08510657220825,430.6865868583265,431.8027648925781,109709100,0.0,0.0,0.0,SPY,-0.01770950947793204,-0.017868199176770898,3.3360899486623623,0.15461819948757463,0.14289943342350103,0.13146291496607834,440.62202697753906,415.01917068481447,True
2022-01-19,433.35409317640193,434.7540355227191,427.0447975842269,427.3191223144531,109357600,0.0,0.0,0.0,SPY,-0.010383543003112616,-0.01043782809378474,3.291065972215062,0.15441305479729883,0.1437273974785645,0.13128765264327175,440.3356079101562,415.2540409851074,True
2022-01-20,429.2109131132616,433.93104152080394,420.4611589616414,422.5894775390625,122379700,0.0,0.0,0.0,SPY,-0.011068179560450808,-0.011129887612848496,3.2435716835288453,0.15476871852829296,0.14524029017040757,0.13181677589487065,439.9470556640625,415.46306228637695,True
2022-01-21,421.4638801817185,423.8286788760082,414.2654468125429,414.2938232421875,202271200,0.0,0.0,0.0,SPY,-0.01963052735052584,-0.01982576546140135,3.1602681335314156,0.15238195055468445,0.15027599911851128,0.13330824345705042,439.4218103027344,415.62156799316404,True
2022-01-24,408.6655338392634,416.5639661506676,398.00503320354795,416.05316162109375,251783900,0.0,0.0,0.0,SPY,0.004246595725560187,0.004237604384005988,3.177935110404454,0.14761620522022853,0.1505642303620328,0.1333161554122177,439.0026379394531,415.7749624633789,True
2022-01-25,409.6398524787366,415.93967913794035,404.0494653685355,410.9736022949219,167997300,0.0,0.0,0.0,SPY,-0.012208918942906433,-0.012284060014275962,3.126927039292803,0.1471065852575186,0.151939041521397,0.13391513337914582,438.47904602050784,415.90225708007813,True
2022-01-26,416.88561104852806,420.02607047448777,405.6669916326692,409.94256591796875,186391100,0.0,0.0,0.0,SPY,-0.0025087654564568407,-0.002511917681747565,3.1165735472953076,0.13210900288629673,0.1519505651616149,0.13157649475149275,437.86885009765626,416.0186837768555,True
2022-01-27,414.5586155924304,417.7085142657729,406.22506858864034,407.9182434082031,149878300,0.0,0.0,0.0,SPY,-0.004938063714444052,-0.004950296237669152,3.0962456448335685,0.13141177790663158,0.15200456466842138,0.13145343120659922,437.21515075683595,416.1315913391113,True
2022-01-28,409.2804709649162,418.09644824979847,404.6833157295444,418.0491638183594,164457400,0.0,0.0,0.0,SPY,0.024835663944596575,0.024532271877556248,3.197978625103172,0.165843643399639,0.15908226696781003,0.13203634541161188,436.72919494628906,416.27445571899415,True
2022-01-31,417.37747913959595,425.9285988508346,416.0248212857858,425.57861328125,152251400,0.0,0.0,0.0,SPY,0.018010918606123916,0.017850643617103423,3.273588076430153,0.1820253262592143,0.16325987520896262,0.13220789556769938,436.4153192138672,416.44845840454104,True
2022-02-01,426.3069072910431,429.0973807997152,422.76917831255236,428.45416259765625,123155400,0.0,0.0,0.0,SPY,0.006756799394207036,0.0067340745326360755,3.302463853756067,0.18491243273450905,0.16381278653012682,0.13166481044011,436.12897888183596,416.64643829345704,True
2022-02-02,430.8662544052309,433.3445584287272,428.5487405020681,432.6162109375,117361000,0.0,0.0,0.0,SPY,0.009714104105349008,0.009667225540411805,3.3442584355409544,0.18752803594653641,0.16479089591761634,0.13196840387954797,435.94171447753905,416.87946380615233,True
2022-02-03,426.5623872138765,428.4731341093042,421.60574966980835,422.4476318359375,118024400,0.0,0.0,0.0,SPY,-0.023504849898080993,-0.023785495291235293,3.2421472930950923,0.2015775250381252,0.17082702378024556,0.13376112538412363,435.57596496582033,417.0433842468262,True
2022-02-04,422.21110476532647,428.293359216209,419.82736954460256,424.43402099609375,118454400,0.0,0.0,0.0,SPY,0.0047020956219436805,0.004691075302552504,3.262094275309595,0.19441219336372229,0.17082572252828723,0.13378213412862747,435.2382543945312,417.23503051757814,True
2022-02-07,425.20018728899146,426.60012935663235,421.7381192397867,423.0718688964844,84472900,0.0,0.0,0.0,SPY,-0.0032093376878992164,-0.003214498657250575,3.2484157755224645,0.1944195221354329,0.17071415669770426,0.13367569060640522,434.849736328125,417.39893493652346,True
2022-02-08,422.5705442284954,427.47986776234546,421.14219683127965,426.5528564453125,81012000,0.0,0.0,0.0,SPY,0.008227887044127247,0.008194222514095587,3.283371260639951,0.1974944323120398,0.1716084392115384,0.13388505828339922,434.7282189941406,417.57617034912107,True
2022-02-09,430.6014195917351,433.1175685965065,430.4027846055387,432.79595947265625,92589900,0.0,0.0,0.0,SPY,0.014636176813750179,0.014530101747536207,3.3460634397696136,0.20526099706363996,0.1741522418490188,0.13460741695953174,434.6254266357422,417.7850421142578,True
2022-02-10,426.93128524545455,432.95678758172915,423.0151936953488,425.0205383300781,140103700,0.0,0.0,0.0,SPY,-0.017965558532598513,-0.01812889846531205,3.2679839826560464,0.21025528017136216,0.1770691574968732,0.1358949198177481,434.537548828125,417.9555987548828,True
2022-02-11,425.1056385655254,427.18664391321806,415.20186134997584,416.6396484375,153214600,0.0,0.0,0.0,SPY,-0.019718788003767918,-0.019915797463524815,3.1838245112985746,0.218093746536503,0.18123355029037413,0.1373417901018078,434.37744567871096,418.0717950439453,True
2022-02-14,416.12890799397803,417.7180457832857,411.79658063441923,415.2775573730469,123006300,0.0,0.0,0.0,SPY,-0.003269230543855528,-0.003274586153697711,3.1701466244161063,0.21462055985254397,0.1805230957548685,0.13738761504456604,434.0600219726563,418.1941050720215,True
2022-02-15,419.73287629852035,422.1449595121164,419.21260324556744,421.9747009277344,88482700,0.0,0.0,0.0,SPY,0.016126909426678715,0.015998252208609367,3.2373982013240346,0.22409373816342096,0.1836865984264524,0.1382688832146798,433.9515716552734,418.3456864929199,True
2022-02-16,419.92201420472077,423.82866614912444,418.03964373808554,422.4476318359375,84863600,0.0,0.0,0.0,SPY,0.0011207565457440616,0.0011201289669915426,3.2421472930950923,0.216673571770398,0.18348679482681537,0.13818382269143514,433.7513439941406,418.51171371459964,True
2022-02-17,419.2503588609792,422.419194331439,412.81811908253826,413.4234924316406,102259100,0.0,0.0,0.0,SPY,-0.02136155756177016,-0.021593017802179666,3.151528419508134,0.22583703047684311,0.18807637228828286,0.1399023748541322,433.19172607421876,418.63201171875,True
2022-02-18,413.6788782748005,414.9369671200802,408.46688251728386,410.7465515136719,132642900,0.0,0.0,0.0,SPY,-0.006475057578909538,-0.006496111697866535,3.124647033951339,0.22393150088857797,0.18818212721581862,0.13983574177681987,432.5551934814453,418.7233786010742,True
2022-02-22,408.5331630880986,411.9479184294001,402.8292411204385,406.338623046875,124391800,0.0,0.0,0.0,SPY,-0.010731504502114242,-0.010789502406279891,3.080383365736858,0.21673816985553987,0.1891583838204354,0.14028811122552926,431.89026245117185,418.77842376708986,True
2022-02-23,409.2615268824227,409.8290843455233,398.5631798415869,399.1307373046875,132578000,0.0,0.0,0.0,SPY,-0.01773861831823942,-0.017897833253347206,3.008003002619959,0.22351923396348203,0.19198942889298237,0.14106866863256415,430.9984130859375,418.81700286865237,True
2022-02-24,388.7918112514867,405.57244232576124,388.43238610030824,405.1372985839844,213942900,0.0,0.0,0.0,SPY,0.015049107267104844,0.014936992867347166,3.0683198697332648,0.2275577060685878,0.19475255323903762,0.13967226552043974,430.3053088378906,418.9030813598633,True
2022-02-25,406.376434848572,414.16136219529494,404.72107583636694,414.07623291015625,121804500,0.0,0.0,0.0,SPY,0.02206396290199586,0.021824075832870778,3.158083128412512,0.24049070408533138,0.20014054527500524,0.14120156789782226,429.85149963378905,419.0750619506836,True
2022-02-28,408.66557993038384,414.501915654171,407.4075197600478,413.0168151855469,145615000,0.0,0.0,0.0,SPY,-0.0025585088937940537,-0.0025617874710471725,3.147444635747334,0.23994249964706224,0.19542869967194934,0.1392359004867701,429.24001037597657,419.2189408874512,True
2022-03-01,411.51272860651227,413.52754127673785,404.01156683261695,406.72637939453125,137785900,0.0,0.0,0.0,SPY,-0.015230459293018472,-0.015347634010423276,3.0842771490525367,0.2290578833700239,0.1957727897427241,0.1398795197961519,428.5809503173828,419.3018670654297,True
2022-03-02,408.9872155261009,415.9397297253389,408.23049146199816,414.2087097167969,117726500,0.0,0.0,0.0,SPY,0.018396471685470983,0.01822930368855277,3.1594134379806977,0.2294689988497826,0.19598252912146685,0.14033269231179707,428.1651251220703,419.4271681213379,True
2022-03-03,416.64916197065094,417.25453543776126,410.3398662245235,412.1465759277344,105501700,0.0,0.0,0.0,SPY,-0.004978489685724896,-0.004990923650912023,3.1387058410810456,0.2279447677879277,0.19501484756858625,0.13983807972386716,427.8005682373047,419.5589225769043,True
2022-03-04,408.40067480868873,409.9330595198553,404.7399715837537,408.7979736328125,113978200,0.0,0.0,0.0,SPY,-0.008124784944250063,-0.008157970884095797,3.1050797461747504,0.224999843429217,0.19296108593289873,0.13897481863832079,427.21617797851565,419.67899139404295,True
2022-03-07,408.21151760843173,408.92095717943505,396.6807574716845,396.7469787597656,137896600,0.0,0.0,0.0,SPY,-0.029479096400490512,-0.029922337605023257,2.984065704605564,0.2328108271342685,0.20074897465982366,0.14208072338476624,426.3031768798828,419.7181074523926,True
2022-03-08,396.92669641529477,404.10622124075445,392.67005908949244,393.73895263671875,164772700,0.0,0.0,0.0,SPY,-0.007581724081302421,-0.007610611454680462,2.9538596177114647,0.2316548694305398,0.19941256162043158,0.14162824815026892,425.27496154785155,419.74377593994143,True
2022-03-09,402.1481531765051,406.2818159822058,399.9536134280835,404.2953796386719,116990800,0.0,0.0,0.0,SPY,0.026810725561341453,0.026457615579051914,3.059865462829997,0.2543091656699843,0.20252341952881942,0.14395817186768978,424.3318792724609,419.80241897583005,True
2022-03-10,399.6698151473772,403.3683631013067,397.7023156906367,402.4697570800781,93972700,0.0,0.0,0.0,SPY,-0.004515566218504241,-0.00452579218326703,3.0415328714943692,0.25164541965064163,0.20246075002693215,0.14371477161892116,423.35966430664064,419.8562884521484,True
2022-03-11,404.9669642223323,405.5818059910525,396.8415209370115,397.3523254394531,95636300,0.0,0.0,0.0,SPY,-0.01271507125840221,-0.012796599606742332,2.9901444930401433,0.24574802572948087,0.20344718874230383,0.14430879979802744,422.2735583496094,419.88068420410156,True
2022-03-14,398.12803514404516,401.5900747886048,393.30384036976113,394.4483947753906,95729200,0.0,0.0,0.0,SPY,-0.007308201004866066,-0.007335036733032641,2.9609837150465466,0.24081113729429804,0.2025409932168028,0.1444005052285304,421.15434631347654,419.88953002929685,True
2022-03-15,397.0685900922245,403.75624741323844,395.79162195110837,403.12249755859375,106219100,0.0,0.0,0.0,SPY,0.021990462879541983,0.021752159917561967,3.0480875803987484,0.24850489286947675,0.2074995428778932,0.14601198519616926,420.23131774902345,419.93823440551756,True
2022-03-16,406.64127160402853,412.1181236996137,401.8265168470492,412.0613708496094,144954800,0.0,0.0,0.0,SPY,0.022174086897039036,0.02193181670498744,3.1378502261733345,0.2614544080919832,0.21240056982011413,0.14759908551536222,419.43504150390623,420.03336547851563,False
2022-03-17,410.14121733245054,417.2167053222656,409.76285531991505,417.2167053222656,102676900,0.0,0.0,0.0,SPY,0.012511084118432825,0.012433467216100667,3.1896192184224654,0.2588896506610095,0.21150905876526344,0.14731637432852152,418.7449005126953,420.1511833190918,False
2022-03-18,415.5998027190798,422.1089546797308,414.85969463963477,421.7863464355469,106345500,1.366,0.0,0.0,SPY,0.010952680118001545,0.010893133916240218,3.2355067775380784,0.2618472230668588,0.21219006526324563,0.14766122806125262,418.3196325683594,420.29915405273437,False
2022-03-21,421.61559514188474,423.6271696352851,418.14277109962075,421.6630554199219,88349800,0.0,0.0,0.0,SPY,-0.0002923067962415926,-0.0002923495262001982,3.2342687101214764,0.2500400754720229,0.21120073710477336,0.14747859965063304,417.90022338867186,420.42857360839844,False
2022-03-22,423.05782555472354,427.53643659552324,423.05782555472354,426.5970764160156,74650400,0.0,0.0,0.0,SPY,0.011701335776690414,0.01163340455767897,3.2838153100673413,0.2510659443871442,0.21152877063265252,0.14765032411548473,417.6144940185547,420.5845834350586,False
2022-03-23,424.0541127156518,425.5532955455607,421.01775567281896,421.1031494140625,79426100,0.0,0.0,0.0,SPY,-0.01287849192054813,-0.012962138636064203,3.228646229207519,0.25253537549776933,0.20991189225819043,0.14815987067123285,417.22985778808595,420.71270217895506,False
2022-03-24,423.13375729905124,427.4605476512933,422.01411175984157,427.4510498046875,64736900,0.0,0.0,0.0,SPY,0.015074454796782488,0.014961964283031039,3.2923907656412927,0.24600924374162428,0.21118915097798954,0.14877950843964827,416.89196533203125,420.87551010131835,False
2022-03-25,428.0867920742761,429.81372063765116,425.4963992292135,429.5385437011719,77101300,0.0,0.0,0.0,SPY,0.004883585845532945,0.004871699822080492,3.313353024427875,0.2424300098716749,0.2110339543640997,0.1480310301556019,416.57179748535157,421.03957778930663,False
2022-03-28,428.94076282849704,432.5938720703125,427.04304675034354,432.5938720703125,68529800,0.0,0.0,0.0,SPY,0.007113048209397066,0.007087869808264192,3.3440341124347794,0.23288264361798128,0.2095144332729829,0.148168523818083,416.4355163574219,421.2156440734863,False
2022-03-29,436.49365245199573,438.43882875157925,433.7988991715261,437.9454040527344,86581500,0.0,0.0,0.0,SPY,0.01237079932919638,0.012294906255476103,3.397773286718894,0.23478343506266663,0.21111080204393484,0.14859266452956504,416.40267150878907,421.41401962280275,False
2022-03-30,436.79726187082275,437.6132947591107,433.1251862656429,435.24114990234375,79666900,0.0,0.0,0.0,SPY,-0.006174865920193562,-0.006194009250443055,3.3706176263259957,0.2279697242489474,0.21139859048603382,0.1487140270698419,416.47143920898435,421.6025260925293,False
2022-03-31,434.47262970310084,435.29813157975457,428.086804553789,428.5422668457031,121699900,0.0,0.0,0.0,SPY,-0.015391198782890081,-0.015510872822191154,3.303348581635209,0.22987201684768044,0.2134467257410906,0.14922940542942376,416.4959020996094,421.7686363220215,False
2022-04-01,430.1268755497387,430.2691984775229,426.17015337307976,429.7568359375,89048800,0.0,0.0,0.0,SPY,0.002834187397048993,0.0028301786605023703,3.3155450779503886,0.22859263665052368,0.2135298301058901,0.1486046377016748,416.6392492675781,421.94147476196287,False
2022-04-04,429.9560615935425,433.5427439373771,429.13055970631194,433.4383544921875,59601000,0.0,0.0,0.0,SPY,0.008566515403196195,0.008530031024710468,3.3525142613338383,0.22649488321964328,0.21394019747317655,0.14881753053788982,417.02213989257814,422.15937744140626,False
2022-04-05,431.939157439223,434.41566302039155,426.8153298227524,427.96343994140625,74214500,0.0,0.0,0.0,SPY,-0.012631356902403357,-0.012711810702761533,3.2975361002761305,0.20239626183515186,0.215294118003421,0.14939985044059567,417.2603454589844,422.32199935913087,False
2022-04-06,424.0351838301639,425.9708333848193,420.790076589019,423.68408203125,106898000,0.0,0.0,0.0,SPY,-0.009999353941874456,-0.010049683269749178,3.254563515731487,0.204257483928272,0.21286426903040412,0.14970720767297313,417.5145550537109,422.4526542663574,False
2022-04-07,422.8016084098771,427.6407897227167,420.846963358929,425.8189697265625,78097200,0.0,0.0,0.0,SPY,0.005038866896007299,0.005026214291602927,3.276001694987867,0.18617471895426269,0.21316347972970442,0.14962173556284383,417.8320831298828,422.59637924194334,False
2022-04-08,425.05995736438757,427.5839233445298,423.1337766107068,424.680419921875,79272700,0.0,0.0,0.0,SPY,-0.0026737883599188272,-0.0026773693165867804,3.264568571428815,0.18540318540048029,0.21309519298626403,0.14965412744842196,418.1673266601563,422.7226667785645,False
2022-04-11,421.39728849520446,422.2417859664236,416.91870678869503,417.4216003417969,89770500,0.0,0.0,0.0,SPY,-0.017092428187326036,-0.017240189895961752,3.191676739371741,0.1905165162589296,0.21566035866950614,0.15065358066946113,418.154775390625,422.80556594848633,False
2022-04-12,420.42000917950406,422.95347289670224,414.3188589093481,415.875,84363600,0.0,0.0,0.0,SPY,-0.003705127718667378,-0.0037120087062567134,3.1761460416970015,0.1885981251406627,0.21479883264907335,0.1506611329339383,417.960703125,422.87669189453123,False
2022-04-13,415.62827546421886,421.3973194587367,415.44799012468565,420.63824462890625,74070400,0.0,0.0,0.0,SPY,0.011453548852194073,0.01138845353824108,3.223977734399475,0.1781851196064529,0.2161143441180077,0.15071204289153614,417.804384765625,422.9705532836914,False
2022-04-14,420.86594548757074,421.98561991128474,415.29615377751963,415.4005432128906,97869500,0.0,0.0,0.0,SPY,-0.012451795534275334,-0.012529968749421212,3.171381627309401,0.169145697978176,0.21580709665302322,0.15122396521487952,417.4600714111328,423.03653533935545,False
2022-04-18,414.4706713145492,417.2603162227855,413.332030102549,415.57135009765625,66002500,0.0,0.0,0.0,SPY,0.00041118599278799906,0.00041110147899413166,3.1730968410051243,0.1633585907311473,0.21580714648545998,0.15113383038728942,417.3225457763672,423.09223724365233,False
2022-04-19,415.4669324784689,423.00086699763705,415.29614499530715,422.2797546386719,77821000,0.0,0.0,0.0,SPY,0.01614260593142247,0.01601369947544622,3.2404614988231337,0.16870006990773095,0.21564665247722126,0.15176459132963338,417.27946044921873,423.16602462768554,False
2022-04-20,424.06364137177405,424.6803932967964,420.7995674484736,421.9666442871094,65224400,0.0,0.0,0.0,SPY,-0.0007414761141708581,-0.0007417511435450126,3.237317297908695,0.16872072385701886,0.2146674483518132,0.15149580197906531,417.2573559570312,423.2419578552246,False
2022-04-21,425.6007494204808,426.9955717535205,414.745812247252,415.6567077636719,85417300,0.0,0.0,0.0,SPY,-0.014953638181751994,-0.015066571081919219,3.17395398817449,0.1708562746916016,0.21561217873429375,0.15197311298039523,417.03943298339846,423.2791535949707,False
2022-04-22,414.5655465281797,415.6756941570096,403.68214426024474,404.25146484375,132471800,0.0,0.0,0.0,SPY,-0.027439092662030373,-0.02782257579725135,3.0594244779259183,0.18981059485643248,0.21901523151199276,0.15412294276051747,416.46854309082033,423.2759539794922,False
2022-04-25,402.00268452995533,406.7659413001945,397.4196841407292,406.59515380859375,119647700,0.0,0.0,0.0,SPY,0.005797601662988816,0.005780860246013062,3.0829594040299195,0.18192993732768709,0.2191678910151691,0.1542135143025443,416.10003540039065,423.2628619384766,False
2022-04-26,404.0522253657664,404.25150641243613,394.7913901520683,394.8198547363281,103996300,0.0,0.0,0.0,SPY,-0.028960746240986657,-0.029388385391536948,2.964713852817559,0.201750228299087,0.22535018342169272,0.1569463247046897,415.6636395263672,423.183564453125,False
2022-04-27,395.9014975768421,401.2910329549323,393.7855627963593,395.9299621582031,122030000,0.0,0.0,0.0,SPY,0.0028116808426881246,0.0028077354618118995,2.9758613628042663,0.1993198309693088,0.22541218897201024,0.15696949539828337,415.2766876220703,423.1168180847168,False
2022-04-28,400.69328310824267,407.6673957249043,396.24313643650856,405.93096923828125,105449100,0.0,0.0,0.0,SPY,0.025259535867310667,0.02494578626341789,3.0762897755014755,0.21698414869694488,0.2309916537057816,0.15885226702113428,414.95581298828125,423.09702270507813,False
2022-04-29,401.92673399978656,404.0901289590842,390.1798679914565,390.9294738769531,145491100,0.0,0.0,0.0,SPY,-0.036955779425940416,-0.03765594863905288,2.925647309681827,0.24599144443601392,0.23699842537300972,0.16299948016344845,414.32544982910156,423.0092199707031,False
2022-05-02,390.9958723325801,394.64898095046954,384.3064069254944,393.2826232910156,158312500,0.0,0.0,0.0,SPY,0.006019370682710745,0.006001326643969353,2.949277236008388,0.24576001888261828,0.2342962743846836,0.16309525196701447,413.9226324462891,422.9492025756836,False
2022-05-03,393.78557938889816,397.50508664209,392.21994047752736,395.08551025390625,100028200,0.0,0.0,0.0,SPY,0.0045842019355035735,0.0045737264840006505,2.9673815203575375,0.24644389536557515,0.23403863184345694,0.1630367922232316,413.6094116210937,422.92812606811526,False
2022-05-04,395.74970498454525,407.6863555366896,392.55205797111023,407.1170349121094,144247900,0.0,0.0,0.0,SPY,0.030452963588745385,0.029998476045360267,3.088200045339647,0.27082939631131375,0.2415178971716444,0.1658360334359269,413.62497985839843,422.93859634399416,False
2022-05-05,402.83763688449426,403.26463455087514,388.5004069530426,392.64691162109375,172929100,0.0,0.0,0.0,SPY,-0.035542907935894874,-0.03618993485859366,2.942893527504619,0.29206381186865576,0.247239839158431,0.1694655565318857,413.49530334472655,422.8603202819824,False
2022-05-06,390.0755670157502,393.5863245784682,384.98020369998983,390.30328369140625,151770800,0.0,0.0,0.0,SPY,-0.0059687924705978945,-0.005986676913573029,2.9193592143052802,0.29134141588197937,0.24715349696790972,0.16941671860907803,413.198623046875,422.76605087280274,False
2022-05-09,384.3823720398505,385.62537367241526,376.2221876512533,377.8067932128906,155586100,0.0,0.0,0.0,SPY,-0.032017384943130556,-0.03254115151883089,2.7938715816104622,0.30522304295809716,0.25470108031168215,0.1721368577246649,412.4732342529297,422.5882521057129,False
2022-05-10,383.80354518634044,385.3122258608909,374.6281049717166,378.6797180175781,132497200,0.0,0.0,0.0,SPY,0.0023105058468220196,0.0023078407325731764,2.802637344081865,0.30629173766105444,0.25404076932365055,0.17192389771940914,411.7864923095703,422.4097438049316,False
2022-05-11,377.7118714101029,383.3765542344881,371.91433458035914,372.6639404296875,142361000,0.0,0.0,0.0,SPY,-0.015886189044884036,-0.01601372707841181,2.742227928364645,0.3057328867702168,0.253366660317715,0.17134272472608433,411.1052435302734,422.2105995178223,False
2022-05-12,369.4568538157906,375.55800411972643,365.4526716917147,372.27496337890625,125090800,0.0,0.0,0.0,SPY,-0.0010437743193847382,-0.0010443194311484268,2.7383218869557338,0.3060366333060384,0.2513517062159637,0.17091943765773673,410.2665686035156,422.01035583496093,False
2022-05-13,376.4214441495683,382.56055648756023,375.3776945718479,381.17523193359375,104174400,0.0,0.0,0.0,SPY,0.023907781694222363,0.023626465622710438,2.827696870531805,0.31734726822852705,0.25396631541428927,0.17190538153404689,409.6471417236328,421.8460635375977,False
2022-05-16,379.5243016098687,383.3102364454551,377.26601453009664,379.628662109375,78622400,0.0,0.0,0.0,SPY,-0.004057372291409012,-0.0040656257588560655,2.812166479309396,0.31602276865808665,0.25399623689338585,0.17193422359671687,409.0637554931641,421.68409194946287,False
2022-05-17,385.73924965956155,387.6749281280144,381.99124889833473,387.4377136230469,83029700,0.0,0.0,0.0,SPY,0.020570236900136818,0.02036152686716116,2.890583646891551,0.3271592679082419,0.25538680593921376,0.17294681930634676,408.8775701904297,421.5654881286621,False
2022-05-18,382.86417831499597,383.1488241139043,370.57645642450234,371.8194580078125,117674500,0.0,0.0,0.0,SPY,-0.04031165543793702,-0.04114668830876294,2.7337477794655864,0.34330944822779497,0.2670175237334713,0.17758183291542745,408.4391802978516,421.35206787109377,False
2022-05-19,368.7451990662184,373.9829138685316,367.31241418995535,369.542236328125,98510700,0.0,0.0,0.0,SPY,-0.00612453606352048,-0.006143367964995873,2.71088030653816,0.3428126943774484,0.2642244078777332,0.17735034154886203,407.74411743164063,421.13745620727536,False
2022-05-20,373.1384136201305,376.72509575107233,361.07843638256344,369.70355224609375,131432200,0.0,0.0,0.0,SPY,0.0004365290408252509,0.00043643378974241005,2.7125002135589904,0.34193407209930343,0.26407215659281313,0.17734996285047458,407.08879333496094,420.9105906677246,False
2022-05-23,372.7398728634355,377.38930019728645,370.415188153358,376.6207275390625,76414900,0.0,0.0,0.0,SPY,0.018710059048511196,0.0185371789624141,2.7819613117722897,0.3417257624742272,0.2664578571981376,0.17805100884146532,406.6741613769531,420.7148815917969,False
2022-05-24,372.4836996470706,374.9412384284281,367.1700889774752,373.7456970214844,91448800,0.0,0.0,0.0,SPY,-0.007633755413209209,-0.007663041661971131,2.753090744136,0.3404630587177237,0.264648153861867,0.17819793675712642,406.260107421875,420.5064888000488,False
2022-05-25,372.2464496803005,379.0213091538963,371.84794556823357,377.04766845703125,91472900,0.0,0.0,0.0,SPY,0.008834807897084795,0.00879600933291479,2.786248579880769,0.3302673362029051,0.263414444288574,0.1784108248378216,405.7386108398438,420.3120219421387,False
2022-05-26,378.2812324449887,386.2231692896121,378.072482526249,384.5816345214844,82168300,0.0,0.0,0.0,SPY,0.01998146837847825,0.019784458874741073,2.8619033861527146,0.3386572293563906,0.2627051795963249,0.1795361688290326,405.18901611328124,420.1500570678711,False
2022-05-27,387.0486842866544,394.13665496189145,386.84943220734834,394.0227966308594,84768700,0.0,0.0,0.0,SPY,0.024549175680534496,0.02425268723304345,2.9567099308406286,0.33796706708484153,0.2676153793557991,0.18120121271947376,404.72513793945313,420.02905014038083,False
2022-05-31,392.40023804607233,395.1614184678653,389.06026810856656,391.81195068359375,95937000,0.0,0.0,0.0,SPY,-0.005610959482978517,-0.0056267600480776675,2.934508991732783,0.31267880554133765,0.2661664470343,0.18128789171364507,404.1256500244141,419.8931826782227,False
2022-06-01,393.93734344422586,394.95259938064316,386.1187347298113,388.6427001953125,86585800,0.0,0.0,0.0,SPY,-0.008088702967716688,-0.008121594009550585,2.902683917174846,0.31324230862794755,0.26380294024646084,0.18146392999146796,403.4652429199219,419.7365362548828,False
2022-06-02,388.48139448629576,396.0912240344694,386.2231081655603,396.0437927246094,79609600,0.0,0.0,0.0,SPY,0.019043436363470834,0.018864379792823207,2.9770044299983063,0.3200591306535147,0.2666434698520206,0.18241903201201948,402.85417724609374,419.6306607055664,False
2022-06-03,391.3090515155026,392.8651926067963,388.56686682617567,389.544189453125,71874300,0.0,0.0,0.0,SPY,-0.016411324683994977,-0.016547482211865396,2.911736519027918,0.30527823169248747,0.268118447387076,0.1829368780559526,402.222998046875,419.5151191711426,False
2022-06-06,393.5673313620774,395.3037288108325,389.5536514825728,390.7302551269531,57508900,0.0,0.0,0.0,SPY,0.0030447525747803184,0.0030401267030375064,2.9236467888660904,0.27994501951408657,0.2617057462813141,0.18295948275806595,401.4885821533203,419.40231369018557,False
2022-06-07,387.22895048242367,394.9336727076749,386.7639903779014,394.47821044921875,59272400,0.0,0.0,0.0,SPY,0.009592180981858878,0.009546468105505862,2.9612831189737836,0.28101126349266425,0.26196623936610747,0.18320968776053342,400.78737548828127,419.2918048095703,False
2022-06-08,392.7607584707246,394.55411386892246,389.3923243809042,390.1893615722656,64350000,0.0,0.0,0.0,SPY,-0.010872207293957104,-0.010931741646131905,2.9182152277542475,0.25869281652851994,0.25718450757122596,0.18352913958310751,399.9392852783203,419.14152954101564,False
2022-06-09,388.4055491902739,390.68280270998093,380.9095764160156,380.9095764160156,86289800,0.0,0.0,0.0,SPY,-0.023782773366391008,-0.024070149061547606,2.8250292029918262,0.27325274510671715,0.261281618584679,0.18500542280417906,398.79856872558594,418.94151977539065,False
2022-06-10,374.6850215978316,375.53898793791575,369.81737581545275,369.86480712890625,132893900,0.0,0.0,0.0,SPY,-0.028995777399533518,-0.02942446198712,2.7141195076751603,0.28656022941036,0.26629540989331607,0.18724013987262192,397.4910418701172,418.6818699645996,False
2022-06-13,360.42374478876593,362.28349850376446,354.2087070370515,355.82177734375,170004900,0.0,0.0,0.0,SPY,-0.037968007538121684,-0.03870757267202693,2.573101790210265,0.31505541078709165,0.27612689888586184,0.19099041416810902,396.0366320800781,418.364454498291,False
2022-06-14,357.57711879105614,358.6113704659484,351.6372588485272,354.74951171875,104011800,0.0,0.0,0.0,SPY,-0.0030134907228123176,-0.0030180404286104198,2.5623342811138023,0.30067755382723566,0.2719841029298095,0.1910031035177054,394.53648559570314,418.0229330444336,False
2022-06-15,358.0610824317935,364.2666225780978,353.0890752023986,359.8070068359375,125666800,0.0,0.0,0.0,SPY,0.014256524533843962,0.01415585594923921,2.6131207871902546,0.30668557855304734,0.2695882648070615,0.19149018586714853,393.0638586425781,417.6973970031738,False
2022-06-16,351.56141089908436,351.9694129173552,345.4602315344534,347.8988037109375,134473300,0.0,0.0,0.0,SPY,-0.03309608456410584,-0.033656152027368415,2.493540636077077,0.31239591733950883,0.27498244247846115,0.19427824774621572,391.46256591796873,417.31546768188474,False
2022-06-17,348.3152920555213,352.0032306713774,345.1324194424218,348.6488037109375,111113900,1.577,0.0,0.0,SPY,0.0021557993071548154,0.0021534789061093385,2.5010720085598495,0.2852450538664022,0.2737633151822421,0.19385184704834213,389.9618603515625,416.93616088867185,False
2022-06-21,354.3951110098947,358.81681534819097,354.3188581815829,357.4255065917969,76811900,0.0,0.0,0.0,SPY,0.02517347768712286,0.02486184479381664,2.5892061666483412,0.3009647714118535,0.27941751981276475,0.19497837514384342,388.5939910888672,416.59420684814455,False
2022-06-22,353.1848307301624,360.90378632423085,352.76552742803,356.7774963378906,90059400,0.0,0.0,0.0,SPY,-0.0018129938741230367,-0.0018146393366265657,2.5826989578552433,0.3008913637325637,0.27793567115472695,0.19490071568766446,387.2359326171875,416.24953002929686,False
2022-06-23,358.9216589541497,361.00860756659887,355.3480709955404,360.27484130859375,79292100,0.0,0.0,0.0,SPY,0.009802594072219506,0.009754860336407286,2.617818701422062,0.2948668579738258,0.27825493716177446,0.19516312286023846,386.09299743652343,415.9299505615234,False
2022-06-24,363.45771219814634,371.7389089912618,363.4291246578567,371.7293701171875,98050300,0.0,0.0,0.0,SPY,0.0317938626160752,0.03129890158051738,2.7328431321849425,0.31614715331723536,0.28444372411729313,0.19769127580889126,385.2100848388672,415.6702276611328,False
2022-06-27,372.65374434063085,372.9491586215477,369.21358425811263,370.3094787597656,66009600,0.0,0.0,0.0,SPY,-0.003819691075187981,-0.0038270047250051143,2.7185848245878588,0.3146929762513528,0.2841131363262012,0.19768796386831117,384.20350952148436,415.4124722290039,False
2022-06-28,371.87235419067196,374.6645107225344,362.62866130813416,362.7430114746094,86548900,0.0,0.0,0.0,SPY,-0.020432820975843646,-0.0206444589323814,2.642603646583566,0.31240796958116324,0.28578203503610283,0.19870312690513942,383.1503588867188,415.1335154724121,False
2022-06-29,363.29571627695856,364.2867703688928,360.61791010649307,362.44757080078125,65676000,0.0,0.0,0.0,SPY,-0.0008144627587093334,-0.0008147946137032532,2.639636881568685,0.2965956807140848,0.28418097669007075,0.19870182545827647,382.08788330078124,414.847725982666,False
2022-06-30,358.5404645110338,362.75254644984545,355.0335903944629,359.5029602050781,112508300,0.0,0.0,0.0,SPY,-0.008124238739405487,-0.008157420205254453,2.610067602618076,0.29691635563392393,0.2843006656440634,0.19885091636147473,380.83234741210936,414.5585356140137,False
2022-07-01,358.84540602497094,363.74361787819856,356.2152359819502,363.30523681640625,74839700,0.0,0.0,0.0,SPY,0.010576482066125825,0.010520942346357498,2.6482494178746676,0.3006331790488243,0.2843963655883988,0.19906488845435666,379.6591192626953,414.27092681884767,False
2022-07-05,358.197399099367,364.0104412734267,355.3575774256308,363.9913635253906,81438000,0.0,0.0,0.0,SPY,0.0018885681775380192,0.0018867870747941537,2.655139385628987,0.2904614219838333,0.28433111032341873,0.19891609636762292,378.62581237792966,413.99008438110354,False
2022-07-06,364.1342879585382,367.7174146268019,361.7423863037376,365.2206726074219,70426200,0.0,0.0,0.0,SPY,0.003377302884675526,0.003371612605552856,2.667483898419963,0.2877553562669628,0.28370083321583495,0.19894593592254317,377.84519653320314,413.73585235595704,False
2022-07-07,367.00273549110653,371.4911540880881,365.23975951148003,370.690673828125,64525900,0.0,0.0,0.0,SPY,0.014977249731377817,0.014866198184796064,2.722412720652406,0.29377166004696864,0.2850859222821861,0.199498512887961,377.1271069335937,413.54365829467775,False
2022-07-08,369.05157936616473,372.2630682971359,367.5173328363373,370.3857421875,72397800,0.0,0.0,0.0,SPY,-0.0008226040258201284,-0.0008229425501721712,2.7193506489626333,0.2906403071950556,0.2846452485680262,0.19934375683860248,376.6384246826172,413.35187210083006,False
2022-07-11,367.6983874150096,368.6703928823558,365.4589331166824,366.15460205078125,58366900,0.0,0.0,0.0,SPY,-0.011423604244941044,-0.011489354830639809,2.6768622591007194,0.29083862046664555,0.28490115983473324,0.1993499833374591,376.04291748046876,413.118994140625,False
2022-07-12,365.6018653816874,367.9937962223962,361.16108326606883,362.9145202636719,62219200,0.0,0.0,0.0,SPY,-0.00884894459597696,-0.008888329018735416,2.6443259086828985,0.28176269377043744,0.2852074395773076,0.1994905817370943,375.1825885009766,412.844842376709,False
2022-07-13,357.4540957624864,363.9532680138976,357.0347924506578,361.00860595703125,84224600,0.0,0.0,0.0,SPY,-0.005251689310353025,-0.005265527902580754,2.625187041264826,0.26475081169171416,0.28369585780701256,0.19952688220501485,374.5841711425781,412.55772048950195,False
2022-07-14,356.03419557677825,361.21828317909234,353.5851185689936,360.1319274902344,89704800,0.0,0.0,0.0,SPY,-0.002428414315699734,-0.0024313676960670385,2.6163835851567296,0.2283845023657471,0.28367879219123865,0.19952769763738246,373.9211572265625,412.2722004699707,False
2022-07-15,364.5535928494989,367.1265877056468,362.63816955892236,367.0122375488281,79060400,0.0,0.0,0.0,SPY,0.01910497107696818,0.01892476274952195,2.6854744889543714,0.23659234394612966,0.28557366817527563,0.20045864655005868,373.35969177246096,412.06312240600585,False
2022-07-18,370.10934695957155,370.78593810865794,362.75251969143335,363.9818420410156,63203600,0.0,0.0,0.0,SPY,-0.008256933142207101,-0.008291210428576157,2.6550437725017653,0.23441150147395995,0.28507257955181997,0.20047460557944266,372.4969879150391,411.8354513549805,False
2022-07-19,367.9175404264999,374.38812509860895,367.26002700439284,373.81634521484375,78506000,0.0,0.0,0.0,SPY,0.02701921370220428,0.026660639342210923,2.7538001812819015,0.21722780331933578,0.29087100032973423,0.20180729786680598,372.12037658691406,411.6819795227051,False
2022-07-20,374.00694154890255,377.6186558198573,372.6346814850552,376.19873046875,71843800,0.0,0.0,0.0,SPY,0.006373143615582277,0.006352921011372673,2.7777236889414096,0.2173863078749748,0.28911164307071807,0.2013892771643976,371.8382855224609,411.51638320922854,False
2022-07-21,375.61749846498117,380.0773298161558,373.20651865026207,380.0296936035156,64903900,0.0,0.0,0.0,SPY,0.010183349449351287,0.010131848486114309,2.8161935693889926,0.20456765586538608,0.2900780331195057,0.20148652153881166,371.88274353027344,411.3963345336914,False
2022-07-22,380.15356421213477,381.35427008262405,374.2738075771249,376.50372314453125,72197300,0.0,0.0,0.0,SPY,-0.009278144624833007,-0.009321454708310592,2.780786373535844,0.20838099035285346,0.28922858956924513,0.20167712866336146,371.8392236328125,411.2376361083984,False
2022-07-25,377.1326153148139,377.81874530443775,374.71209714559507,376.9610900878906,53631500,0.0,0.0,0.0,SPY,0.00121477402544512,0.0012140367844723934,2.785379174618172,0.20678289418798945,0.2843822240216989,0.2014050947346504,371.92516662597654,411.0727409362793,False
2022-07-26,375.3124867300845,375.5221383804845,371.6055000576572,372.50128173828125,52946400,0.0,0.0,0.0,SPY,-0.011830951434721126,-0.011901494083790938,2.7405945374412597,0.1819479309113502,0.2848672561150661,0.2017163650689648,371.92969299316405,410.86782577514646,False
2022-07-27,375.8080541838099,383.92726526145685,375.5126398831095,382.173828125,82342100,0.0,0.0,0.0,SPY,0.02596647813285835,0.025635073829695477,2.8377246037016177,0.20190005478406728,0.2843156221266912,0.20337854558990806,371.94966491699216,410.7150439453125,False
2022-07-28,382.98375035485293,387.6627417716443,379.4196728167708,386.96710205078125,73966600,0.0,0.0,0.0,SPY,0.012542130237692461,0.012464129244181683,2.88585784549764,0.18846824770269677,0.28542042534057915,0.20377848848349076,372.0964337158203,410.6011685180664,False
2022-07-29,388.40616019778315,393.59978693143717,387.63426743595056,392.60870361328125,87003700,0.0,0.0,0.0,SPY,0.014579021143145354,0.014473768963632866,2.9425098491864072,0.1919010986196463,0.2823302142311078,0.20426677668834475,372.199853515625,410.52054412841795,False
2022-08-01,389.9023203902835,393.9619262005739,389.1876026959049,391.44610595703125,69997500,0.0,0.0,0.0,SPY,-0.002961212131952995,-0.0029656051952699544,2.9308352411906524,0.18863644635683155,0.2724399090676209,0.20423152156735525,372.5923864746094,410.4267543029785,False
2022-08-02,389.8736572094908,393.5711340175346,387.68186833804964,388.863525390625,63435400,0.0,0.0,0.0,SPY,-0.006597538018911164,-0.0066193979738375635,2.904901406240821,0.19061090038944944,0.27250680898275376,0.20432480353695556,372.9788122558594,410.28555221557616,False
2022-08-03,390.9981480641734,396.125060100099,390.71227266816476,394.95294189453125,67820600,0.0,0.0,0.0,SPY,0.01565952090206779,0.015538175769591458,2.966050291432363,0.19522971394958358,0.2741648670868763,0.20476873958709793,373.48380004882813,410.1589140319824,False
2022-08-04,394.8767311502338,395.5628612557088,393.0375313820632,394.6861572265625,45656600,0.0,0.0,0.0,SPY,-0.0006754846961996019,-0.0006757129387757011,2.9633712851561427,0.19588751903214635,0.26715593370966045,0.20471261647557798,373.8451086425781,410.02472091674804,False
2022-08-05,390.3882497089018,394.66701603497324,390.33107463279765,394.0190124511719,56814900,0.0,0.0,0.0,SPY,-0.0016903171372378845,-0.001691747335136005,2.9566719307516065,0.19235332365614788,0.25743379401282823,0.20461701848712371,374.25057495117187,409.87093185424806,False
2022-08-08,395.7152452704736,397.9737478570784,392.45612076142066,393.5615539550781,53886100,0.0,0.0,0.0,SPY,-0.0011610061485305412,-0.0011616806382773735,2.9520782103122856,0.19244116397849692,0.2571460676790135,0.20461184353914744,374.58085266113284,409.70651321411134,False
2022-08-09,392.8279082108979,393.33297422227287,390.9219943442848,391.99884033203125,44931800,0.0,0.0,0.0,SPY,-0.00397069685121032,-0.003978600998204859,2.936385705806862,0.18707757484024118,0.2488196220403472,0.20464671319230573,374.72919677734376,409.5287200927734,False
2022-08-10,399.07929112884494,400.3753276410057,397.1162022329877,400.23236083984375,68665700,0.0,0.0,0.0,SPY,0.02100394098318903,0.020786399099847894,3.019065318858698,0.19115118927490427,0.2520965768551092,0.20573267701981351,374.85338806152345,409.3943098449707,False
2022-08-11,403.0912315520945,404.9590480230928,399.489055617936,400.23236083984375,59489700,0.0,0.0,0.0,SPY,0.0,0.0,3.019065318858698,0.18854014960369006,0.2497619762378449,0.20571671522829724,375.02179626464846,409.24844680786134,False
2022-08-12,402.17634520529884,407.1126543031395,401.2233884335798,407.0078430175781,61694500,0.0,0.0,0.0,SPY,0.016928871427379866,0.016787175021105244,3.0871035588998987,0.19085328702223076,0.25166875195101734,0.20639648224951107,375.38909912109375,409.1345289611816,False
2022-08-15,404.7874081344015,409.2091411942346,404.7302330587942,408.68499755859375,54048300,0.0,0.0,0.0,SPY,0.004120693420994304,0.0041122266152968465,3.10394525964598,0.18476369894013306,0.24759962158295043,0.20642993095721643,375.6419232177734,409.038516998291,False
2022-08-16,407.608208672531,411.42003574290754,406.79818960368954,409.48553466796875,59289000,0.0,0.0,0.0,SPY,0.0019588120781464102,0.001956896107377464,3.1119841171886264,0.17867857775823542,0.2473700084781926,0.20642575038328234,376.04075012207034,408.9258644104004,False
2022-08-17,405.87383128900353,409.29494268682157,404.56828513540523,406.5790100097656,63563400,0.0,0.0,0.0,SPY,-0.007097991045177943,-0.007123301624238666,3.0827972907469077,0.16598691345840788,0.24479560774424297,0.20644372051727894,376.35772521972655,408.7942961120605,False
2022-08-18,406.7791382170342,408.4468126683968,405.4831308884467,407.7607116699219,49023200,0.0,0.0,0.0,SPY,0.00290645023737901,0.0029022346771232534,3.0946637379017696,0.1658126170361081,0.2300510440658648,0.20617216215259274,376.6233752441406,408.66491317749023,False
2022-08-19,404.9876134524029,405.2544402076987,401.4044863824872,402.2812194824219,68016900,0.0,0.0,0.0,SPY,-0.013438009182050847,-0.013529116347337566,3.0396396089944346,0.17448901607279033,0.23150557881484904,0.20660607539989612,376.86521240234373,408.499366607666,False
2022-08-22,397.4305854744403,397.6021397850265,392.99934257592776,393.9046630859375,77695600,0.0,0.0,0.0,SPY,-0.020822638469828902,-0.02104248684368971,2.9555236538679424,0.18854949331555593,0.2357505475781906,0.20749267246900152,377.1251141357422,408.27864654541014,False
2022-08-23,393.4758663287654,395.87733613472665,392.39902046586167,392.9517517089844,49105200,0.0,0.0,0.0,SPY,-0.0024191421586324813,-0.002422073010743711,2.9459546798374023,0.18921282618189386,0.23311387229449151,0.20731092156047404,377.58685302734375,408.04284027099607,False
2022-08-24,392.72301638510424,395.5818868105569,392.0369154016521,394.20965576171875,49177800,0.0,0.0,0.0,SPY,0.003201166675714351,0.0031960538501036827,2.9585863384623767,0.18236150652422645,0.2325308036671557,0.2073310236847229,378.35461059570315,407.8056881713867,False
2022-08-25,395.70569792523617,399.8224775068638,394.6098036276728,399.77484130859375,50942300,0.0,0.0,0.0,SPY,0.014117324285529254,0.014018602899349758,3.0144709855147163,0.16736834660601974,0.23349665015891305,0.20781113879534624,379.2551171875,407.59447692871095,False
2022-08-26,399.6605995864693,400.2037629054227,386.1857753532475,386.2429504394531,103087000,0.0,0.0,0.0,SPY,-0.03384878054068219,-0.03443491513766935,2.8785860381390926,0.20431884143088028,0.24046039772375813,0.21045318382537154,379.7838360595703,407.3229112243652,False
2022-08-29,383.27926140804027,386.74800926201755,382.3263045463414,383.68902587890625,65370800,0.0,0.0,0.0,SPY,-0.006612223103725556,-0.0066341806967715735,2.852939961927922,0.19835390391025592,0.23565386827417978,0.21034681761800222,380.4996405029297,407.056297454834,False
2022-08-30,384.85161915718464,385.0898583631651,377.37090227301206,379.4769287109375,85652400,0.0,0.0,0.0,SPY,-0.010977893251755688,-0.011038594982098303,2.8106427983204534,0.20126562259045006,0.2363876089313109,0.21056392324153395,381.1162030029297,406.7679161071777,False
2022-08-31,381.1160225349225,382.36439367038383,376.4560787038959,376.5894775390625,76029700,0.0,0.0,0.0,SPY,-0.007609029570476156,-0.007638125926638607,2.781647504585511,0.20162488234819337,0.23632611886258723,0.21068578856193731,381.499482421875,406.4486016845703,False
2022-09-01,374.4071820841404,378.1141686261382,371.69124959831555,377.7711181640625,78740100,0.0,0.0,0.0,SPY,0.003137742012129019,0.0031328295729570674,2.793513338835712,0.19270598694842045,0.23312920121128997,0.2107132904869678,381.91935485839844,406.1344412231445,False
2022-09-02,381.44959302387997,382.669376712605,371.96766008061695,373.7878112792969,99632100,0.0,0.0,0.0,SPY,-0.010544233513997026,-0.010600217833108896,2.7535136483525657,0.19484269982204025,0.23180782103471806,0.21092942227304223,382.1896142578125,405.7916455078125,False
2022-09-06,374.6359138662064,375.57933179810465,370.1474954520454,372.3774108886719,76637400,0.0,0.0,0.0,SPY,-0.0037732647990791346,-0.003780401520851496,2.7393506474303737,0.19486520723693423,0.2317791573722329,0.21095584106482215,382.2025750732422,405.44717056274413,False
2022-09-07,372.06293062608904,379.83906190032036,371.8437691661729,379.0671691894531,70964200,0.0,0.0,0.0,SPY,0.01796499493569237,0.01780553142286391,2.8065280628742384,0.20751515276624133,0.23387958203766654,0.21173299870081516,382.37772888183594,405.1286505126953,False
2022-09-08,376.7896155569929,382.00226150651457,375.57934176857907,381.54486083984375,80821700,0.0,0.0,0.0,SPY,0.006536286578678441,0.006515017686966903,2.831408621162966,0.20925344653775493,0.2333401717650488,0.21184331526561948,382.75376586914064,404.8264776611328,False
2022-09-09,383.79383097216476,388.3394537414485,383.5270042184785,387.4722595214844,76706900,0.0,0.0,0.0,SPY,0.01553526017515594,0.01541582341990595,2.8909305509300682,0.20269558813041813,0.23045482362731448,0.21239805167604436,383.2542596435547,404.5601634216309,False
2022-09-12,389.5496799938614,392.360914189905,389.2447268378426,391.63665771484375,69256300,0.0,0.0,0.0,SPY,0.010747603450379284,0.010690258475214234,2.9327487295444303,0.20704597099317534,0.2234693164949247,0.2125426577299747,383.89693359375,404.31174896240236,False
2022-09-13,382.9265935212206,384.1368671918231,373.48281783266907,374.6072998046875,122947100,0.0,0.0,0.0,SPY,-0.04348254325711143,-0.0444562396223814,2.7617428127926646,0.24380634144290642,0.2276121669494331,0.21689061652692457,384.12297485351564,403.9722966003418,False
2022-09-14,375.912884639726,377.561510437167,372.72047341951594,376.0367736816406,85023700,0.0,0.0,0.0,SPY,0.003815926378632817,0.0038086642003315177,2.7760973464216327,0.24368339203542586,0.22754245936519393,0.21687134396808289,384.36388305664065,403.6893368530273,False
2022-09-15,374.4738495411969,377.3327195866275,370.4904975908934,371.7674560546875,87633800,0.0,0.0,0.0,SPY,-0.011353457761999586,-0.011418400279564159,2.733225584693836,0.24405295686331868,0.227255051987596,0.21697541939526158,384.49481872558596,403.3584962463379,False
2022-09-16,367.5725640058656,369.59154848057193,365.63008718698416,368.9313049316406,103084800,1.596,0.0,0.0,SPY,-0.007628831079366072,-0.007658079460110438,2.704745437327039,0.24413170428347816,0.2173914772900972,0.21709274733345785,384.4596313476562,403.0560806274414,False
2022-09-19,365.7736885415829,371.7923889160156,365.6971224730672,371.7923889160156,73278500,0.0,0.0,0.0,SPY,0.007755058858193387,0.007725142956091537,2.7334759562481334,0.24655147316686435,0.21779795007375352,0.217043759546806,384.4877642822266,402.7918185424805,False
2022-09-20,368.4528856307902,369.46716694201893,364.75937617695666,367.52471923828125,77274900,0.0,0.0,0.0,SPY,-0.011478636478215787,-0.011545024544522935,2.690620742946202,0.24572562885502772,0.2136372789798626,0.2167134385565145,384.5151666259766,402.473698425293,False
2022-09-21,369.4576302203021,372.51963061277917,361.10416095449915,361.1137390136719,106746600,0.0,0.0,0.0,SPY,-0.017443670830894153,-0.017597604394525467,2.6262427695445782,0.24310657817187123,0.21660121873754717,0.2173872580190818,384.4791510009766,402.14228103637697,False
2022-09-22,360.3385855788934,361.98440540246816,357.3340248459854,358.08038330078125,89472600,0.0,0.0,0.0,SPY,-0.008400000845096067,-0.008435479673356623,2.5957823272158804,0.24349375155029285,0.2164091310176464,0.2172940702857898,384.42058654785154,401.770387878418,False
2022-09-23,354.5973883012247,354.6356713333718,347.62181686473184,352.0808410644531,122346900,0.0,0.0,0.0,SPY,-0.016754735852951286,-0.016896684211643524,2.535535944138668,0.24555004509616735,0.20907210493884382,0.2175310246281528,384.25956481933594,401.3237701416016,False
2022-09-26,350.6072752623192,354.24337513079183,347.373045054377,348.59783935546875,92581200,0.0,0.0,0.0,SPY,-0.009892619258844437,-0.00994187634034046,2.500560233167345,0.23556949168212413,0.20978305453564092,0.21771817192072165,383.89127685546873,400.8538934326172,False
2022-09-27,352.1478150517164,354.42517373959924,345.3061901306675,347.70794677734375,108294100,0.0,0.0,0.0,SPY,-0.002552777090559011,-0.0025560409818372347,2.4916240831999934,0.2135299437212025,0.20602097185537835,0.21771522155420261,383.5657989501953,400.39450729370117,False
2022-09-28,348.66480724606794,356.2432124213187,346.96157731312644,354.549560546875,110802200,0.0,0.0,0.0,SPY,0.019676322709737404,0.019485246259418342,2.5603264054421273,0.229689557513297,0.20996782699843758,0.21777256598383182,383.18046325683594,399.94863906860354,False
2022-09-29,350.9899839667711,351.27703369645445,344.18664256070633,347.14337158203125,112952300,0.0,0.0,0.0,SPY,-0.020889009010249704,-0.02111027108022547,2.4859547150794166,0.23614700642866157,0.21343370167557013,0.2187161550852816,382.59935607910154,399.485393371582,False
2022-09-30,346.19610182658244,350.12885893091953,341.64141328029035,341.7753601074219,153711200,0.0,0.0,0.0,SPY,-0.015463384624473164,-0.015584189745367226,2.4320500565366476,0.23915520330198764,0.21431009160707154,0.2189135653666287,381.8342694091797,399.010436706543,False
2022-10-03,345.50708670190903,352.65491669915065,343.7177419885129,350.798583984375,89756500,0.0,0.0,0.0,SPY,0.026401036850980386,0.026058544500950458,2.522659736553681,0.2610872612295113,0.2210967397932414,0.22022038969935587,381.3201666259766,398.546473236084,False
2022-10-04,356.33895028366675,361.6974366671643,350.760402138184,361.6687316894531,103602800,0.0,0.0,0.0,SPY,0.03098686312132415,0.030516463073260478,2.6318159116332698,0.2852696376994616,0.2297844941911543,0.22210772758612782,381.01431945800783,398.15641998291017,False
2022-10-05,357.2862834460456,363.0944715838304,354.951514518949,360.8266906738281,88065700,0.0,0.0,0.0,SPY,-0.0023282107128576035,-0.002330925209517939,2.6233602789206785,0.2851629536823637,0.2277818847880898,0.22185402807193494,380.78082763671875,397.7855535888672,False
2022-10-06,359.41995152540505,362.3862580531138,356.6067478921822,357.1043395996094,82333500,0.0,0.0,0.0,SPY,-0.01031617441400312,-0.010369754957304814,2.5859810623185617,0.2777656067140648,0.22865559691864867,0.22202811181330287,380.2794378662109,397.41920318603513,False
2022-10-07,353.0568296246811,357.19052094050096,345.3731537119263,347.14337158203125,107789500,0.0,0.0,0.0,SPY,-0.027893718762271313,-0.028290137662020837,2.485954715079417,0.28874233479470485,0.23416662550443937,0.223526926480755,379.48296325683594,396.964832611084,False
2022-10-10,348.26287314182775,348.502090968868,342.24417363850046,344.4927978515625,76042800,0.0,0.0,0.0,SPY,-0.007635386262423327,-0.007664685057807175,2.45933810433647,0.27966859895008295,0.23400831386377993,0.22363453417223492,378.52064514160156,396.4753114318848,False
2022-10-11,342.78959291529037,347.37301498969447,340.3687094983833,342.3111572265625,92482800,0.0,0.0,0.0,SPY,-0.006332906344068356,-0.006353044261501127,2.43743044010924,0.2734046215582639,0.23410340140764552,0.22360941598820774,377.5379461669922,395.9611186218262,False
2022-10-12,342.7226460270839,344.3014780144964,340.93327195985853,341.18206787109375,76991800,0.0,0.0,0.0,SPY,-0.003298429898156763,-0.0033038817096329555,2.4260923167727495,0.23753358760860233,0.23413542178406338,0.22361792352466334,376.5843170166016,395.40978149414065,False
2022-10-13,334.1490737929538,351.65983900154305,333.09650934849225,350.1862487792969,147254500,0.0,0.0,0.0,SPY,0.026391131762543596,0.026048894144145407,2.5165107705353376,0.25918079208111017,0.23708177630447927,0.22520532163249002,375.68898315429686,394.90531021118164,False
2022-10-14,352.6549522321895,354.2912233950089,341.5648159134059,342.2059326171875,123737000,0.0,0.0,0.0,SPY,-0.02278877651514788,-0.02305245431365625,2.436373792472497,0.2666013677719472,0.24073404031078635,0.2256249341532432,374.6393786621094,394.3580517578125,False
2022-10-17,348.31079674902963,352.1095776923561,341.8710411766843,350.9996032714844,93168200,0.0,0.0,0.0,SPY,0.025697014037842525,0.02537239518127819,2.524678338056937,0.2849414159844376,0.240125304284671,0.22701295502793484,373.77899047851565,393.86100479125975,False
2022-10-18,358.9511733483431,359.2573792050148,351.6693668016211,355.1236877441406,97162900,0.0,0.0,0.0,SPY,0.01174954169240583,0.01168105178871512,2.5660916931422566,0.28703117874503964,0.2410250205229066,0.22732176511951444,373.0102331542969,393.3902536010742,False
2022-10-19,353.07597434848265,355.8126417822186,349.7843343422343,352.60711669921875,79746900,0.0,0.0,0.0,SPY,-0.007086463482365635,-0.007111691721356478,2.5408207145840365,0.28560857142892476,0.2402997805013414,0.22726153995628723,372.22239868164064,392.89391326904297,False
2022-10-20,352.1574198205979,356.5973176331222,348.8849064155562,349.6504211425781,88283100,0.0,0.0,0.0,SPY,-0.00838524073001834,-0.0084205946337861,2.511130080510414,0.28105154033481705,0.24018249857573312,0.2273468166834356,371.2107598876953,392.3835466003418,False
2022-10-21,349.3728168881289,358.6353233348347,347.8609732017247,358.1473388671875,131038400,0.0,0.0,0.0,SPY,0.024301179723574595,0.024010604196069166,2.5964546836297466,0.2933304251924809,0.24545193266190868,0.22869327777747167,370.3690594482422,391.959034576416,False
2022-10-24,359.67841851526555,363.6685560552677,357.0182878867323,362.5298767089844,85436900,0.0,0.0,0.0,SPY,0.012236689669840262,0.012162426591856398,2.6404633835049673,0.2894189017446122,0.24573329472683605,0.2290526886603972,369.4795001220703,391.55851638793945,False
2022-10-25,362.45331306063844,368.6346939112867,362.3384931688921,368.3189392089844,78846300,0.0,0.0,0.0,SPY,0.015968511485322523,0.015842356043452018,2.6985961648563626,0.2903978116460416,0.24217534434987056,0.22957233287872258,368.67217895507815,391.195693359375,False
2022-10-26,365.1611721662116,370.86411617775013,364.90282746214507,365.5439147949219,104087300,0.0,0.0,0.0,SPY,-0.007534297367445264,-0.007562823559389173,2.6707298415082423,0.2920590139593259,0.241116878896903,0.22967544636903522,367.7933465576172,390.8217381286621,False
2022-10-27,366.54873966390204,368.39549448506307,362.97002071766786,363.5920104980469,81971800,0.0,0.0,0.0,SPY,-0.005339725865687206,-0.005354033155914059,2.651129150427591,0.2863717465974948,0.23924013536837585,0.2296927238155991,366.9336065673828,390.41796981811524,False
2022-10-28,363.4866988087279,372.7205010833071,363.30489092424085,372.2420654296875,100302000,0.0,0.0,0.0,SPY,0.02379055282263165,0.02351196743736475,2.7379915313430887,0.2844637804929622,0.24432567051501847,0.23075548899418466,366.2232336425781,390.0514454650879,False
2022-10-31,369.77334408329176,371.6488036375308,368.64424296808414,369.5532531738281,96631300,0.0,0.0,0.0,SPY,-0.007223289642871555,-0.007249503911286726,2.7109909358295967,0.2789272979034429,0.24439045282938204,0.23083974802014573,365.56867431640626,389.70217208862306,False
2022-11-01,373.31386061496465,373.55307848970085,366.7592850069132,367.93621826171875,85407600,0.0,0.0,0.0,SPY,-0.004375647888962719,-0.0043852490539682334,2.694752946175274,0.26776063574833964,0.2422174996720059,0.230860789608615,365.0493054199219,389.34391494750975,False
2022-11-02,367.3429092735215,371.868921318945,358.59712022761437,358.7023620605469,126990400,0.0,0.0,0.0,SPY,-0.02509635024460599,-0.025416633631081702,2.6020281321707692,0.26277420559649733,0.2469586030481548,0.23211481878220194,364.36431762695315,388.9784129333496,False
2022-11-03,355.4490027437404,358.0612720504973,352.8845945254816,355.00885009765625,87100100,0.0,0.0,0.0,SPY,-0.010296871037239419,-0.010350250558005876,2.5649385130212985,0.26500417566301043,0.24759920143229366,0.23221422715545662,363.5803015136719,388.61686157226563,False
2022-11-04,360.74052136688584,362.5298662303547,354.04242150065716,360.1185607910156,103505200,0.0,0.0,0.0,SPY,0.014393192428734602,0.014290593744487596,2.616249359035821,0.2674501346980377,0.24964015799929615,0.2326432805744989,362.7871759033203,388.3045069885254,False
2022-11-07,361.4198210279877,364.1564879071983,359.33384877269225,363.563232421875,68286900,0.0,0.0,0.0,SPY,0.009565382087757479,0.009519923476604061,2.6508401658796066,0.24805581994684334,0.25051502431490574,0.23283244805444706,362.3335815429688,388.0508540344238,False
2022-11-08,364.67321182395386,368.5102751308282,361.4294332598936,365.52484130859375,84641100,0.0,0.0,0.0,SPY,0.00539550953393042,0.00538100591857215,2.6705383088014663,0.2455616438151681,0.24684258384909172,0.2329064633444647,361.9702978515625,387.7982124328613,False
2022-11-09,363.5441665136991,364.7020020044285,357.4967318827505,357.99432373046875,78495500,0.0,0.0,0.0,SPY,-0.020601931051157707,-0.02081711138337217,2.5949181316429053,0.25705635350994194,0.24981597206905373,0.2337454718961081,361.54064575195315,387.53331604003904,False
2022-11-10,371.31393196232233,378.0024828489434,369.0078976049732,377.6675720214844,141455800,0.0,0.0,0.0,SPY,0.05495407884128212,0.0534972388160338,2.792473546077164,0.31406772832777935,0.2719071930180102,0.24016362884677908,361.56220764160156,387.37194107055666,False
2022-11-11,378.5287377221533,382.1265833794771,376.6341219172314,381.32281494140625,93839900,0.0,0.0,0.0,SPY,0.009678466436387367,0.009631930106046826,2.829178874003759,0.30495171449654995,0.27256260059482545,0.24037656596111653,361.63324157714845,387.23896392822263,False
2022-11-14,379.55260009193285,382.9207767926326,377.8015091368323,378.0790100097656,71903500,0.0,0.0,0.0,SPY,-0.008506716106506884,-0.008543104728038653,2.7966051364015754,0.2927730584849256,0.27291134735122863,0.24037792496392588,361.7190655517578,387.0391131591797,False
2022-11-15,383.8489618853264,384.9589362297327,377.4761947639268,381.3036804199219,93194500,0.0,0.0,0.0,SPY,0.008529091340122141,0.008492924143952574,2.828986728392321,0.2833079075994828,0.27330961248066826,0.24054578855690187,361.8975909423828,386.817738494873,False
2022-11-16,379.6674013983378,380.6242727188842,377.76323681489697,378.394775390625,68508500,0.0,0.0,0.0,SPY,-0.007628840681771942,-0.007658089136334635,2.799775998668797,0.28466551323158185,0.2735296030096951,0.24061124004664478,361.88414306640624,386.5674415588379,False
2022-11-17,373.6200265181567,377.9163992813692,373.3138498403958,377.23699951171875,74496300,0.0,0.0,0.0,SPY,-0.003059703659256563,-0.0030643941225597803,2.7881498101413147,0.28317389657689473,0.2724028744408292,0.24061712836298912,361.79798583984376,386.290545501709,False
2022-11-18,380.5859792858429,380.6529672847848,376.08870172305114,378.9497375488281,92922500,0.0,0.0,0.0,SPY,0.0045402175272475365,0.004529941830509827,2.805348834305158,0.2799346755748797,0.26956222031133215,0.24063847625444948,361.6275354003906,386.07305603027345,False
2022-11-21,377.6196689427408,378.74876996403566,375.7250534313708,377.5718078613281,51243200,0.0,0.0,0.0,SPY,-0.0036361806091037563,-0.00364280758327536,2.7915118986629817,0.2709732453569065,0.26960892256344465,0.2406554811287482,361.3462384033203,385.8387449645996,False
2022-11-22,379.5239036198899,382.8155435335424,378.1077234519333,382.6528625488281,60429000,0.0,0.0,0.0,SPY,0.013457187697038409,0.01336744398221519,2.842534985938844,0.27154940433789865,0.2709568789792326,0.2410488293241409,361.5071496582031,385.6366499328613,False
2022-11-23,382.3179634847973,385.5521935507362,382.0883236888626,385.064208984375,68261600,0.0,0.0,0.0,SPY,0.006301655290084751,0.006281882882841964,2.866749316860321,0.26764032986635533,0.26971117475394013,0.241136882195357,361.6876983642578,385.4292066955566,False
2022-11-25,384.49959168124366,385.5330290650388,384.22212002199467,384.97802734375,30545400,0.0,0.0,0.0,SPY,-0.00022381109075886307,-0.00022383614019866777,2.8658838954780235,0.2654612409894758,0.2610333827364887,0.2411169466273357,361.95190979003905,385.19011703491213,False
2022-11-28,381.8777742301874,383.52359408000194,378.0694158378015,378.8349304199219,67881600,0.0,0.0,0.0,SPY,-0.01595700660168564,-0.016085690406410395,2.8041959606365303,0.27193181982734727,0.26267112727974473,0.24062216920322263,362.14998229980466,384.95918899536133,False
2022-11-29,378.96887743191024,380.16496659083106,376.33748128228444,378.18426513671875,52310000,0.0,0.0,0.0,SPY,-0.0017175430008048442,-0.001719019668854127,2.797662090490649,0.2604016198108887,0.26175917378804775,0.24028850964340281,362.27781982421874,384.76691207885744,False
2022-11-30,378.4330559976652,390.0973205566406,376.509764364217,390.0973205566406,144566700,0.0,0.0,0.0,SPY,0.031500663877739976,0.03101469713316979,2.9172909675244303,0.2790976333133705,0.26868555661673355,0.24164482959353592,362.7292718505859,384.6410108947754,False
2022-12-01,391.1403695099209,392.31733201848107,387.29375642556147,389.8103332519531,76398200,0.0,0.0,0.0,SPY,-0.0007356813019837594,-0.000735952048269601,2.9144090898051926,0.27821431184682666,0.26865438341534675,0.24140009376466223,363.3032037353516,384.4801890563965,False
2022-12-02,384.90151055673,390.2695449532932,384.7962687221607,389.36053466796875,85342700,0.0,0.0,0.0,SPY,-0.0011538908684949334,-0.0011545571131281764,2.9098922889009127,0.2595993080753148,0.26772052471563684,0.24089690974056405,363.92880676269533,384.31475357055666,False
2022-12-05,386.52817524543025,387.46589043521953,380.99746027187206,382.356201171875,77289800,0.0,0.0,0.0,SPY,-0.0179893257596504,-0.018153100788225067,2.839555962830729,0.2662342822611942,0.2702030784269079,0.24140104809423085,364.53431396484376,384.1594171142578,False
2022-12-06,382.1935716115177,382.7389660938728,374.74911359581864,376.8446350097656,77972200,0.0,0.0,0.0,SPY,-0.014414742444916806,-0.014519644152532143,2.7842097525236795,0.27028883360605094,0.2694859382881998,0.24150008206719167,365.0992498779297,383.98990753173825,False
2022-12-07,375.9930698766285,378.57663447203373,375.06490340212804,376.2035827636719,65927900,0.0,0.0,0.0,SPY,-0.0017011048759580927,-0.0017025533978157422,2.7777724148620133,0.26928880731308663,0.26918321550375907,0.240570706081028,365.6691625976562,383.83923233032226,False
2022-12-08,378.0981606729528,380.22238704457504,376.30878671257267,379.15069580078125,60737900,0.0,0.0,0.0,SPY,0.007833825014262885,0.00780329992226637,2.807366822903752,0.26983510937048844,0.2678041577286281,0.24069512324645168,366.1611853027344,383.73933212280275,False
2022-12-09,377.9067999497378,380.4712083402084,376.19399193608393,376.3183898925781,81447700,0.0,0.0,0.0,SPY,-0.0074701324290628035,-0.007498173603119264,2.778925288530641,0.2596935567027634,0.2672537631890749,0.24071493883848172,366.7446856689453,383.5952375793457,False
2022-12-12,377.112522286588,381.7438049316406,376.4427299182758,381.7438049316406,75405800,0.0,0.0,0.0,SPY,0.014417087192074796,0.014314149188366522,2.8334063839077235,0.1832513977256964,0.2541670943923272,0.24097372924523566,367.5440545654297,383.43357543945314,False
2022-12-13,392.5277640299923,392.7861087804528,381.8586543812398,384.6335754394531,123782500,0.0,0.0,0.0,SPY,0.00756992116304267,0.0075414130886936066,2.8624249680198095,0.18207328599765993,0.2544813786904354,0.24096039401487226,368.22075439453124,383.29165924072265,False
2022-12-14,384.28908544733156,388.01132898247715,379.2176790178847,382.1744079589844,108111300,0.0,0.0,0.0,SPY,-0.006393533059767531,-0.006414059228861529,2.837730426295903,0.18090335132644872,0.25373586299079115,0.24094778171785633,368.63086791992185,383.1688993835449,False
2022-12-15,377.2944096015872,378.20344918024006,371.16088916537103,372.8258361816406,117705900,0.0,0.0,0.0,SPY,-0.024461532699874167,-0.02476568627755937,2.7438536579797637,0.19792317632977982,0.2581397995852674,0.24160228399035819,368.8708508300781,382.9619850158691,False
2022-12-16,370.2601841754804,371.6059498118414,366.2805608411349,368.4241638183594,119858000,1.781,0.0,0.0,SPY,-0.011806242851519433,-0.01187648998724394,2.699652812493105,0.2002029026766323,0.2588060975732327,0.24172308182748847,369.0972473144531,382.7433729553223,False
2022-12-19,368.6164568242752,368.95290559297706,363.62748687937614,365.3000793457031,79878100,0.0,0.0,0.0,SPY,-0.00847958624721612,-0.008515742477011685,2.668281287384814,0.2017135474830505,0.2583352296923874,0.2416423887492952,369.46038146972654,382.52588348388673,False
2022-12-20,364.54064107586714,367.42443690305714,363.2140903016816,365.7998962402344,74427200,0.0,0.0,0.0,SPY,0.0013682364795171154,0.001367301296921944,2.6733003636593438,0.20082331961814104,0.2558907703992848,0.24143889559744347,369.8865234375,382.37114807128904,False
2022-12-21,368.40494991105,372.4038173364099,367.86664365527946,371.26953125,78167400,0.0,0.0,0.0,SPY,0.014952532972216881,0.01484184585559457,2.7282255084638165,0.2086257794587606,0.2569122931446995,0.2412416852343404,370.46569091796874,382.2588009643555,False
2022-12-22,368.21266617846675,371.25026808589166,360.25339056526093,365.9729309082031,100120900,0.0,0.0,0.0,SPY,-0.014266186411699744,-0.014368926761651211,2.6750379483752176,0.20698722530129002,0.2562724218075518,0.24139764401688865,370.9615081787109,382.06718872070314,False
2022-12-23,364.94439051791056,368.2223089378742,363.3871453178878,368.078125,59857300,0.0,0.0,0.0,SPY,0.0057523218631843065,0.005735840433894471,2.696177949513688,0.20671687494972735,0.2555428837486484,0.24138469613316707,371.319345703125,381.8952305603027,False
2022-12-27,367.9627904177246,368.30883188044186,364.9444029828394,366.6266174316406,51638200,0.0,0.0,0.0,SPY,-0.00394347685931995,-0.003951272866522133,2.6816021573018523,0.20670090601021784,0.2556363676839628,0.24094934446597177,371.80775939941407,381.74160202026366,False
2022-12-28,366.5593138365044,368.53954750465414,361.8395266438076,362.0702209472656,70911500,0.0,0.0,0.0,SPY,-0.012427893305440585,-0.012505765435120957,2.635847598497825,0.2040956915317064,0.2541460599528387,0.2412340710880136,372.0291717529297,381.57971115112304,False
2022-12-29,364.92513662505775,369.4623098415616,364.39642312891414,368.5875549316406,66970900,0.0,0.0,0.0,SPY,0.018000193352891714,0.017840108062391266,2.701293558272433,0.21563378747945489,0.25276697027635164,0.24195418377340305,372.2984490966797,381.40703643798827,False
2022-12-30,365.8961161204958,367.7609442126424,363.77169823163365,367.61676025390625,84022200,0.0,0.0,0.0,SPY,-0.002633823808604774,-0.0026372984248911957,2.6915450031760195,0.18001803349485415,0.25064846001201885,0.24195309406353724,372.59864196777346,381.18481338500976,False
2023-01-03,369.48151058314164,371.4617146037878,363.19482778505363,366.06903076171875,74850700,0.0,0.0,0.0,SPY,-0.004210171187838396,-0.004219058913222655,2.676002966765039,0.17992781256816123,0.24560443360719308,0.24197183097690525,372.92701416015626,380.929075012207,False
2023-01-04,368.3376218305615,370.93304981286974,365.2808052899679,368.8951721191406,85934100,0.0,0.0,0.0,SPY,0.007720241593617505,0.00769059302678053,2.70438259776732,0.18361763709225223,0.2382776221861964,0.24203147576657533,373.1419708251953,380.664619140625,False
2023-01-05,366.9342330246392,367.04958018001776,364.08889562849737,364.68487548828125,76970500,0.0,0.0,0.0,SPY,-0.011413260321822771,-0.01147889143191161,2.6621035148473715,0.17795557902032683,0.23939431494843677,0.24226862992766202,373.18507080078126,380.3797282409668,False
2023-01-06,367.7897288196835,374.1725449520528,364.71369723961243,373.0478515625,104189600,0.0,0.0,0.0,SPY,0.02293206172321094,0.022673073936441978,2.7460830986866394,0.19209680487314892,0.24262641098370677,0.24270725876697014,373.27964904785154,380.1119821166992,False
2023-01-09,375.2491194480199,378.4501492308945,372.6537208155279,372.8363342285156,73978100,0.0,0.0,0.0,SPY,-0.0005669978612621307,-0.0005671586653360522,2.743959077581574,0.19204110616551132,0.23553954027742516,0.2427069687518711,373.4254974365234,379.87064804077147,False
2023-01-10,372.24998822129896,375.51828438119253,371.3079376645078,375.45098876953125,65358100,0.0,0.0,0.0,SPY,0.00701287482194024,0.006988398979361243,2.7702149939311203,0.19162044163703096,0.2351173233217243,0.24280095202403415,373.6626770019531,379.6106477355957,False
2023-01-11,377.03710423821616,380.2765636489995,376.2200228551562,380.19964599609375,68881100,0.0,0.0,0.0,SPY,0.012647875138444231,0.012568558853815501,2.8179002024194513,0.19490911185569848,0.235619801252038,0.24315655704436293,373.82182861328124,379.3639532470703,False
2023-01-12,381.3051469866937,383.05462766402485,377.21976916675254,381.5838928222656,90157700,0.0,0.0,0.0,SPY,0.0036408419648714663,0.0036342301433034603,2.831800573694111,0.18873309014261647,0.23542112847952076,0.24300184543421535,374.06244140625,379.1089033508301,False
2023-01-13,378.37322978669755,383.6409740118004,378.10407668529746,383.064208984375,63903900,0.0,0.0,0.0,SPY,0.003879398973475112,0.0038718935101395785,2.8466656569062616,0.18730726395618974,0.2301427426826179,0.24302019263441269,374.3650012207031,378.8344973754883,False
2023-01-17,383.0450684215765,384.72728296498246,381.6800585701671,382.362548828125,62677300,0.0,0.0,0.0,SPY,-0.0018317037713084794,-0.0018333833920198348,2.8396197049155436,0.18604705126965881,0.22489967509164102,0.24265734323441546,374.8382049560547,378.5701043701172,False
2023-01-18,383.55450959642553,384.6215000897915,376.1239176301297,376.3257751464844,99632300,0.0,0.0,0.0,SPY,-0.015788088295107028,-0.01591404769229307,2.7789994499947044,0.17363828409071835,0.2223184064872302,0.24314085329653465,375.26454345703127,378.3090219116211,False
2023-01-19,374.27826453413996,375.93164211812586,372.2596307570735,373.586181640625,86958900,0.0,0.0,0.0,SPY,-0.007279845513619154,-0.007306472896495728,2.7514889178026913,0.17027091979012113,0.2219061856151863,0.24262282089563258,375.5338958740234,378.0281686401367,False
2023-01-20,374.9896330898137,380.6995518316875,373.3362554518386,380.5457458496094,91806400,0.0,0.0,0.0,SPY,0.018629072891350074,0.018457677071016504,2.8213756783035295,0.17756103592284342,0.22409371024547595,0.24316526453439977,375.8735461425781,377.76370559692384,False
2023-01-23,381.3532344202499,387.0535315568682,380.3919689603618,385.1117858886719,84178800,0.0,0.0,0.0,SPY,0.011998662680798855,0.01192724940273946,2.8672270760441023,0.18086605458626984,0.22421816005114806,0.2432378702636668,376.26528503417967,377.54944732666013,False
2023-01-24,383.4295175059516,385.61157923279035,382.23755789038205,384.6983947753906,59524900,0.0,0.0,0.0,SPY,-0.001073431477375597,-0.0010740080175650937,2.8630758727705174,0.17541766587689922,0.21948400214492061,0.2424601481222152,376.79936645507814,377.35451889038086,False
2023-01-25,380.6130286416279,385.17903907302156,378.315590364586,384.84259033203125,84800300,0.0,0.0,0.0,SPY,0.0003748275495789599,0.00037475731928195025,2.8645238600337457,0.16563193071894042,0.21834518988591545,0.242420124761592,376.94286682128904,377.1496369934082,False
2023-01-26,387.51492880424684,389.2356020993196,384.5350001709371,389.0721740722656,72287400,0.0,0.0,0.0,SPY,0.010990425297223938,0.01093046946650935,2.906996620826786,0.16792643316318276,0.2171857831190017,0.24237572277909836,377.09785400390626,376.97159576416016,True
2023-01-27,388.0244103810875,392.35010485384606,387.8129308112218,389.9661560058594,68346200,0.0,0.0,0.0,SPY,0.0022977277563613896,0.002295092016642947,2.91597383540647,0.16619915653351108,0.21651165562623392,0.2423754454068795,377.3355969238281,376.83431854248045,True
2023-01-30,387.1976608576454,389.43742549092923,384.7752828014121,385.0732727050781,74202000,0.0,0.0,0.0,SPY,-0.012546943434516233,-0.012626320992016571,2.8668403332025796,0.16633881066323772,0.21786097204995233,0.24264777690643444,377.41098876953123,376.68030990600585,True
2023-01-31,385.5923626089722,390.78318947127025,385.2462918392246,390.7351379394531,86811800,0.0,0.0,0.0,SPY,0.014703345144162494,0.01459629898038962,2.9236958212390256,0.1629476453665461,0.2147333673446916,0.24181197863321235,377.6577960205078,376.5307943725586,True
2023-02-01,389.51431717670346,397.64664301137975,386.7651124067299,394.8877868652344,101459200,0.0,0.0,0.0,SPY,0.010627784712888388,0.010571706781814917,2.965396015706014,0.16381564107577076,0.21497024483813934,0.24136749974182478,378.0108117675781,376.4282305908203,True
2023-02-02,398.790618194006,402.1069961272813,396.8873311501236,400.6362609863281,101654500,0.0,0.0,0.0,SPY,0.01455723451648705,0.014452295169945159,3.0231212154573894,0.16562826683653054,0.21632556160372016,0.24171842172199998,378.4445422363281,376.35355514526367,True
2023-02-03,395.6472669612463,400.81888008853787,395.1666342071931,396.3778381347656,94736800,0.0,0.0,0.0,SPY,-0.0106291498454949,-0.01068604276677,2.9803588572117032,0.17296901095450531,0.21098057894217684,0.24174092734763222,378.8206628417969,376.22404556274415,True
2023-02-06,393.91698432119745,395.3588825231079,392.2924433335388,393.9554138183594,60295300,0.0,0.0,0.0,SPY,-0.006111402009268296,-0.006130153062378466,2.9560332840941306,0.16812265653477118,0.2101799913099777,0.24068314373914826,379.0467138671875,376.08398941040036,True
2023-02-07,393.032553598725,400.3573907721146,391.7829203949697,399.1077575683594,90990700,0.0,0.0,0.0,SPY,0.01307849459425281,0.012993709524438126,3.0077722440148396,0.15704735082504317,0.2098744986279741,0.24099867228473346,379.3275848388672,376.00124465942383,True
2023-02-08,397.12760122758357,398.47336699446805,394.05154004428175,394.74365234375,76227500,0.0,0.0,0.0,SPY,-0.010934653967135444,-0.010994876708099507,2.9639486413474474,0.16418120759953045,0.21076198868532972,0.24122151493383404,379.5228973388672,375.95370559692384,True
2023-02-09,398.35794092957406,398.5117468918236,390.09105380546026,391.32147216796875,78694900,0.0,0.0,0.0,SPY,-0.008669373542709025,-0.008707171174602967,2.9295836898714924,0.1680216986613326,0.21155201713006563,0.24122343478396122,379.77262817382814,375.87733718872073,True
2023-02-10,390.13912999380653,392.61921095554237,389.32207793747637,392.2347106933594,70769700,0.0,0.0,0.0,SPY,0.0023337296579488687,0.0023310107402149966,2.9387542758719376,0.16354588658832112,0.20687980550098606,0.240775689222632,380.05363708496094,375.86441146850586,True
2023-02-13,392.8883857479932,396.9737635969899,392.42696780662374,396.83917236328125,64913500,0.0,0.0,0.0,SPY,0.01173904691347305,0.011670678832828966,2.984991497097041,0.16722398493675827,0.17749083308831856,0.2404166673273387,380.18847412109375,375.86895751953125,True
2023-02-14,395.31079060743565,398.9732095911578,392.68655472796934,396.6565856933594,88389300,0.0,0.0,0.0,SPY,-0.0004601024360436634,-0.00046020831564771146,2.983157992801613,0.16725936892134835,0.17659658091343766,0.23961351329611494,380.32539916992187,375.8225856018066,True
2023-02-15,394.45521294070613,398.02149891037635,393.6092948018598,397.9446105957031,61555700,0.0,0.0,0.0,SPY,0.0032472041277022967,0.0032419433458574067,2.996092119877129,0.16682733551816625,0.1756717245877001,0.2396150845974818,380.49708068847656,375.8576612854004,True
2023-02-16,392.95567830940917,396.9160869350225,392.33086168681325,392.4654235839844,76431500,0.0,0.0,0.0,SPY,-0.01376871772058097,-0.013864385679545583,2.941071055493103,0.1642477086235944,0.1773742927540376,0.2394529346952343,380.69926513671874,375.85357528686524,True
2023-02-17,390.3313637684741,391.72521011052794,388.39921123505167,391.4848937988281,89257800,0.0,0.0,0.0,SPY,-0.002498385147415183,-0.0025015113195945445,2.931224742103151,0.16163900969482767,0.1767119110197661,0.23946063358258327,380.9920703125,375.8355722045898,True
2023-02-21,387.4475718975758,388.50496954671286,383.3718165977976,383.63134765625,82655900,0.0,0.0,0.0,SPY,-0.020060917463174954,-0.020264869926283516,2.8523607670226285,0.16778038720306473,0.18135368800486834,0.23934867985378375,381.14062561035155,375.71814376831054,True
2023-02-22,384.0448046740271,385.59245747486113,381.6416407821393,383.102783203125,83742300,0.0,0.0,0.0,SPY,-0.0013777926552515085,-0.0013787426842808857,2.8470530126524456,0.16248207913753432,0.18118154810322573,0.23926842103634605,381.21966735839845,375.6704231262207,True
2023-02-23,386.005727465885,386.6209513962091,380.9014105944118,385.1405944824219,96242400,0.0,0.0,0.0,SPY,0.005319228595153325,0.005305131467197045,2.8675163670444173,0.16355417581836798,0.18128868379833532,0.23909494955230665,381.3961114501953,375.6446096801758,True
2023-02-24,380.1035302143566,381.86263277047993,378.39247918807456,381.0263366699219,108194400,0.0,0.0,0.0,SPY,-0.010682482894406431,-0.010739950243871406,2.8262016896096283,0.1677558929691031,0.18063818135256426,0.23867606674174294,381.38176208496094,375.66070739746095,True
2023-02-27,384.381158691797,385.7461683533758,381.3820155880344,382.3240661621094,80444700,0.0,0.0,0.0,SPY,0.0034058787209549912,0.003400091851884324,2.839233268526352,0.16325204056305967,0.18031988310846014,0.2382190596248436,381.33557189941405,375.6789291381836,True
2023-02-28,381.8434392898417,383.81402149088365,380.8052563009639,380.9110107421875,96438600,0.0,0.0,0.0,SPY,-0.00369596252233495,-0.0037028094677269674,2.825043606251377,0.16314746755525233,0.18046714452739063,0.23720148120451692,381.3103039550781,375.7201644897461,True
2023-03-01,380.0939202853675,381.32433871048954,378.142552876725,379.4498596191406,99706800,0.0,0.0,0.0,SPY,-0.003835938268625716,-0.0038433143486599286,2.8103709751029955,0.15813856585500244,0.17774740809400066,0.2372175645908685,381.44278442382813,375.75603897094726,True
2023-03-02,377.46967446922514,383.2468886693395,377.1332257261761,382.4009704589844,85127800,0.0,0.0,0.0,SPY,0.007777340707954883,0.0077472530941048974,2.8400055284000736,0.15133808688416234,0.17836884803809316,0.23687190100744898,381.7223205566406,375.76216766357425,True
2023-03-03,384.2273948465631,388.78381290959834,383.5737413980239,388.53387451171875,90120000,0.0,0.0,0.0,SPY,0.016037888307064874,0.015910640101786083,2.9015911081630654,0.15759877099888922,0.16982992450950463,0.23669833557198453,382.18699645996094,375.80669372558594,True
2023-03-06,389.36056060676793,391.6676211659376,388.36086565565427,388.80303955078125,72795900,0.0,0.0,0.0,SPY,0.0006927710985322744,0.0006925312434048675,2.9042940177210914,0.1476638529893836,0.16982905695701608,0.23664995504083455,382.64705932617187,375.8135203552246,True
2023-03-07,388.75494500797566,388.9952613450141,382.22794508007405,382.8431396484375,108310600,0.0,0.0,0.0,SPY,-0.01532884081675323,-0.015447542094806904,2.8444457162216428,0.152198610230458,0.1725698261056096,0.23700397548276392,382.87853149414065,375.8686387634277,True
2023-03-08,382.9585480745283,384.22739614495305,381.22825270223365,383.468017578125,74746600,0.0,0.0,0.0,SPY,0.0016322035449332084,0.0016308729483999842,2.850720634147963,0.1516753820847194,0.16877335929386636,0.23517343157364082,383.2284332275391,375.9382676696777,True
2023-03-09,384.2561789471598,385.9288005055939,375.4029338100162,376.3930358886719,111945300,0.0,0.0,0.0,SPY,-0.018449991564190138,-0.018622315533718615,2.77967487093188,0.1534839155017553,0.17036947561479315,0.23577437897754538,383.3947314453125,375.97171508789063,True
2023-03-10,375.84519096258424,377.93115001910456,369.43356646272906,370.96197509765625,189253000,0.0,0.0,0.0,SPY,-0.014429227624238039,-0.014534341293805127,2.725137081873591,0.15628610294438772,0.17278218673836182,0.23465812105594325,383.4814385986328,375.9434213256836,True
2023-03-13,367.0207168016272,375.2683898395796,365.9056454879313,370.4331970214844,157790000,0.0,0.0,0.0,SPY,-0.001425423929319658,-0.0014264408124500343,2.7198271823370925,0.1549301705244901,0.1720308244838946,0.23462183772950243,383.64869812011716,375.9268588256836,True
2023-03-14,375.3741210898015,378.20986562096294,372.05774388118834,376.5564880371094,149752400,0.0,0.0,0.0,SPY,0.016530081712060607,0.01639494706900801,2.781316229615869,0.1678501826643047,0.1746481519011442,0.23488070910719128,383.8080767822266,375.924402923584,True
2023-03-15,370.9427111182641,374.4032430136639,368.84713029743835,374.2013854980469,172996900,0.0,0.0,0.0,SPY,-0.006254314064110367,-0.006273954219607466,2.7576666903401335,0.1608732735011448,0.17262756437896476,0.234850619033418,383.93976928710936,375.8725016784668,True
2023-03-16,371.8366809364042,381.1128859764341,371.327211458966,380.7668151855469,143254200,0.0,0.0,0.0,SPY,0.017545177388270883,0.01739303773053824,2.823595618988148,0.1755186701538746,0.17559356409957505,0.23447258793431114,384.2337249755859,375.80622177124025,True
2023-03-17,379.43141471171157,380.5700299625412,374.92515919035674,376.3146667480469,140553400,1.506,0.0,0.0,SPY,-0.011692585225239416,-0.011761481073492877,2.778887901346277,0.17762982237097305,0.1766819558837635,0.23368448152484675,384.3821148681641,375.7287353515625,True
2023-03-20,377.09622742972954,380.3480800216105,376.39184439630725,379.9331359863281,93055800,0.0,0.0,0.0,SPY,0.009615541348814594,0.009569606256869301,2.8152239542142072,0.17757132465400496,0.1706937956775246,0.2335436025200493,384.687080078125,375.68518753051757,True
2023-03-21,383.31036127614743,385.40428095041835,381.7085673503459,384.92181396484375,91524200,0.0,0.0,0.0,SPY,0.013130410343295651,0.013044953746026227,2.8653194102846107,0.18456271434751645,0.17075764500345939,0.23365873226018663,384.9245593261719,375.62957763671875,True
2023-03-22,384.7481478831017,388.376279731483,378.3216838515816,378.3602600097656,111746600,0.0,0.0,0.0,SPY,-0.01704645909124136,-0.017193422506550995,2.799429401082613,0.1808445831175515,0.17347812753038167,0.23426131501830877,385.03503784179685,375.57365798950195,True
2023-03-23,381.2357131512333,385.2884471202859,376.6619361027595,379.383056640625,119351300,0.0,0.0,0.0,SPY,0.0027032348239557358,0.0026995876559881378,2.8097001509507806,0.18117477865119866,0.1735221831727056,0.23397030686233497,385.1136791992187,375.5169219970703,True
2023-03-24,378.0996940465537,381.9594296282222,375.7452529859402,381.8725891113281,107682400,0.0,0.0,0.0,SPY,0.0065620549656264515,0.006540618410406624,2.834699612743875,0.18171965879768662,0.17150854535208587,0.23373329545769542,385.14713806152344,375.45389389038087,True
2023-03-27,384.1595170439499,384.93148190774815,381.6892883746926,382.586669921875,74010400,0.0,0.0,0.0,SPY,0.0018699451882855378,0.0018681990172724561,2.8418702908332456,0.1778827796449547,0.16887627511129163,0.23323486591927978,385.1671936035156,375.4158804321289,True
2023-03-28,381.89192756672645,382.5866812409754,379.8848777563681,381.7279052734375,62871700,0.0,0.0,0.0,SPY,-0.0022446277300065542,-0.00224715068293015,2.833246722243353,0.17769829375163582,0.16867276574940385,0.2331837419781752,385.14046752929687,375.419972076416,True
2023-03-29,385.9059955473846,387.5174480671004,384.6998282099293,387.2762145996094,77497900,0.0,0.0,0.0,SPY,0.014534722899541608,0.014430106311658978,2.8889619011567365,0.184048129970225,0.17067145520420385,0.2335403925885117,385.2387408447266,375.50702911376953,True
2023-03-30,389.92019324080144,390.1710855147399,387.67190988130295,389.54388427734375,69840000,0.0,0.0,0.0,SPY,0.005855432356151269,0.0058383559395550465,2.911733454504609,0.1839986798874246,0.1687631160453777,0.2332753515099755,385.50310302734374,375.6756396484375,True
2023-03-31,390.4702141593181,395.3334899911043,390.3640561017006,395.03436279296875,112062600,0.0,0.0,0.0,SPY,0.014094634102164383,0.013996228331177056,2.966867906251047,0.1880510235827751,0.1673594000989977,0.23364813925531697,385.93206665039065,375.8770639038086,True
2023-04-03,394.51327502786114,396.94489812673964,394.1176485509198,396.5396423339844,67391100,0.0,0.0,0.0,SPY,0.0038105027886004006,0.0038032612130489887,2.9819836674698257,0.18086853615270027,0.16726265134738605,0.23318960781230358,386.25194458007815,376.0607270812988,True
2023-04-04,397.18613730495184,397.47563517993467,392.95972157826725,394.339599609375,66601500,0.0,0.0,0.0,SPY,-0.0055481028622010875,-0.005563550749024847,2.9598912124870984,0.18230306896970577,0.1674617013609808,0.23323074390546927,386.4365008544922,376.29293106079103,True
2023-04-05,393.60622556838814,394.3685316622369,391.64741075567434,393.3070983886719,65200200,0.0,0.0,0.0,SPY,-0.0026183046838965662,-0.002621738438659159,2.9495230107777224,0.17328392025497102,0.1671108397261665,0.23307517937366806,386.6086749267578,376.5162225341797,True
2023-04-06,392.50621625119436,395.12120875106916,391.45444166145506,394.84136962890625,63743300,0.0,0.0,0.0,SPY,0.0039009497833120133,0.003893360808443472,2.9649299017108017,0.17350992618430058,0.16525685889870737,0.23278159571455456,386.8086505126953,376.70330184936523,True
2023-04-10,392.35184076274294,395.323854285077,391.73429825063636,395.24664306640625,63681000,0.0,0.0,0.0,SPY,0.0010264209089358989,0.0010258944991759441,2.9689995886643827,0.15776813176402354,0.15931073676727994,0.2325772181072752,386.9321398925781,376.8956475830078,True
2023-04-11,395.8738863972432,396.76160930806424,394.5808781941237,395.3528137207031,59297900,0.0,0.0,0.0,SPY,0.0002686187375893212,0.00026858266603574805,2.970065736323382,0.14580213566028902,0.1592867864179054,0.23251889631471137,387.039873046875,377.0710374450684,True
2023-04-12,397.42738819941474,397.7168860870642,393.15273736359126,393.7413330078125,86420400,0.0,0.0,0.0,SPY,-0.0040760572758413716,-0.00408438704006864,2.953883520993273,0.14711668726784868,0.1591238219240984,0.23253817722548503,387.2132342529297,377.1810972595215,True
2023-04-13,394.83173783881375,399.32833439089336,393.6834638753183,398.9713134765625,85814800,0.0,0.0,0.0,SPY,0.013282782452118669,0.013195339767645038,3.0064020956436437,0.14373114476096166,0.15932083230273086,0.23230568268823093,387.3779577636719,377.3244064331055,True
2023-04-14,398.33443692050383,400.5344854544586,395.6808681891024,397.9967041015625,78161500,0.0,0.0,0.0,SPY,-0.0024428056406046172,-0.0024457941582073095,2.9966152340058754,0.14129285956541424,0.15934683242158024,0.23228929458911843,387.44013610839846,377.50067489624024,True
2023-04-17,397.90985115526007,399.4440927674988,396.6747367439795,399.4248046875,66436400,0.0,0.0,0.0,SPY,0.0035882221415910465,0.003581799831055169,3.0109559772799557,0.1310634330960574,0.1593244168231616,0.23203064898421574,387.41590698242186,377.6855610656738,True
2023-04-18,401.0072269804307,401.14233186449803,398.30542377354743,399.6852722167969,63560000,0.0,0.0,0.0,SPY,0.0006521065448117369,0.0006518940157282288,3.013571547923692,0.12103451185834074,0.15924055348109176,0.23170002292395062,387.4820556640625,377.88647262573244,True
2023-04-19,397.76511153607095,400.52480875839643,397.70721784941026,399.6177978515625,55227300,0.0,0.0,0.0,SPY,-0.0001688187429578214,-0.00016883299444577643,3.0128939818202003,0.11892249516659431,0.15567008735727772,0.23169959775204083,387.5953033447266,378.0680354309082,True
2023-04-20,396.79049299637126,399.1931986267538,395.88345270091645,397.43701171875,75840400,0.0,0.0,0.0,SPY,-0.005457179696542358,-0.005472124497436777,2.990994898258234,0.11523337568100345,0.15531829031228606,0.2311903784218253,387.5618884277344,378.235263671875,True
2023-04-21,397.73616032830944,398.2089685800001,395.7870041880718,397.7458190917969,73457400,0.0,0.0,0.0,SPY,0.0007769970182480712,0.0007766953123378347,2.994095889394024,0.09347874799121589,0.15114419821162708,0.23119136492691506,387.62193176269534,378.39788940429685,True
2023-04-24,397.54313369577346,398.58527886560444,396.2018908008796,398.16070556640625,64332100,0.0,0.0,0.0,SPY,0.0010430944957680044,0.0010425508507203815,2.9982621088318204,0.09358741801569508,0.1494074141840799,0.23071444688302195,387.75871643066404,378.5352395629883,True
2023-04-25,396.18262700309856,396.7423052676906,391.78252989419235,391.8404235839844,97766700,0.0,0.0,0.0,SPY,-0.015873695957593137,-0.01600103240036326,2.934794911757459,0.11135676668548185,0.15296016453731498,0.22962407404355334,387.7508306884766,378.6425129699707,True
2023-04-26,392.45792341648564,393.5386446906024,389.621015348206,390.1806640625,80447000,0.0,0.0,0.0,SPY,-0.004235804734752269,-0.004244801169375774,2.9181278888399578,0.1129269048804013,0.15323333098476566,0.22958808719951257,387.61766052246094,378.7626432800293,True
2023-04-27,392.7281590569557,398.2186361671352,392.47726678031995,397.9484558105469,92968400,0.0,0.0,0.0,SPY,0.01990819244390485,0.019712615837333473,2.996130732870814,0.1298161266216282,0.15676768901910082,0.22861067327414472,387.6434979248047,378.9378129577637,True
2023-04-28,397.06066160989485,401.35462946580685,397.0027679286983,401.344970703125,89433100,0.0,0.0,0.0,SPY,0.008535062375502944,0.00849884466499284,3.0302379579365306,0.12406189010844522,0.15756788161197488,0.22874956262626617,387.7115051269531,379.13949478149414,True
2023-05-01,400.9010916640462,402.97569367535664,400.7080931035981,400.939697265625,62122300,0.0,0.0,0.0,SPY,-0.0010097882547026593,-0.0010102984343401808,3.026168270982949,0.1234631494378736,0.15535752938830336,0.22735952018549566,387.88099060058596,379.3435336303711,True
2023-05-02,400.2256551428924,400.2739195102237,393.5193816694739,396.4334716796875,103998500,0.0,0.0,0.0,SPY,-0.011239160444000862,-0.011302797071870742,2.980917519810826,0.12182813586211456,0.15450698160463902,0.22459435569153055,387.97996215820314,379.4906398010254,True
2023-05-03,396.93521718124856,399.35721082896305,393.47110782009463,393.71234130859375,91531800,0.0,0.0,0.0,SPY,-0.006864027801598893,-0.006887693597723995,2.9535923912789728,0.12343921548222836,0.15370227969885464,0.22462614045990198,388.18158203125,379.6392922973633,True
2023-05-04,392.6606060841038,392.98868012756435,389.5824641073576,390.9237365722656,94901900,0.0,0.0,0.0,SPY,-0.0070828481704676705,-0.007108050613462252,2.9255896966436277,0.12437047821677705,0.15144817136349506,0.22469549659773194,388.3380010986328,379.7248292541504,True
2023-05-05,394.57115004883383,399.2124800515957,394.31062848009987,398.16070556640625,87891800,0.0,0.0,0.0,SPY,0.018512482914433637,0.01834321278480973,2.9982621088318195,0.14013186319038878,0.15458708362579499,0.22338729253309303,388.5984033203125,379.8346391296387,True
2023-05-08,398.48882165654356,398.74934325278616,396.8580807323069,398.2668762207031,50046800,0.0,0.0,0.0,SPY,0.0002666527681225439,0.00026661722259190587,2.999328256490819,0.1396247146029289,0.15406788249263012,0.22051704725811805,388.94321411132813,379.9258250427246,True
2023-05-09,396.71335381997807,397.63968229335507,396.2887804681279,396.5203552246094,49220100,0.0,0.0,0.0,SPY,-0.004385303173256916,-0.004394946819085308,2.981789989596734,0.14059742349538196,0.15208972460394565,0.22047859857654928,389.2271398925781,380.025908203125,True
2023-05-10,399.3668666271847,400.0037265657887,394.5325381303641,398.37298583984375,96142900,0.0,0.0,0.0,SPY,0.004672220709035058,0.004661339764810214,3.0003937912451564,0.14145322304344268,0.15075040567021,0.21814324046556458,389.5763793945313,380.1329676818848,True
2023-05-11,397.50460262588405,397.96775213394324,395.59402256278725,397.67828369140625,70157100,0.0,0.0,0.0,SPY,-0.0017438485367499146,-0.0017453708106102595,2.99341771038587,0.1407523103158994,0.14972906483968806,0.21814348255008173,389.9409478759766,380.2588526916504,True
2023-05-12,398.9230111667802,399.13529781612647,394.72554254638004,397.15716552734375,70481500,0.0,0.0,0.0,SPY,-0.0013104013606809461,-0.0013112606873345624,2.988184730384413,0.13292857658032992,0.1497052216037736,0.21754457802527202,390.23607177734374,380.3337693786621,True
2023-05-15,397.7650986721773,398.9326605786748,395.84488941598204,398.52740478515625,54289400,0.0,0.0,0.0,SPY,0.0034501184335755664,0.0034441804289326696,3.0019444400392166,0.13323382021520275,0.14802627670694685,0.2175621677925609,390.4359423828125,380.39157089233396,True
2023-05-16,397.41766519923533,398.34402295304176,395.85447697992515,395.8641357421875,57705500,0.0,0.0,0.0,SPY,-0.006682775164243759,-0.00670520489058631,2.975200345126639,0.13458643270758447,0.1486455908956155,0.2163860005418761,390.5771643066406,380.4078480529785,True
2023-05-17,397.8905410307854,401.2774393485742,396.24051213507045,400.6695556640625,87287000,0.0,0.0,0.0,SPY,0.012139063602883748,0.012065976052104212,3.0234555549503366,0.14141857755537515,0.15048476381019404,0.216668835617505,390.93369262695313,380.4539653015137,True
2023-05-18,400.3511161080979,404.95387019652003,400.1292001314732,404.529296875,97177200,0.0,0.0,0.0,SPY,0.00963322807129785,0.009587124378213794,3.062214419945904,0.1451628211161768,0.14895622606098607,0.21591663683712742,391.35491821289065,380.53229415893554,True
2023-05-19,405.4364004853655,405.96710249637533,402.7152790765664,403.94073486328125,103793300,0.0,0.0,0.0,SPY,-0.0014549304988918932,-0.0014559899380017327,3.056304180293286,0.14370588513542798,0.14888477372876532,0.2120472779608637,391.9058721923828,380.5772331237793,True
2023-05-22,403.9599716044401,405.64860605306404,402.71519853702625,404.1047058105469,60745400,0.0,0.0,0.0,SPY,0.0004059282293504829,0.0004058458627759824,3.057950748666899,0.14371277661942883,0.1428798792901482,0.2119455312179929,392.5687268066406,380.6243258666992,True
2023-05-23,402.45463156002285,404.0371373438998,399.1738620794214,399.5694885253906,86383500,0.0,0.0,0.0,SPY,-0.01122287669493871,-0.01128632836242664,3.0124088677804766,0.14960599677921202,0.14485126676517357,0.21226637413168223,393.1514526367188,380.65207824707034,True
2023-05-24,397.9580918408348,398.3440595499911,395.50715124414705,396.6747131347656,89213700,0.0,0.0,0.0,SPY,-0.007244735831327231,-0.007271106372220786,2.9833400254861324,0.14063423399254027,0.14540447716287594,0.21160403430463273,393.5538171386719,380.66764404296873,True
2023-05-25,400.196795377138,401.56701487984543,397.9485116778364,400.1099548339844,90961600,0.0,0.0,0.0,SPY,0.008660097519378906,0.008622813972992381,3.0178361385596872,0.14210983932910506,0.14449629952877024,0.21161845847041558,394.0719885253906,380.7081996154785,True
2023-05-26,400.7659919838297,406.0152348637326,400.6888102271162,405.2915344238281,93830000,0.0,0.0,0.0,SPY,0.012950389079906088,0.012867249812486608,3.069868679813343,0.13229552234665468,0.14643925597519114,0.21182387586138315,394.56248291015623,380.7334954833984,True
2023-05-30,407.2310564728573,407.7617583438751,404.0564156666858,405.4459228515625,72216000,0.0,0.0,0.0,SPY,0.0003809317851997118,0.0003808592491075082,3.071419022155073,0.12935194944980435,0.14613816183020212,0.21090729803761124,395.1451080322266,380.759563293457,True
2023-05-31,403.6126074392259,404.5196477889496,401.6248456806696,403.19769287109375,110811800,0.0,0.0,0.0,SPY,-0.005545079759728733,-0.005560510785115082,3.0488426789419467,0.1309698599407411,0.14640933673132284,0.20957591189735175,395.6103991699219,380.7405125427246,True
2023-06-01,403.42922817894714,408.0898756082437,402.1748258336311,407.0284423828125,88865000,0.0,0.0,0.0,SPY,0.009500921209247837,0.009456071310455498,3.0873104142232144,0.12760914739113663,0.14677347401674684,0.2097016195503543,396.05253173828123,380.7322297668457,True
2023-06-02,409.6145242472178,413.70583539601955,409.08382227275683,412.91461181640625,91426200,0.0,0.0,0.0,SPY,0.014461322160031598,0.01435775452987926,3.1464183268913484,0.13176030648949053,0.1461509335194196,0.21001486006984496,396.7436187744141,380.7493751525879,True
2023-06-05,413.26193659754,414.5549446371605,411.41890910486813,412.1233215332031,65460200,0.0,0.0,0.0,SPY,-0.0019163533102455332,-0.0019181918645055634,3.1384723244049475,0.12829305805312624,0.1462669303745155,0.2091838046938829,397.39842407226564,380.77709671020506,True
2023-06-06,411.70842525853584,413.55142338559835,411.0522477225799,413.0207214355469,64022200,0.0,0.0,0.0,SPY,0.0021775033235322816,0.002175135999118598,3.1474838616456857,0.11441074004693805,0.14248116849370054,0.2085227175748032,398.02138671875,380.8033967590332,True
2023-06-07,413.416360399151,414.55497554838854,411.16804749778333,411.5926208496094,85373300,0.0,0.0,0.0,SPY,-0.0034576971852012806,-0.003463688835642498,3.1331431183716054,0.11574739761298462,0.14278821913147505,0.20853873578033952,398.6015057373047,380.84995376586915,True
2023-06-08,411.6601594331947,414.53567350141725,410.888223972674,414.0821533203125,61952800,0.0,0.0,0.0,SPY,0.006048535237498154,0.006030316276678706,3.158142580164699,0.11459390893114255,0.13741581418557577,0.20841014388493237,399.2485906982422,380.950841217041,True
2023-06-09,414.88308900711564,416.8419042014902,413.83131429165877,414.8251953125,85742800,0.0,0.0,0.0,SPY,0.0017944313374276266,0.0017928232689401907,3.1656040815160384,0.1142099844500797,0.13352226403458167,0.20811446244228796,399.7995703125,381.0602084350586,True
2023-06-12,415.80939357946767,418.6655901207844,415.08569304232174,418.58837890625,76104300,0.0,0.0,0.0,SPY,0.009071733434405038,0.009030832436518609,3.2033933313368212,0.11593065420044138,0.13413744052296817,0.20688259693836059,400.3804602050781,381.1821020507812,True
2023-06-13,420.0551058951808,421.994603349192,419.38929903191627,421.3481140136719,95899700,0.0,0.0,0.0,SPY,0.006592956819854612,0.006571318335697703,3.2311061220671897,0.11591739238441073,0.13119542566263878,0.20484654659817486,400.9067352294922,381.28996841430666,True
2023-06-14,421.6858007148604,423.66390356059924,418.38571360357616,421.8498229980469,100612100,0.0,0.0,0.0,SPY,0.001190723223122525,0.0011900148744678526,3.2361441983862314,0.11603292882308318,0.13017427799637804,0.2011539820899426,401.4129388427734,381.4680027770996,True
2023-06-15,421.0296783956768,428.3342365219858,420.9332085446694,427.079833984375,110303100,0.0,0.0,0.0,SPY,0.012397802964948301,0.012321579560981656,3.2886630794889324,0.11533863893979214,0.12805561623103137,0.20145421382610648,402.06774353027345,381.6849568176269,True
2023-06-16,429.0730147226843,429.64443703691825,425.15052699072436,425.6250915527344,114165800,1.638,0.0,0.0,SPY,-0.0034062540908776917,-0.003412068581854055,3.274054803330027,0.11347138588323472,0.12553999917119765,0.20104504693291378,402.7141033935547,381.91569763183594,True
2023-06-20,423.6783584670495,424.56937878552253,421.3345310858184,423.4168395996094,76160400,0.0,0.0,0.0,SPY,-0.00518825604258677,-0.005201761777361677,3.2518799126703026,0.11401364386057497,0.12537500411781655,0.1982460177033787,403.2856127929688,382.1498344421387,True
2023-06-21,422.4289690630937,423.2328262923549,420.65656392245774,421.24737548828125,76982300,0.0,0.0,0.0,SPY,-0.005123707676292777,-0.005136878875982541,3.2300945229230784,0.11618316256945262,0.12394893796254082,0.1983317786365896,403.8056274414063,382.3672157287598,True
2023-06-22,420.2885397836048,422.874467164617,419.9495524578209,422.7679443359375,70637200,0.0,0.0,0.0,SPY,0.0036096814749142503,0.003603182210227005,3.2453638167596104,0.11615062571207098,0.11816150855010983,0.19684096170464604,404.35393005371094,382.61211639404297,True
2023-06-23,419.3006544152612,421.36360329009193,418.8551442371661,419.57183837890625,92074500,0.0,0.0,0.0,SPY,-0.007559953397250907,-0.007588674690927238,3.2132690641505324,0.1114227137755196,0.11961314632468202,0.19699970873656508,404.8705401611328,382.8480885314941,True
2023-06-26,419.0003884627084,420.92773045025166,417.61541436670325,417.8575439453125,72823600,0.0,0.0,0.0,SPY,-0.004085818629337101,-0.004094188392274652,3.1960544109178164,0.10849336150499649,0.11972335129157446,0.1968463442400839,405.24826477050783,383.04204040527344,True
2023-06-27,418.7389427456429,423.05852660175333,418.2837379082009,422.4386901855469,72813700,0.0,0.0,0.0,SPY,0.010963416376261303,0.010903753801287353,3.2420575025621563,0.11041683871602996,0.12122240839889506,0.19462878557185762,405.7371044921875,383.24650955200195,True
2023-06-28,421.3538623864424,423.6686352436676,420.734026061951,422.6517028808594,75636000,0.0,0.0,0.0,SPY,0.0005042452319388158,0.0005041181430327045,3.2441965398314334,0.10396284318319719,0.12099225956264445,0.19457862544545013,406.2016424560547,383.42240676879885,True
2023-06-29,422.23528771625286,424.48225757414235,421.8285265262779,424.3175964355469,67882300,0.0,0.0,0.0,SPY,0.003941528079344003,0.003933780608786286,3.2609251596674333,0.10398738524693851,0.11822917379835277,0.19345689847172917,406.6942889404297,383.5858114624023,True
2023-06-30,427.5427284266672,430.3126766273395,427.2231008300768,429.3247985839844,104964000,0.0,0.0,0.0,SPY,0.011800599811321089,0.011731515691614163,3.3112066323026585,0.10508634250854809,0.11971242300497831,0.19376905569419556,407.28842895507813,383.85939895629883,True
2023-07-03,428.97621080462665,430.0996662121284,428.69533217433224,429.8188171386719,32793400,0.0,0.0,0.0,SPY,0.0011506872100490728,0.0011500256769512048,3.316167482634328,0.10254303555294043,0.11697713287024036,0.19356464140080973,407.9360650634766,384.128309173584,True
2023-07-05,427.9979717936088,429.91564887549146,427.98827715137367,429.1795654296875,58418400,0.0,0.0,0.0,SPY,-0.0014872585459145826,-0.001488365612704961,3.309748225660182,0.0938470640855639,0.11700720808667778,0.19332762553015248,408.5647399902344,384.415369720459,True
2023-07-06,425.5863211714605,426.24490651683845,423.3006026311988,425.8187561035156,80658300,0.0,0.0,0.0,SPY,-0.007830776665256889,-0.007861598206693729,3.2759995498215497,0.09894232088671628,0.11763624547827407,0.1935136320096848,409.1179010009766,384.69980697631837,True
2023-07-07,424.8212419223924,428.705010268812,424.50161428998615,424.7437438964844,86134200,0.0,0.0,0.0,SPY,-0.002524576927677491,-0.002527769045639408,3.265204460015311,0.09991831569273253,0.11762387744169958,0.19352154671633273,409.7759674072266,384.9645637512207,True
2023-07-10,424.3853383898995,425.99308230255696,423.81391614404225,425.8187561035156,62443500,0.0,0.0,0.0,SPY,0.002530966547427793,0.0025277690456393504,3.2759995498215497,0.09842822031891373,0.11753017334268664,0.19299744663181162,410.48872924804687,385.2560339355469,True
2023-07-11,426.58396815720187,429.0246240395303,425.6057550529749,428.5306701660156,64463800,0.0,0.0,0.0,SPY,0.006368705050278978,0.006348510544818059,3.303232129749489,0.09861507436597013,0.117978019655316,0.19307730085121522,411.1003735351562,385.5931185913086,True
2023-07-12,432.33686167594846,433.3925429871289,430.90344407233346,431.9784851074219,91924500,0.0,0.0,0.0,SPY,0.008045666696552933,0.008013472885423076,3.337854501183351,0.10107504137615969,0.118721630665375,0.1928362146024866,411.7130438232422,385.9626091003418,True
2023-07-13,433.7993604938544,436.20129662814134,433.3635449730267,435.4071044921875,72425200,0.0,0.0,0.0,SPY,0.007937014233273754,0.007905681817164228,3.372284114101114,0.10013983276816112,0.1188861927260629,0.192729667274345,412.40239196777344,386.37924041748045,True
2023-07-14,436.29822033972374,437.1504917838123,434.3708484445419,435.135986328125,69815800,0.0,0.0,0.0,SPY,-0.000622677400679339,-0.0006228713447659095,3.3695615915939143,0.0989889029546484,0.11657465251333396,0.19263939946701233,413.1764422607422,386.81193115234373,True
2023-07-17,434.99063152335657,437.70247095755104,434.9421878739544,436.64678955078125,52680200,0.0,0.0,0.0,SPY,0.003472025458995276,0.003466011894081676,3.384732820684576,0.09919894921382541,0.1163812507731011,0.1926300376523237,414.0351312255859,387.2566253662109,True
2023-07-18,436.3175222997564,440.5402481729128,435.88167721390397,439.891357421875,80668200,0.0,0.0,0.0,SPY,0.007430646345600644,0.00740317509520657,3.4173142195950312,0.09376899446311865,0.11691416827024981,0.19187081985671461,415.0144836425781,387.68333435058594,True
2023-07-19,440.6855470187412,442.0608265336728,439.8138568520883,440.86956787109375,65891700,0.0,0.0,0.0,SPY,0.0022237546446737255,0.002221285761762966,3.427137242607839,0.09212785752647952,0.1169068402059094,0.19166071765466278,415.86866088867185,388.15196533203124,True
2023-07-20,439.87195151577674,440.77266640468775,437.2278860233139,437.944580078125,70591600,0.0,0.0,0.0,SPY,-0.006634587656147772,-0.0066566943663549745,3.3977650125059604,0.09361332521290647,0.11801097486420628,0.18999176158629302,416.66221496582034,388.63281143188476,True
2023-07-21,439.66854140008843,439.87195151577674,437.9349149941625,437.944580078125,71275600,0.0,0.0,0.0,SPY,0.0,0.0,3.3977650125059604,0.09059361023218442,0.1172087255648683,0.1899075628360586,417.49069946289063,389.0685414123535,True
2023-07-24,439.09717520084894,440.7146139077843,438.0608534359134,439.90106201171875,54023400,0.0,0.0,0.0,SPY,0.004467418989966054,0.004457469694525767,3.4174116714362377,0.0908497207230579,0.11733975099733035,0.18970613016043597,418.3212609863281,389.45970306396487,True
2023-07-25,439.6298829434647,442.36108235466685,439.5814392896044,441.1020202636719,55191200,0.0,0.0,0.0,SPY,0.0027300644523589046,0.0027263445951637775,3.429471490011861,0.08407663603221181,0.11735413105846422,0.18945496529543165,419.18973571777343,389.86107971191404,True
2023-07-26,440.16253245222157,442.60318803571505,439.10685100534744,441.1697998046875,71052900,0.0,0.0,0.0,SPY,0.00015365955697754785,0.00015364775255704844,3.4301521206386605,0.08118955479307195,0.11187441668548584,0.18945503847230183,420.06998840332034,390.28140701293944,True
2023-07-27,444.5692659386792,444.97605663564536,437.33443294941236,438.2448425292969,92194400,0.0,0.0,0.0,SPY,-0.006630003406138729,-0.006652079509249767,3.400780196989113,0.08123153635071458,0.11250952397093411,0.18918099116058873,420.8643371582031,390.7369143676758,True
2023-07-28,441.5281635177411,443.3683425271831,438.2448720243851,442.5354309082031,80011800,0.0,0.0,0.0,SPY,0.00979039103835988,0.009742775689699024,3.443865555991507,0.08566647263933289,0.10763034108109143,0.18769907577868944,421.7977630615234,391.227127532959,True
2023-07-31,443.0099795402013,443.7363682986347,441.69277922202156,443.3780212402344,62040400,0.0,0.0,0.0,SPY,0.001904006488931298,0.0019021961661230345,3.452326704846053,0.08543664115345867,0.10673451755661514,0.1873235659633165,422.65193237304686,391.73246185302736,True
2023-08-01,441.9058733052999,442.85503196396667,441.15043014655225,442.1092834472656,55291500,0.0,0.0,0.0,SPY,-0.002861526129373293,-0.002865628122443618,3.439586255643629,0.07936003420461013,0.10698282137429574,0.18682899284247032,423.4035321044922,392.2370979309082,True
2023-08-02,438.9809707176882,439.24246004875226,435.2037548181366,435.9591979980469,93933400,0.0,0.0,0.0,SPY,-0.01391078106585908,-0.014008442738665923,3.377828143218373,0.09549175840851337,0.10840741966062398,0.18735513846674404,424.0439013671875,392.66596267700197,True
2023-08-03,433.9350054287447,436.5984311098676,433.28608507597204,434.7098083496094,64276100,0.0,0.0,0.0,SPY,-0.0028658407809143416,-0.0028699551652656124,3.365281984793704,0.09600637026205164,0.1074393233715065,0.18725040839062868,424.65600341796875,393.12848205566405,True
2023-08-04,436.53059316769526,438.6419560832141,432.2206746748888,432.7436828613281,100128900,0.0,0.0,0.0,SPY,-0.004522845931969499,-0.004533104944607798,3.3455384869268796,0.09297024776487067,0.1067183738987373,0.18669804977451346,425.3194873046875,393.5372024536133,True
2023-08-07,434.58386780867363,436.6758710264232,433.8865334027571,436.5209045410156,58357500,0.0,0.0,0.0,SPY,0.008728542620685564,0.008690669119959173,3.38346870481985,0.09604468575203026,0.1021250019808178,0.18687882674346593,426.1164111328125,393.94418853759765,True
2023-08-08,433.9736993143693,436.5112422778829,431.2521650523819,434.62261962890625,71361300,0.0,0.0,0.0,SPY,-0.004348668969485825,-0.004358151932553099,3.3644064504844877,0.09789133462721546,0.10276330143642519,0.18692856255149787,426.8066644287109,394.3542660522461,True
2023-08-09,434.89377992203646,435.0584410413958,430.9519032671321,431.717041015625,78789600,0.0,0.0,0.0,SPY,-0.006685290829460566,-0.00670773748373932,3.335229124065025,0.09929365634244199,0.10339136415778125,0.18705818949883835,427.3351745605469,394.7645991516113,True
2023-08-10,434.0802298731548,437.47973864760297,430.7001103815545,431.87200927734375,93005500,0.0,0.0,0.0,SPY,0.0003589579446625635,0.00035889353467273604,3.3367852890010408,0.09529809157885208,0.10319139527644433,0.18700587927895063,427.8636962890625,395.1332225036621,True
2023-08-11,429.9931049607352,432.6371707700478,429.39262829617013,431.6202087402344,68690900,0.0,0.0,0.0,SPY,-0.0005830443550409736,-0.0005832143914966889,3.3342567508192635,0.09082879947807801,0.10307813317497319,0.18586666058312928,428.4321466064453,395.47867416381837,True
2023-08-14,430.7001249960908,434.00274658203125,430.3901920283433,434.00274658203125,47867400,0.0,0.0,0.0,SPY,0.005519986769736196,0.005504807476811239,3.358181790740425,0.0931033407490914,0.10327428432048495,0.18593764888437797,428.9716326904297,395.8070932006836,True
2023-08-15,432.22071103488054,432.57908768331487,428.37569166843355,428.9471435546875,75707500,0.0,0.0,0.0,SPY,-0.011648781182052259,-0.011717159770411111,3.3074142847084858,0.1002389019596313,0.10644030848736452,0.1855813118219327,429.2922833251953,396.1241093444824,True
2023-08-16,428.5305764420863,430.1964290136715,425.69282506439794,425.79937744140625,80107200,0.0,0.0,0.0,SPY,-0.007338354295113647,-0.007365412473262065,3.2758049525914616,0.0979372081187582,0.10664528159390933,0.18569672998999012,429.56580444335935,396.4351461791992,True
2023-08-17,427.27155014496947,427.53303945369214,422.0318624311896,422.55487060546875,95711300,0.0,0.0,0.0,SPY,-0.007619801737225318,-0.007648980746498134,3.2432241665856685,0.09911117755600025,0.10571002478312681,0.18585421653308412,429.7564874267578,396.6867102050781,True
2023-08-18,419.7268030238674,423.79459201752337,419.3781505964978,422.7582702636719,98852000,0.0,0.0,0.0,SPY,0.0004813567949450981,0.00048124097992715165,3.2452666713707297,0.09797730859849073,0.10419891790774215,0.18571019650911919,429.97980041503905,396.95273529052736,True
2023-08-21,423.77519396809026,426.2545985897725,421.6154169550539,425.50885009765625,68719000,0.0,0.0,0.0,SPY,0.006506270905756173,0.006485196486403711,3.2728875264018455,0.10188161038183613,0.10473831583596752,0.18579729148325036,430.2083343505859,397.240598449707,True
2023-08-22,427.29093275792906,427.29093275792906,423.79459558552884,424.3563232421875,64994200,0.0,0.0,0.0,SPY,-0.002708584921804147,-0.0027122597752117753,3.2613140476752687,0.09972762462217924,0.10497663166471737,0.18531360301489402,430.3989569091797,397.56886825561526,True
2023-08-23,425.42170429201707,429.7025685957629,425.27643244437724,429.08270263671875,68441000,0.0,0.0,0.0,SPY,0.011137761206008623,0.01107619307595094,3.308775545962086,0.10830963156748023,0.10409154730423475,0.18441351257162614,430.60884338378906,397.93923751831056,True
2023-08-24,430.6904485230162,431.203762091387,423.10693291921746,423.1360168457031,88517300,0.0,0.0,0.0,SPY,-0.013859066689179467,-0.013956000201335684,3.249059938321892,0.11651859876141661,0.10705873782658251,0.1849435721793526,430.6446014404297,398.254324798584,True
2023-08-25,424.86965203853134,427.4071655617542,421.30551135792575,426.1190490722656,102325100,0.0,0.0,0.0,SPY,0.007049818752843828,0.007025084958427921,3.279015040757031,0.11921518368415077,0.10664099541462434,0.185042925866483,430.72998596191405,398.5671038818359,True
2023-08-28,428.31757952912716,429.44106445082383,426.1190533411667,428.82122802734375,61595400,0.0,0.0,0.0,SPY,0.006341370940729396,0.0063213490476135455,3.3061498623914316,0.11571671366002438,0.10443268689020577,0.18462611297320272,430.76481384277344,398.8835858154297,True
2023-08-29,428.71468038762214,435.30062349579674,428.53065951997604,435.0197448730469,83081900,0.0,0.0,0.0,SPY,0.014454780781766319,0.014351306379306828,3.368394314665733,0.1278615313898182,0.10787537637035516,0.18194354933293783,430.9527069091797,399.2687129211426,True
2023-08-30,435.35865448816713,437.45065748608874,434.65162551469643,436.8114318847656,69053900,0.0,0.0,0.0,SPY,0.004118633769696123,0.004110175414256916,3.3863861310094636,0.12877811242094092,0.10717006087451711,0.18183661565185016,431.2205987548828,399.56443222045897,True
2023-08-31,437.4313644440871,438.5742091538765,435.98828137082484,436.17230224609375,66084600,0.0,0.0,0.0,SPY,-0.0014631705857929278,-0.0014642420651734395,3.379968099844641,0.11937242117139779,0.10599446652494524,0.18147801806781205,431.51909729003904,399.83867965698244,True
2023-09-01,438.9034250520325,439.3876841733854,435.5232762863438,436.9857482910156,58944100,0.0,0.0,0.0,SPY,0.0018649649249458111,0.0018632280370149375,3.388136586723233,0.11904076011242996,0.1024861979882992,0.1812940384006199,431.80345336914064,400.13321334838867,True
2023-09-05,436.540311007373,436.8599090757818,435.02942466122306,435.0971984863281,55166200,0.0,0.0,0.0,SPY,-0.004321765211047102,-0.004331131032645666,3.3691720906814098,0.11894063051543823,0.10286900008269796,0.18134494205048857,432.11396057128906,400.4021809387207,True
2023-09-06,434.2836346985003,434.39018708961373,429.838138891174,432.1722717285156,70758500,0.0,0.0,0.0,SPY,-0.006722467457818904,-0.006745165021793759,3.3398004734841935,0.1171497815901023,0.10394781463551817,0.18114876970194463,432.40025512695314,400.67106842041017,True
2023-09-07,429.1601255075583,431.52331250087747,428.81147311026496,430.8453674316406,70355400,0.0,0.0,0.0,SPY,-0.00307031335344099,-0.00307503643552407,3.326475926139185,0.11669666184577046,0.10388708809899407,0.18113293593717114,432.568388671875,400.9391102600098,True
2023-09-08,430.89381655306994,433.0342338731247,430.53546948555345,431.4942932128906,61659700,0.0,0.0,0.0,SPY,0.0015061686403137209,0.0015050355059787611,3.3329923285022085,0.11455904548572211,0.10334069292323522,0.18029858766762472,432.7452404785156,401.20183303833005,True
2023-09-11,434.1286821383693,434.6419957128025,432.41441519511204,434.33209228515625,60180100,0.0,0.0,0.0,SPY,0.0065766781088469894,0.0065551461158057074,3.3614890242948707,0.11680712342546438,0.10399183377190743,0.1802999322598755,432.94553039550783,401.4856344604492,True
2023-09-12,432.87926173035714,434.40950762423,431.3683755618332,431.949462890625,67565400,0.0,0.0,0.0,SPY,-0.005485731855538245,-0.005500833737773491,3.337563065016716,0.11849464987294953,0.10333099340359951,0.17977382047496632,432.99802368164063,401.7321174621582,True
2023-09-13,432.17227690873267,433.6153598507793,431.06815175751416,432.4531555175781,60199300,0.0,0.0,0.0,SPY,0.0011660915690978602,0.0011654122124008888,3.3426210607372617,0.11691754098282642,0.10260202300127151,0.1794802998084683,433.05071044921874,401.96906219482423,True
2023-09-14,434.9326087375899,436.8793108187874,433.6251028546824,436.1819763183594,83430800,0.0,0.0,0.0,SPY,0.008622484893926696,0.008585523584640768,3.3800652452335163,0.11280068042163038,0.10389341548594028,0.17415777476616875,433.19075866699217,402.22508193969725,True
2023-09-15,434.5909404720226,434.9213947445107,430.4893744318184,430.9267272949219,111848900,1.583,0.0,0.0,SPY,-0.012048294768607803,-0.012121463773745842,3.3272929280532084,0.11814656962842315,0.10406805373235489,0.17459149844039643,433.2929180908203,402.48554092407227,True
2023-09-18,430.6156436055034,432.48177122246517,430.13940510883424,431.17938232421875,55752200,0.0,0.0,0.0,SPY,0.0005863062402344799,0.0005861344298831848,3.3298300469002484,0.11431363180935314,0.10381745251456573,0.17417850177864752,433.421630859375,402.7505165100098,True
2023-09-19,430.2560604296138,430.8489560404354,427.59296875309155,430.28521728515625,66514600,0.0,0.0,0.0,SPY,-0.0020737657590272907,-0.0020759189886164894,3.3208509936065793,0.11479776753902268,0.10334294679645555,0.1740019667460339,433.51096008300783,402.95145599365236,True
2023-09-20,431.54869078908297,431.96661554798703,426.1252791165085,426.32940673828125,82562600,0.0,0.0,0.0,SPY,-0.00919346142503763,-0.009235982100291973,3.281127416673522,0.11791810856187189,0.10452112564355744,0.17413450060525343,433.4669348144531,403.134051361084,True
2023-09-21,423.47193386836017,423.7343455427682,419.12738484772433,419.28289794921875,104095800,0.0,0.0,0.0,SPY,-0.016528319833654548,-0.01666643651794091,3.210367573482115,0.13107588394729153,0.10950143856939583,0.17455894722733356,433.21302307128906,403.2836631774902,True
2023-09-22,420.31314452968047,421.9168307442946,417.922163972963,418.3401184082031,100829700,0.0,0.0,0.0,SPY,-0.0022485523393082074,-0.002251084129072714,3.200900341625414,0.12406396914677777,0.10854334144773965,0.17364245762990752,432.8716833496094,403.46358276367187,True
2023-09-25,417.1251866864549,420.13816022735995,416.6878042505996,420.09930419921875,70874500,0.0,0.0,0.0,SPY,0.004205156793733789,0.004196339831068333,3.218565786236799,0.11633908190720563,0.10854877601953472,0.17344077578566644,432.5709497070313,403.67985610961915,True
2023-09-26,417.04745332495224,417.7569763279254,413.09167201085535,413.92755126953125,96168400,0.0,0.0,0.0,SPY,-0.01469117627188632,-0.014800160321723979,3.1565900926566455,0.12316892497088658,0.1102342841713158,0.1732445216241561,432.11656494140624,403.86847595214846,True
2023-09-27,415.1035632540751,415.667301957409,410.4382888305996,414.0927429199219,104705800,0.0,0.0,0.0,SPY,0.00039908348667294646,0.00039900387403896635,3.1582489191234933,0.12017560635000808,0.11023136923705018,0.17291805384430176,431.6005926513672,404.04318618774414,True
2023-09-28,413.53877864718345,418.1748963964089,412.94588306815257,416.4934387207031,92258300,0.0,0.0,0.0,SPY,0.005797483394306857,0.005780742659046542,3.1823562981815066,0.10877146442647366,0.11058363063633715,0.17295991501940225,431.1130700683594,404.24406143188475,True
2023-09-29,419.55501324398796,419.729954349745,413.9566605710454,415.48260498046875,115111300,0.0,0.0,0.0,SPY,-0.002427009998859142,-0.002429959961652494,3.172205677627028,0.10643411560366772,0.10789913946299043,0.17194421619990913,430.66383056640626,404.4127554321289,True
2023-10-02,414.6467455474316,416.57118678559624,412.5473631951858,415.3173828125,83798600,0.0,0.0,0.0,SPY,-0.00039766326192292034,-0.0003977423509257508,3.1705465447078494,0.10661103096911964,0.10784744491376927,0.1705781784975174,430.21128662109373,404.5661744689941,True
2023-10-03,413.13054906663035,415.37571578475433,408.3875031242602,409.7579345703125,103760600,0.0,0.0,0.0,SPY,-0.013386023490130183,-0.013476423944030938,3.1147195106937087,0.11203996885917157,0.11086375078002214,0.17039225537985295,429.6084240722656,404.70409210205077,True
2023-10-04,410.2244834730011,413.49016980797626,408.7568525933047,412.7417907714844,87453000,0.0,0.0,0.0,SPY,0.007281997368277615,0.007255611641870863,3.144682887341781,0.11744128047613506,0.11103892469110722,0.1685685317789016,429.04121948242187,404.903671875,True
2023-10-05,412.4501575928168,413.4318210422045,409.34971346962845,412.58624267578125,70142700,0.0,0.0,0.0,SPY,-0.0003768653894057339,-0.00037693642101339675,3.1431208998114792,0.1166089008042901,0.11096052415450365,0.16580631067526813,428.46954833984375,405.1244822692871,True
2023-10-06,410.12728008196234,419.0302053529861,408.795734309722,417.4848327636719,113273300,0.0,0.0,0.0,SPY,0.01187288760798566,0.011802957845839847,3.1923117086012374,0.12626189209884614,0.11351958311189125,0.16616426610662502,428.0543481445313,405.38540603637693,True
2023-10-09,415.57982008053864,420.7310917141289,415.0258398518271,420.15765380859375,80374400,0.0,0.0,0.0,SPY,0.006402199158298316,0.00638179213484144,3.2191517230933684,0.1288284011954232,0.11352758616537649,0.16589905111160239,427.6067926025391,405.6571948242188,True
2023-10-10,420.7894114868797,424.94929081738496,420.39091470045764,422.3445129394531,78607300,0.0,0.0,0.0,SPY,0.0052048537282045615,0.005191355295026082,3.241111790669172,0.12786426922227173,0.11281996719324912,0.16345541654713633,427.1861224365234,405.91256973266604,True
2023-10-11,423.4135850275133,424.32717622370876,421.02260465917084,424.0744934082031,62451700,0.0,0.0,0.0,SPY,0.004096135774819487,0.004087769449298616,3.258483960399941,0.1282206247083259,0.11193364792032319,0.16326623774714707,426.8254266357422,406.203077545166,True
2023-10-12,424.68687017880916,425.06590928014145,419.12740262422676,421.48919677734375,81154200,0.0,0.0,0.0,SPY,-0.0060963266384682635,-0.006114985108445266,3.232522851192665,0.1292496032154978,0.11251293098219795,0.16325591901300962,426.5360266113281,406.4701329040527,True
2023-10-13,422.9956702679193,424.20088940216954,417.8152716398533,419.3898010253906,95143100,0.0,0.0,0.0,SPY,-0.004980900502325691,-0.004993346532725499,3.2114410759970546,0.12474842007202704,0.11257595802405355,0.16330779749602597,426.22962646484376,406.7339488220215,True
2023-10-16,421.64467218152936,424.8715021483969,421.4016885333211,423.8023681640625,75433200,0.0,0.0,0.0,SPY,0.010521398297915985,0.010466433587767778,3.255751324965823,0.1259674839125524,0.11363848104649923,0.16157997120541295,426.0508001708984,407.0426095581055,True
2023-10-17,420.6630265965554,425.8434548063301,420.313144365616,423.7829284667969,75324700,0.0,0.0,0.0,SPY,-4.5869723073632684e-05,-4.587077512155167e-05,3.2555561148310765,0.12590115143198094,0.11350259250740662,0.15983646667165324,425.79604064941407,407.31858642578123,True
2023-10-18,422.004296810028,422.96650259633606,417.0474242949097,418.135986328125,93559800,0.0,0.0,0.0,SPY,-0.01332508168533808,-0.013414657210359742,3.1988504819844126,0.13316601038565812,0.1157150961276506,0.15851615584542508,425.46630798339845,407.57118255615234,True
2023-10-19,418.8552917318818,420.6728049658076,413.7817911582514,414.4621276855469,121323000,0.0,0.0,0.0,SPY,-0.008786277102911466,-0.0088251040323229,3.1619582181360038,0.13287016883470193,0.11682548361210685,0.15841490736893016,425.1212097167969,407.81314804077147,True
2023-10-20,414.02474657512494,414.56902762423476,409.2622429037748,409.3691711425781,123919900,0.0,0.0,0.0,SPY,-0.012288110789299367,-0.012364233871392075,3.1108156144511137,0.12745234908021072,0.11852102421279746,0.1587554030939498,424.67115295410156,408.01551803588865,True
2023-10-23,407.8334870607581,412.5376769009492,406.07428770501764,408.6596374511719,92035100,0.0,0.0,0.0,SPY,-0.001733236749181355,-0.001734740541866082,3.103690597759038,0.12740673898242708,0.1182685857063785,0.1585148240413449,424.2119415283203,408.23539184570313,True
2023-10-24,410.7882159237927,412.8973273809858,408.93181699300743,411.74072265625,78564200,0.0,0.0,0.0,SPY,0.007539489890156403,0.007511209991311738,3.134630331533172,0.12965442630912158,0.11952406872279742,0.1568837100660856,423.7667010498047,408.42885620117187,True
2023-10-25,410.0495521205634,410.0787089756388,405.31620513197595,405.8313293457031,94223200,0.0,0.0,0.0,SPY,-0.014352219698901214,-0.014456208988007348,3.0752892086412675,0.1292054948503116,0.12195790105467597,0.15715690556295148,423.304384765625,408.5938311767578,True
2023-10-26,404.7622182339897,405.6174958558433,400.0483290003127,400.9716491699219,115156800,0.0,0.0,0.0,SPY,-0.011974630405238051,-0.012046903836444588,3.026489126573333,0.13462397559359673,0.12176156103483173,0.1568789022253383,422.8078302001953,408.72143447875976,True
2023-10-27,402.5656138725483,402.9641106372074,397.72536865178915,399.15411376953125,107367700,0.0,0.0,0.0,SPY,-0.004532827705283515,-0.004543132119332804,3.0082377451053786,0.13230670020012525,0.12170310470571799,0.15675543707973888,422.3398150634766,408.81620681762695,True
2023-10-30,401.9533043501809,404.9857358094935,400.65091543681416,403.92633056640625,86562700,0.0,0.0,0.0,SPY,0.011955825161883427,0.011884918886733159,3.05615953479312,0.14081533643045926,0.12466926283246947,0.1570737315388856,421.96317626953123,408.9279190063477,True
2023-10-31,404.49977716687243,406.78382964883156,402.58506461745475,406.4631042480469,79665200,0.0,0.0,0.0,SPY,0.0062802879873749,0.006260649160873995,3.0816333847943573,0.14323672671409493,0.1229637173797931,0.15543061800910274,421.58226135253904,409.044913482666,True
2023-11-01,407.4350269329694,411.6143341639396,406.9004450659712,410.79791259765625,98068100,0.0,0.0,0.0,SPY,0.010664703153386412,0.010608236319943365,3.125162793224141,0.14122012304323456,0.1251245425984991,0.1555794398722287,421.31109313964845,409.18709030151365,True
2023-11-02,414.6078535256142,418.8260758413125,414.5884255113766,418.6705627441406,94938900,0.0,0.0,0.0,SPY,0.01916428955712579,0.018982967503251007,3.20421860746377,0.1541765884308822,0.1311355497157094,0.15662108262037824,421.10285034179685,409.398814239502,True
2023-11-03,420.98377808691504,424.0453662261893,420.8574218397773,422.4902648925781,100167800,0.0,0.0,0.0,SPY,0.009123407491087088,0.009082040623126019,3.2425754070012722,0.15681155135626726,0.13125071327741725,0.15471969159434013,421.0899353027344,409.6433346557617,True
2023-11-06,423.24836192202025,423.9092703320981,421.5085906809684,423.4621887207031,67831700,0.0,0.0,0.0,SPY,0.002300464434067173,0.002297822416896172,3.252335300833927,0.15201724062157929,0.13112873912690845,0.154333374993818,421.03679809570315,409.8579168701172,True
2023-11-07,423.462169040648,425.3088387646738,422.3152933833265,424.6673583984375,64256100,0.0,0.0,0.0,SPY,0.0028459912356644246,0.0028419490701033813,3.2644374098312072,0.15083718825380285,0.13065042519298123,0.15373912040977106,420.953720703125,410.05569473266604,True
2023-11-08,425.2699926017036,425.7948456157836,422.66521486841896,424.9784240722656,61746000,0.0,0.0,0.0,SPY,0.0007324925442850905,0.0007322244025545965,3.2675610784394786,0.14989139919914904,0.13065938093149496,0.15348132206304063,420.75289428710937,410.2570948791504,True
2023-11-09,426.1253616847664,426.1642473813659,421.2365308910053,421.6641845703125,83174400,0.0,0.0,0.0,SPY,-0.007798606503819916,-0.007829174665277694,3.2342800488577117,0.15178575536613823,0.13153443507700946,0.15364015691783672,420.4499493408203,410.4412028503418,True
2023-11-10,423.7440474151704,428.55510577304,421.6543643464555,428.24407958984375,89462200,0.0,0.0,0.0,SPY,0.015604585972214702,0.015484086368138864,3.300354235910545,0.1596271944899863,0.13486367656587045,0.15288496266618287,420.2913848876953,410.6370623779297,True
2023-11-13,426.9028884941221,428.943927633025,426.1156237608668,427.8359375,52236100,0.0,0.0,0.0,SPY,-0.0009530595034370481,-0.0009535139534137844,3.2962557424378645,0.1583925375764599,0.13284703753446875,0.1428821003492103,420.108388671875,410.8264112854004,True
2023-11-14,433.7938644872594,437.4288904558255,433.5703088478159,436.13623046875,97176900,0.0,0.0,0.0,SPY,0.019400644595803707,0.019214851252232684,3.3796058731895826,0.16782542981326923,0.1375303867756596,0.1438342978396611,420.1291693115234,411.08172607421875,True
2023-11-15,437.47755619070045,438.7119323630303,436.204323982573,437.05963134765625,77327600,0.0,0.0,0.0,SPY,0.0021172303844461116,0.0021149922107917855,3.388878507816198,0.1677546193298538,0.13659302572285967,0.1435529857267655,420.22691650390624,411.31334854125976,True
2023-11-16,436.6124832436495,437.9148721110953,435.54334919989805,437.5941467285156,66665800,0.0,0.0,0.0,SPY,0.0012229804413901313,0.0012222332099810027,3.394246020390895,0.1588642561216784,0.13659907219712,0.14333440644133758,420.36189208984376,411.52688034057616,True
2023-11-17,437.6038154016392,438.7507207474031,436.6804953481496,438.1383972167969,83133200,0.0,0.0,0.0,SPY,0.0012437334739281436,0.0012429606781526738,3.3997112912591305,0.15383173188678237,0.13607621140128595,0.14309821938695855,420.49477416992187,411.7143910217285,True
2023-11-20,437.8857506768845,442.3566563462381,437.87602183807985,441.5110778808594,69936200,0.0,0.0,0.0,SPY,0.007697751864449431,0.007668275344550832,3.43357917705446,0.14460990731913656,0.13666906422796193,0.14322461060005112,420.63835388183594,411.940057220459,True
2023-11-21,440.4613575618605,441.38470738571004,439.2755960485925,440.548828125,49244600,0.0,0.0,0.0,SPY,-0.002179446460274348,-0.0021818249101420877,3.4239164286106822,0.1448271118756336,0.13510796437508302,0.14319970444338562,420.81034118652343,412.1730242919922,True
2023-11-22,442.2108387941116,443.57154137515226,441.15143358240533,442.24969482421875,59394900,0.0,0.0,0.0,SPY,0.0038607904291965145,0.0038533567050515983,3.4409962428178273,0.14413293766084143,0.13209223864472838,0.14317126990595788,421.00627197265624,412.3887339782715,True
2023-11-24,442.2982635869737,442.7161883255682,441.9678093987068,442.52178955078125,29737400,0.0,0.0,0.0,SPY,0.0006152513608193022,0.0006150621712962376,3.443728571799614,0.12941568668758036,0.1314674745011558,0.1425943402670146,421.1330682373047,412.62762466430667,True
2023-11-27,441.89009631858715,442.70651789043535,441.33608643233896,441.7248840332031,50506000,0.0,0.0,0.0,SPY,-0.0018008277476846413,-0.001802451187289217,3.4357261820843386,0.11770094467182916,0.13103847349325273,0.14250021654222642,421.3490313720703,412.8796417236328,True
2023-11-28,441.33611150575734,443.4646509487185,440.7724024102266,442.1622619628906,62115000,0.0,0.0,0.0,SPY,0.0009901591363701279,0.0009896692521613405,3.4401182568899653,0.11376314295331905,0.12794262423894,0.1424984698252173,421.5686889648438,413.1292794799805,True
2023-11-29,444.3199492892873,445.45712595738206,441.4527596750205,441.8512268066406,63146000,0.0,0.0,0.0,SPY,-0.0007034412092729037,-0.0007036887401294326,3.436994894734024,0.11232586174203357,0.1277194813028773,0.1415333116739598,421.8000091552734,413.3543397521973,True
2023-11-30,442.69684007944744,443.9409153434161,440.61688552658904,443.59100341796875,79752700,0.0,0.0,0.0,SPY,0.003937471496688882,0.003929739944327937,3.4544654356629936,0.1121000189787271,0.12788786077067701,0.14155129830196264,422.1452410888672,413.5890118408203,True
2023-12-01,442.978681217379,446.7497927155819,442.3858152693998,446.2152404785156,89183400,0.0,0.0,0.0,SPY,0.005915893334911049,0.005898463147572056,3.480817578044424,0.10983055634024878,0.12834520014518763,0.13823030390025046,422.68388793945314,413.8303649902344,True
2023-12-04,442.81342805335595,446.2346273092226,441.5887809150275,443.8728332519531,72430900,0.0,0.0,0.0,SPY,-0.00524950072088648,-0.005263327761062117,3.4572955229383187,0.09932904580265844,0.1284961908929869,0.13834679963345037,423.1945422363281,414.0874020385742,True
2023-12-05,442.482980993305,444.74757569096187,442.1039122401313,443.7853698730469,69793500,0.0,0.0,0.0,SPY,-0.00019704602839842877,-0.0001970654445177039,3.4564172305581256,0.09708183684028616,0.12769680533832214,0.13833825357829063,423.6682635498047,414.3489044189453,True
2023-12-06,445.9333327307286,445.9624895836762,441.5596268220381,441.99700927734375,69124700,0.0,0.0,0.0,SPY,-0.0040297871834187315,-0.0040379286554177735,3.4384588175184563,0.09957698457940897,0.12781876027254044,0.1371585876776067,424.22965270996093,414.64073272705076,True
2023-12-07,444.0867288986708,446.02086964113835,443.4841340740485,445.36968994140625,66995400,0.0,0.0,0.0,SPY,0.007630550870868502,0.00760158547222122,3.4723267033137857,0.10141484863909016,0.12861130241203322,0.13650374463412926,424.8551916503906,414.9520672607422,True
2023-12-08,444.6212111977086,447.81888446185815,444.3782275382068,447.2843322753906,83194400,0.0,0.0,0.0,SPY,0.004298995592260102,0.004289781309377568,3.4915532160984792,0.10147791003908616,0.12825658278675023,0.13652964828947006,425.47100952148435,415.26278594970705,True
2023-12-11,446.78867090966605,449.1990796776143,446.5748440862102,449.02410888671875,65002200,0.0,0.0,0.0,SPY,0.003889643534969567,0.003882098430404455,3.5090237570274487,0.09442477910473578,0.12784856487416107,0.13638031994332742,426.1418395996094,415.602774810791,True
2023-12-12,448.67421029484495,451.17208953676845,447.6731187626275,451.07489013671875,68327600,0.0,0.0,0.0,SPY,0.004567196302854626,0.004556798309584064,3.5296173536600284,0.08292284988857088,0.128085379266728,0.13618669085923962,426.85698974609375,415.94652893066404,True
2023-12-13,451.4539508974767,457.54800060597285,451.0943397950226,457.2952880859375,93278000,0.0,0.0,0.0,SPY,0.013790166744447552,0.013695947605292132,3.592081532255543,0.09058485694211726,0.12978995672331256,0.13612498169582746,427.80773681640625,416.3284503173828,True
2023-12-14,459.23914744875873,460.43463781217446,456.08035966207416,458.7629089355469,119026000,0.0,0.0,0.0,SPY,0.0032093504740717815,0.003204211501080415,3.6068191312980638,0.0688315860797865,0.12722064431486632,0.13597551594933674,428.7281591796875,416.72501556396486,True
2023-12-15,458.1637425182948,459.34457322193725,456.15344153072164,458.0075988769531,141553700,1.906,0.0,0.0,SPY,-0.001646406114971799,-0.001647762930970784,3.5992344361097253,0.07026033496839248,0.127330305129214,0.13580837792480105,429.63658630371094,417.10304870605466,True
2023-12-18,459.61775529658735,461.56950587867277,458.5540548031128,460.5838623046875,70375300,0.0,0.0,0.0,SPY,0.005624935992440738,0.005609175114977927,3.625104835427072,0.07110625814468564,0.1275081683368807,0.13351297395389738,430.4985668945312,417.4632986450195,True
2023-12-19,461.1303131602408,463.46266921411814,461.052256247002,463.38458251953125,55761800,0.0,0.0,0.0,SPY,0.006080804049081179,0.006062390568281882,3.653229191637762,0.07203985360918819,0.1261424406092852,0.13300457082354908,431.36310546875,417.8362063598633,True
2023-12-20,462.5258502644597,464.41905073476056,456.5339913904281,456.96337890625,102921000,0.0,0.0,0.0,SPY,-0.013857180095133148,-0.013954087095228874,3.5887485567053066,0.08966682652901942,0.12470823354463446,0.13349496321634702,432.05548278808595,418.20680755615234,True
2023-12-21,459.9592904756651,461.5695085402511,457.5293705169891,461.2962646484375,86667500,0.0,0.0,0.0,SPY,0.009481910240943803,0.009437239086616388,3.6322586586382464,0.09244066428519103,0.1255185341471857,0.13376836027501907,432.79991821289065,418.59594879150393,True
2023-12-22,462.4282531099421,463.9116026187795,460.3203886798005,462.22332763671875,67160400,0.0,0.0,0.0,SPY,0.0020096910799565215,0.002007674352385669,3.641568067544563,0.09224634020197651,0.12540890493217838,0.13303286627504152,433.61460083007813,419.0251002502441,True
2023-12-26,462.6332094792943,465.0826362249441,462.5551227779302,464.1750793457031,55387000,0.0,0.0,0.0,SPY,0.004222529656742857,0.004213639794743108,3.6611672263635606,0.09235034495442061,0.12108441456041386,0.13219816643602245,434.5103063964844,419.49116577148436,True
2023-12-27,463.9701191064298,465.16068807154204,463.4333996455085,465.0143127441406,68000300,0.0,0.0,0.0,SPY,0.0018080104593733992,0.0018063779758647868,3.669594665461714,0.09117299210000347,0.12104863230029525,0.13211397216462578,435.33454528808596,419.96407135009764,True
2023-12-28,465.37536007274633,466.0291797650464,464.77032222685176,465.18994140625,77158100,0.0,0.0,0.0,SPY,0.0003776844223846165,0.00037761311757640576,3.6713582986257096,0.09132242767768299,0.12081922585339687,0.1320235038210357,436.162685546875,420.40723861694335,True
2023-12-29,464.9948485504832,465.521829592495,461.88180371739503,463.84332275390625,122283100,0.0,0.0,0.0,SPY,-0.0028947716459065687,-0.002898969600718583,3.6578357830749777,0.092578550836396,0.1208891110125616,0.13139419640226319,437.07683227539064,420.85544830322266,True
2024-01-02,460.76929766113875,462.2428789339532,459.1395727623468,461.2474670410156,123623700,0.0,0.0,0.0,SPY,-0.005596406341431548,-0.005612124895777577,3.63176864136123,0.09631087291290116,0.12171367834259321,0.1304475972011921,438.0125390625,421.2578515625,True
2024-01-03,459.0809802037512,459.8226549132717,456.87552242132506,457.4805603027344,103585900,0.0,0.0,0.0,SPY,-0.008166780323904277,-0.008200311158427658,3.5939420043560846,0.10110704260295054,0.11951285766304313,0.13071616421232624,438.97476684570313,421.66368103027344,True
2024-01-04,457.00240114962037,459.59823307859364,455.78255699773547,456.00701904296875,84232200,0.0,0.0,0.0,SPY,-0.0032209920762327204,-0.003226190637227636,3.5791449535613813,0.09970932798040932,0.1193928566149023,0.13068106276246,439.92171447753907,422.04405044555665,True
2024-01-05,456.21191228687286,459.09075619444957,455.1774869016725,456.6315612792969,86118900,0.0,0.0,0.0,SPY,0.001369589085797207,0.0013686520541332232,3.5854165005120624,0.09955975945255459,0.11932572142393129,0.13050277682988934,440.81953125,422.4025991821289,True
2024-01-08,457.1292574663028,463.29679648061466,457.00238891288757,463.1504211425781,74879100,0.0,0.0,0.0,SPY,0.01427597305148609,0.014175030912091297,3.650877782903212,0.1069508301331744,0.12025656728365273,0.1306014989838273,441.9659130859375,422.826549987793,True
2024-01-09,460.4862959607646,463.4724721448551,459.97885150079935,462.44781494140625,65931400,0.0,0.0,0.0,SPY,-0.0015170151404344523,-0.001518166972948231,3.643822330890238,0.10584114313119053,0.12003468311329966,0.12875148692302696,443.1954364013672,423.2418737792969,True
2024-01-10,462.7210764175107,465.93171477496674,462.43806421690306,465.06317138671875,67310600,0.0,0.0,0.0,SPY,0.005655462866969829,0.00563953077751881,3.6700852956433927,0.10634543299407617,0.12009379477958931,0.1288313431983719,444.51361755371096,423.6578266906738,True
2024-01-11,466.0682912006048,466.5855039297226,460.8668888410367,464.85821533203125,77940700,0.0,0.0,0.0,SPY,-0.00044070583803990093,-0.0004408029773987122,3.6680271617894586,0.10637192293813552,0.12004694706936721,0.12869240903383844,445.7322552490234,424.0691844177246,True
2024-01-12,466.3121945689862,467.0538692392075,463.7651746325901,465.18017578125,58026400,0.0,0.0,0.0,SPY,0.0006925992455328878,0.0006923595093631051,3.671260233879841,0.10588931652822016,0.11906780419658694,0.12814907086642263,446.9065966796875,424.4864457702637,True
2024-01-16,463.79449814902443,465.1119059605971,461.64756060638337,463.4724426269531,85014900,0.0,0.0,0.0,SPY,-0.0036711219506050385,-0.0036778770564056098,3.6541114678982565,0.09725364304352313,0.1188023360594861,0.12819683236758586,447.96008728027346,424.8674269104004,True
2024-01-17,460.437486104456,461.3840863262476,458.53451737794865,460.8961486816406,68843900,0.0,0.0,0.0,SPY,-0.005558677730028827,-0.005574184671172752,3.628240762128579,0.09908006743807432,0.11825436441552316,0.12831690027999546,448.8045989990234,425.22418823242185,True
2024-01-18,462.5746299698475,465.55103752597205,461.02299191896157,464.9947814941406,91856200,0.0,0.0,0.0,SPY,0.008892746932739337,0.008853439321945548,3.669398535969977,0.10319340032073371,0.11917020667688447,0.12854681508564492,449.65468933105467,425.57399032592775,True
2024-01-19,466.1267910466401,471.07448554013826,465.04358385174015,470.7914733886719,110834500,0.0,0.0,0.0,SPY,0.012466143976723965,0.012389081391813139,3.7276079304040826,0.1097835439782809,0.11727619130138907,0.1279880954868714,450.60127502441406,425.9452494812012,True
2024-01-22,472.33341405568575,473.51421483133913,471.1330767139442,471.78692626953125,75844900,0.0,0.0,0.0,SPY,0.002114424192295239,0.0021121919435228135,3.737604098983816,0.10835165348876558,0.11524355017173614,0.12772822762492994,451.5436663818359,426.33248611450193,True
2024-01-23,472.3333716903482,473.40681060028834,471.2403962160722,473.162841796875,49945300,0.0,0.0,0.0,SPY,0.0029163918089534224,0.0029121473886210957,3.7514208087721563,0.09427480075637995,0.1114871624697842,0.12650644250389814,452.5073547363281,426.731764831543,True
2024-01-24,476.04168556789347,476.9785174341802,473.18237833954385,473.6800842285156,81765000,0.0,0.0,0.0,SPY,0.0010931594494536512,0.0010925623857469596,3.7566148693275965,0.08990137769346489,0.11121189636229546,0.1260146570309697,453.5476727294922,427.125958404541,True
2024-01-25,475.817252905647,476.529652576822,473.6801134548218,476.25640869140625,72525000,0.0,0.0,0.0,SPY,0.0054389545785669124,0.005424216879413153,3.782485881549605,0.0910310286491125,0.11089396879391122,0.12608295682529175,454.50791931152344,427.531007232666,True
2024-01-26,475.8270175879346,477.3201055543282,474.8023604707163,475.6513671875,76641600,0.0,0.0,0.0,SPY,-0.0012704112592809569,-0.001271218915774546,3.776410157638332,0.09090471226598554,0.10586416089540321,0.1261002945687622,455.46422790527345,427.9325,True
2024-01-29,475.9637269165635,479.56470958070423,475.41723906662895,479.4183044433594,61322800,0.0,0.0,0.0,SPY,0.007919534170863551,0.007888339251370568,3.8142371010958085,0.09385473332992317,0.10218731813995008,0.12589012918855474,456.32986938476563,428.3608848571777,True
2024-01-30,478.72539929766515,479.75982476451486,478.2862434868122,479.0474548339844,58618400,0.0,0.0,0.0,SPY,-0.0007735407804372318,-0.000773840117482961,3.8105130923714166,0.09410797957550347,0.10135501791376515,0.12589238423961108,457.1696258544922,428.76126556396486,True
2024-01-31,476.8321663361625,477.28106061845324,471.21111529014115,471.23065185546875,126011100,0.0,0.0,0.0,SPY,-0.016317387556572194,-0.01645198228963437,3.732018085897227,0.11169711311023806,0.10674105524618742,0.12635078697664034,457.84235595703126,429.1274353027344,True
2024-02-01,472.9384966988815,477.427529465081,472.1285034447494,477.39825439453125,91891600,0.0,0.0,0.0,SPY,0.013088288112790503,0.013003376565297105,3.793952101960386,0.11689760749444145,0.10858102353713836,0.12618299737410144,458.62755310058594,429.51730255126955,True
2024-02-02,477.8373546982843,484.08295092354996,477.49579237271115,482.4239807128906,99228200,0.0,0.0,0.0,SPY,0.010527324455204212,0.01047229802559308,3.844419591160431,0.11500666238432831,0.1085397852542623,0.12617520292545248,459.44581115722656,429.93099609375,True
2024-02-05,481.7896387981956,482.45322684265506,478.4033503772612,480.6673583984375,75757100,0.0,0.0,0.0,SPY,-0.0036412416975153405,-0.003647887154780445,3.826779888544838,0.11528154285895158,0.10385687208817797,0.12549745425251438,460.2481817626953,430.33624389648435,True
2024-02-06,481.6140031321535,482.39472129899326,480.1794651432731,482.06292724609375,55918600,0.0,0.0,0.0,SPY,0.0029033984173716387,0.002899191696743612,3.8407939536342406,0.1152083877311232,0.10291605225203737,0.12499370058800892,461.0444464111328,430.7593734741211,True
2024-02-07,484.3171641716027,486.5031153279947,483.40957750278733,486.08349609375,70556500,0.0,0.0,0.0,SPY,0.008340340275956759,0.008305751824557372,3.881167822413344,0.10931911691108752,0.10366610376386372,0.12502596827275708,461.9156805419922,431.20106185913085,True
2024-02-08,486.08349349833503,486.67876313703624,485.26376181906494,486.2981872558594,52343600,0.0,0.0,0.0,SPY,0.0004416754813414414,0.0004415779714367985,3.8833237145608166,0.10865997321667634,0.10371789738463365,0.12442377587969324,462.8071466064453,431.6417492675781,True
2024-02-09,486.805622459753,489.5478296216965,486.46406015452993,489.10870361328125,63979400,0.0,0.0,0.0,SPY,0.005779409487996157,0.0057627727704729174,3.9115464419697057,0.10870731506157728,0.10392369579674407,0.12396089186043283,463.74607543945314,432.1280906677246,True
2024-02-12,489.0794311383801,491.3532074553824,488.171844486811,488.8940124511719,56502300,0.0,0.0,0.0,SPY,-0.0004389436551084369,-0.00043904001907454964,3.9093905498222323,0.10870672975145913,0.10205562591787733,0.12359694123341412,464.68693115234373,432.621657409668,True
2024-02-13,482.59961722906473,485.097855647228,478.8815346699486,482.16046142578125,113099200,0.0,0.0,0.0,SPY,-0.013773028210410154,-0.01386875635742462,3.8417733752836094,0.12231123365743692,0.10347586006672015,0.12445767906332329,465.4583203125,433.04271743774416,True
2024-02-14,484.8050879708214,487.0300824146668,482.4727317600331,486.5421447753906,68387800,0.0,0.0,0.0,SPY,0.009087604024295981,0.009046560223315913,3.8857734944935656,0.12318536206799313,0.10429401265797278,0.12425285064162768,466.2648583984375,433.4687033081055,True
2024-02-15,487.2447879089923,490.08458861177627,486.7665887596598,489.899169921875,61683000,0.0,0.0,0.0,SPY,0.006899762297126744,0.00687606786544138,3.919484170243173,0.12064798954452333,0.09869452878144473,0.12439345643280719,467.1853851318359,433.9135006713867,True
2024-02-16,489.5966725621618,490.7384300384019,486.7178283814998,487.4595031738281,75532900,0.0,0.0,0.0,SPY,-0.004979936480471903,-0.004992377685607609,3.894985451558675,0.12158769410447834,0.09963728377281035,0.12450753386248328,468.0588677978516,434.3686308288574,True
2024-02-20,485.712619232772,486.3859755219918,482.5215179613793,484.7757873535156,71736700,0.0,0.0,0.0,SPY,-0.0055055154383880645,-0.005520726644552866,3.868036033584434,0.1185112703261443,0.1006860552920512,0.12380662301564532,468.914443359375,434.82394805908206,True
2024-02-21,483.4681400096849,485.3710789199038,481.6529965187708,485.2149353027344,59293400,0.0,0.0,0.0,SPY,0.0009058784713984469,0.000905468411120475,3.87244588262525,0.11849617352995437,0.10069381459749087,0.12376045994062576,469.7113482666016,435.2954040527344,True
2024-02-22,491.8508882985767,496.2227903053238,490.8847515615135,495.2566833496094,76402500,0.0,0.0,0.0,SPY,0.020695463631204447,0.02048422204710969,3.973283409184133,0.1361251584507252,0.10702779225805326,0.12354669461136308,470.6707952880859,435.7808839416504,True
2024-02-23,496.9840234236674,497.8232917019366,494.8663906145189,495.5982971191406,61321800,0.0,0.0,0.0,SPY,0.0006897711449762589,0.0006895333621975548,3.976713836575578,0.1361740421857442,0.10674247685560757,0.12352330039671847,471.6022790527344,436.2675410461426,True
2024-02-26,496.03738103257336,496.4765368105967,493.65624302388784,493.7831115722656,50386700,0.0,0.0,0.0,SPY,-0.0036626145760114692,-0.00366933837157959,3.958486051937098,0.13708593296012794,0.10723810950100975,0.12353835272221983,472.4564434814453,436.75385482788084,True
2024-02-27,494.47600720291285,494.92490148468676,492.5730385293385,494.700439453125,48854500,0.0,0.0,0.0,SPY,0.001857754668721734,0.0018560311767372136,3.9676977025498754,0.13664280891238922,0.10721235289586703,0.12298126872330556,473.20454650878906,437.2354920959473,True
2024-02-28,493.1390137498183,494.63210165101094,492.7779446820202,494.0466003417969,56506600,0.0,0.0,0.0,SPY,-0.001321686942609035,-0.0013225611411589377,3.9611319613615867,0.13526209504056905,0.10715133338368713,0.1229818465514921,473.91022033691405,437.7173336791992,True
2024-02-29,495.8129543697353,497.4426493891131,493.15857245054144,495.82269287109375,83924800,0.0,0.0,0.0,SPY,0.003594989881659183,0.003588543351056355,3.9789671805642577,0.1351969336656023,0.10719786840847095,0.12291560328138945,474.66652221679686,438.21066131591795,True
2024-03-01,496.7010579863145,500.9070486793677,496.29117722592895,500.4776611328125,76844800,0.0,0.0,0.0,SPY,0.009388372756325092,0.009344575892281015,4.025711580396904,0.1206339775377754,0.10811996817685413,0.12309622205919825,475.4643981933594,438.72041259765626,True
2024-03-04,499.6774721331723,501.79510491460894,499.64816728327304,499.94091796875,49799300,0.0,0.0,0.0,SPY,-0.0010724617815061066,-0.0010730372801461613,4.020321696802056,0.11542438701883433,0.10821975962062935,0.12293436785065665,476.1955249023438,439.24079650878906,True
2024-03-05,497.9305728239268,498.3794968768046,492.72917089960293,494.94439697265625,72855600,0.0,0.0,0.0,SPY,-0.009994222950172826,-0.010044500466661513,3.970147482482626,0.11867052387531653,0.11048804109497451,0.12251280271579429,476.95514526367185,439.71217071533204,True
2024-03-06,498.2331419712469,499.71649154527415,496.1545525173592,497.45245361328125,68382400,0.0,0.0,0.0,SPY,0.005067350304328366,0.005054554493806416,3.9953329608405417,0.11798275485001783,0.1097862491860385,0.12258020623905026,477.67826904296874,440.1767864990234,True
2024-03-07,500.76065530231244,503.444312321391,497.5109739434722,502.3903503417969,58652100,0.0,0.0,0.0,SPY,0.009926369229157128,0.009877426442396335,4.044918480232424,0.1213733318494009,0.11088646206453438,0.12180009227541451,478.48160949707034,440.66903457641604,True
2024-03-08,503.0247023113752,505.7180680999103,498.7991455954804,499.3749084472656,86532500,0.0,0.0,0.0,SPY,-0.006002189119436174,-0.006020274661424951,4.01463792542193,0.12209469827004255,0.11139104412966717,0.12200620684445991,479.18560607910155,441.1453855895996,True
2024-03-11,498.1648377894375,499.53105726392937,496.2325939589306,498.9455261230469,62557200,0.0,0.0,0.0,SPY,-0.0008598396053856039,-0.0008602094794959037,4.010326141126983,0.12229487877085103,0.11092869562759483,0.12043750088804463,479.8642303466797,441.6422657775879,True
2024-03-12,501.0631847838215,504.89836756595776,498.5356415487977,504.3128662109375,73114400,0.0,0.0,0.0,SPY,0.010757366900544074,0.010699918060827986,4.064224057718473,0.12578312627170268,0.11225733965734117,0.11979886203261453,480.6466888427734,442.1804565429687,True
2024-03-13,504.6348815647523,504.8105319780075,502.078092945087,503.5223693847656,55104100,0.0,0.0,0.0,SPY,-0.0015674730492424294,-0.0015687028203792248,4.0562860229926745,0.1260614715771948,0.11240085260842801,0.11980212844672104,481.4402697753906,442.69751861572263,True
2024-03-14,504.4982050635474,504.654378460411,499.4724832072711,502.5269775390625,110171800,0.0,0.0,0.0,SPY,-0.0019768572485058256,-0.0019788138097831085,4.046290467317602,0.11419520606231491,0.11251850993245495,0.11885757163448625,482.26585998535154,443.18369583129885,True
2024-03-15,499.44831403821377,500.906906313764,497.4024012478183,499.0763244628906,107646300,1.595,0.0,0.0,SPY,-0.006866602651006248,-0.006890286246482348,4.0116395958169715,0.11508284879053614,0.11110302303116,0.11889755950027073,483.0977752685547,443.65184783935547,True
2024-03-18,503.15841876026013,504.6071826366265,501.63132556015915,502.0424499511719,88893300,0.0,0.0,0.0,SPY,0.0059432302092738976,0.005925638881742123,4.041424923660824,0.11453619100117328,0.11141680339654515,0.11785492289974171,484.01848388671874,444.14607162475585,True
2024-03-19,501.3474589189953,505.11622858588777,500.3391555977347,504.8323669433594,60755300,0.0,0.0,0.0,SPY,0.005557133649672252,0.0055417497497485734,4.069440795746396,0.11319109948392367,0.11153289176089541,0.11723210410942692,484.9825,444.6350912475586,True
2024-03-20,504.89106308633967,509.63873983527566,504.21561462485215,509.5016784667969,69594600,0.0,0.0,0.0,SPY,0.009249231683992498,0.009206719476402418,4.116329228174537,0.11290741724512682,0.11230128456257203,0.11720625334039474,485.9095251464844,445.1180265808105,True
2024-03-21,512.3503269289863,513.0551115347323,510.9015034375711,511.1854248046875,60256100,0.0,0.0,0.0,SPY,0.003304692426053135,0.003299243930472541,4.13323712262408,0.11281435550835009,0.11199071617670667,0.1166118071928317,486.88427734375,445.61333709716797,True
2024-03-22,511.0972893379752,511.5867430006875,509.9813206475284,510.21630859375,79070800,0.0,0.0,0.0,SPY,-0.001895821288933952,-0.0018976206326294421,4.123505422405863,0.09218688129674352,0.10776272124193856,0.11521364548124628,487.78734008789064,446.099315032959,True
2024-03-25,508.8360378123517,509.96180518438194,508.65004302256665,508.80670166015625,48512100,0.0,0.0,0.0,SPY,-0.0027627633806510676,-0.0027665868552606224,4.109350389244272,0.09330713874552243,0.10698268360565008,0.11527232580236105,488.66630981445314,446.5853854370117,True
2024-03-26,510.23582120674314,510.5784746025735,507.4655566293988,507.86688232421875,65463700,0.0,0.0,0.0,SPY,-0.0018471048688450953,-0.001848812870606325,4.099912883263664,0.09230447943917594,0.10719751455922098,0.11518568678176269,489.5200439453125,447.05430908203124,True
2024-03-27,510.7057822180554,512.174143263585,508.53257680183424,512.1349487304688,82999800,0.0,0.0,0.0,SPY,0.008403907706518554,0.008368791479334062,4.142772080445897,0.09548343361296388,0.10794980920162556,0.11541131584065385,490.4932940673828,447.5408578491211,True
2024-03-28,512.1742318042299,513.5446665016425,511.75330873481045,512.0371704101562,96294900,0.0,0.0,0.0,SPY,-0.0001909229599637019,-0.00019094118807216909,4.14179020717788,0.09511698567425302,0.10800701371934249,0.11536832183129782,491.5161145019531,448.00810180664064,True
2024-04-01,512.7810585421283,513.3194456399708,509.98133808737305,511.146240234375,62477500,0.0,0.0,0.0,SPY,-0.001739971680312924,-0.0017414871892539657,4.13284363783128,0.0955873428293718,0.10818356731594134,0.11462416898694638,492.4391436767578,448.45709243774417,True
2024-04-02,507.3089819922044,508.0333639379419,505.5860953386836,507.8963623046875,74230300,0.0,0.0,0.0,SPY,-0.006358019826571248,-0.006378318118330893,4.100208916215259,0.09470652817364644,0.1089767403291757,0.11476901598494288,493.1812414550781,448.8873251342773,True
2024-04-03,506.79992871244065,509.9618403568663,506.7509952902305,508.45428466796875,59155800,0.0,0.0,0.0,SPY,0.001098496474260191,0.0010978935684943878,4.105811477727712,0.09448776682905569,0.10803216522813426,0.11402272391936236,493.9145886230469,449.2941973876953,True
2024-04-04,512.4776104224978,512.8202041062084,501.944557459695,502.2480163574219,96858100,0.0,0.0,0.0,SPY,-0.012206148119293991,-0.012281254947719474,4.043489186561376,0.09792603724124954,0.10979960555054401,0.11475286126954375,494.4962921142578,449.67731201171875,True
2024-04-05,503.6087005524252,509.4625474298725,503.1681802920817,507.49493408203125,74546500,0.0,0.0,0.0,SPY,0.010446865997924437,0.010392674586855107,4.096177842255364,0.10259959597521474,0.1108058650158687,0.114956078173241,495.17258911132814,450.0977024841309,True
2024-04-08,508.19982188899013,509.20806548436997,506.96638895369995,507.7788391113281,48401800,0.0,0.0,0.0,SPY,0.0005594243611719563,0.0005592679416978775,4.099028768289187,0.09729295269598566,0.1108282259835869,0.11489879752854822,495.80303771972655,450.5303598022461,True
2024-04-09,509.52125335501194,509.76598018179146,503.50094951713095,508.36614990234375,68049200,0.0,0.0,0.0,SPY,0.0011566271490230928,0.0011559587711685016,4.10492644339624,0.09435675654308794,0.10784849102115698,0.11486296730747851,496.45733337402345,450.95835083007813,True
2024-04-10,502.6493333372583,505.2727978988181,501.288697511792,503.2758483886719,82652800,0.0,0.0,0.0,SPY,-0.010013061480686147,-0.010063529355369796,4.053810501064133,0.10152277099181378,0.11012973911725141,0.11539253607413257,496.9344842529297,451.37687088012694,True
2024-04-11,504.8029329149541,508.52276887946033,501.2788903691615,507.0740051269531,70099000,0.0,0.0,0.0,SPY,0.007546868681343799,0.007518533539660961,4.09195094525606,0.09795465907357544,0.11049342951151163,0.11557652076134432,497.49501525878907,451.82295318603514,True
2024-04-12,503.52057224224995,504.93999985889445,498.3421439610696,500.0748291015625,92561100,0.0,0.0,0.0,SPY,-0.01380306612964366,-0.01389921423126161,4.0216664096297885,0.10936505112025312,0.11455427333628336,0.11641294008292927,498.07189880371095,452.21113388061525,True
2024-04-15,504.26456872904316,504.43096625601453,492.95817044710765,493.8098449707031,92101400,0.0,0.0,0.0,SPY,-0.012528093329782442,-0.012607231553090771,3.9587545041789127,0.11722342120224404,0.11779130537171154,0.11653470954078025,498.4001306152344,452.56692459106443,True
2024-04-16,494.28947313511503,495.81656619092587,491.6170453505055,492.9092102050781,73484000,0.0,0.0,0.0,SPY,-0.0018238493517245269,-0.0018255145900239868,3.9497104829911045,0.11522340407783803,0.11755281459558663,0.11651866823806147,498.6098352050781,452.9098826599121,True
2024-04-17,495.3760250384487,495.5424524232245,488.5922046489923,489.9920349121094,75910300,0.0,0.0,0.0,SPY,-0.00591828116126103,-0.005935863593386025,3.9204167046859224,0.11410026760489897,0.11763659403290759,0.116684184292018,498.79632873535155,453.21321884155276,True
2024-04-18,491.3919594558385,493.49660444266914,488.04408292123793,488.98382568359375,74548100,0.0,0.0,0.0,SPY,-0.0020576033010342165,-0.0020597230749748027,3.910292439031897,0.11149515275520067,0.1166848598872186,0.1167199803579279,498.93474670410154,453.50904388427733,True
2024-04-19,488.90548147354247,489.9039562000147,483.4431618183188,484.71575927734375,102212600,0.0,0.0,0.0,SPY,-0.008728440864650855,-0.008766756826619839,3.867433241849665,0.10696889896061869,0.11578683066457397,0.1171065491656028,498.90739196777344,453.78672485351564,True
2024-04-22,487.3294466640699,491.78349315664354,484.98007493251976,489.1795959472656,67961000,0.0,0.0,0.0,SPY,0.0092091841135451,0.009167038133314822,3.9122583307342484,0.11270370768968183,0.11705417668973232,0.1172389325801286,498.96502014160154,454.10352905273436,True
2024-04-23,491.19613039401867,495.4152186955436,488.99358884976584,494.9844970703125,64633600,0.0,0.0,0.0,SPY,0.011866605171472866,0.011796749105500264,3.9705501608453497,0.1226176364387257,0.11912399184270413,0.11775518743941048,499.08253601074216,454.45473281860353,True
2024-04-24,495.87527965691265,496.6681921802562,492.51763478656846,494.7495422363281,55928100,0.0,0.0,0.0,SPY,-0.0004746710965192191,-0.0004747837885066516,3.968190784350197,0.1225566268667585,0.11914656065775281,0.1177630607369928,499.1996466064453,454.79938674926757,True
2024-04-25,488.6509678289955,493.6336026966789,486.99661200395565,492.87005615234375,69122400,0.0,0.0,0.0,SPY,-0.0037988637149392046,-0.0038060977241899754,3.9493173046506342,0.12285158107791815,0.11909151601655017,0.11665118161364262,499.41383850097657,455.1210836791992,True
2024-04-26,495.6697730082035,499.1253149704082,495.03348916650594,497.53948974609375,64306100,0.0,0.0,0.0,SPY,0.00947396486246821,0.009429368306899394,3.9962069628881,0.12397805287768301,0.12034794640378495,0.11684622184835008,499.63378540039065,455.4488887023926,True
2024-04-29,499.33081866062173,499.9769010603671,496.55072552691377,499.30145263671875,46415400,0.0,0.0,0.0,SPY,0.003541352851256452,0.003535097026286542,4.013900294661591,0.12508569460985539,0.11960298454851954,0.11532236679811989,499.8218310546875,455.7683604431152,True
2024-04-30,497.83310375268974,498.8120110716739,491.39190673828125,491.39190673828125,77483600,0.0,0.0,0.0,SPY,-0.015841223486670497,-0.015968036701471493,3.9344739795539736,0.13503866801906475,0.12405729774232883,0.11628010142668083,499.9004791259766,456.04964004516603,True
2024-05-01,490.80459911500014,497.47095614792755,489.3264393749632,489.79632568359375,80242800,0.0,0.0,0.0,SPY,-0.003247064171810421,-0.0032523473242683436,3.9184514258882333,0.13415449262320173,0.11955638435659557,0.11633715525052918,500.00088989257813,456.3153877258301,True
2024-05-02,493.51608978925526,495.2194087380846,489.0131104126853,494.3775329589844,62550200,0.0,0.0,0.0,SPY,0.009353290409022108,0.009309819243674966,3.9644551304372344,0.13926843725063967,0.11820160700323894,0.11601590647722233,500.18414184570315,456.58781860351564,True
2024-05-03,500.37832197197366,501.7389877556503,497.83315669716075,500.5055847167969,72756700,0.0,0.0,0.0,SPY,0.012395489983402896,0.012319294901551519,4.025991984279623,0.1410559722798735,0.11889748139691939,0.11631957920223125,500.2891198730469,456.8859986877441,True
2024-05-06,502.9136986953244,505.7133596420275,502.47317839654846,505.6742248535156,47264700,0.0,0.0,0.0,SPY,0.010326838090414903,0.01027388057502899,4.077894589745001,0.14094316181409536,0.12014207626348783,0.11641089147606075,500.4906384277344,457.2246469116211,True
2024-05-07,506.6433326476954,507.63203872250176,505.55675972792085,506.2322082519531,52561300,0.0,0.0,0.0,SPY,0.0011034444134445653,0.001102836066134951,4.083497764162115,0.1409894555195152,0.12006994522672289,0.11508297057393814,500.73962036132815,457.5660850524902,True
2024-05-08,504.3917525789641,506.8194234078402,504.2742884903253,506.2810363769531,42047200,0.0,0.0,0.0,SPY,9.645400708224727e-05,9.644935569360048e-05,4.083988087891463,0.14091748439964655,0.11909515601989193,0.11508415494471685,500.9712322998047,457.8979849243164,True
2024-05-09,506.46705136082744,509.23737568195884,505.81120021511913,509.19818115234375,43643700,0.0,0.0,0.0,SPY,0.005761908042746899,0.005745371740628617,4.113281559744314,0.13757292590908335,0.11952750124304053,0.11505664686512831,501.2742639160156,458.23846572875976,True
2024-05-10,510.803637418781,511.616147241505,508.6304917998298,509.8541259765625,52233200,0.0,0.0,0.0,SPY,0.0012881916088827161,0.0012873626019422667,4.119868446143431,0.13527607654321935,0.11909743880756256,0.11499852560213912,501.554892578125,458.58188735961915,True
2024-05-13,511.5377978533116,511.6454633171765,508.7772720891876,509.9225769042969,36716400,0.0,0.0,0.0,SPY,0.00013425590624227546,0.00013424689472465228,4.120555818721509,0.12521607204515373,0.11908092432649577,0.11496877441280781,501.74379089355466,458.94027603149414,True
2024-05-14,510.1183975334321,512.7810566084371,509.5800104376199,512.26220703125,57535900,0.0,0.0,0.0,SPY,0.004588206588452826,0.004577712854639892,4.144049986665507,0.11566073103003188,0.11562490534261304,0.11500039923924683,501.9902166748047,459.2889099121094,True
2024-05-15,514.7388340623975,518.8991900209113,514.1025204284623,518.6055297851562,59504900,0.0,0.0,0.0,SPY,0.012382960653428254,0.012306918900640545,4.207748555249655,0.12046333999405623,0.11674559533476593,0.11553431921733502,502.4634393310547,459.665047454834,True
2024-05-16,518.7033541112783,520.3087762655342,517.3915921687143,517.5384521484375,50244800,0.0,0.0,0.0,SPY,-0.0020575901632996496,-0.00205970991015234,4.197033143049435,0.1177968698529827,0.11629188651826373,0.11531500648284503,502.8651593017578,460.04219329833984,True
2024-05-17,517.6558947438643,518.3509403391444,516.1973326298802,518.2824096679688,59187600,0.0,0.0,0.0,SPY,0.0014374922606095186,0.0014364600576806052,4.2045038379707,0.11665959032151443,0.11568017375160608,0.11478090241407503,503.18300048828127,460.4538093566895,True
2024-05-20,518.400044598472,520.3480609362231,518.0084577049123,518.8796997070312,37764200,0.0,0.0,0.0,SPY,0.0011524412712466958,0.0011517777205580625,4.210501722989939,0.10913450822955119,0.11492228074914759,0.11445688540508452,503.5730963134766,460.8746588134766,True
2024-05-21,518.1161373062547,520.308880322423,517.9105452430766,520.1522216796875,33437000,0.0,0.0,0.0,SPY,0.0024524412371011994,0.002449438910774531,4.223280172281386,0.10699113590525539,0.1149529843485009,0.11443894985496168,503.9972302246094,461.3117015075684,True
2024-05-22,519.4572522789621,520.1718355844711,516.4715368155097,518.654541015625,48390000,0.0,0.0,0.0,SPY,-0.0028793122506064472,-0.0028834654442681067,4.208240717692987,0.10364735535935961,0.10810988409848442,0.11450406654638641,504.2840637207031,461.7223696899414,True
2024-05-23,521.7185015997201,521.8261670726438,513.6522545564001,514.8661499023438,57211200,0.0,0.0,0.0,SPY,-0.007304266739596721,-0.00733107351154018,4.170198338246928,0.10849393922395746,0.10930534397429176,0.11415003351469735,504.5109393310547,462.1235873413086,True
2024-05-24,516.7162769685657,519.0852760314796,515.7667654147743,518.2727661132812,41291100,0.0,0.0,0.0,SPY,0.006616508410163702,0.00659471539468925,4.204406999034154,0.10756939305204313,0.1095979034664384,0.11398241427096092,504.82585510253904,462.5563659667969,True
2024-05-28,519.0852676623554,519.3201958884637,515.991886691213,518.6349487304688,36269600,0.0,0.0,0.0,SPY,0.0006988262568832226,0.0006985821915141409,4.208043975296586,0.10456996471017926,0.10957660972366857,0.11372912414593096,505.21702758789064,462.9901806640625,True
2024-05-29,514.5919884514224,516.187612149335,514.2885295747019,515.0031127929688,45190300,0.0,0.0,0.0,SPY,-0.00700268261209569,-0.007027316463368554,4.171573696307747,0.10890111796994205,0.11060242067194785,0.11338375505018239,505.4762408447266,463.4070951843262,True
2024-05-30,513.4564467342078,514.1220964903868,510.33373023598597,511.5867004394531,46377600,0.0,0.0,0.0,SPY,-0.00663377029895551,-0.006655871550454765,4.137266664322321,0.09409363929032089,0.11139711772993283,0.11363745339648285,505.61132751464845,463.7950149536133,True
2024-05-31,512.546099366396,516.3736006194137,507.42637356021385,516.246337890625,90785800,0.0,0.0,0.0,SPY,0.009108206775448213,0.009066977222541359,4.184057951361586,0.0952447603121118,0.11130784762546982,0.11374146924702144,505.746220703125,464.231510925293,True
2024-06-03,517.8616565984354,518.1455182597585,511.5770275291986,516.6673583984375,46835700,0.0,0.0,0.0,SPY,0.0008155418778035273,0.0008152095042237412,4.188285767717882,0.09207121596765178,0.1112623250392117,0.11342143007518786,505.855859375,464.68585083007815,True
2024-06-04,515.3556498285665,517.9889133212755,513.8872886188278,517.2449340820312,34632700,0.0,0.0,0.0,SPY,0.0011178869231920352,0.0011172625528791302,4.194085684531397,0.08415789860154797,0.10918357470788405,0.11261019281645128,505.9964318847656,465.15930114746095,True
2024-06-05,519.5747526551082,523.4120533239656,517.5777431174533,523.3924560546875,47610400,0.0,0.0,0.0,SPY,0.011885127465900425,0.011815054013290447,4.255818054960861,0.08634306505684548,0.11112042857762654,0.11310592055084857,506.28814697265625,465.662472076416,True
2024-06-06,523.6958258756584,524.1265474920779,521.4443509593684,523.382568359375,30808500,0.0,0.0,0.0,SPY,-1.889155106860052e-05,-1.8891729516198846e-05,4.255718764405668,0.08652080620285495,0.10958142033776147,0.11310378582882416,506.59846069335936,466.1518406677246,True
2024-06-07,522.4036844600561,525.5655959158784,521.3073129777647,522.746337890625,43224500,0.0,0.0,0.0,SPY,-0.0012156126459166305,-0.0012163521022915123,4.249329846212276,0.08692689097858572,0.10881168631506168,0.11303795879298982,506.8106884765625,466.6437907409668,True
2024-06-10,521.9337792468638,524.684506328859,521.3366601422468,524.3614501953125,35686100,0.0,0.0,0.0,SPY,0.0030896673732900837,0.00308490415969311,4.265548529369756,0.0857766324066285,0.10886097364803456,0.1129432942753399,507.05717407226564,467.12018447875977,True
2024-06-11,522.80507058457,525.6830606660559,520.8276585615498,525.6243286132812,36383400,0.0,0.0,0.0,SPY,0.0024084120171274925,0.00240551644113349,4.278230139724658,0.08584398324298535,0.10702596414952194,0.11294950290712037,507.34673583984375,467.6326260375977,True
2024-06-12,530.2056082912144,532.6430781044711,528.9036447482033,529.9412841796875,63251300,0.0,0.0,0.0,SPY,0.008213005622847325,0.008179462427316637,4.321580273540899,0.08877702286130915,0.10797469490374664,0.11289087331165333,507.7876342773437,468.15173721313477,True
2024-06-13,531.6934867577844,531.8696828897467,528.2085794030994,531.0082397460938,44760900,0.0,0.0,0.0,SPY,0.0020133467579486197,0.0020113226916742694,4.332294459931796,0.08822278776453976,0.10784721001564758,0.11275432647863286,508.23871337890625,468.6626722717285,True
2024-06-14,529.4714120000464,531.3606960149307,528.463108751092,531.3313598632812,40089900,0.0,0.0,0.0,SPY,0.0006085030193543339,0.0006083179564624656,4.335539177210751,0.07927986464117215,0.10668974202333567,0.112754547834215,508.82038024902346,469.1442303466797,True
2024-06-17,530.6461064563005,536.9600707352853,530.1859889386527,535.5601806640625,55839500,0.0,0.0,0.0,SPY,0.00795891438041485,0.007927409275244882,4.3780042766955205,0.08170277892341454,0.1071432460319246,0.11238850926333305,509.3816851806641,469.63797409057617,True
2024-06-18,535.618813120501,537.0480390772716,535.1978902132042,536.9207763671875,41376400,0.0,0.0,0.0,SPY,0.0025405094557962027,0.0025372878168978233,4.391667147413778,0.08175699775608497,0.10679663348187293,0.11231580166689852,509.96452392578124,470.14171646118166,True
2024-06-20,537.8509390329639,538.516588963037,533.6807835245372,535.46240234375,70328200,0.0,0.0,0.0,SPY,-0.0027161810226545846,-0.002719876535633521,4.377022403427502,0.08316750302257027,0.10571620021393956,0.11220737626169919,510.5064489746094,470.6340997314453,True
2024-06-21,534.6363719686153,535.8639535905671,533.2811170627399,534.744384765625,64338600,1.759,0.0,0.0,SPY,-0.001340929960688575,-0.0013418298117831272,4.369812192987452,0.08366378555299665,0.10567908560092369,0.11206523932009917,511.1358197021484,471.1323356628418,True
2024-06-24,534.5676136935514,537.1406199465806,532.8882604765938,533.006103515625,45528700,0.0,0.0,0.0,SPY,-0.0032506769580420425,-0.0032559718862326457,4.352356668222694,0.08390882530080976,0.10585089263712244,0.11211309812891462,511.6544616699219,471.63650482177735,True
2024-06-25,534.2338154405055,535.4221363045356,532.7116258646143,535.0587768554688,37936200,0.0,0.0,0.0,SPY,0.003851125392945187,0.0038437287936214427,4.372969264899786,0.07817484762922619,0.10579397482425824,0.11182437488516571,512.354140625,472.15757186889647,True
2024-06-26,533.9391960904497,536.4434511367156,533.291059231854,535.7265625,38550600,0.0,0.0,0.0,SPY,0.0012480603504083643,0.0012472821704989311,4.37967505480327,0.0762341685411476,0.10565775272697353,0.11170844886234864,513.1924749755859,472.67873321533204,True
2024-06-27,535.589040487199,537.1505509580609,534.8426611396433,536.5711059570312,35041500,0.0,0.0,0.0,SPY,0.001576444992927195,0.001575203707893149,4.38815581660699,0.0761655700815168,0.10455559777523189,0.11126232861303052,514.065712890625,473.1899282836914,True
2024-06-28,537.3468079894359,540.4109067841166,533.2123515551962,534.4595336914062,76144500,0.0,0.0,0.0,SPY,-0.003935307440490643,-0.003943071137867302,4.366951766931374,0.07243421828806058,0.10496163280031741,0.11136966570693975,514.9550628662109,473.7024786376953,True
2024-07-01,535.8444087668356,536.0899251442213,532.7901994178842,535.5596313476562,40297800,0.0,0.0,0.0,SPY,0.0020583366689184146,0.0020562211964028246,4.377998760553565,0.06565803642598778,0.10487731694707277,0.11133490293401235,515.8865789794922,474.2180110168457,True
2024-07-02,533.9489317855893,539.1636962890625,533.8998405072027,539.1636962890625,40434800,0.0,0.0,0.0,SPY,0.006729530626378821,0.006706988410993916,4.414190167921338,0.06296230726808384,0.10453161418770056,0.11095349417726943,516.9755377197266,474.73291961669923,True
2024-07-03,538.8495445221813,541.9332447091265,538.8102834790983,541.5698852539062,32789900,0.0,0.0,0.0,SPY,0.004462817102495853,0.004452888263685082,4.438352708398902,0.06330761815714198,0.10476471228912274,0.11100956845705892,518.0233435058594,475.28613540649417,True
2024-07-05,541.8742262180542,545.0953694497009,541.2358597539028,544.6927490234375,41488400,0.0,0.0,0.0,SPY,0.005766317246512331,0.0057497556749030706,4.46971197541396,0.06429885684613666,0.10166046558490295,0.11108716661947601,519.0175085449218,475.85370223999024,True
2024-07-08,545.4783931483458,546.273863702814,544.2508114321598,545.3212890625,36110500,0.0,0.0,0.0,SPY,0.001153935021513286,0.001153269750233717,4.47602366761998,0.05450646055960743,0.09994983202078898,0.11073525625528408,520.0289434814454,476.42888259887695,True
2024-07-09,546.2837958126063,547.1872793408481,545.557076891595,545.8516845703125,27289700,0.0,0.0,0.0,SPY,0.0009726293809735331,0.0009721566834986381,4.481349809130014,0.054159553213027095,0.0999431355993819,0.11067851014440795,521.0885760498047,477.0264939880371,True
2024-07-10,547.079212521271,551.596689657151,546.7846048716298,551.2529907226562,38701200,0.0,0.0,0.0,SPY,0.009895190039755253,0.009846553230590796,4.535588807165732,0.059259924611313505,0.10145583111414233,0.11102389192035508,522.162846069336,477.6863444519043,True
2024-07-11,551.370760432176,552.244812960266,545.8613883249984,546.4996948242188,53054200,0.0,0.0,0.0,SPY,-0.008622712218225304,-0.008660102895753388,4.487857017923113,0.07067637791037797,0.10086169659181382,0.11131452748270544,523.106810913086,478.3271423339844,True
2024-07-12,547.6291782325719,553.5608321512885,547.1578059832891,549.9468383789062,53084400,0.0,0.0,0.0,SPY,0.006307676998422274,0.006287866864174986,4.522472647405697,0.07224711250402244,0.10058123497613103,0.1112174504028649,524.2779095458984,478.9763800048828,True
2024-07-15,551.9503223190923,554.709924079379,549.5933410549901,551.4592895507812,40584300,0.0,0.0,0.0,SPY,0.0027501770468092435,0.002746402229275374,4.537660424922223,0.06888638704833681,0.09580776330736819,0.1110126058113025,525.5111688232422,479.6640386962891,True
2024-07-16,552.7751914744023,555.0240998431519,552.0189818744624,554.7294921875,36475300,0.0,0.0,0.0,SPY,0.005930088945246714,0.005912575172509285,4.570499243790585,0.07028521935457033,0.09179496765453672,0.11111201958285434,526.7182080078124,480.36722244262694,True
2024-07-17,548.7781042114635,550.4574575343235,546.627378702753,546.9514770507812,57119000,0.0,0.0,0.0,SPY,-0.014021275678073652,-0.014120502379113973,4.4923937382288965,0.08975253293767121,0.0968873179205065,0.11209218524979692,527.6471258544922,481.01951263427736,True
2024-07-18,548.4933484542273,549.4852440848026,540.5582433501387,542.7482299804688,56270400,0.0,0.0,0.0,SPY,-0.007684862819965055,-0.007714543537523212,4.450185445797373,0.09167863642360716,0.09751216803568187,0.11222967179700521,528.3886059570312,481.65584075927734,True
2024-07-19,542.5125199017892,544.1427819375705,538.0833956151523,539.14404296875,65509100,0.0,0.0,0.0,SPY,-0.006640624165367481,-0.006662771211276472,4.413992812620276,0.09475929630802747,0.09864333414237798,0.11247126437847982,529.0468426513672,482.2749740600586,True
2024-07-22,543.0822655711995,545.3115736180749,541.1377949043722,544.7026977539062,43346700,0.0,0.0,0.0,SPY,0.010310147830898675,0.010257360774953178,4.469811878873815,0.10026834995273075,0.09791066000203186,0.11261944527827415,529.8152758789063,482.94969787597654,True
2024-07-23,544.5945860387156,546.7551421476373,543.3572338468313,543.8482666015625,34439600,0.0,0.0,0.0,SPY,-0.0015686192777583097,-0.001569850849057069,4.461231826514902,0.10033366300276397,0.09699664034329789,0.11264282826695109,530.5082775878906,483.60523025512697,True
2024-07-24,539.0164184333124,539.3208563195052,530.6001104911534,531.5232543945312,74515300,0.0,0.0,0.0,SPY,-0.022662593528243957,-0.022923337048273065,4.337466149467085,0.12876957041616735,0.10641496495080201,0.11501861199209963,530.94166015625,484.1999153137207,True
2024-07-25,531.6410587361225,537.6415236413737,527.8110397958803,528.7537841796875,61158300,0.0,0.0,0.0,SPY,-0.005210440355988721,-0.00522406203758237,4.309655600443178,0.12909084005068563,0.10712855451094833,0.1151572664009015,531.3182843017578,484.7562600708008,True
2024-07-26,532.5544851999327,537.3764002236553,531.7786151263786,534.6757202148438,53763800,0.0,0.0,0.0,SPY,0.011199798871120326,0.011137545509249756,4.36912267524306,0.1352754846196917,0.10854372939462739,0.11562906799887565,531.7665545654297,485.328850402832,True
2024-07-29,536.227341129643,537.2388372702122,532.9864775250034,534.9899291992188,39515800,0.0,0.0,0.0,SPY,0.0005876627131091716,0.0005874901069964559,4.372277908441409,0.13516820942274785,0.10727681089001605,0.11538910584031675,532.094242553711,485.8920774841309,True
2024-07-30,536.463088435743,537.5237359172042,528.8619113563942,532.2794799804688,46853600,0.0,0.0,0.0,SPY,-0.005066355590668814,-0.0050792330832049575,4.34506003822535,0.1356279684942731,0.10788473510032456,0.1151855500189588,532.3890631103516,486.4331024169922,True
2024-07-31,539.1342001655225,543.5731545926626,537.7593446818978,540.931396484375,65663400,0.0,0.0,0.0,SPY,0.0162544618556848,0.016123772380143977,4.431941112733029,0.1469924562735463,0.10656269049562045,0.11621804316414173,532.8420428466796,487.03031341552736,True
2024-08-01,542.659905480717,544.9186439967344,529.7555512584067,533.2713623046875,76428700,0.0,0.0,0.0,SPY,-0.014160823774459486,-0.014262044959268121,4.355020351882375,0.1535343848097402,0.11071339328047695,0.1171227974851086,533.1298760986328,487.5997212219238,True
2024-08-02,526.1414522896143,527.35920359664,519.1196618479511,523.3425903320312,82789100,0.0,0.0,0.0,SPY,-0.018618610850854922,-0.01879411907946351,4.255317311852269,0.1645956820933793,0.11650307437307711,0.11780791968519634,533.1936834716797,488.0974223327637,True
2024-08-05,502.4639672478691,514.1898307923391,501.1185124437748,508.10101318359375,146267400,0.0,0.0,0.0,SPY,-0.029123517615425865,-0.0295560253892885,4.102263985545887,0.18772967403785112,0.12883640461686616,0.12148644038552953,532.9826129150391,488.51901275634765,True
2024-08-06,509.90795711875484,520.2491343271334,508.58219283381527,512.7854614257812,84826300,0.0,0.0,0.0,SPY,0.009219521553079257,0.009177281189713322,4.149304418330128,0.19213523306329122,0.12850374866107128,0.12167624946683789,532.9409991455078,488.99226013183596,True
2024-08-07,518.9921850322411,522.0562848859635,508.75907814189975,509.3581237792969,70698300,0.0,0.0,0.0,SPY,-0.006683765247467832,-0.006706201635324796,4.114887676410261,0.19204401258358955,0.12923626649958025,0.12163173426440285,532.7627062988281,489.4667401123047,True
2024-08-08,514.5138248770706,521.7614718670237,512.4810023749844,521.1329956054688,63276600,0.0,0.0,0.0,SPY,0.023117078684846692,0.02285392683824779,4.233128937289989,0.20820285042766143,0.13716935751325696,0.1235856717731272,532.8126672363281,490.02555923461915,True
2024-08-09,520.3081301514704,524.9238500782335,519.0805482528909,523.4310913085938,45619600,0.0,0.0,0.0,SPY,0.004409806560904839,0.004400111854689426,4.256206023611711,0.20833935673129184,0.13698491009223693,0.1234133430863257,532.9812268066406,490.59941650390624,True
2024-08-12,524.6291985957554,526.1218973002085,521.4276556811567,523.7060546875,42542100,0.0,0.0,0.0,SPY,0.0005253096032542537,0.0005251716764653487,4.258967159112598,0.20639872406066936,0.13697498779758566,0.12341286530984161,533.2236138916015,491.1592431640625,True
2024-08-13,526.9075954015528,532.5544716398305,526.6620790433668,532.3187255859375,52333100,0.0,0.0,0.0,SPY,0.016445620250804094,0.016311855607340702,4.345454135922814,0.21581253964120758,0.14065164052267,0.12439282051174434,533.5450616455078,491.7916801452637,True
2024-08-14,533.1141640625877,535.1863675555963,530.4331447737245,533.998046875,42446900,0.0,0.0,0.0,SPY,0.0031547289402866774,0.0031497632238619132,4.362317594784384,0.21480540622900277,0.14052061373971095,0.12432638868505785,533.8916754150391,492.4568121337891,True
2024-08-15,539.644898487546,543.4356562731828,539.036022778579,543.15087890625,60846800,0.0,0.0,0.0,SPY,0.0171401975808958,0.016994961627269316,4.454228777850503,0.21940291677843365,0.14243744456695212,0.12475223835443723,534.4097943115235,493.17679595947266,True
2024-08-16,541.530469041351,545.0659403343901,541.3733649561221,544.36865234375,44430700,0.0,0.0,0.0,SPY,0.002242053699613278,0.0022395440477001815,4.466457451660419,0.21784847693648887,0.14234957897527395,0.12447937868905913,534.8293182373047,493.8790075683594,True
2024-08-19,544.7811244137845,549.5736083984375,543.926732304356,549.5736083984375,39121800,0.0,0.0,0.0,SPY,0.009561454415638826,0.009516033010638626,4.518724735399499,0.21863674379544562,0.1434109667593602,0.12446978595811617,535.3531390380859,494.5945600891113,True
2024-08-20,549.1218730431605,550.7815659083177,547.3345068852593,548.679931640625,33732300,0.0,0.0,0.0,SPY,-0.001626127499857244,-0.0016274510802483976,4.509750585343124,0.21613035684972426,0.14350433512453575,0.12449770123843894,535.8718109130859,495.28397018432617,True
2024-08-21,549.7308200651719,552.0288197515467,544.7811716197107,550.5655517578125,41514600,0.0,0.0,0.0,SPY,0.0034366485968408966,0.003430756814849247,4.528685661961187,0.21624113984633042,0.1435603439419144,0.12440083033260463,536.395892944336,495.94344512939455,True
2024-08-22,552.4707057383962,553.0795814875313,545.0266332673548,546.244384765625,56121500,0.0,0.0,0.0,SPY,-0.007848596735468005,-0.007879559084560665,4.4852932377232895,0.2016979146488476,0.14443940447391138,0.12466280791676472,536.8082940673828,496.5622157287598,True
2024-08-23,549.4951156938582,552.9912663344013,547.2952387130678,552.0484619140625,50639400,0.0,0.0,0.0,SPY,0.010625422082696234,0.010569368994362843,4.543576793621459,0.2026370932857568,0.1447692017072991,0.12462216091426755,537.2504376220703,497.20514709472656,True
2024-08-26,553.0795725146759,553.7964610598141,549.0236377073744,550.732421875,35788600,0.0,0.0,0.0,SPY,-0.0023839212131839815,-0.002386767277454364,4.530361343306231,0.20043036334590902,0.14450634928544556,0.12377101979877288,537.6449212646485,497.83547241210937,True
2024-08-27,549.4557648759409,551.9796801643517,548.3067651332959,551.4886474609375,32693900,0.0,0.0,0.0,SPY,0.001373127050270373,0.0013721851734347333,4.537955232064494,0.2004044671729502,0.1445068237616955,0.12362606878307639,538.0480670166015,498.46802352905274,True
2024-08-28,551.1450146535084,551.5771258819644,545.0856272093944,548.2871704101562,41066000,0.0,0.0,0.0,SPY,-0.005805154948376412,-0.005822070356508212,4.505806543845188,0.20072665191295322,0.14425635368259815,0.12370120891765804,538.3026068115234,499.10113845825197,True
2024-08-29,550.2609901170326,553.5705452881934,547.1871210206536,548.3361206054688,38715200,0.0,0.0,0.0,SPY,8.927838905270491e-05,8.92744039745148e-05,4.506298093383858,0.19342124011269993,0.14342790156283539,0.12296511516993053,538.5309136962891,499.70159866333006,True
2024-08-30,550.7128337345928,554.0813108649274,547.1479315360851,553.5706176757812,62700100,0.0,0.0,0.0,SPY,0.009546146740310624,0.00950087019780019,4.558862022979193,0.187794689947961,0.14352940433856087,0.12322508405680695,538.8930780029297,500.330272064209,True
2024-09-03,550.4181945160806,550.7521231432277,539.6547955357257,542.1787109375,60600100,0.0,0.0,0.0,SPY,-0.02057895844636992,-0.02079365581806176,4.4444664323992,0.19058856382608244,0.1499652623908145,0.1250729731625453,539.0417645263672,500.86048446655275,True
2024-09-04,540.3323596896321,544.4864768786748,539.6056409316967,541.0689086914062,47224900,0.0,0.0,0.0,SPY,-0.002046930695922655,-0.0020490285217845635,4.433321986935802,0.15509018872656424,0.15007234105961526,0.12510367597927824,539.2030206298828,501.38053085327147,True
2024-09-05,541.0100633006934,543.8678474559043,537.2879967926923,539.7529907226562,44264300,0.0,0.0,0.0,SPY,-0.0024320709388617745,-0.0024350332273594816,4.420107762429897,0.15449488611409756,0.148481447777571,0.1250390586647073,539.2969049072266,501.8913250732422,True
2024-09-06,540.0770882862281,541.7072905965744,529.7654008260863,530.6688842773438,68493800,0.0,0.0,0.0,SPY,-0.01683011785289068,-0.016973353678025924,4.328886710012834,0.16567837847590744,0.15248763898587428,0.1260609522596053,539.1957513427734,502.3539775085449,True
2024-09-09,534.8819667353457,537.8870845889743,532.9472666463545,536.6103515625,40445800,0.0,0.0,0.0,SPY,0.011196185533371317,0.011133972185551651,4.388549914304455,0.15103825529776266,0.15401070687244323,0.12642267436686658,539.1965362548829,502.8294738769531,True
2024-09-10,538.5254119078065,539.3012819984793,533.6347450012723,538.9476928710938,36394600,0.0,0.0,0.0,SPY,0.004355751434514721,0.004346292606158394,4.41202109832364,0.1510249688336645,0.15411928198418784,0.12646842784770063,539.2862994384766,503.32146820068357,True
2024-09-11,538.8592992301786,545.3998284478084,530.2760571886295,544.4766845703125,75248600,0.0,0.0,0.0,SPY,0.01025886514100205,0.010206600133194934,4.4675422929116,0.15402030242550946,0.1553132260766769,0.12668735829214284,539.4646405029297,503.83260314941407,True
2024-09-12,545.0560839490253,549.3673650982907,542.826776487141,549.0629272460938,51819600,0.0,0.0,0.0,SPY,0.008423212243515277,0.008387934951579508,4.513596562095191,0.14681177438308396,0.15535563167251112,0.12674379251863485,539.6626251220703,504.3653088378906,True
2024-09-13,549.6718037364791,552.9322678030146,549.4164571619145,551.9305419921875,39310500,0.0,0.0,0.0,SPY,0.0052227433392320055,0.005209152117009635,4.542392661815086,0.14727654346428323,0.1556058567515173,0.12681453643858168,539.8698382568359,504.91633712768555,True
2024-09-16,551.6654196124157,553.0108444429941,549.8584528057411,552.7457275390625,36656100,0.0,0.0,0.0,SPY,0.0014769712578917016,0.0014758816086318557,4.550578616476536,0.13603858728400178,0.1556143586396499,0.12658444905837798,540.0308978271485,505.4692544555664,True
2024-09-17,554.9651804135709,556.4186780878246,550.73248057987,552.9716186523438,49321000,0.0,0.0,0.0,SPY,0.0004086709349830908,0.00040858745176054414,4.552846976629429,0.13595371016339838,0.15490895574590538,0.12590917376555397,540.1839044189453,506.0248564147949,True
2024-09-18,553.6296037419249,558.4908400284567,550.7718194675883,551.3316040039062,59044900,0.0,0.0,0.0,SPY,-0.002965820655378981,-0.002970227416725006,4.5363782283699825,0.1326463313425454,0.15501351316692766,0.125971588422658,540.2935028076172,506.5635594177246,True
2024-09-19,560.7692368305202,562.6056945402063,557.8917920771589,560.73974609375,75315500,0.0,0.0,0.0,SPY,0.01706439830678952,0.01692043689726468,4.630853191635926,0.14468518726222085,0.1583740311341011,0.1269515966823786,540.483237915039,507.1361819458008,True
2024-09-20,559.3665913435013,560.8146268159833,556.7363903893743,559.7704467773438,77503100,1.746,0.0,0.0,SPY,-0.0017286081879492876,-0.0017301039550617291,4.621119652703723,0.14472949406958507,0.15839704498104704,0.1265637868811583,540.7486529541015,507.7156700134277,True
2024-09-23,560.8440961059636,561.8193132907071,559.6225494017445,561.1691284179688,44116900,0.0,0.0,0.0,SPY,0.0024986700328275546,0.0024955535471611174,4.635164975930872,0.1413102281306235,0.158220346024572,0.12532527980735444,540.9730987548828,508.30258880615236,True
2024-09-24,561.9670704323123,562.8339435617671,559.1300420312542,562.7748413085938,46805700,0.0,0.0,0.0,SPY,0.002861370680086628,0.002857284751384239,4.651289271770452,0.13737448258647353,0.1581568342123943,0.12528875484997956,541.1994097900391,508.9064779663086,True
2024-09-25,562.6172518383486,563.3560600605995,560.4204878396197,561.5336303710938,38428600,0.0,0.0,0.0,SPY,-0.0022055195904171487,-0.002207955330790088,4.638825242570448,0.13732126744594517,0.1582723755462865,0.12529882990657754,541.335492553711,509.487297668457,True
2024-09-26,565.8089884130038,566.1340809200134,561.395859133459,563.760009765625,48336000,0.0,0.0,0.0,SPY,0.00396481933425763,0.003956980151877201,4.661182165914691,0.1377121833426118,0.1583922720792485,0.12431080988609125,541.6716632080078,510.0696760559082,True
2024-09-27,564.8337142422162,565.651285439919,561.908002221962,562.9423217773438,42100900,0.0,0.0,0.0,SPY,-0.0014504185719401708,-0.0014514714471534087,4.652971082162112,0.13577977393836077,0.15816595919568874,0.12433738442048203,542.0755450439453,510.63926712036135,True
2024-09-30,561.9079952356186,565.8089245059994,559.6029471264981,565.1981811523438,63557400,0.0,0.0,0.0,SPY,0.0040072655540939195,0.003999257851016601,4.675624038457949,0.13602066626485454,0.1582732928522991,0.12428452407938889,542.5966278076172,511.20988357543945,True
2024-10-01,564.843649599462,565.4937745100349,557.5540496357448,560.1349487304688,72668800,0.0,0.0,0.0,SPY,-0.008958331061065916,-0.00899869817089367,4.624779919343299,0.13728991640052018,0.15903462923730666,0.12464922672431719,542.9052728271485,511.7240818786621,True
2024-10-02,559.2385345053339,561.3958572731079,556.8349422897517,560.371337890625,38097800,0.0,0.0,0.0,SPY,0.0004220218015176247,0.0004219327753635845,4.627153699098,0.11372794365392283,0.1588466585929516,0.12464126200280054,543.2357342529297,512.2321240234374,True
2024-10-03,558.8936443913503,561.2972362765911,557.0515539848665,559.3468017578125,40846500,0.0,0.0,0.0,SPY,-0.0018283164457859602,-0.001829989856292628,4.616865481446974,0.11364216807141063,0.15856696821243763,0.1238145865059936,543.7922052001953,512.7388200378418,True
2024-10-04,563.8092058002762,564.804143911743,559.6226255139783,564.4298095703125,42939100,0.0,0.0,0.0,SPY,0.009087399438999277,0.009046357480445397,4.66790818167201,0.1154738602753834,0.15949703337027724,0.1239157793764835,544.5057257080078,513.2580497741699,True
2024-10-07,562.7748592374886,563.425044167477,558.1745633665616,559.3270874023438,49964700,0.0,0.0,0.0,SPY,-0.009040490210560193,-0.009081603418804821,4.61666751324125,0.10166294604234913,0.1606541347425379,0.12433375830600576,544.9987530517578,513.737762298584,True
2024-10-08,561.9079798048728,565.2178864241666,561.0313063853904,564.616943359375,37398700,0.0,0.0,0.0,SPY,0.009457535807176232,0.00941309330669568,4.669787347364733,0.09995902151902052,0.16055176823303371,0.1241496782166215,545.5912933349609,514.2760301208496,True
2024-10-09,564.6071813915806,569.0893336080857,564.006298346405,568.52783203125,37912200,0.0,0.0,0.0,SPY,0.006926622939449567,0.006902744089887869,4.70905982646679,0.10097003483161614,0.15999883610379706,0.12417272207398353,546.3162603759765,514.8121879577636,True
2024-10-10,567.1782233614125,568.9612116462271,565.9172950083815,567.5328369140625,44138100,0.0,0.0,0.0,SPY,-0.0017501256071009719,-0.0017516588661130083,4.699068254672019,0.09796794756773484,0.15965762562223781,0.12414404716276604,546.8482891845703,515.3387355041503,True
2024-10-11,567.4539217349562,571.6700825909913,567.3159964454156,570.9312744140625,42268000,0.0,0.0,0.0,SPY,0.00598808963808839,0.005970232281506216,4.733194786234579,0.09630371790092353,0.15997003800338244,0.12420270630299587,547.6014874267578,515.8725164794922,True
2024-10-14,572.54680911459,576.5364217400751,572.0641306807273,575.6005859375,36217200,0.0,0.0,0.0,SPY,0.008178412591304474,0.008145150605481091,4.780083218662721,0.09812384835674894,0.1603372369015277,0.12417980101614327,548.6466473388672,516.425447845459,True
2024-10-15,575.8666396343095,576.1720113378304,569.9068710302905,571.12841796875,54203600,0.0,0.0,0.0,SPY,-0.007769568131113069,-0.0077999084820430265,4.7351744682918175,0.10383036371928155,0.1584911297293871,0.12435187931592102,549.9071954345703,516.9551402282715,True
2024-10-16,571.1284236895626,574.1328988912752,570.320652695686,573.6107788085938,30725400,0.0,0.0,0.0,SPY,0.0043464145045915,0.004336996125991637,4.760101913787164,0.10416639736107546,0.15771766492757114,0.12404292326702114,551.1237017822266,517.503977508545,True
2024-10-17,577.1667859347198,577.3736738739761,573.472744961771,573.659912109375,34393700,0.0,0.0,0.0,SPY,8.56561672069045e-05,8.565249892688658e-05,4.76059530203982,0.10294872534341092,0.1569778674481986,0.1240416323332612,552.4097375488282,518.0660397338867,True
2024-10-18,575.3543175241635,576.6546272535265,573.8865614270069,575.8665771484375,37416800,0.0,0.0,0.0,SPY,0.003846643268044403,0.003839263853757729,4.78275425717834,0.0874526118156797,0.15595434321779758,0.12320403705492415,553.5044091796875,518.6579698181152,True
2024-10-21,575.1375866701346,576.1226643625554,571.936084169767,574.9208984375,36439000,0.0,0.0,0.0,SPY,-0.0016421837079351187,-0.0016435335696167444,4.773257912350209,0.08741561834118629,0.15595920522509035,0.12282333030900516,554.5342053222656,519.2525392150878,True
2024-10-22,572.379393899403,575.7779240387921,571.7194086656112,574.6155395507812,34183800,0.0,0.0,0.0,SPY,-0.0005311320001563091,-0.000531273100721333,4.770191550327804,0.08751645988874733,0.14845202094319992,0.12207506789000745,555.5523950195312,519.8424591064453,True
2024-10-23,572.5862745943635,573.0295715850681,565.8483166590198,569.3650512695312,49314600,0.0,0.0,0.0,SPY,-0.009137393474173527,-0.009179395509116874,4.717467039711107,0.09416525194883073,0.14935500305612434,0.12248824021899546,556.2933215332031,520.3735322570801,True
2024-10-24,571.3253834738008,571.4042065299044,567.966294746531,570.596435546875,34979900,0.0,0.0,0.0,SPY,0.002162732458899752,0.0021603971195919584,4.72983239126058,0.09375714097600056,0.1479877403036682,0.1223332233073688,557.0252893066406,520.9142753601075,True
2024-10-25,572.832526139626,575.7385172942365,569.4537169426869,570.3993530273438,47268200,0.0,0.0,0.0,SPY,-0.0003453973899124607,-0.0003454570533297278,4.727853322108003,0.09309852797719763,0.14801200567276987,0.12132879412643982,557.5702587890624,521.4409562683105,True
2024-10-28,573.8866057690544,574.0146706850179,571.8573480325817,572.1627197265625,30174700,0.0,0.0,0.0,SPY,0.0030914598515230374,0.0030866911152263167,4.745560750688713,0.0931835097179662,0.1475379210860668,0.12059697905053697,558.1261401367187,521.9774787902832,True
2024-10-29,571.1972307374274,574.2115658329249,569.7984373596124,573.088623046875,42899700,0.0,0.0,0.0,SPY,0.0016182517462077772,0.0016169437877313257,4.754858514406458,0.09250938647771978,0.144332914986846,0.12044786543192869,558.5964404296875,522.5170210266114,True
2024-10-30,572.615787609554,574.6155241758808,570.645632233565,571.3549194335938,41435800,0.0,0.0,0.0,SPY,-0.0030251928646983783,-0.0030297780102674695,4.737448957491328,0.08683229088419847,0.14127784036564606,0.1200688999049722,559.0499401855469,523.0564334106446,True
2024-10-31,566.9713847301143,567.0403473920817,559.9576354980849,560.1546630859375,60182500,0.0,0.0,0.0,SPY,-0.01960297525530974,-0.01979766206892241,4.624977887549022,0.11235162097870936,0.14184980769803143,0.1217913422136824,559.2417224121094,523.5527259826661,True
2024-11-01,562.7945884035815,566.9614477579651,562.1050220014198,562.5187377929688,45667500,0.0,0.0,0.0,SPY,0.004220396370544055,0.0042115154762761425,4.648717523810024,0.11305927135139324,0.12795034619763196,0.121464060965222,559.5672094726563,524.0403457641602,True
2024-11-04,562.6565581985026,563.9568677110301,559.4156748742424,561.3070068359375,38217000,0.0,0.0,0.0,SPY,-0.0021541166109158016,-0.002156440057351872,4.6365495275616135,0.10866319976100244,0.12723488214422635,0.12017615805300184,559.7523803710938,524.4929234313964,True
2024-11-05,562.2232752144567,568.1337418174742,562.0065869653796,568.0943603515625,39478300,0.0,0.0,0.0,SPY,0.012092052001782427,0.012019527204690137,4.7047069775595105,0.11171844745419092,0.12788544095316626,0.12040928712897968,560.099619140625,524.9744606018066,True
2024-11-06,580.4078275075276,583.0970705492409,576.6546836514896,582.2203369140625,68182000,0.0,0.0,0.0,SPY,0.02486554619862491,0.02456142954588622,4.846557632459635,0.13676699139622864,0.1291138586572765,0.12270794268770592,560.7142529296875,525.5197480773926,True
2024-11-07,584.2298916492671,587.7466262080364,584.1510685994552,586.7221069335938,47233200,0.0,0.0,0.0,SPY,0.007732072780885613,0.007702333505266537,4.891763641591455,0.13719757843087743,0.1295576952855195,0.12286716271356964,561.4829516601562,526.084958190918,True
2024-11-08,587.2738563748118,590.6921078451991,587.2738563748118,589.2637329101562,46444900,0.0,0.0,0.0,SPY,0.004331907638261523,0.004322551935331229,4.917286217513296,0.13697924698299543,0.12962361871403447,0.1229027948670636,562.30150390625,526.6499948120118,True
2024-11-11,590.8594538392326,591.214067381988,588.0913879024889,589.8251342773438,37586800,0.0,0.0,0.0,SPY,0.0009527166459319947,0.0009522630994729253,4.922923714591465,0.13615973999339476,0.12621938056146212,0.12256146262900337,563.0265942382813,527.220863647461,True
2024-11-12,589.7463270131273,590.3472099973874,585.5006444102133,587.992919921875,43006100,0.0,0.0,0.0,SPY,-0.003106368733698628,-0.003111203512052507,4.904524929552376,0.13488158746861467,0.12653891974311443,0.12180442921233925,563.9428784179687,527.7637367248535,True
2024-11-13,588.4559322808827,590.2881625954766,586.0819211903879,588.2786254882812,47388600,0.0,0.0,0.0,SPY,0.0004858996711121222,0.00048578166009305814,4.907393936273719,0.1310582131339193,0.12252528400274645,0.12178634507851521,564.8870727539063,528.309892578125,True
2024-11-14,588.4066394793019,588.8893179492193,583.8063432948493,584.495849609375,38904100,0.0,0.0,0.0,SPY,-0.00643024532085712,-0.0064510084039717756,4.869407944056535,0.13334616364864396,0.12347735229281635,0.1206647980876834,565.7819299316407,528.8762185668945,True
2024-11-15,580.9199456029655,581.3928237454572,575.1474051756758,577.0092163085938,75988800,0.0,0.0,0.0,SPY,-0.012808702244480719,-0.012891440947339072,4.7942284453497255,0.1415995338741929,0.12538120962271307,0.12147027602789569,566.7087365722656,529.3742733764649,True
2024-11-18,577.4722212479682,580.6934445713057,576.6054081851684,579.3734741210938,37001700,0.0,0.0,0.0,SPY,0.0040974350940619075,0.004089063467227235,4.817969920324713,0.141680987724856,0.12545280205631043,0.12150643935886783,567.5639990234375,529.8590208435058,True
2024-11-19,575.9847825359503,582.2202808592402,575.3149369393851,581.4913330078125,49412000,0.0,0.0,0.0,SPY,0.0036554294963737632,0.003648764650949344,4.839237099180483,0.14194151796833335,0.12547157871657802,0.12153236723640053,568.4148718261719,530.3631407165527,True
2024-11-20,581.5702110064499,581.9740664321081,575.9060139035164,581.6884155273438,50032600,0.0,0.0,0.0,SPY,0.0003389259793638022,0.00033886855692832874,4.841216168333061,0.1418877470568171,0.12421383215426891,0.1213571715261373,569.1591064453125,530.861268157959,True
2024-11-21,584.54504406632,586.2393485979784,578.6838206004319,584.8109741210938,46750300,0.0,0.0,0.0,SPY,0.005368094860406014,0.005353737995613735,4.87257237082481,0.13816689450651032,0.12300200231137176,0.12138560621660771,569.8740673828125,531.3549055480958,True
2024-11-22,584.8012881702188,587.254182513623,584.2989489727497,586.6237182617188,38226400,0.0,0.0,0.0,SPY,0.0030997095144278397,0.0030949153194106626,4.890775639276821,0.13827771610990913,0.12288766020589936,0.12137095136703571,570.5679309082032,531.856533203125,True
2024-11-25,590.5737592167452,591.8937295695996,586.3182166457023,588.6134643554688,42441400,0.0,0.0,0.0,SPY,0.0033918609694916224,0.003386121583544517,4.9107563312477165,0.13830434623197552,0.12297672100873815,0.12139040867213909,571.2852856445312,532.3540570068359,True
2024-11-26,589.8645208450938,592.3567963116076,589.1454333564441,591.6869506835938,45621300,0.0,0.0,0.0,SPY,0.005221569865871967,0.0052079847398758036,4.941619758391472,0.13880253146191365,0.12244951811172439,0.12142145328692255,572.0595922851562,532.8680216979981,True
2024-11-27,591.4997242855515,591.883858859544,588.3671846956962,589.89404296875,34000200,0.0,0.0,0.0,SPY,-0.0030301626777003987,-0.00303476291595765,4.923615683954506,0.13974065052088067,0.12272721027280413,0.12149462259512492,572.8308410644531,533.4066896057129,True
2024-11-29,590.7117045866185,594.3466439350991,590.4359140778026,593.55859375,30177400,0.0,0.0,0.0,SPY,0.00621221866016386,0.006193002372613015,4.960414479842008,0.13970690215639986,0.1219834216544565,0.12158413519065835,573.4872180175781,533.941771850586,True
2024-12-02,593.9722515940274,595.3021425181648,593.4797127608734,594.6224365234375,31746000,0.0,0.0,0.0,SPY,0.0017923129824746198,0.0017907087061851583,4.971097408095159,0.1159412256147654,0.1137220150401697,0.12155458627751507,574.1842578125,534.4653881835937,True
2024-12-03,594.3859938864347,595.1444627620236,593.3516744201837,594.898193359375,26906600,0.0,0.0,0.0,SPY,0.0004637511452640908,0.0004636436459357309,4.973866511356646,0.11612123733124352,0.11351513488877774,0.1214641307642049,574.8588391113282,535.0025816345214,True
2024-12-04,596.5926087018526,598.8385545797807,595.9227630847732,598.59228515625,42787600,0.0,0.0,0.0,SPY,0.006209620130151361,0.00619041988224006,5.010961953100403,0.11533329490649132,0.1136043570586637,0.12139650820803789,575.5751879882813,535.5716641235351,True
2024-12-05,598.592255379496,599.4000262634194,597.2525642119798,597.607177734375,28762200,0.0,0.0,0.0,SPY,-0.0016457068463852087,-0.0016470625094508115,5.001069671860825,0.11158315063668757,0.10744671904481777,0.12142208507956191,576.2966589355469,536.1336253356934,True
2024-12-06,598.3756383425828,599.9813199050982,597.9619225172376,598.7401123046875,31241500,0.0,0.0,0.0,SPY,0.0018957847437637287,0.0018939900117920594,5.012446408191002,0.07615904359807539,0.10577672362916461,0.12130985490027739,576.9962609863281,536.6510424804687,True
2024-12-09,598.6218315882949,598.7892779517493,595.0657157488416,595.65673828125,34742700,0.0,0.0,0.0,SPY,-0.005149770259368247,-0.0051630760269859065,4.9814836904920545,0.0756164957914827,0.10653514332327618,0.12130652877904594,577.6505493164062,537.1513346862793,True
2024-12-10,596.3365277015484,596.7601039297737,593.1448853311992,593.8048706054688,37234500,0.0,0.0,0.0,SPY,-0.003108951106848501,-0.003113793935357062,4.962887550151903,0.0755447149216511,0.10547433113276863,0.12134170817010645,578.2226831054687,537.6514434814453,True
2024-12-11,596.7404013764967,599.3508212217944,596.4645507592219,598.3953247070312,28677700,0.0,0.0,0.0,SPY,0.0077305767076008,0.0077008489098708425,5.00898410975715,0.07972894303782964,0.10529579881428007,0.12148934115324583,578.987890625,538.1699179077149,True
2024-12-12,597.5284365007215,598.0997382660831,595.31201171875,595.31201171875,31543800,0.0,0.0,0.0,SPY,-0.005152635491914692,-0.005165956095348787,4.978022004962864,0.08126000685600152,0.10580354216583619,0.1216051832716194,579.6867041015626,538.6762449645996,True
2024-12-13,597.3511703289549,598.0702578450652,593.8147147595496,595.19384765625,35904700,0.0,0.0,0.0,SPY,-0.00019849097645252556,-0.00019851067839354023,4.976835421537844,0.08130687331775092,0.10584028795268689,0.12094593302073466,580.4036450195313,539.1731007385254,True
2024-12-16,596.9571617258187,598.7106291133621,596.1789718891373,597.7353515625,43695200,0.0,0.0,0.0,SPY,0.004270043980222349,0.0042609532118918865,5.002356771650361,0.07808577244001073,0.10600501860528139,0.12096937157863094,581.069755859375,539.6593891906738,True
2024-12-17,595.1740992873428,596.1394561956839,593.8935102993782,595.2725830078125,55773500,0.0,0.0,0.0,SPY,-0.0041201654682958555,-0.004128676736639517,4.977626068551416,0.06294927567005489,0.10621690709826677,0.12105060448249555,581.7886657714844,540.1360475158691,True
2024-12-18,594.9671989364094,597.3609304879477,577.1471773446116,577.5313720703125,108248700,0.0,0.0,0.0,SPY,-0.029803507576069865,-0.0302566584899349,4.799471844730431,0.124613200661635,0.1184881975258753,0.12483737729439295,582.0469543457032,540.5489823913574,True
2024-12-19,582.5354605374066,584.1510021908508,577.1076734772528,577.3539428710938,85919500,0.0,0.0,0.0,SPY,-0.00030722001920469033,-0.00030726722094258385,4.797690130878916,0.1238534753141925,0.1184138095380964,0.12473611215188687,582.2234765625,540.9484898376464,True
