Date,open,high,low,close,volume,dividends,stock splits,capital gains,symbol
2015-10-08 00:00:00-04:00,21.045311427693612,21.185565948486328,21.045311427693612,21.185565948486328,2000,0.0,0.0,0.0,XLRE
2015-10-09 00:00:00-04:00,21.178558685702892,21.178558685702892,21.08037902975515,21.1505069732666,4300,0.0,0.0,0.0,XLRE
2015-10-12 00:00:00-04:00,21.332839694630035,21.332839694630035,21.227648445177813,21.283750534057617,2300,0.0,0.0,0.0,XLRE
2015-10-13 00:00:00-04:00,21.1505069732666,21.1505069732666,21.1505069732666,21.1505069732666,500,0.0,0.0,0.0,XLRE
2015-10-14 00:00:00-04:00,21.1505069732666,21.1505069732666,21.1505069732666,21.1505069732666,0,0.0,0.0,0.0,XLRE
2015-10-15 00:00:00-04:00,21.059338621397323,21.08738899230957,21.059338621397323,21.08738899230957,2500,0.0,0.0,0.0,XLRE
2015-10-16 00:00:00-04:00,21.456263178253288,21.501144310880413,21.456263178253288,21.488521575927734,400,0.0,0.0,0.0,XLRE
2015-10-19 00:00:00-04:00,21.529193877917294,21.74658926679237,21.529193877917294,21.73957633972168,2000,0.0,0.0,0.0,XLRE
2015-10-20 00:00:00-04:00,21.992037558072383,21.992037558072383,21.732564592684326,21.760616302490234,3200,0.0,0.0,0.0,XLRE
2015-10-21 00:00:00-04:00,21.778146743774414,21.778146743774414,21.778146743774414,21.778146743774414,400,0.0,0.0,0.0,XLRE
2015-10-22 00:00:00-04:00,21.865809070726144,22.06426971494573,21.86370505858541,22.05375099182129,2200,0.0,0.0,0.0,XLRE
2015-10-23 00:00:00-04:00,21.776745835374,21.788667678833008,21.697502292920806,21.788667678833008,3500,0.0,0.0,0.0,XLRE
2015-10-26 00:00:00-04:00,21.759217655495796,21.823735798766325,21.759217655495796,21.816722869873047,600,0.0,0.0,0.0,XLRE
2015-10-27 00:00:00-04:00,21.781652218823513,21.823729780579743,21.73957599464633,21.82232666015625,3400,0.0,0.0,0.0,XLRE
2015-10-28 00:00:00-04:00,21.907882488055627,21.970997493857436,21.74308204650879,21.74308204650879,3200,0.0,0.0,0.0,XLRE
2015-10-29 00:00:00-04:00,21.760613367160875,21.841960906982422,21.746587514149894,21.841960906982422,3900,0.0,0.0,0.0,XLRE
2015-10-30 00:00:00-04:00,21.704513549804688,21.704513549804688,21.704513549804688,21.704513549804688,200,0.0,0.0,0.0,XLRE
2015-11-02 00:00:00-05:00,21.704513549804688,21.704513549804688,21.704513549804688,21.704513549804688,100,0.0,0.0,0.0,XLRE
2015-11-03 00:00:00-05:00,22.16034843073309,22.16034843073309,21.96399043383422,21.985029220581055,500,0.0,0.0,0.0,XLRE
2015-11-04 00:00:00-05:00,22.104249469875455,22.104249469875455,21.89386558532715,21.89386558532715,1900,0.0,0.0,0.0,XLRE
2015-11-05 00:00:00-05:00,21.93593383643752,21.93593383643752,21.70451259815296,21.809703826904297,23800,0.0,0.0,0.0,XLRE
2015-11-06 00:00:00-05:00,21.304784614719775,21.304784614719775,21.003236770629883,21.003236770629883,9000,0.0,0.0,0.0,XLRE
2015-11-09 00:00:00-05:00,21.08037946584857,21.11123608265097,20.757792791633452,20.834932327270508,45500,0.0,0.0,0.0,XLRE
2015-11-10 00:00:00-05:00,21.115445429981342,21.115445429981342,20.933113296688404,21.059343338012695,27200,0.0,0.0,0.0,XLRE
2015-11-11 00:00:00-05:00,21.111936734705438,21.220635115042725,21.03129006706653,21.132274627685547,27100,0.0,0.0,0.0,XLRE
2015-11-12 00:00:00-05:00,20.940121763416414,21.094402149060947,20.940121763416414,21.003236770629883,63900,0.0,0.0,0.0,XLRE
2015-11-13 00:00:00-05:00,20.912074180586384,20.947138823500527,20.726937146253636,20.7297420501709,47700,0.0,0.0,0.0,XLRE
2015-11-16 00:00:00-05:00,20.708703994750977,20.771819012566333,20.708703994750977,20.708703994750977,4200,0.0,0.0,0.0,XLRE
2015-11-17 00:00:00-05:00,21.038304890476276,21.16453493383184,20.989215726411203,21.031291961669922,25700,0.0,0.0,0.0,XLRE
2015-11-18 00:00:00-05:00,20.785842854854522,21.280242919921875,18.72409013195793,21.280242919921875,28600,0.0,0.0,0.0,XLRE
2015-11-19 00:00:00-05:00,21.325822386291545,21.424000687271903,21.325822386291545,21.395950317382812,3500,0.0,0.0,0.0,XLRE
2015-11-20 00:00:00-05:00,21.536211066589697,21.578288639953545,21.536211066589697,21.57127571105957,600,0.0,0.0,0.0,XLRE
2015-11-23 00:00:00-05:00,21.718538794154014,21.74799228697918,21.683475494384766,21.683475494384766,2400,0.0,0.0,0.0,XLRE
2015-11-24 00:00:00-05:00,21.753603620074344,21.753603620074344,21.3538761138916,21.3538761138916,2500,0.0,0.0,0.0,XLRE
2015-11-25 00:00:00-05:00,21.3538761138916,21.3538761138916,21.3538761138916,21.3538761138916,0,0.0,0.0,0.0,XLRE
2015-11-27 00:00:00-05:00,21.515167236328125,21.515167236328125,21.515167236328125,21.515167236328125,0,0.0,0.0,0.0,XLRE
2015-11-30 00:00:00-05:00,21.739573905138464,21.739573905138464,21.544619102174853,21.564254760742188,1600,0.0,0.0,0.0,XLRE
2015-12-01 00:00:00-05:00,21.72555415581348,21.92121124267578,21.72555415581348,21.92121124267578,5600,0.0,0.0,0.0,XLRE
2015-12-02 00:00:00-05:00,21.816718453571962,21.893857980624063,21.473093032836914,21.473093032836914,4400,0.0,0.0,0.0,XLRE
2015-12-03 00:00:00-05:00,21.29777483917597,21.29777483917597,21.04531478881836,21.04531478881836,800,0.0,0.0,0.0,XLRE
2015-12-04 00:00:00-05:00,21.25569629389052,21.620360497046587,21.25569629389052,21.473093032836914,4400,0.0,0.0,0.0,XLRE
2015-12-07 00:00:00-05:00,21.473093032836914,21.473093032836914,21.473093032836914,21.473093032836914,0,0.0,0.0,0.0,XLRE
2015-12-08 00:00:00-05:00,21.23465784390988,21.571270321237765,20.982197817124423,21.5432186126709,4600,0.0,0.0,0.0,XLRE
2015-12-09 00:00:00-05:00,21.39595132251875,21.424001693725586,21.39595132251875,21.424001693725586,600,0.0,0.0,0.0,XLRE
2015-12-10 00:00:00-05:00,21.248685836791992,21.248685836791992,21.248685836791992,21.248685836791992,700,0.0,0.0,0.0,XLRE
2015-12-11 00:00:00-05:00,21.164531924426804,21.164531924426804,21.13507843017578,21.13507843017578,300,0.0,0.0,0.0,XLRE
2015-12-14 00:00:00-05:00,21.108434488343725,21.227651612197096,21.101421558990054,21.200302124023438,600,0.0,0.0,0.0,XLRE
2015-12-15 00:00:00-05:00,21.54532589579491,21.592312381020452,21.445043563842773,21.445043563842773,4100,0.0,0.0,0.0,XLRE
2015-12-16 00:00:00-05:00,21.641401981904917,21.830745697021484,21.641401981904917,21.830745697021484,1600,0.0,0.0,0.0,XLRE
2015-12-17 00:00:00-05:00,22.062171759946217,22.062171759946217,21.78025946969446,21.80270004272461,2400,0.0,0.0,0.0,XLRE
2015-12-18 00:00:00-05:00,21.67010226255867,21.689246391891974,21.519079208374023,21.519079208374023,1400,0.34,0.0,0.0,XLRE
2015-12-21 00:00:00-05:00,21.594242372573074,21.594242372573074,21.554536819458008,21.554536819458008,500,0.0,0.0,0.0,XLRE
2015-12-22 00:00:00-05:00,21.753061294555664,21.753061294555664,21.753061294555664,21.753061294555664,200,0.0,0.0,0.0,XLRE
2015-12-23 00:00:00-05:00,21.802690198924523,21.96576690673828,21.802690198924523,21.96576690673828,4500,0.0,0.0,0.0,XLRE
2015-12-24 00:00:00-05:00,21.87785122507837,21.987041473388672,21.87785122507837,21.987041473388672,300,0.0,0.0,0.0,XLRE
2015-12-28 00:00:00-05:00,22.001222753993172,22.001222753993172,21.923228945489598,21.928192138671875,2100,0.0,0.0,0.0,XLRE
2015-12-29 00:00:00-05:00,22.15721490704557,22.327382155247392,22.15721490704557,22.29193115234375,3500,0.0,0.0,0.0,XLRE
2015-12-30 00:00:00-05:00,22.384104571314666,22.398285513423755,22.29193115234375,22.29193115234375,2000,0.0,0.0,0.0,XLRE
2015-12-31 00:00:00-05:00,22.206846289336116,22.256478233091173,22.11041831970215,22.11041831970215,36800,0.0,0.0,0.0,XLRE
2016-01-04 00:00:00-05:00,21.965768857936624,21.965768857936624,21.52687926051392,21.59707260131836,1900,0.0,0.0,0.0,XLRE
2016-01-05 00:00:00-05:00,21.930318452426373,22.251508712768555,21.930318452426373,22.251508712768555,1500,0.0,0.0,0.0,XLRE
2016-01-06 00:00:00-05:00,21.852326351901286,22.11112239978648,21.852326351901286,22.03667449951172,3700,0.0,0.0,0.0,XLRE
2016-01-07 00:00:00-05:00,21.782130265699642,21.802691677752232,21.630397214563317,21.632524490356445,1500,0.0,0.0,0.0,XLRE
2016-01-08 00:00:00-05:00,21.632532911542008,21.638913389036617,21.327649408300253,21.348920822143555,4000,0.0,0.0,0.0,XLRE
2016-01-11 00:00:00-05:00,21.476543426513672,21.476543426513672,21.476543426513672,21.476543426513672,500,0.0,0.0,0.0,XLRE
2016-01-12 00:00:00-05:00,21.299288925410906,21.348920872125692,21.242565155029297,21.242565155029297,2300,0.0,0.0,0.0,XLRE
2016-01-13 00:00:00-05:00,21.44109445642577,21.476546813182416,21.02276611328125,21.02276611328125,3300,0.0,0.0,0.0,XLRE
2016-01-14 00:00:00-05:00,21.14896793862606,21.14896793862606,20.91640648721647,21.093664169311523,3700,0.0,0.0,0.0,XLRE
2016-01-15 00:00:00-05:00,20.66541363307077,20.774603910810605,20.66541363307077,20.739152908325195,1400,0.0,0.0,0.0,XLRE
2016-01-19 00:00:00-05:00,20.923501939648204,20.923501939648204,20.813601663724114,20.88096046447754,4700,0.0,0.0,0.0,XLRE
2016-01-20 00:00:00-05:00,20.32082176208496,20.483898514633083,19.93794584947769,20.32082176208496,4600,0.0,0.0,0.0,XLRE
2016-01-21 00:00:00-05:00,20.4768123626709,20.4768123626709,20.4768123626709,20.4768123626709,100,0.0,0.0,0.0,XLRE
2016-01-22 00:00:00-05:00,20.891592372622572,20.9022274017334,20.88592053741265,20.9022274017334,300,0.0,0.0,0.0,XLRE
2016-01-25 00:00:00-05:00,20.9022274017334,20.9022274017334,20.9022274017334,20.9022274017334,0,0.0,0.0,0.0,XLRE
2016-01-26 00:00:00-05:00,20.98021305119975,21.16881569835556,20.98021305119975,21.08798599243164,500,0.0,0.0,0.0,XLRE
2016-01-27 00:00:00-05:00,20.9022274017334,20.9022274017334,20.9022274017334,20.9022274017334,900,0.0,0.0,0.0,XLRE
2016-01-28 00:00:00-05:00,20.90222453613815,20.909315005362934,20.675334930419922,20.675334930419922,1700,0.0,0.0,0.0,XLRE
2016-01-29 00:00:00-05:00,20.56897994510787,20.703696151373187,20.56897994510787,20.696605682373047,600,0.0,0.0,0.0,XLRE
2016-02-01 00:00:00-05:00,20.992276851311107,21.13620948791504,20.992276851311107,21.13620948791504,700,0.0,0.0,0.0,XLRE
2016-02-02 00:00:00-05:00,21.044037050048146,21.044037050048146,20.866779327392578,20.866779327392578,1100,0.0,0.0,0.0,XLRE
2016-02-03 00:00:00-05:00,21.04403005958793,21.04403005958793,20.59521406603309,20.888042449951172,3800,0.0,0.0,0.0,XLRE
2016-02-04 00:00:00-05:00,20.876701935320412,21.019217269987926,20.876701935320412,21.0135440826416,1500,0.0,0.0,0.0,XLRE
2016-02-05 00:00:00-05:00,20.710783534145804,20.710783534145804,20.631372451782227,20.631372451782227,200,0.0,0.0,0.0,XLRE
2016-02-08 00:00:00-05:00,19.923764785316703,19.923764785316703,19.53805160522461,19.53805160522461,700,0.0,0.0,0.0,XLRE
2016-02-09 00:00:00-05:00,19.441617714552358,19.53379109091285,19.19416539290802,19.38489532470703,1400,0.0,0.0,0.0,XLRE
2016-02-10 00:00:00-05:00,19.796133041381836,19.796133041381836,19.796133041381836,19.796133041381836,300,0.0,0.0,0.0,XLRE
2016-02-11 00:00:00-05:00,19.356540449285916,19.356540449285916,19.29981803894043,19.29981803894043,800,0.0,0.0,0.0,XLRE
2016-02-12 00:00:00-05:00,19.299818071489952,19.50401901955188,19.299818071489952,19.491256713867188,1800,0.0,0.0,0.0,XLRE
2016-02-16 00:00:00-05:00,19.491256713867188,19.491256713867188,19.491256713867188,19.491256713867188,100,0.0,0.0,0.0,XLRE
2016-02-17 00:00:00-05:00,20.136471807389132,20.17192415415873,20.085421239462157,20.10102081298828,2600,0.0,0.0,0.0,XLRE
2016-02-18 00:00:00-05:00,20.193908284765666,20.349185943603516,20.193908284765666,20.349185943603516,3900,0.0,0.0,0.0,XLRE
2016-02-19 00:00:00-05:00,20.32082176208496,20.32082176208496,20.32082176208496,20.32082176208496,200,0.0,0.0,0.0,XLRE
2016-02-22 00:00:00-05:00,20.632787704467773,20.671784598127452,20.615062212541105,20.632787704467773,800,0.0,0.0,0.0,XLRE
2016-02-23 00:00:00-05:00,20.526437759399414,20.526437759399414,20.526437759399414,20.526437759399414,300,0.0,0.0,0.0,XLRE
2016-02-24 00:00:00-05:00,20.50446012472047,20.54345703125,20.49807829638392,20.54345703125,800,0.0,0.0,0.0,XLRE
2016-02-25 00:00:00-05:00,20.675334930419922,20.675334930419922,20.675334930419922,20.675334930419922,100,0.0,0.0,0.0,XLRE
2016-02-26 00:00:00-05:00,20.916409328304823,20.91995388738592,20.824235916137695,20.824235916137695,2500,0.0,0.0,0.0,XLRE
2016-02-29 00:00:00-05:00,21.006454493766693,21.022761357053238,20.79587173461914,20.79587173461914,700,0.0,0.0,0.0,XLRE
2016-03-01 00:00:00-05:00,21.129110584433366,21.299279112440175,21.12202146877087,21.29218864440918,1000,0.0,0.0,0.0,XLRE
2016-03-02 00:00:00-05:00,21.433999788138433,21.526174545288086,21.405639260655448,21.526174545288086,1300,0.0,0.0,0.0,XLRE
2016-03-03 00:00:00-05:00,21.52901073424077,21.56729764968086,21.52901073424077,21.555953979492188,1100,0.0,0.0,0.0,XLRE
2016-03-04 00:00:00-05:00,21.62543954564941,21.64671095664549,21.58289807602619,21.618349075317383,1700,0.0,0.0,0.0,XLRE
2016-03-07 00:00:00-05:00,21.70342742127222,21.717607005682837,21.604162216186523,21.604162216186523,1500,0.0,0.0,0.0,XLRE
2016-03-08 00:00:00-05:00,21.586438040731665,21.586438040731665,21.571548461914062,21.571548461914062,600,0.0,0.0,0.0,XLRE
2016-03-09 00:00:00-05:00,21.589985149346127,21.637489805490393,21.448178469755625,21.5056095123291,3700,0.0,0.0,0.0,XLRE
2016-03-10 00:00:00-05:00,21.731792719394434,21.731792719394434,21.404220581054688,21.404220581054688,1000,0.0,0.0,0.0,XLRE
2016-03-11 00:00:00-05:00,21.823967906694758,21.901960372924805,21.823967906694758,21.901960372924805,400,0.0,0.0,0.0,XLRE
2016-03-14 00:00:00-04:00,22.00760650845308,22.049439336131787,21.972864151000977,21.972864151000977,3000,0.0,0.0,0.0,XLRE
2016-03-15 00:00:00-04:00,21.97995666689738,22.11821746826172,21.97995666689738,22.11821746826172,2300,0.0,0.0,0.0,XLRE
2016-03-16 00:00:00-04:00,22.121758140586127,22.12530269900537,21.951589584350586,21.951589584350586,1500,0.0,0.0,0.0,XLRE
2016-03-17 00:00:00-04:00,22.68189313754867,22.721600038126887,22.67480266788716,22.686147689819336,1100,0.0,0.0,0.0,XLRE
2016-03-18 00:00:00-04:00,22.683998706337913,22.748421657125807,22.497888111317106,22.526519775390625,136400,0.303,0.0,0.0,XLRE
2016-03-21 00:00:00-04:00,22.633894934589815,22.633894934589815,22.372623289362156,22.4119930267334,3400,0.0,0.0,0.0,XLRE
2016-03-22 00:00:00-04:00,22.347574032856084,22.483578231911864,22.343280169421554,22.37262725830078,1600,0.0,0.0,0.0,XLRE
2016-03-23 00:00:00-04:00,22.37977844357306,22.431317076181678,22.290302276611328,22.290302276611328,2600,0.0,0.0,0.0,XLRE
2016-03-24 00:00:00-04:00,22.19724587785099,22.326091766357422,22.173623494485813,22.326091766357422,2200,0.0,0.0,0.0,XLRE
2016-03-28 00:00:00-04:00,22.197252258941944,22.5265239661834,22.197252258941944,22.46925926208496,2600,0.0,0.0,0.0,XLRE
2016-03-29 00:00:00-04:00,22.705477216362688,22.956010818481445,22.555157874270414,22.956010818481445,17300,0.0,0.0,0.0,XLRE
2016-03-30 00:00:00-04:00,23.142123223523413,23.142123223523413,22.902326323008424,22.90590476989746,4200,0.0,0.0,0.0,XLRE
2016-03-31 00:00:00-04:00,22.905898321473888,23.020427703857422,22.905898321473888,23.020427703857422,11300,0.0,0.0,0.0,XLRE
2016-04-01 00:00:00-04:00,22.922359283658373,23.06838607788086,22.922359283658373,23.06838607788086,700,0.0,0.0,0.0,XLRE
2016-04-04 00:00:00-04:00,23.100601868912673,23.100601868912673,22.977482011308094,23.034748077392578,5300,0.0,0.0,0.0,XLRE
2016-04-05 00:00:00-04:00,22.834322175910913,22.834322175910913,22.817142628216853,22.828596115112305,300,0.0,0.0,0.0,XLRE
2016-04-06 00:00:00-04:00,22.855794472306375,22.891584396362305,22.79852977463804,22.891584396362305,600,0.0,0.0,0.0,XLRE
2016-04-07 00:00:00-04:00,22.929524376025224,22.929524376025224,22.705474853515625,22.705474853515625,2100,0.0,0.0,0.0,XLRE
2016-04-08 00:00:00-04:00,23.041899967455116,23.084849507693193,22.92021369934082,22.92021369934082,1900,0.0,0.0,0.0,XLRE
2016-04-11 00:00:00-04:00,22.945989928486597,23.051928886101223,22.901609541391963,22.90590476989746,3100,0.0,0.0,0.0,XLRE
2016-04-12 00:00:00-04:00,22.96960771328773,23.041902975273935,22.96960771328773,23.006113052368164,1300,0.0,0.0,0.0,XLRE
2016-04-13 00:00:00-04:00,23.00610944383478,23.02042595687075,22.869389884526317,22.91806411743164,2800,0.0,0.0,0.0,XLRE
2016-04-14 00:00:00-04:00,22.884424575348614,22.884424575348614,22.794948406022463,22.827159881591797,3600,0.0,0.0,0.0,XLRE
2016-04-15 00:00:00-04:00,22.82715928641258,22.984638214111328,22.82715928641258,22.984638214111328,700,0.0,0.0,0.0,XLRE
2016-04-18 00:00:00-04:00,22.998953913621364,23.070533752441406,22.798526815150677,23.070533752441406,1000,0.0,0.0,0.0,XLRE
2016-04-19 00:00:00-04:00,23.199381868825018,23.199381868825018,22.938110243975274,22.991796493530273,32800,0.0,0.0,0.0,XLRE
2016-04-20 00:00:00-04:00,22.913060425453185,22.92022004944099,22.734109419407197,22.762741088867188,1900,0.0,0.0,0.0,XLRE
2016-04-21 00:00:00-04:00,22.641052841012684,22.659664586187805,22.197251736029216,22.235904693603516,1300,0.0,0.0,0.0,XLRE
2016-04-22 00:00:00-04:00,22.46925315681395,22.619573817539116,22.419146725004847,22.519359588623047,2400,0.0,0.0,0.0,XLRE
2016-04-25 00:00:00-04:00,22.551576010373655,22.67755889892578,22.551576010373655,22.67755889892578,2300,0.0,0.0,0.0,XLRE
2016-04-26 00:00:00-04:00,22.888716788376104,22.888716788376104,22.741260528564453,22.741260528564453,2500,0.0,0.0,0.0,XLRE
2016-04-27 00:00:00-04:00,22.63389158415464,22.655364990234375,22.552289091276986,22.655364990234375,1200,0.0,0.0,0.0,XLRE
2016-04-28 00:00:00-04:00,23.72908207912311,23.72908207912311,22.678272247314453,22.678272247314453,1100,0.0,0.0,0.0,XLRE
2016-04-29 00:00:00-04:00,22.65536409952695,22.65536409952695,22.254511273322255,22.462095260620117,20100,0.0,0.0,0.0,XLRE
2016-05-02 00:00:00-04:00,22.326096704775665,22.76918237456951,22.326096704775665,22.69831657409668,3800,0.0,0.0,0.0,XLRE
2016-05-03 00:00:00-04:00,22.62315292709886,22.812843322753906,22.62315292709886,22.812843322753906,4700,0.0,0.0,0.0,XLRE
2016-05-04 00:00:00-04:00,22.673261455545422,23.142118453979492,22.673261455545422,23.142118453979492,1700,0.0,0.0,0.0,XLRE
2016-05-05 00:00:00-04:00,23.149278682319633,23.17075209291939,23.124225459754427,23.16359519958496,2700,0.0,0.0,0.0,XLRE
2016-05-06 00:00:00-04:00,23.08914779481617,23.384060364534804,23.074115863329997,23.2852783203125,3800,0.0,0.0,0.0,XLRE
2016-05-09 00:00:00-04:00,23.464233885764102,23.550848405686697,23.442760475150255,23.520069122314453,5200,0.0,0.0,0.0,XLRE
2016-05-10 00:00:00-04:00,23.75771450024952,23.75771450024952,23.559434978126735,23.60739517211914,7700,0.0,0.0,0.0,XLRE
2016-05-11 00:00:00-04:00,23.686135834569434,23.686135834569434,23.07769886798228,23.17791175842285,7100,0.0,0.0,0.0,XLRE
2016-05-12 00:00:00-04:00,23.24233059523564,23.338963656551204,23.034745227258817,23.25664710998535,3600,0.0,0.0,0.0,XLRE
2016-05-13 00:00:00-04:00,23.213701030552574,23.618132392861316,22.84147978329129,22.920934677124023,3700,0.0,0.0,0.0,XLRE
2016-05-16 00:00:00-04:00,22.991797286127245,23.263805624145725,22.991797286127245,23.233741760253906,7000,0.0,0.0,0.0,XLRE
2016-05-17 00:00:00-04:00,22.90589750164219,22.977477339096517,22.8486328125,22.8486328125,2400,0.0,0.0,0.0,XLRE
2016-05-18 00:00:00-04:00,22.862954517571996,22.862954517571996,22.285295486450195,22.285295486450195,5700,0.0,0.0,0.0,XLRE
2016-05-19 00:00:00-04:00,22.218724726881124,22.303190259049394,22.17935499090976,22.240198135375977,3000,0.0,0.0,0.0,XLRE
2016-05-20 00:00:00-04:00,22.369043094726546,22.404833017558893,22.350432717137178,22.391948699951172,2700,0.0,0.0,0.0,XLRE
2016-05-23 00:00:00-04:00,22.48357003115351,22.49072828799797,22.44062185538462,22.462095260620117,4200,0.0,0.0,0.0,XLRE
2016-05-24 00:00:00-04:00,22.691166255529332,22.705481410779036,22.6124267578125,22.6124267578125,3500,0.0,0.0,0.0,XLRE
2016-05-25 00:00:00-04:00,22.834318927518808,22.834318927518808,22.526520675959876,22.765602111816406,5600,0.0,0.0,0.0,XLRE
2016-05-26 00:00:00-04:00,22.67684141151164,22.755580880327372,22.67684141151164,22.748422622680664,1000,0.0,0.0,0.0,XLRE
2016-05-27 00:00:00-04:00,22.898741395003388,22.920216167434873,22.808549808327573,22.83789825439453,1500,0.0,0.0,0.0,XLRE
2016-05-31 00:00:00-04:00,22.913054393149316,22.913054393149316,22.70690260447574,22.8486328125,2500,0.0,0.0,0.0,XLRE
2016-06-01 00:00:00-04:00,22.726951160717636,22.769899347556745,22.643917817455595,22.762741088867188,2500,0.0,0.0,0.0,XLRE
2016-06-02 00:00:00-04:00,22.78564392218437,22.834318161010742,22.78564392218437,22.834318161010742,800,0.0,0.0,0.0,XLRE
2016-06-03 00:00:00-04:00,22.841475546782934,23.020427878779227,22.841475546782934,22.937393188476562,2400,0.0,0.0,0.0,XLRE
2016-06-06 00:00:00-04:00,22.970324040189492,22.970324040189492,22.83431987021879,22.948850631713867,3100,0.0,0.0,0.0,XLRE
2016-06-07 00:00:00-04:00,22.948849712653526,23.07626205659477,22.905900166826136,22.967458724975586,2500,0.0,0.0,0.0,XLRE
2016-06-08 00:00:00-04:00,22.956008728105477,23.084854646908017,22.9416922115056,23.07769775390625,2700,0.0,0.0,0.0,XLRE
2016-06-09 00:00:00-04:00,23.092012288832223,23.126371383666992,23.007546749571,23.126371383666992,6100,0.0,0.0,0.0,XLRE
2016-06-10 00:00:00-04:00,22.991800911526607,23.049066983548204,22.991800911526607,23.013277053833008,1600,0.0,0.0,0.0,XLRE
2016-06-13 00:00:00-04:00,23.156432366930062,23.183634565143787,23.006113052368164,23.006113052368164,5800,0.0,0.0,0.0,XLRE
2016-06-14 00:00:00-04:00,22.92594732882531,22.977484609652233,22.870114819496703,22.898746490478516,4900,0.0,0.0,0.0,XLRE
2016-06-15 00:00:00-04:00,23.0712545360162,23.2065419373821,23.0712545360162,23.13496208190918,8600,0.0,0.0,0.0,XLRE
2016-06-16 00:00:00-04:00,23.037602674271856,23.2781162552009,23.03617184223763,23.2537784576416,7200,0.0,0.0,0.0,XLRE
2016-06-17 00:00:00-04:00,23.109444750578326,23.23935440229847,23.02139521201842,23.217700958251953,6800,0.266,0.0,0.0,XLRE
2016-06-20 00:00:00-04:00,23.448650433627353,23.448650433627353,23.239351272583008,23.239351272583008,4900,0.0,0.0,0.0,XLRE
2016-06-21 00:00:00-04:00,23.36204141607784,23.4269962310791,23.36204141607784,23.4269962310791,3200,0.0,0.0,0.0,XLRE
2016-06-22 00:00:00-04:00,23.37647459281606,23.434213425982765,23.33100650060987,23.405344009399414,2700,0.0,0.0,0.0,XLRE
2016-06-23 00:00:00-04:00,23.478233897051048,23.50638198852539,23.478233897051048,23.50638198852539,5300,0.0,0.0,0.0,XLRE
2016-06-24 00:00:00-04:00,23.095006720201326,23.275436460202897,22.986749151514317,23.210481643676758,5700,0.0,0.0,0.0,XLRE
2016-06-27 00:00:00-04:00,23.095003186240383,23.246563483896743,23.012005683728166,23.174392700195312,3400,0.0,0.0,0.0,XLRE
2016-06-28 00:00:00-04:00,23.513606587142302,23.60021209716797,23.44865176633817,23.60021209716797,8600,0.0,0.0,0.0,XLRE
2016-06-29 00:00:00-04:00,23.98994190268427,24.062112704831858,23.943749726044604,24.047677993774414,7600,0.0,0.0,0.0,XLRE
2016-06-30 00:00:00-04:00,24.206453057045366,24.249754429913384,23.983440524846223,24.242538452148438,11900,0.0,0.0,0.0,XLRE
2016-07-01 00:00:00-04:00,24.415750174313466,24.415750174313466,24.19923231540734,24.22810173034668,4900,0.0,0.0,0.0,XLRE
2016-07-05 00:00:00-04:00,24.256967757744995,24.422962740756226,24.256967757744995,24.404918670654297,2300,0.0,0.0,0.0,XLRE
2016-07-06 00:00:00-04:00,24.5312231694876,24.5312231694876,24.23531857226323,24.37244415283203,8300,0.0,0.0,0.0,XLRE
2016-07-07 00:00:00-04:00,24.466270156727337,24.466270156727337,24.053445233860646,24.06932258605957,3400,0.0,0.0,0.0,XLRE
2016-07-08 00:00:00-04:00,24.343584710789067,24.53844919655022,24.250484533469535,24.486486434936523,17900,0.0,0.0,0.0,XLRE
2016-07-11 00:00:00-04:00,24.697222974607353,24.697222974607353,24.43740371605431,24.675569534301758,6100,0.0,0.0,0.0,XLRE
2016-07-12 00:00:00-04:00,24.726089477539062,24.726089477539062,24.51679307897956,24.726089477539062,919000,0.0,0.0,0.0,XLRE
2016-07-13 00:00:00-04:00,24.76939338692768,24.8415641784668,24.69072518682701,24.841564178466797,27800,0.0,0.0,0.0,XLRE
2016-07-14 00:00:00-04:00,24.884863482735845,24.884863482735845,24.600505553402407,24.703712463378906,8400,0.0,0.0,0.0,XLRE
2016-07-15 00:00:00-04:00,24.56731606441116,24.667634963989258,24.514629232498702,24.667634963989258,304400,0.0,0.0,0.0,XLRE
2016-07-18 00:00:00-04:00,24.697222974607353,24.697222974607353,24.588964032497163,24.675569534301758,6700,0.0,0.0,0.0,XLRE
2016-07-19 00:00:00-04:00,24.61422234157368,24.7477413269659,24.61422234157368,24.746295928955078,7200,0.0,0.0,0.0,XLRE
2016-07-20 00:00:00-04:00,24.776615206870666,24.776615206870666,24.66186159669408,24.711660385131836,9400,0.0,0.0,0.0,XLRE
2016-07-21 00:00:00-04:00,24.726099412644505,24.798272986957283,24.61784318088587,24.783838272094727,8300,0.0,0.0,0.0,XLRE
2016-07-22 00:00:00-04:00,24.899299098959645,25.05807811914583,24.874039050579007,24.97146987915039,10900,0.0,0.0,0.0,XLRE
2016-07-25 00:00:00-04:00,25.00756593592931,25.00756593592931,24.82713617521738,24.935392379760742,22800,0.0,0.0,0.0,XLRE
2016-07-26 00:00:00-04:00,25.007561449922665,25.007561449922665,24.770114209461333,24.794652938842773,8500,0.0,0.0,0.0,XLRE
2016-07-27 00:00:00-04:00,24.949825493382523,24.949825493382523,24.524011175242947,24.61061668395996,8400,0.0,0.0,0.0,XLRE
2016-07-28 00:00:00-04:00,24.653917577138426,24.84156328023873,24.527617319942152,24.762176513671875,10600,0.0,0.0,0.0,XLRE
2016-07-29 00:00:00-04:00,24.798265685045337,25.094170369746955,24.798265685045337,25.027772903442383,17500,0.0,0.0,0.0,XLRE
2016-08-01 00:00:00-04:00,25.05086749315893,25.130257028934405,24.96787134440433,25.108606338500977,30700,0.0,0.0,0.0,XLRE
2016-08-02 00:00:00-04:00,25.079732966724503,25.079732966724503,24.67773609297558,24.726089477539062,90100,0.0,0.0,0.0,XLRE
2016-08-03 00:00:00-04:00,24.740523022786125,24.740523022786125,24.474209122986124,24.538442611694336,22000,0.0,0.0,0.0,XLRE
2016-08-04 00:00:00-04:00,24.653915285640313,24.653915285640313,24.40853077169273,24.495136260986328,234100,0.0,0.0,0.0,XLRE
2016-08-05 00:00:00-04:00,24.524005675130486,24.560091066241245,24.451834892908963,24.495136260986328,21500,0.0,0.0,0.0,XLRE
2016-08-08 00:00:00-04:00,24.49514055403695,24.587522144861392,24.487924575805664,24.487924575805664,45100,0.0,0.0,0.0,XLRE
2016-08-09 00:00:00-04:00,24.610615091843897,24.653919219970703,24.41575339812153,24.653919219970703,204300,0.0,0.0,0.0,XLRE
2016-08-10 00:00:00-04:00,24.711660136939297,24.711660136939297,24.55288107358585,24.60340118408203,12300,0.0,0.0,0.0,XLRE
2016-08-11 00:00:00-04:00,24.693608797875356,24.693608797875356,24.264185231814373,24.37244415283203,19400,0.0,0.0,0.0,XLRE
2016-08-12 00:00:00-04:00,24.617830638964442,24.617830638964442,24.390487437128026,24.45183563232422,11600,0.0,0.0,0.0,XLRE
2016-08-15 00:00:00-04:00,24.603393794547053,24.603393794547053,24.41574811951126,24.422964096069336,14900,0.0,0.0,0.0,XLRE
2016-08-16 00:00:00-04:00,24.27140616730047,24.27140616730047,24.12706184387207,24.12706184387207,18600,0.0,0.0,0.0,XLRE
2016-08-17 00:00:00-04:00,24.249752414981717,24.249752414981717,24.004367894275187,24.22810173034668,18300,0.0,0.0,0.0,XLRE
2016-08-18 00:00:00-04:00,24.242542331992023,24.242542331992023,24.105416707398714,24.177587509155273,11700,0.0,0.0,0.0,XLRE
2016-08-19 00:00:00-04:00,24.134278402379014,24.134278402379014,23.9105473111587,23.98993682861328,20900,0.0,0.0,0.0,XLRE
2016-08-22 00:00:00-04:00,23.90332837237894,24.105411529541016,23.90332837237894,24.105411529541016,56300,0.0,0.0,0.0,XLRE
2016-08-23 00:00:00-04:00,24.206459290431617,24.206459290431617,24.090984344482422,24.090984344482422,60600,0.0,0.0,0.0,XLRE
2016-08-24 00:00:00-04:00,24.21366957535456,24.21366957535456,23.91776492388094,24.026023864746094,58700,0.0,0.0,0.0,XLRE
2016-08-25 00:00:00-04:00,23.910546735298958,24.27862214455935,23.910546735298958,24.12706184387207,24400,0.0,0.0,0.0,XLRE
2016-08-26 00:00:00-04:00,24.206451187354467,24.23532060246274,23.744551558177967,23.888893127441406,33700,0.0,0.0,0.0,XLRE
2016-08-29 00:00:00-04:00,23.910546735298958,24.163147236444424,23.866521289916754,24.12706184387207,22900,0.0,0.0,0.0,XLRE
2016-08-30 00:00:00-04:00,24.17037032996088,24.17037032996088,23.93220174034013,24.054895401000977,38600,0.0,0.0,0.0,XLRE
2016-08-31 00:00:00-04:00,24.12706974887782,24.14872044088708,23.953855953384085,24.090984344482422,143400,0.0,0.0,0.0,XLRE
2016-09-01 00:00:00-04:00,24.184799514977392,24.184799514977392,23.932198997187232,24.083759307861328,69500,0.0,0.0,0.0,XLRE
2016-09-02 00:00:00-04:00,24.105412849501093,24.45905357590604,24.105412849501093,24.242538452148438,48900,0.0,0.0,0.0,XLRE
2016-09-06 00:00:00-04:00,24.36523440953513,24.459058658812335,24.177588664120456,24.444623947143555,169500,0.0,0.0,0.0,XLRE
2016-09-07 00:00:00-04:00,24.522974434847825,24.56650733947754,24.35610245196021,24.56650733947754,555900,0.178,0.0,0.0,XLRE
2016-09-08 00:00:00-04:00,24.537486931511133,24.595530807966334,24.254529953002926,24.25452995300293,322500,0.0,0.0,0.0,XLRE
2016-09-09 00:00:00-04:00,24.102173814806985,24.102173814806985,23.304086957866634,23.33310890197754,906700,0.0,0.0,0.0,XLRE
2016-09-12 00:00:00-04:00,23.32584946370596,23.710380448311845,23.217018582028984,23.42742347717285,5085900,0.0,0.0,0.0,XLRE
2016-09-13 00:00:00-04:00,23.369376813106836,23.463696714790903,22.970334907390505,23.013866424560547,926700,0.0,0.0,0.0,XLRE
2016-09-14 00:00:00-04:00,23.36937530987357,23.36937530987357,22.963077946790282,23.057397842407227,532100,0.0,0.0,0.0,XLRE
2016-09-15 00:00:00-04:00,23.09368349049433,23.253300032213225,22.977598481272864,23.231534957885742,528600,0.0,0.0,0.0,XLRE
2016-09-16 00:00:00-04:00,23.25330172087611,23.25330172087611,23.013876198989365,23.1517276763916,2119500,0.0,0.0,0.0,XLRE
2016-09-19 00:00:00-04:00,23.209770840892308,23.412920319442854,23.180750277580863,23.391155242919922,4242400,0.0,0.0,0.0,XLRE
2016-09-20 00:00:00-04:00,23.558023030344007,23.558023030344007,23.347618103027344,23.347618103027344,3387100,0.0,0.0,0.0,XLRE
2016-09-21 00:00:00-04:00,23.318596087237353,23.681362056902362,23.093681573520904,23.616064071655273,2247900,0.0,0.0,0.0,XLRE
2016-09-22 00:00:00-04:00,23.77568407612071,24.123939105521842,23.77568407612071,24.080406188964844,1728200,0.0,0.0,0.0,XLRE
2016-09-23 00:00:00-04:00,23.993343482697494,24.269046422982303,23.826471451591818,24.174726486206055,19150800,0.0,0.0,0.0,XLRE
2016-09-26 00:00:00-04:00,24.051387325128903,24.261789505345508,24.036876352754486,24.225513458251953,2998900,0.0,0.0,0.0,XLRE
2016-09-27 00:00:00-04:00,24.211000157862816,24.26178717244735,23.98608702689837,24.015106201171875,3562300,0.0,0.0,0.0,XLRE
2016-09-28 00:00:00-04:00,24.02235654130882,24.196482610361855,23.986080507563102,24.181974411010742,4122700,0.0,0.0,0.0,XLRE
2016-09-29 00:00:00-04:00,24.073151816241083,24.152960778523077,23.80470575303476,23.884511947631836,2674400,0.0,0.0,0.0,XLRE
2016-09-30 00:00:00-04:00,23.949806646967357,24.14570059082783,23.746658601934815,23.775680541992188,2058000,0.0,0.0,0.0,XLRE
2016-10-03 00:00:00-04:00,23.695872823552108,23.72489476511947,23.282319843113612,23.31859588623047,2344800,0.0,0.0,0.0,XLRE
2016-10-04 00:00:00-04:00,23.325856396260342,23.325856396260342,22.834669783846962,22.963088989257812,3262600,0.0,0.0,0.0,XLRE
2016-10-05 00:00:00-04:00,22.970334420194487,23.10818583612479,22.458834606808878,22.535015106201172,4848700,0.0,0.0,0.0,XLRE
2016-10-06 00:00:00-04:00,22.433449109748253,22.730917113927717,22.223044169120488,22.578556060791016,2438800,0.0,0.0,0.0,XLRE
2016-10-07 00:00:00-04:00,22.629337306100087,22.926805234399964,22.41893241914344,22.5205078125,1711500,0.0,0.0,0.0,XLRE
2016-10-10 00:00:00-04:00,22.527763608434974,22.720030491570775,22.491487569118433,22.607572555541992,2403900,0.0,0.0,0.0,XLRE
2016-10-11 00:00:00-04:00,22.549531879935866,22.636596318692465,22.363070199781028,22.433446884155273,1770400,0.0,0.0,0.0,XLRE
2016-10-12 00:00:00-04:00,22.469719571649158,22.75267791748047,22.440699018957957,22.75267791748047,1411700,0.0,0.0,0.0,XLRE
2016-10-13 00:00:00-04:00,22.687389079007488,22.883283077956044,22.578559540872508,22.825239181518555,3299300,0.0,0.0,0.0,XLRE
2016-10-14 00:00:00-04:00,22.897783345050073,23.021123807074524,22.745422330465683,22.79620933532715,2381400,0.0,0.0,0.0,XLRE
2016-10-17 00:00:00-04:00,22.796215262010218,22.934066728075052,22.78170429003656,22.817981719970703,1148300,0.0,0.0,0.0,XLRE
2016-10-18 00:00:00-04:00,22.963087332621964,23.07917234095098,22.886181671929158,22.934066772460938,4753200,0.0,0.0,0.0,XLRE
2016-10-19 00:00:00-04:00,23.042896065940738,23.042896065940738,22.810726051588478,23.021129608154297,1515600,0.0,0.0,0.0,XLRE
2016-10-20 00:00:00-04:00,22.905046800880477,23.093685301619974,22.828866267074883,22.94132423400879,1977100,0.0,0.0,0.0,XLRE
2016-10-21 00:00:00-04:00,22.781698580530577,22.934060980384295,22.74542254353032,22.92680549621582,1295700,0.0,0.0,0.0,XLRE
2016-10-24 00:00:00-04:00,22.96308510565856,23.187999614503482,22.884002668450673,22.955829620361328,1108700,0.0,0.0,0.0,XLRE
2016-10-25 00:00:00-04:00,22.876018490878618,22.948570564879134,22.788954064699052,22.92680549621582,1402700,0.0,0.0,0.0,XLRE
2016-10-26 00:00:00-04:00,22.781702165475533,22.85425563473522,22.484234186968905,22.62934112548828,1481900,0.0,0.0,0.0,XLRE
2016-10-27 00:00:00-04:00,22.57129433486664,22.57129433486664,22.023517060767286,22.092443466186523,1409100,0.0,0.0,0.0,XLRE
2016-10-28 00:00:00-04:00,22.165003210868136,22.33550368265471,22.077940141246188,22.150493621826172,2338200,0.0,0.0,0.0,XLRE
2016-10-31 00:00:00-04:00,22.201277097201732,22.476978618760935,22.14468486552781,22.45521354675293,1071400,0.0,0.0,0.0,XLRE
2016-11-01 00:00:00-04:00,22.397168558920786,22.419658761804694,21.91468922001603,22.012636184692383,3438600,0.0,0.0,0.0,XLRE
2016-11-02 00:00:00-04:00,21.94734772867478,21.998134758202326,21.671646118164062,21.671646118164062,1699300,0.0,0.0,0.0,XLRE
2016-11-03 00:00:00-04:00,21.635356862278698,21.707910315048757,21.533782858705827,21.577314376831055,1922500,0.0,0.0,0.0,XLRE
2016-11-04 00:00:00-04:00,21.599084982533626,21.802233028756167,21.526531515807456,21.72242546081543,1757400,0.0,0.0,0.0,XLRE
2016-11-07 00:00:00-05:00,21.867531147124165,22.13597856053643,21.860275662021962,22.12146759033203,2997600,0.0,0.0,0.0,XLRE
2016-11-08 00:00:00-05:00,22.041658901281373,22.324617288277256,22.02714931474598,22.259319305419922,1513400,0.0,0.0,0.0,XLRE
2016-11-09 00:00:00-05:00,21.533786824907633,21.94298621510563,21.38867989264099,21.75870132446289,4760900,0.0,0.0,0.0,XLRE
2016-11-10 00:00:00-05:00,21.657129256792846,21.671640228097615,21.09411574798082,21.432214736938477,5345000,0.0,0.0,0.0,XLRE
2016-11-11 00:00:00-05:00,21.38142411968268,21.70065853606455,21.38142411968268,21.453977584838867,3702500,0.0,0.0,0.0,XLRE
2016-11-14 00:00:00-05:00,21.337892940236287,21.961850813321224,21.185531906394957,21.874786376953125,4315200,0.0,0.0,0.0,XLRE
2016-11-15 00:00:00-05:00,21.88929369252796,22.143230090377276,21.613592227102043,21.729677200317383,3161100,0.0,0.0,0.0,XLRE
2016-11-16 00:00:00-05:00,21.635364755764567,21.83125873456143,21.54830168774986,21.715173721313477,2059000,0.0,0.0,0.0,XLRE
2016-11-17 00:00:00-05:00,21.664384447372715,21.831256463577567,21.47574597450717,21.512022018432617,1573600,0.0,0.0,0.0,XLRE
2016-11-18 00:00:00-05:00,21.475742062714467,21.62810308005973,21.403188604236764,21.55554962158203,1276900,0.0,0.0,0.0,XLRE
2016-11-21 00:00:00-05:00,21.5845772673519,21.751449297296627,21.48300322892337,21.497512817382812,1584900,0.0,0.0,0.0,XLRE
2016-11-22 00:00:00-05:00,21.55555188719844,21.90380824772679,21.526531331062397,21.867530822753906,2567200,0.0,0.0,0.0,XLRE
2016-11-23 00:00:00-05:00,21.671642187306123,21.780471714245767,21.555555790215653,21.715173721313477,1666200,0.0,0.0,0.0,XLRE
2016-11-25 00:00:00-05:00,21.72242904384775,21.932832609832406,21.72242904384775,21.809492111206055,790000,0.0,0.0,0.0,XLRE
2016-11-28 00:00:00-05:00,21.76595890355966,22.045288875549765,21.76595890355966,21.889299392700195,1957300,0.0,0.0,0.0,XLRE
2016-11-29 00:00:00-05:00,21.84576206040679,22.164995043174837,21.84576206040679,22.041654586791992,1769200,0.0,0.0,0.0,XLRE
2016-11-30 00:00:00-05:00,21.838506588274598,21.95096312714339,21.69339968050851,21.773208618164062,2233900,0.0,0.0,0.0,XLRE
2016-12-01 00:00:00-05:00,21.63536619027171,21.703566105480736,21.33789815112025,21.439472198486328,2486800,0.0,0.0,0.0,XLRE
2016-12-02 00:00:00-05:00,21.50476103468734,21.853742466223984,21.439463065242577,21.64261245727539,2399200,0.0,0.0,0.0,XLRE
2016-12-05 00:00:00-05:00,21.64261825417848,21.842139265882057,21.5954582894274,21.81674575805664,1608800,0.0,0.0,0.0,XLRE
2016-12-06 00:00:00-05:00,21.84576616560286,22.04165872879965,21.8094887399425,21.91106414794922,1341000,0.0,0.0,0.0,XLRE
2016-12-07 00:00:00-05:00,21.932831249735525,22.404426756235566,21.932831249735525,22.36815071105957,2068400,0.0,0.0,0.0,XLRE
2016-12-08 00:00:00-05:00,22.13598074729466,22.57855569535375,22.13598074729466,22.484235763549805,1703900,0.0,0.0,0.0,XLRE
2016-12-09 00:00:00-05:00,22.44795386516611,22.68012381546634,22.44069838123897,22.46971893310547,1664600,0.0,0.0,0.0,XLRE
2016-12-12 00:00:00-05:00,22.38265844284151,22.712050254669624,22.339126918162897,22.701892852783203,2744800,0.0,0.0,0.0,XLRE
2016-12-13 00:00:00-05:00,22.78895402446023,22.839741029707756,22.598138804308427,22.759933471679688,2182100,0.0,0.0,0.0,XLRE
2016-12-14 00:00:00-05:00,22.738170174913616,22.781701702046973,22.29559526689053,22.36089324951172,3364000,0.0,0.0,0.0,XLRE
2016-12-15 00:00:00-05:00,22.295597028012452,22.43707554025293,22.13598049335388,22.17951202392578,3224700,0.0,0.0,0.0,XLRE
2016-12-16 00:00:00-05:00,22.26152580144195,22.61617448887302,22.231972566214452,22.490570068359375,3455600,0.551,0.0,0.0,XLRE
2016-12-19 00:00:00-05:00,22.55706229287904,22.763939127614663,22.497954424491322,22.690053939819336,2260000,0.0,0.0,0.0,XLRE
2016-12-20 00:00:00-05:00,22.653114769483494,22.808273823400924,22.575535947146236,22.704833984375,1764200,0.0,0.0,0.0,XLRE
2016-12-21 00:00:00-05:00,22.719605434698835,22.859987131159684,22.401900157612854,22.416677474975586,1871800,0.0,0.0,0.0,XLRE
2016-12-22 00:00:00-05:00,22.34280017882145,22.404863242546593,22.169910014266687,22.387130737304688,1399800,0.0,0.0,0.0,XLRE
2016-12-23 00:00:00-05:00,22.401903561265367,22.48317740986625,22.335407032272418,22.409292221069336,931600,0.0,0.0,0.0,XLRE
2016-12-27 00:00:00-05:00,22.4610142018332,22.549676721177782,22.372353091731554,22.468402862548828,1143600,0.0,0.0,0.0,XLRE
2016-12-28 00:00:00-05:00,22.453623360994165,22.50534257173896,22.25044014339268,22.298465728759766,2570500,0.0,0.0,0.0,XLRE
2016-12-29 00:00:00-05:00,22.320628320323152,22.585875976541466,22.26152045482127,22.505340576171875,1526200,0.0,0.0,0.0,XLRE
2016-12-30 00:00:00-05:00,22.483176836161874,22.771327514950055,22.446233538084716,22.719608306884766,1853300,0.0,0.0,0.0,XLRE
2017-01-03 00:00:00-05:00,22.800881930417194,22.8888045832683,22.63390217062116,22.793493270874023,2682300,0.0,0.0,0.0,XLRE
2017-01-04 00:00:00-05:00,22.808270700024632,23.122280981289713,22.80088204044581,23.08164405822754,1838000,0.0,0.0,0.0,XLRE
2017-01-05 00:00:00-05:00,22.96342815136097,23.214636938187528,22.781671072963615,23.199859619140625,2198800,0.0,0.0,0.0,XLRE
2017-01-06 00:00:00-05:00,23.08903254477425,23.310686693506998,23.081643885250795,23.199859619140625,1747500,0.0,0.0,0.0,XLRE
2017-01-09 00:00:00-05:00,23.229415206592485,23.251579776825974,23.02253695920907,23.052091598510742,2125400,0.0,0.0,0.0,XLRE
2017-01-10 00:00:00-05:00,23.01515155109119,23.052094855437833,22.741778145140838,22.76394271850586,1582700,0.0,0.0,0.0,XLRE
2017-01-11 00:00:00-05:00,22.72699677970572,22.803837147983376,22.6235583644253,22.638334274291992,2192400,0.0,0.0,0.0,XLRE
2017-01-12 00:00:00-05:00,22.5644491950448,22.752855070467405,22.453620717362835,22.72699546813965,1481100,0.0,0.0,0.0,XLRE
2017-01-13 00:00:00-05:00,22.660500390761666,22.778716125870396,22.63094575236312,22.675277709960938,1469600,0.0,0.0,0.0,XLRE
2017-01-17 00:00:00-05:00,22.660501482535068,22.874766984276842,22.60878227208853,22.8599910736084,1759100,0.0,0.0,0.0,XLRE
2017-01-18 00:00:00-05:00,22.889539042318525,23.007754755947296,22.823042527247033,22.911705017089844,1575700,0.0,0.0,0.0,XLRE
2017-01-19 00:00:00-05:00,22.81565833629857,22.83782431540999,22.642029765608704,22.690053939819336,1631100,0.0,0.0,0.0,XLRE
2017-01-20 00:00:00-05:00,22.67527907334967,22.852602686674643,22.645724433174106,22.83043670654297,1605100,0.0,0.0,0.0,XLRE
2017-01-23 00:00:00-05:00,22.786107191499738,23.015150026302646,22.786107191499738,22.9708194732666,3551400,0.0,0.0,0.0,XLRE
2017-01-24 00:00:00-05:00,22.919100667024345,23.059480989006246,22.882157364468924,22.978208541870117,1890200,0.0,0.0,0.0,XLRE
2017-01-25 00:00:00-05:00,23.08903458416159,23.08903458416159,22.773545981781776,22.837825775146484,1630800,0.0,0.0,0.0,XLRE
2017-01-26 00:00:00-05:00,22.837823049179114,22.978204757282573,22.800881161951043,22.82304573059082,1486000,0.0,0.0,0.0,XLRE
2017-01-27 00:00:00-05:00,22.882153989036993,22.90431996730046,22.54967277054115,22.630945205688477,1649800,0.0,0.0,0.0,XLRE
2017-01-30 00:00:00-05:00,22.542283872887225,22.653110944547922,22.438845460569596,22.505340576171875,2281100,0.0,0.0,0.0,XLRE
2017-01-31 00:00:00-05:00,22.549673633175228,22.81565833629857,22.54228497347142,22.690053939819336,1712200,0.0,0.0,0.0,XLRE
2017-02-01 00:00:00-05:00,22.66049881640472,22.808269179645524,22.424067362613528,22.438844680786133,1835900,0.0,0.0,0.0,XLRE
2017-02-02 00:00:00-05:00,22.401905946373684,22.734388626737527,22.401905946373684,22.704833984375,2040600,0.0,0.0,0.0,XLRE
2017-02-03 00:00:00-05:00,22.837826591473164,22.919100447072214,22.76394139631429,22.852603912353516,1745200,0.0,0.0,0.0,XLRE
2017-02-06 00:00:00-05:00,22.808264656064765,22.867372507789657,22.68266029499408,22.71221351623535,1362600,0.0,0.0,0.0,XLRE
2017-02-07 00:00:00-05:00,22.756547821659005,22.80826843357131,22.642027132673928,22.66788673400879,1496700,0.0,0.0,0.0,XLRE
2017-02-08 00:00:00-05:00,22.638335502668212,22.90801524945573,22.638335502668212,22.8599910736084,1378900,0.0,0.0,0.0,XLRE
2017-02-09 00:00:00-05:00,22.859989673655594,22.97081674771721,22.82304637613992,22.956039428710938,1821600,0.0,0.0,0.0,XLRE
2017-02-10 00:00:00-05:00,22.91909561473163,23.125972426466397,22.889540979202327,23.111196517944336,1524500,0.0,0.0,0.0,XLRE
2017-02-13 00:00:00-05:00,23.15552839308167,23.25896680489517,23.037312662654053,23.22202491760254,1896700,0.0,0.0,0.0,XLRE
2017-02-14 00:00:00-05:00,23.162913397880306,23.179167600245744,22.89692734176255,23.103805541992188,2444600,0.0,0.0,0.0,XLRE
2017-02-15 00:00:00-05:00,22.94126039682855,23.089030757372775,22.830433331041682,23.037311553955078,3360300,0.0,0.0,0.0,XLRE
2017-02-16 00:00:00-05:00,23.015146089038378,23.310685407458063,23.007757429922556,23.13336181640625,3238300,0.0,0.0,0.0,XLRE
2017-02-17 00:00:00-05:00,23.11119852334461,23.26635614560899,23.06317294106352,23.199859619140625,3247900,0.0,0.0,0.0,XLRE
2017-02-21 00:00:00-05:00,23.162917574285952,23.5434243770956,23.155528914812415,23.51756477355957,4280800,0.0,0.0,0.0,XLRE
2017-02-22 00:00:00-05:00,23.524954748998223,23.621004509041754,23.332853819668383,23.428903579711914,2463200,0.0,0.0,0.0,XLRE
2017-02-23 00:00:00-05:00,23.52495090141193,23.61361198706778,23.399346522364013,23.58405876159668,1938400,0.0,0.0,0.0,XLRE
2017-02-24 00:00:00-05:00,23.58406099639287,23.713360421653523,23.473233924199945,23.70227813720703,2542500,0.0,0.0,0.0,XLRE
2017-02-27 00:00:00-05:00,23.70966331900412,23.901762809117752,23.70966331900412,23.820491790771484,1902400,0.0,0.0,0.0,XLRE
2017-02-28 00:00:00-05:00,23.753994987321768,23.85521524211502,23.69710386591721,23.746604919433594,2041100,0.0,0.0,0.0,XLRE
2017-03-01 00:00:00-05:00,23.6875,23.826403409334965,23.584060181516996,23.6875,3039800,0.0,0.0,0.0,XLRE
2017-03-02 00:00:00-05:00,23.643165855068712,23.709662371775494,23.547116113849196,23.613611221313477,2142800,0.0,0.0,0.0,XLRE
2017-03-03 00:00:00-05:00,23.561898458848272,23.61361767280768,23.32546696118076,23.53973388671875,1804500,0.0,0.0,0.0,XLRE
2017-03-06 00:00:00-05:00,23.436293056774463,23.49540092868748,23.33654825868822,23.443681716918945,2279600,0.0,0.0,0.0,XLRE
2017-03-07 00:00:00-05:00,23.42890471539418,23.436293375639185,23.239760368244802,23.362409591674805,1645900,0.0,0.0,0.0,XLRE
2017-03-08 00:00:00-05:00,23.236805654279067,23.30330218858137,23.004067784221004,23.01515007019043,1665900,0.0,0.0,0.0,XLRE
2017-03-09 00:00:00-05:00,23.007758985672947,23.10011511700175,22.682666418050335,22.719608306884766,3171600,0.0,0.0,0.0,XLRE
2017-03-10 00:00:00-05:00,22.837822807693293,23.02253506036583,22.564449462913817,22.69744110107422,1691100,0.0,0.0,0.0,XLRE
2017-03-13 00:00:00-04:00,22.69744083162642,22.835605797916227,22.656805320284683,22.72699546813965,1929300,0.0,0.0,0.0,XLRE
2017-03-14 00:00:00-04:00,22.69744110107422,22.771326283991765,22.608780008967287,22.69744110107422,2139600,0.0,0.0,0.0,XLRE
2017-03-15 00:00:00-04:00,22.749161407081978,23.236801634785113,22.749161407081978,23.13336181640625,3130200,0.0,0.0,0.0,XLRE
2017-03-16 00:00:00-04:00,23.125974606457763,23.229414431318585,23.022536190839663,23.08164405822754,1667700,0.0,0.0,0.0,XLRE
2017-03-17 00:00:00-04:00,23.109901448647157,23.234076137187973,23.057852347849405,23.124773025512695,2376300,0.198,0.0,0.0,XLRE
2017-03-20 00:00:00-04:00,23.124769709208373,23.232586498674156,23.08759077237633,23.147075653076172,1573300,0.0,0.0,0.0,XLRE
2017-03-21 00:00:00-04:00,23.19912947110539,23.30322767260889,23.098748454699173,23.109901428222656,3225200,0.0,0.0,0.0,XLRE
2017-03-22 00:00:00-04:00,23.154517183201484,23.182029461457617,22.946320758231092,23.16195297241211,3095500,0.0,0.0,0.0,XLRE
2017-03-23 00:00:00-04:00,23.1247732602232,23.47052962558232,23.1247732602232,23.332969665527344,2233400,0.0,0.0,0.0,XLRE
2017-03-24 00:00:00-04:00,23.377583900188156,23.44450457710971,23.249690609732685,23.3106632232666,3880200,0.0,0.0,0.0,XLRE
2017-03-27 00:00:00-04:00,23.258614380839273,23.344123820468667,23.076441109815512,23.124773025512695,3656300,0.0,0.0,0.0,XLRE
2017-03-28 00:00:00-04:00,23.10989497385327,23.288349591546467,23.005796801423376,23.258607864379883,2237100,0.0,0.0,0.0,XLRE
2017-03-29 00:00:00-04:00,23.199126893443744,23.34783839074942,23.169383743043724,23.340402603149414,1632300,0.0,0.0,0.0,XLRE
2017-03-30 00:00:00-04:00,23.2883597442241,23.4147653308095,23.14336539277681,23.392457962036133,1888600,0.0,0.0,0.0,XLRE
2017-03-31 00:00:00-04:00,23.362710172153427,23.570907972096734,23.33296702149089,23.496551513671875,2066900,0.0,0.0,0.0,XLRE
2017-04-03 00:00:00-04:00,23.541160558844535,23.57090370412149,23.43334378456241,23.526288986206055,1877400,0.0,0.0,0.0,XLRE
2017-04-04 00:00:00-04:00,23.526292234654615,23.645261995727015,23.441525960788457,23.45937156677246,1737500,0.0,0.0,0.0,XLRE
2017-04-05 00:00:00-04:00,23.481679938340605,23.62295706752469,23.459372575343703,23.496551513671875,2115200,0.0,0.0,0.0,XLRE
2017-04-06 00:00:00-04:00,23.481677267302683,23.645260322644635,23.385014875107743,23.630390167236328,1374700,0.0,0.0,0.0,XLRE
2017-04-07 00:00:00-04:00,23.630393535877257,23.74936330549143,23.593214596478127,23.66013526916504,1401000,0.0,0.0,0.0,XLRE
2017-04-10 00:00:00-04:00,23.719619415811763,23.85346217525189,23.637828588142074,23.823719024658203,1474200,0.0,0.0,0.0,XLRE
2017-04-11 00:00:00-04:00,23.8385921522811,23.97912471876252,23.81256760293269,23.935253143310547,1626600,0.0,0.0,0.0,XLRE
2017-04-12 00:00:00-04:00,23.898073196411133,24.002171383243983,23.853461308604402,23.898073196411133,1814200,0.0,0.0,0.0,XLRE
2017-04-13 00:00:00-04:00,23.898070740288762,23.954581583970533,23.831150078993577,23.84602165222168,2052000,0.0,0.0,0.0,XLRE
2017-04-17 00:00:00-04:00,23.86833222011071,24.128580547351305,23.86833222011071,24.121143341064453,2002800,0.0,0.0,0.0,XLRE
2017-04-18 00:00:00-04:00,24.06165805942182,24.21037097285524,24.009608965189557,24.180627822875977,4023300,0.0,0.0,0.0,XLRE
2017-04-19 00:00:00-04:00,24.202935136074654,24.233421441058304,24.095118338648756,24.12858009338379,1692800,0.0,0.0,0.0,XLRE
2017-04-20 00:00:00-04:00,24.106271764953867,24.15088649328563,24.002173568642874,24.121143341064453,2695000,0.0,0.0,0.0,XLRE
2017-04-21 00:00:00-04:00,24.091399600399594,24.195497781911673,23.97986421365796,24.039350509643555,2376700,0.0,0.0,0.0,XLRE
2017-04-24 00:00:00-04:00,24.136015968299873,24.165759121816365,23.622959334224998,23.80141258239746,1928000,0.0,0.0,0.0,XLRE
2017-04-25 00:00:00-04:00,23.846023106590717,23.890637828996084,23.76051368266082,23.85346031188965,1458500,0.0,0.0,0.0,XLRE
2017-04-26 00:00:00-04:00,23.808845299551606,23.860894390159338,23.63039066679739,23.65269660949707,1489400,0.0,0.0,0.0,XLRE
2017-04-27 00:00:00-04:00,23.660132419802768,23.808845323026922,23.622954903112404,23.66756820678711,1436500,0.0,0.0,0.0,XLRE
2017-04-28 00:00:00-04:00,23.637829164607815,23.66013510986559,23.414759784409487,23.533729553222656,1816500,0.0,0.0,0.0,XLRE
2017-05-01 00:00:00-04:00,23.570913429128286,23.724829872923355,23.48168537471448,23.68244743347168,2636700,0.0,0.0,0.0,XLRE
2017-05-02 00:00:00-04:00,23.66013912207958,23.77241769364788,23.58578264940433,23.689882278442383,1845600,0.0,0.0,0.0,XLRE
2017-05-03 00:00:00-04:00,23.65270011406097,23.741928152774463,23.340404105911098,23.39988899230957,2193400,0.0,0.0,0.0,XLRE
2017-05-04 00:00:00-04:00,23.280916407254285,23.446731766740587,23.15451086164796,23.42219352722168,1428400,0.0,0.0,0.0,XLRE
2017-05-05 00:00:00-04:00,23.444504451536133,23.615523327983375,23.444504451536133,23.60808753967285,1717400,0.0,0.0,0.0,XLRE
2017-05-08 00:00:00-04:00,23.578344234681957,23.670546307261127,23.36271204799097,23.48168182373047,1279800,0.0,0.0,0.0,XLRE
2017-05-09 00:00:00-04:00,23.451944278765122,23.489121808488893,23.31066711299747,23.392457962036133,1770200,0.0,0.0,0.0,XLRE
2017-05-10 00:00:00-04:00,23.392448605211325,23.60064637578951,23.34783530374146,23.51885414123535,1520300,0.0,0.0,0.0,XLRE
2017-05-11 00:00:00-04:00,23.414755809150353,23.429627382285048,23.221429613093186,23.407320022583008,1999100,0.0,0.0,0.0,XLRE
2017-05-12 00:00:00-04:00,23.39988890031894,23.42963205251703,23.288354916039214,23.318098068237305,1506800,0.0,0.0,0.0,XLRE
2017-05-15 00:00:00-04:00,23.318095343156962,23.54116328564747,23.313633587202364,23.42219352722168,2380100,0.0,0.0,0.0,XLRE
2017-05-16 00:00:00-04:00,23.407324667082804,23.414760455125563,23.247458769742337,23.303226470947266,1369100,0.0,0.0,0.0,XLRE
2017-05-17 00:00:00-04:00,23.236303147838743,23.563470693265103,23.236303147838743,23.451936721801758,2978800,0.0,0.0,0.0,XLRE
2017-05-18 00:00:00-04:00,23.38501753515033,23.544883424382757,23.266047768963148,23.496551513671875,2455800,0.0,0.0,0.0,XLRE
2017-05-19 00:00:00-04:00,23.47424148048287,23.7419241330709,23.377579088287927,23.630390167236328,1397300,0.0,0.0,0.0,XLRE
2017-05-22 00:00:00-04:00,23.630397383948534,23.771673121976583,23.58578264940433,23.689882278442383,1371300,0.0,0.0,0.0,XLRE
2017-05-23 00:00:00-04:00,23.71218396322307,23.816282155308965,23.6824422304406,23.719619750976562,1995000,0.0,0.0,0.0,XLRE
2017-05-24 00:00:00-04:00,23.697311619933608,23.890637828996084,23.697311619933608,23.85346031188965,1051700,0.0,0.0,0.0,XLRE
2017-05-25 00:00:00-04:00,23.898069456296724,24.05273040580433,23.81627722616795,23.942684173583984,1042900,0.0,0.0,0.0,XLRE
2017-05-26 00:00:00-04:00,23.950125035577457,23.993253458254685,23.734492849812455,23.793977737426758,1352100,0.0,0.0,0.0,XLRE
2017-05-30 00:00:00-04:00,23.786543301641,23.83859382221562,23.71962262199101,23.72705841064453,898800,0.0,0.0,0.0,XLRE
2017-05-31 00:00:00-04:00,23.756802962026935,23.83859522379289,23.65270333298888,23.689882278442383,1616300,0.0,0.0,0.0,XLRE
2017-06-01 00:00:00-04:00,23.697313383372933,23.801410155371055,23.58949659021715,23.764232635498047,1563000,0.0,0.0,0.0,XLRE
2017-06-02 00:00:00-04:00,23.898075210161615,24.022249891556104,23.84602611235932,23.97243309020996,1224900,0.0,0.0,0.0,XLRE
2017-06-05 00:00:00-04:00,23.935246919369952,23.972427268596565,23.793971236281,23.912940979003906,1287600,0.0,0.0,0.0,XLRE
2017-06-06 00:00:00-04:00,23.92038236000018,23.92038236000018,23.77910663549171,23.80141258239746,1316500,0.0,0.0,0.0,XLRE
2017-06-07 00:00:00-04:00,23.831154472766443,23.950124244063286,23.756799429379576,23.927818298339844,1078800,0.0,0.0,0.0,XLRE
2017-06-08 00:00:00-04:00,23.920376633565425,23.96499135315959,23.622953678992012,23.8162784576416,2293800,0.0,0.0,0.0,XLRE
2017-06-09 00:00:00-04:00,23.77910537510302,23.98730176575672,23.712184701469603,23.927818298339844,1787600,0.0,0.0,0.0,XLRE
2017-06-12 00:00:00-04:00,23.860899227256876,24.091404415578342,23.80141291938168,24.083967208862305,3136000,0.0,0.0,0.0,XLRE
2017-06-13 00:00:00-04:00,24.128578208656055,24.158321357994335,23.99473687309664,24.143449783325195,1567300,0.0,0.0,0.0,XLRE
2017-06-14 00:00:00-04:00,24.34420899971456,24.381386513899866,24.13972841700159,24.217802047729492,2232900,0.0,0.0,0.0,XLRE
2017-06-15 00:00:00-04:00,24.1137068766932,24.405927790780474,24.054220577417908,24.336774826049805,1347300,0.0,0.0,0.0,XLRE
2017-06-16 00:00:00-04:00,24.375767519445468,24.39076372165711,24.225811217795307,24.32328224182129,1754100,0.272,0.0,0.0,XLRE
2017-06-19 00:00:00-04:00,24.345775439865196,24.36826831072367,24.233305365107192,24.338275909423828,6082200,0.0,0.0,0.0,XLRE
2017-06-20 00:00:00-04:00,24.360774479941277,24.420756429299484,24.131335157464182,24.293292999267578,2348900,0.0,0.0,0.0,XLRE
2017-06-21 00:00:00-04:00,24.30078661405553,24.323279484706795,24.11333839800751,24.24080467224121,1659900,0.0,0.0,0.0,XLRE
2017-06-22 00:00:00-04:00,24.210812597934144,24.330779343414473,24.145579267839256,24.25579833984375,5944300,0.0,0.0,0.0,XLRE
2017-06-23 00:00:00-04:00,24.25580157489692,24.45824602118912,24.252804050494,24.360774993896484,8197700,0.0,0.0,0.0,XLRE
2017-06-26 00:00:00-04:00,24.398257949457207,24.575209092764513,24.398257949457207,24.473236083984375,2483200,0.0,0.0,0.0,XLRE
2017-06-27 00:00:00-04:00,24.405753428545626,24.619444247782067,24.375761032104492,24.375761032104492,2173300,0.0,0.0,0.0,XLRE
2017-06-28 00:00:00-04:00,24.43574839630126,24.495730335262923,24.353270727525402,24.4057559967041,2715000,0.0,0.0,0.0,XLRE
2017-06-29 00:00:00-04:00,24.24830527478763,24.308287226329362,24.11334230852716,24.1583309173584,3041700,0.0,0.0,0.0,XLRE
2017-06-30 00:00:00-04:00,24.18082060000448,24.330779749415424,24.07585005348668,24.14333152770996,1256800,0.0,0.0,0.0,XLRE
2017-07-03 00:00:00-04:00,24.248298422561714,24.413253748095638,24.15832409055796,24.36826515197754,1035700,0.0,0.0,0.0,XLRE
2017-07-05 00:00:00-04:00,24.30828156666004,24.42825116227763,24.00836615831382,24.075847625732422,2908600,0.0,0.0,0.0,XLRE
2017-07-06 00:00:00-04:00,23.993370436193626,24.000867105952572,23.61097592325283,23.640968322753906,1840000,0.0,0.0,0.0,XLRE
2017-07-07 00:00:00-04:00,23.633472689859918,23.83591711727539,23.633472689859918,23.77593231201172,1325000,0.0,0.0,0.0,XLRE
2017-07-10 00:00:00-04:00,23.79093208291225,23.843417365276366,23.580990953455782,23.58848762512207,1098200,0.0,0.0,0.0,XLRE
2017-07-11 00:00:00-04:00,23.565985348584405,23.64096490638544,23.40103003539891,23.550989151000977,1279300,0.0,0.0,0.0,XLRE
2017-07-12 00:00:00-04:00,23.67845786399871,23.940885644398836,23.67845786399871,23.858407974243164,1910800,0.0,0.0,0.0,XLRE
2017-07-13 00:00:00-04:00,23.86590943850204,23.944637354684975,23.82092226212844,23.903398513793945,1181500,0.0,0.0,0.0,XLRE
2017-07-14 00:00:00-04:00,23.985874277816826,24.173323929638727,23.985874277816826,24.14333152770996,1167400,0.0,0.0,0.0,XLRE
2017-07-17 00:00:00-04:00,24.12083503757522,24.24080464151737,24.08334596645969,24.195816040039062,2285100,0.0,0.0,0.0,XLRE
2017-07-18 00:00:00-04:00,24.195813473243266,24.263294938185613,24.128332008300923,24.165821075439453,2302900,0.0,0.0,0.0,XLRE
2017-07-19 00:00:00-04:00,24.15832549254443,24.345773696899414,24.090844024567335,24.345773696899414,4613900,0.0,0.0,0.0,XLRE
2017-07-20 00:00:00-04:00,24.398260352819484,24.428252753677764,24.26329740919,24.27829360961914,1048300,0.0,0.0,0.0,XLRE
2017-07-21 00:00:00-04:00,24.26330029320785,24.345777975255306,24.20331548436129,24.32328224182129,1201000,0.0,0.0,0.0,XLRE
2017-07-24 00:00:00-04:00,24.32327905241811,24.345774782902357,24.18831611044356,24.30828285217285,1091500,0.0,0.0,0.0,XLRE
2017-07-25 00:00:00-04:00,24.31578238241185,24.31578238241185,24.143330369940536,24.30828285217285,2142800,0.0,0.0,0.0,XLRE
2017-07-26 00:00:00-04:00,24.31578204866384,24.570711728868627,24.248300578602787,24.510726928710938,1903800,0.0,0.0,0.0,XLRE
2017-07-27 00:00:00-04:00,24.413253526318947,24.560212267977636,24.23330200371372,24.488231658935547,2164700,0.0,0.0,0.0,XLRE
2017-07-28 00:00:00-04:00,24.435747016720793,24.570709947055686,24.383261750505277,24.473236083984375,2060200,0.0,0.0,0.0,XLRE
2017-07-31 00:00:00-04:00,24.458240015037653,24.484482648284903,24.263295148091316,24.435747146606445,1526500,0.0,0.0,0.0,XLRE
2017-08-01 00:00:00-04:00,24.480738044430677,24.623197658271046,24.330778900253417,24.540719985961914,2364500,0.0,0.0,0.0,XLRE
2017-08-02 00:00:00-04:00,24.480734457281113,24.480734457281113,24.330775335077288,24.42074966430664,1712500,0.0,0.0,0.0,XLRE
2017-08-03 00:00:00-04:00,24.405760741805945,24.488238426617567,24.285793980325366,24.360774993896484,1101300,0.0,0.0,0.0,XLRE
2017-08-04 00:00:00-04:00,24.33827328301702,24.48823241310094,24.33827328301702,24.435747146606445,939600,0.0,0.0,0.0,XLRE
2017-08-07 00:00:00-04:00,24.413252995301008,24.473234928043127,24.31577913683367,24.42074966430664,781900,0.0,0.0,0.0,XLRE
2017-08-08 00:00:00-04:00,24.375764323160126,24.41325625388963,24.233304711179322,24.30828285217285,1070700,0.0,0.0,0.0,XLRE
2017-08-09 00:00:00-04:00,24.308283508123985,24.36826831072367,24.21830916445727,24.338275909423828,1134400,0.0,0.0,0.0,XLRE
2017-08-10 00:00:00-04:00,24.270795410216447,24.308284483228682,24.109589822054193,24.12083625793457,1412000,0.0,0.0,0.0,XLRE
2017-08-11 00:00:00-04:00,24.05335419350792,24.143328527881955,23.86140541922321,23.963376998901367,1548100,0.0,0.0,0.0,XLRE
2017-08-14 00:00:00-04:00,24.05335998883793,24.39451430482858,24.045860457364213,24.360774993896484,1196900,0.0,0.0,0.0,XLRE
2017-08-15 00:00:00-04:00,24.278293476246553,24.323279217054072,24.16207363861737,24.31578254699707,2138100,0.0,0.0,0.0,XLRE
2017-08-16 00:00:00-04:00,24.33827895771826,24.476991685928763,24.33827895771826,24.390764236450195,1043500,0.0,0.0,0.0,XLRE
2017-08-17 00:00:00-04:00,24.35327043143083,24.439497864166114,24.218307495117188,24.218307495117188,1376000,0.0,0.0,0.0,XLRE
2017-08-18 00:00:00-04:00,24.165820176582304,24.165820176582304,23.970873888457326,24.03835678100586,1276900,0.0,0.0,0.0,XLRE
2017-08-21 00:00:00-04:00,24.068348880945663,24.338274759424447,24.008366941412977,24.285789489746094,1094500,0.0,0.0,0.0,XLRE
2017-08-22 00:00:00-04:00,24.33077871610494,24.38326398713483,24.173322903015276,24.270793914794922,1150200,0.0,0.0,0.0,XLRE
2017-08-23 00:00:00-04:00,24.248300741477863,24.555715693769177,24.225807871383996,24.518226623535156,974000,0.0,0.0,0.0,XLRE
2017-08-24 00:00:00-04:00,24.555713748103756,24.69067667843865,24.465739414624654,24.473236083984375,1595100,0.0,0.0,0.0,XLRE
2017-08-25 00:00:00-04:00,24.563217813402392,24.675687909290172,24.48074298468249,24.593210220336914,1063600,0.0,0.0,0.0,XLRE
2017-08-28 00:00:00-04:00,24.623197927207173,24.638194127811964,24.398260638600892,24.465742111206055,895100,0.0,0.0,0.0,XLRE
2017-08-29 00:00:00-04:00,24.443248912407793,24.5557189984788,24.435752241445176,24.450748443603516,2577300,0.0,0.0,0.0,XLRE
2017-08-30 00:00:00-04:00,24.428253262182597,24.57071287887574,24.330779387480533,24.563213348388672,963600,0.0,0.0,0.0,XLRE
2017-08-31 00:00:00-04:00,24.6456945928759,24.77316088752715,24.593209312793984,24.683183670043945,1816200,0.0,0.0,0.0,XLRE
2017-09-01 00:00:00-04:00,24.71317607587168,24.780657558867464,24.653194124449456,24.683183670043945,1656200,0.0,0.0,0.0,XLRE
2017-09-05 00:00:00-04:00,24.69817747379494,24.765658950235622,24.510729245930044,24.660688400268555,2346200,0.0,0.0,0.0,XLRE
2017-09-06 00:00:00-04:00,24.73566736095517,24.81814217179616,24.664436124985542,24.69817543029785,2529300,0.0,0.0,0.0,XLRE
2017-09-07 00:00:00-04:00,24.735671440154157,24.934366120380975,24.698179503313984,24.88562774658203,1652700,0.0,0.0,0.0,XLRE
2017-09-08 00:00:00-04:00,24.855638364553258,24.979352032144813,24.803153084912424,24.89312744140625,1102000,0.0,0.0,0.0,XLRE
2017-09-11 00:00:00-04:00,24.915610931803954,25.088062908565785,24.915610931803954,25.07306671142578,1267500,0.0,0.0,0.0,XLRE
2017-09-12 00:00:00-04:00,25.050578417033808,25.073071286732215,24.701924635545154,24.80314826965332,1335600,0.0,0.0,0.0,XLRE
2017-09-13 00:00:00-04:00,24.788152631596134,24.788152631596134,24.6082010892323,24.69817543029785,1286700,0.0,0.0,0.0,XLRE
2017-09-14 00:00:00-04:00,24.660687266650168,24.87812788743391,24.563213391775932,24.870628356933594,1492500,0.0,0.0,0.0,XLRE
2017-09-15 00:00:00-04:00,24.82229709378885,24.958227157592773,24.76188533250305,24.958227157592773,3210600,0.236,0.0,0.0,XLRE
2017-09-18 00:00:00-04:00,24.920473431086787,24.999765500861837,24.75433601971288,24.81475067138672,1012300,0.0,0.0,0.0,XLRE
2017-09-19 00:00:00-04:00,24.81475024115819,24.837404294778537,24.497579086827827,24.56554412841797,1991000,0.0,0.0,0.0,XLRE
2017-09-20 00:00:00-04:00,24.60330713086648,24.656168514968233,24.384308322028144,24.497581481933594,1283800,0.0,0.0,0.0,XLRE
2017-09-21 00:00:00-04:00,24.482471936745913,24.61840200056353,24.452267496464312,24.45981788635254,2548100,0.0,0.0,0.0,XLRE
2017-09-22 00:00:00-04:00,24.43716831614684,24.512683751788494,24.2227009068203,24.248376846313477,1542300,0.0,0.0,0.0,XLRE
2017-09-25 00:00:00-04:00,24.255924374670972,24.406958108857065,24.240820713179474,24.338993072509766,1180600,0.0,0.0,0.0,XLRE
2017-09-26 00:00:00-04:00,24.36919801524547,24.4296097745819,24.316336645552873,24.361644744873047,1360500,0.0,0.0,0.0,XLRE
2017-09-27 00:00:00-04:00,24.27858275685299,24.33144413486494,24.074686195272783,24.15775489807129,1612400,0.0,0.0,0.0,XLRE
2017-09-28 00:00:00-04:00,24.13509527513348,24.346543631732974,24.11999305568861,24.331439971923828,1318900,0.0,0.0,0.0,XLRE
2017-09-29 00:00:00-04:00,24.29368382108845,24.36920213393323,24.21816838897275,24.346548080444336,2488500,0.0,0.0,0.0,XLRE
2017-10-02 00:00:00-04:00,24.376752552160063,24.42281829093762,24.24837574127375,24.25592613220215,1814800,0.0,0.0,0.0,XLRE
2017-10-03 00:00:00-04:00,24.255927237585958,24.313320005736134,24.1962702162728,24.248376846313477,2533700,0.0,0.0,0.0,XLRE
2017-10-04 00:00:00-04:00,24.255922790626116,24.472657294109823,24.20306141922245,24.45981788635254,1743100,0.0,0.0,0.0,XLRE
2017-10-05 00:00:00-04:00,24.49003027193158,24.625960363859708,24.49003027193158,24.535341262817383,1766800,0.0,0.0,0.0,XLRE
2017-10-06 00:00:00-04:00,24.422063813370773,24.493805491274696,24.233272350027068,24.467374801635742,1274600,0.0,0.0,0.0,XLRE
2017-10-09 00:00:00-04:00,24.497576222596454,24.57309452704992,24.429611188952716,24.520233154296875,1148000,0.0,0.0,0.0,XLRE
2017-10-10 00:00:00-04:00,24.573094688822156,24.71657514713518,24.514192427470814,24.55799102783203,987300,0.0,0.0,0.0,XLRE
2017-10-11 00:00:00-04:00,24.588201191773532,24.73168166667036,24.55799386630185,24.693923950195312,1176400,0.0,0.0,0.0,XLRE
2017-10-12 00:00:00-04:00,24.716575293978075,24.88271268512771,24.67881758164283,24.86760902404785,2136200,0.0,0.0,0.0,XLRE
2017-10-13 00:00:00-04:00,24.97333319972504,25.00882666125702,24.844956394294382,24.935575485229492,1857900,0.0,0.0,0.0,XLRE
2017-10-16 00:00:00-04:00,24.91292303999213,24.98088808276062,24.795870372556355,24.81475067138672,1423900,0.0,0.0,0.0,XLRE
2017-10-17 00:00:00-04:00,24.776992954455142,24.837404725399832,24.731681965699764,24.81475067138672,1767600,0.0,0.0,0.0,XLRE
2017-10-18 00:00:00-04:00,24.792092813834653,24.852504575511126,24.72412778149318,24.76943588256836,1294100,0.0,0.0,0.0,XLRE
2017-10-19 00:00:00-04:00,24.761884859216902,24.814746229604875,24.65993587294822,24.754331588745117,1472800,0.0,0.0,0.0,XLRE
2017-10-20 00:00:00-04:00,24.76189042809098,24.792097755314394,24.62973697240014,24.71657943725586,1253000,0.0,0.0,0.0,XLRE
2017-10-23 00:00:00-04:00,24.76943603717989,24.76943603717989,24.595748260273893,24.62595558166504,1095700,0.0,0.0,0.0,XLRE
2017-10-24 00:00:00-04:00,24.588201222946548,24.648612993237393,24.384306096847855,24.467374801635742,1940700,0.0,0.0,0.0,XLRE
2017-10-25 00:00:00-04:00,24.399405329352142,24.471144113501193,24.26347526996745,24.40695571899414,1912300,0.0,0.0,0.0,XLRE
2017-10-26 00:00:00-04:00,24.497575758943224,24.497575758943224,24.18795791836589,24.271026611328125,1646400,0.0,0.0,0.0,XLRE
2017-10-27 00:00:00-04:00,24.225720572905868,24.399408363556795,24.063358368126337,24.308786392211914,2042500,0.0,0.0,0.0,XLRE
2017-10-30 00:00:00-04:00,24.22571835034451,24.595747950170157,24.22571835034451,24.45981788635254,1738800,0.0,0.0,0.0,XLRE
2017-10-31 00:00:00-04:00,24.44471628018789,24.542888641357422,24.293682543172213,24.542888641357422,2091600,0.0,0.0,0.0,XLRE
2017-11-01 00:00:00-04:00,24.58064491713089,24.61840262899324,24.47869880702966,24.520233154296875,2057700,0.0,0.0,0.0,XLRE
2017-11-02 00:00:00-04:00,24.58064238904004,24.87742367759747,24.55043507036544,24.73167610168457,2972100,0.0,0.0,0.0,XLRE
2017-11-03 00:00:00-04:00,24.59574604837734,24.76943380966359,24.542884681061025,24.73167610168457,2023300,0.0,0.0,0.0,XLRE
2017-11-06 00:00:00-05:00,24.875160034944408,25.21120858035261,24.85250598312372,25.109262466430664,2303700,0.0,0.0,0.0,XLRE
2017-11-07 00:00:00-05:00,25.14701999878001,25.381122428581943,25.14701999878001,25.343364715576172,2246700,0.0,0.0,0.0,XLRE
2017-11-08 00:00:00-05:00,25.350914936364457,25.58501736460095,25.267846239869932,25.532155990600586,2190800,0.0,0.0,0.0,XLRE
2017-11-09 00:00:00-05:00,25.44908729410606,25.652982399848398,25.169676762857158,25.532155990600586,1663300,0.0,0.0,0.0,XLRE
2017-11-10 00:00:00-05:00,25.44153402311811,25.607671416107156,25.384141262670735,25.532155990600586,1760800,0.0,0.0,0.0,XLRE
2017-11-13 00:00:00-05:00,25.600123254103213,25.693761352819315,25.532158212940036,25.60767364501953,1510300,0.0,0.0,0.0,XLRE
2017-11-14 00:00:00-05:00,25.592566640540728,25.637877622309095,25.49439428707362,25.58501625061035,2062000,0.0,0.0,0.0,XLRE
2017-11-15 00:00:00-05:00,25.569916593160862,25.592570647227337,25.373571855487576,25.396228790283203,1761200,0.0,0.0,0.0,XLRE
2017-11-16 00:00:00-05:00,25.381119270098182,25.562357422263734,25.381119270098182,25.49439239501953,2092100,0.0,0.0,0.0,XLRE
2017-11-17 00:00:00-05:00,25.38867281889156,25.524602890295412,25.33581144453771,25.343364715576172,1758600,0.0,0.0,0.0,XLRE
2017-11-20 00:00:00-05:00,25.36602005625175,25.396227380482944,25.252744030749273,25.28295135498047,1567000,0.0,0.0,0.0,XLRE
2017-11-21 00:00:00-05:00,25.358466794404443,25.445309240825342,25.31088867972629,25.41887855529785,1228600,0.0,0.0,0.0,XLRE
2017-11-22 00:00:00-05:00,25.403770913753736,25.426424960447463,25.29049779955688,25.335805892944336,881100,0.0,0.0,0.0,XLRE
2017-11-24 00:00:00-05:00,25.366017985732917,25.46419034110641,25.366017985732917,25.426429748535156,407300,0.0,0.0,0.0,XLRE
2017-11-27 00:00:00-05:00,25.449086355586015,25.471740406256778,25.350914001464844,25.350914001464844,652400,0.0,0.0,0.0,XLRE
2017-11-28 00:00:00-05:00,25.373568361934332,25.396225293610446,25.162122871148988,25.290502548217773,1720900,0.0,0.0,0.0,XLRE
2017-11-29 00:00:00-05:00,25.28295629704088,25.303346100846078,25.079061139718423,25.23009490966797,2106900,0.0,0.0,0.0,XLRE
2017-11-30 00:00:00-05:00,25.290507009695016,25.335815119582495,25.169680582112964,25.260299682617188,2192500,0.0,0.0,0.0,XLRE
2017-12-01 00:00:00-05:00,25.305606842041016,25.403779210992035,25.09416132189651,25.305606842041016,3029400,0.0,0.0,0.0,XLRE
2017-12-04 00:00:00-05:00,25.343358134486973,25.433977198314896,24.97332572937012,24.973325729370117,1627500,0.0,0.0,0.0,XLRE
2017-12-05 00:00:00-05:00,25.003541817436496,25.026195871160283,24.867611733635567,24.87516212463379,1918200,0.0,0.0,0.0,XLRE
2017-12-06 00:00:00-05:00,24.89026116057905,24.965779460168967,24.799642081799725,24.912918090820312,1815200,0.0,0.0,0.0,XLRE
2017-12-07 00:00:00-05:00,24.943124290886274,25.041296646919744,24.84495481558158,25.011089324951172,1290400,0.0,0.0,0.0,XLRE
2017-12-08 00:00:00-05:00,25.056402837734908,25.116814607042773,25.00354145931712,25.07150650024414,1444000,0.0,0.0,0.0,XLRE
2017-12-11 00:00:00-05:00,25.063947206847338,25.131912231445312,24.97710476919504,25.131912231445312,1670700,0.0,0.0,0.0,XLRE
2017-12-12 00:00:00-05:00,25.214984252337526,25.319952246831143,25.048846863390942,25.24519157409668,1017900,0.0,0.0,0.0,XLRE
2017-12-13 00:00:00-05:00,25.28294945645508,25.42642991468564,25.222537693258076,25.237638473510742,1735300,0.0,0.0,0.0,XLRE
2017-12-14 00:00:00-05:00,25.260299682617188,25.35091878312141,25.222541964134535,25.260299682617188,981400,0.0,0.0,0.0,XLRE
2017-12-15 00:00:00-05:00,25.348100239087252,25.401544794519026,25.24044513813768,25.340463638305664,1770300,0.365,0.0,0.0,XLRE
2017-12-18 00:00:00-05:00,25.38627565255095,25.542793938037626,25.38627565255095,25.424449920654297,1096400,0.0,0.0,0.0,XLRE
2017-12-19 00:00:00-05:00,25.424443291353224,25.432079890488666,24.89763153886675,24.943439483642578,1713000,0.0,0.0,0.0,XLRE
2017-12-20 00:00:00-05:00,24.943442694136394,24.98772740229795,24.668586252576773,24.676219940185547,1431000,0.0,0.0,0.0,XLRE
2017-12-21 00:00:00-05:00,24.73729992817017,24.752567302669988,24.546425709318576,24.592233657836914,1218500,0.0,0.0,0.0,XLRE
2017-12-22 00:00:00-05:00,24.630407907751433,24.783107865264206,24.584599959254213,24.752567291259766,1012800,0.0,0.0,0.0,XLRE
2017-12-26 00:00:00-05:00,24.767842369352763,24.92817895763687,24.72203441199445,24.882368087768555,811600,0.0,0.0,0.0,XLRE
2017-12-27 00:00:00-05:00,24.94344361159738,25.027428740930922,24.90526934713023,24.98162078857422,4420200,0.0,0.0,0.0,XLRE
2017-12-28 00:00:00-05:00,25.004528591046018,25.13432169259773,24.93581373948625,25.12668800354004,1133100,0.0,0.0,0.0,XLRE
2017-12-29 00:00:00-05:00,25.164859827715397,25.225940984280122,25.09614498283501,25.14958953857422,925600,0.0,0.0,0.0,XLRE
2018-01-02 00:00:00-05:00,25.187762852674854,25.225937113415124,24.97398175001242,25.0045223236084,1744200,0.0,0.0,0.0,XLRE
2018-01-03 00:00:00-05:00,25.03506241885091,25.07323667886177,24.935807012815193,25.012155532836914,1715100,0.0,0.0,0.0,XLRE
2018-01-04 00:00:00-05:00,25.004525095672488,25.004525095672488,24.58460235595703,24.58460235595703,1824100,0.0,0.0,0.0,XLRE
2018-01-05 00:00:00-05:00,24.638046264648438,24.680038828772023,24.569331424492546,24.638046264648438,1400200,0.0,0.0,0.0,XLRE
2018-01-08 00:00:00-05:00,24.66859292980924,24.83656031525351,24.645686035763372,24.80602264404297,990600,0.0,0.0,0.0,XLRE
2018-01-09 00:00:00-05:00,24.79074903371025,24.806019323526634,24.50825304087209,24.523523330688477,1277200,0.0,0.0,0.0,XLRE
2018-01-10 00:00:00-05:00,24.408997909032077,24.41663305357725,24.027249419302898,24.141775131225586,2174500,0.0,0.0,0.0,XLRE
2018-01-11 00:00:00-05:00,24.202856305904643,24.233395429691033,23.93715821081151,23.989076614379883,1343200,0.0,0.0,0.0,XLRE
2018-01-12 00:00:00-05:00,23.96617127988526,23.996711860054774,23.74704858781456,23.813472747802734,1657200,0.0,0.0,0.0,XLRE
2018-01-16 00:00:00-05:00,23.95853480398079,24.317379319764207,23.87455112568983,23.927995681762695,5520200,0.0,0.0,0.0,XLRE
2018-01-17 00:00:00-05:00,23.996707222259456,24.13413689395148,23.905086955713195,24.06542205810547,1713400,0.0,0.0,0.0,XLRE
2018-01-18 00:00:00-05:00,24.027246597939754,24.034881741588382,23.798198113499886,23.83637237548828,2276600,0.0,0.0,0.0,XLRE
2018-01-19 00:00:00-05:00,23.897452476186974,24.019611864139954,23.821103950907442,24.004343032836914,1641000,0.0,0.0,0.0,XLRE
2018-01-22 00:00:00-05:00,24.01961115735094,24.24102595165971,23.996707182942952,24.23339080810547,2095700,0.0,0.0,0.0,XLRE
2018-01-23 00:00:00-05:00,24.286835145772148,24.60750389099121,24.241025741099346,24.60750389099121,1873300,0.0,0.0,0.0,XLRE
2018-01-24 00:00:00-05:00,24.538789749145508,24.63040856107961,24.439534337253015,24.538789749145508,2990100,0.0,0.0,0.0,XLRE
2018-01-25 00:00:00-05:00,24.52352201403916,24.538792303035695,24.328830926225532,24.485347747802734,2115900,0.0,0.0,0.0,XLRE
2018-01-26 00:00:00-05:00,24.492983647919303,24.559406345018854,24.36318765141656,24.554061889648438,1472300,0.0,0.0,0.0,XLRE
2018-01-29 00:00:00-05:00,24.48534843259918,24.515889011446397,24.248664771553063,24.271570205688477,2092900,0.0,0.0,0.0,XLRE
2018-01-30 00:00:00-05:00,24.16467473232585,24.2639301371828,24.08832475695619,24.17230987548828,2347200,0.0,0.0,0.0,XLRE
2018-01-31 00:00:00-05:00,24.210490571645913,24.676224234591565,24.073062326949447,24.668590545654297,4213100,0.0,0.0,0.0,XLRE
2018-02-01 00:00:00-05:00,24.592233872414017,24.752567518646064,24.172311169778407,24.218120574951172,3937800,0.0,0.0,0.0,XLRE
2018-02-02 00:00:00-05:00,23.973801217500725,24.149405146566888,23.79056214505064,23.943262100219727,3719200,0.0,0.0,0.0,XLRE
2018-02-05 00:00:00-05:00,23.85927945111812,24.118868528046672,23.279021600116344,23.324831008911133,7652400,0.0,0.0,0.0,XLRE
2018-02-06 00:00:00-05:00,23.12632180318012,23.408814840716268,22.76747732812776,23.279020309448242,6741200,0.0,0.0,0.0,XLRE
2018-02-07 00:00:00-05:00,23.225578956778058,23.57678688017287,23.149228965005932,23.172134399414062,10201500,0.0,0.0,0.0,XLRE
2018-02-08 00:00:00-05:00,23.118685927656266,23.34009926442585,22.43153757430823,22.446807861328125,10497600,0.0,0.0,0.0,XLRE
2018-02-09 00:00:00-05:00,22.56133235182433,23.149225302321447,22.27120417650048,22.973621368408203,9654500,0.0,0.0,0.0,XLRE
2018-02-12 00:00:00-05:00,23.072878475308777,23.14922846543323,22.477351756098926,23.034704208374023,5294500,0.0,0.0,0.0,XLRE
2018-02-13 00:00:00-05:00,22.973616890800315,23.271380151684134,22.897266925989108,23.202665328979492,3049300,0.0,0.0,0.0,XLRE
2018-02-14 00:00:00-05:00,22.981261469292654,23.0812799788267,22.706402065613464,23.0576114654541,4055300,0.0,0.0,0.0,XLRE
2018-02-15 00:00:00-05:00,23.072877714940024,23.30956282215134,22.97362375042762,23.271387100219727,2924100,0.0,0.0,0.0,XLRE
2018-02-16 00:00:00-05:00,23.271383756441026,23.53097280325703,23.26374861315177,23.424083709716797,7702800,0.0,0.0,0.0,XLRE
2018-02-20 00:00:00-05:00,23.301925058281913,23.546243826159593,23.172130530815057,23.187400817871094,12237200,0.0,0.0,0.0,XLRE
2018-02-21 00:00:00-05:00,23.1797699679379,23.263753649792967,22.759845733642578,22.759845733642578,3924000,0.0,0.0,0.0,XLRE
2018-02-22 00:00:00-05:00,22.851461374678294,23.217939519931768,22.851461374678294,23.01943016052246,2969600,0.0,0.0,0.0,XLRE
2018-02-23 00:00:00-05:00,23.118687087981215,23.439355850219727,23.065241080729134,23.439355850219727,3106500,0.0,0.0,0.0,XLRE
2018-02-26 00:00:00-05:00,23.50806948712022,23.546243748379485,23.368349127903006,23.523338317871094,2436200,0.0,0.0,0.0,XLRE
2018-02-27 00:00:00-05:00,23.546243404483516,23.553878547874803,23.01943016052246,23.01943016052246,5371800,0.0,0.0,0.0,XLRE
2018-02-28 00:00:00-05:00,23.141590104332813,23.332464324986756,22.9888916015625,22.9888916015625,3312500,0.0,0.0,0.0,XLRE
2018-03-01 00:00:00-05:00,22.99653335840329,23.23321705232754,22.798023937085965,22.874372482299805,5627200,0.0,0.0,0.0,XLRE
2018-03-02 00:00:00-05:00,22.790382358213833,22.843826907279652,22.6071432801647,22.798017501831055,4863200,0.0,0.0,0.0,XLRE
2018-03-05 00:00:00-05:00,22.70639952400424,23.19885541505541,22.64531982516296,23.118688583374023,2574200,0.0,0.0,0.0,XLRE
2018-03-06 00:00:00-05:00,23.1110541075584,23.279022920167296,22.97362441712615,23.210308074951172,11143400,0.0,0.0,0.0,XLRE
2018-03-07 00:00:00-05:00,23.088145976756632,23.36300532551419,23.034701426999273,23.309560775756836,19120500,0.0,0.0,0.0,XLRE
2018-03-08 00:00:00-05:00,23.37827551615456,23.492799758911133,23.279020104512043,23.492799758911133,2200900,0.0,0.0,0.0,XLRE
2018-03-09 00:00:00-05:00,23.500431123149873,23.64549446105957,23.388196130919482,23.64549446105957,2277300,0.0,0.0,0.0,XLRE
2018-03-12 00:00:00-04:00,23.64549742213085,23.818047585742864,23.614958304735076,23.76002311706543,3270400,0.0,0.0,0.0,XLRE
2018-03-13 00:00:00-04:00,23.821103544445773,23.950898073962964,23.737118420565604,23.83637237548828,2837200,0.0,0.0,0.0,XLRE
2018-03-14 00:00:00-04:00,23.897449997321758,23.947077698609426,23.790560908014122,23.88218116760254,3261600,0.0,0.0,0.0,XLRE
2018-03-15 00:00:00-04:00,23.905085140308678,23.985253413544026,23.77529062204028,23.88218116760254,3602400,0.0,0.0,0.0,XLRE
2018-03-16 00:00:00-04:00,23.861451470261365,24.04576891305696,23.796173016798786,24.007369995117188,2807500,0.183,0.0,0.0,XLRE
2018-03-19 00:00:00-04:00,24.007367412300166,24.007367412300166,23.631052490641654,23.769290924072266,4095700,0.0,0.0,0.0,XLRE
2018-03-20 00:00:00-04:00,23.784646883492936,23.953605600456967,23.672520427424754,23.761608123779297,3647200,0.0,0.0,0.0,XLRE
2018-03-21 00:00:00-04:00,23.76160751997021,23.830726727003736,23.43905170875525,23.54656982421875,4715800,0.0,0.0,0.0,XLRE
2018-03-22 00:00:00-04:00,23.51585197072012,23.823047645439047,23.43905268583426,23.46209144592285,5319800,0.0,0.0,0.0,XLRE
2018-03-23 00:00:00-04:00,23.500489505376407,23.531208337409446,23.032015232071462,23.093454360961914,6203100,0.0,0.0,0.0,XLRE
2018-03-26 00:00:00-04:00,23.285454552516274,23.450572505427203,23.13953605498055,23.40833282470703,4544100,0.0,0.0,0.0,XLRE
2018-03-27 00:00:00-04:00,23.416011269062302,23.77696598538163,23.185614890956252,23.446731567382812,6480500,0.0,0.0,0.0,XLRE
2018-03-28 00:00:00-04:00,23.523532020340742,23.965126836838547,23.523532020340742,23.876808166503906,7058300,0.0,0.0,0.0,XLRE
2018-03-29 00:00:00-04:00,23.953612377990424,23.98433122124183,23.78081430712343,23.86913299560547,4264100,0.0,0.0,0.0,XLRE
2018-04-02 00:00:00-04:00,23.89984731854798,23.953606379393975,23.408332766189133,23.57729148864746,6294600,0.0,0.0,0.0,XLRE
2018-04-03 00:00:00-04:00,23.62337095550692,23.7424099246792,23.439053543927788,23.66176986694336,7277400,0.0,0.0,0.0,XLRE
2018-04-04 00:00:00-04:00,23.51585752594246,23.992010568033745,23.462096988445175,23.938251495361328,5217200,0.0,0.0,0.0,XLRE
2018-04-05 00:00:00-04:00,23.976649047367136,23.98048981795324,23.753932692590944,23.96129035949707,3365500,0.0,0.0,0.0,XLRE
2018-04-06 00:00:00-04:00,23.892171129138088,24.068808490594947,23.661773233267382,23.715532302856445,5657600,0.0,0.0,0.0,XLRE
2018-04-09 00:00:00-04:00,23.761612386001563,23.915209516000377,23.65025347799571,23.707853317260742,3302000,0.0,0.0,0.0,XLRE
2018-04-10 00:00:00-04:00,23.86912563543371,23.86912563543371,23.454411858057025,23.54656982421875,6040300,0.0,0.0,0.0,XLRE
2018-04-11 00:00:00-04:00,23.477452893651925,23.82304896232991,23.477452893651925,23.60801124572754,2896700,0.0,0.0,0.0,XLRE
2018-04-12 00:00:00-04:00,23.66945134637624,23.738570562921954,23.27777627422539,23.33153533935547,2634500,0.0,0.0,0.0,XLRE
2018-04-13 00:00:00-04:00,23.339210904449747,23.492809459271854,23.308492072379952,23.454410552978516,3011700,0.0,0.0,0.0,XLRE
2018-04-16 00:00:00-04:00,23.515854527444482,23.657932267794568,23.41601500679061,23.561933517456055,2515300,0.0,0.0,0.0,XLRE
2018-04-17 00:00:00-04:00,23.6310516116902,24.01504659479277,23.545037110470325,23.876808166503906,2845800,0.0,0.0,0.0,XLRE
2018-04-18 00:00:00-04:00,23.907528541263158,23.961289072808267,23.815370559692383,23.815370559692383,2118000,0.0,0.0,0.0,XLRE
2018-04-19 00:00:00-04:00,23.730889484240617,23.753929710390295,23.277775290402506,23.416013717651367,2723000,0.0,0.0,0.0,XLRE
2018-04-20 00:00:00-04:00,23.446734255844397,23.505101657486364,23.177937474016794,23.208656311035156,3173400,0.0,0.0,0.0,XLRE
2018-04-23 00:00:00-04:00,23.208659302648265,23.339217672660762,23.143380850054417,23.25473976135254,1929900,0.0,0.0,0.0,XLRE
2018-04-24 00:00:00-04:00,23.27777862548828,23.408336996059454,23.16258040788426,23.27777862548828,3914000,0.0,0.0,0.0,XLRE
2018-04-25 00:00:00-04:00,23.23937770454703,23.316176997937507,23.06504452435514,23.200977325439453,2337900,0.0,0.0,0.0,XLRE
2018-04-26 00:00:00-04:00,23.27777809219769,23.641038523907024,23.25934620202434,23.50049591064453,2621900,0.0,0.0,0.0,XLRE
2018-04-27 00:00:00-04:00,23.431375551889847,23.892169854217833,23.300817190643993,23.815370559692383,3408300,0.0,0.0,0.0,XLRE
2018-04-30 00:00:00-04:00,23.761611668410747,23.90752871777927,23.692492449309988,23.72321128845215,2895500,0.0,0.0,0.0,XLRE
2018-05-01 00:00:00-04:00,23.761611590610254,23.911369409896658,23.671756313108524,23.892169952392578,3077000,0.0,0.0,0.0,XLRE
2018-05-02 00:00:00-04:00,23.807681484965478,23.90751950473464,23.64717191361953,23.78464126586914,3362800,0.0,0.0,0.0,XLRE
2018-05-03 00:00:00-04:00,23.753931146949583,23.872968660527075,23.654091625754283,23.77696990966797,3260600,0.0,0.0,0.0,XLRE
2018-05-04 00:00:00-04:00,23.753925618234188,24.114880310115506,23.746245544174034,24.045761108398438,1804100,0.0,0.0,0.0,XLRE
2018-05-07 00:00:00-04:00,24.08417020391922,24.137929276991827,23.98817144062531,24.09185028076172,1737500,0.0,0.0,0.0,XLRE
2018-05-08 00:00:00-04:00,24.015047245087022,24.053446158507224,23.84224920504681,23.922887802124023,1693200,0.0,0.0,0.0,XLRE
2018-05-09 00:00:00-04:00,23.922888914929377,24.107206344604492,23.85376969569812,24.107206344604492,1498200,0.0,0.0,0.0,XLRE
2018-05-10 00:00:00-04:00,24.191687090790033,24.379845301574647,24.168646861461877,24.329925537109375,1628800,0.0,0.0,0.0,XLRE
2018-05-11 00:00:00-04:00,24.33759802747136,24.42975598640855,24.183999476143573,24.214719772338867,1206700,0.0,0.0,0.0,XLRE
2018-05-14 00:00:00-04:00,24.222399882133363,24.23775856542933,23.922882853084612,24.045761108398438,1882900,0.0,0.0,0.0,XLRE
2018-05-15 00:00:00-04:00,23.892169553523317,23.892169553523317,23.573452997942553,23.63873291015625,2371100,0.0,0.0,0.0,XLRE
2018-05-16 00:00:00-04:00,23.69248968543524,23.77696758183986,23.53121103807271,23.57729148864746,1562100,0.0,0.0,0.0,XLRE
2018-05-17 00:00:00-04:00,23.554248588235822,23.59264749452916,23.39296995919017,23.454410552978516,1758200,0.0,0.0,0.0,XLRE
2018-05-18 00:00:00-04:00,23.46977424621582,23.592652530372078,23.36993618964812,23.46977424621582,1395300,0.0,0.0,0.0,XLRE
2018-05-21 00:00:00-04:00,23.52353441754255,23.773131767924667,23.369937287543735,23.707853317260742,1477100,0.0,0.0,0.0,XLRE
2018-05-22 00:00:00-04:00,23.707852328203874,23.7692914706052,23.592652654479775,23.738571166992188,1567200,0.0,0.0,0.0,XLRE
2018-05-23 00:00:00-04:00,23.730891115849534,24.015048065267592,23.723211039938267,23.93056869506836,1543900,0.0,0.0,0.0,XLRE
2018-05-24 00:00:00-04:00,23.938243644949043,24.030403071324926,23.71936665523376,23.83840560913086,1537500,0.0,0.0,0.0,XLRE
2018-05-25 00:00:00-04:00,23.861450018350205,24.053447526016136,23.861450018350205,23.953609466552734,1713600,0.0,0.0,0.0,XLRE
2018-05-29 00:00:00-04:00,23.899850767301977,24.09568758361805,23.800011241474365,24.01504898071289,3255100,0.0,0.0,0.0,XLRE
2018-05-30 00:00:00-04:00,23.99200949775374,24.42592429540616,23.930570351036792,24.329925537109375,3589000,0.0,0.0,0.0,XLRE
2018-05-31 00:00:00-04:00,24.222407303581022,24.329925443716768,24.145608004273434,24.25312614440918,3811900,0.0,0.0,0.0,XLRE
2018-06-01 00:00:00-04:00,24.24544246240137,24.402880343397825,24.176323249785895,24.35296058654785,2424400,0.0,0.0,0.0,XLRE
2018-06-04 00:00:00-04:00,24.406724130126623,24.591041564941406,24.326084062225036,24.591041564941406,3660700,0.0,0.0,0.0,XLRE
2018-06-05 00:00:00-04:00,24.629443577748546,24.679361882219823,24.429765965388594,24.46816635131836,2623600,0.0,0.0,0.0,XLRE
2018-06-06 00:00:00-04:00,24.452799767021837,24.54495773937022,24.356801024677946,24.53727912902832,2120300,0.0,0.0,0.0,XLRE
2018-06-07 00:00:00-04:00,24.560317889703136,24.598716800710868,24.39136063051473,24.53727912902832,4379700,0.0,0.0,0.0,XLRE
2018-06-08 00:00:00-04:00,24.514241722153123,24.64095931490816,24.475842806730324,24.621761322021484,2237300,0.0,0.0,0.0,XLRE
2018-06-11 00:00:00-04:00,24.59871837041543,24.698557889125837,24.567999532613914,24.614078521728516,1788600,0.0,0.0,0.0,XLRE
2018-06-12 00:00:00-04:00,24.51423338195656,24.813750386687158,24.510394077650375,24.752309799194336,1508900,0.0,0.0,0.0,XLRE
2018-06-13 00:00:00-04:00,24.75231399898568,24.78303429794449,24.172482271970743,24.19936180114746,2002600,0.0,0.0,0.0,XLRE
2018-06-14 00:00:00-04:00,24.291523449979692,24.52883237555227,24.291523449979692,24.42976188659668,2131100,0.0,0.0,0.0,XLRE
2018-06-15 00:00:00-04:00,24.421243000790245,24.5993868190174,24.36160221259221,24.390260696411133,2439000,0.269,0.0,0.0,XLRE
2018-06-18 00:00:00-04:00,24.312805913784477,24.4367321741223,24.23147958243482,24.367023468017578,2107100,0.0,0.0,0.0,XLRE
2018-06-19 00:00:00-04:00,24.274080175480947,24.53355032849977,24.274080175480947,24.398006439208984,2535800,0.0,0.0,0.0,XLRE
2018-06-20 00:00:00-04:00,24.42898509509165,24.68458316051935,24.382511645146707,24.661346435546875,3725000,0.0,0.0,0.0,XLRE
2018-06-21 00:00:00-04:00,24.684585049276908,24.839492128994085,24.614876346343056,24.808509826660156,2827000,0.0,0.0,0.0,XLRE
2018-06-22 00:00:00-04:00,24.8937115852786,25.048620154164695,24.734930966963272,25.0253849029541,2292900,0.0,0.0,0.0,XLRE
2018-06-25 00:00:00-04:00,25.040874718196022,25.083471691595825,24.820128024941813,24.96341896057129,6956700,0.0,0.0,0.0,XLRE
2018-06-26 00:00:00-04:00,24.994399864132134,25.20739653774518,24.909200012832965,25.095090866088867,2106700,0.0,0.0,0.0,XLRE
2018-06-27 00:00:00-04:00,25.1570552659944,25.257746278965644,25.0253849029541,25.0253849029541,3679600,0.0,0.0,0.0,XLRE
2018-06-28 00:00:00-04:00,25.017635760529718,25.311961721374054,25.017635760529718,25.273235321044922,2795800,0.0,0.0,0.0,XLRE
2018-06-29 00:00:00-04:00,25.249997593617646,25.45137960654523,25.048618535325065,25.33519744873047,2923000,0.0,0.0,0.0,XLRE
2018-07-02 00:00:00-04:00,25.304215168247588,25.366179773705873,24.905327623173665,25.18803596496582,6280200,0.0,0.0,0.0,XLRE
2018-07-03 00:00:00-04:00,25.219018245550718,25.544323560016036,25.14930954178886,25.33519744873047,2916200,0.0,0.0,0.0,XLRE
2018-07-05 00:00:00-04:00,25.38167211055556,25.683742189685763,25.331328082245573,25.668251037597656,2699600,0.0,0.0,0.0,XLRE
2018-07-06 00:00:00-04:00,25.737959312469304,25.83090326880202,25.68761528500473,25.77668571472168,2440800,0.0,0.0,0.0,XLRE
2018-07-09 00:00:00-04:00,25.815417799878908,25.815417799878908,25.412656673691693,25.536582946777344,2344600,0.0,0.0,0.0,XLRE
2018-07-10 00:00:00-04:00,25.552070191765658,25.69148464235602,25.404905733675065,25.660505294799805,3077300,0.0,0.0,0.0,XLRE
2018-07-11 00:00:00-04:00,25.637267326184702,25.706976029437275,25.540449846924737,25.583049774169922,2347300,0.0,0.0,0.0,XLRE
2018-07-12 00:00:00-04:00,25.64501953125,25.691490039664394,25.513346196592853,25.64501953125,1660700,0.0,0.0,0.0,XLRE
2018-07-13 00:00:00-04:00,25.660503543708977,25.75732101547328,25.54432139573791,25.559812545776367,2142700,0.0,0.0,0.0,XLRE
2018-07-16 00:00:00-04:00,25.451379106903286,25.528831907502628,25.245352411786474,25.42039680480957,2759100,0.0,0.0,0.0,XLRE
2018-07-17 00:00:00-04:00,25.428144859390848,25.490106511384305,25.21901874397217,25.249998092651367,1720400,0.0,0.0,0.0,XLRE
2018-07-18 00:00:00-04:00,25.21126863333298,25.31195962957552,25.033124842832933,25.15705108642578,2092200,0.0,0.0,0.0,XLRE
2018-07-19 00:00:00-04:00,25.11058527963856,25.509475859910008,25.064114770794376,25.397167205810547,2363400,0.0,0.0,0.0,XLRE
2018-07-20 00:00:00-04:00,25.33519713458596,25.38167058806262,25.08734462531373,25.172544479370117,2041700,0.0,0.0,0.0,XLRE
2018-07-23 00:00:00-04:00,25.1648050396906,25.1648050396906,24.9502571361065,25.102840423583984,2796900,0.0,0.0,0.0,XLRE
2018-07-24 00:00:00-04:00,25.087348205227304,25.18803922481098,24.89371322006237,25.033130645751953,2104200,0.0,0.0,0.0,XLRE
2018-07-25 00:00:00-04:00,25.04861780229947,25.323579082803903,25.033126651401837,25.28097915649414,2608800,0.0,0.0,0.0,XLRE
2018-07-26 00:00:00-04:00,25.304213910195656,25.48236066471378,25.304213910195656,25.366178512573242,2256900,0.0,0.0,0.0,XLRE
2018-07-27 00:00:00-04:00,25.44363568871641,25.447509215690197,25.111360349322442,25.133821487426758,2666300,0.0,0.0,0.0,XLRE
2018-07-30 00:00:00-04:00,25.157053898866785,25.184162675351022,24.932436633920243,25.110580444335938,2941100,0.0,0.0,0.0,XLRE
2018-07-31 00:00:00-04:00,25.30421717709156,25.668251876471338,25.265490772923236,25.598543167114258,4027300,0.0,0.0,0.0,XLRE
2018-08-01 00:00:00-04:00,25.404905313781722,25.799922273602924,25.288726114437477,25.768939971923828,3776600,0.0,0.0,0.0,XLRE
2018-08-02 00:00:00-04:00,25.668254785457197,25.803798692725156,25.596997839155694,25.64501953125,2963100,0.0,0.0,0.0,XLRE
2018-08-03 00:00:00-04:00,25.66050617629029,26.012920273257407,25.637267971531152,25.97806739807129,2721000,0.0,0.0,0.0,XLRE
2018-08-06 00:00:00-04:00,26.001303820178336,26.07875662717308,25.869633457360237,25.923851013183594,2860800,0.0,0.0,0.0,XLRE
2018-08-07 00:00:00-04:00,26.00130116296061,26.078753962040018,25.722466358858906,25.869630813598633,2122400,0.0,0.0,0.0,XLRE
2018-08-08 00:00:00-04:00,25.908356025330647,25.908356025330647,25.679865255642575,25.706974029541016,2437300,0.0,0.0,0.0,XLRE
2018-08-09 00:00:00-04:00,25.714723991530576,25.846394349754608,25.691485786534795,25.753450393676758,1937500,0.0,0.0,0.0,XLRE
2018-08-10 00:00:00-04:00,25.706971366484872,25.80766235394883,25.490101197763533,25.505592346191406,2656000,0.0,0.0,0.0,XLRE
2018-08-13 00:00:00-04:00,25.5055955632505,25.583048360524657,25.44363096172331,25.497848510742188,1652300,0.0,0.0,0.0,XLRE
2018-08-14 00:00:00-04:00,25.55207266396637,25.656634250684366,25.490108053588855,25.598543167114258,1559100,0.0,0.0,0.0,XLRE
2018-08-15 00:00:00-04:00,25.606288055448008,25.842522941924454,25.528832299025815,25.823158264160156,2608300,0.0,0.0,0.0,XLRE
2018-08-16 00:00:00-04:00,25.81541298661261,26.04777433599516,25.799921836035793,26.0245361328125,4032200,0.0,0.0,0.0,XLRE
2018-08-17 00:00:00-04:00,26.040029000892346,26.28013741871739,26.01679375081204,26.272390365600586,2608600,0.0,0.0,0.0,XLRE
2018-08-20 00:00:00-04:00,26.31111848219514,26.438915306250394,26.264645029589193,26.30337142944336,1947100,0.0,0.0,0.0,XLRE
2018-08-21 00:00:00-04:00,26.24915081893871,26.295624266127394,26.024533589478605,26.063262939453125,2117700,0.0,0.0,0.0,XLRE
2018-08-22 00:00:00-04:00,26.047772505564936,26.047772505564936,25.792172970961232,25.90060806274414,1380300,0.0,0.0,0.0,XLRE
2018-08-23 00:00:00-04:00,25.89286539128454,25.95870056425916,25.823156692065876,25.838647842407227,1233500,0.0,0.0,0.0,XLRE
2018-08-24 00:00:00-04:00,25.80766619441835,26.024536395412404,25.792175043685216,26.01679229736328,3533100,0.0,0.0,0.0,XLRE
2018-08-27 00:00:00-04:00,26.032284951450848,26.078755451699003,25.838649988056698,25.97806739807129,2515300,0.0,0.0,0.0,XLRE
2018-08-28 00:00:00-04:00,25.978062615973222,26.295623779296875,25.908353923798053,26.295623779296875,1887900,0.0,0.0,0.0,XLRE
2018-08-29 00:00:00-04:00,26.287882043884885,26.380828955338444,26.24141154279322,26.25690269470215,1468700,0.0,0.0,0.0,XLRE
2018-08-30 00:00:00-04:00,26.30336911649765,26.311116168568205,26.074881309205352,26.117481231689453,1730100,0.0,0.0,0.0,XLRE
2018-08-31 00:00:00-04:00,26.14846717500779,26.29563165514089,26.13297897622732,26.218175888061523,1579300,0.0,0.0,0.0,XLRE
2018-09-04 00:00:00-04:00,26.163951202634976,26.249151045900284,25.931589873951612,25.985807418823242,2310700,0.0,0.0,0.0,XLRE
2018-09-05 00:00:00-04:00,25.93159777203859,26.218176732878046,25.80767149535378,26.148468017578125,3257000,0.0,0.0,0.0,XLRE
2018-09-06 00:00:00-04:00,26.18719496348664,26.280138923765772,26.148465604954712,26.233665466308594,1960400,0.0,0.0,0.0,XLRE
2018-09-07 00:00:00-04:00,26.109734148883177,26.117481200944614,25.877372815829133,25.90060806274414,1899000,0.0,0.0,0.0,XLRE
2018-09-10 00:00:00-04:00,26.01679618085492,26.179448855879404,25.985813874763974,26.04003143310547,1797100,0.0,0.0,0.0,XLRE
2018-09-11 00:00:00-04:00,25.954828361766104,26.132975122460074,25.88511965899215,26.047775268554688,1534300,0.0,0.0,0.0,XLRE
2018-09-12 00:00:00-04:00,26.078752779953938,26.14846147781964,25.95482653426322,26.071008682250977,1388600,0.0,0.0,0.0,XLRE
2018-09-13 00:00:00-04:00,26.171703811000913,26.303374175176746,26.10973920105801,26.233665466308594,1576500,0.0,0.0,0.0,XLRE
2018-09-14 00:00:00-04:00,26.156209963412287,26.171701114301825,25.850266381272498,26.009048461914062,1828300,0.0,0.0,0.0,XLRE
2018-09-17 00:00:00-04:00,25.947087624961835,26.194940165904075,25.94321409801842,26.156213760375977,2338800,0.0,0.0,0.0,XLRE
2018-09-18 00:00:00-04:00,26.11748487932362,26.17170243285106,25.94708516558877,26.00130271911621,1451800,0.0,0.0,0.0,XLRE
2018-09-19 00:00:00-04:00,26.00904996618471,26.016794064759907,25.710850464925432,25.753450393676758,2033100,0.0,0.0,0.0,XLRE
2018-09-20 00:00:00-04:00,25.76119924781917,25.962581303570968,25.660511174578907,25.94709014892578,1928400,0.0,0.0,0.0,XLRE
2018-09-21 00:00:00-04:00,25.96273996520601,26.06840850759925,25.860988832465775,25.94708824157715,1954600,0.35,0.0,0.0,XLRE
2018-09-24 00:00:00-04:00,25.860986410897638,25.86881227197927,25.340478566976696,25.438318252563477,2862000,0.0,0.0,0.0,XLRE
2018-09-25 00:00:00-04:00,25.438313633659376,25.567462711783236,25.386652808077947,25.414833068847656,1710600,0.0,0.0,0.0,XLRE
2018-09-26 00:00:00-04:00,25.438319815373884,25.461800385891568,25.10175103741173,25.133060455322266,2323300,0.0,0.0,0.0,XLRE
2018-09-27 00:00:00-04:00,25.17219513527748,25.344393943853778,25.148714565319025,25.21133041381836,1599100,0.0,0.0,0.0,XLRE
2018-09-28 00:00:00-04:00,25.21915664868769,25.540070676809457,25.180018388370605,25.524415969848633,3145400,0.0,0.0,0.0,XLRE
2018-10-01 00:00:00-04:00,25.52441662217734,25.59329673739933,25.31308255155022,25.328737258911133,3654400,0.0,0.0,0.0,XLRE
2018-10-02 00:00:00-04:00,25.336560968629346,25.391350946825863,25.25046157836914,25.25046157836914,2752400,0.0,0.0,0.0,XLRE
2018-10-03 00:00:00-04:00,25.27394747675011,25.363958312502426,24.819969917169246,24.960859298706055,2625100,0.0,0.0,0.0,XLRE
2018-10-04 00:00:00-04:00,24.960861692530628,24.960861692530628,24.6321202683891,24.843454360961914,2934700,0.0,0.0,0.0,XLRE
2018-10-05 00:00:00-04:00,24.87476418361283,25.007826226332828,24.812146839563137,24.851282119750977,3406600,0.0,0.0,0.0,XLRE
2018-10-08 00:00:00-04:00,24.9295534203185,25.285689833769542,24.866936078159476,25.172195434570312,3076200,0.0,0.0,0.0,XLRE
2018-10-09 00:00:00-04:00,25.164367891351617,25.336563704636983,25.054784937295224,25.25829315185547,4429900,0.0,0.0,0.0,XLRE
2018-10-10 00:00:00-04:00,25.18784938080277,25.305258200097306,24.859107971191406,24.859107971191406,4361500,0.0,0.0,0.0,XLRE
2018-10-11 00:00:00-04:00,24.906071902961113,24.929553966628532,24.076391727943523,24.131181716918945,9558500,0.0,0.0,0.0,XLRE
2018-10-12 00:00:00-04:00,24.272068379648367,24.48340245010969,23.990289619033266,24.115524291992188,5288200,0.0,0.0,0.0,XLRE
2018-10-15 00:00:00-04:00,24.10769428710351,24.491227110391087,24.07638636876436,24.264238357543945,3894500,0.0,0.0,0.0,XLRE
2018-10-16 00:00:00-04:00,24.295547439242082,24.79257164638157,24.209448052376242,24.71821403503418,3272200,0.0,0.0,0.0,XLRE
2018-10-17 00:00:00-04:00,24.68691242355886,24.792577979813707,24.46775097051175,24.647775650024414,3449400,0.0,0.0,0.0,XLRE
2018-10-18 00:00:00-04:00,24.639944886867955,24.870846593577074,24.553846982832642,24.65559959411621,3345200,0.0,0.0,0.0,XLRE
2018-10-19 00:00:00-04:00,24.67907962971925,24.992166284415934,24.67907962971925,24.90606689453125,2999900,0.0,0.0,0.0,XLRE
2018-10-22 00:00:00-04:00,24.968689519537858,25.04304864217357,24.546022819308792,24.553850173950195,4269600,0.0,0.0,0.0,XLRE
2018-10-23 00:00:00-04:00,24.48340469260579,24.819971973938006,24.389477932826082,24.710391998291016,5159700,0.0,0.0,0.0,XLRE
2018-10-24 00:00:00-04:00,24.7495268360185,25.21132876568938,24.702562713341397,24.999996185302734,5443600,0.0,0.0,0.0,XLRE
2018-10-25 00:00:00-04:00,25.054786532056653,25.43049356964658,24.937380695411388,25.29743003845215,5413800,0.0,0.0,0.0,XLRE
2018-10-26 00:00:00-04:00,25.187848818649034,25.219158234539506,24.50688395218245,24.63994598388672,8951600,0.0,0.0,0.0,XLRE
2018-10-29 00:00:00-04:00,24.819970141497834,25.16436773762507,24.819970141497834,25.046958923339844,6143200,0.0,0.0,0.0,XLRE
2018-10-30 00:00:00-04:00,25.078267835478943,25.633996508842408,25.015649006228355,25.4617977142334,7427400,0.0,0.0,0.0,XLRE
2018-10-31 00:00:00-04:00,25.461797632680323,25.461797632680323,25.06261304789179,25.117403030395508,4202400,0.0,0.0,0.0,XLRE
2018-11-01 00:00:00-04:00,25.187849843859905,25.293515394503313,25.023478389574816,25.21133041381836,4848800,0.0,0.0,0.0,XLRE
2018-11-02 00:00:00-04:00,25.258292888366487,25.266118749230923,24.71821742090043,24.999996185302734,6876800,0.0,0.0,0.0,XLRE
2018-11-05 00:00:00-05:00,25.062609667523354,25.500932454263566,25.062609667523354,25.414833068847656,4093100,0.0,0.0,0.0,XLRE
2018-11-06 00:00:00-05:00,25.41483951608298,25.563554773999453,25.36787538871598,25.555728912353516,2958800,0.0,0.0,0.0,XLRE
2018-11-07 00:00:00-05:00,25.688786286341738,25.853156233066517,25.536156623550145,25.837501525878906,3917900,0.0,0.0,0.0,XLRE
2018-11-08 00:00:00-05:00,25.806188832293582,25.892288208007812,25.66921092411401,25.892288208007812,2665000,0.0,0.0,0.0,XLRE
2018-11-09 00:00:00-05:00,25.853160264795104,25.986223803725643,25.774889702481065,25.92360496520996,3558700,0.0,0.0,0.0,XLRE
2018-11-12 00:00:00-05:00,25.93142670246229,26.213205426857133,25.93142670246229,25.9783878326416,2861900,0.0,0.0,0.0,XLRE
2018-11-13 00:00:00-05:00,25.978394062611933,26.103628749505976,25.83750466662733,26.033184051513672,6307600,0.0,0.0,0.0,XLRE
2018-11-14 00:00:00-05:00,26.127112316286507,26.127112316286507,25.89229765149705,26.025358200073242,4369000,0.0,0.0,0.0,XLRE
2018-11-15 00:00:00-05:00,25.923600941045187,25.970565062641626,25.571377493647134,25.821849822998047,7158900,0.0,0.0,0.0,XLRE
2018-11-16 00:00:00-05:00,25.814018087916956,26.189722061157223,25.782708677022825,26.189722061157227,3738100,0.0,0.0,0.0,XLRE
2018-11-19 00:00:00-05:00,26.197550333624356,26.42453609306621,26.072315678617585,26.26016616821289,4668200,0.0,0.0,0.0,XLRE
2018-11-20 00:00:00-05:00,26.15841772333283,26.338445377973112,25.907948359264186,25.9157772064209,6593700,0.0,0.0,0.0,XLRE
2018-11-21 00:00:00-05:00,25.94708963443928,26.11145961384059,25.78271666920728,25.90012550354004,3707500,0.0,0.0,0.0,XLRE
2018-11-23 00:00:00-05:00,25.837498823341843,25.931427056642857,25.657474188259577,25.80619239807129,2543000,0.0,0.0,0.0,XLRE
2018-11-26 00:00:00-05:00,25.86881257076675,25.970566680984746,25.712268474853747,25.860986709594727,3242200,0.0,0.0,0.0,XLRE
2018-11-27 00:00:00-05:00,25.84532893899341,26.009698876602155,25.72009427426819,26.001873016357422,3227200,0.0,0.0,0.0,XLRE
2018-11-28 00:00:00-05:00,26.001873186919852,26.244513671887265,25.89229322779522,26.213207244873047,3645700,0.0,0.0,0.0,XLRE
2018-11-29 00:00:00-05:00,26.2053830000175,26.373667391315657,26.04883889413983,26.244518280029297,2600700,0.0,0.0,0.0,XLRE
2018-11-30 00:00:00-05:00,26.32279544956717,26.522386300852826,26.19364632050171,26.494991302490234,4327200,0.0,0.0,0.0,XLRE
2018-12-03 00:00:00-05:00,26.53412376961292,26.635874892227733,26.377579676427516,26.620220184326172,5321300,0.0,0.0,0.0,XLRE
2018-12-04 00:00:00-05:00,26.58108677898043,26.7141503125972,26.228863290971855,26.268001556396484,6476800,0.0,0.0,0.0,XLRE
2018-12-06 00:00:00-05:00,26.205376966489045,27.003749035400457,25.900117672517283,26.988094329833984,6368500,0.0,0.0,0.0,XLRE
2018-12-07 00:00:00-05:00,26.90199346494913,26.909822310217375,26.50280894532747,26.581079483032227,5559900,0.0,0.0,0.0,XLRE
2018-12-10 00:00:00-05:00,26.581083085856545,26.60456663901465,26.07622998749263,26.479331970214844,9157900,0.0,0.0,0.0,XLRE
2018-12-11 00:00:00-05:00,26.60457016010366,26.721975998112637,26.51064190669997,26.526296615600586,4645200,0.0,0.0,0.0,XLRE
2018-12-12 00:00:00-05:00,26.628051064058802,26.7063216237118,26.005789067244763,26.025358200073242,4298900,0.0,0.0,0.0,XLRE
2018-12-13 00:00:00-05:00,26.0488391931069,26.424543260027036,26.0488391931069,26.20538330078125,4652700,0.0,0.0,0.0,XLRE
2018-12-14 00:00:00-05:00,26.12710841301236,26.23668837448798,25.99404489848481,26.158414840698242,4138700,0.0,0.0,0.0,XLRE
2018-12-17 00:00:00-05:00,26.189729591284802,26.252348431077365,25.125233201456194,25.180023193359375,7214000,0.0,0.0,0.0,XLRE
2018-12-18 00:00:00-05:00,25.40700694062144,25.61834100401807,25.305255825001968,25.430490493774414,8109100,0.0,0.0,0.0,XLRE
2018-12-19 00:00:00-05:00,25.45396924700676,25.657474449572018,25.11740053882475,25.19567108154297,12878000,0.0,0.0,0.0,XLRE
2018-12-20 00:00:00-05:00,25.289600839371225,25.301341122903267,24.71821598986679,24.890413284301758,11333000,0.0,0.0,0.0,XLRE
2018-12-21 00:00:00-05:00,25.024245136871286,25.420196867486233,24.484957015888615,24.509506225585938,15120000,0.369,0.0,0.0,XLRE
2018-12-24 00:00:00-05:00,24.628297454341997,24.628297454341997,23.599610871074937,23.60673713684082,10641000,0.0,0.0,0.0,XLRE
2018-12-26 00:00:00-05:00,23.685924176522782,24.366964275234547,23.377081113358997,24.359045028686523,10947900,0.0,0.0,0.0,XLRE
2018-12-27 00:00:00-05:00,24.20066695731276,24.42240136450339,23.701766429186424,24.41448211669922,14151800,0.0,0.0,0.0,XLRE
2018-12-28 00:00:00-05:00,24.63621299390841,24.739160179727804,24.293317014285456,24.501588821411133,10391000,0.0,0.0,0.0,XLRE
2018-12-31 00:00:00-05:00,24.580779769870965,24.588697506096064,24.16106875917326,24.549102783203125,7807200,0.0,0.0,0.0,XLRE
2019-01-02 00:00:00-05:00,24.39071982071178,24.430316052341936,23.844305418191787,23.986848831176758,10445000,0.0,0.0,0.0,XLRE
2019-01-03 00:00:00-05:00,23.9630969005633,24.493674449478604,23.95517765231774,24.097721099853516,9743800,0.0,0.0,0.0,XLRE
2019-01-04 00:00:00-05:00,24.29569243704698,24.564940776475154,24.129391281309893,24.34320640563965,9620900,0.0,0.0,0.0,XLRE
2019-01-07 00:00:00-05:00,24.374883887855592,24.72332167855066,24.351126147854714,24.549102783203125,5141800,0.0,0.0,0.0,XLRE
2019-01-08 00:00:00-05:00,24.699564671180426,25.032165468509536,24.62037371744648,24.97673225402832,7575900,0.0,0.0,0.0,XLRE
2019-01-09 00:00:00-05:00,25.008411112698287,25.048005839701208,24.65997177539292,24.87378692626953,5100800,0.0,0.0,0.0,XLRE
2019-01-10 00:00:00-05:00,24.80251414234414,25.30141613959423,24.75500016989621,25.269739151000977,7837200,0.0,0.0,0.0,XLRE
2019-01-11 00:00:00-05:00,25.190551974963082,25.33309542416667,25.08760476745059,25.317256927490234,3095100,0.0,0.0,0.0,XLRE
2019-01-14 00:00:00-05:00,25.222225317871747,25.388526488021014,25.135115109201084,25.23806381225586,2918300,0.0,0.0,0.0,XLRE
2019-01-15 00:00:00-05:00,25.253901124098398,25.578582710978633,25.253901124098398,25.523149490356445,3925000,0.0,0.0,0.0,XLRE
2019-01-16 00:00:00-05:00,25.499391925540486,25.74884140529653,25.42812021405536,25.641935348510742,7295900,0.0,0.0,0.0,XLRE
2019-01-17 00:00:00-05:00,25.610258599978668,25.800317506007204,25.57066387564717,25.768640518188477,3397100,0.0,0.0,0.0,XLRE
2019-01-18 00:00:00-05:00,25.87158617827942,25.87158617827942,25.653022212611848,25.86366844177246,7865600,0.0,0.0,0.0,XLRE
2019-01-22 00:00:00-05:00,25.83990991445976,25.91118162022232,25.60233856887908,25.816150665283203,8116300,0.0,0.0,0.0,XLRE
2019-01-23 00:00:00-05:00,25.950778388282043,25.950778388282043,25.665691542741083,25.83199119567871,3087500,0.0,0.0,0.0,XLRE
2019-01-24 00:00:00-05:00,25.792395016060738,25.994332023735648,25.649851601335346,25.934938430786133,4578000,0.0,0.0,0.0,XLRE
2019-01-25 00:00:00-05:00,26.022051401776114,26.25962277798674,25.86366947734105,26.23586654663086,3031400,0.0,0.0,0.0,XLRE
2019-01-28 00:00:00-05:00,26.148752706789185,26.520949724405078,26.101237229790286,26.497190475463867,5276000,0.0,0.0,0.0,XLRE
2019-01-29 00:00:00-05:00,26.40216720932095,26.718931070205894,26.35465172392299,26.703092575073242,2530000,0.0,0.0,0.0,XLRE
2019-01-30 00:00:00-05:00,26.734764852308107,27.0198517048835,26.631819171787782,26.924823760986328,5118100,0.0,0.0,0.0,XLRE
2019-01-31 00:00:00-05:00,26.901062794777065,27.233662050310897,26.655570710299706,27.18614959716797,7024500,0.0,0.0,0.0,XLRE
2019-02-01 00:00:00-05:00,27.22574332157473,27.297015019571646,26.66348747253982,27.019845962524414,9829200,0.0,0.0,0.0,XLRE
2019-02-04 00:00:00-05:00,26.988180103236164,27.194074503208974,26.766444186860678,27.17823600769043,6513600,0.0,0.0,0.0,XLRE
2019-02-05 00:00:00-05:00,27.209911376206954,27.368293301063986,27.02777321993075,27.36037254333496,4186000,0.0,0.0,0.0,XLRE
2019-02-06 00:00:00-05:00,27.281178711374586,27.31285569543707,27.055485486475487,27.14655303955078,3535200,0.0,0.0,0.0,XLRE
2019-02-07 00:00:00-05:00,27.083206567595866,27.388089282147163,26.996096357471504,27.376211166381836,6325300,0.0,0.0,0.0,XLRE
2019-02-08 00:00:00-05:00,27.265344724726816,27.45540061874,27.217829240781537,27.376211166381836,2913100,0.0,0.0,0.0,XLRE
2019-02-11 00:00:00-05:00,27.399965342900323,27.49499630366351,27.281181173271953,27.455398559570312,2971900,0.0,0.0,0.0,XLRE
2019-02-12 00:00:00-05:00,27.479150153825145,27.479150153825145,27.15684309451781,27.265335083007812,8982900,0.0,0.0,0.0,XLRE
2019-02-13 00:00:00-05:00,27.249500728886836,27.46331583214916,27.16239053634848,27.447477340698242,3751800,0.0,0.0,0.0,XLRE
2019-02-14 00:00:00-05:00,27.46332199312001,27.65337789140038,27.29702232690368,27.550432205200195,4007000,0.0,0.0,0.0,XLRE
2019-02-15 00:00:00-05:00,27.6296256152913,27.724653578037397,27.55043614981696,27.71673583984375,2674800,0.0,0.0,0.0,XLRE
2019-02-19 00:00:00-05:00,27.677133748212253,27.81175640790157,27.621700532942103,27.74840545654297,3921300,0.0,0.0,0.0,XLRE
2019-02-20 00:00:00-05:00,27.613779139020888,27.716727831098087,27.37066446896047,27.57418441772461,3200300,0.0,0.0,0.0,XLRE
2019-02-21 00:00:00-05:00,27.47123990848954,27.62962183867389,27.304940241193798,27.6217041015625,4484200,0.0,0.0,0.0,XLRE
2019-02-22 00:00:00-05:00,27.65337285831741,27.89094721925394,27.526667942230226,27.780080795288086,3477800,0.0,0.0,0.0,XLRE
2019-02-25 00:00:00-05:00,27.827598315560746,27.86719304262882,27.518755215192122,27.550432205200195,4075800,0.0,0.0,0.0,XLRE
2019-02-26 00:00:00-05:00,27.629615857779598,27.677131332814596,27.44747773480387,27.494993209838867,2674700,0.0,0.0,0.0,XLRE
2019-02-27 00:00:00-05:00,27.392053730171586,27.53459718229856,27.186159310923976,27.40789222717285,3252300,0.0,0.0,0.0,XLRE
2019-02-28 00:00:00-05:00,27.399969403859643,27.811761232214035,27.312862208242144,27.487079620361328,5002100,0.0,0.0,0.0,XLRE
2019-03-01 00:00:00-05:00,27.534591026872967,27.534591026872967,27.13467737442485,27.455398559570312,5897500,0.0,0.0,0.0,XLRE
2019-03-04 00:00:00-05:00,27.534588122621283,27.59793906889763,27.245540934000825,27.566265106201172,6178600,0.0,0.0,0.0,XLRE
2019-03-05 00:00:00-05:00,27.51875708835991,27.748410750224625,27.471241600113476,27.645462036132812,4066400,0.0,0.0,0.0,XLRE
2019-03-06 00:00:00-05:00,27.653373860317163,27.756322552394366,27.526668939638917,27.57418441772461,3832300,0.0,0.0,0.0,XLRE
2019-03-07 00:00:00-05:00,27.590026932268266,27.78800358849267,27.46332199312001,27.550432205200195,7592600,0.0,0.0,0.0,XLRE
2019-03-08 00:00:00-05:00,27.49499497513205,27.704849716797565,27.444310590153876,27.57418441772461,3103900,0.0,0.0,0.0,XLRE
2019-03-11 00:00:00-04:00,27.700888577374954,28.025570116498194,27.662876800127417,28.001813888549805,4124100,0.0,0.0,0.0,XLRE
2019-03-12 00:00:00-04:00,28.04141245998284,28.215632877887952,28.025573965547473,28.152278900146484,4323800,0.0,0.0,0.0,XLRE
2019-03-13 00:00:00-04:00,28.168116188610046,28.374013586570733,28.168116188610046,28.286903381347656,2726000,0.0,0.0,0.0,XLRE
2019-03-14 00:00:00-04:00,28.294828914617796,28.366100645723016,28.19980094677238,28.358182907104492,4504400,0.0,0.0,0.0,XLRE
2019-03-15 00:00:00-04:00,28.385255798942072,28.40118503910594,28.186144854181602,28.24189567565918,5436300,0.204,0.0,0.0,XLRE
2019-03-18 00:00:00-04:00,28.27375222199636,28.32950303966045,27.971102755968637,28.098533630371094,3318300,0.0,0.0,0.0,XLRE
2019-03-19 00:00:00-04:00,28.12242891540508,28.17021359427872,27.931281085335446,28.018890380859375,3464300,0.0,0.0,0.0,XLRE
2019-03-20 00:00:00-04:00,28.042776110829205,28.297637798725315,27.833311072440086,28.14631462097168,8689800,0.0,0.0,0.0,XLRE
2019-03-21 00:00:00-04:00,28.106496996128982,28.656042018112707,28.09056775862623,28.64807891845703,4798000,0.0,0.0,0.0,XLRE
2019-03-22 00:00:00-04:00,28.648078960938054,28.916478865869397,28.51268196105957,28.51268196105957,5026000,0.0,0.0,0.0,XLRE
2019-03-25 00:00:00-04:00,28.52860727327137,28.648075019185647,28.40515949716667,28.53657341003418,4370800,0.0,0.0,0.0,XLRE
2019-03-26 00:00:00-04:00,28.640117652373725,28.72772695444576,28.552508350301693,28.7117977142334,2357500,0.0,0.0,0.0,XLRE
2019-03-27 00:00:00-04:00,28.759580573730812,28.847189860994533,28.44100189971573,28.616220474243164,2939100,0.0,0.0,0.0,XLRE
2019-03-28 00:00:00-04:00,28.679931664876253,28.859133291328217,28.58435928701654,28.85515022277832,3626500,0.0,0.0,0.0,XLRE
2019-03-29 00:00:00-04:00,28.84719467163086,28.902945493151947,28.72374381981253,28.84719467163086,3565600,0.0,0.0,0.0,XLRE
2019-04-01 00:00:00-04:00,28.887013390120654,28.90294262871828,28.488791539754818,28.75958251953125,6733100,0.0,0.0,0.0,XLRE
2019-04-02 00:00:00-04:00,28.791444022466752,29.058251961085162,28.576403836087284,29.006481170654297,6604200,0.0,0.0,0.0,XLRE
2019-04-03 00:00:00-04:00,28.998511247433783,29.102049765745146,28.75161263859629,28.974618911743164,3581300,0.0,0.0,0.0,XLRE
2019-04-04 00:00:00-04:00,29.006475294890706,29.014441432508818,28.759579716172823,28.88701057434082,3507700,0.0,0.0,0.0,XLRE
2019-04-05 00:00:00-04:00,28.918865403033333,29.13948059909898,28.839219227848645,29.110010147094727,2869900,0.0,0.0,0.0,XLRE
2019-04-08 00:00:00-04:00,29.10205273638169,29.141874312661308,28.887012578641944,28.966655731201172,2918500,0.0,0.0,0.0,XLRE
2019-04-09 00:00:00-04:00,28.974624739515797,29.014446319740024,28.839227720923233,28.87904930114746,2094500,0.0,0.0,0.0,XLRE
2019-04-10 00:00:00-04:00,28.95072083491628,29.110010147094727,28.918865403033333,29.110010147094727,2606200,0.0,0.0,0.0,XLRE
2019-04-11 00:00:00-04:00,29.117983869293486,29.229485505408636,28.95072837692904,29.0701961517334,3705500,0.0,0.0,0.0,XLRE
2019-04-12 00:00:00-04:00,29.0303622658776,29.229473114013672,28.831251417741523,29.229473114013672,2691300,0.0,0.0,0.0,XLRE
2019-04-15 00:00:00-04:00,29.23744574403241,29.23744574403241,28.96665478074808,29.054264068603516,2115300,0.0,0.0,0.0,XLRE
2019-04-16 00:00:00-04:00,29.062235844522714,29.062235844522714,28.225967416898563,28.369327545166016,3994500,0.0,0.0,0.0,XLRE
2019-04-17 00:00:00-04:00,28.45693675005137,28.51268757327153,27.983051714487992,28.074644088745117,4323500,0.0,0.0,0.0,XLRE
2019-04-18 00:00:00-04:00,28.20206746647129,28.34542755606259,27.963134996549528,28.297639846801758,2756900,0.0,0.0,0.0,XLRE
2019-04-22 00:00:00-04:00,28.241889835483118,28.241889835483118,27.736149477178646,27.987028121948242,4012600,0.0,0.0,0.0,XLRE
2019-04-23 00:00:00-04:00,28.090568593994618,28.377288801187994,27.987030066243342,28.30560874938965,5469100,0.0,0.0,0.0,XLRE
2019-04-24 00:00:00-04:00,28.385247219795158,28.616216575075267,28.31356717981826,28.504714965820312,3304200,0.0,0.0,0.0,XLRE
2019-04-25 00:00:00-04:00,28.41710952415507,28.560469623449112,28.24189094986426,28.47286033630371,4198400,0.0,0.0,0.0,XLRE
2019-04-26 00:00:00-04:00,28.584361002068547,28.68391645445145,28.441000907581863,28.66400718688965,2517000,0.0,0.0,0.0,XLRE
2019-04-29 00:00:00-04:00,28.568438496849478,28.72772786583465,28.333489032195157,28.369327545166016,3256800,0.0,0.0,0.0,XLRE
2019-04-30 00:00:00-04:00,28.385253073214823,28.731707177578468,28.186142147574213,28.695865631103516,4650200,0.0,0.0,0.0,XLRE
2019-05-01 00:00:00-04:00,28.719761008150687,29.046302804673626,28.640114814979476,28.695865631103516,6051300,0.0,0.0,0.0,XLRE
2019-05-02 00:00:00-04:00,28.703838464829396,29.038343439598595,28.703838464829396,28.751623153686523,5382600,0.0,0.0,0.0,XLRE
2019-05-03 00:00:00-04:00,28.871086209643178,28.99851708931669,28.735692229198996,28.950729370117188,3223400,0.0,0.0,0.0,XLRE
2019-05-06 00:00:00-04:00,28.823300263745647,28.942768049998527,28.648084692284634,28.831266403198242,3377200,0.0,0.0,0.0,XLRE
2019-05-07 00:00:00-04:00,28.735689027994628,28.78347370367901,28.130390138332906,28.337467193603516,3711800,0.0,0.0,0.0,XLRE
2019-05-08 00:00:00-04:00,28.393218007362954,28.608255124325648,28.325517986490937,28.337467193603516,3831500,0.0,0.0,0.0,XLRE
2019-05-09 00:00:00-04:00,28.273751271699293,28.46489909597424,28.082603447424347,28.433040618896484,5684500,0.0,0.0,0.0,XLRE
2019-05-10 00:00:00-04:00,28.369323769368425,28.831262574124764,28.349414499765096,28.75958251953125,3268400,0.0,0.0,0.0,XLRE
2019-05-13 00:00:00-04:00,28.568434694551343,28.80736719713252,28.512683878555453,28.75958251953125,3392100,0.0,0.0,0.0,XLRE
2019-05-14 00:00:00-04:00,28.81532950857137,28.98258193434629,28.751612562643096,28.863117218017578,3984400,0.0,0.0,0.0,XLRE
2019-05-15 00:00:00-04:00,28.863119293456588,29.15780259408643,28.751614630064225,29.054264068603516,3478200,0.0,0.0,0.0,XLRE
2019-05-16 00:00:00-04:00,29.05426511901803,29.34098533029579,29.030372780808726,29.22151756286621,2834200,0.0,0.0,0.0,XLRE
2019-05-17 00:00:00-04:00,29.086125448341853,29.237448663626626,29.022408491469278,29.181697845458984,3403200,0.0,0.0,0.0,XLRE
2019-05-20 00:00:00-04:00,29.078161124541985,29.125948845179074,28.608259171949,28.7117977142334,3472100,0.0,0.0,0.0,XLRE
2019-05-21 00:00:00-04:00,28.839227730176844,29.034358638264273,28.791443049169168,28.950729370117188,2353600,0.0,0.0,0.0,XLRE
2019-05-22 00:00:00-04:00,28.98258968912197,29.110020576883578,28.918875764337173,29.08612823486328,1982800,0.0,0.0,0.0,XLRE
2019-05-23 00:00:00-04:00,29.006466898131777,29.257348511225103,28.958682239020995,29.229473114013672,2521100,0.0,0.0,0.0,XLRE
2019-05-24 00:00:00-04:00,29.35691738965189,29.460455928827976,29.261344989438793,29.26930809020996,1523600,0.0,0.0,0.0,XLRE
2019-05-28 00:00:00-04:00,29.412665284830823,29.460452999281273,28.958692631221858,28.966655731201172,2496400,0.0,0.0,0.0,XLRE
2019-05-29 00:00:00-04:00,28.94276319636247,29.014443248455215,28.51427489615275,28.632150650024414,2648700,0.0,0.0,0.0,XLRE
2019-05-30 00:00:00-04:00,28.66401025319821,28.89895968762356,28.6162225371935,28.8073673248291,2656200,0.0,0.0,0.0,XLRE
2019-05-31 00:00:00-04:00,28.743655225314214,29.20559102312685,28.703833645222197,29.04630470275879,4582100,0.0,0.0,0.0,XLRE
2019-06-03 00:00:00-04:00,29.14983453705349,29.205585345983522,28.902938965560836,29.157800674438477,6621400,0.0,0.0,0.0,XLRE
2019-06-04 00:00:00-04:00,29.165772373567766,29.165772373567766,28.751621214975536,28.998519897460938,3596800,0.0,0.0,0.0,XLRE
2019-06-05 00:00:00-04:00,29.165775188685597,29.67549880593917,29.06223966768825,29.65957260131836,4495200,0.0,0.0,0.0,XLRE
2019-06-06 00:00:00-04:00,29.73921102111219,29.771069501643638,29.532136974041652,29.71531867980957,2272500,0.0,0.0,0.0,XLRE
2019-06-07 00:00:00-04:00,29.882570257724616,29.99407189808087,29.771068617368364,29.810890197753906,2114000,0.0,0.0,0.0,XLRE
2019-06-10 00:00:00-04:00,29.85070413842695,29.874596472905125,29.57195010887804,29.70734405517578,3041400,0.0,0.0,0.0,XLRE
2019-06-11 00:00:00-04:00,29.786993138060616,29.850707048945036,29.560006823813044,29.763097763061523,2472200,0.0,0.0,0.0,XLRE
2019-06-12 00:00:00-04:00,29.80292511631873,30.017965303861562,29.771069673795004,29.874605178833008,2555500,0.0,0.0,0.0,XLRE
2019-06-13 00:00:00-04:00,29.89849184582703,29.95822572021403,29.79893640124571,29.91442108154297,2511300,0.0,0.0,0.0,XLRE
2019-06-14 00:00:00-04:00,29.914427796952644,30.142210146261792,29.914427796952644,30.041858673095703,1945900,0.0,0.0,0.0,XLRE
2019-06-17 00:00:00-04:00,30.121498137574232,30.404235264401194,30.121498137574232,30.368396759033203,4130200,0.0,0.0,0.0,XLRE
2019-06-18 00:00:00-04:00,30.527685127926052,30.65511598440871,30.161318757121055,30.280786514282227,4654400,0.0,0.0,0.0,XLRE
2019-06-19 00:00:00-04:00,30.256900886068127,30.579459648446644,30.113540760968352,30.479904174804688,4654300,0.0,0.0,0.0,XLRE
2019-06-20 00:00:00-04:00,30.623258640994386,30.7586526017957,30.59936326576545,30.6630802154541,4478800,0.0,0.0,0.0,XLRE
2019-06-21 00:00:00-04:00,30.641405733726717,30.641405733726717,30.167779376955554,30.320302963256836,9512500,0.303,0.0,0.0,XLRE
2019-06-24 00:00:00-04:00,30.392550250548297,30.49691010082883,30.11961122370908,30.16777801513672,5083600,0.0,0.0,0.0,XLRE
2019-06-25 00:00:00-04:00,30.19988767148454,30.312273794863078,29.750343177970397,29.75836944580078,3829000,0.0,0.0,0.0,XLRE
2019-06-26 00:00:00-04:00,29.75837302898407,29.75837302898407,29.07602687642949,29.180383682250977,7944600,0.0,0.0,0.0,XLRE
2019-06-27 00:00:00-04:00,29.35698504412906,29.533593537423247,29.340929448166698,29.421207427978516,4578500,0.0,0.0,0.0,XLRE
2019-06-28 00:00:00-04:00,29.469375091053195,29.68531875150583,29.421211359022635,29.517541885375977,5010600,0.0,0.0,0.0,XLRE
2019-07-01 00:00:00-04:00,29.662028352686697,29.70216580212324,29.12819139453651,29.46133804321289,6775000,0.0,0.0,0.0,XLRE
2019-07-02 00:00:00-04:00,29.541618151932894,30.01524748831018,29.517536290482205,30.007221221923828,5959000,0.0,0.0,0.0,XLRE
2019-07-03 00:00:00-04:00,30.095533034446532,30.448747027841396,30.061817195017376,30.440717697143555,3519500,0.0,0.0,0.0,XLRE
2019-07-05 00:00:00-04:00,30.215949337304544,30.375699966068737,29.806542225310924,30.27214241027832,5079200,0.0,0.0,0.0,XLRE
2019-07-08 00:00:00-04:00,30.248059195916426,30.44874960827665,30.19989239452461,30.3845272064209,3435900,0.0,0.0,0.0,XLRE
2019-07-09 00:00:00-04:00,30.320290862943445,30.58118886515613,30.280153415439404,30.545063018798828,3166600,0.0,0.0,0.0,XLRE
2019-07-10 00:00:00-04:00,30.65745669686148,30.753790269501884,30.48085127160416,30.71364974975586,8591200,0.0,0.0,0.0,XLRE
2019-07-11 00:00:00-04:00,30.665490661673786,30.673516929461357,30.187846577570575,30.320302963256836,5157600,0.0,0.0,0.0,XLRE
2019-07-12 00:00:00-04:00,30.336355451409634,30.376492910817444,30.0995392350074,30.19988441467285,3620400,0.0,0.0,0.0,XLRE
2019-07-15 00:00:00-04:00,30.26410758540533,30.44071302384385,30.1597477384017,30.240022659301758,2650100,0.0,0.0,0.0,XLRE
2019-07-16 00:00:00-04:00,30.207917704649873,30.301035887735164,30.095531578655724,30.191862106323242,3533000,0.0,0.0,0.0,XLRE
2019-07-17 00:00:00-04:00,30.272136831582795,30.368470420893136,29.882796996090487,30.039335250854492,3227300,0.0,0.0,0.0,XLRE
2019-07-18 00:00:00-04:00,29.967097409996143,30.11962103911681,29.80654444854158,30.03131675720215,4028800,0.0,0.0,0.0,XLRE
2019-07-19 00:00:00-04:00,30.063426118416494,30.095537321196907,29.509518588479356,29.541629791259766,4515800,0.0,0.0,0.0,XLRE
2019-07-22 00:00:00-04:00,29.581751046390295,29.61386223156683,29.385075396193553,29.509502410888672,3031000,0.0,0.0,0.0,XLRE
2019-07-23 00:00:00-04:00,29.581756025397663,29.80653129717495,29.477399249446023,29.79850196838379,3084800,0.0,0.0,0.0,XLRE
2019-07-24 00:00:00-04:00,29.838646748572252,29.870757947034377,29.670067550084738,29.77442741394043,2663600,0.0,0.0,0.0,XLRE
2019-07-25 00:00:00-04:00,29.74231326585015,29.80653565640529,29.51754102349142,29.64598274230957,3237500,0.0,0.0,0.0,XLRE
2019-07-26 00:00:00-04:00,29.67006662920723,29.82259328602211,29.517543034684696,29.7423152923584,2822300,0.0,0.0,0.0,XLRE
2019-07-29 00:00:00-04:00,29.81457024374437,30.055398150944182,29.798514641625317,29.854707717895508,3030900,0.0,0.0,0.0,XLRE
2019-07-30 00:00:00-04:00,29.854696116654658,30.244035895442362,29.84666984986055,30.15172004699707,3455600,0.0,0.0,0.0,XLRE
2019-07-31 00:00:00-04:00,30.183840386322817,30.416642027317284,29.854708193372826,30.03131675720215,6644000,0.0,0.0,0.0,XLRE
2019-08-01 00:00:00-04:00,30.119609368126063,30.37649278199688,29.83061476194843,30.103553771972656,9956300,0.0,0.0,0.0,XLRE
2019-08-02 00:00:00-04:00,30.135666746351582,30.541059089603554,30.075459022788884,30.33635711669922,4953600,0.0,0.0,0.0,XLRE
2019-08-05 00:00:00-04:00,30.264110063296386,30.280165661249345,29.397126147589635,29.75836944580078,6359700,0.0,0.0,0.0,XLRE
2019-08-06 00:00:00-04:00,29.82257748430514,30.248039907265138,29.718217678984313,30.12762451171875,6841500,0.0,0.0,0.0,XLRE
2019-08-07 00:00:00-04:00,30.15172593063549,30.609299784482765,29.666055544088554,30.40860939025879,7396200,0.0,0.0,0.0,XLRE
2019-08-08 00:00:00-04:00,30.448740624595292,30.890258789062504,30.18382788853991,30.8902587890625,5601800,0.0,0.0,0.0,XLRE
2019-08-09 00:00:00-04:00,30.81801028280945,31.010674370136204,30.57718247036984,30.882232666015625,4695700,0.0,0.0,0.0,XLRE
2019-08-12 00:00:00-04:00,30.874198446041305,30.97454360718597,30.669496522155917,30.858142852783203,3727900,0.0,0.0,0.0,XLRE
2019-08-13 00:00:00-04:00,30.85815094549998,30.98659266295804,30.57718564552676,30.87420654296875,5176100,0.0,0.0,0.0,XLRE
2019-08-14 00:00:00-04:00,30.793932179279103,30.793932179279103,30.352413958861575,30.39255142211914,5999600,0.0,0.0,0.0,XLRE
2019-08-15 00:00:00-04:00,30.48084634527964,30.882226979534927,30.392542115776884,30.818004608154297,5501400,0.0,0.0,0.0,XLRE
2019-08-16 00:00:00-04:00,30.890271698589945,31.115044008118183,30.80196741633441,31.03476905822754,3766700,0.0,0.0,0.0,XLRE
2019-08-19 00:00:00-04:00,31.17926303611282,31.37995345136527,31.02673942294633,31.315731048583984,2930000,0.0,0.0,0.0,XLRE
2019-08-20 00:00:00-04:00,31.355864824931142,31.42811348134565,31.05884086950925,31.08292579650879,3245400,0.0,0.0,0.0,XLRE
2019-08-21 00:00:00-04:00,31.15516978798021,31.289230789418138,31.03475435788879,31.211362838745117,3480700,0.0,0.0,0.0,XLRE
2019-08-22 00:00:00-04:00,31.24347235143466,31.39599897795228,31.01870013840877,31.363887786865234,2511100,0.0,0.0,0.0,XLRE
2019-08-23 00:00:00-04:00,31.371915965313836,31.579027934334167,30.83807891666246,30.970535278320312,6048100,0.0,0.0,0.0,XLRE
2019-08-26 00:00:00-04:00,31.123057341949714,31.267554627309753,30.978560056589675,31.259525299072266,3621000,0.0,0.0,0.0,XLRE
2019-08-27 00:00:00-04:00,31.40403027779966,31.492334536295978,31.13912056460292,31.155176162719727,3042200,0.0,0.0,0.0,XLRE
2019-08-28 00:00:00-04:00,31.171229367786232,31.29967108056784,31.086936718571188,31.24347496032715,3129500,0.0,0.0,0.0,XLRE
2019-08-29 00:00:00-04:00,31.412055312730683,31.52042675733517,31.291639874466316,31.46824836730957,3070700,0.0,0.0,0.0,XLRE
2019-08-30 00:00:00-04:00,31.564576823675193,31.620769874592323,31.37994207604867,31.476272583007812,3623100,0.0,0.0,0.0,XLRE
2019-09-03 00:00:00-04:00,31.428119480914603,31.925830841064453,31.412063880613946,31.925830841064453,6160800,0.0,0.0,0.0,XLRE
2019-09-04 00:00:00-04:00,32.07834494208457,32.222842239667166,31.990040697751684,32.190731048583984,3541500,0.0,0.0,0.0,XLRE
2019-09-05 00:00:00-04:00,32.19073242917745,32.19876175843847,31.79738103955949,31.909767150878906,3925900,0.0,0.0,0.0,XLRE
2019-09-06 00:00:00-04:00,31.925819719894655,32.10001817592221,31.861597341063504,31.949901580810547,2457600,0.0,0.0,0.0,XLRE
2019-09-09 00:00:00-04:00,31.965974718240926,31.974004051147052,31.62881623122169,31.709091186523438,4618900,0.0,0.0,0.0,XLRE
2019-09-10 00:00:00-04:00,31.556554506131057,31.556554506131057,31.026732058120423,31.24347496032715,5632900,0.0,0.0,0.0,XLRE
2019-09-11 00:00:00-04:00,31.19531790754166,31.25953724652895,30.994627496980833,31.171236038208008,7353200,0.0,0.0,0.0,XLRE
2019-09-12 00:00:00-04:00,31.40403111921291,31.556557774263123,31.11503646995177,31.355867385864258,5425200,0.0,0.0,0.0,XLRE
2019-09-13 00:00:00-04:00,31.26757331091065,31.43615255713291,30.878233340616397,30.978578567504883,5653800,0.0,0.0,0.0,XLRE
2019-09-16 00:00:00-04:00,30.970539091726604,31.31572370773537,30.938427897863278,31.299671173095703,4535700,0.0,0.0,0.0,XLRE
2019-09-17 00:00:00-04:00,31.436134066862035,31.749210500640235,31.42810780084094,31.74118423461914,6054200,0.0,0.0,0.0,XLRE
2019-09-18 00:00:00-04:00,31.82147167358014,31.877664744728115,31.334196595970518,31.64486312866211,4031700,0.0,0.0,0.0,XLRE
2019-09-19 00:00:00-04:00,31.693032540679376,31.861611768006483,31.6127575930835,31.749225616455078,3941500,0.0,0.0,0.0,XLRE
2019-09-20 00:00:00-04:00,31.816297432793135,31.872866677678953,31.598100452751,31.6142635345459,5392500,0.263,0.0,0.0,XLRE
2019-09-23 00:00:00-04:00,31.59000876905229,31.860733352700446,31.533439545089735,31.72739028930664,3196700,0.0,0.0,0.0,XLRE
2019-09-24 00:00:00-04:00,31.808212290380727,31.913270763664848,31.541526108073064,31.68699073791504,6528700,0.0,0.0,0.0,XLRE
2019-09-25 00:00:00-04:00,31.695072323380792,31.79204771110231,31.541524619797062,31.6546630859375,3912600,0.0,0.0,0.0,XLRE
2019-09-26 00:00:00-04:00,31.751651370501026,32.02479915666903,31.727405203982453,31.96176528930664,2565600,0.0,0.0,0.0,XLRE
2019-09-27 00:00:00-04:00,32.01831762626437,32.034480701141,31.50111156137758,31.75163459777832,3350700,0.0,0.0,0.0,XLRE
2019-09-30 00:00:00-04:00,31.77589014143526,31.961760951287882,31.743563978993272,31.79205322265625,3492500,0.0,0.0,0.0,XLRE
2019-10-01 00:00:00-04:00,31.759734036033947,31.840549459889495,31.396072335666993,31.51729393005371,6075600,0.0,0.0,0.0,XLRE
2019-10-02 00:00:00-04:00,31.476873806705385,31.553644571846316,31.1374553425532,31.323326110839844,5305300,0.0,0.0,0.0,XLRE
2019-10-03 00:00:00-04:00,31.32332942275009,31.759723315890497,31.27484326759593,31.6950740814209,6328400,0.0,0.0,0.0,XLRE
2019-10-04 00:00:00-04:00,31.74355764956454,31.913268427149635,31.71123457636006,31.84053611755371,2653300,0.0,0.0,0.0,XLRE
2019-10-07 00:00:00-04:00,31.75972181258018,31.929429513171144,31.63850334764036,31.783967971801758,3165800,0.0,0.0,0.0,XLRE
2019-10-08 00:00:00-04:00,31.759724147279236,31.89306724302808,31.46879487756984,31.630422592163086,4616600,0.0,0.0,0.0,XLRE
2019-10-09 00:00:00-04:00,31.751636444427373,31.856691813048407,31.650619532666884,31.72739028930664,2969000,0.0,0.0,0.0,XLRE
2019-10-10 00:00:00-04:00,31.686983127527466,31.85669079398636,31.549601611667807,31.808204650878906,3373400,0.0,0.0,0.0,XLRE
2019-10-11 00:00:00-04:00,31.897105557333163,31.977917865059663,31.670825546673484,31.70315170288086,4949200,0.0,0.0,0.0,XLRE
2019-10-14 00:00:00-04:00,31.72738844406772,31.872853035166045,31.606170006679996,31.75163459777832,1794100,0.0,0.0,0.0,XLRE
2019-10-15 00:00:00-04:00,31.75972154987921,31.816290782941618,31.509201541400547,31.7758846282959,3091100,0.0,0.0,0.0,XLRE
2019-10-16 00:00:00-04:00,31.775891239957392,31.808217403516924,31.52940963770308,31.735485076904297,5929800,0.0,0.0,0.0,XLRE
2019-10-17 00:00:00-04:00,31.81629323309871,32.03449018433923,31.73548091758395,31.945594787597656,4775600,0.0,0.0,0.0,XLRE
2019-10-18 00:00:00-04:00,31.9375132159831,32.31733786233594,31.9375132159831,32.252685546875,2313300,0.0,0.0,0.0,XLRE
2019-10-21 00:00:00-04:00,32.260761683766184,32.49512167507449,32.17186938483462,32.47087860107422,1957300,0.0,0.0,0.0,XLRE
2019-10-22 00:00:00-04:00,32.54360904104819,32.600178265668426,32.333492135780304,32.3739013671875,2226000,0.0,0.0,0.0,XLRE
2019-10-23 00:00:00-04:00,32.3900671756124,32.511285631685354,32.15570717796286,32.43047332763672,2159900,0.0,0.0,0.0,XLRE
2019-10-24 00:00:00-04:00,32.49512446912487,32.53553062353016,32.21631984577399,32.30925369262695,1781800,0.0,0.0,0.0,XLRE
2019-10-25 00:00:00-04:00,32.2365155807896,32.28500480702575,31.84053102296433,31.91326332092285,2842500,0.0,0.0,0.0,XLRE
2019-10-28 00:00:00-04:00,31.856689098026234,31.903562938737114,31.509193787354,31.573843002319336,3318300,0.0,0.0,0.0,XLRE
2019-10-29 00:00:00-04:00,31.622340011891655,31.85669694198599,31.565770778821438,31.6546630859375,2167200,0.0,0.0,0.0,XLRE
2019-10-30 00:00:00-04:00,31.719318923779717,31.889026641845703,31.47687888614369,31.889026641845703,2637400,0.0,0.0,0.0,XLRE
2019-10-31 00:00:00-04:00,31.94559259172152,31.986001829493482,31.66274642406992,31.783967971801758,3263900,0.0,0.0,0.0,XLRE
2019-11-01 00:00:00-04:00,31.82437324726254,31.93347017097251,31.371816308735117,31.70315170288086,3370000,0.0,0.0,0.0,XLRE
2019-11-04 00:00:00-05:00,31.646583481495526,31.67890963873518,31.307168078855234,31.34757423400879,3045400,0.0,0.0,0.0,XLRE
2019-11-05 00:00:00-05:00,31.250603436996084,31.250603436996084,30.620258629979187,30.806129455566406,6643600,0.0,0.0,0.0,XLRE
2019-11-06 00:00:00-05:00,30.846527713413444,31.063916956742847,30.818243096830958,30.919260025024414,2425600,0.0,0.0,0.0,XLRE
2019-11-07 00:00:00-05:00,30.830373821215392,30.838453820641977,30.478833731703034,30.58793067932129,3725800,0.0,0.0,0.0,XLRE
2019-11-08 00:00:00-05:00,30.523269185944983,30.749546072591347,30.45053688912417,30.531349182128906,2612100,0.0,0.0,0.0,XLRE
2019-11-11 00:00:00-05:00,30.515198353311582,30.698646093058954,30.507118353884998,30.58793067932129,2538700,0.0,0.0,0.0,XLRE
2019-11-12 00:00:00-05:00,30.587920978304023,30.794804041847005,30.34548099609283,30.385887145996094,6213800,0.0,0.0,0.0,XLRE
2019-11-13 00:00:00-05:00,30.434374859425276,30.765710204592697,30.418211783710834,30.692977905273438,2220800,0.0,0.0,0.0,XLRE
2019-11-14 00:00:00-05:00,30.76571816696776,31.000078201293945,30.725312008619998,31.000078201293945,2525100,0.0,0.0,0.0,XLRE
2019-11-15 00:00:00-05:00,31.024316323156338,31.161700938940246,30.927340942056492,31.15361785888672,2615000,0.0,0.0,0.0,XLRE
2019-11-18 00:00:00-05:00,31.194024572779924,31.460710729098913,31.169781497766138,31.323326110839844,2835500,0.0,0.0,0.0,XLRE
2019-11-19 00:00:00-05:00,31.379909044047547,31.460721376638116,31.266767462510725,31.387989044189453,3345100,0.0,0.0,0.0,XLRE
2019-11-20 00:00:00-05:00,31.363732416218006,31.476870866101937,31.20452781220286,31.404138565063477,5711400,0.0,0.0,0.0,XLRE
2019-11-21 00:00:00-05:00,31.331415770864854,31.331415770864854,30.944318766853453,30.983917236328125,3556100,0.0,0.0,0.0,XLRE
2019-11-22 00:00:00-05:00,31.016246446433897,31.03240952902315,30.6566263365032,30.806129455566406,3614400,0.0,0.0,0.0,XLRE
2019-11-25 00:00:00-05:00,30.8707761069845,31.04048381876331,30.77783916989103,30.83036994934082,2712000,0.0,0.0,0.0,XLRE
2019-11-26 00:00:00-05:00,30.854620137882865,31.25868797302246,30.83037705426823,31.25868797302246,4916300,0.0,0.0,0.0,XLRE
2019-11-27 00:00:00-05:00,31.242513396496783,31.36373493556206,31.121291857431505,31.35565185546875,2605700,0.0,0.0,0.0,XLRE
2019-11-29 00:00:00-05:00,31.331415251458395,31.476879895261934,31.20211368838774,31.234439849853516,2550800,0.0,0.0,0.0,XLRE
2019-12-02 00:00:00-05:00,31.153615186705466,31.210184411060833,30.66065216064453,30.66065216064453,6651500,0.0,0.0,0.0,XLRE
2019-12-03 00:00:00-05:00,30.644501885570424,30.967757373595887,30.63642188562655,30.91118812561035,3584000,0.0,0.0,0.0,XLRE
2019-12-04 00:00:00-05:00,30.846523512677773,31.14957425598814,30.78187429048985,31.072803497314453,2283800,0.0,0.0,0.0,XLRE
2019-12-05 00:00:00-05:00,31.024322436096128,31.121297836303714,30.899062415711647,31.12129783630371,3042200,0.0,0.0,0.0,XLRE
2019-12-06 00:00:00-05:00,31.12937736511231,31.274841990217805,31.101092748163573,31.129377365112305,3855600,0.0,0.0,0.0,XLRE
2019-12-09 00:00:00-05:00,31.169780731201172,31.258676114454612,31.044520736321374,31.169780731201172,2562300,0.0,0.0,0.0,XLRE
2019-12-10 00:00:00-05:00,31.194021932952683,31.282917310869482,30.870769656554373,30.951581954956055,7303200,0.0,0.0,0.0,XLRE
2019-12-11 00:00:00-05:00,31.024316425513504,31.024316425513504,30.61216874238556,30.71722412109375,6222900,0.0,0.0,0.0,XLRE
2019-12-12 00:00:00-05:00,30.733384540128476,30.838442992541257,30.256584588767726,30.34547996520996,7621000,0.0,0.0,0.0,XLRE
2019-12-13 00:00:00-05:00,30.3374033714733,30.490947986228818,30.11112336529606,30.377809524536133,6152000,0.0,0.0,0.0,XLRE
2019-12-16 00:00:00-05:00,30.42630039278576,30.701066564285686,30.236388072114803,30.612171173095703,5093900,0.0,0.0,0.0,XLRE
2019-12-17 00:00:00-05:00,30.668740748943776,30.709146904628295,30.220225330423865,30.28083610534668,4452000,0.0,0.0,0.0,XLRE
2019-12-18 00:00:00-05:00,30.280831944508368,30.76571191168018,30.280831944508368,30.709142684936523,3504100,0.0,0.0,0.0,XLRE
2019-12-19 00:00:00-05:00,30.676822768927323,31.024321279744143,30.620253530682007,31.000078201293945,3334500,0.0,0.0,0.0,XLRE
2019-12-20 00:00:00-05:00,31.125060365708816,31.325210643465645,31.084214451428636,31.23943328857422,3691800,0.413,0.0,0.0,XLRE
2019-12-23 00:00:00-05:00,31.296620201512958,31.337466118416014,30.99435356047421,31.051538467407227,3000600,0.0,0.0,0.0,XLRE
2019-12-24 00:00:00-05:00,31.076052975396014,31.165915875299778,30.978019021131466,31.092391967773438,1120200,0.0,0.0,0.0,XLRE
2019-12-26 00:00:00-05:00,31.157751599667527,31.29663150691849,31.092398732283705,31.280292510986328,1607200,0.0,0.0,0.0,XLRE
2019-12-27 00:00:00-05:00,31.378316235444128,31.42733321209515,31.259860879128908,31.394655227661133,1828500,0.0,0.0,0.0,XLRE
2019-12-30 00:00:00-05:00,31.32930057199994,31.41916347478814,31.223101792654113,31.370149612426758,2638400,0.0,0.0,0.0,XLRE
2019-12-31 00:00:00-05:00,31.353809716282083,31.623395300536192,31.32929966946323,31.590717315673828,3675000,0.0,0.0,0.0,XLRE
2020-01-02 00:00:00-05:00,31.688741356900536,31.737755202516656,31.10055027876161,31.22309112548828,4380100,0.0,0.0,0.0,XLRE
2020-01-03 00:00:00-05:00,31.035200415654057,31.52127209047193,31.018861426770773,31.451833724975586,3499000,0.0,0.0,0.0,XLRE
2020-01-06 00:00:00-05:00,31.394661477727325,31.58255525111273,31.32930549584819,31.46001434326172,3097200,0.0,0.0,0.0,XLRE
2020-01-07 00:00:00-05:00,31.3701395881505,31.3701395881505,30.94941766714272,31.11688995361328,3550600,0.0,0.0,0.0,XLRE
2020-01-08 00:00:00-05:00,31.1495779349445,31.321132686185198,31.035208100784036,31.27211570739746,5089000,0.0,0.0,0.0,XLRE
2020-01-09 00:00:00-05:00,31.24760372821613,31.337466616637766,31.165911893111236,31.26394271850586,2885000,0.0,0.0,0.0,XLRE
2020-01-10 00:00:00-05:00,31.329300974832407,31.575199237371535,31.259862591364776,31.566211700439453,6513200,0.0,0.0,0.0,XLRE
2020-01-13 00:00:00-05:00,31.582554730516467,31.95017433166504,31.574386791088585,31.95017433166504,2988100,0.0,0.0,0.0,XLRE
2020-01-14 00:00:00-05:00,31.917489457282258,31.917489457282258,31.619311429133006,31.79494857788086,3720200,0.0,0.0,0.0,XLRE
2020-01-15 00:00:00-05:00,31.876641442863022,32.11355213209721,31.868470389389397,32.01551818847656,4468700,0.0,0.0,0.0,XLRE
2020-01-16 00:00:00-05:00,32.08904883058742,32.30145263671875,32.007356976748895,32.30145263671875,4244500,0.0,0.0,0.0,XLRE
2020-01-17 00:00:00-05:00,32.285107874904824,32.456662607123945,32.24426195528274,32.34229278564453,3014700,0.0,0.0,0.0,XLRE
2020-01-21 00:00:00-05:00,32.350473053192225,32.69358576474942,32.293288120656875,32.6690788269043,2329500,0.0,0.0,0.0,XLRE
2020-01-22 00:00:00-05:00,32.7589189911875,32.84878186451937,32.350453651565,32.40763854980469,5815200,0.0,0.0,0.0,XLRE
2020-01-23 00:00:00-05:00,32.42399058122071,32.74259629202669,32.342298726969624,32.71808624267578,2637800,0.0,0.0,0.0,XLRE
2020-01-24 00:00:00-05:00,32.783448691974996,32.8447191529329,32.54653790498849,32.6690788269043,2397900,0.0,0.0,0.0,XLRE
2020-01-27 00:00:00-05:00,32.47301221412043,32.652738058825186,32.440334221202306,32.53019714355469,6741600,0.0,0.0,0.0,XLRE
2020-01-28 00:00:00-05:00,32.571039142758764,32.74994848348451,32.48934728667472,32.61188507080078,2904300,0.0,0.0,0.0,XLRE
2020-01-29 00:00:00-05:00,32.71808333331104,32.791607242136905,32.4076487053414,32.44032669067383,5409600,0.0,0.0,0.0,XLRE
2020-01-30 00:00:00-05:00,32.33412847600144,32.54081065995748,32.276940442501584,32.513851165771484,3847400,0.0,0.0,0.0,XLRE
2020-01-31 00:00:00-05:00,32.432157218586795,32.473003140148364,31.97058926754336,32.04819869995117,7586200,0.0,0.0,0.0,XLRE
2020-02-03 00:00:00-05:00,32.17890622781231,32.381505979550234,32.05228294114808,32.080875396728516,6254800,0.0,0.0,0.0,XLRE
2020-02-04 00:00:00-05:00,32.1952492326589,32.61596818136723,32.13397878696429,32.49751281738281,5309500,0.0,0.0,0.0,XLRE
2020-02-05 00:00:00-05:00,32.53019212275662,32.611883976098454,32.3913153488066,32.47300720214844,3049300,0.0,0.0,0.0,XLRE
2020-02-06 00:00:00-05:00,32.5792101981739,32.685408987814235,32.513854220231025,32.61188507080078,2676700,0.0,0.0,0.0,XLRE
2020-02-07 00:00:00-05:00,32.628231048583984,32.664994573131345,32.53428570561503,32.628231048583984,3216600,0.0,0.0,0.0,XLRE
2020-02-10 00:00:00-05:00,32.73442055691927,33.02034512226535,32.70174257335285,33.00400924682617,3489300,0.0,0.0,0.0,XLRE
2020-02-11 00:00:00-05:00,33.118383713680515,33.63304800342082,33.118383713680515,33.4043083190918,10001700,0.0,0.0,0.0,XLRE
2020-02-12 00:00:00-05:00,33.445152790715994,33.698402513306014,33.322615015019664,33.6167106628418,2539700,0.0,0.0,0.0,XLRE
2020-02-13 00:00:00-05:00,33.56768842741023,33.89854442123925,33.52684250857295,33.82093811035156,2825500,0.0,0.0,0.0,XLRE
2020-02-14 00:00:00-05:00,33.902627714248574,34.2212302230687,33.85361074506716,34.21306228637695,2235200,0.0,0.0,0.0,XLRE
2020-02-18 00:00:00-05:00,34.25390948795903,34.25390948795903,33.97615288486165,34.18038558959961,3260100,0.0,0.0,0.0,XLRE
2020-02-19 00:00:00-05:00,34.18856360886429,34.18856360886429,33.69840621948242,33.69840621948242,2606100,0.0,0.0,0.0,XLRE
2020-02-20 00:00:00-05:00,33.78825608900774,34.09869064447437,33.62486931684933,34.074180603027344,3901800,0.0,0.0,0.0,XLRE
2020-02-21 00:00:00-05:00,34.07418807895383,34.31109879474491,34.033342156038444,34.25391387939453,2986900,0.0,0.0,0.0,XLRE
2020-02-24 00:00:00-05:00,33.85361741225244,34.159966518196,33.64203321885199,33.79643249511719,4703100,0.0,0.0,0.0,XLRE
2020-02-25 00:00:00-05:00,33.886295663937084,34.000665499104684,32.82428604493815,32.94682693481445,9190200,0.0,0.0,0.0,XLRE
2020-02-26 00:00:00-05:00,32.9876699007359,33.24500200678347,32.58818887933558,32.66089630126953,8641900,0.0,0.0,0.0,XLRE
2020-02-27 00:00:00-05:00,32.121728471923426,32.25243731459916,30.80646898955493,30.814640045166016,15861500,0.0,0.0,0.0,XLRE
2020-02-28 00:00:00-05:00,30.16109228432145,30.357157103704836,29.158720049486114,30.054893493652344,44499000,0.0,0.0,0.0,XLRE
2020-03-02 00:00:00-05:00,30.201940940242903,31.5580463147885,30.128417023463854,31.549875259399414,19686200,0.0,0.0,0.0,XLRE
2020-03-03 00:00:00-05:00,31.615230646349843,32.31370628452634,31.223104136303977,31.525367736816406,37983700,0.0,0.0,0.0,XLRE
2020-03-04 00:00:00-05:00,31.941996181848335,32.79160504551313,31.892982323477213,32.75075912475586,13712900,0.0,0.0,0.0,XLRE
2020-03-05 00:00:00-05:00,32.21158552586092,32.47300316365705,31.639733274552864,31.999181747436523,13348200,0.0,0.0,0.0,XLRE
2020-03-06 00:00:00-05:00,31.30478594136952,31.582542519698368,30.42250235607661,31.451833724975586,16942300,0.0,0.0,0.0,XLRE
2020-03-09 00:00:00-04:00,29.777131229850465,30.193764607886997,29.205278989994362,29.229785919189453,12791800,0.0,0.0,0.0,XLRE
2020-03-10 00:00:00-04:00,29.981363951522987,30.700263999272703,28.919354429649268,30.651247024536133,18902400,0.0,0.0,0.0,XLRE
2020-03-11 00:00:00-04:00,29.907842212412216,29.956856074352565,28.71512378791899,29.00921630859375,16089100,0.0,0.0,0.0,XLRE
2020-03-12 00:00:00-04:00,27.171120313189057,28.24947196625633,22.874065158227676,26.517576217651367,9058600,0.0,0.0,0.0,XLRE
2020-03-13 00:00:00-04:00,27.91453077432078,28.886680658787014,26.57476443292792,28.845834732055664,9694900,0.0,0.0,0.0,XLRE
2020-03-16 00:00:00-04:00,25.97840084622566,26.68096188772639,24.042275571547187,24.23016929626465,5840100,0.0,0.0,0.0,XLRE
2020-03-17 00:00:00-04:00,24.597788149350734,26.378697634081817,24.050444422925786,25.70064353942871,7267800,0.0,0.0,0.0,XLRE
2020-03-18 00:00:00-04:00,24.181155472391627,25.21865811169622,23.17633081771335,23.89522933959961,12255800,0.0,0.0,0.0,XLRE
2020-03-19 00:00:00-04:00,23.543948534640162,24.1321397860147,22.874065438949874,23.519441604614258,13526100,0.0,0.0,0.0,XLRE
2020-03-20 00:00:00-04:00,23.650150395082225,24.18115517331582,22.03262601404278,22.187843322753906,16549800,0.0,0.0,0.0,XLRE
2020-03-23 00:00:00-04:00,22.123644577768697,22.156567422468928,20.477540019100417,20.954910278320312,28171300,0.202,0.0,0.0,XLRE
2020-03-24 00:00:00-04:00,21.91787782149665,22.85615832962154,21.58042656931448,22.78208351135254,15346800,0.0,0.0,0.0,XLRE
2020-03-25 00:00:00-04:00,22.946691293771433,25.04547503914054,22.61747077582547,23.794435501098633,18863500,0.0,0.0,0.0,XLRE
2020-03-26 00:00:00-04:00,24.000203963784926,25.728614037277175,23.835592882558,25.62161636352539,17228600,0.0,0.0,0.0,XLRE
2020-03-27 00:00:00-04:00,24.83148642277569,26.296519991592266,24.815025001027195,25.68745994567871,11840800,0.0,0.0,0.0,XLRE
2020-03-30 00:00:00-04:00,25.827380964004504,26.485823758169026,25.259475996724145,26.354135513305664,10377700,0.0,0.0,0.0,XLRE
2020-03-31 00:00:00-04:00,26.164831860266503,26.205983844952097,24.913792059714336,25.514619827270508,9015800,0.0,0.0,0.0,XLRE
2020-04-01 00:00:00-04:00,24.362347969250596,24.37880939172706,23.440528718588073,23.967283248901367,11255400,0.0,0.0,0.0,XLRE
2020-04-02 00:00:00-04:00,23.687448362205906,24.66687957654722,23.670986937633486,24.321197509765625,11021700,0.0,0.0,0.0,XLRE
2020-04-03 00:00:00-04:00,24.148353676166206,24.526956966036284,23.67921413443693,24.11543083190918,7984100,0.0,0.0,0.0,XLRE
2020-04-06 00:00:00-04:00,25.029015311613,25.967294243606105,25.029015311613,25.86029815673828,9514500,0.0,0.0,0.0,XLRE
2020-04-07 00:00:00-04:00,26.897347481836505,27.152494806787242,25.852070759205912,25.868532180786133,19488600,0.0,0.0,0.0,XLRE
2020-04-08 00:00:00-04:00,26.205983476393406,27.95908562866181,25.926145588893732,27.810935974121094,27207800,0.0,0.0,0.0,XLRE
2020-04-09 00:00:00-04:00,28.312999013226825,29.588729388889252,28.271843888451254,29.243045806884766,49899800,0.0,0.0,0.0,XLRE
2020-04-13 00:00:00-04:00,29.078435054017426,29.127816175459497,27.73274298021268,27.901470184326172,9877300,0.0,0.0,0.0,XLRE
2020-04-14 00:00:00-04:00,28.469376327821866,28.963206402424923,28.469376327821866,28.831518173217773,6720300,0.0,0.0,0.0,XLRE
2020-04-15 00:00:00-04:00,28.074316436414115,28.29654094985882,27.4817177338949,27.72040367126465,5378900,0.0,0.0,0.0,XLRE
2020-04-16 00:00:00-04:00,27.761552106449514,28.00023801325628,27.378832683361143,27.53932762145996,4372800,0.0,0.0,0.0,XLRE
2020-04-17 00:00:00-04:00,28.27184263167168,28.559912793818924,27.950852766740667,28.428224563598633,6540400,0.0,0.0,0.0,XLRE
2020-04-20 00:00:00-04:00,27.926170215215905,28.03316791411637,27.374723434448242,27.374723434448242,5773900,0.0,0.0,0.0,XLRE
2020-04-21 00:00:00-04:00,26.73274007400872,27.168956816809505,26.642203812741638,26.971426010131836,7839500,0.0,0.0,0.0,XLRE
2020-04-22 00:00:00-04:00,27.382951696695617,27.68748018302647,27.177188611935083,27.44056510925293,5386000,0.0,0.0,0.0,XLRE
2020-04-23 00:00:00-04:00,27.489948833880987,27.671018209880916,27.070190391077244,27.127803802490234,6367800,0.0,0.0,0.0,XLRE
2020-04-24 00:00:00-04:00,27.267716383551647,27.350842935924504,26.926149015647013,27.226564407348633,5142700,0.0,0.0,0.0,XLRE
2020-04-27 00:00:00-04:00,27.44879265432318,28.11546614045347,27.44879265432318,28.016700744628906,4024200,0.0,0.0,0.0,XLRE
2020-04-28 00:00:00-04:00,28.5105289892785,28.823289718474523,28.01669890292278,28.04138946533203,5955000,0.0,0.0,0.0,XLRE
2020-04-29 00:00:00-04:00,28.60929720670517,28.699833464082296,28.099005648401416,28.115467071533203,6095100,0.0,0.0,0.0,XLRE
2020-04-30 00:00:00-04:00,27.74509228089401,28.024930188496157,27.465254373291863,27.917932510375977,6837500,0.0,0.0,0.0,XLRE
2020-05-01 00:00:00-04:00,27.234802367534524,27.4158748891071,26.897351029864623,27.061962127685547,5724300,0.0,0.0,0.0,XLRE
2020-05-04 00:00:00-04:00,26.823277189622267,27.070192275681613,26.411750999624807,27.045501708984375,6816600,0.0,0.0,0.0,XLRE
2020-05-05 00:00:00-04:00,27.275951419774035,27.579657277001928,27.18130216801408,27.218338012695312,4899400,0.0,0.0,0.0,XLRE
2020-05-06 00:00:00-04:00,27.300642532205455,27.42410162968407,26.716276168823242,26.716276168823242,4609500,0.0,0.0,0.0,XLRE
2020-05-07 00:00:00-04:00,26.97965424916643,27.292415012249133,26.798584872388407,26.95496368408203,4927700,0.0,0.0,0.0,XLRE
2020-05-08 00:00:00-04:00,27.26772214243264,27.531098613389887,27.19364731374496,27.44879150390625,4428800,0.0,0.0,0.0,XLRE
2020-05-11 00:00:00-04:00,27.152496438278302,27.53109973828685,26.979653071148032,27.11957359313965,4566400,0.0,0.0,0.0,XLRE
2020-05-12 00:00:00-04:00,27.22657061661388,27.25126118002769,25.950838655363764,25.96729850769043,16049400,0.0,0.0,0.0,XLRE
2020-05-13 00:00:00-04:00,25.819150830832484,26.12367929669188,25.428200682098936,25.55577278137207,5131500,0.0,0.0,0.0,XLRE
2020-05-14 00:00:00-04:00,25.2265539635036,25.58869743347168,24.716262390675983,25.58869743347168,8269300,0.0,0.0,0.0,XLRE
2020-05-15 00:00:00-04:00,25.407626625306154,25.50639202776409,25.012560305931114,25.49816131591797,7482800,0.0,0.0,0.0,XLRE
2020-05-18 00:00:00-04:00,26.26359877046304,26.954962828131166,26.26359877046304,26.740970611572266,6286400,0.0,0.0,0.0,XLRE
2020-05-19 00:00:00-04:00,26.60105167612049,26.699817078914016,26.222448348999023,26.222448348999023,5799300,0.0,0.0,0.0,XLRE
2020-05-20 00:00:00-04:00,26.502281285514044,26.543433267291782,26.26359539563021,26.469358444213867,4041700,0.0,0.0,0.0,XLRE
2020-05-21 00:00:00-04:00,26.378823263343065,26.559895758094854,26.140138933689627,26.337671279907227,4289000,0.0,0.0,0.0,XLRE
2020-05-22 00:00:00-04:00,26.3623621902826,26.93027024416265,26.23890466849664,26.913808822631836,4743200,0.0,0.0,0.0,XLRE
2020-05-26 00:00:00-04:00,27.761550739668635,27.959084652054806,27.444677019449703,27.76978302001953,5756600,0.0,0.0,0.0,XLRE
2020-05-27 00:00:00-04:00,28.337694228979565,28.362384796142578,27.654559233642804,28.362384796142578,5779800,0.0,0.0,0.0,XLRE
2020-05-28 00:00:00-04:00,28.691602871207202,28.732754857107583,28.345919282314384,28.68337059020996,5281400,0.0,0.0,0.0,XLRE
2020-05-29 00:00:00-04:00,28.494068885254844,28.65867996821625,28.238924689375164,28.518762588500977,7830900,0.0,0.0,0.0,XLRE
2020-06-01 00:00:00-04:00,28.49406749334274,29.3047744470767,28.411763525730148,29.086666107177734,5275600,0.0,0.0,0.0,XLRE
2020-06-02 00:00:00-04:00,29.267733690088136,29.391189620781223,28.93851159551741,29.275962829589844,4613100,0.0,0.0,0.0,XLRE
2020-06-03 00:00:00-04:00,29.539351976845875,30.144296030944506,29.48997083916986,29.975568771362305,3685700,0.0,0.0,0.0,XLRE
2020-06-04 00:00:00-04:00,29.82740814206087,29.84386642038836,29.185425397982982,29.415882110595703,3692400,0.0,0.0,0.0,XLRE
2020-06-05 00:00:00-04:00,30.345941349584788,30.69985413556763,30.214253090128086,30.494091033935547,5313700,0.0,0.0,0.0,XLRE
2020-06-08 00:00:00-04:00,30.81507161898814,31.160755157470703,30.765690498986924,31.160755157470703,4384200,0.0,0.0,0.0,XLRE
2020-06-09 00:00:00-04:00,30.70807948766233,30.946762245520837,30.42824160700869,30.798612594604492,3636100,0.0,0.0,0.0,XLRE
2020-06-10 00:00:00-04:00,30.66692855505543,30.80684908434788,30.041410163259066,30.222482681274414,3956600,0.0,0.0,0.0,XLRE
2020-06-11 00:00:00-04:00,29.0784337224314,29.399423555885427,28.321224118147107,28.35414695739746,17916000,0.0,0.0,0.0,XLRE
2020-06-12 00:00:00-04:00,29.234816501705165,29.374733878132332,28.526991059391946,29.251277923583984,7645100,0.0,0.0,0.0,XLRE
2020-06-15 00:00:00-04:00,28.461152692328735,29.72865096623301,28.41999756173868,29.62165641784668,5146600,0.0,0.0,0.0,XLRE
2020-06-16 00:00:00-04:00,30.53523373374712,30.617540833169464,29.62164847787017,30.115478515625,6559300,0.0,0.0,0.0,XLRE
2020-06-17 00:00:00-04:00,30.30478629193113,30.30478629193113,29.753342742388487,29.761571884155273,3553800,0.0,0.0,0.0,XLRE
2020-06-18 00:00:00-04:00,29.547579152724726,29.588731140240863,29.251279819095892,29.391197204589844,2261000,0.0,0.0,0.0,XLRE
2020-06-19 00:00:00-04:00,29.810954047773482,29.83564461102496,28.872674967874552,29.09489631652832,5057400,0.0,0.0,0.0,XLRE
2020-06-22 00:00:00-04:00,29.00366087698834,29.115626716280154,28.622140498828983,29.011953353881836,2525400,0.27,0.0,0.0,XLRE
2020-06-23 00:00:00-04:00,29.285653230045828,29.360298179262223,28.86266412986625,28.904132843017578,2444900,0.0,0.0,0.0,XLRE
2020-06-24 00:00:00-04:00,28.57238424294058,28.680205444331584,27.58541163763154,28.165983200073242,6262800,0.0,0.0,0.0,XLRE
2020-06-25 00:00:00-04:00,28.016693602372463,28.4811514904532,27.928779410125138,28.464563369750977,3520100,0.0,0.0,0.0,XLRE
2020-06-26 00:00:00-04:00,28.381622634270833,28.52261689807594,27.908872322667598,27.975221633911133,4398900,0.0,0.0,0.0,XLRE
2020-06-29 00:00:00-04:00,28.207451577111094,28.456270217895508,27.89228678280894,28.456270217895508,4052700,0.0,0.0,0.0,XLRE
2020-06-30 00:00:00-04:00,28.51433302074276,29.011964078668854,28.439688045667737,28.870969772338867,3640600,0.0,0.0,0.0,XLRE
2020-07-01 00:00:00-04:00,28.987080596020494,29.750115230906324,28.92487592899244,29.65888214111328,5182500,0.0,0.0,0.0,XLRE
2020-07-02 00:00:00-04:00,30.098457645219145,30.12333824497931,29.451533576709444,29.559354782104492,2586000,0.0,0.0,0.0,XLRE
2020-07-06 00:00:00-04:00,30.065279647884626,30.15651272682691,29.536959252536594,29.592529296875,3206300,0.0,0.0,0.0,XLRE
2020-07-07 00:00:00-04:00,29.34371121058223,29.468117354909037,29.10318823547956,29.111480712890625,2668600,0.0,0.0,0.0,XLRE
2020-07-08 00:00:00-04:00,29.202718173075894,29.293951257611234,28.837788998795133,29.094900131225586,11063900,0.0,0.0,0.0,XLRE
2020-07-09 00:00:00-04:00,29.036839585105486,29.111484547076888,28.53091613603328,28.995370864868164,6024700,0.0,0.0,0.0,XLRE
2020-07-10 00:00:00-04:00,28.995376760553334,29.17784296333141,28.879263054734995,29.028553009033203,5978400,0.0,0.0,0.0,XLRE
2020-07-13 00:00:00-04:00,29.1280716733136,29.186128512435502,28.49773892119272,28.572383880615234,10021700,0.0,0.0,0.0,XLRE
2020-07-14 00:00:00-04:00,28.60556036036502,28.945608919719245,28.530915400318456,28.8543758392334,6206300,0.0,0.0,0.0,XLRE
2020-07-15 00:00:00-04:00,29.235893192517345,29.335418751547106,28.82534749314165,28.987077713012695,7492500,0.0,0.0,0.0,XLRE
2020-07-16 00:00:00-04:00,28.870960918563327,29.003662704239076,28.57652893046588,28.64702606201172,3339300,0.0,0.0,0.0,XLRE
2020-07-17 00:00:00-04:00,28.771434357606616,29.18612786433184,28.622144442076703,29.045133590698242,8696300,0.0,0.0,0.0,XLRE
2020-07-20 00:00:00-04:00,29.070016546562087,29.22760211677022,28.671911127478417,28.77143669128418,2792300,0.0,0.0,0.0,XLRE
2020-07-21 00:00:00-04:00,29.03684163981818,29.10319412798159,28.696793047632653,28.779733657836914,5930700,0.0,0.0,0.0,XLRE
2020-07-22 00:00:00-04:00,28.738261089014454,29.136366473139546,28.555794934842822,29.128070831298828,21831500,0.0,0.0,0.0,XLRE
2020-07-23 00:00:00-04:00,29.07831329260055,29.235895704928026,28.663619736502284,28.978784561157227,9896100,0.0,0.0,0.0,XLRE
2020-07-24 00:00:00-04:00,28.92902147439448,29.111484475763834,28.804612150126726,28.862668991088867,3388800,0.0,0.0,0.0,XLRE
2020-07-27 00:00:00-04:00,28.879258275247857,29.21930685623583,28.580678416066096,29.20271873474121,3487800,0.0,0.0,0.0,XLRE
2020-07-28 00:00:00-04:00,29.194427436246848,29.93921608746092,29.128074947585766,29.791584014892578,3591000,0.0,0.0,0.0,XLRE
2020-07-29 00:00:00-04:00,29.8994037611131,30.355566024780273,29.88281563976112,30.355566024780273,3072600,0.0,0.0,0.0,XLRE
2020-07-30 00:00:00-04:00,29.96575430436993,30.12333670120948,29.708643185869196,30.106748580932617,3104000,0.0,0.0,0.0,XLRE
2020-07-31 00:00:00-04:00,30.065283494300733,30.123340340353273,29.64229744965209,30.073575973510742,4594400,0.0,0.0,0.0,XLRE
2020-08-03 00:00:00-04:00,29.965754090793236,30.007222809259613,29.51373651708659,29.592529296875,4743600,0.0,0.0,0.0,XLRE
2020-08-04 00:00:00-04:00,29.600824724026154,30.127487308985565,29.559356001428426,30.032106399536133,4030600,0.0,0.0,0.0,XLRE
2020-08-05 00:00:00-04:00,30.14821503437987,30.21456751050165,29.725229072614223,29.80816650390625,2729100,0.0,0.0,0.0,XLRE
2020-08-06 00:00:00-04:00,29.75011251582598,29.915990558142028,29.646439134861012,29.866226196289062,2887800,0.0,0.0,0.0,XLRE
2020-08-07 00:00:00-04:00,29.74181593109755,30.293359001008046,29.73352029000382,30.27262306213379,4065400,0.0,0.0,0.0,XLRE
2020-08-10 00:00:00-04:00,30.338973341501273,30.413615122786762,30.098450388937458,30.222856521606445,2986400,0.0,0.0,0.0,XLRE
2020-08-11 00:00:00-04:00,30.479973440678528,30.479973440678528,29.540278413876777,29.64229393005371,5520100,0.0,0.0,0.0,XLRE
2020-08-12 00:00:00-04:00,29.857924393519507,30.090151681922947,29.725222633880467,30.015506744384766,4035200,0.0,0.0,0.0,XLRE
2020-08-13 00:00:00-04:00,29.932576972654044,30.156511842437727,29.633997146275796,29.667173385620117,4096600,0.0,0.0,0.0,XLRE
2020-08-14 00:00:00-04:00,29.650588203756318,29.965756181033868,29.61907298795888,29.7418212890625,2416800,0.0,0.0,0.0,XLRE
2020-08-17 00:00:00-04:00,29.733525779478235,30.007225036621094,29.638976967802353,30.007225036621094,2824900,0.0,0.0,0.0,XLRE
2020-08-18 00:00:00-04:00,30.06528743913267,30.07772774151038,29.783295651080152,29.97405433654785,2603600,0.0,0.0,0.0,XLRE
2020-08-19 00:00:00-04:00,30.032107339275345,30.048695461605647,29.31883389837665,29.360305786132812,4328900,0.0,0.0,0.0,XLRE
2020-08-20 00:00:00-04:00,29.244190546671533,29.81232190341696,29.16954557398864,29.675472259521484,3032800,0.0,0.0,0.0,XLRE
2020-08-21 00:00:00-04:00,29.75011775863695,29.849646499882653,29.394313107618103,29.775001525878906,2155700,0.0,0.0,0.0,XLRE
2020-08-24 00:00:00-04:00,29.816465377807617,29.83305349863641,29.385183727840637,29.816465377807617,3438400,0.0,0.0,0.0,XLRE
2020-08-25 00:00:00-04:00,29.907691955566406,29.940865026148362,29.643117339033672,29.907691955566406,3226600,0.0,0.0,0.0,XLRE
2020-08-26 00:00:00-04:00,29.824748298903717,29.866217005756713,29.49880116245682,29.700342178344727,2231400,0.0,0.0,0.0,XLRE
2020-08-27 00:00:00-04:00,29.774995000568914,30.189688506627753,29.741818760757717,30.09845542907715,3098400,0.0,0.0,0.0,XLRE
2020-08-28 00:00:00-04:00,30.148216599568908,30.3306827545166,29.849639933100455,30.3306827545166,1583700,0.0,0.0,0.0,XLRE
2020-08-31 00:00:00-04:00,30.28921772164537,30.28921772164537,29.957461611172462,30.065282821655273,3522700,0.0,0.0,0.0,XLRE
2020-09-01 00:00:00-04:00,29.974038037721225,30.056978614907823,29.750103225106688,30.015506744384766,4280200,0.0,0.0,0.0,XLRE
2020-09-02 00:00:00-04:00,30.056989814389407,30.720498859813528,29.82475927559544,30.68732261657715,4663200,0.0,0.0,0.0,XLRE
2020-09-03 00:00:00-04:00,30.645847910773785,30.853194644725082,29.94916275814302,30.173097610473633,8943100,0.0,0.0,0.0,XLRE
2020-09-04 00:00:00-04:00,30.27262959973565,30.463388255906313,29.542768055011702,30.065282821655273,9308100,0.0,0.0,0.0,XLRE
2020-09-08 00:00:00-04:00,29.86622458591456,29.94086954273893,29.459826726206575,29.683761596679688,6823000,0.0,0.0,0.0,XLRE
2020-09-09 00:00:00-04:00,29.882815708126948,30.413622937162085,29.82475886519252,30.007225036621094,4081600,0.0,0.0,0.0,XLRE
2020-09-10 00:00:00-04:00,29.974049091907602,30.065282178529124,29.56765118732533,29.58423614501953,6048400,0.0,0.0,0.0,XLRE
2020-09-11 00:00:00-04:00,29.667178786458983,29.741823756642486,29.26907333343395,29.484712600708008,5445000,0.0,0.0,0.0,XLRE
2020-09-14 00:00:00-04:00,29.68376435743466,30.284239793505627,29.68376435743466,30.206275939941406,3205600,0.0,0.0,0.0,XLRE
2020-09-15 00:00:00-04:00,30.289209840029315,30.88636941794816,30.264329245569336,30.60437774658203,2947800,0.0,0.0,0.0,XLRE
2020-09-16 00:00:00-04:00,30.753675078342976,31.114456440701506,30.654146348713798,30.803436279296875,3545400,0.0,0.0,0.0,XLRE
2020-09-17 00:00:00-04:00,30.538030308582233,30.737084588644052,29.919308923306712,30.123336791992188,3656800,0.0,0.0,0.0,XLRE
2020-09-18 00:00:00-04:00,30.13993007649404,30.13993007649404,29.468125325521388,29.526182174682617,6254300,0.0,0.0,0.0,XLRE
2020-09-21 00:00:00-04:00,29.194936064369912,29.2366543970143,28.581666707492676,28.736024856567383,6227100,0.213,0.0,0.0,XLRE
2020-09-22 00:00:00-04:00,28.811110579376933,29.31173997127224,28.769392259111612,29.07811164855957,4578000,0.0,0.0,0.0,XLRE
2020-09-23 00:00:00-04:00,29.02805675745727,29.086463054119807,28.19784705807442,28.243738174438477,4330800,0.0,0.0,0.0,XLRE
2020-09-24 00:00:00-04:00,28.260424732449454,28.74436623254125,28.151957720004845,28.37723731994629,4926400,0.0,0.0,0.0,XLRE
2020-09-25 00:00:00-04:00,28.268771693802705,28.961304860597625,28.21870778974709,28.927928924560547,2765000,0.0,0.0,0.0,XLRE
2020-09-28 00:00:00-04:00,29.303398281969848,29.5537114196474,29.25333756417688,29.428556442260742,2802800,0.0,0.0,0.0,XLRE
2020-09-29 00:00:00-04:00,29.345118592771605,29.470276761528634,29.103151013628175,29.278369903564453,2217600,0.0,0.0,0.0,XLRE
2020-09-30 00:00:00-04:00,29.420210867359092,29.703899938834777,29.136521795883404,29.428556442260742,4386100,0.0,0.0,0.0,XLRE
2020-10-01 00:00:00-04:00,29.537024662098368,29.920838326419226,29.345114647033917,29.912492752075195,5842200,0.0,0.0,0.0,XLRE
2020-10-02 00:00:00-04:00,29.46193466016502,30.4882208322412,29.445246691972176,30.396438598632812,4494600,0.0,0.0,0.0,XLRE
2020-10-05 00:00:00-04:00,30.479876500844718,30.6050346759476,29.9417014405497,30.563316345214844,2185900,0.0,0.0,0.0,XLRE
2020-10-06 00:00:00-04:00,30.64675430896327,30.730194156879033,30.196188678932387,30.304658889770508,4225600,0.0,0.0,0.0,XLRE
2020-10-07 00:00:00-04:00,30.504915473313236,30.584179360937426,30.27963262778649,30.388099670410156,2158300,0.0,0.0,0.0,XLRE
2020-10-08 00:00:00-04:00,30.58000425703195,31.0472546530144,30.538282743472422,30.897066116333008,2208700,0.0,0.0,0.0,XLRE
2020-10-09 00:00:00-04:00,31.07228981390079,31.08063220730385,30.695984531618016,30.813631057739258,2617400,0.0,0.0,0.0,XLRE
2020-10-12 00:00:00-04:00,30.872028104618487,31.038904568791782,30.67177571102977,30.972152709960938,2747100,0.0,0.0,0.0,XLRE
2020-10-13 00:00:00-04:00,30.872032802840582,30.872032802840582,30.27127871355323,30.446500778198242,4258700,0.0,0.0,0.0,XLRE
2020-10-14 00:00:00-04:00,30.488222936224993,30.49656532944488,30.054345281982766,30.0960636138916,7041600,0.0,0.0,0.0,XLRE
2020-10-15 00:00:00-04:00,29.912489259831933,30.488212872002276,29.89580447889984,30.237899780273438,3691200,0.0,0.0,0.0,XLRE
2020-10-16 00:00:00-04:00,30.26293705121396,30.32134334653608,30.029311869925486,30.129436492919922,2730500,0.0,0.0,0.0,XLRE
2020-10-19 00:00:00-04:00,30.19617982600723,30.31299557884122,29.620459367249723,29.65383529663086,3782500,0.0,0.0,0.0,XLRE
2020-10-20 00:00:00-04:00,29.820718889831404,30.066859266328176,29.770654983790983,29.85409164428711,5962200,0.0,0.0,0.0,XLRE
2020-10-21 00:00:00-04:00,29.762307419548534,29.92918391229617,29.670528372296477,29.745622634887695,3566700,0.0,0.0,0.0,XLRE
2020-10-22 00:00:00-04:00,29.73728044145259,29.778998773657726,29.48279447722513,29.537031173706055,3013900,0.0,0.0,0.0,XLRE
2020-10-23 00:00:00-04:00,29.65383907512641,29.81236998553113,29.491135377291393,29.728933334350586,2194100,0.0,0.0,0.0,XLRE
2020-10-26 00:00:00-04:00,29.503657826347087,29.503657826347087,29.09481049585276,29.37015724182129,3322600,0.0,0.0,0.0,XLRE
2020-10-27 00:00:00-04:00,29.42021244321761,29.570400970449658,28.994680404663086,28.994680404663086,2760300,0.0,0.0,0.0,XLRE
2020-10-28 00:00:00-04:00,28.52742990473518,28.84449496088623,28.227056001065744,28.352210998535156,5331500,0.0,0.0,0.0,XLRE
2020-10-29 00:00:00-04:00,28.41895867906265,28.91958496080201,28.151957571081095,28.677614212036133,4989600,0.0,0.0,0.0,XLRE
2020-10-30 00:00:00-04:00,28.502402910679518,28.67762183758964,28.126931508082745,28.494060516357422,5662400,0.0,0.0,0.0,XLRE
2020-11-02 00:00:00-05:00,28.81111227830114,29.194929122924805,28.610863056057838,29.194929122924805,5349800,0.0,0.0,0.0,XLRE
2020-11-03 00:00:00-05:00,29.428552547663884,29.837396542419505,29.336770333317656,29.65383529663086,4895700,0.0,0.0,0.0,XLRE
2020-11-04 00:00:00-05:00,29.778998223402038,30.28797014245219,29.578748959355703,29.737279891967773,5642500,0.0,0.0,0.0,XLRE
2020-11-05 00:00:00-05:00,29.970901975296655,30.137778466571792,29.71308035851456,29.845746994018555,4718500,0.0,0.0,0.0,XLRE
2020-11-06 00:00:00-05:00,29.870776277938358,30.08354387622423,29.620463141492504,29.728933334350586,4562400,0.0,0.0,0.0,XLRE
2020-11-09 00:00:00-05:00,31.16406517798894,32.632574509385286,30.438156087609105,30.51325035095215,11855500,0.0,0.0,0.0,XLRE
2020-11-10 00:00:00-05:00,30.55497562458924,30.86369832345861,30.421475035288065,30.680133819580078,9593400,0.0,0.0,0.0,XLRE
2020-11-11 00:00:00-05:00,30.838657339863754,31.097316061796057,30.596686585433954,30.91375160217285,6219300,0.0,0.0,0.0,XLRE
2020-11-12 00:00:00-05:00,30.821966266422752,31.009703494729337,30.41312224397593,30.596683502197266,5034500,0.0,0.0,0.0,XLRE
2020-11-13 00:00:00-05:00,30.763565103916807,31.372661634809187,30.763565103916807,31.29756736755371,3078700,0.0,0.0,0.0,XLRE
2020-11-16 00:00:00-05:00,31.864943732536826,31.931695603097896,31.12234667851898,31.497817993164062,4066500,0.0,0.0,0.0,XLRE
2020-11-17 00:00:00-05:00,31.305912463731932,31.63131988921922,31.072287272695828,31.514507293701172,4501200,0.0,0.0,0.0,XLRE
2020-11-18 00:00:00-05:00,31.539533721737904,31.827395569728065,30.96381320866169,30.980501174926758,4579100,0.0,0.0,0.0,XLRE
2020-11-19 00:00:00-05:00,30.938788113475937,31.088973469600166,30.605035097210713,31.030567169189453,4583900,0.0,0.0,0.0,XLRE
2020-11-20 00:00:00-05:00,31.072282474900614,31.08062486633327,30.713499168120016,30.82196617126465,2799000,0.0,0.0,0.0,XLRE
2020-11-23 00:00:00-05:00,30.997196173009037,31.05560247673437,30.667615926041893,30.72184944152832,4084700,0.0,0.0,0.0,XLRE
2020-11-24 00:00:00-05:00,31.0722948908528,31.18076193733899,30.670122075789823,30.70516586303711,3201500,0.0,0.0,0.0,XLRE
2020-11-25 00:00:00-05:00,30.763566394711745,30.847006241221376,30.513253220992237,30.780254364013672,3553300,0.0,0.0,0.0,XLRE
2020-11-27 00:00:00-05:00,30.922101899232917,30.922101899232917,30.596691257599844,30.72184944152832,1791100,0.0,0.0,0.0,XLRE
2020-11-30 00:00:00-05:00,30.70515282085179,30.70515282085179,30.30882398824487,30.4548397064209,4225200,0.0,0.0,0.0,XLRE
2020-12-01 00:00:00-05:00,30.763563116745626,30.945459734721613,30.696814429554923,30.83865737915039,4491900,0.0,0.0,0.0,XLRE
2020-12-02 00:00:00-05:00,30.75522110871356,30.94712796327814,30.488219990805934,30.51325035095215,3019100,0.0,0.0,0.0,XLRE
2020-12-03 00:00:00-05:00,30.57165462926403,30.88871962944666,30.53827869600182,30.7385311126709,2953400,0.0,0.0,0.0,XLRE
2020-12-04 00:00:00-05:00,30.913756246326127,31.16406943065939,30.88038030630707,31.147384643554688,3325500,0.0,0.0,0.0,XLRE
2020-12-07 00:00:00-05:00,31.105658493721915,31.172410363816976,30.734359969305128,30.83865737915039,3027800,0.0,0.0,0.0,XLRE
2020-12-08 00:00:00-05:00,30.7218496692292,30.905414158243534,30.68013133524545,30.696819305419922,2184100,0.0,0.0,0.0,XLRE
2020-12-09 00:00:00-05:00,30.730194870148264,30.755225233651593,30.221222926215127,30.413129806518555,3443200,0.0,0.0,0.0,XLRE
2020-12-10 00:00:00-05:00,30.29631214680106,30.538279713755713,30.154466017161432,30.246248245239258,2687300,0.0,0.0,0.0,XLRE
2020-12-11 00:00:00-05:00,30.121093308295816,30.27128184615983,29.912498470474087,30.262939453125,2340600,0.0,0.0,0.0,XLRE
2020-12-14 00:00:00-05:00,30.521598693201796,30.70098720105132,30.0293147406371,30.04599952697754,3412600,0.0,0.0,0.0,XLRE
2020-12-15 00:00:00-05:00,30.20453331741778,30.571659088134766,29.98759290247688,30.571659088134766,2593200,0.0,0.0,0.0,XLRE
2020-12-16 00:00:00-05:00,30.630060640236284,30.79276433476783,30.403943946249516,30.579999923706055,2919300,0.0,0.0,0.0,XLRE
2020-12-17 00:00:00-05:00,30.74688120217313,30.980509610594485,30.655102137080974,30.938791275024414,2124200,0.0,0.0,0.0,XLRE
2020-12-18 00:00:00-05:00,30.963817142287585,30.98050511067268,30.183671330533137,30.404781341552734,4150700,0.0,0.0,0.0,XLRE
2020-12-21 00:00:00-05:00,30.029512748482304,30.20700458508535,29.8351199980453,30.130937576293945,5463900,0.466,0.0,0.0,XLRE
2020-12-22 00:00:00-05:00,30.15629705624172,30.342239379882812,30.02951761300731,30.342239379882812,1673100,0.0,0.0,0.0,XLRE
2020-12-23 00:00:00-05:00,30.443658038855705,30.61100353454752,30.054872512817383,30.054872512817383,1965300,0.0,0.0,0.0,XLRE
2020-12-24 00:00:00-05:00,30.17320598697553,30.35069465637207,30.156301843585045,30.35069465637207,1600000,0.0,0.0,0.0,XLRE
2020-12-28 00:00:00-05:00,30.45210919711334,30.621147367495897,30.30842884797587,30.595792770385742,2955500,0.0,0.0,0.0,XLRE
2020-12-29 00:00:00-05:00,30.731021183195733,30.857797386781424,30.3591365814209,30.3591365814209,2212200,0.0,0.0,0.0,XLRE
2020-12-30 00:00:00-05:00,30.435196595541665,30.756368707557208,30.371810120390073,30.528167724609375,2365000,0.0,0.0,0.0,XLRE
2020-12-31 00:00:00-05:00,30.536624063165313,30.9423136601329,30.299969380166814,30.900054931640625,4083800,0.0,0.0,0.0,XLRE
2021-01-04 00:00:00-05:00,30.967679467922085,31.02684235406507,29.894290609972188,29.90274429321289,4967000,0.0,0.0,0.0,XLRE
2021-01-05 00:00:00-05:00,29.919645145460226,30.156296664008895,29.84357812533599,29.868932723999023,4432400,0.0,0.0,0.0,XLRE
2021-01-06 00:00:00-05:00,29.87738045580932,29.915415574468227,29.5562114882677,29.72524642944336,7383400,0.0,0.0,0.0,XLRE
2021-01-07 00:00:00-05:00,29.792863634299405,29.919643067078045,29.59424402754249,29.818218231201172,3433700,0.0,0.0,0.0,XLRE
2021-01-08 00:00:00-05:00,29.894289541083086,30.23236592764242,29.852030798797013,30.139394760131836,3419900,0.0,0.0,0.0,XLRE
2021-01-11 00:00:00-05:00,29.978811018678734,30.114040931943734,29.543539836111254,29.63228416442871,4050000,0.0,0.0,0.0,XLRE
2021-01-12 00:00:00-05:00,29.573122965593015,29.691448743431692,29.2857589804981,29.65764045715332,4372500,0.0,0.0,0.0,XLRE
2021-01-13 00:00:00-05:00,29.640733917402827,30.114040214623834,29.640733917402827,30.06332778930664,3024400,0.0,0.0,0.0,XLRE
2021-01-14 00:00:00-05:00,30.147837033169033,30.44365459712166,30.004156703581508,30.2492618560791,3792500,0.0,0.0,0.0,XLRE
2021-01-15 00:00:00-05:00,30.18164796743629,30.76989780596645,30.114034637005187,30.7141170501709,4213000,0.0,0.0,0.0,XLRE
2021-01-19 00:00:00-05:00,30.866250985254183,30.883155123847157,30.447884033516104,30.51127052307129,3317800,0.0,0.0,0.0,XLRE
2021-01-20 00:00:00-05:00,30.587338880818653,31.266870451142356,30.435204850921256,31.14516258239746,4404200,0.0,0.0,0.0,XLRE
2021-01-21 00:00:00-05:00,31.01838662904953,31.076704781795023,30.739473163895457,31.04374122619629,2669600,0.0,0.0,0.0,XLRE
2021-01-22 00:00:00-05:00,30.891603363899858,31.19587138846567,30.866248769897553,31.11980438232422,2355200,0.0,0.0,0.0,XLRE
2021-01-25 00:00:00-05:00,31.111357772231244,31.584660780843127,30.95922374113887,31.39872169494629,5784200,0.0,0.0,0.0,XLRE
2021-01-26 00:00:00-05:00,31.440987916565327,31.804418941346917,31.37337134258935,31.719898223876953,3398900,0.0,0.0,0.0,XLRE
2021-01-27 00:00:00-05:00,31.525502104998278,31.85512480823667,31.111361917285812,31.314205169677734,8415100,0.0,0.0,0.0,XLRE
2021-01-28 00:00:00-05:00,31.37336387367427,31.771447814228146,31.102904090428925,31.39872169494629,11831200,0.0,0.0,0.0,XLRE
2021-01-29 00:00:00-05:00,31.162061026821377,31.517041439753733,30.89160129512735,31.069089889526367,5590700,0.0,0.0,0.0,XLRE
2021-02-01 00:00:00-05:00,31.263490014054664,31.783278570426006,30.866250819588785,31.770601272583008,3729300,0.0,0.0,0.0,XLRE
2021-02-02 00:00:00-05:00,31.93118497837236,32.06641485897858,31.702983950324114,31.90583038330078,3017400,0.0,0.0,0.0,XLRE
2021-02-03 00:00:00-05:00,31.863573429558116,31.888928026045626,31.348008473413092,31.779052734375,3472200,0.0,0.0,0.0,XLRE
2021-02-04 00:00:00-05:00,31.821318785251467,32.15094147850756,31.719893937991692,31.9565486907959,3040200,0.0,0.0,0.0,XLRE
2021-02-05 00:00:00-05:00,32.04950974181832,32.125576748844,31.931184002919398,32.06641387939453,2019400,0.0,0.0,0.0,XLRE
2021-02-08 00:00:00-05:00,32.08332840337365,32.142491291976036,31.855127308420606,32.13404083251953,2590000,0.0,0.0,0.0,XLRE
2021-02-09 00:00:00-05:00,32.20165437292392,32.379146263926884,32.10023273816197,32.2777214050293,1682200,0.0,0.0,0.0,XLRE
2021-02-10 00:00:00-05:00,32.43830416116404,32.712990802837915,32.312369442526276,32.497467041015625,3329000,0.0,0.0,0.0,XLRE
2021-02-11 00:00:00-05:00,32.53972269596714,32.63269384810291,32.269262921100285,32.43830108642578,2301000,0.0,0.0,0.0,XLRE
2021-02-12 00:00:00-05:00,32.3622381917285,32.50591855485262,32.13488184655249,32.42985153198242,1826300,0.0,0.0,0.0,XLRE
2021-02-16 00:00:00-05:00,32.48056368450985,32.51437196642261,31.922739929490298,32.08332443237305,3341300,0.0,0.0,0.0,XLRE
2021-02-17 00:00:00-05:00,32.06641495297764,32.16361294126141,31.8804758816832,32.10867691040039,3277200,0.0,0.0,0.0,XLRE
2021-02-18 00:00:00-05:00,31.98189489516473,32.14247935830239,31.964990758392172,32.09177017211914,2932100,0.0,0.0,0.0,XLRE
2021-02-19 00:00:00-05:00,32.24391157967221,32.42140022032023,32.104454837390826,32.193199157714844,2448500,0.0,0.0,0.0,XLRE
2021-02-22 00:00:00-05:00,32.14247664642398,32.49745704042895,32.01570046752761,32.37913131713867,4293100,0.0,0.0,0.0,XLRE
2021-02-23 00:00:00-05:00,32.57353406141554,32.70031027932531,32.37491444014158,32.497467041015625,5986100,0.0,0.0,0.0,XLRE
2021-02-24 00:00:00-05:00,32.49746314540587,32.76369607282353,32.37913739988691,32.64959716796875,3779900,0.0,0.0,0.0,XLRE
2021-02-25 00:00:00-05:00,32.658045973653266,32.87779653919125,31.897379123440352,32.11712646484375,6790200,0.0,0.0,0.0,XLRE
2021-02-26 00:00:00-05:00,32.218548541756384,32.218548541756384,31.539864975948177,31.559303283691406,8008400,0.0,0.0,0.0,XLRE
2021-03-01 00:00:00-05:00,31.914281907653745,32.134032486072584,31.588886104858453,31.59311294555664,4505600,0.0,0.0,0.0,XLRE
2021-03-02 00:00:00-05:00,31.610018602115147,31.62691951744991,31.14516282703571,31.39872169494629,7482600,0.0,0.0,0.0,XLRE
2021-03-03 00:00:00-05:00,31.39872416919853,31.39872416919853,30.963449797857262,31.00993537902832,7743400,0.0,0.0,0.0,XLRE
2021-03-04 00:00:00-05:00,31.111358449840154,31.373364556989703,30.485918172378803,30.7817325592041,11162900,0.0,0.0,0.0,XLRE
2021-03-05 00:00:00-05:00,31.0183891733987,31.27194483806952,30.3337859770658,31.136714935302734,9431800,0.0,0.0,0.0,XLRE
2021-03-08 00:00:00-05:00,31.212776147251375,31.677628649977297,30.993025581074658,31.288843154907227,5381500,0.0,0.0,0.0,XLRE
2021-03-09 00:00:00-05:00,31.4494270648994,31.85934353082181,31.4494270648994,31.64381980895996,4163400,0.0,0.0,0.0,XLRE
2021-03-10 00:00:00-05:00,31.67763519703442,32.15094147850756,31.593117715119874,31.9565486907959,4908400,0.0,0.0,0.0,XLRE
2021-03-11 00:00:00-05:00,32.049516417631445,32.66650628320928,31.969225777588363,32.42985153198242,4092700,0.0,0.0,0.0,XLRE
2021-03-12 00:00:00-05:00,32.39603841321883,32.987667083740234,32.379134276327584,32.987667083740234,3621600,0.0,0.0,0.0,XLRE
2021-03-15 00:00:00-04:00,33.01301996723215,33.452517788316726,32.8287671595489,33.35954666137695,4585700,0.0,0.0,0.0,XLRE
2021-03-16 00:00:00-04:00,33.410255840337584,33.52013110164222,33.20741267622714,33.35954666137695,3814700,0.0,0.0,0.0,XLRE
2021-03-17 00:00:00-04:00,33.30040268950593,33.34266143731818,33.01303869059254,33.30885314941406,4914800,0.0,0.0,0.0,XLRE
2021-03-18 00:00:00-04:00,33.122900219548065,33.19051677377779,32.84398999368737,33.0975456237793,4147000,0.0,0.0,0.0,XLRE
2021-03-19 00:00:00-04:00,33.10599896341087,33.22347999609911,32.60734134115678,32.658050537109375,5718700,0.0,0.0,0.0,XLRE
2021-03-22 00:00:00-04:00,32.67682805697493,33.12071431846252,32.574393767809276,33.018280029296875,4371700,0.382,0.0,0.0,XLRE
2021-03-23 00:00:00-04:00,33.08657405540605,33.35119954144412,32.94999389468624,33.12071990966797,4453800,0.0,0.0,0.0,XLRE
2021-03-24 00:00:00-04:00,33.10364325084558,33.317049931433964,32.868897855994874,32.97560119628906,10398000,0.0,0.0,0.0,XLRE
2021-03-25 00:00:00-04:00,32.975602380665215,33.2957124130451,32.62561554218298,33.25729751586914,5725300,0.0,0.0,0.0,XLRE
2021-03-26 00:00:00-04:00,33.41094443522858,34.08531022736102,33.325583078188004,34.0682373046875,4550900,0.0,0.0,0.0,XLRE
2021-03-29 00:00:00-04:00,33.94873243500209,34.145066174747626,33.58167271311738,33.99141311645508,5335600,0.0,0.0,0.0,XLRE
2021-03-30 00:00:00-04:00,33.94019441463196,33.99141318627711,33.76093359836486,33.84629821777344,4534600,0.0,0.0,0.0,XLRE
2021-03-31 00:00:00-04:00,33.80362064079669,34.05629540293418,33.52192548455945,33.70972442626953,5083900,0.0,0.0,0.0,XLRE
2021-04-01 00:00:00-04:00,33.871914353369405,34.24750900268555,33.69265349276361,34.24750900268555,6082700,0.0,0.0,0.0,XLRE
2021-04-05 00:00:00-04:00,34.46091567112218,34.46091567112218,34.09385585820958,34.42677307128906,5235600,0.0,0.0,0.0,XLRE
2021-04-06 00:00:00-04:00,34.34994661927427,34.51213455200195,34.21336645057515,34.51213455200195,4270100,0.0,0.0,0.0,XLRE
2021-04-07 00:00:00-04:00,34.52920943422926,34.63505964081884,34.24324519863326,34.55481719970703,3063200,0.0,0.0,0.0,XLRE
2021-04-08 00:00:00-04:00,34.59748947142514,34.7426077052357,34.354205989629556,34.38408279418945,4042700,0.0,0.0,0.0,XLRE
2021-04-09 00:00:00-04:00,34.44383375332644,34.47797960057569,34.281645863383346,34.435298919677734,1887000,0.0,0.0,0.0,XLRE
2021-04-12 00:00:00-04:00,34.51212955147641,34.64444065489062,34.22189632800219,34.640174865722656,2946900,0.0,0.0,0.0,XLRE
2021-04-13 00:00:00-04:00,34.6401745888099,34.87918903340943,34.554809961218936,34.84504318237305,7557800,0.0,0.0,0.0,XLRE
2021-04-14 00:00:00-04:00,34.82797517462999,35.00723603339161,34.58896069628117,34.63164138793945,3027900,0.0,0.0,0.0,XLRE
2021-04-15 00:00:00-04:00,34.82797353687245,35.297467635692065,34.74261215756994,35.28893280029297,3786400,0.0,0.0,0.0,XLRE
2021-04-16 00:00:00-04:00,35.442579398757424,35.46818715659396,35.24624565724696,35.340145111083984,3173700,0.0,0.0,0.0,XLRE
2021-04-19 00:00:00-04:00,35.348680365648384,35.46391853361168,35.13954274273045,35.451114654541016,3291600,0.0,0.0,0.0,XLRE
2021-04-20 00:00:00-04:00,35.382832692759024,35.95476110481934,35.34015200259941,35.84379196166992,5042100,0.0,0.0,0.0,XLRE
2021-04-21 00:00:00-04:00,35.90353572169579,36.07425843546164,35.79256335268636,36.0059700012207,4182600,0.0,0.0,0.0,XLRE
2021-04-22 00:00:00-04:00,35.96329783472798,36.168166442267,35.79257182422693,35.852325439453125,4074600,0.0,0.0,0.0,XLRE
2021-04-23 00:00:00-04:00,35.94621756878899,36.15962422426142,35.83524519617172,36.05718994140625,3551700,0.0,0.0,0.0,XLRE
2021-04-26 00:00:00-04:00,36.20230256168125,36.338882682093335,36.04011468629407,36.13401412963867,2893600,0.0,0.0,0.0,XLRE
2021-04-27 00:00:00-04:00,36.25352132795838,36.25352132795838,36.04011468629407,36.13401412963867,3715200,0.0,0.0,0.0,XLRE
2021-04-28 00:00:00-04:00,36.19376889395558,36.26205732819651,35.98036224542123,36.0059700012207,2246200,0.0,0.0,0.0,XLRE
2021-04-29 00:00:00-04:00,36.202315282263406,36.34743354287605,36.0230544217961,36.270606994628906,4261900,0.0,0.0,0.0,XLRE
2021-04-30 00:00:00-04:00,36.142557085145405,36.54376270366528,36.108411233286766,36.50961685180664,4592300,0.0,0.0,0.0,XLRE
2021-05-03 00:00:00-04:00,36.594980985902836,36.594980985902836,36.26206704598474,36.31328582763672,5074000,0.0,0.0,0.0,XLRE
2021-05-04 00:00:00-04:00,36.23645735679617,36.46693697748467,35.86939758195832,36.091339111328125,4892400,0.0,0.0,0.0,XLRE
2021-05-05 00:00:00-04:00,36.04011240261609,36.048647234958004,35.40842735053253,35.56208038330078,5972400,0.0,0.0,0.0,XLRE
2021-05-06 00:00:00-04:00,35.57916931629488,35.77550311178385,35.43405105055979,35.73282241821289,4116400,0.0,0.0,0.0,XLRE
2021-05-07 00:00:00-04:00,35.69866925372356,36.18523622475994,35.69866925372356,36.16816329956055,3863600,0.0,0.0,0.0,XLRE
2021-05-10 00:00:00-04:00,36.34742570761416,36.65302226248779,36.24925720633255,36.330352783203125,3873100,0.0,0.0,0.0,XLRE
2021-05-11 00:00:00-04:00,35.946226069561106,36.03841596903422,35.57489722894731,35.90354537963867,5546200,0.0,0.0,0.0,XLRE
2021-05-12 00:00:00-04:00,35.75842601864637,35.85232548736382,35.01577161675133,35.03284454345703,5443800,0.0,0.0,0.0,XLRE
2021-05-13 00:00:00-04:00,35.10113625164834,35.67989647227278,35.09260141566728,35.47673416137695,10719300,0.0,0.0,0.0,XLRE
2021-05-14 00:00:00-04:00,35.65598971633631,35.946222941410966,35.527944401383984,35.80964279174805,3828600,0.0,0.0,0.0,XLRE
2021-05-17 00:00:00-04:00,35.77549097860312,35.91634015031397,35.69866445369967,35.82670974731445,3583400,0.0,0.0,0.0,XLRE
2021-05-18 00:00:00-04:00,35.809646705412526,36.10756163991884,35.57489802111994,35.8950080871582,4545500,0.0,0.0,0.0,XLRE
2021-05-19 00:00:00-04:00,35.621842706341454,35.7584228515625,35.280393971452604,35.7584228515625,7500900,0.0,0.0,0.0,XLRE
2021-05-20 00:00:00-04:00,35.69866876543815,36.33888879818464,35.634646110898004,36.202308654785156,5260700,0.0,0.0,0.0,XLRE
2021-05-21 00:00:00-04:00,36.28766638528941,36.33888515505212,36.08279781889289,36.14255142211914,4565100,0.0,0.0,0.0,XLRE
2021-05-24 00:00:00-04:00,36.347433035520424,36.70168570540536,36.2876761598707,36.53522872924805,9873000,0.0,0.0,0.0,XLRE
2021-05-25 00:00:00-04:00,36.62058368381929,36.77338032348868,36.37303117990978,36.63765335083008,4333800,0.0,0.0,0.0,XLRE
2021-05-26 00:00:00-04:00,36.70594953551051,36.96203690426019,36.61205007382587,36.7230224609375,4738200,0.0,0.0,0.0,XLRE
2021-05-27 00:00:00-04:00,36.842527711620825,36.85960063613446,36.6239988367047,36.68033981323242,4288000,0.0,0.0,0.0,XLRE
2021-05-28 00:00:00-04:00,36.900576702170774,37.055936089170125,36.83399457293213,36.92789077758789,3534100,0.0,0.0,0.0,XLRE
2021-06-01 00:00:00-04:00,37.11568409077485,37.5595703125,36.94495811990716,37.5595703125,5512300,0.0,0.0,0.0,XLRE
2021-06-02 00:00:00-04:00,37.65347457970315,38.088822767638455,37.54250219598338,38.08028793334961,4599000,0.0,0.0,0.0,XLRE
2021-06-03 00:00:00-04:00,37.936889229334504,38.037617233284564,37.76018782932978,38.00347137451172,3447300,0.0,0.0,0.0,XLRE
2021-06-04 00:00:00-04:00,38.13150913151227,38.18272791385688,37.84981396943675,38.03761291503906,3061300,0.0,0.0,0.0,XLRE
2021-06-07 00:00:00-04:00,38.088819682708845,38.541244015233545,38.088819682708845,38.39612579345703,5659700,0.0,0.0,0.0,XLRE
2021-06-08 00:00:00-04:00,38.47296022962414,38.72734130664159,38.41747565901648,38.60100555419922,5577200,0.0,0.0,0.0,XLRE
2021-06-09 00:00:00-04:00,38.737587677174034,38.8127046523274,38.6095423461102,38.6436882019043,2401800,0.0,0.0,0.0,XLRE
2021-06-10 00:00:00-04:00,38.660755658646245,39.10464195216789,38.562587151212746,39.03635025024414,3818400,0.0,0.0,0.0,XLRE
2021-06-11 00:00:00-04:00,39.07903251816151,39.07903251816151,38.6436842979161,38.78879928588867,4478100,0.0,0.0,0.0,XLRE
2021-06-14 00:00:00-04:00,38.79733171130636,39.027811296481715,38.73757810659355,39.010738372802734,2746000,0.0,0.0,0.0,XLRE
2021-06-15 00:00:00-04:00,39.010746640273055,39.010746640273055,38.618079081421,38.6522216796875,2948300,0.0,0.0,0.0,XLRE
2021-06-16 00:00:00-04:00,38.737586153084365,38.844289505996755,38.268092051535454,38.3022346496582,6093100,0.0,0.0,0.0,XLRE
2021-06-17 00:00:00-04:00,38.21687751905806,38.472964943255654,38.131512873440016,38.447357177734375,4558600,0.0,0.0,0.0,XLRE
2021-06-18 00:00:00-04:00,38.2339494818025,38.45162199588814,37.84128189086914,37.84128189086914,9034600,0.0,0.0,0.0,XLRE
2021-06-21 00:00:00-04:00,38.00880984675419,38.68753607744402,37.862752594839876,38.5930290222168,4818200,0.285,0.0,0.0,XLRE
2021-06-22 00:00:00-04:00,38.6102182897639,38.61881162921702,38.41261408852539,38.421207427978516,2428600,0.0,0.0,0.0,XLRE
2021-06-23 00:00:00-04:00,38.40401951332957,38.52773802320547,38.25194823042826,38.30092239379883,5049300,0.0,0.0,0.0,XLRE
2021-06-24 00:00:00-04:00,38.43837894130723,38.43837894130723,37.957253680094446,38.12049102783203,3267900,0.0,0.0,0.0,XLRE
2021-06-25 00:00:00-04:00,38.19782731303663,38.40402485819392,38.06036337539804,38.39543151855469,3278500,0.0,0.0,0.0,XLRE
2021-06-28 00:00:00-04:00,38.4727531797788,38.4727531797788,38.103318252149776,38.41261291503906,3260700,0.0,0.0,0.0,XLRE
2021-06-29 00:00:00-04:00,38.36964597974853,38.642856412079794,38.31809579033203,38.3868293762207,2851400,0.0,0.0,0.0,XLRE
2021-06-30 00:00:00-04:00,38.36965761321247,38.59303528028197,38.04317953605051,38.08613967895508,6087600,0.0,0.0,0.0,XLRE
2021-07-01 00:00:00-04:00,38.077542493315505,38.532891121001505,37.94437524047868,38.240779876708984,6332000,0.0,0.0,0.0,XLRE
2021-07-02 00:00:00-04:00,38.36965722345593,38.55523337137904,38.23219328879441,38.421207427978516,3992900,0.0,0.0,0.0,XLRE
2021-07-06 00:00:00-04:00,38.40402049427321,38.79922886040106,38.154866111428014,38.764862060546875,5002400,0.0,0.0,0.0,XLRE
2021-07-07 00:00:00-04:00,38.739085751074676,39.108520628848495,38.54148158253955,38.96246337890625,4634400,0.0,0.0,0.0,XLRE
2021-07-08 00:00:00-04:00,38.72189928102954,39.031193877646615,38.635985571923875,38.928096771240234,5252900,0.0,0.0,0.0,XLRE
2021-07-09 00:00:00-04:00,39.11711402388997,39.46936553302661,38.962466700132566,39.4435920715332,4090400,0.0,0.0,0.0,XLRE
2021-07-12 00:00:00-04:00,39.4264056981114,39.83020737718113,39.39203890044627,39.78725051879883,3406600,0.0,0.0,0.0,XLRE
2021-07-13 00:00:00-04:00,39.649779556118155,39.72710319841806,39.14288085157385,39.271751403808594,4764500,0.0,0.0,0.0,XLRE
2021-07-14 00:00:00-04:00,39.30611908953577,39.731397493161026,39.1858385937547,39.615413665771484,3942900,0.0,0.0,0.0,XLRE
2021-07-15 00:00:00-04:00,39.581056748450116,39.73570407515069,39.53380321654724,39.67556381225586,4138400,0.0,0.0,0.0,XLRE
2021-07-16 00:00:00-04:00,39.80443812140063,39.98915230421248,39.67556425524506,39.71852111816406,4107200,0.0,0.0,0.0,XLRE
2021-07-19 00:00:00-04:00,39.357673688887274,39.45217746230801,38.77345126327835,39.09992599487305,8124900,0.0,0.0,0.0,XLRE
2021-07-20 00:00:00-04:00,39.29754444447002,39.93331396509044,39.237400895590696,39.804443359375,4986200,0.0,0.0,0.0,XLRE
2021-07-21 00:00:00-04:00,39.87316864114218,39.92471884333564,39.619720854504436,39.68415451049805,4280500,0.0,0.0,0.0,XLRE
2021-07-22 00:00:00-04:00,39.54668109129614,39.54668109129614,39.194429654340226,39.40062713623047,4127600,0.0,0.0,0.0,XLRE
2021-07-23 00:00:00-04:00,39.52949225907863,39.79582995377218,39.41780511258547,39.7614631652832,4995800,0.0,0.0,0.0,XLRE
2021-07-26 00:00:00-04:00,39.66695613563719,39.77778788142506,39.41780511258547,39.7614631652832,3699600,0.0,0.0,0.0,XLRE
2021-07-27 00:00:00-04:00,39.74429339012172,40.11372829947823,39.60253607447439,40.07936477661133,3937400,0.0,0.0,0.0,XLRE
2021-07-28 00:00:00-04:00,40.10513245581064,40.12231585346585,39.709924141934906,39.83879470825195,6457100,0.0,0.0,0.0,XLRE
2021-07-29 00:00:00-04:00,39.94190204918057,40.15668964117415,39.67556425524506,39.71852111816406,7659100,0.0,0.0,0.0,XLRE
2021-07-30 00:00:00-04:00,39.804428553900365,40.31991733982124,39.752878364349165,39.84738540649414,4998700,0.0,0.0,0.0,XLRE
2021-08-02 00:00:00-04:00,40.05358143317187,40.28555238061508,39.813020425777985,39.86457061767578,6819300,0.0,0.0,0.0,XLRE
2021-08-03 00:00:00-04:00,39.976251330096545,40.09223842379169,39.76833651695933,40.027801513671875,6669700,0.0,0.0,0.0,XLRE
2021-08-04 00:00:00-04:00,40.036401136985596,40.208231845889884,39.709926395205436,39.8989372253418,4374600,0.0,0.0,0.0,XLRE
2021-08-05 00:00:00-04:00,40.113734604970176,40.23401842480641,39.87317352009567,40.216835021972656,5469000,0.0,0.0,0.0,XLRE
2021-08-06 00:00:00-04:00,40.25118747378172,40.38865138122493,40.06389400601219,40.14809036254883,3452600,0.0,0.0,0.0,XLRE
2021-08-09 00:00:00-04:00,40.148098872317334,40.148098872317334,39.873170999157345,39.96767807006836,3556200,0.0,0.0,0.0,XLRE
2021-08-10 00:00:00-04:00,40.01921887055659,40.03639899086774,39.512320109029815,39.53809356689453,6752900,0.0,0.0,0.0,XLRE
2021-08-11 00:00:00-04:00,39.727099014787775,39.83878615948334,39.563858410791156,39.752872467041016,4074400,0.0,0.0,0.0,XLRE
2021-08-12 00:00:00-04:00,39.83880014180041,39.898940403097065,39.615422496612624,39.890350341796875,3733000,0.0,0.0,0.0,XLRE
2021-08-13 00:00:00-04:00,40.019224765661015,40.17386881302744,39.851687432666964,40.15668869018555,4763300,0.0,0.0,0.0,XLRE
2021-08-16 00:00:00-04:00,40.09654178859907,40.36287955389509,40.03640153149968,40.199642181396484,4879200,0.0,0.0,0.0,XLRE
2021-08-17 00:00:00-04:00,40.062174730344886,40.28984900888548,39.92471082948653,40.27696228027344,4916800,0.0,0.0,0.0,XLRE
2021-08-18 00:00:00-04:00,40.18245024305162,40.19963363819939,39.804425381993276,39.85597229003906,5431500,0.0,0.0,0.0,XLRE
2021-08-19 00:00:00-04:00,39.735699084472635,40.25118792379844,39.6240086342394,40.19104766845703,5385100,0.0,0.0,0.0,XLRE
2021-08-20 00:00:00-04:00,40.17386839463019,40.583684128728954,39.89035048711292,40.38006591796875,4420700,0.0,0.0,0.0,XLRE
2021-08-23 00:00:00-04:00,40.50034977433096,40.51753317580663,40.13950817553791,40.22542190551758,4653700,0.0,0.0,0.0,XLRE
2021-08-24 00:00:00-04:00,40.3285115233163,40.3285115233163,39.82161274512033,39.924713134765625,4291800,0.0,0.0,0.0,XLRE
2021-08-25 00:00:00-04:00,39.924715966288815,40.08365667615094,39.744291910312654,39.88175582885742,4543600,0.0,0.0,0.0,XLRE
2021-08-26 00:00:00-04:00,39.924711321077595,40.03210509736421,39.75717729226232,39.907527923583984,2861300,0.0,0.0,0.0,XLRE
2021-08-27 00:00:00-04:00,40.07076434071634,40.345692139348515,39.984850632667985,40.234004974365234,2530500,0.0,0.0,0.0,XLRE
2021-08-30 00:00:00-04:00,40.26836494655153,40.73660346317296,40.182451246065675,40.723716735839844,6169800,0.0,0.0,0.0,XLRE
2021-08-31 00:00:00-04:00,40.58626184986623,41.01583700236212,40.48316145354043,40.96428680419922,4855300,0.0,0.0,0.0,XLRE
2021-09-01 00:00:00-04:00,41.024422439103276,41.71174195014269,41.01583237907688,41.668785095214844,9196200,0.0,0.0,0.0,XLRE
2021-09-02 00:00:00-04:00,41.737519660476075,41.866390228271484,41.359491462520936,41.866390228271484,6576100,0.0,0.0,0.0,XLRE
2021-09-03 00:00:00-04:00,41.737519660476075,41.930827150868204,41.37237819156068,41.866390228271484,5537900,0.0,0.0,0.0,XLRE
2021-09-07 00:00:00-04:00,41.71174902802074,41.754705890237744,41.01068399101936,41.4024543762207,7162300,0.0,0.0,0.0,XLRE
2021-09-08 00:00:00-04:00,41.2478058104491,41.78048137360342,41.16189208859758,41.651607513427734,6704200,0.0,0.0,0.0,XLRE
2021-09-09 00:00:00-04:00,41.41963444556583,41.462591304328186,40.75808833295116,40.76668167114258,4573200,0.0,0.0,0.0,XLRE
2021-09-10 00:00:00-04:00,40.80963532307189,40.82681872070621,40.23400625061328,40.25118637084961,6203600,0.0,0.0,0.0,XLRE
2021-09-13 00:00:00-04:00,40.663593008148105,40.81394368377173,40.303606787770484,40.474578857421875,5495200,0.0,0.0,0.0,XLRE
2021-09-14 00:00:00-04:00,40.66358006280184,40.715126976663335,40.18245477657468,40.388648986816406,5234500,0.0,0.0,0.0,XLRE
2021-09-15 00:00:00-04:00,40.47457031034759,40.75808819916712,40.23400928014941,40.54330062866211,4885700,0.0,0.0,0.0,XLRE
2021-09-16 00:00:00-04:00,40.54330469270497,40.79160040761873,40.25119343644113,40.620628356933594,4685700,0.0,0.0,0.0,XLRE
2021-09-17 00:00:00-04:00,40.39724361204229,40.66358135927719,40.185032092526384,40.25118637084961,8711800,0.0,0.0,0.0,XLRE
2021-09-20 00:00:00-04:00,39.80279260256693,40.27365435786558,39.50040673825311,39.9755859375,13017800,0.261,0.0,0.0,XLRE
2021-09-21 00:00:00-04:00,40.13973607732614,40.45940488680427,39.966942749778774,39.984222412109375,6982600,0.0,0.0,0.0,XLRE
2021-09-22 00:00:00-04:00,40.260682204852294,40.545791631507974,40.04469141341906,40.32115936279297,6432400,0.0,0.0,0.0,XLRE
2021-09-23 00:00:00-04:00,40.41620325903744,40.53715759712683,40.06197842787913,40.12245559692383,4571500,0.0,0.0,0.0,XLRE
2021-09-24 00:00:00-04:00,40.04470110913521,40.19157659666577,39.55224224909278,39.66455841064453,5211600,0.0,0.0,0.0,XLRE
2021-09-27 00:00:00-04:00,39.62999737641565,39.86326787307937,38.96906595041438,39.0079460144043,6701100,0.0,0.0,0.0,XLRE
2021-09-28 00:00:00-04:00,38.76602816952355,38.947462947742764,38.47228054735683,38.7746696472168,12068800,0.0,0.0,0.0,XLRE
2021-09-29 00:00:00-04:00,38.921544294992586,39.20665375342422,38.878346791043086,39.02521896362305,5975800,0.0,0.0,0.0,XLRE
2021-09-30 00:00:00-04:00,39.206657717895204,39.2196166408146,38.40317153930664,38.40317153930664,6342800,0.0,0.0,0.0,XLRE
2021-10-01 00:00:00-04:00,38.65371545566755,39.094335242521524,38.359967832512204,38.817867279052734,8294700,0.0,0.0,0.0,XLRE
2021-10-04 00:00:00-04:00,38.74012199690694,39.01659004272045,38.57597012462988,38.86107635498047,10456400,0.0,0.0,0.0,XLRE
2021-10-05 00:00:00-04:00,38.930189807563934,38.930189807563934,38.38589197327155,38.558685302734375,5480300,0.0,0.0,0.0,XLRE
2021-10-06 00:00:00-04:00,38.41180727133723,38.96474325233537,37.97118744140384,38.9301872253418,8996300,0.0,0.0,0.0,XLRE
2021-10-07 00:00:00-04:00,39.137540527908286,39.50040686198021,38.92154968250508,38.973388671875,7269800,0.0,0.0,0.0,XLRE
2021-10-08 00:00:00-04:00,38.9733846623011,39.025220350579424,38.48956403190015,38.55004119873047,5464400,0.0,0.0,0.0,XLRE
2021-10-11 00:00:00-04:00,38.532760476393904,38.771215182335304,38.30813147660332,38.60187911987305,4151900,0.0,0.0,0.0,XLRE
2021-10-12 00:00:00-04:00,38.662355053294554,39.29304782403609,38.58459822973693,39.12025451660156,5663300,0.0,0.0,0.0,XLRE
2021-10-13 00:00:00-04:00,39.05114671849586,39.38809192044754,38.75135131031936,39.34489440917969,9279200,0.0,0.0,0.0,XLRE
2021-10-14 00:00:00-04:00,39.58680738985439,39.94535303409302,39.49177087733243,39.89783477783203,4392500,0.0,0.0,0.0,XLRE
2021-10-15 00:00:00-04:00,40.15701641221346,40.2606910921748,39.673195746129444,39.91510772705078,5210100,0.0,0.0,0.0,XLRE
2021-10-18 00:00:00-04:00,39.768231576614816,40.14837755637074,39.681836560720434,39.984222412109375,4251300,0.0,0.0,0.0,XLRE
2021-10-19 00:00:00-04:00,40.19158634043691,40.347100049284485,40.09654981883457,40.16566848754883,3509700,0.0,0.0,0.0,XLRE
2021-10-20 00:00:00-04:00,40.24341167557201,40.787706175940116,40.182931213106045,40.77906799316406,5596400,0.0,0.0,0.0,XLRE
2021-10-21 00:00:00-04:00,40.761792510809904,40.94322402953322,40.627879241622516,40.90866470336914,5528800,0.0,0.0,0.0,XLRE
2021-10-22 00:00:00-04:00,41.02962161538085,41.29312740935993,40.96050296428171,41.20241165161133,5378000,0.0,0.0,0.0,XLRE
2021-10-25 00:00:00-04:00,41.236965954461965,41.422718186967764,40.9129797323536,41.3233642578125,4933100,0.0,0.0,0.0,XLRE
2021-10-26 00:00:00-04:00,41.37521277538947,41.65945883228973,41.32337707306209,41.51344680786133,9546200,0.0,0.0,0.0,XLRE
2021-10-27 00:00:00-04:00,41.72079044290014,41.7467082884346,41.21105194091797,41.21105194091797,7158300,0.0,0.0,0.0,XLRE
2021-10-28 00:00:00-04:00,41.20240994802889,41.815826416015625,41.18686055920558,41.815826416015625,6690300,0.0,0.0,0.0,XLRE
2021-10-29 00:00:00-04:00,41.660322140154896,41.78127650607214,41.133303863721785,41.314735412597656,7925200,0.0,0.0,0.0,XLRE
2021-11-01 00:00:00-04:00,41.41840151948673,41.49184090849369,40.731552243060406,41.40976333618164,6766900,0.0,0.0,0.0,XLRE
2021-11-02 00:00:00-04:00,41.6171186339043,41.94369869650368,41.401127767099915,41.798553466796875,6617300,0.0,0.0,0.0,XLRE
2021-11-03 00:00:00-04:00,41.850389475059984,42.126857522953564,41.60848075709288,42.040462493896484,4814500,0.0,0.0,0.0,XLRE
2021-11-04 00:00:00-04:00,41.97134092683528,42.075015605533466,41.392483771273334,41.565277099609375,4620600,0.0,0.0,0.0,XLRE
2021-11-05 00:00:00-04:00,41.97133997740532,42.20460717525986,41.589467027039255,41.66031265258789,5731400,0.0,0.0,0.0,XLRE
2021-11-08 00:00:00-05:00,41.78126818424265,41.8331038760203,41.271529675291056,41.65167236328125,5791700,0.0,0.0,0.0,XLRE
2021-11-09 00:00:00-05:00,41.73807458065041,41.884946782105914,41.643038075822055,41.80718994140625,4410400,0.0,0.0,0.0,XLRE
2021-11-10 00:00:00-05:00,41.67759509322429,41.9540631124365,41.595517517103595,41.59983825683594,5063100,0.0,0.0,0.0,XLRE
2021-11-11 00:00:00-05:00,41.651678165287464,41.651678165287464,41.30609475418229,41.61711883544922,4191900,0.0,0.0,0.0,XLRE
2021-11-12 00:00:00-05:00,41.755353245371,41.77262961332725,41.478881921688114,41.634395599365234,3902800,0.0,0.0,0.0,XLRE
2021-11-15 00:00:00-05:00,41.65167349353387,41.8676643371582,41.478880159482664,41.8676643371582,3591500,0.0,0.0,0.0,XLRE
2021-11-16 00:00:00-05:00,41.893584218411135,41.97134105160557,41.52639715869601,41.60847473144531,4936700,0.0,0.0,0.0,XLRE
2021-11-17 00:00:00-05:00,41.52208565416366,41.93678772526623,41.00370559346612,41.88494873046875,15340000,0.0,0.0,0.0,XLRE
2021-11-18 00:00:00-05:00,41.928140318176006,41.971341122280144,41.686231634834236,41.876304626464844,5484700,0.0,0.0,0.0,XLRE
2021-11-19 00:00:00-05:00,41.91950218858078,41.9799793594938,41.54799768396731,41.65167236328125,5099600,0.0,0.0,0.0,XLRE
2021-11-22 00:00:00-05:00,41.66031150435232,41.833101528258666,41.34064270945699,41.44432067871094,5416900,0.0,0.0,0.0,XLRE
2021-11-23 00:00:00-05:00,41.573921353202046,42.00158564482331,41.37953089028991,41.88494873046875,9784700,0.0,0.0,0.0,XLRE
2021-11-24 00:00:00-05:00,41.87630982382653,42.50268201197347,41.763993651581494,42.44652557373047,5086700,0.0,0.0,0.0,XLRE
2021-11-26 00:00:00-05:00,41.87630822731928,41.979982915415,41.23697384325136,41.29745101928711,6829200,0.0,0.0,0.0,XLRE
2021-11-29 00:00:00-05:00,41.61711195020113,42.126850445825895,41.30522113589308,41.815826416015625,7173400,0.0,0.0,0.0,XLRE
2021-11-30 00:00:00-05:00,41.62575775194615,41.72943243931619,40.92594619674088,40.9432258605957,11022100,0.0,0.0,0.0,XLRE
2021-12-01 00:00:00-05:00,41.383849480793195,41.84174904256202,40.38165203708101,40.407569885253906,12299600,0.0,0.0,0.0,XLRE
2021-12-02 00:00:00-05:00,40.684042613030186,41.76399702164135,40.58900609775091,41.51344680786133,10097200,0.0,0.0,0.0,XLRE
2021-12-03 00:00:00-05:00,41.56527583060814,41.76398699861236,40.95186266471357,41.306087493896484,11826500,0.0,0.0,0.0,XLRE
2021-12-06 00:00:00-05:00,41.60847780238759,42.247812177590454,41.59119813865142,41.902225494384766,8711100,0.0,0.0,0.0,XLRE
2021-12-07 00:00:00-05:00,42.23052734793719,42.710027246744026,42.126849378202735,42.64522933959961,7763600,0.0,0.0,0.0,XLRE
2021-12-08 00:00:00-05:00,42.64522865576175,42.93897630711538,42.49835318220573,42.82666015625,6931400,0.0,0.0,0.0,XLRE
2021-12-09 00:00:00-05:00,42.73163292604755,42.7402744064719,42.24349474636391,42.282371520996094,3572400,0.0,0.0,0.0,XLRE
2021-12-10 00:00:00-05:00,42.455162168086815,42.53291900815052,42.232260105439906,42.49835968017578,3683700,0.0,0.0,0.0,XLRE
2021-12-13 00:00:00-05:00,42.37740670951203,43.26297056712003,42.316929531464154,43.06857681274414,5105600,0.0,0.0,0.0,XLRE
2021-12-14 00:00:00-05:00,42.973541240870276,43.068574447040426,42.273729695923095,42.5933952331543,8920600,0.0,0.0,0.0,XLRE
2021-12-15 00:00:00-05:00,42.73162789950695,43.28456393429458,42.68843038974392,43.22408676147461,8196000,0.0,0.0,0.0,XLRE
2021-12-16 00:00:00-05:00,43.31911835511064,43.67334316827027,43.11608645688041,43.38823699951172,7161500,0.0,0.0,0.0,XLRE
2021-12-17 00:00:00-05:00,43.345038201022696,43.75542275565378,43.18088635662537,43.241363525390625,8626500,0.0,0.0,0.0,XLRE
2021-12-20 00:00:00-05:00,42.740335008449584,43.13244884456068,42.49635454330692,42.95817565917969,9760200,0.425,0.0,0.0,XLRE
2021-12-21 00:00:00-05:00,43.25444333025473,43.47228400240467,43.02353274961337,43.20216369628906,6024000,0.0,0.0,0.0,XLRE
2021-12-22 00:00:00-05:00,43.332864069277456,43.65526731819612,43.28493885773735,43.629127502441406,4530000,0.0,0.0,0.0,XLRE
2021-12-23 00:00:00-05:00,43.716261371936824,43.73368902334336,43.24572807989879,43.49842071533203,5264600,0.0,0.0,0.0,XLRE
2021-12-27 00:00:00-05:00,43.6204103817127,44.38720703125,43.53327213245779,44.38720703125,5183100,0.0,0.0,0.0,XLRE
2021-12-28 00:00:00-05:00,44.38720999047982,44.59633847864958,44.23907994284734,44.57891082763672,5592700,0.0,0.0,0.0,XLRE
2021-12-29 00:00:00-05:00,44.66604468646297,44.979735749194866,44.45691952729802,44.84903335571289,4404700,0.0,0.0,0.0,XLRE
2021-12-30 00:00:00-05:00,44.89260437686213,45.19757997646649,44.82289376896128,45.0494499206543,3665900,0.0,0.0,0.0,XLRE
2021-12-31 00:00:00-05:00,45.06687523631982,45.45898575148812,45.01459228310458,45.14529800415039,3979100,0.0,0.0,0.0,XLRE
2022-01-03 00:00:00-05:00,45.29342297557638,45.29342297557638,44.047374317478535,44.7270393371582,8441200,0.0,0.0,0.0,XLRE
2022-01-04 00:00:00-05:00,44.84903211119175,45.04072961444277,44.50920124399036,44.55276870727539,7440700,0.0,0.0,0.0,XLRE
2022-01-05 00:00:00-05:00,44.40463636879123,44.40463636879123,43.08016484563617,43.10630798339844,14980800,0.0,0.0,0.0,XLRE
2022-01-06 00:00:00-05:00,43.14116075858804,43.28493638499487,42.592204715191194,43.15858840942383,9807100,0.0,0.0,0.0,XLRE
2022-01-07 00:00:00-05:00,43.019176109715595,43.21871825030263,42.73162814356872,42.93204116821289,6141100,0.0,0.0,0.0,XLRE
2022-01-10 00:00:00-05:00,42.5660584876326,42.67933654785156,42.04324229644155,42.67933654785156,6870600,0.0,0.0,0.0,XLRE
2022-01-11 00:00:00-05:00,42.59220674774661,42.68369942601223,41.9778944914114,42.60963439941406,7442400,0.0,0.0,0.0,XLRE
2022-01-12 00:00:00-05:00,42.557346519617035,43.00173995176492,42.557346519617035,42.722904205322266,4686800,0.0,0.0,0.0,XLRE
2022-01-13 00:00:00-05:00,42.871039102516754,42.958174029910225,42.50158155903401,42.57477569580078,5481200,0.0,0.0,0.0,XLRE
2022-01-14 00:00:00-05:00,42.33079423413434,42.383073859734495,41.590134072950235,42.07809829711914,5737300,0.0,0.0,0.0,XLRE
2022-01-18 00:00:00-05:00,41.81668573653476,41.929960462574854,41.3722890224317,41.79054260253906,8948300,0.0,0.0,0.0,XLRE
2022-01-19 00:00:00-05:00,42.00839358376027,42.261089556182455,41.250308990478516,41.250308990478516,7152500,0.0,0.0,0.0,XLRE
2022-01-20 00:00:00-05:00,41.328715959252136,41.87854604661842,40.84075185331453,40.88431930541992,7586800,0.0,0.0,0.0,XLRE
2022-01-21 00:00:00-05:00,41.08474091324894,41.35921888880669,40.75797999397279,40.858184814453125,10920600,0.0,0.0,0.0,XLRE
2022-01-24 00:00:00-05:00,40.49222260560018,41.02810876328399,39.51891003962006,40.94533157348633,19972200,0.0,0.0,0.0,XLRE
2022-01-25 00:00:00-05:00,40.45736415465659,41.128313728514854,40.073965822730884,40.83205032348633,10908900,0.0,0.0,0.0,XLRE
2022-01-26 00:00:00-05:00,41.04117253913506,41.53784889965317,39.8604767470975,40.15238571166992,12858500,0.0,0.0,0.0,XLRE
2022-01-27 00:00:00-05:00,40.45736538075253,40.70570358631841,39.27231172472432,39.42915725708008,8783800,0.0,0.0,0.0,XLRE
2022-01-28 00:00:00-05:00,39.51629138756085,40.79719543457031,39.03704263682444,40.79719543457031,6455400,0.0,0.0,0.0,XLRE
2022-01-31 00:00:00-05:00,40.579359334728984,41.31130411154803,40.448653604445845,41.250308990478516,4557200,0.0,0.0,0.0,XLRE
2022-02-01 00:00:00-05:00,41.25030564542404,41.311300761547365,40.701346276329566,40.97146987915039,8057400,0.0,0.0,0.0,XLRE
2022-02-02 00:00:00-05:00,41.19802072994566,41.76876546645684,41.16316875381031,41.67727279663086,6716600,0.0,0.0,0.0,XLRE
2022-02-03 00:00:00-05:00,41.433294353687074,41.57271224812952,41.1980260335683,41.250308990478516,4484000,0.0,0.0,0.0,XLRE
2022-02-04 00:00:00-05:00,40.954037757905695,41.21544584475507,40.37893863724341,40.68391418457031,5447900,0.0,0.0,0.0,XLRE
2022-02-07 00:00:00-05:00,40.683915281101356,40.96275102445388,40.57064054560357,40.692630767822266,5403300,0.0,0.0,0.0,XLRE
2022-02-08 00:00:00-05:00,40.57935610858231,40.70570408474846,40.23952522564518,40.32666015625,4876000,0.0,0.0,0.0,XLRE
2022-02-09 00:00:00-05:00,40.80590168376526,41.324360037432676,40.788474037358604,41.30257797241211,4927400,0.0,0.0,0.0,XLRE
2022-02-10 00:00:00-05:00,40.63162772558021,41.14137390777258,39.89532546864659,40.12623596191406,8187100,0.0,0.0,0.0,XLRE
2022-02-11 00:00:00-05:00,40.27438235368449,40.37023277608675,39.33330910535466,39.57728958129883,9040100,0.0,0.0,0.0,XLRE
2022-02-14 00:00:00-05:00,39.61213921598112,39.81255219596706,38.97604497759507,39.15031814575195,6979200,0.0,0.0,0.0,XLRE
2022-02-15 00:00:00-05:00,39.51629179950722,39.6818528175856,39.20260406185315,39.34202194213867,5395100,0.0,0.0,0.0,XLRE
2022-02-16 00:00:00-05:00,39.40301914223897,39.542437029902544,39.028332945896,39.44658660888672,5675200,0.0,0.0,0.0,XLRE
2022-02-17 00:00:00-05:00,39.342014927867005,39.49014494501713,39.01525401758234,39.106746673583984,5008400,0.0,0.0,0.0,XLRE
2022-02-18 00:00:00-05:00,38.984755169545515,39.376865589664426,38.81135290880204,38.932472229003906,6226000,0.0,0.0,0.0,XLRE
2022-02-22 00:00:00-05:00,38.86277098443691,39.09803928745829,38.59265070332627,38.827919006347656,6832300,0.0,0.0,0.0,XLRE
2022-02-23 00:00:00-05:00,39.16775556971451,39.38559625327912,38.27024969311847,38.322532653808594,5917600,0.0,0.0,0.0,XLRE
2022-02-24 00:00:00-05:00,37.6080095986962,39.102396587304085,37.46859171596826,38.984764099121094,11608800,0.0,0.0,0.0,XLRE
2022-02-25 00:00:00-05:00,39.1416065697029,39.99118710285332,38.95862122064941,39.960689544677734,6193400,0.0,0.0,0.0,XLRE
2022-02-28 00:00:00-05:00,39.44657768606713,39.67313045577994,38.85405096653038,39.27230453491211,8591800,0.0,0.0,0.0,XLRE
2022-03-01 00:00:00-05:00,39.464013222406905,39.68185387390089,38.976048966425935,39.19388961791992,9027900,0.0,0.0,0.0,XLRE
2022-03-02 00:00:00-05:00,39.33330069793167,40.06960303628875,39.31761814153577,39.89097213745117,5481500,0.0,0.0,0.0,XLRE
2022-03-03 00:00:00-05:00,40.11753499320463,40.47915127078522,39.795128437200844,40.32666015625,5774900,0.0,0.0,0.0,XLRE
2022-03-04 00:00:00-05:00,40.02168222134556,40.70134394724673,39.93454729586543,40.66648864746094,6193600,0.0,0.0,0.0,XLRE
2022-03-07 00:00:00-05:00,40.5880604690625,40.71005066806018,39.92582321166992,39.92582321166992,7882200,0.0,0.0,0.0,XLRE
2022-03-08 00:00:00-05:00,39.934546995072395,40.352800617398486,39.533717698523624,39.568572998046875,10469300,0.0,0.0,0.0,XLRE
2022-03-09 00:00:00-05:00,40.24823590833333,40.61420991617492,40.12624568038093,40.23080825805664,6229300,0.0,0.0,0.0,XLRE
2022-03-10 00:00:00-05:00,39.838696135906375,40.431222925209134,39.62085550230931,40.3702278137207,5638500,0.0,0.0,0.0,XLRE
2022-03-11 00:00:00-05:00,40.57064077426492,40.849476519189004,39.95632859236438,39.969398498535156,4363500,0.0,0.0,0.0,XLRE
2022-03-14 00:00:00-04:00,40.27438128582115,40.291808937067174,39.568576368287985,39.72542190551758,4846100,0.0,0.0,0.0,XLRE
2022-03-15 00:00:00-04:00,40.187242137390086,40.352803158559354,39.68185355841405,40.03911209106445,4988500,0.0,0.0,0.0,XLRE
2022-03-16 00:00:00-04:00,40.352799052160236,40.665615879892336,39.64699422212114,40.48350143432617,6868200,0.0,0.0,0.0,XLRE
2022-03-17 00:00:00-04:00,40.36151202194843,41.076029028828714,40.31794456035509,41.05860137939453,4499700,0.0,0.0,0.0,XLRE
2022-03-18 00:00:00-04:00,41.2067324082377,41.33743478562929,40.89304138412338,41.154449462890625,4727800,0.0,0.0,0.0,XLRE
2022-03-21 00:00:00-04:00,41.14482121290485,41.38143719547279,40.741699172837336,40.943260192871094,3979300,0.269,0.0,0.0,XLRE
2022-03-22 00:00:00-04:00,41.09223629017161,41.249980269034175,40.90820276250697,40.969547271728516,2853300,0.0,0.0,0.0,XLRE
2022-03-23 00:00:00-04:00,40.85562075559868,41.01336473613584,40.45600556885959,40.50508117675781,3976800,0.0,0.0,0.0,XLRE
2022-03-24 00:00:00-04:00,40.56642084912434,40.82056427001953,40.39114940909233,40.82056427001953,3758900,0.0,0.0,0.0,XLRE
2022-03-25 00:00:00-04:00,40.97830555950018,41.32884844530229,40.838089073784275,41.30255889892578,4003200,0.0,0.0,0.0,XLRE
2022-03-28 00:00:00-04:00,41.328859017632304,41.85467013781843,41.328859017632304,41.8283805847168,3705400,0.0,0.0,0.0,XLRE
2022-03-29 00:00:00-04:00,42.1438584906681,43.11661183853213,42.1438584906681,43.055267333984375,5108100,0.0,0.0,0.0,XLRE
2022-03-30 00:00:00-04:00,42.888755861039954,42.932576227597494,42.58203335328484,42.81864929199219,3881400,0.0,0.0,0.0,XLRE
2022-03-31 00:00:00-04:00,43.028971943961935,43.13413681109728,42.319127477433526,42.34541702270508,5624200,0.0,0.0,0.0,XLRE
2022-04-01 00:00:00-04:00,42.54698381622817,43.213014693646045,42.32789532763479,43.18672180175781,6746700,0.0,0.0,0.0,XLRE
2022-04-04 00:00:00-04:00,43.169190932130334,43.31817283104971,42.67405219027354,43.055267333984375,5056000,0.0,0.0,0.0,XLRE
2022-04-05 00:00:00-04:00,42.88875199326957,43.651182174688834,42.88875199326957,43.09031295776367,5239100,0.0,0.0,0.0,XLRE
2022-04-06 00:00:00-04:00,42.90628577882321,43.78263967141204,42.722252263705506,43.73006057739258,6810900,0.0,0.0,0.0,XLRE
2022-04-07 00:00:00-04:00,43.484677837395,43.56354981895173,43.06402838343397,43.37075424194336,6015900,0.0,0.0,0.0,XLRE
2022-04-08 00:00:00-04:00,43.37074756338102,43.66870796526593,43.160421197275845,43.52848815917969,5033700,0.0,0.0,0.0,XLRE
2022-04-11 00:00:00-04:00,43.43210049618538,43.63366149206276,42.80988668636193,42.932579040527344,5041300,0.0,0.0,0.0,XLRE
2022-04-12 00:00:00-04:00,42.844937780508594,43.16918775828245,42.61708725794374,42.80112075805664,6728900,0.0,0.0,0.0,XLRE
2022-04-13 00:00:00-04:00,42.862475323167544,43.03336409097584,42.60833185303329,42.976402282714844,8415000,0.0,0.0,0.0,XLRE
2022-04-14 00:00:00-04:00,43.072795077319654,43.27435607107479,42.70823153775477,42.731014251708984,5098900,0.0,0.0,0.0,XLRE
2022-04-18 00:00:00-04:00,42.65214022319051,42.9150490522918,42.39800014769703,42.625850677490234,5247900,0.0,0.0,0.0,XLRE
2022-04-19 00:00:00-04:00,42.86246050656898,43.633652719725845,42.85369844025972,43.51972579956055,5908900,0.0,0.0,0.0,XLRE
2022-04-20 00:00:00-04:00,43.642415901475594,44.46619056261503,43.56354393057978,44.34349822998047,6241800,0.0,0.0,0.0,XLRE
2022-04-21 00:00:00-04:00,44.51877247559271,44.66775436031412,44.02801648597973,44.05430603027344,6083100,0.0,0.0,0.0,XLRE
2022-04-22 00:00:00-04:00,43.99296600199228,43.99296600199228,43.23053905277932,43.26559066772461,8511100,0.0,0.0,0.0,XLRE
2022-04-25 00:00:00-04:00,43.21300776563764,43.335696764696145,42.36294349641159,43.06402587890625,8143800,0.0,0.0,0.0,XLRE
2022-04-26 00:00:00-04:00,42.98516122732402,43.27435963983857,42.38047819619141,42.38924026489258,8830300,0.0,0.0,0.0,XLRE
2022-04-27 00:00:00-04:00,42.4768711472773,42.81864860558976,42.09127332310977,42.135093688964844,13001300,0.0,0.0,0.0,XLRE
2022-04-28 00:00:00-04:00,42.44181785463033,43.03335604357964,41.87218650644229,42.90628433227539,9532500,0.0,0.0,0.0,XLRE
2022-04-29 00:00:00-04:00,42.60832818720292,42.65214521617427,40.74169667742811,40.83809280395508,11520500,0.0,0.0,0.0,XLRE
2022-05-02 00:00:00-04:00,40.95200881731076,41.09222527838877,38.960933732793464,39.77769470214844,17231300,0.0,0.0,0.0,XLRE
2022-05-03 00:00:00-04:00,39.97926397990557,40.54012994099287,39.62872442573842,40.25969696044922,13431300,0.0,0.0,0.0,XLRE
2022-05-04 00:00:00-04:00,40.25093147953659,40.79426991539258,39.57175592744819,40.73292541503906,14707100,0.0,0.0,0.0,XLRE
2022-05-05 00:00:00-04:00,40.50507665198301,40.820564577814544,39.40086891157263,39.690067291259766,13591600,0.0,0.0,0.0,XLRE
2022-05-06 00:00:00-04:00,39.34828984607941,39.5060338091026,38.84876841084754,39.28694534301758,16154900,0.0,0.0,0.0,XLRE
2022-05-09 00:00:00-04:00,38.9276316239129,38.9276316239129,37.33266808054918,37.455360412597656,18005000,0.0,0.0,0.0,XLRE
2022-05-10 00:00:00-04:00,37.91106341835541,38.182734296270425,36.3862096985083,36.622825622558594,27771000,0.0,0.0,0.0,XLRE
2022-05-11 00:00:00-04:00,36.72798395644082,37.39401130699728,36.508895528320075,36.57024002075195,25360800,0.0,0.0,0.0,XLRE
2022-05-12 00:00:00-04:00,36.5527167674398,36.841915130615234,36.254756337058055,36.841915130615234,20802700,0.0,0.0,0.0,XLRE
2022-05-13 00:00:00-04:00,37.25380192121937,37.788378322233925,36.912024443331305,37.762088775634766,8949200,0.0,0.0,0.0,XLRE
2022-05-16 00:00:00-04:00,37.64815596262539,37.80589990366349,37.41592275582602,37.455360412597656,7445500,0.0,0.0,0.0,XLRE
2022-05-17 00:00:00-04:00,37.90230319849115,37.946120221445184,37.323909803633995,37.85848617553711,7254800,0.0,0.0,0.0,XLRE
2022-05-18 00:00:00-04:00,37.79714725770641,37.840964287132536,36.631594885426125,36.7542839050293,9546400,0.0,0.0,0.0,XLRE
2022-05-19 00:00:00-04:00,36.50013627779488,37.11358124943564,36.44755384750095,36.68416976928711,8204600,0.0,0.0,0.0,XLRE
2022-05-20 00:00:00-04:00,37.07852337710405,37.18368487690787,36.53518171823276,37.11357498168945,9859500,0.0,0.0,0.0,XLRE
2022-05-23 00:00:00-04:00,37.40278214021462,37.683215101434484,36.90326071910268,37.5955810546875,8100200,0.0,0.0,0.0,XLRE
2022-05-24 00:00:00-04:00,37.35896717597733,38.09510457550975,36.92955229998975,38.03376007080078,9706200,0.0,0.0,0.0,XLRE
2022-05-25 00:00:00-04:00,37.86725096262715,38.37553782586903,37.73579988432394,38.244083404541016,7668000,0.0,0.0,0.0,XLRE
2022-05-26 00:00:00-04:00,38.48070078079994,38.66123081292426,38.12139580463814,38.20026779174805,7131100,0.0,0.0,0.0,XLRE
2022-05-27 00:00:00-04:00,38.41059073196449,39.295706646810196,38.41059073196449,39.27817916870117,4540800,0.0,0.0,0.0,XLRE
2022-05-31 00:00:00-04:00,38.866284870494866,39.04155627735313,38.5332728747906,38.75236129760742,15462000,0.0,0.0,0.0,XLRE
2022-06-01 00:00:00-04:00,38.9013386924211,38.92762823262909,37.91105811395821,38.33171081542969,9317800,0.0,0.0,0.0,XLRE
2022-06-02 00:00:00-04:00,38.14768399244513,38.92763842437416,37.59996280788545,38.91011428833008,8401500,0.0,0.0,0.0,XLRE
2022-06-03 00:00:00-04:00,38.55957379807669,38.83124472605215,38.331723242019066,38.41935729980469,6905100,0.0,0.0,0.0,XLRE
2022-06-06 00:00:00-04:00,38.691025400610506,38.75236990518298,38.20026602100598,38.30542755126953,7605400,0.0,0.0,0.0,XLRE
2022-06-07 00:00:00-04:00,38.12138557012728,38.77865083857775,37.8584801313519,38.75236129760742,4812800,0.0,0.0,0.0,XLRE
2022-06-08 00:00:00-04:00,38.53328464734598,38.594629157034525,37.73580267836978,37.82343673706055,5418800,0.0,0.0,0.0,XLRE
2022-06-09 00:00:00-04:00,37.69197844840053,37.981176829927065,36.94707899669083,36.955841064453125,5533800,0.0,0.0,0.0,XLRE
2022-06-10 00:00:00-04:00,36.46508468523769,36.57024621249389,36.061962711568356,36.07948684692383,8566800,0.0,0.0,0.0,XLRE
2022-06-13 00:00:00-04:00,35.14179273668335,35.28200923767115,34.195332190771985,34.34431076049805,13192800,0.0,0.0,0.0,XLRE
2022-06-14 00:00:00-04:00,34.45823147183941,34.528341381148905,33.85354854765518,34.09892654418945,9800800,0.0,0.0,0.0,XLRE
2022-06-15 00:00:00-04:00,34.44070642676086,35.36964273256751,34.3267794875995,34.878883361816406,9429200,0.0,0.0,0.0,XLRE
2022-06-16 00:00:00-04:00,34.116458490270205,34.449473917061454,33.87984252989418,34.046348571777344,8398000,0.0,0.0,0.0,XLRE
2022-06-17 00:00:00-04:00,34.204085369823574,34.738661685597805,33.95344881553898,34.24790573120117,14302000,0.0,0.0,0.0,XLRE
2022-06-21 00:00:00-04:00,34.611877248365836,35.177257037569525,34.57654016905826,34.88573455810547,6031800,0.312,0.0,0.0,XLRE
2022-06-22 00:00:00-04:00,34.55886077283988,35.941394079547905,34.52352707456165,35.45110321044922,5776400,0.0,0.0,0.0,XLRE
2022-06-23 00:00:00-04:00,35.618959380751164,36.268263871899265,35.58362230247375,36.14900207519531,7414500,0.0,0.0,0.0,XLRE
2022-06-24 00:00:00-04:00,36.405188046097145,36.952902607608024,36.30801277325073,36.93523406982422,6781800,0.0,0.0,0.0,XLRE
2022-06-27 00:00:00-04:00,36.86456113021928,37.25325886445023,36.63487687133943,36.8027229309082,4743000,0.0,0.0,0.0,XLRE
2022-06-28 00:00:00-04:00,36.988227405738684,37.2620846205438,36.23733326536698,36.299171447753906,3487300,0.0,0.0,0.0,XLRE
2022-06-29 00:00:00-04:00,35.998829617670744,36.14900716660764,35.57479472840632,36.06950378417969,4473000,0.0,0.0,0.0,XLRE
2022-06-30 00:00:00-04:00,35.910478470804705,36.53769632763589,35.627788637587024,36.09599304199219,4305200,0.0,0.0,0.0,XLRE
2022-07-01 00:00:00-04:00,36.02531478983714,36.846883077024316,35.97231255835942,36.740875244140625,4894100,0.0,0.0,0.0,XLRE
2022-07-05 00:00:00-04:00,36.37868634670388,36.590702056884766,35.70288079436777,36.590702056884766,4563400,0.0,0.0,0.0,XLRE
2022-07-06 00:00:00-04:00,36.74088719524063,37.06774675207792,36.46702988712167,36.564205169677734,5866400,0.0,0.0,0.0,XLRE
2022-07-07 00:00:00-04:00,36.74088294069776,36.96173460459474,36.46702566429109,36.590702056884766,3019300,0.0,0.0,0.0,XLRE
2022-07-08 00:00:00-04:00,36.44935268055766,36.665789711123736,36.23733699623926,36.4228515625,3067500,0.0,0.0,0.0,XLRE
2022-07-11 00:00:00-04:00,36.3168437203408,36.5288594046592,36.06949096532647,36.4228515625,3716600,0.0,0.0,0.0,XLRE
2022-07-12 00:00:00-04:00,36.219673576634726,36.59512073850428,35.93698371099678,36.193172454833984,3978300,0.0,0.0,0.0,XLRE
2022-07-13 00:00:00-04:00,35.769133220226045,36.29917581007813,35.54828157946625,35.998817443847656,5314500,0.0,0.0,0.0,XLRE
2022-07-14 00:00:00-04:00,35.37160809253888,35.80447552528451,35.32743842775883,35.64546203613281,4305800,0.0,0.0,0.0,XLRE
2022-07-15 00:00:00-04:00,36.08716080941277,36.436106845436235,35.89281363524539,36.21967315673828,3126600,0.0,0.0,0.0,XLRE
2022-07-18 00:00:00-04:00,36.475866769524,36.48469935455857,35.73380493923101,35.86631393432617,4191200,0.0,0.0,0.0,XLRE
2022-07-19 00:00:00-04:00,36.21084167073133,36.91756634805973,36.14016751803394,36.85572814941406,3414900,0.0,0.0,0.0,XLRE
2022-07-20 00:00:00-04:00,36.75855831062614,37.191425765162386,36.555375146466126,36.67021560668945,3630300,0.0,0.0,0.0,XLRE
2022-07-21 00:00:00-04:00,36.73205573387838,37.058915300712655,36.42286133720428,37.050079345703125,5243600,0.0,0.0,0.0,XLRE
2022-07-22 00:00:00-04:00,37.25325313173707,37.55361149785418,37.05007002670617,37.332759857177734,3791600,0.0,0.0,0.0,XLRE
2022-07-25 00:00:00-04:00,37.332763697317624,37.58895243563737,37.160499669464784,37.35926818847656,3131300,0.0,0.0,0.0,XLRE
2022-07-26 00:00:00-04:00,37.394613186930215,37.672885128594885,37.28860193968968,37.42994689941406,3006400,0.0,0.0,0.0,XLRE
2022-07-27 00:00:00-04:00,37.482943979346345,37.71262822282169,37.1914181707784,37.633121490478516,5156000,0.0,0.0,0.0,XLRE
2022-07-28 00:00:00-04:00,38.03065836098295,39.07307855302241,37.88048083717973,39.02007293701172,5375700,0.0,0.0,0.0,XLRE
2022-07-29 00:00:00-04:00,39.028908814507574,39.34693577008757,38.86106275236443,39.17025375366211,3523300,0.0,0.0,0.0,XLRE
2022-08-01 00:00:00-04:00,38.99356124132886,39.08190391072695,38.66670178937657,38.81687927246094,4102700,0.0,0.0,0.0,XLRE
2022-08-02 00:00:00-04:00,38.852223191059196,38.93172992257282,38.27801090339752,38.30451202392578,3477300,0.0,0.0,0.0,XLRE
2022-08-03 00:00:00-04:00,38.54303059290651,38.83455301620889,38.45468791165676,38.463523864746094,3208100,0.0,0.0,0.0,XLRE
2022-08-04 00:00:00-04:00,38.54303287849461,38.65345870915847,38.260343021589435,38.498863220214844,3236400,0.0,0.0,0.0,XLRE
2022-08-05 00:00:00-04:00,38.216169903233265,38.65787322484678,38.07482497511409,38.62253952026367,3320200,0.0,0.0,0.0,XLRE
2022-08-08 00:00:00-04:00,38.98473439031487,39.32042647359135,38.7020445465406,38.90522766113281,4055100,0.0,0.0,0.0,XLRE
2022-08-09 00:00:00-04:00,39.04657806808438,39.21442413330078,38.816890431546966,39.21442413330078,2368400,0.0,0.0,0.0,XLRE
2022-08-10 00:00:00-04:00,39.65612219129342,39.815135650718126,39.417602002156364,39.74446487426758,3617200,0.0,0.0,0.0,XLRE
2022-08-11 00:00:00-04:00,39.94765730207582,40.02716405032131,39.43086175351529,39.558956146240234,2815500,0.0,0.0,0.0,XLRE
2022-08-12 00:00:00-04:00,39.80630426900317,40.255957249653726,39.744466074018966,40.23033905029297,2392600,0.0,0.0,0.0,XLRE
2022-08-15 00:00:00-04:00,40.1950014957716,40.517446397132744,40.0978262276921,40.407020568847656,3296500,0.0,0.0,0.0,XLRE
2022-08-16 00:00:00-04:00,40.21267546411757,40.473278836503596,40.13316872221637,40.24801254272461,3279000,0.0,0.0,0.0,XLRE
2022-08-17 00:00:00-04:00,39.87697472078262,40.37256656789071,39.85047360027197,40.13316345214844,3331300,0.0,0.0,0.0,XLRE
2022-08-18 00:00:00-04:00,40.20384207845391,40.265683654932445,39.62962967908015,39.85931396484375,1654800,0.0,0.0,0.0,XLRE
2022-08-19 00:00:00-04:00,39.770966140931115,39.82397175091118,39.34251339422981,39.47060775756836,3202300,0.0,0.0,0.0,XLRE
2022-08-22 00:00:00-04:00,39.170246404677165,39.19674752269373,38.6136993368296,38.6490364074707,3430400,0.0,0.0,0.0,XLRE
2022-08-23 00:00:00-04:00,38.55186340298098,38.61370159525542,37.924645527095215,38.06599044799805,2800000,0.0,0.0,0.0,XLRE
2022-08-24 00:00:00-04:00,38.136660667278896,38.57394935332174,38.06598989282255,38.36634826660156,3277100,0.0,0.0,0.0,XLRE
2022-08-25 00:00:00-04:00,38.54304158351526,38.967076464642126,38.38402808185148,38.9582405090332,1713900,0.0,0.0,0.0,XLRE
2022-08-26 00:00:00-04:00,38.984729859988455,38.984729859988455,37.95114250073249,37.96881103515625,2725600,0.0,0.0,0.0,XLRE
2022-08-29 00:00:00-04:00,37.756800132646966,38.02182144263321,37.54478106270069,37.6419563293457,2492900,0.0,0.0,0.0,XLRE
2022-08-30 00:00:00-04:00,37.71263014865066,37.77446834697219,36.98823693694499,37.10308074951172,3539400,0.0,0.0,0.0,XLRE
2022-08-31 00:00:00-04:00,37.30626125595809,37.509444374699015,36.8822264816385,36.97056579589844,4646700,0.0,0.0,0.0,XLRE
2022-09-01 00:00:00-04:00,36.68787852941369,37.11191333358805,36.431693152051245,37.10308074951172,5343200,0.0,0.0,0.0,XLRE
2022-09-02 00:00:00-04:00,37.412274524695746,37.49619924434593,36.38310822181233,36.4670295715332,3911300,0.0,0.0,0.0,XLRE
2022-09-06 00:00:00-04:00,36.564199645628946,37.03240407819526,36.44935584087404,36.84688949584961,6399500,0.0,0.0,0.0,XLRE
2022-09-07 00:00:00-04:00,36.85572312719362,37.61545331551888,36.83363661500308,37.553611755371094,4618500,0.0,0.0,0.0,XLRE
2022-09-08 00:00:00-04:00,37.33276312392867,37.76563386030083,37.22675527070792,37.65962600708008,4505200,0.0,0.0,0.0,XLRE
2022-09-09 00:00:00-04:00,37.80097221557131,38.158750838520255,37.56245201029568,38.02182388305664,2909100,0.0,0.0,0.0,XLRE
2022-09-12 00:00:00-04:00,38.163169368858384,38.40610418465766,38.08366263261357,38.33985137939453,2802400,0.0,0.0,0.0,XLRE
2022-09-13 00:00:00-04:00,37.59779336324943,37.73648617729199,36.74972030247734,36.882232666015625,4139500,0.0,0.0,0.0,XLRE
2022-09-14 00:00:00-04:00,36.74970991812234,36.82921663979324,36.17549770154669,36.43168640136719,4143900,0.0,0.0,0.0,XLRE
2022-09-15 00:00:00-04:00,36.3875215608234,36.46879751319923,35.592457535279145,35.636627197265625,6227200,0.0,0.0,0.0,XLRE
2022-09-16 00:00:00-04:00,35.36277213762522,35.671966530944374,35.217012580844006,35.64546203613281,6045400,0.0,0.0,0.0,XLRE
2022-09-19 00:00:00-04:00,35.319184532061335,35.57770538330078,35.007178953397,35.57770538330078,4129400,0.364,0.0,0.0,XLRE
2022-09-20 00:00:00-04:00,35.247870671948654,35.265700048081946,34.472308112876455,34.641685485839844,6259200,0.0,0.0,0.0,XLRE
2022-09-21 00:00:00-04:00,34.91803232718158,35.13643963444007,34.11573080452424,34.13356018066406,9215800,0.0,0.0,0.0,XLRE
2022-09-22 00:00:00-04:00,34.01767004845103,34.03549942412564,33.674463918380454,33.81263732910156,6380200,0.0,0.0,0.0,XLRE
2022-09-23 00:00:00-04:00,33.46496754599643,33.6521708591338,32.99695586254788,33.39365005493164,7329900,0.0,0.0,0.0,XLRE
2022-09-26 00:00:00-04:00,33.19754268793202,33.224285053974114,32.14117502139044,32.4932975769043,10027200,0.0,0.0,0.0,XLRE
2022-09-27 00:00:00-04:00,32.796386566125214,33.03261984164626,32.00477997303355,32.065399169921875,10794400,0.0,0.0,0.0,XLRE
2022-09-28 00:00:00-04:00,32.306087604544636,32.805296471772984,32.020821022492974,32.67158126831055,7304200,0.0,0.0,0.0,XLRE
2022-09-29 00:00:00-04:00,32.38632463896175,32.38632463896175,31.57510326438626,31.762310028076172,7684000,0.0,0.0,0.0,XLRE
2022-09-30 00:00:00-04:00,31.904935019764952,32.33282978961177,31.842533911700126,32.101051330566406,7700800,0.0,0.0,0.0,XLRE
2022-10-03 00:00:00-04:00,32.609178830800985,32.89444200062035,32.083224223833064,32.69832229614258,11620000,0.0,0.0,0.0,XLRE
2022-10-04 00:00:00-04:00,33.063821765645365,33.518458959891255,32.96576189614379,33.21536636352539,8889900,0.0,0.0,0.0,XLRE
2022-10-05 00:00:00-04:00,32.77855968650764,32.83204781735363,32.074314599762175,32.60026931762695,7074300,0.0,0.0,0.0,XLRE
2022-10-06 00:00:00-04:00,32.49329099735787,32.609180227750706,31.48595347293932,31.53052520751953,8933000,0.0,0.0,0.0,XLRE
2022-10-07 00:00:00-04:00,31.227433834924568,31.432466542247774,30.607877519146367,30.781709671020508,6487600,0.0,0.0,0.0,XLRE
2022-10-10 00:00:00-04:00,30.86195025769482,31.12938416344754,30.389483577511456,30.43405532836914,7805100,0.0,0.0,0.0,XLRE
2022-10-11 00:00:00-04:00,30.344902184189234,30.960000312026185,30.05072260091578,30.719308853149414,8847600,0.0,0.0,0.0,XLRE
2022-10-12 00:00:00-04:00,30.66582871871266,30.692571084610417,30.15770336301905,30.309247970581055,8899300,0.0,0.0,0.0,XLRE
2022-10-13 00:00:00-04:00,29.676312701460283,31.03131443322407,29.529222925835413,30.8797664642334,14575700,0.0,0.0,0.0,XLRE
2022-10-14 00:00:00-04:00,31.263097967531444,31.33441547832725,30.041814500304955,30.104215621948242,9011700,0.0,0.0,0.0,XLRE
2022-10-17 00:00:00-04:00,30.64799477961237,31.347781588164725,30.59450665517197,31.227434158325195,7687600,0.0,0.0,0.0,XLRE
2022-10-18 00:00:00-04:00,31.806882381140657,32.06094506465372,31.34332875847353,31.637508392333984,7743400,0.0,0.0,0.0,XLRE
2022-10-19 00:00:00-04:00,31.35224157517724,31.441388464012512,30.66582923447914,30.8441162109375,7615200,0.0,0.0,0.0,XLRE
2022-10-20 00:00:00-04:00,30.853026887556126,31.165032439195212,30.59896425247703,30.69256591796875,7603500,0.0,0.0,0.0,XLRE
2022-10-21 00:00:00-04:00,30.754970522192142,30.91543151000857,30.27358755874286,30.90651512145996,9826900,0.0,0.0,0.0,XLRE
2022-10-24 00:00:00-04:00,31.200698480396422,31.329958925030816,30.64800134519915,30.88869285583496,6076300,0.0,0.0,0.0,XLRE
2022-10-25 00:00:00-04:00,30.93326588831405,32.145636480916615,30.915436508939727,32.10997772216797,7176700,0.0,0.0,0.0,XLRE
2022-10-26 00:00:00-04:00,32.127803587706,32.350665704600836,31.842540350129077,32.04757308959961,8945000,0.0,0.0,0.0,XLRE
2022-10-27 00:00:00-04:00,32.20803077404434,32.43980585551621,31.927222359242904,32.065399169921875,8435500,0.0,0.0,0.0,XLRE
2022-10-28 00:00:00-04:00,31.97624742357969,32.91226739566208,31.789044109284244,32.823123931884766,5460300,0.0,0.0,0.0,XLRE
2022-10-31 00:00:00-04:00,32.52004252674536,32.956853810239686,32.37741089551163,32.74290466308594,7154700,0.0,0.0,0.0,XLRE
2022-11-01 00:00:00-04:00,33.07273810642808,33.25102848717827,32.595813293269885,32.689414978027344,6000900,0.0,0.0,0.0,XLRE
2022-11-02 00:00:00-04:00,32.511126624211784,32.939021479568964,31.77568096007043,31.8336238861084,13999400,0.0,0.0,0.0,XLRE
2022-11-03 00:00:00-04:00,31.584015103194375,32.07431101232334,31.22743440531573,31.8157901763916,10969400,0.0,0.0,0.0,XLRE
2022-11-04 00:00:00-04:00,32.10105179028149,32.417518929349214,31.61075590534838,32.261512756347656,7524100,0.0,0.0,0.0,XLRE
2022-11-07 00:00:00-05:00,32.4665511635195,32.59135680397728,32.056485689547614,32.25260543823242,6479800,0.0,0.0,0.0,XLRE
2022-11-08 00:00:00-05:00,32.34174278172428,32.778553938857776,32.23922813300262,32.4487190246582,6225500,0.0,0.0,0.0,XLRE
2022-11-09 00:00:00-05:00,32.357792101977495,32.751813464751955,32.0297390860845,32.092140197753906,7752900,0.0,0.0,0.0,XLRE
2022-11-10 00:00:00-05:00,33.2911428750647,34.64168670925425,33.15296605530324,34.55253982543945,11979200,0.0,0.0,0.0,XLRE
2022-11-11 00:00:00-05:00,34.659515981475565,34.94477920761068,34.44110866724251,34.53471374511719,7291400,0.0,0.0,0.0,XLRE
2022-11-14 00:00:00-05:00,34.338598286773276,34.38317003380505,33.61652374267578,33.61652374267578,6304100,0.0,0.0,0.0,XLRE
2022-11-15 00:00:00-05:00,34.10681749784821,34.24944911924839,33.65218026732455,34.03550338745117,9588700,0.0,0.0,0.0,XLRE
2022-11-16 00:00:00-05:00,33.99092716288315,34.15138814088305,33.7056639576846,33.79480743408203,7771200,0.0,0.0,0.0,XLRE
2022-11-17 00:00:00-05:00,33.32412243138127,33.59868732813634,33.210909469494105,33.49171447753906,4402600,0.0,0.0,0.0,XLRE
2022-11-18 00:00:00-05:00,33.937442261616354,34.053331512430006,33.58086152093094,33.919612884521484,5865600,0.0,0.0,0.0,XLRE
2022-11-21 00:00:00-05:00,33.86434347888816,34.20487676647409,33.72349717819379,34.16030502319336,4836700,0.0,0.0,0.0,XLRE
2022-11-22 00:00:00-05:00,34.294014607536816,34.34749932512303,34.07026159076814,34.32966995239258,5547200,0.0,0.0,0.0,XLRE
2022-11-23 00:00:00-05:00,34.27619440245674,34.525798886233,34.07116166212538,34.3831672668457,3604500,0.0,0.0,0.0,XLRE
2022-11-25 00:00:00-05:00,34.49013974064661,34.62385837007303,34.392083266420705,34.588199615478516,2254100,0.0,0.0,0.0,XLRE
2022-11-28 00:00:00-05:00,34.38317003380505,34.53471805444067,33.54075143266113,33.61652374267578,7298200,0.0,0.0,0.0,XLRE
2022-11-29 00:00:00-05:00,33.686057375068266,34.22271048184062,33.56304043621426,34.178138732910156,4954300,0.0,0.0,0.0,XLRE
2022-11-30 00:00:00-05:00,34.088993511164695,35.00718441500376,33.88395735536164,34.98044204711914,8120200,0.0,0.0,0.0,XLRE
2022-12-01 00:00:00-05:00,35.32810434235041,35.515307707682055,34.62385922445771,34.909122467041016,9814100,0.0,0.0,0.0,XLRE
2022-12-02 00:00:00-05:00,34.481225235222986,34.91803305766642,34.311851259260045,34.73974609375,5460800,0.0,0.0,0.0,XLRE
2022-12-05 00:00:00-05:00,34.41882392063263,34.60602727203638,34.080072570040734,34.151390075683594,7165500,0.0,0.0,0.0,XLRE
2022-12-06 00:00:00-05:00,34.222695288983616,34.28509638990515,33.73239946719801,33.892860412597656,5249500,0.0,0.0,0.0,XLRE
2022-12-07 00:00:00-05:00,33.785896841938516,34.32522273377151,33.73240871194462,33.96418380737305,6159800,0.0,0.0,0.0,XLRE
2022-12-08 00:00:00-05:00,34.08007607173506,34.48568677539177,33.98201619170349,34.21379470825195,4461000,0.0,0.0,0.0,XLRE
2022-12-09 00:00:00-05:00,34.115728951022625,34.51242319691546,34.017669087884066,34.14247131347656,6077000,0.0,0.0,0.0,XLRE
2022-12-12 00:00:00-05:00,34.17813749891072,34.44557138344428,33.85721547722792,34.42774200439453,4945000,0.0,0.0,0.0,XLRE
2022-12-13 00:00:00-05:00,35.49747617096438,35.65793716023391,34.75757574320459,35.18547058105469,10763800,0.0,0.0,0.0,XLRE
2022-12-14 00:00:00-05:00,35.14089788288437,35.577709139740506,34.70854822125906,34.84672164916992,10786500,0.0,0.0,0.0,XLRE
2022-12-15 00:00:00-05:00,34.40099253190293,34.757573238047016,34.231618566817595,34.44556427001953,6033200,0.0,0.0,0.0,XLRE
2022-12-16 00:00:00-05:00,33.98201844887187,33.99984782829881,33.09413711729149,33.4293212890625,8016200,0.0,0.0,0.0,XLRE
2022-12-19 00:00:00-05:00,33.35808545088598,33.403163256895304,32.83517327137267,33.03351974487305,4543900,0.421,0.0,0.0,XLRE
2022-12-20 00:00:00-05:00,32.87124001855848,33.15974213151964,32.56470609363519,32.96139907836914,4333900,0.0,0.0,0.0,XLRE
2022-12-21 00:00:00-05:00,33.25712475307338,33.63758820712087,33.14172180436771,33.29499053955078,4082400,0.0,0.0,0.0,XLRE
2022-12-22 00:00:00-05:00,32.99745358285956,33.20481766511996,32.54216330625167,33.1326904296875,4206200,0.0,0.0,0.0,XLRE
2022-12-23 00:00:00-05:00,33.02451431750687,33.44824993342915,32.884768610836225,33.43022155761719,3935100,0.0,0.0,0.0,XLRE
2022-12-27 00:00:00-05:00,33.4482455366479,33.527584824503016,33.105651413781786,33.403167724609375,4259700,0.0,0.0,0.0,XLRE
2022-12-28 00:00:00-05:00,33.48431819144005,33.66463292743496,32.8396953317301,32.87125015258789,4730900,0.0,0.0,0.0,XLRE
2022-12-29 00:00:00-05:00,33.10655870922065,33.68717080474851,33.015498554066426,33.60152053833008,4143200,0.0,0.0,0.0,XLRE
2022-12-30 00:00:00-05:00,33.39416382010141,33.520383108359425,32.93436105376988,33.29499053955078,5087800,0.0,0.0,0.0,XLRE
2023-01-03 00:00:00-05:00,33.56545086176513,33.86297061413559,33.00647842184028,33.421199798583984,7060300,0.0,0.0,0.0,XLRE
2023-01-04 00:00:00-05:00,33.71872469946333,34.49407213293931,33.601519617977424,34.187538146972656,7586900,0.0,0.0,0.0,XLRE
2023-01-05 00:00:00-05:00,33.91706770809624,33.91706770809624,33.13270264917813,33.186798095703125,6581100,0.0,0.0,0.0,XLRE
2023-01-06 00:00:00-05:00,33.457268394281016,34.26867945550432,33.20482985601828,34.1514778137207,6329600,0.0,0.0,0.0,XLRE
2023-01-09 00:00:00-05:00,34.313752784249125,34.53914526681698,34.016233056435695,34.13343811035156,3965600,0.0,0.0,0.0,XLRE
2023-01-10 00:00:00-05:00,34.07934772531495,34.25064823854338,33.78183139264046,34.23261642456055,5196700,0.0,0.0,0.0,XLRE
2023-01-11 00:00:00-05:00,34.44899063548233,35.48579756416639,34.44899063548233,35.47677993774414,4733100,0.0,0.0,0.0,XLRE
2023-01-12 00:00:00-05:00,35.55792631235534,35.945601761090685,35.21533212355171,35.873477935791016,5102300,0.0,0.0,0.0,XLRE
2023-01-13 00:00:00-05:00,35.467768282282634,35.810365887230645,35.38662683477434,35.666114807128906,3796000,0.0,0.0,0.0,XLRE
2023-01-17 00:00:00-05:00,35.684150379480315,35.905034116815784,35.584977106614524,35.675132751464844,5463200,0.0,0.0,0.0,XLRE
2023-01-18 00:00:00-05:00,35.864455002525794,35.90051862944921,35.074680144673614,35.12516784667969,7466700,0.0,0.0,0.0,XLRE
2023-01-19 00:00:00-05:00,34.9719044951075,35.39564009726897,34.92682667860738,34.95387268066406,7253700,0.0,0.0,0.0,XLRE
2023-01-20 00:00:00-05:00,34.98091598329748,35.3956373658423,34.51209916159681,35.35957717895508,4262500,0.0,0.0,0.0,XLRE
2023-01-23 00:00:00-05:00,35.38662442372177,35.692257303152736,35.10713647041,35.4587516784668,7002200,0.0,0.0,0.0,XLRE
2023-01-24 00:00:00-05:00,35.43170767459102,35.74725930369017,34.74651584546877,35.612022399902344,7089700,0.0,0.0,0.0,XLRE
2023-01-25 00:00:00-05:00,35.38662279089574,35.711188543838496,35.296467165841264,35.64807891845703,8163100,0.0,0.0,0.0,XLRE
2023-01-26 00:00:00-05:00,35.84642309677794,36.05378723144531,35.6570942147426,36.05378723144531,4497400,0.0,0.0,0.0,XLRE
2023-01-27 00:00:00-05:00,35.945599872187415,36.53162182833223,35.93658568420512,36.378353118896484,3519900,0.0,0.0,0.0,XLRE
2023-01-30 00:00:00-05:00,36.08984973770779,36.50907996870114,35.90953847040409,35.93658447265625,3806400,0.0,0.0,0.0,XLRE
2023-01-31 00:00:00-05:00,35.92757073726908,36.64432082753913,35.846429282506755,36.59473419189453,4274800,0.0,0.0,0.0,XLRE
2023-02-01 00:00:00-05:00,36.44146100432462,37.117638564724466,36.053789033774954,36.86520004272461,7921000,0.0,0.0,0.0,XLRE
2023-02-02 00:00:00-05:00,37.243856393987016,38.05526729681594,37.18074677174087,37.71267318725586,7014400,0.0,0.0,0.0,XLRE
2023-02-03 00:00:00-05:00,37.17173089364717,37.198776893247995,36.432443764680464,36.928306579589844,7467200,0.0,0.0,0.0,XLRE
2023-02-06 00:00:00-05:00,36.405402711049376,36.73357280674163,36.234102185727224,36.693904876708984,5384400,0.0,0.0,0.0,XLRE
2023-02-07 00:00:00-05:00,36.41531628590636,36.743489805603126,36.07181761552191,36.549652099609375,7056600,0.0,0.0,0.0,XLRE
2023-02-08 00:00:00-05:00,36.405403595169076,36.61276431682169,36.27467551080211,36.45048141479492,4347800,0.0,0.0,0.0,XLRE
2023-02-09 00:00:00-05:00,36.71193341616012,36.82913504603968,35.99969225358373,36.0988655090332,3476900,0.0,0.0,0.0,XLRE
2023-02-10 00:00:00-05:00,35.909537285583745,36.270163247509416,35.71569958433258,36.170989990234375,4253400,0.0,0.0,0.0,XLRE
2023-02-13 00:00:00-05:00,36.3062235111539,36.56317081791248,36.26114569999243,36.50457000732422,2943000,0.0,0.0,0.0,XLRE
2023-02-14 00:00:00-05:00,36.37654807707629,36.63079217994245,35.93207401387558,36.125911712646484,4544900,0.0,0.0,0.0,XLRE
2023-02-15 00:00:00-05:00,35.90953427730851,36.23860539700796,35.81036102834158,36.22508239746094,3873000,0.0,0.0,0.0,XLRE
2023-02-16 00:00:00-05:00,35.6390604456267,36.2007395373927,35.395636136703466,35.891502380371094,4807200,0.0,0.0,0.0,XLRE
2023-02-17 00:00:00-05:00,35.73823527024253,35.82839433634702,35.3776093234747,35.71118927001953,7192500,0.0,0.0,0.0,XLRE
2023-02-21 00:00:00-05:00,35.52186358839581,35.52186358839581,34.850191382503,35.00796890258789,4220800,0.0,0.0,0.0,XLRE
2023-02-22 00:00:00-05:00,35.11615233237143,35.14319833193343,34.530130454272886,34.692413330078125,7049600,0.0,0.0,0.0,XLRE
2023-02-23 00:00:00-05:00,34.899774096639554,35.098120598450855,34.68339922122416,35.02599334716797,9331700,0.0,0.0,0.0,XLRE
2023-02-24 00:00:00-05:00,34.59324410174853,34.70143499100975,34.2091764186006,34.376869201660156,8159000,0.0,0.0,0.0,XLRE
2023-02-27 00:00:00-05:00,34.86371485333077,34.95387392876728,34.277696339470246,34.43096160888672,4816100,0.0,0.0,0.0,XLRE
2023-02-28 00:00:00-05:00,34.45801131008128,34.872732742554696,34.32277441551873,34.44899368286133,4202100,0.0,0.0,0.0,XLRE
2023-03-01 00:00:00-05:00,34.232620101210344,34.26868029383207,33.69618475506185,33.91706848144531,7279000,0.0,0.0,0.0,XLRE
2023-03-02 00:00:00-05:00,33.67364566302297,34.41293295339407,33.62856784077446,34.35884094238281,5067200,0.0,0.0,0.0,XLRE
2023-03-03 00:00:00-05:00,34.6202924543158,35.01247323809207,34.521119195222106,34.93584060668945,4420200,0.0,0.0,0.0,XLRE
2023-03-06 00:00:00-05:00,35.12516387167837,35.12516387167837,34.73748852416558,34.80059814453125,4248500,0.0,0.0,0.0,XLRE
2023-03-07 00:00:00-05:00,34.80060323809975,34.863712867702425,33.899033170385074,33.926082611083984,5385900,0.0,0.0,0.0,XLRE
2023-03-08 00:00:00-05:00,33.944101105628434,34.61126076798533,33.9170516755436,34.403900146484375,4473000,0.0,0.0,0.0,XLRE
2023-03-09 00:00:00-05:00,34.48505915389219,34.52112278626265,33.54742534756376,33.61955261230469,5683500,0.0,0.0,0.0,XLRE
2023-03-10 00:00:00-05:00,33.58348354364891,33.664624983739145,32.41144319506961,32.54667663574219,11736200,0.0,0.0,0.0,XLRE
2023-03-13 00:00:00-04:00,32.33931477310304,33.55643633046386,32.28972814821705,33.06958770751953,16936000,0.0,0.0,0.0,XLRE
2023-03-14 00:00:00-04:00,33.58348656626513,33.72773764616228,33.020005248039205,33.41218948364258,7719000,0.0,0.0,0.0,XLRE
2023-03-15 00:00:00-04:00,32.862231421462745,33.54291782213577,32.862231421462745,33.43022155761719,14961500,0.0,0.0,0.0,XLRE
2023-03-16 00:00:00-04:00,33.186797213550996,33.58348682653828,32.83518197931068,33.43022155761719,8068700,0.0,0.0,0.0,XLRE
2023-03-17 00:00:00-04:00,33.30400102269273,33.3220328388968,32.6458552077217,32.66388702392578,8692500,0.0,0.0,0.0,XLRE
2023-03-20 00:00:00-04:00,32.74197487012332,33.1351315704503,32.56945532145816,33.01436996459961,4962800,0.256,0.0,0.0,XLRE
2023-03-21 00:00:00-04:00,33.241365012779056,33.26860348193831,32.473208316527305,32.823692321777344,4952600,0.0,0.0,0.0,XLRE
2023-03-22 00:00:00-04:00,32.587609590669366,32.614848056106766,31.601538348497154,31.625146865844727,8042000,0.0,0.0,0.0,XLRE
2023-03-23 00:00:00-04:00,31.72502826849318,32.16540201429744,31.334594027699183,31.434473037719727,7494000,0.0,0.0,0.0,XLRE
2023-03-24 00:00:00-04:00,31.2437898348032,32.251654581682466,31.18023110875593,32.24257278442383,8241100,0.0,0.0,0.0,XLRE
2023-03-27 00:00:00-04:00,32.44233656775604,32.54221557333692,32.088222612472116,32.13362121582031,5108800,0.0,0.0,0.0,XLRE
2023-03-28 00:00:00-04:00,31.879384417318352,32.206259884374965,31.779505417529805,32.024662017822266,5117800,0.0,0.0,0.0,XLRE
2023-03-29 00:00:00-04:00,32.34246172092755,32.805536540221276,32.34246172092755,32.787376403808594,4108600,0.0,0.0,0.0,XLRE
2023-03-30 00:00:00-04:00,33.14148605080618,33.30129038107557,33.07792731355748,33.21412658691406,4383800,0.0,0.0,0.0,XLRE
2023-03-31 00:00:00-04:00,33.35939569541558,33.95866611084506,33.32761633488866,33.94050598144531,6971500,0.0,0.0,0.0,XLRE
2023-04-03 00:00:00-04:00,33.858789416079404,34.09940508540646,33.43657590418962,33.622711181640625,6452000,0.0,0.0,0.0,XLRE
2023-04-04 00:00:00-04:00,33.64087230956651,33.79069079389902,33.41841676427,33.63179397583008,5639900,0.0,0.0,0.0,XLRE
2023-04-05 00:00:00-04:00,33.56823890554198,33.804313709006664,33.432039638821934,33.45927810668945,4476400,0.0,0.0,0.0,XLRE
2023-04-06 00:00:00-04:00,33.57731434172485,33.690812566296806,33.27768082997417,33.68627166748047,4053400,0.0,0.0,0.0,XLRE
2023-04-10 00:00:00-04:00,33.486517311447834,33.86786968530454,33.332157924155155,33.85879135131836,3814600,0.0,0.0,0.0,XLRE
2023-04-11 00:00:00-04:00,33.94051318785953,34.294627127115426,33.786153787032625,34.02223205566406,9963400,0.0,0.0,0.0,XLRE
2023-04-12 00:00:00-04:00,34.36726682776251,34.3945087615773,33.86333434833304,33.92235565185547,6764800,0.0,0.0,0.0,XLRE
2023-04-13 00:00:00-04:00,33.967748562237624,33.96956353629051,33.494688044641556,33.813392639160156,4650800,0.0,0.0,0.0,XLRE
2023-04-14 00:00:00-04:00,33.867871519067116,33.994988983902076,32.99620593417784,33.23228073120117,4853400,0.0,0.0,0.0,XLRE
2023-04-17 00:00:00-04:00,33.25043876905902,33.98590850830078,33.25043876905902,33.98590850830078,4601000,0.0,0.0,0.0,XLRE
2023-04-18 00:00:00-04:00,34.049466121006034,34.049466121006034,33.74256579694478,33.931427001953125,3479300,0.0,0.0,0.0,XLRE
2023-04-19 00:00:00-04:00,33.71351102103801,34.22198081151203,33.64995229722876,34.13118362426758,5605700,0.0,0.0,0.0,XLRE
2023-04-20 00:00:00-04:00,33.92234938063188,33.94958784571956,33.58094722526145,33.722591400146484,4243600,0.0,0.0,0.0,XLRE
2023-04-21 00:00:00-04:00,33.804317368130775,33.90419637937797,33.48652366297296,33.75891876220703,3252700,0.0,0.0,0.0,XLRE
2023-04-24 00:00:00-04:00,33.82247728979558,33.931434636063294,33.409342012005986,33.668121337890625,3709700,0.0,0.0,0.0,XLRE
2023-04-25 00:00:00-04:00,33.47743736969965,33.63179676554974,33.341241570210784,33.35940170288086,3664000,0.0,0.0,0.0,XLRE
2023-04-26 00:00:00-04:00,33.27768145379759,33.60455343719198,32.99620460465383,33.08700180053711,4446300,0.0,0.0,0.0,XLRE
2023-04-27 00:00:00-04:00,33.17780424026784,33.96321007150306,33.17780424026784,33.88603210449219,4278800,0.0,0.0,0.0,XLRE
2023-04-28 00:00:00-04:00,33.88603217097227,34.39450550179494,33.82247343758084,34.276466369628906,5256200,0.0,0.0,0.0,XLRE
2023-05-01 00:00:00-04:00,34.16750789595669,34.34910575545612,33.917810406183584,33.95867156982422,4381900,0.0,0.0,0.0,XLRE
2023-05-02 00:00:00-04:00,33.8860330052059,33.94959174016208,33.16872332362477,33.377559661865234,6376400,0.0,0.0,0.0,XLRE
2023-05-03 00:00:00-04:00,33.44112260299448,33.813396686156665,33.14148559124155,33.168724060058594,6140700,0.0,0.0,0.0,XLRE
2023-05-04 00:00:00-04:00,33.15963863706894,33.686268549214525,33.041599524607264,33.47743225097656,4887800,0.0,0.0,0.0,XLRE
2023-05-05 00:00:00-04:00,33.695353971538935,34.06762801518243,33.63179524191865,33.99498748779297,3265600,0.0,0.0,0.0,XLRE
2023-05-08 00:00:00-04:00,33.88603624427015,34.040395660840815,33.64087961585201,33.75891876220703,3358700,0.0,0.0,0.0,XLRE
2023-05-09 00:00:00-04:00,33.64995574951172,33.77253231123642,33.2776817017113,33.64995574951172,2995000,0.0,0.0,0.0,XLRE
2023-05-10 00:00:00-04:00,33.94959041665243,34.11302814693712,33.6317967542606,33.967750549316406,3770000,0.0,0.0,0.0,XLRE
2023-05-11 00:00:00-04:00,33.75890978066836,33.78614824423751,33.400255001014955,33.61363220214844,3419800,0.0,0.0,0.0,XLRE
2023-05-12 00:00:00-04:00,33.74075141543496,33.74075141543496,33.40025674824595,33.67719268798828,2950200,0.0,0.0,0.0,XLRE
2023-05-15 00:00:00-04:00,33.71351118682289,33.80884927300559,33.49740806111808,33.61363220214844,3003600,0.0,0.0,0.0,XLRE
2023-05-16 00:00:00-04:00,33.58639836393429,33.58639836393429,32.71472930908203,32.71472930908203,3240300,0.0,0.0,0.0,XLRE
2023-05-17 00:00:00-04:00,32.94172910452272,33.200504961307956,32.64209554262526,33.14148712158203,3220400,0.0,0.0,0.0,XLRE
2023-05-18 00:00:00-04:00,33.01435892306506,33.1096970010617,32.669323404822165,32.932640075683594,4111000,0.0,0.0,0.0,XLRE
2023-05-19 00:00:00-04:00,33.12332278941081,33.259522049908014,32.73288860392262,32.87816619873047,4578700,0.0,0.0,0.0,XLRE
2023-05-22 00:00:00-04:00,32.94172899755427,33.30492476126611,32.740156006795594,33.09608840942383,3943200,0.0,0.0,0.0,XLRE
2023-05-23 00:00:00-04:00,33.03252027220151,33.286755156252184,32.65116448243498,32.68748474121094,3152000,0.0,0.0,0.0,XLRE
2023-05-24 00:00:00-04:00,32.58307025913297,32.59669295619785,31.915703577979436,31.97018051147461,3991400,0.0,0.0,0.0,XLRE
2023-05-25 00:00:00-04:00,32.13361717207698,32.30159579338718,31.81582352493982,32.04281997680664,5230700,0.0,0.0,0.0,XLRE
2023-05-26 00:00:00-04:00,32.12454108137443,32.49227425069743,31.988341815266764,32.415096282958984,4403100,0.0,0.0,0.0,XLRE
2023-05-30 00:00:00-04:00,32.66025410770149,32.9598876551996,32.45141776521702,32.514976501464844,4540300,0.0,0.0,0.0,XLRE
2023-05-31 00:00:00-04:00,32.533135898843824,32.787370838080705,32.33337789590555,32.723812103271484,6945100,0.0,0.0,0.0,XLRE
2023-06-01 00:00:00-04:00,32.696563194459436,32.91448128422712,32.39692971768072,32.73288345336914,5485000,0.0,0.0,0.0,XLRE
2023-06-02 00:00:00-04:00,33.12332139898395,33.55461672999313,32.96896547634489,33.42295837402344,4350000,0.0,0.0,0.0,XLRE
2023-06-05 00:00:00-04:00,33.4956007635041,33.63180003994449,33.186885405438524,33.26860427856445,3970500,0.0,0.0,0.0,XLRE
2023-06-06 00:00:00-04:00,33.450196954569115,33.53645671380587,33.150559978498904,33.46835708618164,3260600,0.0,0.0,0.0,XLRE
2023-06-07 00:00:00-04:00,33.61182446936214,34.167511413507064,33.40480309604137,34.085792541503906,4415600,0.0,0.0,0.0,XLRE
2023-06-08 00:00:00-04:00,33.931426238107875,33.96774649910512,33.500134395760455,33.876949310302734,4027000,0.0,0.0,0.0,XLRE
2023-06-09 00:00:00-04:00,33.904191434522225,33.97682850066793,33.51829814491472,33.70443344116211,4261700,0.0,0.0,0.0,XLRE
2023-06-12 00:00:00-04:00,33.68627166748047,33.731673728262,33.39117905454613,33.68627166748047,3819100,0.0,0.0,0.0,XLRE
2023-06-13 00:00:00-04:00,33.686270430238984,33.96774726376799,33.56823477487688,33.931427001953125,4358200,0.0,0.0,0.0,XLRE
2023-06-14 00:00:00-04:00,34.040392410177226,34.31823586978034,33.804314140011314,34.11302947998047,7845400,0.0,0.0,0.0,XLRE
2023-06-15 00:00:00-04:00,33.97682396127507,34.33094130138184,33.74074919822787,34.25830078125,4383300,0.0,0.0,0.0,XLRE
2023-06-16 00:00:00-04:00,34.2673869259696,34.55794211598143,34.176586264283976,34.22198486328125,6076400,0.0,0.0,0.0,XLRE
2023-06-20 00:00:00-04:00,34.03772961773365,34.111065216236156,33.625205948030334,33.85438537597656,4026500,0.359,0.0,0.0,XLRE
2023-06-21 00:00:00-04:00,33.67103690826678,33.83146178829457,33.432691871796926,33.707706451416016,4543300,0.0,0.0,0.0,XLRE
2023-06-22 00:00:00-04:00,33.73521212387573,33.76271603402906,33.024757973759854,33.23101806640625,5103500,0.0,0.0,0.0,XLRE
2023-06-23 00:00:00-04:00,33.12100351902913,33.35476395850093,32.85515461064979,32.87348937988281,5414100,0.0,0.0,0.0,XLRE
2023-06-26 00:00:00-04:00,32.86432619212698,33.63436915422118,32.82766014402748,33.606868743896484,2988900,0.0,0.0,0.0,XLRE
2023-06-27 00:00:00-04:00,33.698542216647155,34.05148050102303,33.506032332624294,33.97356033325195,4012700,0.0,0.0,0.0,XLRE
2023-06-28 00:00:00-04:00,33.973553338520254,34.116559652350986,33.746206381148426,34.065223693847656,3963100,0.0,0.0,0.0,XLRE
2023-06-29 00:00:00-04:00,33.92772175030085,34.376914978027344,33.771881414294086,34.376914978027344,3727400,0.0,0.0,0.0,XLRE
2023-06-30 00:00:00-04:00,34.66109505989005,34.75276542464713,34.120231515022674,34.55108642578125,6437000,0.0,0.0,0.0,XLRE
2023-07-03 00:00:00-04:00,34.41357959048336,35.01402850026692,34.34940963815534,34.82610321044922,3628200,0.0,0.0,0.0,XLRE
2023-07-05 00:00:00-04:00,34.72526389053137,35.22854166033672,34.52358489819403,35.00027847290039,6300600,0.0,0.0,0.0,XLRE
2023-07-06 00:00:00-04:00,34.606094568924156,34.85360877753402,34.15690133915055,34.80777359008789,5046400,0.0,0.0,0.0,XLRE
2023-07-07 00:00:00-04:00,34.57858746636095,34.86276767175047,34.49883138809359,34.642757415771484,4617200,0.0,0.0,0.0,XLRE
2023-07-10 00:00:00-04:00,34.551083936995695,34.78943246339578,34.463998145849516,34.76192855834961,4345300,0.0,0.0,0.0,XLRE
2023-07-11 00:00:00-04:00,34.8352667433386,35.18362038993197,34.7252616169933,35.1561164855957,4772800,0.0,0.0,0.0,XLRE
2023-07-12 00:00:00-04:00,35.541142613103894,35.632812976474206,35.30279407314074,35.321128845214844,7247700,0.0,0.0,0.0,XLRE
2023-07-13 00:00:00-04:00,35.31196078455281,35.57780971588432,35.082781394853214,35.55947494506836,4708100,0.0,0.0,0.0,XLRE
2023-07-14 00:00:00-04:00,35.47697022489651,35.58331049682911,35.266125606012885,35.55947494506836,3901500,0.0,0.0,0.0,XLRE
2023-07-17 00:00:00-04:00,35.440306061492755,35.57781511498012,35.2340459782622,35.256961822509766,4556400,0.0,0.0,0.0,XLRE
2023-07-18 00:00:00-04:00,35.348630988434564,35.366965759594024,34.66567387649474,34.96360778808594,6513800,0.0,0.0,0.0,XLRE
2023-07-19 00:00:00-04:00,35.22028940776097,35.58697785587205,35.18362336055004,35.3486328125,6610700,0.0,0.0,0.0,XLRE
2023-07-20 00:00:00-04:00,35.17444973123933,35.2386196769088,34.725260111553055,35.229454040527344,6665000,0.0,0.0,0.0,XLRE
2023-07-21 00:00:00-04:00,35.34863744529806,35.495312144365656,35.220294023738326,35.38530349731445,4801800,0.0,0.0,0.0,XLRE
2023-07-24 00:00:00-04:00,35.486131183110636,35.74281444369157,35.39446083811713,35.72447967529297,5157000,0.0,0.0,0.0,XLRE
2023-07-25 00:00:00-04:00,35.66948186703734,35.84365695304955,35.44946810317968,35.45863723754883,4383300,0.0,0.0,0.0,XLRE
2023-07-26 00:00:00-04:00,35.385303703283654,35.6603218255118,35.37613806447637,35.58698272705078,5117900,0.0,0.0,0.0,XLRE
2023-07-27 00:00:00-04:00,35.84365399670787,35.93532784783747,34.826100476668216,34.83526611328125,7511200,0.0,0.0,0.0,XLRE
2023-07-28 00:00:00-04:00,35.23862237331618,35.34863100030991,34.69775886343048,34.73442840576172,5870000,0.0,0.0,0.0,XLRE
2023-07-31 00:00:00-04:00,34.83527769029312,35.16988123836717,34.73902273736796,35.00945281982422,4940900,0.0,0.0,0.0,XLRE
2023-08-01 00:00:00-04:00,34.91777775543198,35.08737179090448,34.798603473829665,34.94527816772461,6124600,0.0,0.0,0.0,XLRE
2023-08-02 00:00:00-04:00,34.73442929094907,34.86276919537906,34.57400441041159,34.79859924316406,6503700,0.0,0.0,0.0,XLRE
2023-08-03 00:00:00-04:00,34.3860731764073,34.422742717062995,33.844293477268934,34.321903228759766,6268000,0.0,0.0,0.0,XLRE
2023-08-04 00:00:00-04:00,34.1660713020052,34.53092387907033,33.87730646680298,33.98272705078125,5874700,0.0,0.0,0.0,XLRE
2023-08-07 00:00:00-04:00,34.083559152406224,34.42274367036509,34.06522438157061,34.413578033447266,3606100,0.0,0.0,0.0,XLRE
2023-08-08 00:00:00-04:00,34.14773240495071,34.33566120144415,33.909387355032536,34.239402770996094,4094200,0.0,0.0,0.0,XLRE
2023-08-09 00:00:00-04:00,34.16606292647287,34.47774702804654,34.028553897513945,34.321903228759766,5354500,0.0,0.0,0.0,XLRE
2023-08-10 00:00:00-04:00,34.41358162162829,34.642761035469185,34.10648204636158,34.2119026184082,4901600,0.0,0.0,0.0,XLRE
2023-08-11 00:00:00-04:00,34.065228809295846,34.321908640357144,33.96438930509307,34.27607345581055,3643000,0.0,0.0,0.0,XLRE
2023-08-14 00:00:00-04:00,34.23023670548301,34.23023670548301,33.982722523852814,34.09272766113281,3069500,0.0,0.0,0.0,XLRE
2023-08-15 00:00:00-04:00,33.87272087380049,33.96164260564813,33.66645728604017,33.744380950927734,3931200,0.0,0.0,0.0,XLRE
2023-08-16 00:00:00-04:00,33.78104934989168,33.794803054298605,33.29519003753965,33.33185958862305,4804500,0.0,0.0,0.0,XLRE
2023-08-17 00:00:00-04:00,33.3593575756521,33.616037420553866,33.06600818233561,33.08434295654297,5679300,0.0,0.0,0.0,XLRE
2023-08-18 00:00:00-04:00,32.85516035664421,33.26768399403377,32.80932517404543,33.17601013183594,4503900,0.0,0.0,0.0,XLRE
2023-08-21 00:00:00-04:00,33.12101369938907,33.14851411319153,32.612235062039,32.8918342590332,3958300,0.0,0.0,0.0,XLRE
2023-08-22 00:00:00-04:00,33.02016856097311,33.10725785251251,32.85515911226696,32.99266815185547,5446600,0.0,0.0,0.0,XLRE
2023-08-23 00:00:00-04:00,33.148511951676056,33.50603129579831,33.13934631333981,33.47853088378906,5105800,0.0,0.0,0.0,XLRE
2023-08-24 00:00:00-04:00,33.53353337895812,33.94147245421934,33.31351960386203,33.32268524169922,5086900,0.0,0.0,0.0,XLRE
2023-08-25 00:00:00-04:00,33.405194724941396,33.588538980784264,33.231019605241116,33.414363861083984,4985900,0.0,0.0,0.0,XLRE
2023-08-28 00:00:00-04:00,33.524366284804124,33.840635012943956,33.524366284804124,33.68021011352539,4212900,0.0,0.0,0.0,XLRE
2023-08-29 00:00:00-04:00,33.68936964180547,34.088143031179456,33.54269497508169,34.065223693847656,3808200,0.0,0.0,0.0,XLRE
2023-08-30 00:00:00-04:00,34.11105956776426,34.294403779161264,34.033139414445515,34.18439865112305,3051300,0.0,0.0,0.0,XLRE
2023-08-31 00:00:00-04:00,34.16606523280898,34.22106954750552,33.90021629060921,33.936885833740234,4084700,0.0,0.0,0.0,XLRE
2023-09-01 00:00:00-04:00,34.147735647253086,34.19815540246546,33.80855106427948,33.918556213378906,3927600,0.0,0.0,0.0,XLRE
2023-09-05 00:00:00-04:00,33.86354497853165,33.91396472345298,33.57844856263093,33.57936477661133,5000000,0.0,0.0,0.0,XLRE
2023-09-06 00:00:00-04:00,33.57019857353122,33.66278864863361,33.23101403017638,33.51519775390625,3974900,0.0,0.0,0.0,XLRE
2023-09-07 00:00:00-04:00,33.487696022979605,33.92313902297181,33.44186083798054,33.79021453857422,3861000,0.0,0.0,0.0,XLRE
2023-09-08 00:00:00-04:00,33.854381778456904,33.858966345688806,33.515197240299926,33.57019805908203,4369000,0.0,0.0,0.0,XLRE
2023-09-11 00:00:00-04:00,33.606866265338304,33.689370987227846,33.41435641326272,33.588531494140625,3336700,0.0,0.0,0.0,XLRE
2023-09-12 00:00:00-04:00,33.52436154344876,33.63436667363481,33.29976671602726,33.588531494140625,3225000,0.0,0.0,0.0,XLRE
2023-09-13 00:00:00-04:00,33.6068631346195,33.6068631346195,33.157670024621986,33.24934387207031,4274000,0.0,0.0,0.0,XLRE
2023-09-14 00:00:00-04:00,33.52436644021391,33.918555336041464,33.506031666338146,33.85438537597656,3686900,0.0,0.0,0.0,XLRE
2023-09-15 00:00:00-04:00,33.72603988647461,33.85437978541091,33.602281057500335,33.72603988647461,4755300,0.0,0.0,0.0,XLRE
2023-09-18 00:00:00-04:00,33.72696257105111,33.73343072745473,33.357350612374915,33.4312744140625,3812000,0.291,0.0,0.0,XLRE
2023-09-19 00:00:00-04:00,33.43127817795664,33.53292165428027,33.163309653990936,33.255714416503906,3937100,0.0,0.0,0.0,XLRE
2023-09-20 00:00:00-04:00,33.49595635229056,33.703860878317926,33.29266942025959,33.32039260864258,3873400,0.0,0.0,0.0,XLRE
2023-09-21 00:00:00-04:00,33.1171094663133,33.13559041905649,32.14688235902439,32.16536331176758,5749900,0.0,0.0,0.0,XLRE
2023-09-22 00:00:00-04:00,32.15611579854977,32.36771791416149,31.88814731504901,31.94359016418457,8497400,0.0,0.0,0.0,XLRE
2023-09-25 00:00:00-04:00,31.78651502298402,31.906635937676665,31.652530749013067,31.888154983520508,5017200,0.0,0.0,0.0,XLRE
2023-09-26 00:00:00-04:00,31.647906988795143,31.756942141802305,31.218234533937416,31.324499130249023,7143100,0.0,0.0,0.0,XLRE
2023-09-27 00:00:00-04:00,31.453857012350305,31.58322013413006,30.916996532083626,31.047283172607422,9007100,0.0,0.0,0.0,XLRE
2023-09-28 00:00:00-04:00,31.204371987300334,31.46309825163952,31.121209470208314,31.370697021484375,7431500,0.0,0.0,0.0,XLRE
2023-09-29 00:00:00-04:00,31.85119465235942,31.915876225509837,31.315257589248667,31.481582641601562,7305700,0.0,0.0,0.0,XLRE
2023-10-02 00:00:00-04:00,31.361460544669395,31.518546894647223,30.719262359940107,30.908689498901367,8673300,0.0,0.0,0.0,XLRE
2023-10-03 00:00:00-04:00,30.74236150045884,30.890205596686183,30.252628592621015,30.345029830932617,9197900,0.0,0.0,0.0,XLRE
2023-10-04 00:00:00-04:00,30.548318951763715,30.705401773011047,30.14174501464065,30.668439865112305,9241000,0.0,0.0,0.0,XLRE
2023-10-05 00:00:00-04:00,30.686922220154905,30.92254998766566,30.51135843694237,30.890209197998047,7857600,0.0,0.0,0.0,XLRE
2023-10-06 00:00:00-04:00,30.640720079729753,31.205300354911422,30.326550913552147,31.010332107543945,10218500,0.0,0.0,0.0,XLRE
2023-10-09 00:00:00-04:00,30.834762959566433,31.50006315979408,30.80704329285072,31.416900634765625,6258000,0.0,0.0,0.0,XLRE
2023-10-10 00:00:00-04:00,31.389174886533272,31.795745194078197,31.232088580855947,31.52777671813965,4979700,0.0,0.0,0.0,XLRE
2023-10-11 00:00:00-04:00,31.786512592735477,32.17460202569851,31.731069734505905,32.16536331176758,5178300,0.0,0.0,0.0,XLRE
2023-10-12 00:00:00-04:00,32.06372207725458,32.109922699904025,31.57860672723146,31.740310668945312,5970000,0.0,0.0,0.0,XLRE
2023-10-13 00:00:00-04:00,31.906633327618813,32.017519043484974,31.583225468545752,31.731069564819336,5688400,0.0,0.0,0.0,XLRE
2023-10-16 00:00:00-04:00,31.925118346242755,32.156124996396294,31.59246820604058,32.054481506347656,7719300,0.0,0.0,0.0,XLRE
2023-10-17 00:00:00-04:00,31.804992452258592,32.31320987934895,31.671011703169228,31.888154983520508,7239500,0.0,0.0,0.0,XLRE
2023-10-18 00:00:00-04:00,31.67562692379579,31.791130234953016,31.176655298506375,31.185894012451172,8313200,0.0,0.0,0.0,XLRE
2023-10-19 00:00:00-04:00,30.936405209602807,31.167411822749376,30.395850580811317,30.418949127197266,10377000,0.0,0.0,0.0,XLRE
2023-10-20 00:00:00-04:00,30.557555717765354,30.71002093446441,30.252628809248563,30.26186752319336,8556300,0.0,0.0,0.0,XLRE
2023-10-23 00:00:00-04:00,30.00313949584961,30.40970985861001,29.910734737348758,30.00313949584961,6709100,0.0,0.0,0.0,XLRE
2023-10-24 00:00:00-04:00,30.104785094761965,30.455912627230166,30.095542855818326,30.38199234008789,5749200,0.0,0.0,0.0,XLRE
2023-10-25 00:00:00-04:00,30.067824783286813,30.169468267768927,29.661250845358357,29.744413375854492,8454400,0.0,0.0,0.0,XLRE
2023-10-26 00:00:00-04:00,29.873777709670506,30.58065740098061,29.846054518426097,30.37274932861328,10663200,0.0,0.0,0.0,XLRE
2023-10-27 00:00:00-04:00,30.45591056720236,30.45591056720236,29.78599280923761,29.892253875732422,10350600,0.0,0.0,0.0,XLRE
2023-10-30 00:00:00-04:00,30.067821716961483,30.234146760991877,29.55960610881967,29.98465919494629,7071900,0.0,0.0,0.0,XLRE
2023-10-31 00:00:00-04:00,30.25262907190385,30.62223755588715,29.966179588789682,30.585275650024414,8490800,0.0,0.0,0.0,XLRE
2023-11-01 00:00:00-04:00,30.622236640702443,30.779322973483666,30.405089856350273,30.742361068725586,8343100,0.0,0.0,0.0,XLRE
2023-11-02 00:00:00-04:00,31.241334181487492,31.83271051972538,31.176652614797785,31.69410514831543,8882200,0.0,0.0,0.0,XLRE
2023-11-03 00:00:00-04:00,32.27624468706505,32.918442797903836,32.193082164264574,32.442569732666016,8575200,0.0,0.0,0.0,XLRE
2023-11-06 00:00:00-05:00,32.38713392596349,32.40561488226228,31.83734045682307,31.99904441833496,7431300,0.0,0.0,0.0,XLRE
2023-11-07 00:00:00-05:00,31.952837471670364,32.017519043484974,31.694107659530616,31.731069564819336,6579300,0.0,0.0,0.0,XLRE
2023-11-08 00:00:00-05:00,31.878912577169203,31.98979476438393,31.74954943793849,31.915874481201172,7298000,0.0,0.0,0.0,XLRE
2023-11-09 00:00:00-05:00,32.00827363032545,32.02675458113697,31.37069668929207,31.426136016845703,7336200,0.0,0.0,0.0,XLRE
2023-11-10 00:00:00-05:00,31.64791192186648,31.823475711745647,31.366083519111864,31.77727508544922,5969000,0.0,0.0,0.0,XLRE
2023-11-13 00:00:00-05:00,31.527779275274213,31.629422741624637,31.320798267364072,31.50929832458496,4313800,0.0,0.0,0.0,XLRE
2023-11-14 00:00:00-05:00,32.59965346042162,33.47285821204853,32.44257064896258,33.209510803222656,10526900,0.0,0.0,0.0,XLRE
2023-11-15 00:00:00-05:00,33.144826634152324,33.57080498427292,33.144826634152324,33.28343200683594,7168900,0.0,0.0,0.0,XLRE
2023-11-16 00:00:00-05:00,33.37583628933288,33.454381220969346,33.18179156974453,33.274192810058594,5026800,0.0,0.0,0.0,XLRE
2023-11-17 00:00:00-05:00,33.56064005262537,33.56988229096812,33.09862683215984,33.23723220825195,4417300,0.0,0.0,0.0,XLRE
2023-11-20 00:00:00-05:00,33.181791088252794,33.4959602355957,32.91382256039651,33.4959602355957,4228100,0.0,0.0,0.0,XLRE
2023-11-21 00:00:00-05:00,33.36659370721327,33.45437734275222,33.23723057581752,33.32963180541992,3300600,0.0,0.0,0.0,XLRE
2023-11-22 00:00:00-05:00,33.597599442978705,33.70386050180352,33.301911285990094,33.4312744140625,4951400,0.0,0.0,0.0,XLRE
2023-11-24 00:00:00-05:00,33.375832443519606,33.56988066562965,33.209507410214414,33.560638427734375,2620300,0.0,0.0,0.0,XLRE
2023-11-27 00:00:00-05:00,33.579127382234525,33.87943673755218,33.44052197981659,33.68077087402344,4648900,0.0,0.0,0.0,XLRE
2023-11-28 00:00:00-05:00,33.569881892759405,33.91177068488167,33.43127651831144,33.865570068359375,6450900,0.0,0.0,0.0,XLRE
2023-11-29 00:00:00-05:00,34.1150596706588,34.3922704647998,34.07810128633745,34.12430191040039,7941600,0.0,0.0,0.0,XLRE
2023-11-30 00:00:00-05:00,34.09658140009774,34.43384911983351,33.98569567522318,34.40150833129883,5804100,0.0,0.0,0.0,XLRE
2023-12-01 00:00:00-05:00,34.39226753093519,35.149968980552366,34.29062405173851,35.12224578857422,7274200,0.0,0.0,0.0,XLRE
2023-12-04 00:00:00-05:00,34.9281988697579,35.33477276094329,34.89123696603538,35.31629180908203,10359500,0.0,0.0,0.0,XLRE
2023-12-05 00:00:00-05:00,35.17768811578759,35.205407782465265,34.95592373260354,35.16844940185547,7758300,0.0,0.0,0.0,XLRE
2023-12-06 00:00:00-05:00,35.3809746809501,35.52789525750802,35.02984363241918,35.04832458496094,4832200,0.0,0.0,0.0,XLRE
2023-12-07 00:00:00-05:00,35.085285669930634,35.25161071403739,34.928199339438166,35.09452438354492,5663100,0.0,0.0,0.0,XLRE
2023-12-08 00:00:00-05:00,35.02984570900682,35.14072790594927,34.660233686023346,35.020606994628906,4873800,0.0,0.0,0.0,XLRE
2023-12-11 00:00:00-05:00,34.93743697079317,35.200784335088166,34.849653341067935,35.14072036743164,4871000,0.0,0.0,0.0,XLRE
2023-12-12 00:00:00-05:00,35.14996212007221,35.229427030176616,34.92819425193795,35.1314811706543,5580500,0.0,0.0,0.0,XLRE
2023-12-13 00:00:00-05:00,35.16845103607685,36.51752892526017,35.048326600089396,36.406646728515625,7112400,0.0,0.0,0.0,XLRE
2023-12-14 00:00:00-05:00,37.12738035574254,37.65407511213033,37.05345655315012,37.4138298034668,8647400,0.0,0.0,0.0,XLRE
2023-12-15 00:00:00-05:00,37.22903194052269,37.33067542881253,36.64227308535192,36.961063385009766,8011100,0.0,0.0,0.0,XLRE
2023-12-18 00:00:00-05:00,37.10206898821202,37.162768297552105,36.803235590518334,36.85926818847656,6638700,0.421,0.0,0.0,XLRE
2023-12-19 00:00:00-05:00,36.990009859065076,37.21413314132197,36.980669310918756,37.111412048339844,4681400,0.0,0.0,0.0,XLRE
2023-12-20 00:00:00-05:00,37.11141701158294,37.363554847248764,36.62114147721711,36.64448928833008,6513500,0.0,0.0,0.0,XLRE
2023-12-21 00:00:00-05:00,36.93397825781308,37.0553804503765,36.57911222852218,36.95265579223633,6684700,0.0,0.0,0.0,XLRE
2023-12-22 00:00:00-05:00,37.06471097770185,37.36354435164989,36.924634837499546,37.10206604003906,4929100,0.0,0.0,0.0,XLRE
2023-12-26 00:00:00-05:00,37.14876362733621,37.47561512797292,37.06938677981207,37.37289047241211,2537600,0.0,0.0,0.0,XLRE
2023-12-27 00:00:00-05:00,37.44759347713596,37.597010172155514,37.27483253867975,37.58767318725586,4006300,0.0,0.0,0.0,XLRE
2023-12-28 00:00:00-05:00,37.587676460360306,37.82114028930664,37.50362933944461,37.82114028930664,3764800,0.0,0.0,0.0,XLRE
2023-12-29 00:00:00-05:00,37.569005338268674,37.73709960878785,37.37289654345495,37.41025161743164,5777300,0.0,0.0,0.0,XLRE
2024-01-02 00:00:00-05:00,37.32619903603619,37.77444917122606,37.148764241723775,37.75577163696289,6591500,0.0,0.0,0.0,XLRE
2024-01-03 00:00:00-05:00,37.47561251651667,37.47561251651667,36.78922833162255,36.85926818847656,7424500,0.0,0.0,0.0,XLRE
2024-01-04 00:00:00-05:00,36.78456193403495,37.0367033078537,36.639815493692424,36.76588439941406,7180300,0.0,0.0,0.0,XLRE
2024-01-05 00:00:00-05:00,36.5604343887105,37.008684480321406,36.34377786222144,36.6911735534668,5770300,0.0,0.0,0.0,XLRE
2024-01-08 00:00:00-05:00,36.66315667228148,37.23280896223689,36.59778708776613,37.195457458496094,4812700,0.0,0.0,0.0,XLRE
2024-01-09 00:00:00-05:00,36.90596451338761,37.11141383398792,36.691178206567066,36.93397903442383,4134500,0.0,0.0,0.0,XLRE
2024-01-10 00:00:00-05:00,36.99000549316406,37.16743670087332,36.85926633354936,36.99000549316406,4498600,0.0,0.0,0.0,XLRE
2024-01-11 00:00:00-05:00,36.80324300429566,36.905967673391416,36.48573200998868,36.64448928833008,5151900,0.0,0.0,0.0,XLRE
2024-01-12 00:00:00-05:00,37.02736148663348,37.11140860026471,36.71918754919397,36.92463684082031,4393500,0.0,0.0,0.0,XLRE
2024-01-16 00:00:00-05:00,36.74720016452671,36.93397191430524,36.586579808349505,36.70050811767578,11100100,0.0,0.0,0.0,XLRE
2024-01-17 00:00:00-05:00,36.25226047180318,36.68183303126194,35.654593682577946,36.02813720703125,9752000,0.0,0.0,0.0,XLRE
2024-01-18 00:00:00-05:00,36.04681554721734,36.18689527646353,35.5686841952964,35.794677734375,6142100,0.0,0.0,0.0,XLRE
2024-01-19 00:00:00-05:00,35.916074724531214,36.280277729070285,35.60790432160405,36.140201568603516,7967800,0.0,0.0,0.0,XLRE
2024-01-22 00:00:00-05:00,36.26160795941115,36.70051758791636,36.17289055383928,36.30830001831055,5850600,0.0,0.0,0.0,XLRE
2024-01-23 00:00:00-05:00,36.457711641912454,36.560436294540125,35.98144344561601,36.1121826171875,4549800,0.0,0.0,0.0,XLRE
2024-01-24 00:00:00-05:00,36.47638964224728,36.495067175907316,35.589226386459295,35.61724090576172,7349500,0.0,0.0,0.0,XLRE
2024-01-25 00:00:00-05:00,36.12152558765213,36.252264767991925,35.925416817142434,36.102848052978516,6601700,0.0,0.0,0.0,XLRE
2024-01-26 00:00:00-05:00,36.149537538930474,36.23358465779983,35.869381663491026,35.944091796875,4398000,0.0,0.0,0.0,XLRE
2024-01-29 00:00:00-05:00,35.934755116543194,36.24292910635691,35.850707988628145,36.20557403564453,5724200,0.0,0.0,0.0,XLRE
2024-01-30 00:00:00-05:00,36.000123947978594,36.177558748923225,35.794678188155316,35.869384765625,6931500,0.0,0.0,0.0,XLRE
2024-01-31 00:00:00-05:00,36.07483402768029,36.30829787074407,35.51918894122833,35.607906341552734,11580700,0.0,0.0,0.0,XLRE
2024-02-01 00:00:00-05:00,35.53319387435143,36.24759261735226,35.388447441093184,36.233585357666016,10887000,0.0,0.0,0.0,XLRE
2024-02-02 00:00:00-05:00,35.822689213524114,36.00946098253484,35.159652817792484,35.775997161865234,12844000,0.0,0.0,0.0,XLRE
2024-02-05 00:00:00-05:00,35.32775085056668,35.36510235848308,34.954207272398094,35.06626892089844,8668200,0.0,0.0,0.0,XLRE
2024-02-06 00:00:00-05:00,35.14097326595605,35.649922655838736,35.000893556651185,35.59856033325195,7866800,0.0,0.0,0.0,XLRE
2024-02-07 00:00:00-05:00,35.72743741882325,35.775999720932305,35.36510108724198,35.57988739013672,6679000,0.0,0.0,0.0,XLRE
2024-02-08 00:00:00-05:00,35.45848622325956,35.85724069052415,35.43980869012097,35.775997161865234,4517700,0.0,0.0,0.0,XLRE
2024-02-09 00:00:00-05:00,35.76666010452559,35.897399286879185,35.435141874307384,35.869384765625,5515700,0.0,0.0,0.0,XLRE
2024-02-12 00:00:00-05:00,35.95343299831611,36.10751999470762,35.68541766624242,35.75732421875,5376400,0.0,0.0,0.0,XLRE
2024-02-13 00:00:00-05:00,35.03824904000177,35.11295560678321,34.622683743100254,35.10361862182617,21419000,0.0,0.0,0.0,XLRE
2024-02-14 00:00:00-05:00,35.225020279477604,35.54253119894599,35.03824852172415,35.33708190917969,14186400,0.0,0.0,0.0,XLRE
2024-02-15 00:00:00-05:00,35.645251912791885,36.22984832786024,35.645251912791885,36.1868896484375,8637600,0.0,0.0,0.0,XLRE
2024-02-16 00:00:00-05:00,35.701285231978204,36.00665558055157,35.55186853676684,35.81334686279297,7683100,0.0,0.0,0.0,XLRE
2024-02-20 00:00:00-05:00,35.6826140766054,35.944096011735866,35.45849077492288,35.75732421875,6929300,0.0,0.0,0.0,XLRE
2024-02-21 00:00:00-05:00,35.90673718899236,36.06362419625311,35.74797993471046,36.018798828125,5653100,0.0,0.0,0.0,XLRE
2024-02-22 00:00:00-05:00,36.13086015060846,36.30829493691999,36.01412823850888,36.1121826171875,6144400,0.0,0.0,0.0,XLRE
2024-02-23 00:00:00-05:00,36.17755204321807,36.34751294877458,36.04680932272281,36.15887451171875,5263400,0.0,0.0,0.0,XLRE
2024-02-26 00:00:00-05:00,36.08416282343453,36.25692731054217,35.691945366054675,35.74797439575195,6427800,0.0,0.0,0.0,XLRE
2024-02-27 00:00:00-05:00,35.96276536850076,36.1028450858526,35.66393196303368,35.775997161865234,9466100,0.0,0.0,0.0,XLRE
2024-02-28 00:00:00-05:00,35.60790400917847,36.38300206494478,35.55187140805819,36.233585357666016,7497600,0.0,0.0,0.0,XLRE
2024-02-29 00:00:00-05:00,36.46705013058178,36.71919149859501,36.373666022002986,36.5230827331543,12860800,0.0,0.0,0.0,XLRE
2024-03-01 00:00:00-05:00,36.429691143936395,36.96199190518419,36.0561511874226,36.92463684082031,9655500,0.0,0.0,0.0,XLRE
2024-03-04 00:00:00-05:00,36.84058885119946,37.371952695184724,36.58844751630115,37.344871520996094,8697600,0.0,0.0,0.0,XLRE
2024-03-05 00:00:00-05:00,37.195461906115064,37.44293301456796,36.714523387708255,36.86861038208008,6913800,0.0,0.0,0.0,XLRE
2024-03-06 00:00:00-05:00,37.11140978357253,37.20479388508481,36.87794596741673,37.07405471801758,5483600,0.0,0.0,0.0,XLRE
2024-03-07 00:00:00-05:00,37.27950045381961,37.358880858717676,36.86860541984043,37.07405471801758,5077000,0.0,0.0,0.0,XLRE
2024-03-08 00:00:00-05:00,37.34487167970363,37.601679726846584,37.28883908425201,37.512962341308594,7551200,0.0,0.0,0.0,XLRE
2024-03-11 00:00:00-04:00,37.382219976760496,37.66237936762988,37.148756192619096,37.32619094848633,4594600,0.0,0.0,0.0,XLRE
2024-03-12 00:00:00-04:00,37.232810974121094,37.37289069843763,36.905963033883005,37.232810974121094,5669000,0.0,0.0,0.0,XLRE
2024-03-13 00:00:00-04:00,37.16743810144488,37.36821712195478,36.87794525492484,36.99934387207031,6245300,0.0,0.0,0.0,XLRE
2024-03-14 00:00:00-04:00,36.82190861506382,36.92463325088978,36.13085424101855,36.476383209228516,10442800,0.0,0.0,0.0,XLRE
2024-03-15 00:00:00-04:00,36.12152180197313,36.53988713521412,36.12152180197313,36.45771026611328,9639600,0.0,0.0,0.0,XLRE
2024-03-18 00:00:00-04:00,36.51788679136567,36.67772133986967,36.395658051161284,36.45207214355469,4971000,0.264,0.0,0.0,XLRE
2024-03-19 00:00:00-04:00,36.470876841019155,36.58370143917665,36.207614663145925,36.45207214355469,5255100,0.0,0.0,0.0,XLRE
2024-03-20 00:00:00-04:00,36.14179485993797,36.68899964222195,36.01956972379753,36.602500915527344,8678200,0.0,0.0,0.0,XLRE
2024-03-21 00:00:00-04:00,36.762339012811914,36.95038239227311,36.52258720096231,36.74353790283203,6263500,0.0,0.0,0.0,XLRE
2024-03-22 00:00:00-04:00,36.7435359823944,36.82815173276881,36.27342935162658,36.31103515625,4402500,0.0,0.0,0.0,XLRE
2024-03-25 00:00:00-04:00,36.35804174930678,36.470869912659644,36.14179314949005,36.17000198364258,5661600,0.0,0.0,0.0,XLRE
2024-03-26 00:00:00-04:00,36.19820861583849,36.2593211833542,35.99136056174107,36.019569396972656,6160300,0.0,0.0,0.0,XLRE
2024-03-27 00:00:00-04:00,36.41445919849119,36.931575775146484,36.31103516583433,36.931575775146484,6711000,0.0,0.0,0.0,XLRE
2024-03-28 00:00:00-04:00,37.01618821148939,37.25124148311592,37.01618821148939,37.166622161865234,5695400,0.0,0.0,0.0,XLRE
2024-04-01 00:00:00-04:00,37.241847944130726,37.251248498649744,36.47087335492821,36.51788330078125,8064400,0.0,0.0,0.0,XLRE
2024-04-02 00:00:00-04:00,36.29223329764564,36.29223329764564,35.99136531736522,36.11359405517578,7393500,0.0,0.0,0.0,XLRE
2024-04-03 00:00:00-04:00,36.07597880117556,36.207608072839086,35.8926375175544,36.13239288330078,5392200,0.0,0.0,0.0,XLRE
2024-04-04 00:00:00-04:00,36.48967949902114,36.630709342178314,35.74691013052108,35.85033416748047,6667800,0.0,0.0,0.0,XLRE
2024-04-05 00:00:00-04:00,35.75631137000165,36.17094722260411,35.681096169536914,36.08538818359375,6055700,0.0,0.0,0.0,XLRE
2024-04-08 00:00:00-04:00,36.1888045091364,36.42385778876111,36.11358573807486,36.39564895629883,5588500,0.0,0.0,0.0,XLRE
2024-04-09 00:00:00-04:00,36.57429433624931,36.865758128197584,36.456767688107924,36.85635757446289,7565200,0.0,0.0,0.0,XLRE
2024-04-10 00:00:00-04:00,35.89733913423818,35.89733913423818,35.112261997713645,35.342613220214844,14873300,0.0,0.0,0.0,XLRE
2024-04-11 00:00:00-04:00,35.5776738959259,35.63878647350016,35.07465988882113,35.38022994995117,9441800,0.0,0.0,0.0,XLRE
2024-04-12 00:00:00-04:00,35.24859164189591,35.257992195031406,34.8725049571642,35.0135383605957,9246200,0.0,0.0,0.0,XLRE
2024-04-15 00:00:00-04:00,35.22979349328472,35.28620399583339,34.17205353094795,34.40240478515625,7757100,0.0,0.0,0.0,XLRE
2024-04-16 00:00:00-04:00,34.280173166911226,34.32718311062181,33.767758683196895,33.87588119506836,11776100,0.0,0.0,0.0,XLRE
2024-04-17 00:00:00-04:00,33.781869702143574,33.9417042678028,33.58912422241719,33.59382629394531,11722700,0.0,0.0,0.0,XLRE
2024-04-18 00:00:00-04:00,33.74425172362984,33.79972611099406,33.44338378166081,33.60322189331055,10327600,0.0,0.0,0.0,XLRE
2024-04-19 00:00:00-04:00,33.753656532231986,33.894686365342054,33.603222558270595,33.7348518371582,10629100,0.0,0.0,0.0,XLRE
2024-04-22 00:00:00-04:00,33.87588565922604,34.092134298094976,33.65023646502772,34.00751495361328,7762900,0.0,0.0,0.0,XLRE
2024-04-23 00:00:00-04:00,34.09213059936684,34.42684915349923,34.00751126406568,34.31778335571289,10804900,0.0,0.0,0.0,XLRE
2024-04-24 00:00:00-04:00,34.15795326659698,34.51523176286699,33.988714573993555,34.44941711425781,10758500,0.0,0.0,0.0,XLRE
2024-04-25 00:00:00-04:00,34.139143800023646,34.32718357742306,33.86648110151411,34.25196838378906,8374300,0.0,0.0,0.0,XLRE
2024-04-26 00:00:00-04:00,34.27077370098201,34.62805574045867,34.21435961476078,34.280174255371094,6950900,0.0,0.0,0.0,XLRE
2024-04-29 00:00:00-04:00,34.45881638603044,34.75028019249596,34.44189108451057,34.6656608581543,6987400,0.0,0.0,0.0,XLRE
2024-04-30 00:00:00-04:00,34.37419524161802,34.57163914914199,34.00750908769381,34.02631378173828,9796800,0.0,0.0,0.0,XLRE
2024-05-01 00:00:00-04:00,34.01691880158137,34.65438476360945,33.918196831644146,34.04512405395508,15601300,0.0,0.0,0.0,XLRE
2024-05-02 00:00:00-04:00,34.39300108420644,34.58104085767337,33.97930497467012,34.53403091430664,13264300,0.0,0.0,0.0,XLRE
2024-05-03 00:00:00-04:00,35.09816142178909,35.333214728112466,34.72207469702015,34.80669403076172,11887700,0.0,0.0,0.0,XLRE
2024-05-06 00:00:00-04:00,35.041750029043584,35.098164118081385,34.64685857903718,34.816097259521484,9739000,0.0,0.0,0.0,XLRE
2024-05-07 00:00:00-04:00,35.079364569045474,35.267404386838315,34.95243374674273,35.18278503417969,13276100,0.0,0.0,0.0,XLRE
2024-05-08 00:00:00-04:00,34.985335646551626,34.999438272035505,34.773789091035226,34.85370635986328,8182100,0.0,0.0,0.0,XLRE
2024-05-09 00:00:00-04:00,35.26739520919466,35.70929655659689,35.257994655403174,35.68109130859375,8914600,0.0,0.0,0.0,XLRE
2024-05-10 00:00:00-04:00,35.72810441030846,35.746909106183054,35.436637004195816,35.54946517944336,6882900,0.0,0.0,0.0,XLRE
2024-05-13 00:00:00-04:00,35.69989247060797,35.85502490590492,35.44603450381069,35.64347839355469,6846500,0.0,0.0,0.0,XLRE
2024-05-14 00:00:00-04:00,35.878541798921106,36.0722269568622,35.7234057331905,35.89734649658203,9703800,0.0,0.0,0.0,XLRE
2024-05-15 00:00:00-04:00,36.48779239766287,36.62130465113019,36.358042517704945,36.508480072021484,10083500,0.0,0.0,0.0,XLRE
2024-05-16 00:00:00-04:00,36.53669240447358,36.6758428652427,36.40506310555286,36.44266891479492,7195600,0.0,0.0,0.0,XLRE
2024-05-17 00:00:00-04:00,36.49908300860211,36.53669240447358,36.311039615874215,36.44266891479492,6153000,0.0,0.0,0.0,XLRE
2024-05-20 00:00:00-04:00,36.38625681482523,36.47087615851714,36.17470666228083,36.217018127441406,4067100,0.0,0.0,0.0,XLRE
2024-05-21 00:00:00-04:00,36.132394356736384,36.26872570412695,36.0477750234122,36.18880844116211,3621500,0.0,0.0,0.0,XLRE
2024-05-22 00:00:00-04:00,36.1323903817129,36.24991702136546,35.76570783985746,35.87853240966797,7027100,0.0,0.0,0.0,XLRE
2024-05-23 00:00:00-04:00,35.88793698853773,35.88793698853773,35.09345925427134,35.11696243286133,5597300,0.0,0.0,0.0,XLRE
2024-05-24 00:00:00-04:00,35.333214630313634,35.36141987927315,35.06995248905254,35.11696243286133,4686100,0.0,0.0,0.0,XLRE
2024-05-28 00:00:00-04:00,35.3426114644548,35.43193285893019,34.86310434946929,34.91011428833008,4696100,0.0,0.0,0.0,XLRE
2024-05-29 00:00:00-04:00,34.59984793937798,34.64685788598791,34.430609262279,34.5810432434082,6076400,0.0,0.0,0.0,XLRE
2024-05-30 00:00:00-04:00,34.82550293004183,35.08876151718522,34.76438676757694,35.07936096191406,5867800,0.0,0.0,0.0,XLRE
2024-05-31 00:00:00-04:00,35.29560875361535,35.78452010847192,35.12166799891866,35.775115966796875,7949600,0.0,0.0,0.0,XLRE
2024-06-03 00:00:00-04:00,35.84093493922902,35.906749592383754,35.44510732334552,35.634090423583984,5826300,0.0,0.0,0.0,XLRE
2024-06-04 00:00:00-04:00,35.56826867343023,36.113590488850356,35.530659282951916,35.972557067871094,5647500,0.0,0.0,0.0,XLRE
2024-06-05 00:00:00-04:00,36.00076733741828,36.00076733741828,35.718704070858266,35.9255485534668,4541200,0.0,0.0,0.0,XLRE
2024-06-06 00:00:00-04:00,35.7939169356352,36.01486761580794,35.61527771533516,35.98196029663086,3888600,0.0,0.0,0.0,XLRE
2024-06-07 00:00:00-04:00,35.50245784765099,35.793925304674204,35.38963323932539,35.69990539550781,5140400,0.0,0.0,0.0,XLRE
2024-06-10 00:00:00-04:00,35.587065052143394,36.01016167221829,35.39902529800203,35.87853240966797,4148800,0.0,0.0,0.0,XLRE
2024-06-11 00:00:00-04:00,35.756304783370844,35.95375226980618,35.638778140157946,35.765708923339844,3492400,0.0,0.0,0.0,XLRE
2024-06-12 00:00:00-04:00,36.546086499578806,36.69182198616052,35.99136056174107,36.019569396972656,7600800,0.0,0.0,0.0,XLRE
2024-06-13 00:00:00-04:00,36.1512017227413,36.320440401894636,35.92554895499383,36.198211669921875,3704300,0.0,0.0,0.0,XLRE
2024-06-14 00:00:00-04:00,36.06658679889242,36.33454747592083,35.92555335345452,36.22642135620117,4975400,0.0,0.0,0.0,XLRE
2024-06-17 00:00:00-04:00,36.02897552711387,36.22641947114928,35.812726885556614,36.03837966918945,4880900,0.0,0.0,0.0,XLRE
2024-06-18 00:00:00-04:00,36.132395267510354,36.32043863370722,36.06658062733578,36.179405212402344,4893400,0.0,0.0,0.0,XLRE
2024-06-20 00:00:00-04:00,36.06658348682027,36.18881222253329,35.95375889280858,36.08538818359375,4503300,0.0,0.0,0.0,XLRE
2024-06-21 00:00:00-04:00,36.132395267510354,36.22641515729434,35.887937815465754,36.179405212402344,5287100,0.0,0.0,0.0,XLRE
2024-06-24 00:00:00-04:00,36.20504687963939,36.81289600226309,36.110071812879404,36.423492431640625,5891800,0.387,0.0,0.0,XLRE
2024-06-25 00:00:00-04:00,36.39500027564998,36.39500027564998,35.75865936391602,35.910621643066406,4429900,0.0,0.0,0.0,XLRE
2024-06-26 00:00:00-04:00,35.73016212750242,35.9771030829722,35.64468312338847,35.863128662109375,3639300,0.0,0.0,0.0,XLRE
2024-06-27 00:00:00-04:00,35.96760865909329,36.24304144849546,35.84414178638214,36.18605422973633,3571700,0.0,0.0,0.0,XLRE
2024-06-28 00:00:00-04:00,36.395001183495836,36.63244247703277,36.18605168580202,36.4804801940918,5569800,0.0,0.0,0.0,XLRE
2024-07-01 00:00:00-04:00,36.39500338746657,36.50897420080737,35.91062471346804,36.12907028198242,5700100,0.0,0.0,0.0,XLRE
2024-07-02 00:00:00-04:00,36.129066471442734,36.36175791419936,36.07113001583945,36.281028747558594,3985500,0.0,0.0,0.0,XLRE
2024-07-03 00:00:00-04:00,36.3665086621248,36.5089712615648,36.21454638221554,36.243038177490234,2359100,0.0,0.0,0.0,XLRE
2024-07-05 00:00:00-04:00,36.34751528295451,36.41399855828745,36.11007397874634,36.376007080078125,3785800,0.0,0.0,0.0,XLRE
2024-07-08 00:00:00-04:00,36.38550367480196,36.52416929774376,36.295274827475055,36.461483001708984,4443200,0.0,0.0,0.0,XLRE
2024-07-09 00:00:00-04:00,36.40449833018301,36.58970223640519,36.10057016238968,36.47098159790039,3679200,0.0,0.0,0.0,XLRE
2024-07-10 00:00:00-04:00,36.641945411764574,36.7416703291384,36.34751687732739,36.727420806884766,3935600,0.0,0.0,0.0,XLRE
2024-07-11 00:00:00-04:00,37.28777804933894,37.88613110596255,37.24979019701774,37.7056770324707,8693400,0.0,0.0,0.0,XLRE
2024-07-12 00:00:00-04:00,37.9526142011981,38.22804696188804,37.847190212477,37.981109619140625,5322200,0.0,0.0,0.0,XLRE
2024-07-15 00:00:00-04:00,38.038095743343625,38.20525679618927,37.83864591978923,38.14257049560547,4828400,0.0,0.0,0.0,XLRE
2024-07-16 00:00:00-04:00,38.38950458039649,38.5414704784095,38.11407544791396,38.50347900390625,5753700,0.0,0.0,0.0,XLRE
2024-07-17 00:00:00-04:00,38.57946123076573,39.07333956724512,38.522477637792484,38.84539794921875,7445800,0.0,0.0,0.0,XLRE
2024-07-18 00:00:00-04:00,38.58895564636707,39.277533869996454,38.432243540939844,38.5224723815918,6016200,0.0,0.0,0.0,XLRE
2024-07-19 00:00:00-04:00,38.588961463739835,38.679186694927246,38.30403262559698,38.4749870300293,5259100,0.0,0.0,0.0,XLRE
2024-07-22 00:00:00-04:00,38.53197621288755,38.8928880252521,38.323026696823824,38.854896545410156,5233000,0.0,0.0,0.0,XLRE
2024-07-23 00:00:00-04:00,38.83590154063271,39.05909696009541,38.6260027770597,38.788414001464844,4351500,0.0,0.0,0.0,XLRE
2024-07-24 00:00:00-04:00,38.778919846194405,39.04960281811056,38.218558161149204,38.25654602050781,5606900,0.0,0.0,0.0,XLRE
2024-07-25 00:00:00-04:00,38.46549136984289,38.87389070386187,37.964964693641946,38.0475959777832,8353400,0.0,0.0,0.0,XLRE
2024-07-26 00:00:00-04:00,38.209050693695914,38.81689979638701,38.16156316187313,38.68393325805664,5702800,0.0,0.0,0.0,XLRE
2024-07-29 00:00:00-04:00,38.68394049168312,39.06384806343833,38.38951194241947,38.93088150024414,5418100,0.0,0.0,0.0,XLRE
2024-07-30 00:00:00-04:00,39.09233456616091,39.301284064619935,38.940372282663425,39.21580505371094,4674000,0.0,0.0,0.0,XLRE
2024-07-31 00:00:00-04:00,39.15881437977931,39.54821792328655,38.98310653313512,39.12082290649414,8786900,0.0,0.0,0.0,XLRE
2024-08-01 00:00:00-04:00,39.529222417904286,39.8046551662337,39.31077687983603,39.728675842285156,9813900,0.0,0.0,0.0,XLRE
2024-08-02 00:00:00-04:00,39.74767194999478,40.17506701223416,39.40575952326998,39.757171630859375,8818200,0.0,0.0,0.0,XLRE
2024-08-05 00:00:00-04:00,39.196809328483305,39.772366069827285,38.54621887728824,38.60795593261719,14134700,0.0,0.0,0.0,XLRE
2024-08-06 00:00:00-04:00,38.63645090815225,39.85214927658383,38.49398467050989,39.462745666503906,11389400,0.0,0.0,0.0,XLRE
2024-08-07 00:00:00-04:00,39.567218070557324,40.11808362539935,39.13507678873244,39.17781448364258,9907700,0.0,0.0,0.0,XLRE
2024-08-08 00:00:00-04:00,39.09233185846289,39.556765490957645,38.997356796505315,39.51022720336914,10383100,0.0,0.0,0.0,XLRE
2024-08-09 00:00:00-04:00,39.68119085820288,39.81415741308522,39.24429971414179,39.709686279296875,5454900,0.0,0.0,0.0,XLRE
2024-08-12 00:00:00-04:00,39.53872753894928,39.5767153946181,39.184464064719705,39.47224426269531,4924500,0.0,0.0,0.0,XLRE
2024-08-13 00:00:00-04:00,39.74767303466797,39.804660252210574,39.50073567145027,39.74767303466797,3707000,0.0,0.0,0.0,XLRE
2024-08-14 00:00:00-04:00,39.81415376688044,40.08009047535736,39.671691166724834,39.89013671875,3300600,0.0,0.0,0.0,XLRE
2024-08-15 00:00:00-04:00,39.91863143381751,39.97561865188773,39.60616003560616,39.77616882324219,6282100,0.0,0.0,0.0,XLRE
2024-08-16 00:00:00-04:00,39.738175892196885,39.89013817843014,39.557721809503235,39.757171630859375,4212300,0.0,0.0,0.0,XLRE
2024-08-19 00:00:00-04:00,39.757172344517635,40.03260512546789,39.7334267649966,39.99461364746094,3971100,0.0,0.0,0.0,XLRE
2024-08-20 00:00:00-04:00,39.97561319254437,40.13232530353569,39.83789681831561,40.03260040283203,4828200,0.0,0.0,0.0,XLRE
2024-08-21 00:00:00-04:00,40.06109836337366,40.22255671611047,39.83315311019989,40.16557312011719,4214800,0.0,0.0,0.0,XLRE
2024-08-22 00:00:00-04:00,40.222552350332975,40.412506103515625,40.099085490370776,40.412506103515625,4953100,0.0,0.0,0.0,XLRE
2024-08-23 00:00:00-04:00,40.564469825592994,41.26729765047037,40.502736393414104,41.191314697265625,6135200,0.0,0.0,0.0,XLRE
2024-08-26 00:00:00-04:00,41.3907679589508,41.476243346336666,41.09728869460622,41.16282272338867,4047800,0.0,0.0,0.0,XLRE
2024-08-27 00:00:00-04:00,40.915879969722994,41.31002971075449,40.849393083202585,41.26729202270508,3717600,0.0,0.0,0.0,XLRE
2024-08-28 00:00:00-04:00,41.267294553657564,41.39076503181639,40.88738706227642,41.12482833862305,5035000,0.0,0.0,0.0,XLRE
2024-08-29 00:00:00-04:00,41.05835016464712,41.124833440426556,40.77342132229716,40.963375091552734,5339900,0.0,0.0,0.0,XLRE
2024-08-30 00:00:00-04:00,41.16282434536255,41.38126990888944,40.83990402904741,41.362274169921875,5611600,0.0,0.0,0.0,XLRE
2024-09-03 00:00:00-04:00,41.09634071134535,41.656702325257626,41.07734497254379,41.457252502441406,7580900,0.0,0.0,0.0,XLRE
2024-09-04 00:00:00-04:00,41.55223083496094,41.9796259338768,41.33853509703651,41.55223083496094,5855600,0.0,0.0,0.0,XLRE
2024-09-05 00:00:00-04:00,41.86565421447659,41.88464633129358,41.32903452619009,41.43825912475586,5539200,0.0,0.0,0.0,XLRE
2024-09-06 00:00:00-04:00,41.46675092304827,41.49999256207838,41.06120292688084,41.43825912475586,6671700,0.0,0.0,0.0,XLRE
2024-09-09 00:00:00-04:00,41.438258179133875,42.03470918099664,41.38127096078259,41.93213653564453,5070000,0.0,0.0,0.0,XLRE
2024-09-10 00:00:00-04:00,42.11258913145958,42.7014425412601,42.03660617635411,42.672950744628906,7884500,0.0,0.0,0.0,XLRE
2024-09-11 00:00:00-04:00,42.293042320249036,42.61596262648035,41.79916399171486,42.55897903442383,5792200,0.0,0.0,0.0,XLRE
2024-09-12 00:00:00-04:00,42.62546411650359,42.701443450159566,42.1505815061867,42.63496017456055,4263300,0.0,0.0,0.0,XLRE
2024-09-13 00:00:00-04:00,42.85340191326465,42.986368452587335,42.7156855338043,42.938880920410156,3707500,0.0,0.0,0.0,XLRE
2024-09-16 00:00:00-04:00,43.13833583001041,43.29030174785197,42.95313189647463,43.08135223388672,4130200,0.0,0.0,0.0,XLRE
2024-09-17 00:00:00-04:00,43.10034122611493,43.22380808043171,42.601713099693164,42.73942947387695,5919400,0.0,0.0,0.0,XLRE
2024-09-18 00:00:00-04:00,42.79642068670731,43.22381212296506,42.55897938964559,42.615962982177734,6234400,0.0,0.0,0.0,XLRE
2024-09-19 00:00:00-04:00,42.9673803643697,42.9673803643697,42.255056445765256,42.51148986816406,4552400,0.0,0.0,0.0,XLRE
2024-09-20 00:00:00-04:00,42.264550704993276,42.47824642225253,42.16957563578175,42.435508728027344,4839800,0.0,0.0,0.0,XLRE
2024-09-23 00:00:00-04:00,42.74251950071849,42.93380472722975,42.61818720467906,42.905113220214844,4013700,0.311,0.0,0.0,XLRE
2024-09-24 00:00:00-04:00,42.70426537418602,43.05814067173141,42.532109035172105,42.905113220214844,4103800,0.0,0.0,0.0,XLRE
2024-09-25 00:00:00-04:00,42.991189436206824,43.10595910751357,42.608619000568254,42.723388671875,3457000,0.0,0.0,0.0,XLRE
2024-09-26 00:00:00-04:00,42.742516146146414,42.771211299371465,42.14953527411657,42.30256271362305,4552700,0.0,0.0,0.0,XLRE
2024-09-27 00:00:00-04:00,42.59905663084534,42.69948054988434,42.29300173992777,42.35995101928711,3613700,0.0,0.0,0.0,XLRE
2024-09-30 00:00:00-04:00,42.206923326763615,42.752083826048235,42.130407780251076,42.723388671875,4929900,0.0,0.0,0.0,XLRE
2024-10-01 00:00:00-04:00,42.84772717998926,42.924242731089876,42.2738751405838,42.46516036987305,6453100,0.0,0.0,0.0,XLRE
2024-10-02 00:00:00-04:00,42.034770383294,42.34560843124405,42.01564149512421,42.3121337890625,4022000,0.0,0.0,0.0,XLRE
2024-10-03 00:00:00-04:00,42.178231030602255,42.28822122405149,41.77653532957858,41.90087127685547,3504500,0.0,0.0,0.0,XLRE
2024-10-04 00:00:00-04:00,41.661766229749695,41.69045773780393,41.22180909829802,41.62350845336914,5386100,0.0,0.0,0.0,XLRE
2024-10-07 00:00:00-04:00,41.35570925152185,41.4035296453796,41.107037365922075,41.31745147705078,3793500,0.0,0.0,0.0,XLRE
2024-10-08 00:00:00-04:00,41.489615752128564,41.594822827822725,41.255289575005065,41.441795349121094,4039700,0.0,0.0,0.0,XLRE
2024-10-09 00:00:00-04:00,41.35570739474038,41.4953449816744,41.20267995218888,41.46091079711914,3338800,0.0,0.0,0.0,XLRE
2024-10-10 00:00:00-04:00,41.23137735222195,41.57569005930345,40.97314282191081,41.116607666015625,3659600,0.0,0.0,0.0,XLRE
2024-10-11 00:00:00-04:00,41.33658195854422,41.5469924293258,41.217029145057886,41.53742980957031,2312100,0.0,0.0,0.0,XLRE
2024-10-14 00:00:00-04:00,41.43222299449041,41.88174274336015,41.327015934247505,41.82435607910156,3542900,0.0,0.0,0.0,XLRE
2024-10-15 00:00:00-04:00,42.00607488590488,42.694700260579495,41.97738337811421,42.35038757324219,5176300,0.0,0.0,0.0,XLRE
2024-10-16 00:00:00-04:00,42.446029749514615,42.833379677879144,42.32169380828247,42.77121353149414,3662700,0.0,0.0,0.0,XLRE
2024-10-17 00:00:00-04:00,42.64687815753592,42.685135932033496,42.33125699062422,42.49385070800781,2934000,0.0,0.0,0.0,XLRE
2024-10-18 00:00:00-04:00,42.57993391679627,42.805649705204004,42.412560694134314,42.790348052978516,3950800,0.0,0.0,0.0,XLRE
2024-10-21 00:00:00-04:00,42.54167344299916,42.73295867755142,41.853048057996,41.91043472290039,5938700,0.0,0.0,0.0,XLRE
2024-10-22 00:00:00-04:00,41.8243552068762,42.1399763810228,41.71914814882733,41.97738265991211,4497400,0.0,0.0,0.0,XLRE
2024-10-23 00:00:00-04:00,41.872172375053154,42.46037376860564,41.83391825108887,42.388641357421875,4849500,0.0,0.0,0.0,XLRE
2024-10-24 00:00:00-04:00,42.42690043532253,42.74251794639586,42.4077715485208,42.484283447265625,3188600,0.0,0.0,0.0,XLRE
2024-10-25 00:00:00-04:00,42.83816144885169,43.01988039682336,42.13040724642674,42.1495361328125,4820700,0.0,0.0,0.0,XLRE
2024-10-28 00:00:00-04:00,42.52254527133486,42.70426788903018,42.202144595925965,42.28343963623047,3129100,0.0,0.0,0.0,XLRE
2024-10-29 00:00:00-04:00,42.14953952294694,42.37429939547975,41.833921993351524,41.90087127685547,4557100,0.0,0.0,0.0,XLRE
2024-10-30 00:00:00-04:00,41.93912833679198,42.35995660362828,41.881745317468905,42.05390167236328,5513800,0.0,0.0,0.0,XLRE
2024-10-31 00:00:00-04:00,41.604377488659445,41.97738166859693,41.30788520920192,41.31745147705078,5866200,0.0,0.0,0.0,XLRE
2024-11-01 00:00:00-04:00,41.59481549067808,41.64741537078389,40.8488034711959,40.877498626708984,6141400,0.0,0.0,0.0,XLRE
2024-11-04 00:00:00-05:00,41.04965251113699,41.403531467878146,41.00661524930926,41.33658218383789,6509900,0.0,0.0,0.0,XLRE
2024-11-05 00:00:00-05:00,41.23137479335369,41.91043389658647,41.00661492082087,41.90087127685547,4747500,0.0,0.0,0.0,XLRE
2024-11-06 00:00:00-05:00,41.527861066353786,41.75740405989056,40.35146188957534,40.78185272216797,12721600,0.0,0.0,0.0,XLRE
2024-11-07 00:00:00-05:00,40.93488202292676,41.403530650418,40.858370120589534,41.28875732421875,10597900,0.0,0.0,0.0,XLRE
2024-11-08 00:00:00-05:00,41.48004055437406,42.116062358019775,41.43222016165935,41.99650955200195,7348100,0.0,0.0,0.0,XLRE
2024-11-11 00:00:00-05:00,41.93912297686721,42.13997446421638,41.594813959544574,41.6330680847168,7899300,0.0,0.0,0.0,XLRE
2024-11-12 00:00:00-05:00,41.52786115643396,41.68089225143183,41.09269083753565,41.10703659057617,4972000,0.0,0.0,0.0,XLRE
2024-11-13 00:00:00-05:00,41.566119018931275,41.747841620398184,41.3604880451665,41.432220458984375,5095000,0.0,0.0,0.0,XLRE
2024-11-14 00:00:00-05:00,41.36527427699803,41.36527427699803,41.006615829509606,41.05921936035156,4860400,0.0,0.0,0.0,XLRE
2024-11-15 00:00:00-05:00,40.86793097733518,41.18259259253857,40.74837817071468,41.10703659057617,5875700,0.0,0.0,0.0,XLRE
2024-11-18 00:00:00-05:00,40.925321317234975,41.4800444926246,40.82011425419665,41.470481872558594,3810800,0.0,0.0,0.0,XLRE
2024-11-19 00:00:00-05:00,41.34614306541529,41.766967640042495,41.16920359448341,41.642635345458984,3693100,0.0,0.0,0.0,XLRE
2024-11-20 00:00:00-05:00,41.403534864784554,41.63307424362276,41.250507396071534,41.57569122314453,3198700,0.0,0.0,0.0,XLRE
2024-11-21 00:00:00-05:00,41.613940795535235,41.99172811563844,41.432221836488814,41.85304641723633,3070100,0.0,0.0,0.0,XLRE
2024-11-22 00:00:00-05:00,42.015639390369444,42.2451787399836,41.97738161594636,42.16866683959961,3333900,0.0,0.0,0.0,XLRE
2024-11-25 00:00:00-05:00,42.42690482375412,42.92424498665528,42.38864704619346,42.73295974731445,4625700,0.0,0.0,0.0,XLRE
2024-11-26 00:00:00-05:00,42.68513631162999,43.019882720305176,42.527325726770734,42.9433708190918,3183800,0.0,0.0,0.0,XLRE
2024-11-27 00:00:00-05:00,43.144219743643035,43.50000684284113,43.13465347546315,43.23986053466797,3531500,0.0,0.0,0.0,XLRE
2024-11-29 00:00:00-05:00,43.2685520813975,43.450271028571294,43.01509707424557,43.03900909423828,3737500,0.0,0.0,0.0,XLRE
2024-12-02 00:00:00-05:00,42.79990328984934,42.87641883470189,42.23561391617877,42.388641357421875,4837300,0.0,0.0,0.0,XLRE
2024-12-03 00:00:00-05:00,42.42690252066947,42.512980691277086,42.11128134562078,42.139976501464844,4164900,0.0,0.0,0.0,XLRE
2024-12-04 00:00:00-05:00,42.1399732076172,42.168664712756325,41.786094284745374,42.02519989013672,3315800,0.0,0.0,0.0,XLRE
2024-12-05 00:00:00-05:00,41.776533340574545,41.94868967523461,41.65219739921736,41.91999816894531,2971300,0.0,0.0,0.0,XLRE
2024-12-06 00:00:00-05:00,42.0347738519477,42.15910981108023,41.66654910910284,41.86261749267578,3624700,0.0,0.0,0.0,XLRE
2024-12-09 00:00:00-05:00,41.93912605343595,42.077807756687214,41.78131911042664,41.948692321777344,5211000,0.0,0.0,0.0,XLRE
2024-12-10 00:00:00-05:00,41.88174409143747,41.88174409143747,41.14051516020389,41.26963424682617,4090500,0.0,0.0,0.0,XLRE
2024-12-11 00:00:00-05:00,41.38439779631489,41.499167463052,41.04964776634394,41.16442108154297,4988900,0.0,0.0,0.0,XLRE
2024-12-12 00:00:00-05:00,41.116601690841335,41.58524663634889,41.059215031846485,41.13572692871094,3418100,0.0,0.0,0.0,XLRE
2024-12-13 00:00:00-05:00,41.097475836244726,41.193116626496156,40.87749909989661,40.96357727050781,3833300,0.0,0.0,0.0,XLRE
2024-12-16 00:00:00-05:00,40.982705571869175,41.26006899216912,40.73403730955848,40.75316619873047,3642900,0.0,0.0,0.0,XLRE
2024-12-17 00:00:00-05:00,40.55231259768981,40.93966251534737,40.427976659894505,40.57143783569336,5319100,0.0,0.0,0.0,XLRE
2024-12-18 00:00:00-05:00,40.437542560426635,40.63839406038351,38.93595951141295,38.98377990722656,9802600,0.0,0.0,0.0,XLRE
2024-12-19 00:00:00-05:00,39.02204362992157,39.2994070757558,38.26646885615089,38.314292907714844,8386500,0.0,0.0,0.0,XLRE
