Date,open,high,low,close,volume,dividends,stock splits,capital gains,symbol
2012-01-03 00:00:00-05:00,11.314766485171578,11.336657866992711,11.017667626610844,11.052068710327148,38369800,0.0,0.0,0.0,XLU
2012-01-04 00:00:00-05:00,11.02079910585741,11.086473271923108,10.986398011349317,10.989524841308594,11550200,0.0,0.0,0.0,XLU
2012-01-05 00:00:00-05:00,10.977014389397482,11.045816573737282,10.91759508028019,11.011415481567383,24220000,0.0,0.0,0.0,XLU
2012-01-06 00:00:00-05:00,11.030177792911099,11.039559473232057,10.939484239838873,10.951993942260742,14611000,0.0,0.0,0.0,XLU
2012-01-09 00:00:00-05:00,10.986395895141703,11.008287279613533,10.917593719378242,10.967631340026855,9054600,0.0,0.0,0.0,XLU
2012-01-10 00:00:00-05:00,11.045815107672176,11.061451640312816,10.973886103132463,10.983267784118652,9017200,0.0,0.0,0.0,XLU
2012-01-11 00:00:00-05:00,10.97701412711491,10.989523831785265,10.914467989745331,10.933231353759766,12326000,0.0,0.0,0.0,XLU
2012-01-12 00:00:00-05:00,10.94886606579911,10.998903683161291,10.883191916697042,10.917593002319336,12015200,0.0,0.0,0.0,XLU
2012-01-13 00:00:00-05:00,10.889444566521053,10.911335945129395,10.82689725921551,10.911335945129395,12033800,0.0,0.0,0.0,XLU
2012-01-17 00:00:00-05:00,10.973885559202028,11.023923176966495,10.87693715284985,10.901956558227539,13276400,0.0,0.0,0.0,XLU
2012-01-18 00:00:00-05:00,10.908212334451683,10.91759401576831,10.839410156820387,10.898829460144043,11886400,0.0,0.0,0.0,XLU
2012-01-19 00:00:00-05:00,10.90821122011896,10.917592900477198,10.798753112978998,10.808135986328125,15258200,0.0,0.0,0.0,XLU
2012-01-20 00:00:00-05:00,10.808137803545494,10.839410871991616,10.773736712460103,10.823774337768555,12673600,0.0,0.0,0.0,XLU
2012-01-23 00:00:00-05:00,10.808133473822394,10.930100062090158,10.805005452436209,10.867552757263184,48796000,0.0,0.0,0.0,XLU
2012-01-24 00:00:00-05:00,10.81439032622852,10.826898835117769,10.758097860758983,10.779989242553711,9992800,0.0,0.0,0.0,XLU
2012-01-25 00:00:00-05:00,10.761224512528742,10.973884669024935,10.676785815714886,10.958248138427734,25864600,0.0,0.0,0.0,XLU
2012-01-26 00:00:00-05:00,10.980138693358123,11.030176303297187,10.926973061740584,10.99577522277832,14701000,0.0,0.0,0.0,XLU
2012-01-27 00:00:00-05:00,10.967627664793023,10.967627664793023,10.82064168145893,10.861297607421875,16195600,0.0,0.0,0.0,XLU
2012-01-30 00:00:00-05:00,10.820647691964277,10.820647691964277,10.72682728169697,10.792501449584961,18950200,0.0,0.0,0.0,XLU
2012-01-31 00:00:00-05:00,10.817515887567902,10.848788945612586,10.77685995771726,10.845662117004395,14719800,0.0,0.0,0.0,XLU
2012-02-01 00:00:00-05:00,10.870681407044092,10.908210512022656,10.848790025635337,10.883191108703613,16393000,0.0,0.0,0.0,XLU
2012-02-02 00:00:00-05:00,10.89570158357993,10.933229498230862,10.842535944249455,10.864428520202637,16077200,0.0,0.0,0.0,XLU
2012-02-03 00:00:00-05:00,10.876940395481572,10.939487734581485,10.826902762799893,10.892578125,18463000,0.0,0.0,0.0,XLU
2012-02-06 00:00:00-05:00,10.876935175049079,10.883190025256154,10.817515887567902,10.845662117004395,12154000,0.0,0.0,0.0,XLU
2012-02-07 00:00:00-05:00,10.839411339473761,10.958251152078319,10.789373712007286,10.923850059509277,13857800,0.0,0.0,0.0,XLU
2012-02-08 00:00:00-05:00,10.94886600769994,10.94886600769994,10.861300476028507,10.936357498168945,12836600,0.0,0.0,0.0,XLU
2012-02-09 00:00:00-05:00,10.917593359308354,10.936357913804333,10.870682569563877,10.905083656311035,13716800,0.0,0.0,0.0,XLU
2012-02-10 00:00:00-05:00,10.858172898375384,10.901955661192895,10.842535174805576,10.883191108703613,9117200,0.0,0.0,0.0,XLU
2012-02-13 00:00:00-05:00,10.930103209913884,10.948866571672317,10.861301035490413,10.870682716369629,13429800,0.0,0.0,0.0,XLU
2012-02-14 00:00:00-05:00,10.867556869653102,10.901957959975178,10.823774097603573,10.873811721801758,11173200,0.0,0.0,0.0,XLU
2012-02-15 00:00:00-05:00,10.886319304136634,10.911337514863641,10.808135457004632,10.85191822052002,14695200,0.0,0.0,0.0,XLU
2012-02-16 00:00:00-05:00,10.867556098729631,10.998904405560621,10.845664714257799,10.967631340026855,14764400,0.0,0.0,0.0,XLU
2012-02-17 00:00:00-05:00,10.989521469473656,11.030177404417346,10.933229003548805,10.96137523651123,9259200,0.0,0.0,0.0,XLU
2012-02-21 00:00:00-05:00,10.98639544411311,10.98639544411311,10.905083568277881,10.920720100402832,11839400,0.0,0.0,0.0,XLU
2012-02-22 00:00:00-05:00,10.908213137410153,10.97388729744287,10.89257660306776,10.933231353759766,9135000,0.0,0.0,0.0,XLU
2012-02-23 00:00:00-05:00,10.945741446963915,10.96450600463552,10.886322137157206,10.923850059509277,9678000,0.0,0.0,0.0,XLU
2012-02-24 00:00:00-05:00,10.939485133176083,11.005159286767634,10.908212067558484,10.970759391784668,6650400,0.0,0.0,0.0,XLU
2012-02-27 00:00:00-05:00,10.958249658964922,10.98326787279374,10.905084015968345,10.967631340026855,9379200,0.0,0.0,0.0,XLU
2012-02-28 00:00:00-05:00,10.964503520365096,10.980140051719701,10.883191648535758,10.91446590423584,13654800,0.0,0.0,0.0,XLU
2012-02-29 00:00:00-05:00,10.920717623678495,10.964501573885837,10.848788637823851,10.911335945129395,12283400,0.0,0.0,0.0,XLU
2012-03-01 00:00:00-05:00,10.914467335077779,10.97701346869574,10.898829608682261,10.939485549926758,11064000,0.0,0.0,0.0,XLU
2012-03-02 00:00:00-05:00,10.942614228758082,10.967632445107693,10.898830262411837,10.933231353759766,9731000,0.0,0.0,0.0,XLU
2012-03-05 00:00:00-05:00,10.936356756993494,10.980139519861977,10.870681419699952,10.958248138427734,9338000,0.0,0.0,0.0,XLU
2012-03-06 00:00:00-05:00,10.91759273331041,10.926974413525,10.85191858582655,10.91446590423584,14676200,0.0,0.0,0.0,XLU
2012-03-07 00:00:00-05:00,10.936357825518712,10.936357825518712,10.836282588329913,10.920720100402832,12488400,0.0,0.0,0.0,XLU
2012-03-08 00:00:00-05:00,10.920719954334913,10.97701242362455,10.914466295961322,10.955121040344238,11045800,0.0,0.0,0.0,XLU
2012-03-09 00:00:00-05:00,10.986394765403473,11.01141297665965,10.920719425750436,10.998903274536133,7781600,0.0,0.0,0.0,XLU
2012-03-12 00:00:00-04:00,11.027052124341303,11.145891936731568,11.00203390714875,11.124000549316406,16048200,0.0,0.0,0.0,XLU
2012-03-13 00:00:00-04:00,11.161526679992676,11.170909553801025,11.08959767674705,11.161526679992676,12321600,0.0,0.0,0.0,XLU
2012-03-14 00:00:00-04:00,11.139633202229291,11.177162304426632,10.983265522045873,10.99577522277832,17269600,0.0,0.0,0.0,XLU
2012-03-15 00:00:00-04:00,11.01766507568563,11.036429624183821,10.93009956867518,10.9863920211792,12788000,0.0,0.0,0.0,XLU
2012-03-16 00:00:00-04:00,10.968090619738065,10.987028763610427,10.927058576694881,10.977559089660645,15197600,0.161,0.0,0.0,XLU
2012-03-19 00:00:00-04:00,10.968087556687571,11.009119588271766,10.901805877685547,10.901805877685547,22928000,0.0,0.0,0.0,XLU
2012-03-20 00:00:00-04:00,10.895496288969605,10.945996802312509,10.870245430284548,10.914434432983398,13867800,0.0,0.0,0.0,XLU
2012-03-21 00:00:00-04:00,10.92074345292632,10.95230701908392,10.889181090795658,10.89233684539795,8715400,0.0,0.0,0.0,XLU
2012-03-22 00:00:00-04:00,10.886025870268623,10.927056702246094,10.84814958902127,10.917588233947754,20501600,0.0,0.0,0.0,XLU
2012-03-23 00:00:00-04:00,10.927054747323949,10.949148638751996,10.895492389291531,10.92074203491211,10354800,0.0,0.0,0.0,XLU
2012-03-26 00:00:00-04:00,10.955466061604344,11.028060479513213,10.933372160676745,10.996498107910156,14005400,0.0,0.0,0.0,XLU
2012-03-27 00:00:00-04:00,10.99964942101697,11.07224501363386,10.98071248731414,11.050149917602539,9208600,0.0,0.0,0.0,XLU
2012-03-28 00:00:00-04:00,11.046993728602757,11.056462195081567,10.917586135943054,10.9586181640625,13336600,0.0,0.0,0.0,XLU
2012-03-29 00:00:00-04:00,10.930212273048044,11.009119376252784,10.854460924199683,11.002806663513184,13463000,0.0,0.0,0.0,XLU
2012-03-30 00:00:00-04:00,11.034370004035805,11.06593357053951,10.999650682895204,11.05962085723877,10740800,0.0,0.0,0.0,XLU
2012-04-02 00:00:00-04:00,11.056465819873996,11.15431108699778,11.0249034519126,11.116436004638672,24147800,0.0,0.0,0.0,XLU
2012-04-03 00:00:00-04:00,11.113282251456996,11.122751927799015,11.034375104762708,11.110126495361328,11515400,0.0,0.0,0.0,XLU
2012-04-04 00:00:00-04:00,11.050148481087625,11.11643135251122,11.043836973358383,11.094337463378906,15941200,0.0,0.0,0.0,XLU
2012-04-05 00:00:00-04:00,11.046994058956043,11.06593219650676,10.977555425296886,11.012274742126465,9394800,0.0,0.0,0.0,XLU
2012-04-09 00:00:00-04:00,10.939685084344415,10.980717131432414,10.923903898242052,10.955466270446777,10053000,0.0,0.0,0.0,XLU
2012-04-10 00:00:00-04:00,10.908119327748622,10.933368976872893,10.785023224676848,10.813429832458496,15282400,0.0,0.0,0.0,XLU
2012-04-11 00:00:00-04:00,10.87971325739242,10.882869012178732,10.813430366609765,10.8386812210083,9841800,0.0,0.0,0.0,XLU
2012-04-12 00:00:00-04:00,10.854463499134328,10.873401641845703,10.791337560790208,10.873401641845703,11687800,0.0,0.0,0.0,XLU
2012-04-13 00:00:00-04:00,10.85445958352535,10.936523634977277,10.829209939712468,10.835522651672363,10694800,0.0,0.0,0.0,XLU
2012-04-16 00:00:00-04:00,10.867086706460107,10.974400418502881,10.844992813159555,10.936525344848633,14579000,0.0,0.0,0.0,XLU
2012-04-17 00:00:00-04:00,10.993341445922852,11.012278385712351,10.882870746366239,10.993341445922852,11185600,0.0,0.0,0.0,XLU
2012-04-18 00:00:00-04:00,10.980715141775914,11.024902936466827,10.94283885716047,10.97440242767334,7177000,0.0,0.0,0.0,XLU
2012-04-19 00:00:00-04:00,10.964932516954121,10.990182166017698,10.904962342877607,10.94599437713623,10031400,0.0,0.0,0.0,XLU
2012-04-20 00:00:00-04:00,10.96808960709599,11.072247582736669,10.939682995923723,11.053309440612793,15567800,0.0,0.0,0.0,XLU
2012-04-23 00:00:00-04:00,11.002806617482996,11.015432042909378,10.955461874147481,11.005962371826172,11181000,0.0,0.0,0.0,XLU
2012-04-24 00:00:00-04:00,10.993337160802916,11.088025434923239,10.993337160802916,11.08171272277832,12486600,0.0,0.0,0.0,XLU
2012-04-25 00:00:00-04:00,11.113279871732848,11.15431191635525,11.065936316270614,11.138530731201172,12474000,0.0,0.0,0.0,XLU
2012-04-26 00:00:00-04:00,11.113278593928097,11.217436571217975,11.113278593928097,11.201655387878418,8532000,0.0,0.0,0.0,XLU
2012-04-27 00:00:00-04:00,11.220592420771265,11.255311746826953,11.185873094715577,11.239530563354492,10086800,0.0,0.0,0.0,XLU
2012-04-30 00:00:00-04:00,11.233215212438562,11.27109028468765,11.192183181819729,11.255309104919434,14092600,0.0,0.0,0.0,XLU
2012-05-01 00:00:00-04:00,11.267935509842127,11.3436856609251,11.226903475656465,11.31212329864502,18520800,0.0,0.0,0.0,XLU
2012-05-02 00:00:00-04:00,11.293188398002744,11.305813828146812,11.230063655336975,11.245844841003418,11011400,0.0,0.0,0.0,XLU
2012-05-03 00:00:00-04:00,11.236368339039004,11.315275423453677,11.195337522042493,11.211118698120117,11720000,0.0,0.0,0.0,XLU
2012-05-04 00:00:00-04:00,11.198496355368453,11.28056041998319,11.198496355368453,11.226902961730957,13746600,0.0,0.0,0.0,XLU
2012-05-07 00:00:00-04:00,11.192183762762127,11.220590369430129,11.166934114627738,11.204809188842773,7753200,0.0,0.0,0.0,XLU
2012-05-08 00:00:00-04:00,11.160625120703108,11.236375294375819,11.151156650000845,11.223751068115234,10825200,0.0,0.0,0.0,XLU
2012-05-09 00:00:00-04:00,11.154306379593269,11.274245494478066,11.138525202272634,11.230057716369629,10545200,0.0,0.0,0.0,XLU
2012-05-10 00:00:00-04:00,11.280561764586537,11.375250062405764,11.261623623411879,11.33421802520752,8930000,0.0,0.0,0.0,XLU
2012-05-11 00:00:00-04:00,11.318436500153295,11.406812081571363,11.302655318332496,11.340530395507812,6259400,0.0,0.0,0.0,XLU
2012-05-14 00:00:00-04:00,11.283715961611964,11.368935779091977,11.25846511019854,11.327903747558594,10098600,0.0,0.0,0.0,XLU
2012-05-15 00:00:00-04:00,11.302655150519904,11.34053022713288,11.223748038560464,11.248997688293457,11448800,0.0,0.0,0.0,XLU
2012-05-16 00:00:00-04:00,11.280563386825351,11.299500326696267,11.23321862909365,11.26478099822998,14291600,0.0,0.0,0.0,XLU
2012-05-17 00:00:00-04:00,11.280562508603316,11.293186732858695,11.19849842879424,11.201655387878418,12689600,0.0,0.0,0.0,XLU
2012-05-18 00:00:00-04:00,11.223747746898932,11.280560962355533,11.166934531442331,11.179558753967285,13781000,0.0,0.0,0.0,XLU
2012-05-21 00:00:00-04:00,11.189029646947617,11.211123543811063,11.14168489422476,11.192185401916504,10930600,0.0,0.0,0.0,XLU
2012-05-22 00:00:00-04:00,11.236373090388035,11.29949902541816,11.220591907637269,11.271092414855957,13908800,0.0,0.0,0.0,XLU
2012-05-23 00:00:00-04:00,11.248993761511725,11.296338493771152,11.154305501019428,11.211118698120117,11472400,0.0,0.0,0.0,XLU
2012-05-24 00:00:00-04:00,11.220589787013253,11.31843502801914,11.195340140189474,11.255309104919434,12908400,0.0,0.0,0.0,XLU
2012-05-25 00:00:00-04:00,11.264779577493261,11.324749756926815,11.258466863656727,11.29318618774414,9711600,0.0,0.0,0.0,XLU
2012-05-29 00:00:00-04:00,11.33421646041195,11.33421646041195,11.274247494345362,11.327903747558594,8195800,0.0,0.0,0.0,XLU
2012-05-30 00:00:00-04:00,11.283718531419545,11.375251082598973,11.236373776250286,11.258467674255371,7922000,0.0,0.0,0.0,XLU
2012-05-31 00:00:00-04:00,11.252159676286515,11.384723105695908,11.239534243763472,11.318441390991211,12034600,0.0,0.0,0.0,XLU
2012-06-01 00:00:00-04:00,11.233217335448709,11.340531063791802,11.223748866603662,11.271092414855957,22322000,0.0,0.0,0.0,XLU
2012-06-04 00:00:00-04:00,11.28371959181783,11.321594677096302,11.255312976852164,11.30897045135498,11532400,0.0,0.0,0.0,XLU
2012-06-05 00:00:00-04:00,11.299498921043202,11.40365689348485,11.277405024590802,11.34999942779541,8597600,0.0,0.0,0.0,XLU
2012-06-06 00:00:00-04:00,11.40049878348323,11.5078125,11.368936421459974,11.5078125,17798400,0.0,0.0,0.0,XLU
2012-06-07 00:00:00-04:00,11.551998605520032,11.605656057974935,11.551998605520032,11.596187591552734,14748200,0.0,0.0,0.0,XLU
2012-06-08 00:00:00-04:00,11.586721560960685,11.640379030271566,11.52990833652664,11.621440887451172,13459200,0.0,0.0,0.0,XLU
2012-06-11 00:00:00-04:00,11.678253545781239,11.728754053493805,11.599346427228664,11.611971855163574,14834000,0.0,0.0,0.0,XLU
2012-06-12 00:00:00-04:00,11.60250054430931,11.634064109690854,11.520437682371108,11.624595642089844,9471600,0.0,0.0,0.0,XLU
2012-06-13 00:00:00-04:00,11.586723118819304,11.675099926503115,11.54884803211327,11.627755165100098,13327400,0.0,0.0,0.0,XLU
2012-06-14 00:00:00-04:00,11.646688447089405,11.741376726328587,11.634063022117035,11.706657409667969,11687000,0.0,0.0,0.0,XLU
2012-06-15 00:00:00-04:00,11.748712753411837,11.786940327723087,11.71048396386791,11.764640808105469,11906600,0.171,0.0,0.0,XLU
2012-06-18 00:00:00-04:00,11.716852133919678,11.828350915886103,11.716852133919678,11.809236526489258,10345400,0.0,0.0,0.0,XLU
2012-06-19 00:00:00-04:00,11.841092223504257,11.872949538080318,11.783751487731934,11.783751487731934,11170400,0.0,0.0,0.0,XLU
2012-06-20 00:00:00-04:00,11.783752245874577,11.796493957292485,11.627654432489598,11.669068336486816,14779400,0.0,0.0,0.0,XLU
2012-06-21 00:00:00-04:00,11.681809814921822,11.742338107687278,11.535269807063342,11.548012733459473,19179200,0.0,0.0,0.0,XLU
2012-06-22 00:00:00-04:00,11.579869938860732,11.592612866472455,11.532085783165464,11.551198959350586,6910600,0.0,0.0,0.0,XLU
2012-06-25 00:00:00-04:00,11.468369264817476,11.548010718045374,11.468369264817476,11.52889633178711,10650000,0.0,0.0,0.0,XLU
2012-06-26 00:00:00-04:00,11.535267753182557,11.592609696522942,11.509783120160238,11.544825553894043,7963200,0.0,0.0,0.0,XLU
2012-06-27 00:00:00-04:00,11.605355900991412,11.71685348053994,11.576684921217153,11.675440788269043,10449400,0.0,0.0,0.0,XLU
2012-06-28 00:00:00-04:00,11.621283617044377,11.716853141784668,11.586241174418701,11.716853141784668,8461600,0.0,0.0,0.0,XLU
2012-06-29 00:00:00-04:00,11.818792710917162,11.84427856257801,11.713666610896894,11.783751487731934,15240200,0.0,0.0,0.0,XLU
2012-07-02 00:00:00-04:00,11.82197889383247,11.882505967879034,11.758265480754243,11.85702133178711,23177200,0.0,0.0,0.0,XLU
2012-07-03 00:00:00-04:00,11.844282891002953,11.882510467231981,11.790126044048488,11.828354835510254,5525200,0.0,0.0,0.0,XLU
2012-07-05 00:00:00-04:00,11.81242327988188,11.834722794010645,11.748709861557247,11.75826644897461,17703000,0.0,0.0,0.0,XLU
2012-07-06 00:00:00-04:00,11.704111385055528,11.755081879071613,11.675440406219453,11.732782363891602,10942000,0.0,0.0,0.0,XLU
2012-07-09 00:00:00-04:00,11.707298211757998,11.732784070088444,11.646771121072105,11.694555282592773,17403000,0.0,0.0,0.0,XLU
2012-07-10 00:00:00-04:00,11.707295452812444,11.758265942229002,11.697738865806942,11.713666915893555,8059200,0.0,0.0,0.0,XLU
2012-07-11 00:00:00-04:00,11.735968102376715,11.799681527039759,11.70729712203997,11.774195671081543,8226200,0.0,0.0,0.0,XLU
2012-07-12 00:00:00-04:00,11.764635491869686,11.818791096402583,11.732779396877644,11.790120124816895,10535200,0.0,0.0,0.0,XLU
2012-07-13 00:00:00-04:00,11.815606953762982,11.911176461904084,11.799678904944837,11.895248413085938,14127600,0.0,0.0,0.0,XLU
2012-07-16 00:00:00-04:00,11.882508311913043,11.907994168264779,11.863395134881758,11.888879776000977,10278800,0.0,0.0,0.0,XLU
2012-07-17 00:00:00-04:00,11.898436500414586,11.949406998467701,11.841094538200768,11.914365768432617,11463200,0.0,0.0,0.0,XLU
2012-07-18 00:00:00-04:00,11.904808427956741,11.965336732223177,11.866580856737073,11.952593803405762,10879200,0.0,0.0,0.0,XLU
2012-07-19 00:00:00-04:00,11.981265034487336,11.997193088223652,11.879324032295786,11.974893569946289,10811400,0.0,0.0,0.0,XLU
2012-07-20 00:00:00-04:00,11.949405257055588,12.035418187841472,11.923920619359228,12.000375747680664,18033000,0.0,0.0,0.0,XLU
2012-07-23 00:00:00-04:00,11.962149266333666,12.000376833954745,11.882507791570816,11.920735359191895,9031200,0.0,0.0,0.0,XLU
2012-07-24 00:00:00-04:00,11.90480896086978,11.917551890257627,11.755083793876794,11.815610885620117,20044400,0.0,0.0,0.0,XLU
2012-07-25 00:00:00-04:00,11.837907502968358,11.876135066529713,11.755080912713368,11.809236526489258,7147800,0.0,0.0,0.0,XLU
2012-07-26 00:00:00-04:00,11.882505477479421,12.013117422044813,11.882505477479421,11.994004249572754,12253600,0.0,0.0,0.0,XLU
2012-07-27 00:00:00-04:00,12.01312274960626,12.166034273356845,12.01312274960626,12.134178161621094,10489400,0.0,0.0,0.0,XLU
2012-07-30 00:00:00-04:00,12.089577712683859,12.213818235325915,12.070463318726379,12.178775787353516,13570400,0.0,0.0,0.0,XLU
2012-07-31 00:00:00-04:00,12.220182990071136,12.220182990071136,12.076828152185449,12.080013275146484,8384600,0.0,0.0,0.0,XLU
2012-08-01 00:00:00-04:00,12.105503696647334,12.277529567150207,11.987634658813477,11.987634658813477,31389800,0.0,0.0,0.0,XLU
2012-08-02 00:00:00-04:00,11.955777802524743,11.997191709666515,11.815609244425813,11.920735359191895,15895200,0.0,0.0,0.0,XLU
2012-08-03 00:00:00-04:00,11.994005010831627,12.070460136036923,11.978075745784244,12.060903549194336,13638600,0.0,0.0,0.0,XLU
2012-08-06 00:00:00-04:00,12.111871826968045,12.12461475058707,12.016302330289525,12.032230377197266,12650800,0.0,0.0,0.0,XLU
2012-08-07 00:00:00-04:00,12.041790407230794,12.070461385959797,11.904806977218039,11.90799331665039,18437600,0.0,0.0,0.0,XLU
2012-08-08 00:00:00-04:00,11.911173894310904,11.930288277911687,11.850646835756377,11.923916816711426,9829400,0.0,0.0,0.0,XLU
2012-08-09 00:00:00-04:00,11.907988771326758,11.949401446280502,11.895245848926237,11.923916816711426,9093600,0.0,0.0,0.0,XLU
2012-08-10 00:00:00-04:00,11.923919051263972,11.978074658767046,11.882505153317261,11.958961486816406,12268000,0.0,0.0,0.0,XLU
2012-08-13 00:00:00-04:00,11.933479376516383,11.95896523407932,11.904808394374365,11.946222305297852,7597000,0.0,0.0,0.0,XLU
2012-08-14 00:00:00-04:00,11.968520798942,11.984448850939637,11.90162225141244,11.933478355407715,13323600,0.0,0.0,0.0,XLU
2012-08-15 00:00:00-04:00,11.920733898401272,11.930291700559657,11.876134872436523,11.876134872436523,11043800,0.0,0.0,0.0,XLU
2012-08-16 00:00:00-04:00,11.898438884425403,11.907996690197761,11.834726660517816,11.847468376159668,15764200,0.0,0.0,0.0,XLU
2012-08-17 00:00:00-04:00,11.888880906751288,11.888880906751288,11.793311366807703,11.815610885620117,12808200,0.0,0.0,0.0,XLU
2012-08-20 00:00:00-04:00,11.802866301524539,11.837908744812012,11.771010197753634,11.837908744812012,10656400,0.0,0.0,0.0,XLU
2012-08-21 00:00:00-04:00,11.83472179861765,11.85702131087085,11.751893997192383,11.751893997192383,16145600,0.0,0.0,0.0,XLU
2012-08-22 00:00:00-04:00,11.739152612315232,11.777381394251622,11.710481633479157,11.732782363891602,11214000,0.0,0.0,0.0,XLU
2012-08-23 00:00:00-04:00,11.732781173912452,11.73596629780122,11.598982881170244,11.611725807189941,15948800,0.0,0.0,0.0,XLU
2012-08-24 00:00:00-04:00,11.579870124361715,11.681811116423598,11.579870124361715,11.66588306427002,6554000,0.0,0.0,0.0,XLU
2012-08-27 00:00:00-04:00,11.659507932486502,11.71047841248303,11.649951347247184,11.691365242004395,8140600,0.0,0.0,0.0,XLU
2012-08-28 00:00:00-04:00,11.678624923858338,11.694552974555002,11.634025895814737,11.669068336486816,6348200,0.0,0.0,0.0,XLU
2012-08-29 00:00:00-04:00,11.659514247275515,11.67225717798424,11.621286670382103,11.649957656860352,10777400,0.0,0.0,0.0,XLU
2012-08-30 00:00:00-04:00,11.630842702622312,11.630842702622312,11.573501947650408,11.592615127563477,4171200,0.0,0.0,0.0,XLU
2012-08-31 00:00:00-04:00,11.627654638493667,11.634026101931687,11.544828044264184,11.579869270324707,12295800,0.0,0.0,0.0,XLU
2012-09-04 00:00:00-04:00,11.560754439707587,11.640395898429354,11.544826391009677,11.624467849731445,25937400,0.0,0.0,0.0,XLU
2012-09-05 00:00:00-04:00,11.621282877604624,11.637210928175795,11.567127262616172,11.573498725891113,7073400,0.0,0.0,0.0,XLU
2012-09-06 00:00:00-04:00,11.589427186699428,11.707296223377199,11.589427186699428,11.704111099243164,11066000,0.0,0.0,0.0,XLU
2012-09-07 00:00:00-04:00,11.70729697205531,11.723225024208888,11.646769887778717,11.66588306427002,10229600,0.0,0.0,0.0,XLU
2012-09-10 00:00:00-04:00,11.669070028408935,11.69774100991294,11.653141975402834,11.653141975402832,7423000,0.0,0.0,0.0,XLU
2012-09-11 00:00:00-04:00,11.646767360954962,11.662695409652871,11.614910048326923,11.624467849731445,6759400,0.0,0.0,0.0,XLU
2012-09-12 00:00:00-04:00,11.640397311439202,11.640397311439202,11.544827792418486,11.55756950378418,7674000,0.0,0.0,0.0,XLU
2012-09-13 00:00:00-04:00,11.548015375023407,11.729597864391373,11.548015375023407,11.720041275024414,16900400,0.0,0.0,0.0,XLU
2012-09-14 00:00:00-04:00,11.710481695636531,11.732782426167345,11.608540707063277,11.640398025512695,18208200,0.0,0.0,0.0,XLU
2012-09-17 00:00:00-04:00,11.62128092633001,11.66906628525247,11.551196057305644,11.56712532043457,10366400,0.0,0.0,0.0,XLU
2012-09-18 00:00:00-04:00,11.576685406062762,11.576685406062762,11.50660051584989,11.532086372375488,20739200,0.0,0.0,0.0,XLU
2012-09-19 00:00:00-04:00,11.522524829055332,11.583053111043588,11.512968243575978,11.544825553894043,25114200,0.0,0.0,0.0,XLU
2012-09-20 00:00:00-04:00,11.538459497499517,11.6085431825686,11.532088032450927,11.592615127563477,9522800,0.0,0.0,0.0,XLU
2012-09-21 00:00:00-04:00,11.631571079133264,11.631571079133264,11.56074462575785,11.599376678466797,15178800,0.1905,0.0,0.0,XLU
2012-09-24 00:00:00-04:00,11.58005413333788,11.728144600913769,11.58005413333788,11.70882797241211,16430400,0.0,0.0,0.0,XLU
2012-09-25 00:00:00-04:00,11.73136660071193,11.766779815173205,11.67985680552018,11.683076858520508,13455800,0.0,0.0,0.0,XLU
2012-09-26 00:00:00-04:00,11.70238909624489,11.802189834701714,11.683073695833286,11.70882797241211,12659200,0.0,0.0,0.0,XLU
2012-09-27 00:00:00-04:00,11.724928817028884,11.734587748840898,11.644444677774956,11.660542488098145,14004200,0.0,0.0,0.0,XLU
2012-09-28 00:00:00-04:00,11.654105390375367,11.734589541927559,11.602595582505593,11.715272903442383,15932000,0.0,0.0,0.0,XLU
2012-10-01 00:00:00-04:00,11.728148870329724,11.779658670328617,11.657322434797305,11.660542488098145,14387600,0.0,0.0,0.0,XLU
2012-10-02 00:00:00-04:00,11.69273491397897,11.741025885717177,11.663760576554132,11.721709251403809,12397000,0.0,0.0,0.0,XLU
2012-10-03 00:00:00-04:00,11.747468958336535,11.808636480033513,11.73459119752953,11.779662132263184,9406800,0.0,0.0,0.0,XLU
2012-10-04 00:00:00-04:00,11.802190521131147,11.89877121307658,11.802190521131147,11.847261428833008,13373200,0.0,0.0,0.0,XLU
2012-10-05 00:00:00-04:00,11.876238312561185,11.89555494633931,11.808631936473342,11.827948570251465,9188600,0.0,0.0,0.0,XLU
2012-10-08 00:00:00-04:00,11.80862939767286,11.866578058458146,11.779655067280217,11.847261428833008,10853600,0.0,0.0,0.0,XLU
2012-10-09 00:00:00-04:00,11.824730873107908,11.87302185312913,11.798976584363059,11.82473087310791,10977200,0.0,0.0,0.0,XLU
2012-10-10 00:00:00-04:00,11.824728926927843,11.860142142702816,11.773219129825277,11.805412292480469,7639400,0.0,0.0,0.0,XLU
2012-10-11 00:00:00-04:00,11.827949642258899,11.885897092664461,11.792536424501247,11.818290710449219,11852600,0.0,0.0,0.0,XLU
2012-10-12 00:00:00-04:00,11.847265462991695,11.860143220460175,11.724929223222219,11.75068473815918,8362600,0.0,0.0,0.0,XLU
2012-10-15 00:00:00-04:00,11.750684967116582,11.808633648763308,11.689517460085293,11.798975944519043,9685600,0.0,0.0,0.0,XLU
2012-10-16 00:00:00-04:00,11.818292981074205,11.873022844875852,11.79897756992482,11.844048500061035,16713000,0.0,0.0,0.0,XLU
2012-10-17 00:00:00-04:00,11.87301905483162,12.00501297727786,11.847263544066331,11.988916397094727,19708000,0.0,0.0,0.0,XLU
2012-10-18 00:00:00-04:00,11.99213416252609,12.046862775932157,11.959941005003726,12.043643951416016,10890200,0.0,0.0,0.0,XLU
2012-10-19 00:00:00-04:00,12.030771195604936,12.053306660851467,11.927751575023443,11.947068214416504,15678200,0.0,0.0,0.0,XLU
2012-10-22 00:00:00-04:00,11.93418594055797,11.93740599328416,11.856921868393378,11.91486930847168,9488000,0.0,0.0,0.0,XLU
2012-10-23 00:00:00-04:00,11.83116780507697,11.863360967732161,11.760341373527025,11.805412292480469,13784200,0.0,0.0,0.0,XLU
2012-10-24 00:00:00-04:00,11.795755642769269,11.824729982982785,11.712052675536079,11.718491554260254,11551200,0.0,0.0,0.0,XLU
2012-10-25 00:00:00-04:00,11.753904881953554,11.786099279236103,11.686298489796227,11.77644157409668,11300400,0.0,0.0,0.0,XLU
2012-10-26 00:00:00-04:00,11.773221520323084,11.808634743288545,11.724930538444601,11.77644157409668,14972200,0.0,0.0,0.0,XLU
2012-10-31 00:00:00-04:00,11.844046163528132,11.927749127541361,11.78931631052331,11.879459381103516,22139200,0.0,0.0,0.0,XLU
2012-11-01 00:00:00-04:00,11.927748460169273,11.940626216401704,11.741025907160731,11.753902435302734,16870000,0.0,0.0,0.0,XLU
2012-11-02 00:00:00-04:00,11.750683352654049,11.81507090431407,11.663760342126581,11.673418045043945,8595200,0.0,0.0,0.0,XLU
2012-11-05 00:00:00-05:00,11.650882831727754,11.650882831727754,11.467379103887977,11.483475685119629,16572200,0.0,0.0,0.0,XLU
2012-11-06 00:00:00-05:00,11.49635472660892,11.54786452916315,11.451283802885289,11.48991584777832,16531200,0.0,0.0,0.0,XLU
2012-11-07 00:00:00-05:00,11.425528762952101,11.454503101735718,11.18407634911879,11.248462677001953,24006200,0.0,0.0,0.0,XLU
2012-11-08 00:00:00-05:00,11.258121295374803,11.383676350579801,11.225926904238618,11.229146957397461,19347600,0.0,0.0,0.0,XLU
2012-11-09 00:00:00-05:00,11.203395957420982,11.245248068711593,11.148667312579445,11.161543846130371,19359400,0.0,0.0,0.0,XLU
2012-11-12 00:00:00-05:00,11.14222343095154,11.167977714585408,11.039203840235286,11.068178176879883,14239800,0.0,0.0,0.0,XLU
2012-11-13 00:00:00-05:00,11.029546034045175,11.177637785380728,11.026327208796596,11.110030174255371,24911800,0.0,0.0,0.0,XLU
2012-11-14 00:00:00-05:00,11.122907226824983,11.129346105004775,11.003791050724924,11.03276538848877,20745000,0.0,0.0,0.0,XLU
2012-11-15 00:00:00-05:00,11.029544609891392,11.09715221228714,10.897550686113577,10.968377113342285,30604200,0.0,0.0,0.0,XLU
2012-11-16 00:00:00-05:00,10.978035731844997,11.081055328359813,10.920087055294106,11.061739921569824,24675000,0.0,0.0,0.0,XLU
2012-11-19 00:00:00-05:00,11.097155206695577,11.135787255567195,11.007012121874213,11.071399688720703,33073000,0.0,0.0,0.0,XLU
2012-11-20 00:00:00-05:00,11.084275224688943,11.093932927947263,10.958720169969,11.052082061767578,22659400,0.0,0.0,0.0,XLU
2012-11-21 00:00:00-05:00,11.061741447300019,11.071399152027086,10.897553098396074,11.003792762756348,29878600,0.0,0.0,0.0,XLU
2012-11-23 00:00:00-05:00,11.00379161525129,11.035984779711413,10.913649772290539,10.974817276000977,7440200,0.0,0.0,0.0,XLU
2012-11-26 00:00:00-05:00,10.949060512034754,11.164758619183475,10.949060512034754,11.113248825073242,32368000,0.0,0.0,0.0,XLU
2012-11-27 00:00:00-05:00,11.103592269278462,11.206611868139195,11.103592269278462,11.142224311828613,27325800,0.0,0.0,0.0,XLU
2012-11-28 00:00:00-05:00,11.106810823618936,11.203391541684487,11.06495872882403,11.187294960021973,21058200,0.0,0.0,0.0,XLU
2012-11-29 00:00:00-05:00,11.1969562274097,11.264563856856613,11.164763053837534,11.251686096191406,19131600,0.0,0.0,0.0,XLU
2012-11-30 00:00:00-05:00,11.280658168019919,11.380457722815798,11.248463772851407,11.370800018310547,58126400,0.0,0.0,0.0,XLU
2012-12-03 00:00:00-05:00,11.380459553937957,11.390118488087941,11.245246756746203,11.299975395202637,25005400,0.0,0.0,0.0,XLU
2012-12-04 00:00:00-05:00,11.309629156432532,11.328944559716208,11.229145034509907,11.242021560668945,11106600,0.0,0.0,0.0,XLU
2012-12-05 00:00:00-05:00,11.283876892347479,11.473819523822023,11.219489330678202,11.412652015686035,37338000,0.0,0.0,0.0,XLU
2012-12-06 00:00:00-05:00,11.370799587403615,11.480258070647318,11.370799587403615,11.40621280670166,12977400,0.0,0.0,0.0,XLU
2012-12-07 00:00:00-05:00,11.409428928217164,11.457719893650488,11.377235769988456,11.415867805480957,14832600,0.0,0.0,0.0,XLU
2012-12-10 00:00:00-05:00,11.390115931231913,11.431966800154209,11.38045699925017,11.419090270996094,8722400,0.0,0.0,0.0,XLU
2012-12-11 00:00:00-05:00,11.422306881791158,11.49313330483686,11.406210302396305,11.444842338562012,12899200,0.0,0.0,0.0,XLU
2012-12-12 00:00:00-05:00,11.444842977748298,11.51888822957223,11.41586864198325,11.425527572631836,20284400,0.0,0.0,0.0,XLU
2012-12-13 00:00:00-05:00,11.409431264012188,11.42552907451243,11.338606055791294,11.380456924438477,16719800,0.0,0.0,0.0,XLU
2012-12-14 00:00:00-05:00,11.386897036062658,11.386897036062658,11.319290645766673,11.335387229919434,12584200,0.0,0.0,0.0,XLU
2012-12-17 00:00:00-05:00,11.364359875461998,11.512450392496401,11.364359875461998,11.509231567382812,17190000,0.0,0.0,0.0,XLU
2012-12-18 00:00:00-05:00,11.489918020057807,11.612254284786912,11.48669919407924,11.58971881866455,20221000,0.0,0.0,0.0,XLU
2012-12-19 00:00:00-05:00,11.586497506645193,11.5961552105995,11.496354433406372,11.502793312072754,13614600,0.0,0.0,0.0,XLU
2012-12-20 00:00:00-05:00,11.506014838449756,11.554304592493871,11.464162735805637,11.5382080078125,19356000,0.0,0.0,0.0,XLU
2012-12-21 00:00:00-05:00,11.466579720923407,11.53820430090439,11.41774370743288,11.495881080627441,17338200,0.2,0.0,0.0,XLU
2012-12-24 00:00:00-05:00,11.476349554946559,11.502395767094626,11.394957004911475,11.44704818725586,11731600,0.0,0.0,0.0,XLU
2012-12-26 00:00:00-05:00,11.463324781486554,11.492626144915254,11.339609017633439,11.34937572479248,11601400,0.0,0.0,0.0,XLU
2012-12-27 00:00:00-05:00,11.326584551743084,11.372164168941017,11.209379112119016,11.329839706420898,35448000,0.0,0.0,0.0,XLU
2012-12-28 00:00:00-05:00,11.287515466285262,11.359141290122555,11.212634487706021,11.215890884399414,17018400,0.0,0.0,0.0,XLU
2012-12-31 00:00:00-05:00,11.196357102489799,11.38518838297365,11.14101077390411,11.368908882141113,32625000,0.0,0.0,0.0,XLU
2013-01-02 00:00:00-05:00,11.512160996134138,11.600065087908824,11.489371184409396,11.577275276184082,25591200,0.0,0.0,0.0,XLU
2013-01-03 00:00:00-05:00,11.577275276184082,11.619598502557693,11.544717515183315,11.577275276184082,16283000,0.0,0.0,0.0,XLU
2013-01-04 00:00:00-05:00,11.577269190163918,11.645638589397237,11.5707576413868,11.635871887207031,12358600,0.0,0.0,0.0,XLU
2013-01-07 00:00:00-05:00,11.600059458038997,11.629360807743035,11.495877157302635,11.52192211151123,16739200,0.0,0.0,0.0,XLU
2013-01-08 00:00:00-05:00,11.502394003024829,11.518672262144973,11.440534879636099,11.486114501953125,12853200,0.0,0.0,0.0,XLU
2013-01-09 00:00:00-05:00,11.50564805636055,11.512159607775414,11.424255526601902,11.463323593139648,15160800,0.0,0.0,0.0,XLU
2013-01-10 00:00:00-05:00,11.486117900046677,11.518675669870532,11.463328082145944,11.512164115905762,12603000,0.0,0.0,0.0,XLU
2013-01-11 00:00:00-05:00,11.4958813635738,11.544716136314877,11.489369812151368,11.525182723999023,16221000,0.0,0.0,0.0,XLU
2013-01-14 00:00:00-05:00,11.508903078248137,11.541460834946658,11.489369666180455,11.502392768859863,11288000,0.0,0.0,0.0,XLU
2013-01-15 00:00:00-05:00,11.489371584983367,11.54146276244915,11.460070220036886,11.534951210021973,12496600,0.0,0.0,0.0,XLU
2013-01-16 00:00:00-05:00,11.505649977403289,11.53169494545991,11.469837059617744,11.47960376739502,9441200,0.0,0.0,0.0,XLU
2013-01-17 00:00:00-05:00,11.51867117257659,11.567505945317667,11.489369812151368,11.525182723999023,11062600,0.0,0.0,0.0,XLU
2013-01-18 00:00:00-05:00,11.551230165663348,11.62611116015734,11.521928798952507,11.616344451904297,13333400,0.0,0.0,0.0,XLU
2013-01-22 00:00:00-05:00,11.59681143097431,11.730295177738556,11.59029987723558,11.714016914367676,13349200,0.0,0.0,0.0,XLU
2013-01-23 00:00:00-05:00,11.67169025859956,11.71401472902941,11.629367030121363,11.684713363647461,12347200,0.0,0.0,0.0,XLU
2013-01-24 00:00:00-05:00,11.707501693140166,11.772615968177899,11.69447858974232,11.73680305480957,12679200,0.0,0.0,0.0,XLU
2013-01-25 00:00:00-05:00,11.749824819456386,11.805171139663939,11.687966948291821,11.795404434204102,16063000,0.0,0.0,0.0,XLU
2013-01-28 00:00:00-05:00,11.801915847734053,11.818194103961348,11.723778479111154,11.78889274597168,15416200,0.0,0.0,0.0,XLU
2013-01-29 00:00:00-05:00,11.759593044854569,11.883310045125588,11.759593044854569,11.87028694152832,17423600,0.0,0.0,0.0,XLU
2013-01-30 00:00:00-05:00,11.85400826759518,11.906099438207253,11.844241561215252,11.880054473876953,16399600,0.0,0.0,0.0,XLU
2013-01-31 00:00:00-05:00,11.827962636459418,11.935400126436225,11.827962636459418,11.909355163574219,13664600,0.0,0.0,0.0,XLU
2013-02-01 00:00:00-05:00,11.948425156990465,11.984238073412422,11.928890500228052,11.941913604736328,14225600,0.0,0.0,0.0,XLU
2013-02-04 00:00:00-05:00,11.92237632538528,11.92237632538528,11.857262059118817,11.860518455505371,12590400,0.0,0.0,0.0,XLU
2013-02-05 00:00:00-05:00,11.915865751762679,11.958190214599533,11.88982078829099,11.893075942993164,12824200,0.0,0.0,0.0,XLU
2013-02-06 00:00:00-05:00,11.880056400176338,11.932147579234769,11.814942115865382,11.9288911819458,14998600,0.0,0.0,0.0,XLU
2013-02-07 00:00:00-05:00,11.94191715375682,12.016798164005904,11.896337516383637,11.945172309875488,16087400,0.0,0.0,0.0,XLU
2013-02-08 00:00:00-05:00,11.958195418254105,11.958195418254105,11.88656956412369,11.945172309875488,9686200,0.0,0.0,0.0,XLU
2013-02-11 00:00:00-05:00,11.951679374749254,11.98423713346638,11.92888956462302,11.974469184875488,9646000,0.0,0.0,0.0,XLU
2013-02-12 00:00:00-05:00,11.967956159514051,12.033070426979254,11.954934299582092,12.026558876037598,10411600,0.0,0.0,0.0,XLU
2013-02-13 00:00:00-05:00,12.039581977920909,12.07539488712434,11.994002363280673,12.026558876037598,9484000,0.0,0.0,0.0,XLU
2013-02-14 00:00:00-05:00,11.97447080837797,12.013540124135549,11.893078263477191,11.9288911819458,20507600,0.0,0.0,0.0,XLU
2013-02-15 00:00:00-05:00,11.951680584024224,11.974470396456338,11.92889077159211,11.954936981201172,10485000,0.0,0.0,0.0,XLU
2013-02-19 00:00:00-05:00,11.941910933075475,12.078649773966161,11.941910933075475,12.05911636352539,18934000,0.0,0.0,0.0,XLU
2013-02-20 00:00:00-05:00,12.065632545617383,12.137257147978266,12.033074779133527,12.036331176757812,16345600,0.0,0.0,0.0,XLU
2013-02-21 00:00:00-05:00,12.007025571070937,12.052605186113205,11.974467816075487,11.984235763549805,18075800,0.0,0.0,0.0,XLU
2013-02-22 00:00:00-05:00,12.026558904271758,12.111207824760655,11.997257545941196,12.104696273803711,12183000,0.0,0.0,0.0,XLU
2013-02-25 00:00:00-05:00,12.137255364114347,12.23167101011316,11.984238230961102,11.997260093688965,19625000,0.0,0.0,0.0,XLU
2013-02-26 00:00:00-05:00,12.010282660426128,12.098186750147965,11.977726142137254,12.033072471618652,19338400,0.0,0.0,0.0,XLU
2013-02-27 00:00:00-05:00,12.046095606133418,12.179579318577375,12.03958405406889,12.143766403198242,12015400,0.0,0.0,0.0,XLU
2013-02-28 00:00:00-05:00,12.160049971775678,12.234932232237522,12.1242382827118,12.18609619140625,17955200,0.0,0.0,0.0,XLU
2013-03-01 00:00:00-05:00,12.140509095523159,12.215390068060856,12.08516153376404,12.208878517150879,11437000,0.0,0.0,0.0,XLU
2013-03-04 00:00:00-05:00,12.189348898291067,12.34887885658864,12.176327033044787,12.332600593566895,15280600,0.0,0.0,0.0,XLU
2013-03-05 00:00:00-05:00,12.358640540788372,12.43026635930207,12.345617438885636,12.397709846496582,11628000,0.0,0.0,0.0,XLU
2013-03-06 00:00:00-05:00,12.42050333996286,12.433525203778824,12.355389053076147,12.391201972961426,10835200,0.0,0.0,0.0,XLU
2013-03-07 00:00:00-05:00,12.39120115152788,12.42375767183715,12.332598421409886,12.335853576660156,16005800,0.0,0.0,0.0,XLU
2013-03-08 00:00:00-05:00,12.371667037721396,12.38469014319793,12.270739833205795,12.361900329589844,22876800,0.0,0.0,0.0,XLU
2013-03-11 00:00:00-04:00,12.368412158843833,12.410735389661232,12.3391107918424,12.391201972961426,6522600,0.0,0.0,0.0,XLU
2013-03-12 00:00:00-04:00,12.417247220789667,12.417247220789667,12.31632125370786,12.358644485473633,10055800,0.0,0.0,0.0,XLU
2013-03-13 00:00:00-04:00,12.326082144569899,12.420497756011098,12.326082144569899,12.413986206054688,9278200,0.0,0.0,0.0,XLU
2013-03-14 00:00:00-04:00,12.400967747597562,12.44654737240089,12.384689487589466,12.440035820007324,14657400,0.0,0.0,0.0,XLU
2013-03-15 00:00:00-04:00,12.439703488692599,12.531654430969125,12.400294868227546,12.52180290222168,26305400,0.1645,0.0,0.0,XLU
2013-03-18 00:00:00-04:00,12.452841758728027,12.508670026217361,12.433138695986589,12.452841758728027,10046200,0.0,0.0,0.0,XLU
2013-03-19 00:00:00-04:00,12.459411969756697,12.528376459221896,12.423289264379337,12.485684394836426,15577400,0.0,0.0,0.0,XLU
2013-03-20 00:00:00-04:00,12.54151275678125,12.597341039661586,12.502105367696393,12.57763671875,12853400,0.0,0.0,0.0,XLU
2013-03-21 00:00:00-04:00,12.541509931126651,12.571065779465817,12.498819124544102,12.515238761901855,12010000,0.0,0.0,0.0,XLU
2013-03-22 00:00:00-04:00,12.544794457764128,12.57106562666961,12.502102398962453,12.534941673278809,4663600,0.0,0.0,0.0,XLU
2013-03-25 00:00:00-04:00,12.610472641236443,12.620324171719815,12.456125315728393,12.508668899536133,13278000,0.0,0.0,0.0,XLU
2013-03-26 00:00:00-04:00,12.528380598118714,12.636751255528662,12.528380598118714,12.626899719238281,11751400,0.0,0.0,0.0,XLU
2013-03-27 00:00:00-04:00,12.580916519698752,12.692571789420963,12.571063736694732,12.686003684997559,10813400,0.0,0.0,0.0,XLU
2013-03-28 00:00:00-04:00,12.692574066949483,12.853488269614585,12.686005961347512,12.840352058410645,14394400,0.0,0.0,0.0,XLU
2013-04-01 00:00:00-04:00,12.840353543603666,12.840353543603666,12.777958412275023,12.810797691345215,8508800,0.0,0.0,0.0,XLU
2013-04-02 00:00:00-04:00,12.856773601455899,12.89946441092882,12.82064964518026,12.85348892211914,16060600,0.0,0.0,0.0,XLU
2013-04-03 00:00:00-04:00,12.873191049923625,12.906030321275852,12.79765972362318,12.817362785339355,11327200,0.0,0.0,0.0,XLU
2013-04-04 00:00:00-04:00,12.846919165127009,12.948722914934937,12.840351060035728,12.938871383666992,10543400,0.0,0.0,0.0,XLU
2013-04-05 00:00:00-04:00,12.8797626518195,13.014405705302186,12.8469221188126,12.994701385498047,14905800,0.0,0.0,0.0,XLU
2013-04-08 00:00:00-04:00,13.011120308197166,13.103072542807984,12.942157071792682,13.093219757080078,11686400,0.0,0.0,0.0,XLU
2013-04-09 00:00:00-04:00,13.112922770835336,13.129342408430247,13.043959541293885,13.053811073303223,14806400,0.0,0.0,0.0,XLU
2013-04-10 00:00:00-04:00,13.086652341220711,13.191739541115608,13.083368914296976,13.158900260925293,9666000,0.0,0.0,0.0,XLU
2013-04-11 00:00:00-04:00,13.188450813293455,13.221290080284525,13.155611546302387,13.188450813293457,15184000,0.0,0.0,0.0,XLU
2013-04-12 00:00:00-04:00,13.162180436331573,13.244279861450195,13.135908018979466,13.244279861450195,10673800,0.0,0.0,0.0,XLU
2013-04-15 00:00:00-04:00,13.191737532386124,13.263985441089387,13.05381107330322,13.053811073303223,21289000,0.0,0.0,0.0,XLU
2013-04-16 00:00:00-04:00,13.112921021202455,13.211440086364746,13.00783385133096,13.211440086364746,11141000,0.0,0.0,0.0,XLU
2013-04-17 00:00:00-04:00,13.149046244870988,13.181885518861236,13.047242491120414,13.135910034179688,17785600,0.0,0.0,0.0,XLU
2013-04-18 00:00:00-04:00,13.145759788989917,13.211439580830843,13.116203945298393,13.178600311279297,12552200,0.0,0.0,0.0,XLU
2013-04-19 00:00:00-04:00,13.185171756231824,13.378926502244976,13.185171756231824,13.375641822814941,23339200,0.0,0.0,0.0,XLU
2013-04-22 00:00:00-04:00,13.388778263793881,13.418334115478388,13.286974496272101,13.359222412109375,14002600,0.0,0.0,0.0,XLU
2013-04-23 00:00:00-04:00,13.378924368760762,13.398627431246405,13.286972150455272,13.392059326171875,23561600,0.0,0.0,0.0,XLU
2013-04-24 00:00:00-04:00,13.392060404242214,13.487296056382531,13.326381853685628,13.434752464294434,21106000,0.0,0.0,0.0,XLU
2013-04-25 00:00:00-04:00,13.470883185198257,13.493870939987474,13.388783703025721,13.438042640686035,19908400,0.0,0.0,0.0,XLU
2013-04-26 00:00:00-04:00,13.39863098244015,13.51685439963993,13.39863098244015,13.457742691040039,11886200,0.0,0.0,0.0,XLU
2013-04-29 00:00:00-04:00,13.507000892459224,13.58910033654926,13.441321086639576,13.569396018981934,11671600,0.0,0.0,0.0,XLU
2013-04-30 00:00:00-04:00,13.556258179430369,13.608801767229016,13.526702332997509,13.605518341064453,15636600,0.0,0.0,0.0,XLU
2013-05-01 00:00:00-04:00,13.585812526849612,13.602232161336634,13.45116951967552,13.470873832702637,20734800,0.0,0.0,0.0,XLU
2013-05-02 00:00:00-04:00,13.457741663482167,13.50043372815309,13.378926893192356,13.454458236694336,17668800,0.0,0.0,0.0,XLU
2013-05-03 00:00:00-04:00,13.520134523073452,13.546406943915274,13.405195813735421,13.428183555603027,29973800,0.0,0.0,0.0,XLU
2013-05-06 00:00:00-04:00,13.41176429651853,13.421615828242569,13.23771388812445,13.240997314453125,29478800,0.0,0.0,0.0,XLU
2013-05-07 00:00:00-04:00,13.257417622230042,13.369072914123535,13.244282663512866,13.369072914123535,14582400,0.0,0.0,0.0,XLU
2013-05-08 00:00:00-04:00,13.339515353307405,13.375639303805741,13.208157013821902,13.250847816467285,14345000,0.0,0.0,0.0,XLU
2013-05-09 00:00:00-04:00,13.263984396354493,13.27712060649097,13.007834562382946,13.05052661895752,39403000,0.0,0.0,0.0,XLU
2013-05-10 00:00:00-04:00,13.050527045966426,13.089934424927304,12.958574824740394,13.080082893371582,21057600,0.0,0.0,0.0,XLU
2013-05-13 00:00:00-04:00,13.037391310945859,13.05381094838364,12.965143402933979,13.01111888885498,24650400,0.0,0.0,0.0,XLU
2013-05-14 00:00:00-04:00,13.020968203930064,13.155611199423642,12.994695788839756,13.099782943725586,24695200,0.0,0.0,0.0,XLU
2013-05-15 00:00:00-04:00,13.093219243268834,13.316529835686131,13.07023149870277,13.224578857421875,21546800,0.0,0.0,0.0,XLU
2013-05-16 00:00:00-04:00,13.188452159821859,13.204871794993823,13.096501200668573,13.116204261779785,20111200,0.0,0.0,0.0,XLU
2013-05-17 00:00:00-04:00,13.129342028207976,13.254133525243851,13.106354285693211,13.240997314453125,18103400,0.0,0.0,0.0,XLU
2013-05-20 00:00:00-04:00,13.257414325330725,13.263982429424972,13.152327165298294,13.175314903259277,22675400,0.0,0.0,0.0,XLU
2013-05-21 00:00:00-04:00,13.191738706075217,13.247566982150696,13.10635583134221,13.201591491699219,18028600,0.0,0.0,0.0,XLU
2013-05-22 00:00:00-04:00,13.168746252623642,13.313242031224561,12.932300778732731,12.978276252746582,49925600,0.0,0.0,0.0,XLU
2013-05-23 00:00:00-04:00,12.892895624301268,12.942155789846968,12.699140894019852,12.889612197875977,48092600,0.0,0.0,0.0,XLU
2013-05-24 00:00:00-04:00,12.86005478603829,12.86005478603829,12.70899213407465,12.751684188842773,19937000,0.0,0.0,0.0,XLU
2013-05-28 00:00:00-04:00,12.676150410829216,12.754966408118342,12.548075511379942,12.603903770446777,48073600,0.0,0.0,0.0,XLU
2013-05-29 00:00:00-04:00,12.525090043229357,12.538226253948006,12.30177947196433,12.416719436645508,63078200,0.0,0.0,0.0,XLU
2013-05-30 00:00:00-04:00,12.538228679476264,12.656452093338494,12.44299301244966,12.44956111907959,34267400,0.0,0.0,0.0,XLU
2013-05-31 00:00:00-04:00,12.413427934233717,12.61703407750336,12.370735899233892,12.37402057647705,57017200,0.0,0.0,0.0,XLU
2013-06-03 00:00:00-04:00,12.377310376996634,12.492250337707965,12.242667353625846,12.400298118591309,63987600,0.0,0.0,0.0,XLU
2013-06-04 00:00:00-04:00,12.380597494963691,12.413436774357576,12.2722256180351,12.357609748840332,29119800,0.0,0.0,0.0,XLU
2013-06-05 00:00:00-04:00,12.331335546265455,12.334620225374467,12.216396832210611,12.249236106872559,30872200,0.0,0.0,0.0,XLU
2013-06-06 00:00:00-04:00,12.245950000782853,12.400296061204878,12.229530367044903,12.393729209899902,37523400,0.0,0.0,0.0,XLU
2013-06-07 00:00:00-04:00,12.374028374187642,12.538227263173425,12.364176841724689,12.469264030456543,30750600,0.0,0.0,0.0,XLU
2013-06-10 00:00:00-04:00,12.511956022609999,12.521808808742625,12.413436930451303,12.465980529785156,19863000,0.0,0.0,0.0,XLU
2013-06-11 00:00:00-04:00,12.393728628833829,12.492247679380322,12.344468477191736,12.383875846862793,22360000,0.0,0.0,0.0,XLU
2013-06-12 00:00:00-04:00,12.446276175596337,12.475832025460612,12.23281712071678,12.262372970581055,20184000,0.0,0.0,0.0,XLU
2013-06-13 00:00:00-04:00,12.23281737752887,12.472547608021666,12.219681165593837,12.462696075439453,33471000,0.0,0.0,0.0,XLU
2013-06-14 00:00:00-04:00,12.449557733368668,12.544793374495526,12.446274307315768,12.479113578796387,22849000,0.0,0.0,0.0,XLU
2013-06-17 00:00:00-04:00,12.528376001661705,12.61375887457612,12.459411514715221,12.518523216247559,24857600,0.0,0.0,0.0,XLU
2013-06-18 00:00:00-04:00,12.544792085664376,12.620323404500159,12.485680400881977,12.603903770446777,23373200,0.0,0.0,0.0,XLU
2013-06-19 00:00:00-04:00,12.57763360717945,12.626893770902825,12.311632230739633,12.314915657043457,45555000,0.0,0.0,0.0,XLU
2013-06-20 00:00:00-04:00,12.229532279301358,12.239383810537,11.940541919922351,11.966813087463379,51298600,0.0,0.0,0.0,XLU
2013-06-21 00:00:00-04:00,12.060042082067552,12.192752823126462,11.87756576232912,12.123080253601074,40140200,0.1855,0.0,0.0,XLU
2013-06-24 00:00:00-04:00,12.023551295223733,12.206027667543017,11.937288908991771,12.113129615783691,40811000,0.0,0.0,0.0,XLU
2013-06-25 00:00:00-04:00,12.219296779900928,12.308875084195869,12.103174552692403,12.272380828857422,18957400,0.0,0.0,0.0,XLU
2013-06-26 00:00:00-04:00,12.345371252712026,12.4681291506821,12.31551139450628,12.428315162658691,22423800,0.0,0.0,0.0,XLU
2013-06-27 00:00:00-04:00,12.471442535326004,12.574293407823403,12.428311360972481,12.454854011535645,16357200,0.0,0.0,0.0,XLU
2013-06-28 00:00:00-04:00,12.415044472935184,12.551073707254563,12.36527888377746,12.484718322753906,19521000,0.0,0.0,0.0,XLU
2013-07-01 00:00:00-04:00,12.481397598726213,12.590884153182499,12.288968410683522,12.328781127929688,25117600,0.0,0.0,0.0,XLU
2013-07-02 00:00:00-04:00,12.342051820847106,12.415041587774242,12.27569645176693,12.32546329498291,20186200,0.0,0.0,0.0,XLU
2013-07-03 00:00:00-04:00,12.265742619785371,12.338732380942782,12.235882769340835,12.279012680053711,11410600,0.0,0.0,0.0,XLU
2013-07-05 00:00:00-04:00,12.318829529240114,12.318829529240114,12.113127726840666,12.242521286010742,27263200,0.0,0.0,0.0,XLU
2013-07-08 00:00:00-04:00,12.279018073024456,12.451541588518543,12.255793875325622,12.418364524841309,20796200,0.0,0.0,0.0,XLU
2013-07-09 00:00:00-04:00,12.461488110626737,12.534477859270895,12.434945463393895,12.507936477661133,14982600,0.0,0.0,0.0,XLU
2013-07-10 00:00:00-04:00,12.484719900919771,12.607476555107986,12.451541571663597,12.577616691589355,17668200,0.0,0.0,0.0,XLU
2013-07-11 00:00:00-04:00,12.690420144780237,12.786635398647242,12.67383161340202,12.779999732971191,21706400,0.0,0.0,0.0,XLU
2013-07-12 00:00:00-04:00,12.753456433162015,12.836400351533415,12.693736710684705,12.819811820983887,15647400,0.0,0.0,0.0,XLU
2013-07-15 00:00:00-04:00,12.816492428702416,13.045417148622498,12.786632572571662,13.028828620910645,24713800,0.0,0.0,0.0,XLU
2013-07-16 00:00:00-04:00,13.025509188622102,13.042098980725411,12.89279971115973,12.959155082702637,20737000,0.0,0.0,0.0,XLU
2013-07-17 00:00:00-04:00,13.002284996240316,13.035463314817916,12.899435372708366,12.952519416809082,17620400,0.0,0.0,0.0,XLU
2013-07-18 00:00:00-04:00,12.972425798557687,13.0885480210183,12.965791400130001,13.065323829650879,15259200,0.0,0.0,0.0,XLU
2013-07-19 00:00:00-04:00,13.055368428440007,13.108452470052692,13.02219137704085,13.068639755249023,14032400,0.0,0.0,0.0,XLU
2013-07-22 00:00:00-04:00,13.045418420012464,13.105138138094178,13.04210122039622,13.055371284484863,10515200,0.0,0.0,0.0,XLU
2013-07-23 00:00:00-04:00,13.055369387145051,13.131678889088901,13.025509532443733,13.088547706604004,9999600,0.0,0.0,0.0,XLU
2013-07-24 00:00:00-04:00,13.085232103451219,13.085232103451219,12.839718813881147,12.889484405517578,17695200,0.0,0.0,0.0,XLU
2013-07-25 00:00:00-04:00,12.88948030891675,13.012238180310003,12.882845911306141,13.008919715881348,20812800,0.0,0.0,0.0,XLU
2013-07-26 00:00:00-04:00,12.969110172602198,13.05868974972477,12.896119124808179,13.055371284484863,14019400,0.0,0.0,0.0,XLU
2013-07-29 00:00:00-04:00,13.00892352916772,13.131681436544815,13.002287863988656,13.078596115112305,13016800,0.0,0.0,0.0,XLU
2013-07-30 00:00:00-04:00,13.098496131086076,13.207982649764903,13.081907609789509,13.121720314025879,17715800,0.0,0.0,0.0,XLU
2013-07-31 00:00:00-04:00,13.068639104109538,13.09849895513038,12.96247102617395,13.025507926940918,32163200,0.0,0.0,0.0,XLU
2013-08-01 00:00:00-04:00,13.055363075879725,13.151578257362818,13.025503235613346,13.134989738464355,19349600,0.0,0.0,0.0,XLU
2013-08-02 00:00:00-04:00,13.141631439708119,13.15821996623151,13.045416213999633,13.118407249450684,15608400,0.0,0.0,0.0,XLU
2013-08-05 00:00:00-04:00,13.071957571286424,13.0951817592384,13.032143592834473,13.032143592834473,11088600,0.0,0.0,0.0,XLU
2013-08-06 00:00:00-04:00,13.042099942202167,13.042099942202167,12.939249045447216,12.965791702270508,21129800,0.0,0.0,0.0,XLU
2013-08-07 00:00:00-04:00,12.892798462333095,13.048733380511191,12.872891473111427,13.025507926940918,15427800,0.0,0.0,0.0,XLU
2013-08-08 00:00:00-04:00,13.035464607872308,13.118408514108772,12.995650621629835,13.075277328491211,15371000,0.0,0.0,0.0,XLU
2013-08-09 00:00:00-04:00,13.055369364912472,13.095183348195414,12.97906112872205,12.985696792602539,12649400,0.0,0.0,0.0,XLU
2013-08-12 00:00:00-04:00,12.925974207840824,12.959152519862558,12.87289017422924,12.916021347045898,11240000,0.0,0.0,0.0,XLU
2013-08-13 00:00:00-04:00,12.906070374614714,12.925976099117086,12.829760878611024,12.84635066986084,19680400,0.0,0.0,0.0,XLU
2013-08-14 00:00:00-04:00,12.819809909472053,12.843034101903276,12.697053282960793,12.763408660888672,17312200,0.0,0.0,0.0,XLU
2013-08-15 00:00:00-04:00,12.650603598584794,12.716958969696423,12.57761256379966,12.600836753845215,20204800,0.0,0.0,0.0,XLU
2013-08-16 00:00:00-04:00,12.584246268972969,12.587563467481745,12.388498650750975,12.454854011535645,33884200,0.0,0.0,0.0,XLU
2013-08-19 00:00:00-04:00,12.461491879217764,12.507940260299028,12.328781134165467,12.348688125610352,24428200,0.0,0.0,0.0,XLU
2013-08-20 00:00:00-04:00,12.375231745859905,12.564343768991277,12.348690351439485,12.464811325073242,27167000,0.0,0.0,0.0,XLU
2013-08-21 00:00:00-04:00,12.441583916459566,12.444901115296341,12.269060467609856,12.322144508361816,24639400,0.0,0.0,0.0,XLU
2013-08-22 00:00:00-04:00,12.355326646606349,12.434952099552417,12.308876989160094,12.391820907592773,16337000,0.0,0.0,0.0,XLU
2013-08-23 00:00:00-04:00,12.424995440437351,12.527845057890117,12.365275736151,12.494668006896973,15159200,0.0,0.0,0.0,XLU
2013-08-26 00:00:00-04:00,12.47808169608536,12.514577218029283,12.38850212375671,12.401773452758789,13152400,0.0,0.0,0.0,XLU
2013-08-27 00:00:00-04:00,12.322144846868728,12.464808447613173,12.30555632098241,12.395135879516602,18233800,0.0,0.0,0.0,XLU
2013-08-28 00:00:00-04:00,12.395137476140132,12.481398581234354,12.33873496211334,12.438268661499023,16509800,0.0,0.0,0.0,XLU
2013-08-29 00:00:00-04:00,12.42499796041698,12.441586489277958,12.342054050488459,12.365278244018555,12186000,0.0,0.0,0.0,XLU
2013-08-30 00:00:00-04:00,12.378549254245392,12.444903367978739,12.328782403321789,12.37523078918457,15734200,0.0,0.0,0.0,XLU
2013-09-03 00:00:00-04:00,12.424994395800129,12.48471409506552,12.215975448371262,12.232563972473145,23938400,0.0,0.0,0.0,XLU
2013-09-04 00:00:00-04:00,12.23588243666748,12.269059484871246,12.126395899473176,12.232563972473145,14636800,0.0,0.0,0.0,XLU
2013-09-05 00:00:00-04:00,12.212660147240673,12.262425727278236,12.15294043869683,12.18280029296875,17545600,0.0,0.0,0.0,XLU
2013-09-06 00:00:00-04:00,12.262425424929257,12.348687786531636,12.242519699654421,12.269061088562012,21866800,0.0,0.0,0.0,XLU
2013-09-09 00:00:00-04:00,12.285648357706437,12.32877953409424,12.225928656745877,12.312191009521484,13015600,0.0,0.0,0.0,XLU
2013-09-10 00:00:00-04:00,12.35200280584144,12.408405303955078,12.305554434232095,12.408405303955078,16688800,0.0,0.0,0.0,XLU
2013-09-11 00:00:00-04:00,12.405086784808256,12.415039645645132,12.225927696005296,12.28564739227295,49506000,0.0,0.0,0.0,XLU
2013-09-12 00:00:00-04:00,12.352004341886055,12.395135520439723,12.239200597254172,12.252471923828125,37638200,0.0,0.0,0.0,XLU
2013-09-13 00:00:00-04:00,12.285649631835245,12.375229192566264,12.285649631835245,12.345369338989258,20765000,0.0,0.0,0.0,XLU
2013-09-16 00:00:00-04:00,12.488031992480673,12.56434022011824,12.355322526615772,12.378546714782715,50430600,0.0,0.0,0.0,XLU
2013-09-17 00:00:00-04:00,12.378547365170661,12.46480845923397,12.378547365170661,12.451537132263184,19447000,0.0,0.0,0.0,XLU
2013-09-18 00:00:00-04:00,12.428313963336008,12.876211793200383,12.405089772041949,12.823127746582031,59007600,0.0,0.0,0.0,XLU
2013-09-19 00:00:00-04:00,12.856305430613565,12.906072280465366,12.716960276026226,12.763408660888672,40038600,0.0,0.0,0.0,XLU
2013-09-20 00:00:00-04:00,12.771780371753197,12.785177543874857,12.564108232036132,12.570807456970215,37680400,0.1825,0.0,0.0,XLU
2013-09-23 00:00:00-04:00,12.574160351089702,12.77178305606782,12.510518339713178,12.721539497375488,30776200,0.0,0.0,0.0,XLU
2013-09-24 00:00:00-04:00,12.728236478274614,12.755033378915641,12.671294981032256,12.714838027954102,23943400,0.0,0.0,0.0,XLU
2013-09-25 00:00:00-04:00,12.728230448993905,12.761725281182354,12.621045452695737,12.627744674682617,27723800,0.0,0.0,0.0,XLU
2013-09-26 00:00:00-04:00,12.647845786452661,12.688041133385576,12.564107396962056,12.611001968383789,17135400,0.0,0.0,0.0,XLU
2013-09-27 00:00:00-04:00,12.590903731838964,12.63444805019573,12.487067673525557,12.530611991882324,15275600,0.0,0.0,0.0,XLU
2013-09-30 00:00:00-04:00,12.483722781957239,12.554062742322744,12.453576902122482,12.517217636108398,19191600,0.0,0.0,0.0,XLU
2013-10-01 00:00:00-04:00,12.557411187555253,12.597605262302654,12.51051660964559,12.554060935974121,15713600,0.0,0.0,0.0,XLU
2013-10-02 00:00:00-04:00,12.513863733239708,12.59760211338425,12.46697044479817,12.567456245422363,19228200,0.0,0.0,0.0,XLU
2013-10-03 00:00:00-04:00,12.547362597263513,12.547362597263513,12.373186557387198,12.42008113861084,18608000,0.0,0.0,0.0,XLU
2013-10-04 00:00:00-04:00,12.433476791527845,12.490419565745388,12.403330917588331,12.443526268005371,8914000,0.0,0.0,0.0,XLU
2013-10-07 00:00:00-04:00,12.393285085720795,12.490421951159995,12.363139206024035,12.3832368850708,10272200,0.0,0.0,0.0,XLU
2013-10-08 00:00:00-04:00,12.40668093493356,12.567458500328916,12.389933511449014,12.470321655273438,24513200,0.0,0.0,0.0,XLU
2013-10-09 00:00:00-04:00,12.490418208620602,12.694740078927456,12.463621311254146,12.520564079284668,28637600,0.0,0.0,0.0,XLU
2013-10-10 00:00:00-04:00,12.590908057681125,12.728239006376898,12.46027633547622,12.708141326904297,23396800,0.0,0.0,0.0,XLU
2013-10-11 00:00:00-04:00,12.691394379921107,12.79188022559391,12.657899523945789,12.768433570861816,13817200,0.0,0.0,0.0,XLU
2013-10-14 00:00:00-04:00,12.728238339388112,12.728238339388112,12.520567440040866,12.698092460632324,52681600,0.0,0.0,0.0,XLU
2013-10-15 00:00:00-04:00,12.698089052225066,12.698089052225066,12.497117432962217,12.520564079284668,23992200,0.0,0.0,0.0,XLU
2013-10-16 00:00:00-04:00,12.574158209736739,12.6411491840025,12.520565685873443,12.63444995880127,25750200,0.0,0.0,0.0,XLU
2013-10-17 00:00:00-04:00,12.597605760232767,12.86556839871786,12.533963755141738,12.838772773742676,32164400,0.0,0.0,0.0,XLU
2013-10-18 00:00:00-04:00,12.882312105132844,12.919157196865466,12.825370619906996,12.87226390838623,21954200,0.0,0.0,0.0,XLU
2013-10-21 00:00:00-04:00,12.87226828624074,12.89236596431546,12.788529877549477,12.845471382141113,14803800,0.0,0.0,0.0,XLU
2013-10-22 00:00:00-04:00,12.905763595229201,13.059843243760024,12.852171062880538,13.009599685668945,39260400,0.0,0.0,0.0,XLU
2013-10-23 00:00:00-04:00,12.986152745444441,13.163677765346009,12.986152745444441,13.019647598266602,28342600,0.0,0.0,0.0,XLU
2013-10-24 00:00:00-04:00,13.066540185031542,13.066540185031542,12.925860277615747,12.992851257324219,15733200,0.0,0.0,0.0,XLU
2013-10-25 00:00:00-04:00,12.982805626358985,13.140234283654623,12.929213082263221,13.130186080932617,13100200,0.0,0.0,0.0,XLU
2013-10-28 00:00:00-04:00,13.123487424055508,13.180428945619804,13.056496421585027,13.103389739990234,19642400,0.0,0.0,0.0,XLU
2013-10-29 00:00:00-04:00,13.100034142780988,13.153626662116915,13.069888270795376,13.12013053894043,15844000,0.0,0.0,0.0,XLU
2013-10-30 00:00:00-04:00,13.143578528861006,13.213918471258866,13.022995040323844,13.036392211914062,24635600,0.0,0.0,0.0,XLU
2013-10-31 00:00:00-04:00,12.989506721496582,13.07659541676421,12.83877854800924,12.989506721496582,33806000,0.0,0.0,0.0,XLU
2013-11-01 00:00:00-04:00,13.002897818008575,13.123481310734523,12.996198593107522,13.083287239074707,24713800,0.0,0.0,0.0,XLU
2013-11-04 00:00:00-05:00,13.126830049422479,13.136879525467483,12.996198360555704,13.110082626342773,12430800,0.0,0.0,0.0,XLU
2013-11-05 00:00:00-05:00,13.093335557164883,13.197171627460024,13.01629638671875,13.01629638671875,21466400,0.0,0.0,0.0,XLU
2013-11-06 00:00:00-05:00,13.029696302787329,13.200522086433844,13.029696302787329,13.193822860717773,20235400,0.0,0.0,0.0,XLU
2013-11-07 00:00:00-05:00,13.207220951338874,13.267512703389734,13.046443371785456,13.069890022277832,24793400,0.0,0.0,0.0,XLU
2013-11-08 00:00:00-05:00,12.976104933205166,13.049793867166976,12.81532605715976,13.0464448928833,39977200,0.0,0.0,0.0,XLU
2013-11-11 00:00:00-05:00,13.046442025280879,13.116781969498323,12.976102081063434,13.043091773986816,14919400,0.0,0.0,0.0,XLU
2013-11-12 00:00:00-05:00,13.009599149256564,13.043094001438384,12.868917959050172,12.932559967041016,22484400,0.0,0.0,0.0,XLU
2013-11-13 00:00:00-05:00,12.852167569386408,12.996197700500487,12.78852685381714,12.996197700500488,19193000,0.0,0.0,0.0,XLU
2013-11-14 00:00:00-05:00,13.036392431496294,13.15697592206454,13.00624783660071,13.110082626342773,37658600,0.0,0.0,0.0,XLU
2013-11-15 00:00:00-05:00,13.079937299492261,13.187122344970701,13.063189875713729,13.187122344970703,15583400,0.0,0.0,0.0,XLU
2013-11-18 00:00:00-05:00,13.210566073008385,13.220615547250832,13.120128471303856,13.170372009277344,24412600,0.0,0.0,0.0,XLU
2013-11-19 00:00:00-05:00,13.113431810871408,13.160325102778557,13.046440846255605,13.073236465454102,20159200,0.0,0.0,0.0,XLU
2013-11-20 00:00:00-05:00,13.05983884596811,13.133527754541673,12.915808724204505,12.929205894470215,30488000,0.0,0.0,0.0,XLU
2013-11-21 00:00:00-05:00,12.939260858860045,13.03304747924083,12.895716523220306,12.959357261657715,15936200,0.0,0.0,0.0,XLU
2013-11-22 00:00:00-05:00,12.942603449795886,12.98949673685734,12.889010939190477,12.949302673339844,13729800,0.0,0.0,0.0,XLU
2013-11-25 00:00:00-05:00,12.959356779343041,12.989502660164465,12.89571604327418,12.899065017700195,13934800,0.0,0.0,0.0,XLU
2013-11-26 00:00:00-05:00,12.885660430522378,12.90575682101283,12.765076976595306,12.77177619934082,23437800,0.0,0.0,0.0,XLU
2013-11-27 00:00:00-05:00,12.785178702269778,12.801927404995748,12.691392100188136,12.74498462677002,16938600,0.0,0.0,0.0,XLU
2013-11-29 00:00:00-05:00,12.734937997735699,12.81867641070523,12.704792117956798,12.738286972045898,5887000,0.0,0.0,0.0,XLU
2013-12-02 00:00:00-05:00,12.755035527318528,12.778482180455406,12.617703305021445,12.684694290161133,14358800,0.0,0.0,0.0,XLU
2013-12-03 00:00:00-05:00,12.667946403518696,12.768432238707627,12.621053098946977,12.748335838317871,19736400,0.0,0.0,0.0,XLU
2013-12-04 00:00:00-05:00,12.681345332268762,12.811977050699154,12.647849200782273,12.805277824401855,14787800,0.0,0.0,0.0,XLU
2013-12-05 00:00:00-05:00,12.744985140054508,12.768431791519196,12.684693385503403,12.701440811157227,19452600,0.0,0.0,0.0,XLU
2013-12-06 00:00:00-05:00,12.7449862605274,12.902414886556334,12.72823883340123,12.875617980957031,14830600,0.0,0.0,0.0,XLU
2013-12-09 00:00:00-05:00,12.895712241734207,12.895712241734207,12.744982882060752,12.798575401306152,14483800,0.0,0.0,0.0,XLU
2013-12-10 00:00:00-05:00,12.801927827687294,12.805276801695092,12.65119844240317,12.671296119689941,19196000,0.0,0.0,0.0,XLU
2013-12-11 00:00:00-05:00,12.654543598564324,12.671292296790256,12.550708824942712,12.567456245422363,17436000,0.0,0.0,0.0,XLU
2013-12-12 00:00:00-05:00,12.577507355822688,12.667944980658813,12.560759931463386,12.584206581115723,15514800,0.0,0.0,0.0,XLU
2013-12-13 00:00:00-05:00,12.600955861586078,12.785180112167648,12.533964876534572,12.56411075592041,12392400,0.0,0.0,0.0,XLU
2013-12-16 00:00:00-05:00,12.594256502997775,12.718190271252448,12.594256502997775,12.631101608276367,19348400,0.0,0.0,0.0,XLU
2013-12-17 00:00:00-05:00,12.59760351265562,12.654545004160438,12.550710219005438,12.607651710510254,11379200,0.0,0.0,0.0,XLU
2013-12-18 00:00:00-05:00,12.614353636744273,12.788529677426084,12.477022699749515,12.775131225585938,38494400,0.0,0.0,0.0,XLU
2013-12-19 00:00:00-05:00,12.74833980420765,12.74833980420765,12.567464477950914,12.68134880065918,32146400,0.0,0.0,0.0,XLU
2013-12-20 00:00:00-05:00,12.695223400277586,12.861108220934838,12.695223400277586,12.806941986083984,30735800,0.2005,0.0,0.0,XLU
2013-12-23 00:00:00-05:00,12.878032200527324,12.878032200527324,12.752771759673285,12.756157875061035,33831200,0.0,0.0,0.0,XLU
2013-12-24 00:00:00-05:00,12.746004810448659,12.840795398581427,12.695223400277586,12.806941986083984,9874400,0.0,0.0,0.0,XLU
2013-12-26 00:00:00-05:00,12.820483548603471,12.830640606262996,12.725692953281266,12.749390602111816,20616400,0.0,0.0,0.0,XLU
2013-12-27 00:00:00-05:00,12.739237520038149,12.830643309683074,12.739237520038149,12.800174713134766,25595200,0.0,0.0,0.0,XLU
2013-12-30 00:00:00-05:00,12.773087487292552,12.857722311320272,12.773087487292552,12.830639839172363,11328800,0.0,0.0,0.0,XLU
2013-12-31 00:00:00-05:00,12.820482987253008,12.874649223840434,12.806942396674863,12.854337692260742,14043600,0.0,0.0,0.0,XLU
2014-01-02 00:00:00-05:00,12.837410156600246,12.861109096672049,12.641058026180248,12.657984733581543,40830400,0.0,0.0,0.0,XLU
2014-01-03 00:00:00-05:00,12.67829825184844,12.691840135081312,12.563194827219167,12.617361068725586,27533600,0.0,0.0,0.0,XLU
2014-01-06 00:00:00-05:00,12.620748236118365,12.674914487677553,12.5801238703053,12.637676239013672,22472200,0.0,0.0,0.0,XLU
2014-01-07 00:00:00-05:00,12.688453421854684,12.759546368346339,12.647829065491596,12.749390602111816,17296400,0.0,0.0,0.0,XLU
2014-01-08 00:00:00-05:00,12.722309191527348,12.739235900474421,12.64783012245009,12.681683540344238,28752800,0.0,0.0,0.0,XLU
2014-01-09 00:00:00-05:00,12.725689293694462,12.762928814411898,12.661367306998201,12.756157875061035,18738600,0.0,0.0,0.0,XLU
2014-01-10 00:00:00-05:00,12.837407757518418,13.030376318390777,12.817096229002725,12.938970565795898,53048200,0.0,0.0,0.0,XLU
2014-01-13 00:00:00-05:00,12.928815045929728,12.942356927498668,12.793400104515044,12.806941986083984,24834000,0.0,0.0,0.0,XLU
2014-01-14 00:00:00-05:00,12.827255484073357,12.878036902031765,12.783245007937744,12.823870658874512,15348200,0.0,0.0,0.0,XLU
2014-01-15 00:00:00-05:00,12.813715307158798,12.861111906231383,12.786632827685455,12.800174713134766,11903800,0.0,0.0,0.0,XLU
2014-01-16 00:00:00-05:00,12.783242627894193,12.891576385463722,12.783242627894193,12.888190269470215,16715000,0.0,0.0,0.0,XLU
2014-01-17 00:00:00-05:00,12.891576620006626,12.91527426669286,12.854337091949718,12.884805679321289,8632600,0.0,0.0,0.0,XLU
2014-01-21 00:00:00-05:00,12.932203148830272,13.03376469335058,12.91866126518087,13.026993751525879,11455400,0.0,0.0,0.0,XLU
2014-01-22 00:00:00-05:00,13.033762125305278,13.081157417314776,13.003293538809908,13.040533065795898,14949400,0.0,0.0,0.0,XLU
2014-01-23 00:00:00-05:00,13.016840645878577,13.033767358188554,12.92881967558611,13.00329875946045,18847800,0.0,0.0,0.0,XLU
2014-01-24 00:00:00-05:00,12.97959663536354,13.054075693596443,12.857722282409668,12.857722282409668,30035200,0.0,0.0,0.0,XLU
2014-01-27 00:00:00-05:00,12.881419328908065,12.942356502542546,12.840794976960032,12.888190269470215,16843600,0.0,0.0,0.0,XLU
2014-01-28 00:00:00-05:00,12.92204409408962,12.94235691642565,12.8712639753869,12.935585975646973,15803200,0.0,0.0,0.0,XLU
2014-01-29 00:00:00-05:00,12.88141959451305,12.989752062891446,12.874648653811288,12.928814888000488,22085200,0.0,0.0,0.0,XLU
2014-01-30 00:00:00-05:00,12.949133622022705,13.145487117744143,12.949133622022705,13.128559112548828,16803800,0.0,0.0,0.0,XLU
2014-01-31 00:00:00-05:00,13.05068872875189,13.263968832551448,12.996522496675398,13.236885070800781,28027200,0.0,0.0,0.0,XLU
2014-02-03 00:00:00-05:00,13.263968083164828,13.409540065788047,13.115011276226433,13.131937980651855,41110800,0.0,0.0,0.0,XLU
2014-02-04 00:00:00-05:00,13.196262084384825,13.196262084384825,12.99652384080325,13.054076194763184,21823800,0.0,0.0,0.0,XLU
2014-02-05 00:00:00-05:00,13.026994358383304,13.047307184803673,12.952515286267117,12.996525764465332,15622400,0.0,0.0,0.0,XLU
2014-02-06 00:00:00-05:00,13.016834650302876,13.098083348537624,12.972824185427935,13.091312408447266,21078200,0.0,0.0,0.0,XLU
2014-02-07 00:00:00-05:00,13.131938336026515,13.172562686031853,13.08115692995124,13.162406921386719,20122000,0.0,0.0,0.0,XLU
2014-02-10 00:00:00-05:00,13.115011278985767,13.267352910271391,13.077771754387141,13.260581970214844,14652800,0.0,0.0,0.0,XLU
2014-02-11 00:00:00-05:00,13.263970821026989,13.429854366631405,13.24027317165493,13.385845184326172,20196400,0.0,0.0,0.0,XLU
2014-02-12 00:00:00-05:00,13.382459125322677,13.426469599241832,13.321521943411556,13.402771949768066,11637800,0.0,0.0,0.0,XLU
2014-02-13 00:00:00-05:00,13.348604469598133,13.56188458647885,13.341833528745182,13.54834270477295,16418200,0.0,0.0,0.0,XLU
2014-02-14 00:00:00-05:00,13.51787478723772,13.646520086975732,13.490791022482355,13.63636302947998,14478800,0.0,0.0,0.0,XLU
2014-02-18 00:00:00-05:00,13.670214333376562,13.727765382021754,13.643130575361416,13.683754920959473,19472400,0.0,0.0,0.0,XLU
2014-02-19 00:00:00-05:00,13.673600290621021,13.754850279975422,13.57542359681668,13.605892181396484,20743400,0.0,0.0,0.0,XLU
2014-02-20 00:00:00-05:00,13.602509656069474,13.7582374296085,13.59573871486017,13.71084213256836,19243400,0.0,0.0,0.0,XLU
2014-02-21 00:00:00-05:00,13.720997003568343,13.853027119974197,13.714226062800748,13.727767944335938,18419400,0.0,0.0,0.0,XLU
2014-02-24 00:00:00-05:00,13.744694531632444,13.859797940835962,13.68714347274313,13.693914413452148,14203400,0.0,0.0,0.0,XLU
2014-02-25 00:00:00-05:00,13.720998738776466,13.802248746837884,13.653291905387862,13.676989555358887,13142200,0.0,0.0,0.0,XLU
2014-02-26 00:00:00-05:00,13.744692857840032,13.754849913379106,13.619433698539163,13.632975578308105,19662000,0.0,0.0,0.0,XLU
2014-02-27 00:00:00-05:00,13.616053863748188,13.693917763814786,13.555116673882988,13.599125862121582,13822800,0.0,0.0,0.0,XLU
2014-02-28 00:00:00-05:00,13.6228214731448,13.720996884863327,13.616050532435782,13.693914413452148,17664000,0.0,0.0,0.0,XLU
2014-03-03 00:00:00-05:00,13.639751259020644,13.680375621022721,13.538189708302863,13.558501243591309,28474400,0.0,0.0,0.0,XLU
2014-03-04 00:00:00-05:00,13.646521478987044,13.707458664477517,13.626208653348513,13.65667724609375,19471600,0.0,0.0,0.0,XLU
2014-03-05 00:00:00-05:00,13.636360494998089,13.670215194649991,13.55172568300545,13.565267562866211,18069200,0.0,0.0,0.0,XLU
2014-03-06 00:00:00-05:00,13.592350455302208,13.619432921870938,13.456934248184574,13.49755859375,27529000,0.0,0.0,0.0,XLU
2014-03-07 00:00:00-05:00,13.446780314772088,13.538186073303223,13.379072201998117,13.538186073303223,27624800,0.0,0.0,0.0,XLU
2014-03-10 00:00:00-04:00,13.49755969502001,13.558496864052362,13.45355052182702,13.5043306350708,21968800,0.0,0.0,0.0,XLU
2014-03-11 00:00:00-04:00,13.521257791154719,13.54157061198563,13.40615438929585,13.46709156036377,15842000,0.0,0.0,0.0,XLU
2014-03-12 00:00:00-04:00,13.446781841892363,13.639749145786892,13.446781841892363,13.63636302947998,15596000,0.0,0.0,0.0,XLU
2014-03-13 00:00:00-04:00,13.646525691215174,13.809024472206032,13.626212859306749,13.778555870056152,42867400,0.0,0.0,0.0,XLU
2014-03-14 00:00:00-04:00,13.734539194085741,13.8868821362216,13.724383428418328,13.84287166595459,25632400,0.0,0.0,0.0,XLU
2014-03-17 00:00:00-04:00,13.873344155193882,13.947823234829583,13.798865075558181,13.934281349182129,19267800,0.0,0.0,0.0,XLU
2014-03-18 00:00:00-04:00,13.941050901161224,13.971519495115615,13.880113713252445,13.91396713256836,15949000,0.0,0.0,0.0,XLU
2014-03-19 00:00:00-04:00,13.917350291150166,13.941047937919283,13.636362063137943,13.693914413452148,51130200,0.0,0.0,0.0,XLU
2014-03-20 00:00:00-04:00,13.65667333884008,13.72438144683838,13.55849664681378,13.724381446838379,25207400,0.0,0.0,0.0,XLU
2014-03-21 00:00:00-04:00,13.797775423773805,13.965042455516313,13.777294649974877,13.828497886657715,27598000,0.1675,0.0,0.0,XLU
2014-03-24 00:00:00-04:00,13.838740678230252,13.92408071501926,13.773881416871808,13.866048812866211,19989000,0.0,0.0,0.0,XLU
2014-03-25 00:00:00-04:00,13.893358383067437,13.944561624321032,13.790950598374609,13.924080848693848,20895200,0.0,0.0,0.0,XLU
2014-03-26 00:00:00-04:00,13.944561490449825,13.975283955781293,13.862635784356325,13.866048812866211,15633000,0.0,0.0,0.0,XLU
2014-03-27 00:00:00-04:00,13.859220948334736,13.988938164136338,13.821672427352564,13.978697776794434,26842600,0.0,0.0,0.0,XLU
2014-03-28 00:00:00-04:00,13.951388674760526,14.009420576186086,13.920666209814195,13.999178886413574,15402800,0.0,0.0,0.0,XLU
2014-03-31 00:00:00-04:00,14.077691729690843,14.207407635947476,14.023074163323445,14.152790069580078,17405800,0.0,0.0,0.0,XLU
2014-04-01 00:00:00-04:00,14.15962080531943,14.15962080531943,14.002595427334679,14.05379867553711,20275600,0.0,0.0,0.0,XLU
2014-04-02 00:00:00-04:00,14.033313751220703,14.08451698429599,13.975281857779537,14.033313751220703,23314600,0.0,0.0,0.0,XLU
2014-04-03 00:00:00-04:00,14.036727879566406,14.122067910233833,14.019660133870026,14.077692031860352,10953600,0.0,0.0,0.0,XLU
2014-04-04 00:00:00-04:00,14.135722324250047,14.309815410113158,14.104999861781792,14.152790069580078,27240200,0.0,0.0,0.0,XLU
2014-04-07 00:00:00-04:00,14.142547613700048,14.282505188426667,14.122065540989333,14.12889289855957,26768800,0.0,0.0,0.0,XLU
2014-04-08 00:00:00-04:00,14.132309280547814,14.350779545777629,14.033314534682585,14.330297470092773,23726400,0.0,0.0,0.0,XLU
2014-04-09 00:00:00-04:00,14.316638777864814,14.361015945100988,14.149373097196758,14.29957103729248,36243400,0.0,0.0,0.0,XLU
2014-04-10 00:00:00-04:00,14.309810131044676,14.412219169615877,14.197162011675378,14.244952201843262,32002400,0.0,0.0,0.0,XLU
2014-04-11 00:00:00-04:00,14.241545858675877,14.330298924614342,14.200581703148313,14.231304168701172,35646800,0.0,0.0,0.0,XLU
2014-04-14 00:00:00-04:00,14.296165796959416,14.364438098620784,14.217653105813888,14.316646575927734,19273400,0.0,0.0,0.0,XLU
2014-04-15 00:00:00-04:00,14.3166370895811,14.514626502990723,14.3166370895811,14.514626502990723,30050000,0.0,0.0,0.0,XLU
2014-04-16 00:00:00-04:00,14.511219296675975,14.620455741882324,14.483911162013603,14.620455741882324,24827600,0.0,0.0,0.0,XLU
2014-04-17 00:00:00-04:00,14.57607876916282,14.651177117211002,14.419053411569953,14.439534187316895,35978600,0.0,0.0,0.0,XLU
2014-04-21 00:00:00-04:00,14.439533070265815,14.54194084763511,14.354193038760478,14.422465324401855,22112600,0.0,0.0,0.0,XLU
2014-04-22 00:00:00-04:00,14.446357554291763,14.456597939335243,14.350777154725206,14.442944526672363,21521600,0.0,0.0,0.0,XLU
2014-04-23 00:00:00-04:00,14.44294928979943,14.606802015458346,14.425880239517403,14.449776649475098,34032200,0.0,0.0,0.0,XLU
2014-04-24 00:00:00-04:00,14.46001308899483,14.586315953038234,14.381500427444314,14.548766136169434,22518600,0.0,0.0,0.0,XLU
2014-04-25 00:00:00-04:00,14.541943327065901,14.71603775024414,14.541943327065901,14.71603775024414,32912600,0.0,0.0,0.0,XLU
2014-04-28 00:00:00-04:00,14.69554949824725,14.811611964224383,14.664827042483148,14.78771686553955,37239600,0.0,0.0,0.0,XLU
2014-04-29 00:00:00-04:00,14.77065358101865,14.835511539564942,14.681899214391505,14.726276397705078,34932800,0.0,0.0,0.0,XLU
2014-04-30 00:00:00-04:00,14.716031410163808,14.849161616305187,14.716031410163808,14.750166893005371,43656400,0.0,0.0,0.0,XLU
2014-05-01 00:00:00-04:00,14.750168166716856,14.855990256160009,14.651173434868612,14.811613082885742,37807800,0.0,0.0,0.0,XLU
2014-05-02 00:00:00-04:00,14.7092035226541,14.733098620218431,14.442943119974329,14.507801055908203,55864200,0.0,0.0,0.0,XLU
2014-05-05 00:00:00-04:00,14.494150766119347,14.647763084620275,14.487323407276467,14.63752269744873,29828400,0.0,0.0,0.0,XLU
2014-05-06 00:00:00-04:00,14.610215046914648,14.66141959339881,14.555597471684873,14.565837860107422,21089400,0.0,0.0,0.0,XLU
2014-05-07 00:00:00-04:00,14.596560411518732,14.811617684929205,14.582906994272037,14.801377296447754,27319800,0.0,0.0,0.0,XLU
2014-05-08 00:00:00-04:00,14.797958354794314,14.808200042270407,14.610210578746539,14.6409330368042,30322200,0.0,0.0,0.0,XLU
2014-05-09 00:00:00-04:00,14.623869958809681,14.671660174991738,14.419054374547807,14.425880432128906,24348200,0.0,0.0,0.0,XLU
2014-05-12 00:00:00-04:00,14.456599230136435,14.473668276313337,14.275678799892772,14.292746543884277,27231400,0.0,0.0,0.0,XLU
2014-05-13 00:00:00-04:00,14.323471846275913,14.39515716657662,14.265441244752195,14.326886177062988,17256600,0.0,0.0,0.0,XLU
2014-05-14 00:00:00-04:00,14.354196683165538,14.490741289115773,14.30981949090383,14.398573875427246,40224000,0.0,0.0,0.0,XLU
2014-05-15 00:00:00-04:00,14.401981992730976,14.473668602608035,14.326883657038259,14.340537071228027,23125000,0.0,0.0,0.0,XLU
2014-05-16 00:00:00-04:00,14.354189082209325,14.398566250972044,14.289331144929337,14.38491153717041,20182000,0.0,0.0,0.0,XLU
2014-05-19 00:00:00-04:00,14.347367946598744,14.371263055020384,14.152792748202108,14.163034439086914,26918000,0.0,0.0,0.0,XLU
2014-05-20 00:00:00-04:00,14.163034439086916,14.251787512912186,14.0742800630759,14.163034439086914,21571800,0.0,0.0,0.0,XLU
2014-05-21 00:00:00-04:00,14.203998418281014,14.210825778681711,14.12548572695177,14.1732759475708,13807800,0.0,0.0,0.0,XLU
2014-05-22 00:00:00-04:00,14.180101059807882,14.330299058252747,14.173273700489618,14.289336204528809,10420000,0.0,0.0,0.0,XLU
2014-05-23 00:00:00-04:00,14.255200386047363,14.333714372501747,14.251787357246869,14.255200386047363,17818400,0.0,0.0,0.0,XLU
2014-05-27 00:00:00-04:00,14.384912323696671,14.456597621797025,14.34736250978165,14.367844581604004,18907200,0.0,0.0,0.0,XLU
2014-05-28 00:00:00-04:00,14.367846013999726,14.466840751065785,14.350778270205499,14.45318603515625,25056000,0.0,0.0,0.0,XLU
2014-05-29 00:00:00-04:00,14.449772382884134,14.49756258431707,14.388327466131695,14.494148254394531,19632600,0.0,0.0,0.0,XLU
2014-05-30 00:00:00-04:00,14.449774572336793,14.596558226613702,14.449774572336793,14.58973217010498,16557200,0.0,0.0,0.0,XLU
2014-06-02 00:00:00-04:00,14.548764388995568,14.620450986311354,14.521456263215669,14.58631420135498,14490200,0.0,0.0,0.0,XLU
2014-06-03 00:00:00-04:00,14.559007350107317,14.668242467160033,14.5453526349294,14.6409330368042,16007200,0.0,0.0,0.0,XLU
2014-06-04 00:00:00-04:00,14.617038892051669,14.644348324193096,14.552180943993877,14.634106636047363,14061400,0.0,0.0,0.0,XLU
2014-06-05 00:00:00-04:00,14.620454793309593,14.78089316673266,14.610213104063265,14.756998062133789,16829000,0.0,0.0,0.0,XLU
2014-06-06 00:00:00-04:00,14.770653245157462,14.838925532813876,14.695553598516849,14.705795288085938,16174200,0.0,0.0,0.0,XLU
2014-06-09 00:00:00-04:00,14.678490184933024,14.729694741336246,14.582909735312038,14.606804847717285,16995200,0.0,0.0,0.0,XLU
2014-06-10 00:00:00-04:00,14.57266616821289,14.651178856328903,14.541943698760035,14.57266616821289,17844400,0.0,0.0,0.0,XLU
2014-06-11 00:00:00-04:00,14.555595234648425,14.555595234648425,14.381502147292766,14.38832950592041,20601600,0.0,0.0,0.0,XLU
2014-06-12 00:00:00-04:00,14.354190360117123,14.477080190901955,14.210819758991683,14.432703018188477,33293800,0.0,0.0,0.0,XLU
2014-06-13 00:00:00-04:00,14.419051976523699,14.548767883963237,14.35419272061842,14.524872779846191,16833000,0.0,0.0,0.0,XLU
2014-06-16 00:00:00-04:00,14.538523215732308,14.743338705616345,14.511213789249036,14.623863220214844,39471400,0.0,0.0,0.0,XLU
2014-06-17 00:00:00-04:00,14.593145538105956,14.630695360705742,14.518045892906384,14.603385925292969,22852600,0.0,0.0,0.0,XLU
2014-06-18 00:00:00-04:00,14.596555569790986,14.934502601623535,14.589729514524723,14.934502601623535,71718800,0.0,0.0,0.0,XLU
2014-06-19 00:00:00-04:00,14.937916266812174,15.07787384507913,14.927675881290432,15.057393074035645,44431200,0.0,0.0,0.0,XLU
2014-06-20 00:00:00-04:00,15.075987652631449,15.096643565708325,14.9520469208861,14.965818405151367,19201600,0.187,0.0,0.0,XLU
2014-06-23 00:00:00-04:00,15.007131535999227,15.020903020256577,14.845319879277927,14.914175987243652,18760400,0.0,0.0,0.0,XLU
2014-06-24 00:00:00-04:00,14.927948644907126,15.007132715629586,14.910734944892873,14.95893383026123,18392200,0.0,0.0,0.0,XLU
2014-06-25 00:00:00-04:00,14.927949195882038,15.034674927902211,14.917621238156517,15.014019012451172,24282200,0.0,0.0,0.0,XLU
2014-06-26 00:00:00-04:00,15.014017327123868,15.072544165427063,14.965818445386878,15.0587739944458,25894200,0.0,0.0,0.0,XLU
2014-06-27 00:00:00-04:00,15.044995070992261,15.155164264294251,14.996796213087688,15.117293357849121,15382200,0.0,0.0,0.0,XLU
2014-06-30 00:00:00-04:00,15.131075807161471,15.27223027051585,15.082876914307,15.237801551818848,25319200,0.0,0.0,0.0,XLU
2014-07-01 00:00:00-04:00,15.22058287710917,15.244682315663978,15.082871987270394,15.08631420135498,19635000,0.0,0.0,0.0,XLU
2014-07-02 00:00:00-04:00,15.045000013204097,15.051885754212453,14.742033975440513,14.793676376342773,34737600,0.0,0.0,0.0,XLU
2014-07-03 00:00:00-04:00,14.666294806738733,14.76269388507824,14.566454827250068,14.631867408752441,24402600,0.0,0.0,0.0,XLU
2014-07-07 00:00:00-04:00,14.624976103281798,14.762688269484595,14.621533890120974,14.70071792602539,24500800,0.0,0.0,0.0,XLU
2014-07-08 00:00:00-04:00,14.714494957904654,14.821220679330832,14.700723473423519,14.800564765930176,26636400,0.0,0.0,0.0,XLU
2014-07-09 00:00:00-04:00,14.800556488136976,14.831541654229333,14.690385987226131,14.759242057800293,20881000,0.0,0.0,0.0,XLU
2014-07-10 00:00:00-04:00,14.731709754760947,14.87286419790983,14.71793826925346,14.859092712402344,20881200,0.0,0.0,0.0,XLU
2014-07-11 00:00:00-04:00,14.848768848926584,14.879754043200869,14.724828071829439,14.745485305786133,18266000,0.0,0.0,0.0,XLU
2014-07-14 00:00:00-04:00,14.790234975221342,14.824663685212121,14.569896484564346,14.5767822265625,16613600,0.0,0.0,0.0,XLU
2014-07-15 00:00:00-04:00,14.573338983364485,14.690392649106299,14.573338983364485,14.652523040771484,17890800,0.0,0.0,0.0,XLU
2014-07-16 00:00:00-04:00,14.70071792602539,14.717931618470603,14.580219452267805,14.70071792602539,14987400,0.0,0.0,0.0,XLU
2014-07-17 00:00:00-04:00,14.759249451926287,14.759249451926287,14.559568191876737,14.56645393371582,16122800,0.0,0.0,0.0,XLU
2014-07-18 00:00:00-04:00,14.58366161515187,14.724815981317317,14.525133490325969,14.71448802947998,10431800,0.0,0.0,0.0,XLU
2014-07-21 00:00:00-04:00,14.69727439954402,14.745474577039383,14.618090363639602,14.70071792602539,11157000,0.0,0.0,0.0,XLU
2014-07-22 00:00:00-04:00,14.728262738070276,14.759247916462156,14.6697359085083,14.6697359085083,9367400,0.0,0.0,0.0,XLU
2014-07-23 00:00:00-04:00,14.669737389350209,14.71105052693614,14.645637949648336,14.68350887298584,14994200,0.0,0.0,0.0,XLU
2014-07-24 00:00:00-04:00,14.655965537690323,14.752363294077183,14.631866098593608,14.728263854980469,12080600,0.0,0.0,0.0,XLU
2014-07-25 00:00:00-04:00,14.728262936054422,14.76269164213089,14.590552051711102,14.611207962036133,11894800,0.0,0.0,0.0,XLU
2014-07-28 00:00:00-04:00,14.576778919588099,14.845316229989223,14.552679484722393,14.8143310546875,17213200,0.0,0.0,0.0,XLU
2014-07-29 00:00:00-04:00,14.8487668118443,14.910737191891238,14.655969927995898,14.676627159118652,16371200,0.0,0.0,0.0,XLU
2014-07-30 00:00:00-04:00,14.635313289760132,14.711055160290599,14.363333625559726,14.428746223449707,29498200,0.0,0.0,0.0,XLU
2014-07-31 00:00:00-04:00,14.339230274372191,14.43218450957987,14.191190102269562,14.201518058776855,30104400,0.0,0.0,0.0,XLU
2014-08-01 00:00:00-04:00,14.156760052422989,14.366770570343565,14.122332658441637,14.256601333618164,31075400,0.0,0.0,0.0,XLU
2014-08-04 00:00:00-04:00,14.25315631918123,14.273812226183345,13.939862367549654,14.180856704711914,60365000,0.0,0.0,0.0,XLU
2014-08-05 00:00:00-04:00,14.184303528200784,14.191189269908781,13.94675003589819,14.008720397949219,29531800,0.0,0.0,0.0,XLU
2014-08-06 00:00:00-04:00,13.953634507067209,13.967405989229249,13.795266402166211,13.829693794250488,99782400,0.0,0.0,0.0,XLU
2014-08-07 00:00:00-04:00,13.891665693411023,14.04314938737499,13.891665693411023,13.988064765930176,25176400,0.0,0.0,0.0,XLU
2014-08-08 00:00:00-04:00,14.043147056222015,14.273813459818905,14.039703529210293,14.266927719116211,40020200,0.0,0.0,0.0,XLU
2014-08-11 00:00:00-04:00,14.291026773951897,14.328897690146796,14.1946290333254,14.215286254882812,17141200,0.0,0.0,0.0,XLU
2014-08-12 00:00:00-04:00,14.211845611300902,14.273815975225142,14.177418215041204,14.204959869384766,13760200,0.0,0.0,0.0,XLU
2014-08-13 00:00:00-04:00,14.222177317095893,14.301361392714222,14.177420643634678,14.270376205444336,13586600,0.0,0.0,0.0,XLU
2014-08-14 00:00:00-04:00,14.249713977266566,14.404639859267006,14.249713977266566,14.394311904907227,12037400,0.0,0.0,0.0,XLU
2014-08-15 00:00:00-04:00,14.404643279732097,14.53546975707805,14.370215881477348,14.449399948120117,19427800,0.0,0.0,0.0,XLU
2014-08-18 00:00:00-04:00,14.4631658547992,14.525136204041928,14.387425338307501,14.411524772644043,16381600,0.0,0.0,0.0,XLU
2014-08-19 00:00:00-04:00,14.428737464209908,14.597434806165547,14.421851724403497,14.59399127960205,15437400,0.0,0.0,0.0,XLU
2014-08-20 00:00:00-04:00,14.587110953857078,14.638753364912152,14.53546985612307,14.624981880187988,11174000,0.0,0.0,0.0,XLU
2014-08-21 00:00:00-04:00,14.624975105103196,14.74203004439022,14.614647153005079,14.659403800964355,17098200,0.0,0.0,0.0,XLU
2014-08-22 00:00:00-04:00,14.717933252099904,14.717933252099904,14.532022201086937,14.614649772644043,13779800,0.0,0.0,0.0,XLU
2014-08-25 00:00:00-04:00,14.645631952816741,14.752357623990356,14.635302687658978,14.71448802947998,13757200,0.0,0.0,0.0,XLU
2014-08-26 00:00:00-04:00,14.72137842663376,14.762692877382461,14.538910865783691,14.538910865783691,13068800,0.0,0.0,0.0,XLU
2014-08-27 00:00:00-04:00,14.59055704904868,14.700726319585193,14.552686116054009,14.697282791137695,10484400,0.0,0.0,0.0,XLU
2014-08-28 00:00:00-04:00,14.676620795460282,14.804003715515137,14.635306351128367,14.804003715515137,20624400,0.0,0.0,0.0,XLU
2014-08-29 00:00:00-04:00,14.793675419989398,14.907286855980699,14.77990393886296,14.90040111541748,11713000,0.0,0.0,0.0,XLU
2014-09-02 00:00:00-04:00,14.879749908315976,14.924505266136299,14.676625094146125,14.76613712310791,25563400,0.0,0.0,0.0,XLU
2014-09-03 00:00:00-04:00,14.769575627338243,14.893515014515378,14.769575627338243,14.838430404663086,16934000,0.0,0.0,0.0,XLU
2014-09-04 00:00:00-04:00,14.790237093911648,14.872864696404863,14.752366164157307,14.831551551818848,18473400,0.0,0.0,0.0,XLU
2014-09-05 00:00:00-04:00,14.883189287513447,15.024343703463051,14.841876152272826,15.017457962036133,18108400,0.0,0.0,0.0,XLU
2014-09-08 00:00:00-04:00,15.031229586432818,15.031229586432818,14.859089989101559,14.927946090698242,13576800,0.0,0.0,0.0,XLU
2014-09-09 00:00:00-04:00,14.886629539903849,14.890071753199594,14.731703675183317,14.755803108215332,26829000,0.0,0.0,0.0,XLU
2014-09-10 00:00:00-04:00,14.724820245489411,14.7730191191155,14.642192666901256,14.690391540527344,21080800,0.0,0.0,0.0,XLU
2014-09-11 00:00:00-04:00,14.704161834352645,14.838430489553208,14.666290918614907,14.8143310546875,18721000,0.0,0.0,0.0,XLU
2014-09-12 00:00:00-04:00,14.73170803702562,14.752363949557202,14.514811762197073,14.549239158630371,34885000,0.0,0.0,0.0,XLU
2014-09-15 00:00:00-04:00,14.61120497245779,14.67661884395841,14.549234627520663,14.59399127960205,21656400,0.0,0.0,0.0,XLU
2014-09-16 00:00:00-04:00,14.597441541472117,14.817780063659876,14.580226527352734,14.779909133911133,24455600,0.0,0.0,0.0,XLU
2014-09-17 00:00:00-04:00,14.810892309381636,14.855648976036013,14.67662362273951,14.752364158630371,31086800,0.0,0.0,0.0,XLU
2014-09-18 00:00:00-04:00,14.7661375916794,14.80400852128384,14.593997957710982,14.64564037322998,24995200,0.0,0.0,0.0,XLU
2014-09-19 00:00:00-04:00,14.708163631866622,14.791535949913166,14.66647813542237,14.777640342712402,19314800,0.19,0.0,0.0,XLU
2014-09-22 00:00:00-04:00,14.73943002405359,14.756798872759918,14.635215606657416,14.66648006439209,24621400,0.0,0.0,0.0,XLU
2014-09-23 00:00:00-04:00,14.666477010054027,14.68384585514324,14.583104698404695,14.62479019165039,19615800,0.0,0.0,0.0,XLU
2014-09-24 00:00:00-04:00,14.628270176372705,14.64911226813977,14.524055742062092,14.572689056396484,16693600,0.0,0.0,0.0,XLU
2014-09-25 00:00:00-04:00,14.57963128897595,14.624790020648291,14.482363372329388,14.485837936401367,19290400,0.0,0.0,0.0,XLU
2014-09-26 00:00:00-04:00,14.471946603255173,14.565739983522146,14.38162778808604,14.506684303283691,13619400,0.0,0.0,0.0,XLU
2014-09-29 00:00:00-04:00,14.47541938225418,14.610899588431256,14.430260638686761,14.60047721862793,11150000,0.0,0.0,0.0,XLU
2014-09-30 00:00:00-04:00,14.617844624293339,14.77764012932053,14.572684564121996,14.621317863464355,23220800,0.0,0.0,0.0,XLU
2014-10-01 00:00:00-04:00,14.683847521660136,14.843643034869295,14.631739655320672,14.704690933227539,35271400,0.0,0.0,0.0,XLU
2014-10-02 00:00:00-04:00,14.69427037920817,14.795011559818953,14.65953268079809,14.683849334716797,26489400,0.0,0.0,0.0,XLU
2014-10-03 00:00:00-04:00,14.683846981844304,14.80195699273472,14.593526860197379,14.777640342712402,18352400,0.0,0.0,0.0,XLU
2014-10-06 00:00:00-04:00,14.795009189134337,14.861011335600907,14.711636871087792,14.777640342712402,11044200,0.0,0.0,0.0,XLU
2014-10-07 00:00:00-04:00,14.781114441964512,14.920067871741,14.722060095662279,14.756797790527344,24451600,0.0,0.0,0.0,XLU
2014-10-08 00:00:00-04:00,14.781108754611449,15.10764879139538,14.756792112530638,15.090278625488281,35153000,0.0,0.0,0.0,XLU
2014-10-09 00:00:00-04:00,15.104180842967105,15.170182996783602,14.83322309816885,14.843644142150879,31548200,0.0,0.0,0.0,XLU
2014-10-10 00:00:00-04:00,14.878389234609916,15.055553680380893,14.878389234609916,14.913126945495605,36548800,0.0,0.0,0.0,XLU
2014-10-13 00:00:00-04:00,14.944389127046009,15.104184692905973,14.892281243537594,14.899229049682617,34227000,0.0,0.0,0.0,XLU
2014-10-14 00:00:00-04:00,14.947858640950129,15.211869908007356,14.899225335218057,15.034704208374023,44017000,0.0,0.0,0.0,XLU
2014-10-15 00:00:00-04:00,14.993023731912961,15.142398263957054,14.555322508472143,14.836701393127441,45711400,0.0,0.0,0.0,XLU
2014-10-16 00:00:00-04:00,14.69079802432969,14.881858027410116,14.569213422254267,14.850593566894531,41751200,0.0,0.0,0.0,XLU
2014-10-17 00:00:00-04:00,14.916593645009122,14.965228274143112,14.722060429105749,14.937437057495117,31231400,0.0,0.0,0.0,XLU
2014-10-20 00:00:00-04:00,14.982604232524395,15.156295443531581,14.923548531699387,15.145873069763184,20948600,0.0,0.0,0.0,XLU
2014-10-21 00:00:00-04:00,15.180603451502726,15.222288947332085,15.097231134685988,15.197972297668457,20176000,0.0,0.0,0.0,XLU
2014-10-22 00:00:00-04:00,15.180605850816015,15.40987810185128,15.177131285938897,15.291768074035645,27897200,0.0,0.0,0.0,XLU
2014-10-23 00:00:00-04:00,15.33345566204639,15.416828003380187,15.263978931794629,15.319560050964355,18925000,0.0,0.0,0.0,XLU
2014-10-24 00:00:00-04:00,15.343875267783712,15.514093174667966,15.32650641814041,15.46893310546875,21233000,0.0,0.0,0.0,XLU
2014-10-27 00:00:00-04:00,15.465460933748556,15.541885467647406,15.395984205218545,15.434196472167969,16625600,0.0,0.0,0.0,XLU
2014-10-28 00:00:00-04:00,15.451567128137034,15.548833764347178,15.357773732437881,15.541887283325195,21548200,0.0,0.0,0.0,XLU
2014-10-29 00:00:00-04:00,15.5523078952303,15.607889017962039,15.295244374371945,15.451566696166992,30615400,0.0,0.0,0.0,XLU
2014-10-30 00:00:00-04:00,15.468935090152204,15.802423141818661,15.461987284371814,15.792000770568848,67734800,0.0,0.0,0.0,XLU
2014-10-31 00:00:00-04:00,15.830205062948174,15.851048469786361,15.666935022276844,15.795467376708984,32197800,0.0,0.0,0.0,XLU
2014-11-03 00:00:00-05:00,15.812841245000028,15.94832011960768,15.795472396360775,15.899686813354492,26257000,0.0,0.0,0.0,XLU
2014-11-04 00:00:00-05:00,15.906635790777276,15.98653356053596,15.739892446260242,15.816315650939941,30372400,0.0,0.0,0.0,XLU
2014-11-05 00:00:00-05:00,15.805892379822906,16.191486889465864,15.805892379822906,16.174118041992188,43090200,0.0,0.0,0.0,XLU
2014-11-06 00:00:00-05:00,16.153275713930547,16.153275713930547,15.805893440512685,15.899686813354492,74182200,0.0,0.0,0.0,XLU
2014-11-07 00:00:00-05:00,15.941367530564753,16.069898562108456,15.88578643650603,16.066425323486328,23574000,0.0,0.0,0.0,XLU
2014-11-10 00:00:00-05:00,16.04559248103463,16.163702549320284,15.990011350380128,16.146333694458008,18869800,0.0,0.0,0.0,XLU
2014-11-11 00:00:00-05:00,16.142859493437633,16.174123960393725,16.02822267287909,16.087278366088867,11126000,0.0,0.0,0.0,XLU
2014-11-12 00:00:00-05:00,16.108111254040313,16.108111254040313,15.732939190155145,15.805889129638672,36118800,0.0,0.0,0.0,XLU
2014-11-13 00:00:00-05:00,15.826738851803297,15.89274101502727,15.632204277076003,15.677364349365234,30232600,0.0,0.0,0.0,XLU
2014-11-14 00:00:00-05:00,15.639148904714387,15.687782207224794,15.576619994298692,15.611357688903809,15695600,0.0,0.0,0.0,XLU
2014-11-17 00:00:00-05:00,15.628730216582218,15.8441068709386,15.58704338658423,15.816315650939941,17124800,0.0,0.0,0.0,XLU
2014-11-18 00:00:00-05:00,15.854525279651673,15.941370839969798,15.76420647999038,15.861473083496094,13373400,0.0,0.0,0.0,XLU
2014-11-19 00:00:00-05:00,15.819792917491732,15.892742894708082,15.74336837460306,15.847582817077637,24266800,0.0,0.0,0.0,XLU
2014-11-20 00:00:00-05:00,15.798941994935761,15.889262107297455,15.746835461026695,15.812837600708008,16630200,0.0,0.0,0.0,XLU
2014-11-21 00:00:00-05:00,15.882314013696448,15.955263954928585,15.732939567273762,15.8753662109375,29753400,0.0,0.0,0.0,XLU
2014-11-24 00:00:00-05:00,15.896216870163562,15.920534855518522,15.726000248788992,15.743369102478027,23462600,0.0,0.0,0.0,XLU
2014-11-25 00:00:00-05:00,15.75031690898536,15.771160328507356,15.646102461692559,15.743369102478027,26221200,0.0,0.0,0.0,XLU
2014-11-26 00:00:00-05:00,15.736413094118559,15.861470895752964,15.736413094118559,15.812837600708008,13653000,0.0,0.0,0.0,XLU
2014-11-28 00:00:00-05:00,15.82674263685911,16.05254040198934,15.82674263685911,15.97959041595459,15589200,0.0,0.0,0.0,XLU
2014-12-01 00:00:00-05:00,15.948325783634395,16.142860402894065,15.8510591365839,16.010854721069336,38350600,0.0,0.0,0.0,XLU
2014-12-02 00:00:00-05:00,15.98306148665667,16.167175034948873,15.913586076147851,16.118541717529297,26666200,0.0,0.0,0.0,XLU
2014-12-03 00:00:00-05:00,16.12896254670329,16.13591035269224,15.979588030837132,16.073381423950195,16355000,0.0,0.0,0.0,XLU
2014-12-04 00:00:00-05:00,16.066432287225005,16.14285682161492,15.986534512707543,16.059484481811523,27733200,0.0,0.0,0.0,XLU
2014-12-05 00:00:00-05:00,15.896205478781624,16.003894414736404,15.854519994768463,15.934417724609375,34148800,0.0,0.0,0.0,XLU
2014-12-08 00:00:00-05:00,15.934423469443308,16.125483442307218,15.93095023000569,16.062955856323242,24212000,0.0,0.0,0.0,XLU
2014-12-09 00:00:00-05:00,15.969163553619316,16.181066952702206,15.969163553619316,16.142854690551758,21023200,0.0,0.0,0.0,XLU
2014-12-10 00:00:00-05:00,16.135899705861238,16.254009679424744,15.934417440599761,15.941365242004395,18828800,0.0,0.0,0.0,XLU
2014-12-11 00:00:00-05:00,15.892735081652631,16.22622166368876,15.771151846063796,16.101163864135742,19433600,0.0,0.0,0.0,XLU
2014-12-12 00:00:00-05:00,16.062957177032697,16.19148824932244,15.948320388793945,15.948320388793945,21926200,0.0,0.0,0.0,XLU
2014-12-15 00:00:00-05:00,15.986528697387367,16.045583034182556,15.729465291232437,15.812837600708008,22074200,0.0,0.0,0.0,XLU
2014-12-16 00:00:00-05:00,15.788522476836384,16.04905914699818,15.67736027024666,15.798943519592285,29683400,0.0,0.0,0.0,XLU
2014-12-17 00:00:00-05:00,15.851055708381756,16.11854025507882,15.819791246426036,16.0803279876709,37394800,0.0,0.0,0.0,XLU
2014-12-18 00:00:00-05:00,16.15326893688026,16.403384492856596,16.087266809678795,16.39643669128418,29327400,0.0,0.0,0.0,XLU
2014-12-19 00:00:00-05:00,16.458478730203744,16.532078933196473,16.335811725215866,16.423431396484375,35964000,0.2085,0.0,0.0,XLU
2014-12-22 00:00:00-05:00,16.469001600404226,16.479515537978244,16.325305326686284,16.465496063232422,22601400,0.0,0.0,0.0,XLU
2014-12-23 00:00:00-05:00,16.37085710687758,16.59516322466353,16.37085710687758,16.507543563842773,19162200,0.0,0.0,0.0,XLU
2014-12-24 00:00:00-05:00,16.472497122873804,16.8545189181384,16.472497122873804,16.812461853027344,28824800,0.0,0.0,0.0,XLU
2014-12-26 00:00:00-05:00,16.80545277024796,17.089339641955466,16.80545277024796,17.01573944091797,39708200,0.0,0.0,0.0,XLU
2014-12-29 00:00:00-05:00,17.02624671014484,17.289105593456895,17.015731445673154,17.211999893188477,49041800,0.0,0.0,0.0,XLU
2014-12-30 00:00:00-05:00,17.19799560319358,17.20150114009971,16.82999310931485,16.85452651977539,26030800,0.0,0.0,0.0,XLU
2014-12-31 00:00:00-05:00,16.896577575453364,16.92461651281624,16.5285752128714,16.549604415893555,30313000,0.0,0.0,0.0,XLU
2015-01-02 00:00:00-05:00,16.707313174848828,16.707313174848828,16.440950043782326,16.6267032623291,33829400,0.0,0.0,0.0,XLU
2015-01-05 00:00:00-05:00,16.682784874735912,16.682784874735912,16.349831193491646,16.423431396484375,47823600,0.0,0.0,0.0,XLU
2015-01-06 00:00:00-05:00,16.4304443175821,16.72484652362733,16.423434582084557,16.433948516845703,38787400,0.0,0.0,0.0,XLU
2015-01-07 00:00:00-05:00,16.535580716790335,16.66525742649217,16.402398472329928,16.59516143798828,28644600,0.0,0.0,0.0,XLU
2015-01-08 00:00:00-05:00,16.69329939301114,16.77390932651326,16.651240990076975,16.71082305908203,28055400,0.0,0.0,0.0,XLU
2015-01-09 00:00:00-05:00,16.714328002361523,16.75638640716997,16.518060794469104,16.605680465698242,17845400,0.0,0.0,0.0,XLU
2015-01-12 00:00:00-05:00,16.62319802122929,16.67927453672127,16.458472672047392,16.567121505737305,21750000,0.0,0.0,0.0,XLU
2015-01-13 00:00:00-05:00,16.65474703918521,16.872043446500772,16.528574500430995,16.612689971923828,31959000,0.0,0.0,0.0,XLU
2015-01-14 00:00:00-05:00,16.612689601064886,16.780919203324956,16.504040731347533,16.756385803222656,30926000,0.0,0.0,0.0,XLU
2015-01-15 00:00:00-05:00,16.78442688012523,16.935132847396854,16.735360069752204,16.889570236206055,29080400,0.0,0.0,0.0,XLU
2015-01-16 00:00:00-05:00,16.886061632800445,17.047281492539685,16.83699483522502,17.040271759033203,25977400,0.0,0.0,0.0,XLU
2015-01-20 00:00:00-05:00,17.089341008626086,17.141913348982932,16.917607192471344,17.082332611083984,22477600,0.0,0.0,0.0,XLU
2015-01-21 00:00:00-05:00,17.06480975900964,17.271592273810864,16.921113525806778,17.247058868408203,27644400,0.0,0.0,0.0,XLU
2015-01-22 00:00:00-05:00,17.292620923329437,17.341687732555236,17.050791076300737,17.173458099365234,35062200,0.0,0.0,0.0,XLU
2015-01-23 00:00:00-05:00,17.22953437800708,17.306640126727046,17.166448099412612,17.222524642944336,14190600,0.0,0.0,0.0,XLU
2015-01-26 00:00:00-05:00,17.208494359374775,17.226019354504448,17.05428429580736,17.211999893188477,16258200,0.0,0.0,0.0,XLU
2015-01-27 00:00:00-05:00,17.169949379563114,17.327663699986836,17.13490071293679,17.236539840698242,17492000,0.0,0.0,0.0,XLU
2015-01-28 00:00:00-05:00,17.24705588669053,17.446828631557977,17.04377894321579,17.089340209960938,27390600,0.0,0.0,0.0,XLU
2015-01-29 00:00:00-05:00,17.04728327151833,17.34869515890133,16.991206734584527,17.31715202331543,24089600,0.0,0.0,0.0,XLU
2015-01-30 00:00:00-05:00,17.2961178705897,17.2961178705897,16.914096154256573,16.93512535095215,29831800,0.0,0.0,0.0,XLU
2015-02-02 00:00:00-05:00,16.93161983802516,17.071810460862775,16.75638055675093,17.008724212646484,44798600,0.0,0.0,0.0,XLU
2015-02-03 00:00:00-05:00,16.97718609051761,17.13139755913473,16.900081693179057,17.071815490722656,32319000,0.0,0.0,0.0,XLU
2015-02-04 00:00:00-05:00,17.02275170567764,17.10336165265126,16.822978937749482,16.865036010742188,27718000,0.0,0.0,0.0,XLU
2015-02-05 00:00:00-05:00,16.914100474341577,17.054292480846208,16.815966871970375,17.019245147705078,26330600,0.0,0.0,0.0,XLU
2015-02-06 00:00:00-05:00,16.91059337343845,16.94564070056438,16.21664586798036,16.31828498840332,64368400,0.0,0.0,0.0,XLU
2015-02-09 00:00:00-05:00,16.28324051604278,16.39889913187762,16.097487227911866,16.174592971801758,39484400,0.0,0.0,0.0,XLU
2015-02-10 00:00:00-05:00,16.16057045569573,16.532076961914992,16.139541255789577,16.507543563842773,41782200,0.0,0.0,0.0,XLU
2015-02-11 00:00:00-05:00,16.44095536506334,16.44095536506334,16.111505876357025,16.15005874633789,39086200,0.0,0.0,0.0,XLU
2015-02-12 00:00:00-05:00,16.18159364311114,16.19561310566445,16.020373834656688,16.07645034790039,41164000,0.0,0.0,0.0,XLU
2015-02-13 00:00:00-05:00,16.04140269196143,16.06593608243028,15.704943619557643,15.831114768981934,65308600,0.0,0.0,0.0,XLU
2015-02-17 00:00:00-05:00,15.782057570020655,15.981830349111778,15.676914213178534,15.817106246948242,52747400,0.0,0.0,0.0,XLU
2015-02-18 00:00:00-05:00,15.806584697726548,16.21313982982906,15.778547104290059,16.19211196899414,64208000,0.0,0.0,0.0,XLU
2015-02-19 00:00:00-05:00,16.15707097274711,16.20263358779253,15.953793978722915,16.009870529174805,28572800,0.0,0.0,0.0,XLU
2015-02-20 00:00:00-05:00,16.065940937441614,16.065940937441614,15.806586155149274,16.013368606567383,27740200,0.0,0.0,0.0,XLU
2015-02-23 00:00:00-05:00,16.0414126760767,16.13253656353766,15.995850063861049,16.12202262878418,17977000,0.0,0.0,0.0,XLU
2015-02-24 00:00:00-05:00,16.143048723235122,16.32880199857927,16.0729527187941,16.241182327270508,28665000,0.0,0.0,0.0,XLU
2015-02-25 00:00:00-05:00,16.227160022446014,16.241179488277602,15.957291321552251,15.97481632232666,23783800,0.0,0.0,0.0,XLU
2015-02-26 00:00:00-05:00,16.05192569141935,16.05192569141935,15.834629251481408,15.86967658996582,28517800,0.0,0.0,0.0,XLU
2015-02-27 00:00:00-05:00,15.866173249016274,15.90823032486625,15.77855356109613,15.852153778076172,24968800,0.0,0.0,0.0,XLU
2015-03-02 00:00:00-05:00,15.841640568277032,15.841640568277032,15.438589450612426,15.54723834991455,55060000,0.0,0.0,0.0,XLU
2015-03-03 00:00:00-05:00,15.536718592071065,15.65938558001295,15.442089199814513,15.641861915588379,37113600,0.0,0.0,0.0,XLU
2015-03-04 00:00:00-05:00,15.606816954544616,15.606816954544616,15.501673606068177,15.554245948791504,24124000,0.0,0.0,0.0,XLU
2015-03-05 00:00:00-05:00,15.592792475932901,15.74700256847352,15.592792475932901,15.67690658569336,23115800,0.0,0.0,0.0,XLU
2015-03-06 00:00:00-05:00,15.42456414061456,15.463117004386069,15.147687035016238,15.207267761230469,53594000,0.0,0.0,0.0,XLU
2015-03-09 00:00:00-04:00,15.245823534057603,15.3124140061155,15.203766464177361,15.235309600830078,26060200,0.0,0.0,0.0,XLU
2015-03-10 00:00:00-04:00,15.193248294955396,15.389516811896765,15.165210699375137,15.207267761230469,27244000,0.0,0.0,0.0,XLU
2015-03-11 00:00:00-04:00,15.154699185597993,15.294889859801971,15.074087910142326,15.109136581420898,19976400,0.0,0.0,0.0,XLU
2015-03-12 00:00:00-04:00,15.21077403260224,15.459613554666042,15.189744832171653,15.396527290344238,34158000,0.0,0.0,0.0,XLU
2015-03-13 00:00:00-04:00,15.375498914296834,15.375498914296834,15.098621780450307,15.238812446594238,27968200,0.0,0.0,0.0,XLU
2015-03-16 00:00:00-04:00,15.350968685558207,15.613827742971774,15.326435280490566,15.50167465209961,25615800,0.0,0.0,0.0,XLU
2015-03-17 00:00:00-04:00,15.459616757797775,15.568264306775312,15.424568083151609,15.477140426635742,18376800,0.0,0.0,0.0,XLU
2015-03-18 00:00:00-04:00,15.473635527129233,15.992343855677294,15.428072920637055,15.894208908081055,47453000,0.0,0.0,0.0,XLU
2015-03-19 00:00:00-04:00,15.806589061777775,15.999353419116899,15.70495125341824,15.747008323669434,26323000,0.0,0.0,0.0,XLU
2015-03-20 00:00:00-04:00,15.874525809724965,15.934577010426041,15.722633260741983,15.888655662536621,27758400,0.1755,0.0,0.0,XLU
2015-03-23 00:00:00-04:00,15.878061363942132,15.97343586369517,15.84273672653519,15.89925479888916,20520400,0.0,0.0,0.0,XLU
2015-03-24 00:00:00-04:00,15.89218986561133,15.973434503483235,15.68377923889748,15.722634315490723,21258600,0.0,0.0,0.0,XLU
2015-03-25 00:00:00-04:00,15.757957286598913,15.828605200442604,15.52482011416255,15.538949966430664,28315800,0.0,0.0,0.0,XLU
2015-03-26 00:00:00-04:00,15.500091581972983,15.602529629191697,15.362328908560997,15.408248901367188,25400200,0.0,0.0,0.0,XLU
2015-03-27 00:00:00-04:00,15.4365161713011,15.591940560270531,15.390594808481604,15.500099182128906,13556800,0.0,0.0,0.0,XLU
2015-03-30 00:00:00-04:00,15.584869527091273,15.750891917833858,15.496559974142551,15.690840721130371,16955000,0.0,0.0,0.0,XLU
2015-03-31 00:00:00-04:00,15.644921900376044,15.839202661974808,15.577805772689548,15.694375038146973,20419400,0.0,0.0,0.0,XLU
2015-04-01 00:00:00-04:00,15.648452526389715,15.750891931297035,15.461236705177392,15.708503723144531,34579400,0.0,0.0,0.0,XLU
2015-04-02 00:00:00-04:00,15.683777123607308,15.807409958586343,15.666114135041585,15.736762046813965,22537200,0.0,0.0,0.0,XLU
2015-04-06 00:00:00-04:00,15.803874567608812,16.051140181214116,15.786211583068548,15.955765724182129,24990200,0.0,0.0,0.0,XLU
2015-04-07 00:00:00-04:00,15.952241855140304,15.959306782964433,15.761492846380442,15.772090911865234,13840000,0.0,0.0,0.0,XLU
2015-04-08 00:00:00-04:00,15.772087117545224,15.793280548421865,15.64492114229787,15.726165771484375,17916000,0.0,0.0,0.0,XLU
2015-04-09 00:00:00-04:00,15.719102706739719,15.726167633700818,15.563678356086617,15.659052848815918,22818200,0.0,0.0,0.0,XLU
2015-04-10 00:00:00-04:00,15.715566803606666,15.839199624323612,15.64491889998412,15.775616645812988,18541400,0.0,0.0,0.0,XLU
2015-04-13 00:00:00-04:00,15.743827272452231,15.775618765980166,15.606064582996797,15.620194435119629,16952800,0.0,0.0,0.0,XLU
2015-04-14 00:00:00-04:00,15.659049518016266,15.750890853981144,15.613128176285452,15.697904586791992,22051200,0.0,0.0,0.0,XLU
2015-04-15 00:00:00-04:00,15.740295183525845,15.874524733646842,15.715568616530037,15.736762046813965,19362200,0.0,0.0,0.0,XLU
2015-04-16 00:00:00-04:00,15.683780473190579,15.70144211803146,15.503628192321067,15.634325981140137,27135800,0.0,0.0,0.0,XLU
2015-04-17 00:00:00-04:00,15.567208803324716,15.704971498443125,15.524820592710649,15.577805519104004,17001000,0.0,0.0,0.0,XLU
2015-04-20 00:00:00-04:00,15.641387516965104,15.934575878239109,15.630790801857747,15.810941696166992,18538800,0.0,0.0,0.0,XLU
2015-04-21 00:00:00-04:00,15.81094457917027,15.931045646441545,15.613132007780228,15.669650077819824,23398200,0.0,0.0,0.0,XLU
2015-04-22 00:00:00-04:00,15.71556971032018,15.743828068497786,15.602532235118959,15.70143985748291,17496600,0.0,0.0,0.0,XLU
2015-04-23 00:00:00-04:00,15.648454259694,15.867461598153307,15.648454259694,15.789750099182129,18436400,0.0,0.0,0.0,XLU
2015-04-24 00:00:00-04:00,15.789752930535853,16.058213456706145,15.750896500334191,15.948710441589355,29082400,0.0,0.0,0.0,XLU
2015-04-27 00:00:00-04:00,15.991091730124202,16.015818293625326,15.7085014704709,15.757954597473145,21013200,0.0,0.0,0.0,XLU
2015-04-28 00:00:00-04:00,15.690843249898087,15.874527311333939,15.634325180802213,15.87099552154541,19495600,0.0,0.0,0.0,XLU
2015-04-29 00:00:00-04:00,15.754422399387298,15.85686179570427,15.673177779117651,15.803876876831055,26662000,0.0,0.0,0.0,XLU
2015-04-30 00:00:00-04:00,15.76855383991875,15.77208697669789,15.5000933870693,15.620194435119629,35176400,0.0,0.0,0.0,XLU
2015-05-01 00:00:00-04:00,15.58486954041254,15.715568649086089,15.521286554435365,15.708503723144531,25014800,0.0,0.0,0.0,XLU
2015-05-04 00:00:00-04:00,15.712034270030976,15.945171417681065,15.687307704939052,15.82507038116455,26646200,0.0,0.0,0.0,XLU
2015-05-05 00:00:00-04:00,15.800346817900527,15.800346817900527,15.429446923559546,15.471835136413574,37242400,0.0,0.0,0.0,XLU
2015-05-06 00:00:00-04:00,15.468301933050817,15.54248163563985,15.235164762416096,15.387057304382324,33952200,0.0,0.0,0.0,XLU
2015-05-07 00:00:00-04:00,15.440041768712609,15.549546098436373,15.401185350181697,15.443574905395508,25374000,0.0,0.0,0.0,XLU
2015-05-08 00:00:00-04:00,15.641388207881931,15.726165974976126,15.4894956629818,15.553078651428223,28766400,0.0,0.0,0.0,XLU
2015-05-11 00:00:00-04:00,15.549541923039447,15.68023964777805,15.432972698748136,15.447102546691895,25278600,0.0,0.0,0.0,XLU
2015-05-12 00:00:00-04:00,15.365859431288726,15.447104043593649,15.274018105747341,15.429442405700684,27070400,0.0,0.0,0.0,XLU
2015-05-13 00:00:00-04:00,15.482436245888731,15.531889395196142,15.224571085933361,15.277557373046875,27959200,0.0,0.0,0.0,XLU
2015-05-14 00:00:00-04:00,15.355263021225774,15.496557474655813,15.341133171633784,15.454169273376465,24485400,0.0,0.0,0.0,XLU
2015-05-15 00:00:00-04:00,15.496561055896057,15.687310026979969,15.4718344871441,15.655518531799316,35583400,0.0,0.0,0.0,XLU
2015-05-18 00:00:00-04:00,15.57781112600015,15.743833586282076,15.57781112600015,15.715575218200684,20487200,0.0,0.0,0.0,XLU
2015-05-19 00:00:00-04:00,15.644922387526055,15.78975001586352,15.591936111123355,15.750893592834473,25816000,0.0,0.0,0.0,XLU
2015-05-20 00:00:00-04:00,15.7508900816696,15.88865275261039,15.715566803606666,15.775616645812988,18137400,0.0,0.0,0.0,XLU
2015-05-21 00:00:00-04:00,15.8144760356191,15.832137677973542,15.694374981113178,15.7685546875,16125200,0.0,0.0,0.0,XLU
2015-05-22 00:00:00-04:00,15.712029662951034,15.7897424718797,15.644914912737585,15.743821144104004,17847800,0.0,0.0,0.0,XLU
2015-05-26 00:00:00-04:00,15.71910196481452,15.736763607635142,15.542482841614358,15.644922256469727,21127800,0.0,0.0,0.0,XLU
2015-05-27 00:00:00-04:00,15.659050589050473,15.73676207941392,15.627259096061884,15.708503723144531,15275600,0.0,0.0,0.0,XLU
2015-05-28 00:00:00-04:00,15.701432951732158,15.782677548568335,15.644914912737585,15.743821144104004,19973800,0.0,0.0,0.0,XLU
2015-05-29 00:00:00-04:00,15.712037932467313,15.78975078229759,15.65905300098971,15.71910285949707,18321000,0.0,0.0,0.0,XLU
2015-06-01 00:00:00-04:00,15.761490750662093,15.835671809203394,15.690842829311674,15.740297317504883,17678200,0.0,0.0,0.0,XLU
2015-06-02 00:00:00-04:00,15.655518947814137,15.669648801046996,15.422381759459837,15.531886100769043,24302600,0.0,0.0,0.0,XLU
2015-06-03 00:00:00-04:00,15.471837511995194,15.535420514787413,15.217506848323513,15.30228328704834,46725000,0.0,0.0,0.0,XLU
2015-06-04 00:00:00-04:00,15.319939522478254,15.387055639221503,15.252824753231726,15.281083106994629,26601800,0.0,0.0,0.0,XLU
2015-06-05 00:00:00-04:00,15.083275686615854,15.153923616148623,15.030289402591984,15.090340614318848,31837600,0.0,0.0,0.0,XLU
2015-06-08 00:00:00-04:00,15.104463650086618,15.104463650086618,14.9914275427845,15.002025604248047,15835400,0.0,0.0,0.0,XLU
2015-06-09 00:00:00-04:00,14.977303386805014,15.058548028289218,14.966705322265627,14.966705322265625,20536800,0.0,0.0,0.0,XLU
2015-06-10 00:00:00-04:00,15.100928123509465,15.153914375222076,15.037345160452874,15.040878295898438,22182000,0.0,0.0,0.0,XLU
2015-06-11 00:00:00-04:00,15.164515268377881,15.19277362225322,15.097400498864314,15.160982131958008,17953800,0.0,0.0,0.0,XLU
2015-06-12 00:00:00-04:00,15.097403251762334,15.14685639068413,15.023222195882663,15.026755332946777,17258600,0.0,0.0,0.0,XLU
2015-06-15 00:00:00-04:00,14.98436261764103,15.072672160689354,14.93844262545352,15.002025604248047,20152200,0.0,0.0,0.0,XLU
2015-06-16 00:00:00-04:00,14.973767529850852,15.072673797607422,14.910184544151104,15.072673797607422,16073600,0.0,0.0,0.0,XLU
2015-06-17 00:00:00-04:00,15.079737601751098,15.224565203405422,15.03381760799254,15.199838638305664,36583800,0.0,0.0,0.0,XLU
2015-06-18 00:00:00-04:00,15.217504241450898,15.440043365603847,15.217504241450898,15.4011869430542,41434000,0.0,0.0,0.0,XLU
2015-06-19 00:00:00-04:00,15.43076997069402,15.441463069630075,15.245415217201076,15.252544403076172,26751000,0.1965,0.0,0.0,XLU
2015-06-22 00:00:00-04:00,15.277497289135338,15.313141862059904,15.195513683606194,15.231158256530762,20547600,0.0,0.0,0.0,XLU
2015-06-23 00:00:00-04:00,15.174131536960587,15.206212207937929,15.003035078332694,15.024422645568848,32553800,0.0,0.0,0.0,XLU
2015-06-24 00:00:00-04:00,15.042235848755261,15.074316500347097,14.899654872846451,14.906784057617188,24459800,0.0,0.0,0.0,XLU
2015-06-25 00:00:00-04:00,14.917480072909713,14.953126003736108,14.803415813771704,14.806981086730957,23374600,0.0,0.0,0.0,XLU
2015-06-26 00:00:00-04:00,14.774900873256103,14.921045794656932,14.72499792835142,14.89609432220459,17541400,0.0,0.0,0.0,XLU
2015-06-29 00:00:00-04:00,14.87114381194581,15.063626417638854,14.806982490130345,14.817675590515137,32343000,0.0,0.0,0.0,XLU
2015-06-30 00:00:00-04:00,14.888963702263665,14.903222073650232,14.74638270790425,14.778463363647461,22217400,0.0,0.0,0.0,XLU
2015-07-01 00:00:00-04:00,14.79628704886616,14.871142825856168,14.757078563470674,14.86757755279541,22503600,0.0,0.0,0.0,XLU
2015-07-02 00:00:00-04:00,14.9673842717031,15.099270815458086,14.935303614059649,15.052931785583496,19150800,0.0,0.0,0.0,XLU
2015-07-06 00:00:00-04:00,15.031542347772161,15.152735777077016,14.97807549822043,15.113527297973633,27996400,0.0,0.0,0.0,XLU
2015-07-07 00:00:00-04:00,15.16343481938601,15.548401419612961,15.16343481938601,15.487805366516113,52236600,0.0,0.0,0.0,XLU
2015-07-08 00:00:00-04:00,15.434335279208648,15.530577257594125,15.377303146804659,15.4058198928833,30993600,0.0,0.0,0.0,XLU
2015-07-09 00:00:00-04:00,15.4521552207407,15.487801147929673,15.184816885712292,15.234721183776855,31152000,0.0,0.0,0.0,XLU
2015-07-10 00:00:00-04:00,15.241848033957314,15.427202764217695,15.191945098839712,15.316703796386719,24810200,0.0,0.0,0.0,XLU
2015-07-13 00:00:00-04:00,15.359481855427637,15.423643178507902,15.231159209267108,15.323837280273438,17169400,0.0,0.0,0.0,XLU
2015-07-14 00:00:00-04:00,15.306015047671504,15.409386228827973,15.256112093941764,15.302451133728027,13642400,0.0,0.0,0.0,XLU
2015-07-15 00:00:00-04:00,15.284621678732412,15.380863627128047,15.22046037980199,15.377298355102539,19801600,0.0,0.0,0.0,XLU
2015-07-16 00:00:00-04:00,15.377302089102818,15.630382074253262,15.355915890768143,15.605430603027344,25185400,0.0,0.0,0.0,XLU
2015-07-17 00:00:00-04:00,15.60542823654949,15.626815791394057,15.445026334350702,15.452154159545898,20984600,0.0,0.0,0.0,XLU
2015-07-20 00:00:00-04:00,15.388000074083076,15.4592905972581,15.295323345783086,15.373743057250977,19625000,0.0,0.0,0.0,XLU
2015-07-21 00:00:00-04:00,15.345220158679954,15.380866085868927,15.17055987458979,15.234721183776855,20569600,0.0,0.0,0.0,XLU
2015-07-22 00:00:00-04:00,15.25967736763875,15.380870838019625,15.22046751549295,15.302451133728027,16504400,0.0,0.0,0.0,XLU
2015-07-23 00:00:00-04:00,15.288190958167203,15.298884058491966,14.99946637137182,15.074320793151855,27894600,0.0,0.0,0.0,XLU
2015-07-24 00:00:00-04:00,15.08144808460281,15.142044125165569,15.035109056096882,15.088577270507812,17178200,0.0,0.0,0.0,XLU
2015-07-27 00:00:00-04:00,15.088574808769723,15.348783932959266,15.045799700318572,15.281057357788086,23905600,0.0,0.0,0.0,XLU
2015-07-28 00:00:00-04:00,15.281059736223641,15.366608606688327,15.224027609164905,15.352350234985352,17485200,0.0,0.0,0.0,XLU
2015-07-29 00:00:00-04:00,15.352352591664514,15.42364310136975,15.238288320037485,15.409384727478027,27001600,0.0,0.0,0.0,XLU
2015-07-30 00:00:00-04:00,15.395123461655144,15.573349022562372,15.330962150948293,15.523446083068848,22630800,0.0,0.0,0.0,XLU
2015-07-31 00:00:00-04:00,15.666031846612412,15.805047608895261,15.648209557044732,15.680290222167969,24108400,0.0,0.0,0.0,XLU
2015-08-03 00:00:00-04:00,15.7016782724395,15.85138851387337,15.68385598077572,15.762275695800781,26394600,0.0,0.0,0.0,XLU
2015-08-04 00:00:00-04:00,15.723062087595176,15.744448288588615,15.47710989814368,15.509190559387207,24067200,0.0,0.0,0.0,XLU
2015-08-05 00:00:00-04:00,15.569789395287577,15.658902200269877,15.502064153012288,15.548401832580566,22313200,0.0,0.0,0.0,XLU
2015-08-06 00:00:00-04:00,15.587609731215114,15.644641864867554,15.409384143582077,15.630383491516113,34290200,0.0,0.0,0.0,XLU
2015-08-07 00:00:00-04:00,15.61612453725475,15.890592071271113,15.5341409403023,15.82286548614502,42326600,0.0,0.0,0.0,XLU
2015-08-10 00:00:00-04:00,15.826431728435145,15.901286144183379,15.726624481017595,15.758705139160156,24179000,0.0,0.0,0.0,XLU
2015-08-11 00:00:00-04:00,15.819305396641433,15.958321153758773,15.719498131214676,15.837127685546875,30244600,0.0,0.0,0.0,XLU
2015-08-12 00:00:00-04:00,15.819305739730934,16.147240213914504,15.783659801393474,16.118724822998047,46919600,0.0,0.0,0.0,XLU
2015-08-13 00:00:00-04:00,16.05456820918731,16.168632525862385,15.933374702750797,16.12229347229004,21557800,0.0,0.0,0.0,XLU
2015-08-14 00:00:00-04:00,16.058122128517766,16.254169965784858,16.02247756165214,16.24347686767578,20668600,0.0,0.0,0.0,XLU
2015-08-17 00:00:00-04:00,16.296949845355094,16.3931918357513,16.214966229777612,16.321901321411133,18319400,0.0,0.0,0.0,XLU
2015-08-18 00:00:00-04:00,16.268435486001362,16.31120925698873,16.21496861220557,16.28269386291504,23482600,0.0,0.0,0.0,XLU
2015-08-19 00:00:00-04:00,16.243481095290235,16.400319133972793,16.157933568646445,16.35041618347168,18491200,0.0,0.0,0.0,XLU
2015-08-20 00:00:00-04:00,16.282686204526136,16.446653382652205,16.19713734303474,16.254169464111328,25552000,0.0,0.0,0.0,XLU
2015-08-21 00:00:00-04:00,16.200707474920613,16.27199798758844,16.04743334859849,16.05812644958496,37494800,0.0,0.0,0.0,XLU
2015-08-24 00:00:00-04:00,15.740886384114933,15.887031335154752,15.38087123732293,15.45572566986084,70201000,0.0,0.0,0.0,XLU
2015-08-25 00:00:00-04:00,15.648208407605495,15.748014309656085,14.967386662003038,14.981643676757812,57265400,0.0,0.0,0.0,XLU
2015-08-26 00:00:00-04:00,15.085012367901758,15.284625498881296,14.960255010885303,15.248979568481445,43739800,0.0,0.0,0.0,XLU
2015-08-27 00:00:00-04:00,15.33453312628069,15.434339042383865,15.216903559655984,15.427209854125977,34091000,0.0,0.0,0.0,XLU
2015-08-28 00:00:00-04:00,15.405820385483151,15.452158059712646,15.170562661825182,15.380868911743164,19361400,0.0,0.0,0.0,XLU
2015-08-31 00:00:00-04:00,15.359477051387774,15.359477051387774,15.010155157072454,15.134912490844727,24156800,0.0,0.0,0.0,XLU
2015-09-01 00:00:00-04:00,14.970952203257703,14.999468955374198,14.643017712439491,14.725001335144043,38812400,0.0,0.0,0.0,XLU
2015-09-02 00:00:00-04:00,14.828369693598127,14.87470873132128,14.61093559913538,14.735692977905273,18243400,0.0,0.0,0.0,XLU
2015-09-03 00:00:00-04:00,14.70360846788416,14.878270112218265,14.70360846788416,14.803414344787598,17170400,0.0,0.0,0.0,XLU
2015-09-04 00:00:00-04:00,14.68578863373373,14.717869293768533,14.543207620300528,14.600239753723145,26859200,0.0,0.0,0.0,XLU
2015-09-08 00:00:00-04:00,14.735688212341016,14.91034984588623,14.721429842306097,14.91034984588623,22413800,0.0,0.0,0.0,XLU
2015-09-09 00:00:00-04:00,14.94600072503256,14.988774493453722,14.696484583027548,14.725001335144043,23085000,0.0,0.0,0.0,XLU
2015-09-10 00:00:00-04:00,14.717870735141494,14.846193387847801,14.657273322584205,14.700048446655273,13532800,0.0,0.0,0.0,XLU
2015-09-11 00:00:00-04:00,14.682227063519631,14.817678924467986,14.614501812922285,14.81054973602295,14955800,0.0,0.0,0.0,XLU
2015-09-14 00:00:00-04:00,14.86401082789989,14.945994415997355,14.814107892514738,14.84618854522705,16745200,0.0,0.0,0.0,XLU
2015-09-15 00:00:00-04:00,14.864015991200633,14.960257982769072,14.771337913503553,14.924612045288086,13158200,0.0,0.0,0.0,XLU
2015-09-16 00:00:00-04:00,14.967385710644184,15.120658467728061,14.917481403037478,15.074320793151855,17239600,0.0,0.0,0.0,XLU
2015-09-17 00:00:00-04:00,15.031541330834854,15.477105179053856,15.031541330834854,15.281057357788086,45446200,0.0,0.0,0.0,XLU
2015-09-18 00:00:00-04:00,15.216656913668348,15.37137828928861,15.159086265013777,15.195067405700684,28717400,0.2005,0.0,0.0,XLU
2015-09-21 00:00:00-04:00,15.184271477531796,15.33539389701129,15.184271477531796,15.256235122680664,17541800,0.0,0.0,0.0,XLU
2015-09-22 00:00:00-04:00,15.187870480890767,15.252637630400994,15.022355042183518,15.065532684326172,21944400,0.0,0.0,0.0,XLU
2015-09-23 00:00:00-04:00,15.069131889154933,15.141095542397549,15.015158806074842,15.10511302947998,10533000,0.0,0.0,0.0,XLU
2015-09-24 00:00:00-04:00,15.101516902415746,15.256238291212199,15.051142752127163,15.227452278137207,22652000,0.0,0.0,0.0,XLU
2015-09-25 00:00:00-04:00,15.256236347145675,15.526099008668824,15.184272696221006,15.374975204467773,19010000,0.0,0.0,0.0,XLU
2015-09-28 00:00:00-04:00,15.37497393693086,15.468527087198003,15.270626720322262,15.299412727355957,19014000,0.0,0.0,0.0,XLU
2015-09-29 00:00:00-04:00,15.328194190501767,15.392961320335354,15.241838932451707,15.303007125854492,17362800,0.0,0.0,0.0,XLU
2015-09-30 00:00:00-04:00,15.335392393339454,15.594460941436143,15.331794829101325,15.576470375061035,19276000,0.0,0.0,0.0,XLU
2015-10-01 00:00:00-04:00,15.612449958814658,15.634039459878114,15.277820241587623,15.392961502075195,31292000,0.0,0.0,0.0,XLU
2015-10-02 00:00:00-04:00,15.508104494969837,15.598058700561523,15.367776153861566,15.598058700561523,26396800,0.0,0.0,0.0,XLU
2015-10-05 00:00:00-04:00,15.641235935061493,15.824741889733218,15.583665304910355,15.799554824829102,24022400,0.0,0.0,0.0,XLU
2015-10-06 00:00:00-04:00,15.76717919845615,15.813955787941287,15.594467221041166,15.691617965698242,23043800,0.0,0.0,0.0,XLU
2015-10-07 00:00:00-04:00,15.70960747628842,15.741991055649464,15.61245673820529,15.637643814086914,19056800,0.0,0.0,0.0,XLU
2015-10-08 00:00:00-04:00,15.626845165951059,15.857127719440873,15.580068593338348,15.831940650939941,21060800,0.0,0.0,0.0,XLU
2015-10-09 00:00:00-04:00,15.82834085110398,15.842732479220336,15.70600309026632,15.756377220153809,26190200,0.0,0.0,0.0,XLU
2015-10-12 00:00:00-04:00,15.813952675377388,15.990262183777249,15.759979592549055,15.896710395812988,14986000,0.0,0.0,0.0,XLU
2015-10-13 00:00:00-04:00,15.882315442589988,15.950681522132436,15.828343738974333,15.860727310180664,19146800,0.0,0.0,0.0,XLU
2015-10-14 00:00:00-04:00,15.932688392614438,15.975867399395334,15.835537686245782,15.85712718963623,15691000,0.0,0.0,0.0,XLU
2015-10-15 00:00:00-04:00,15.918299112523744,16.119795683540314,15.842736525800085,16.09101104736328,16568200,0.0,0.0,0.0,XLU
2015-10-16 00:00:00-04:00,16.105401917337492,16.21334807252452,16.06222427881811,16.112598419189453,18817400,0.0,0.0,0.0,XLU
2015-10-19 00:00:00-04:00,16.098206942024635,16.130590514371953,15.961476150714594,16.123394012451172,20432400,0.0,0.0,0.0,XLU
2015-10-20 00:00:00-04:00,16.073015244184415,16.24572851012354,16.06222117978526,16.1773624420166,19526200,0.0,0.0,0.0,XLU
2015-10-21 00:00:00-04:00,16.224141529080608,16.310498175465288,16.134187318201384,16.144981384277344,16822000,0.0,0.0,0.0,XLU
2015-10-22 00:00:00-04:00,16.21334771664028,16.378863137825157,16.155777075680653,16.33208656311035,26220000,0.0,0.0,0.0,XLU
2015-10-23 00:00:00-04:00,16.317699342510483,16.32489584675483,16.033444974119348,16.044239044189453,25170400,0.0,0.0,0.0,XLU
2015-10-26 00:00:00-04:00,16.080212723874308,16.09100816152298,15.86072562303693,15.986660957336426,22227000,0.0,0.0,0.0,XLU
2015-10-27 00:00:00-04:00,15.972270045694955,16.008252554912264,15.878718266914706,15.929092407226562,16992400,0.0,0.0,0.0,XLU
2015-10-28 00:00:00-04:00,15.932690223567127,15.99385980390676,15.583668800495614,15.759978294372559,34842200,0.0,0.0,0.0,XLU
2015-10-29 00:00:00-04:00,15.680820311604444,15.73119445526148,15.46133179487667,15.670024871826172,32579600,0.0,0.0,0.0,XLU
2015-10-30 00:00:00-04:00,15.688013201311863,15.803154476828142,15.630442563553725,15.741986274719238,23263400,0.0,0.0,0.0,XLU
2015-11-02 00:00:00-05:00,15.731193659136332,15.792361866883565,15.637640506285692,15.759978294372559,34873600,0.0,0.0,0.0,XLU
2015-11-03 00:00:00-05:00,15.70240879251842,15.824746589496486,15.65923115022984,15.806756019592285,24866400,0.0,0.0,0.0,XLU
2015-11-04 00:00:00-05:00,15.788762835541812,15.939885244826753,15.788762835541812,15.889511108398438,21437800,0.0,0.0,0.0,XLU
2015-11-05 00:00:00-05:00,15.85712812798018,15.90390470179803,15.75278091430664,15.75278091430664,27525800,0.0,0.0,0.0,XLU
2015-11-06 00:00:00-05:00,15.497314548724367,15.533295691487952,15.072730475669513,15.202264785766602,64718000,0.0,0.0,0.0,XLU
2015-11-09 00:00:00-05:00,15.13389843432287,15.313806873935205,15.101514860288951,15.241843223571777,26666600,0.0,0.0,0.0,XLU
2015-11-10 00:00:00-05:00,15.249036289693825,15.425345752133069,15.220250286998022,15.378570556640625,17009200,0.0,0.0,0.0,XLU
2015-11-11 00:00:00-05:00,15.421750233418829,15.540489078806495,15.389366662387221,15.511704444885254,21946800,0.0,0.0,0.0,XLU
2015-11-12 00:00:00-05:00,15.472122469826147,15.619647303588243,15.35338226644603,15.364177703857422,17679200,0.0,0.0,0.0,XLU
2015-11-13 00:00:00-05:00,15.382170362950413,15.490115143610542,15.259832578844307,15.306609153747559,19032800,0.0,0.0,0.0,XLU
2015-11-16 00:00:00-05:00,15.335395058971311,15.569276580278201,15.28142335046451,15.565677642822266,18351200,0.0,0.0,0.0,XLU
2015-11-17 00:00:00-05:00,15.558479512247478,15.652031279170918,15.241840334228089,15.285017967224121,26988000,0.0,0.0,0.0,XLU
2015-11-18 00:00:00-05:00,15.295814975657724,15.414555204985936,15.159085549427774,15.382171630859375,30925000,0.0,0.0,0.0,XLU
2015-11-19 00:00:00-05:00,15.418151338686483,15.58006919428956,15.403759707982475,15.547685623168945,24729600,0.0,0.0,0.0,XLU
2015-11-20 00:00:00-05:00,15.57286862987892,15.72399237987965,15.544084003388104,15.612448692321777,25040000,0.0,0.0,0.0,XLU
2015-11-23 00:00:00-05:00,15.630442359458996,15.648434298754708,15.4433374460401,15.468525886535645,23794000,0.0,0.0,0.0,XLU
2015-11-24 00:00:00-05:00,15.400164789110397,15.468530886310132,15.324603560977456,15.446941375732422,17583400,0.0,0.0,0.0,XLU
2015-11-25 00:00:00-05:00,15.443342065659449,15.443342065659449,15.295817178413888,15.353387832641602,15356400,0.0,0.0,0.0,XLU
2015-11-27 00:00:00-05:00,15.396564635491728,15.454135281428673,15.360582123910845,15.382171630859375,7960600,0.0,0.0,0.0,XLU
2015-11-30 00:00:00-05:00,15.400159761030752,15.518899971550995,15.374972693209896,15.407356262207031,22746000,0.0,0.0,0.0,XLU
2015-12-01 00:00:00-05:00,15.443338861145474,15.562079082934753,15.382170654230304,15.529695510864258,25103000,0.0,0.0,0.0,XLU
2015-12-02 00:00:00-05:00,15.46852746212079,15.508106163862875,15.180672875176342,15.184271812438965,25132200,0.0,0.0,0.0,XLU
2015-12-03 00:00:00-05:00,15.159085115007622,15.162682679766379,15.018756755344796,15.069130897521973,29758400,0.0,0.0,0.0,XLU
2015-12-04 00:00:00-05:00,15.123096654064778,15.303005018248625,15.076321467643137,15.281416893005371,21923000,0.0,0.0,0.0,XLU
2015-12-07 00:00:00-05:00,15.245433859405184,15.356977535401748,15.17347024174907,15.349781036376953,27030200,0.0,0.0,0.0,XLU
2015-12-08 00:00:00-05:00,15.2886149733146,15.349783164618543,15.205855909350861,15.328193664550781,21275800,0.0,0.0,0.0,XLU
2015-12-09 00:00:00-05:00,15.259832999496878,15.493714507867963,15.209458858639694,15.331796646118164,21351600,0.0,0.0,0.0,XLU
2015-12-10 00:00:00-05:00,15.310209091241415,15.338995102594914,15.065533485106942,15.079926490783691,19367200,0.0,0.0,0.0,XLU
2015-12-11 00:00:00-05:00,15.043946343096543,15.159087650932475,14.932402600621197,15.036749839782715,28705400,0.0,0.0,0.0,XLU
2015-12-14 00:00:00-05:00,15.094317933260754,15.115906066947597,14.93599763239763,15.112308502197266,32809200,0.0,0.0,0.0,XLU
2015-12-15 00:00:00-05:00,15.133902603490597,15.324605162785835,15.126706099212477,15.231053352355957,20221800,0.0,0.0,0.0,XLU
2015-12-16 00:00:00-05:00,15.288616531399784,15.641236832890419,15.241839962781913,15.616049766540527,36601000,0.0,0.0,0.0,XLU
2015-12-17 00:00:00-05:00,15.644837608912727,15.734791827942303,15.529696318362266,15.648436546325684,26323400,0.0,0.0,0.0,XLU
2015-12-18 00:00:00-05:00,15.62844014588406,15.646616699808972,15.3339749798847,15.453941345214844,36814400,0.2225,0.0,0.0,XLU
2015-12-21 00:00:00-05:00,15.490295273635441,15.552095832077594,15.363056627247637,15.443035125732422,18063000,0.0,0.0,0.0,XLU
2015-12-22 00:00:00-05:00,15.486658458813945,15.613897099679763,15.344879408040027,15.573907852172852,16251600,0.0,0.0,0.0,XLU
2015-12-23 00:00:00-05:00,15.599360818529336,15.850200659605969,15.577548115781674,15.813847541809082,17163400,0.0,0.0,0.0,XLU
2015-12-24 00:00:00-05:00,15.75931306525656,15.85019722684808,15.75931306525656,15.802938461303711,5431600,0.0,0.0,0.0,XLU
2015-12-28 00:00:00-05:00,15.708418243662107,15.85383345772692,15.708418243662107,15.83202075958252,10073000,0.0,0.0,0.0,XLU
2015-12-29 00:00:00-05:00,15.90836347273872,15.97380018182861,15.879281261355596,15.919270515441895,18447800,0.0,0.0,0.0,XLU
2015-12-30 00:00:00-05:00,15.930180165546647,15.973804186950353,15.872014341414157,15.904732704162598,15663000,0.0,0.0,0.0,XLU
2015-12-31 00:00:00-05:00,15.879281914836119,15.922905927097208,15.592087611654055,15.733866691589355,20863400,0.0,0.0,0.0,XLU
2016-01-04 00:00:00-05:00,15.642977471613817,15.704779406907619,15.512104090315786,15.701143264770508,29693400,0.0,0.0,0.0,XLU
2016-01-05 00:00:00-05:00,15.69387975687077,15.853836803455188,15.472123519457686,15.813847541809082,21896000,0.0,0.0,0.0,XLU
2016-01-06 00:00:00-05:00,15.719326104557416,15.850198139890932,15.65752414998834,15.784761428833008,25437600,0.0,0.0,0.0,XLU
2016-01-07 00:00:00-05:00,15.613894139886277,15.759307918876848,15.584810552019084,15.679330825805664,24547400,0.0,0.0,0.0,XLU
2016-01-08 00:00:00-05:00,15.690246109744812,15.799306857633066,15.642985943839598,15.672069549560547,23361600,0.0,0.0,0.0,XLU
2016-01-11 00:00:00-05:00,15.682971520133206,15.828386740975189,15.675700620412876,15.7556791305542,32779200,0.0,0.0,0.0,XLU
2016-01-12 00:00:00-05:00,15.766578124129941,15.813838258949826,15.570269461766063,15.693870544433594,28720200,0.0,0.0,0.0,XLU
2016-01-13 00:00:00-05:00,15.75204694323615,15.821118421671338,15.639350059363693,15.686610221862793,34957800,0.0,0.0,0.0,XLU
2016-01-14 00:00:00-05:00,15.682980228139252,16.013798721799184,15.63208528861974,15.922914505004883,46166000,0.0,0.0,0.0,XLU
2016-01-15 00:00:00-05:00,15.762952324806282,15.879283963700734,15.592089623462698,15.781128883361816,37878200,0.0,0.0,0.0,XLU
2016-01-19 00:00:00-05:00,15.864743199039253,16.06105337254763,15.802942618554734,16.01742935180664,35769200,0.0,0.0,0.0,XLU
2016-01-20 00:00:00-05:00,15.95198833626468,15.97743579041685,15.432130824100794,15.657523155212402,39800200,0.0,0.0,0.0,XLU
2016-01-21 00:00:00-05:00,15.704785395444551,15.762951210780988,15.504840491899452,15.642983436584473,28175800,0.0,0.0,0.0,XLU
2016-01-22 00:00:00-05:00,15.73751131292907,15.933821554032702,15.6611689036498,15.922914505004883,30121000,0.0,0.0,0.0,XLU
2016-01-25 00:00:00-05:00,15.915636992313873,15.955626252983208,15.730233877226299,15.788399696350098,27042800,0.0,0.0,0.0,XLU
2016-01-26 00:00:00-05:00,15.824748568032943,16.053777026109938,15.824748568032943,15.897456169128418,22919200,0.0,0.0,0.0,XLU
2016-01-27 00:00:00-05:00,15.868378282312827,16.05014664116277,15.799305418409034,15.933815002441406,27463800,0.0,0.0,0.0,XLU
2016-01-28 00:00:00-05:00,15.91200047146974,16.293713703830164,15.824751059064495,16.18828773498535,31127800,0.0,0.0,0.0,XLU
2016-01-29 00:00:00-05:00,16.29371364817212,16.52637689808153,16.29371364817212,16.5118350982666,35880800,0.0,0.0,0.0,XLU
2016-02-01 00:00:00-05:00,16.435490543847145,16.74449750830251,16.424584888827347,16.668153762817383,59221800,0.0,0.0,0.0,XLU
2016-02-02 00:00:00-05:00,16.60635750906554,16.759042266072175,16.52637898675776,16.74086570739746,31940200,0.0,0.0,0.0,XLU
2016-02-03 00:00:00-05:00,16.799031966334137,17.024425737496237,16.7953972092172,16.948081970214844,65904800,0.0,0.0,0.0,XLU
2016-02-04 00:00:00-05:00,16.93353913279474,17.0244233023264,16.831747919907265,16.8753719329834,55205200,0.0,0.0,0.0,XLU
2016-02-05 00:00:00-05:00,16.777220181015206,16.995341658280122,16.62817018130159,16.92990493774414,54772600,0.0,0.0,0.0,XLU
2016-02-08 00:00:00-05:00,16.893545405949173,17.086219350600597,16.71541187062053,16.871732711791992,58024800,0.0,0.0,0.0,XLU
2016-02-09 00:00:00-05:00,16.813573298298515,16.995341658280122,16.773584037217358,16.92990493774414,45241800,0.0,0.0,0.0,XLU
2016-02-10 00:00:00-05:00,16.88990758389092,17.00260441232272,16.620891316615072,16.911720275878906,51841200,0.0,0.0,0.0,XLU
2016-02-11 00:00:00-05:00,16.80629854641381,16.944442856643924,16.606353673606826,16.613624572753906,50780000,0.0,0.0,0.0,XLU
2016-02-12 00:00:00-05:00,16.60272248094032,16.697242811252515,16.42822500972853,16.562734603881836,42037400,0.0,0.0,0.0,XLU
2016-02-16 00:00:00-05:00,16.64634245277778,16.70450825752034,16.493656348589706,16.668153762817383,29277200,0.0,0.0,0.0,XLU
2016-02-17 00:00:00-05:00,16.7226806685624,16.7226806685624,16.52637060614729,16.63543128967285,38160600,0.0,0.0,0.0,XLU
2016-02-18 00:00:00-05:00,16.60272159378038,16.966258319408496,16.588181178709995,16.908092498779297,37768600,0.0,0.0,0.0,XLU
2016-02-19 00:00:00-05:00,16.835380330375962,16.88263908957043,16.68633038086419,16.795391082763672,34040200,0.0,0.0,0.0,XLU
2016-02-22 00:00:00-05:00,16.88627518031383,16.991701126098633,16.791754888650885,16.991701126098633,24873200,0.0,0.0,0.0,XLU
2016-02-23 00:00:00-05:00,16.937176991866483,17.046237737925253,16.86083460830361,17.006248474121094,23577600,0.0,0.0,0.0,XLU
2016-02-24 00:00:00-05:00,17.006241293757796,17.11893813627923,16.933535084938335,17.086219787597656,33501800,0.0,0.0,0.0,XLU
2016-02-25 00:00:00-05:00,17.140751036551354,17.260717391967773,17.089854748272508,17.260717391967773,24323800,0.0,0.0,0.0,XLU
2016-02-26 00:00:00-05:00,17.162567176658143,17.202556435316126,16.78085392118345,16.784488677978516,65907200,0.0,0.0,0.0,XLU
2016-02-29 00:00:00-05:00,16.75903944580779,16.991704072751197,16.744499033384447,16.83174705505371,40275600,0.0,0.0,0.0,XLU
2016-03-01 00:00:00-05:00,16.91899344153191,16.95898268881363,16.642704853102952,16.748130798339844,47283400,0.0,0.0,0.0,XLU
2016-03-02 00:00:00-05:00,16.70451094050999,16.84265526900489,16.38823441309756,16.835384368896484,60448400,0.0,0.0,0.0,XLU
2016-03-03 00:00:00-05:00,16.860825777757906,16.93716812133789,16.635432115595236,16.93716812133789,42548200,0.0,0.0,0.0,XLU
2016-03-04 00:00:00-05:00,16.82811873200894,17.1807484834707,16.788129462296727,17.126218795776367,44256800,0.0,0.0,0.0,XLU
2016-03-07 00:00:00-05:00,17.097129211487147,17.257086234437445,17.042599542848738,17.220731735229492,36985600,0.0,0.0,0.0,XLU
2016-03-08 00:00:00-05:00,17.253445829107655,17.40613191449921,17.16256168371187,17.391590118408203,32749600,0.0,0.0,0.0,XLU
2016-03-09 00:00:00-05:00,17.35524693635564,17.52610828436346,17.34070513195159,17.47157859802246,28513200,0.0,0.0,0.0,XLU
2016-03-10 00:00:00-05:00,17.4643050927295,17.54428223146543,17.318889843929025,17.486116409301758,38942800,0.0,0.0,0.0,XLU
2016-03-11 00:00:00-05:00,17.56973016163865,17.613354179288603,17.467938938078735,17.50429344177246,31390800,0.0,0.0,0.0,XLU
2016-03-14 00:00:00-04:00,17.500654610753195,17.558820420949168,17.427947001312653,17.52610206604004,23449600,0.0,0.0,0.0,XLU
2016-03-15 00:00:00-04:00,17.507922009393578,17.616982708354854,17.486109314888513,17.55881690979004,27474000,0.0,0.0,0.0,XLU
2016-03-16 00:00:00-04:00,17.493380692016423,17.827835083007812,17.377049091701693,17.827835083007812,55736400,0.0,0.0,0.0,XLU
2016-03-17 00:00:00-04:00,17.758765050365284,17.965980832869878,17.693328341492013,17.925992965698242,35069800,0.0,0.0,0.0,XLU
2016-03-18 00:00:00-04:00,17.925262760137038,17.980203848025287,17.804394322876753,17.81171989440918,33981400,0.184,0.0,0.0,XLU
2016-03-21 00:00:00-04:00,17.756768160391953,17.881300007359926,17.621248661317978,17.79339599609375,31486400,0.0,0.0,0.0,XLU
2016-03-22 00:00:00-04:00,17.771420547634804,17.866650132755435,17.712817403589224,17.734792709350586,22914800,0.0,0.0,0.0,XLU
2016-03-23 00:00:00-04:00,17.73479788782486,17.93624756418746,17.654219414489397,17.866655349731445,30479200,0.0,0.0,0.0,XLU
2016-03-24 00:00:00-04:00,17.859333130526473,17.939913016189113,17.808055529544735,17.914274215698242,30147000,0.0,0.0,0.0,XLU
2016-03-28 00:00:00-04:00,17.943573909761852,18.038803526806255,17.8117164421545,17.848342895507812,22489200,0.0,0.0,0.0,XLU
2016-03-29 00:00:00-04:00,17.9032810015023,18.126705962622765,17.8336887955871,18.1120548248291,35107200,0.0,0.0,0.0,XLU
2016-03-30 00:00:00-04:00,18.112063456796275,18.1523534063258,18.002182665394887,18.068111419677734,29033800,0.0,0.0,0.0,XLU
2016-03-31 00:00:00-04:00,18.09373985791577,18.19263153547159,18.027811141405717,18.174318313598633,29406800,0.0,0.0,0.0,XLU
2016-04-01 00:00:00-04:00,18.101065249619307,18.269550534957116,18.042462097348135,18.243911743164062,35745200,0.0,0.0,0.0,XLU
2016-04-04 00:00:00-04:00,18.247572037917525,18.26954874181573,18.075424683737985,18.1669921875,30572200,0.0,0.0,0.0,XLU
2016-04-05 00:00:00-04:00,18.12669757746698,18.155998442290738,17.81170524666125,17.82635498046875,37316800,0.0,0.0,0.0,XLU
2016-04-06 00:00:00-04:00,17.800724563184975,17.8300268389847,17.694507306434502,17.80438804626465,40589000,0.0,0.0,0.0,XLU
2016-04-07 00:00:00-04:00,17.778750602355167,17.91427014518675,17.74944832433238,17.79706382751465,30560400,0.0,0.0,0.0,XLU
2016-04-08 00:00:00-04:00,17.8520072955295,18.00950217080083,17.833692670703098,17.892295837402344,32873800,0.0,0.0,0.0,XLU
2016-04-11 00:00:00-04:00,17.892292662405364,18.00583688901591,17.800725143360896,17.81537628173828,22250000,0.0,0.0,0.0,XLU
2016-04-12 00:00:00-04:00,17.81904436621975,17.96188950926147,17.789742081898464,17.939912796020508,26854400,0.0,0.0,0.0,XLU
2016-04-13 00:00:00-04:00,17.99118687452577,17.99118687452577,17.73479752574304,17.830028533935547,26641000,0.0,0.0,0.0,XLU
2016-04-14 00:00:00-04:00,17.786078655960154,17.870320621227066,17.749450803316027,17.808053970336914,24181600,0.0,0.0,0.0,XLU
2016-04-15 00:00:00-04:00,17.84467903096406,17.947234207902174,17.782412389816276,17.906944274902344,21925800,0.0,0.0,0.0,XLU
2016-04-18 00:00:00-04:00,17.895959731802726,17.976539611816406,17.775089911782203,17.976539611816406,18248000,0.0,0.0,0.0,XLU
2016-04-19 00:00:00-04:00,17.994852644252962,18.031479099928475,17.888633966700365,18.005840301513672,20990800,0.0,0.0,0.0,XLU
2016-04-20 00:00:00-04:00,18.0204935843419,18.04246890147501,17.544342617922702,17.555330276489258,52137400,0.0,0.0,0.0,XLU
2016-04-21 00:00:00-04:00,17.489395834623732,17.53701133492093,17.115800195726845,17.189054489135742,64131400,0.0,0.0,0.0,XLU
2016-04-22 00:00:00-04:00,17.236670616182764,17.36486458640257,17.22568156358572,17.34288787841797,24618000,0.0,0.0,0.0,XLU
2016-04-25 00:00:00-04:00,17.269637216195786,17.379517975930813,17.25864816217552,17.3758544921875,25485800,0.0,0.0,0.0,XLU
2016-04-26 00:00:00-04:00,17.38684142360534,17.47474546177808,17.353877059988186,17.401491165161133,26043000,0.0,0.0,0.0,XLU
2016-04-27 00:00:00-04:00,17.452772288590253,17.756775770554473,17.397831210095557,17.654220581054688,49118400,0.0,0.0,0.0,XLU
2016-04-28 00:00:00-04:00,17.500386615069612,17.67253402574354,17.39783142430711,17.628582000732422,40316000,0.0,0.0,0.0,XLU
2016-04-29 00:00:00-04:00,17.555321191990004,17.75310732709728,17.423463768585155,17.734792709350586,40354400,0.0,0.0,0.0,XLU
2016-05-02 00:00:00-04:00,17.74578991589218,17.965551457769248,17.723813202820548,17.877647399902344,32733200,0.0,0.0,0.0,XLU
2016-05-03 00:00:00-04:00,17.862995147705078,17.95822477067753,17.76410204084346,17.862995147705078,31493400,0.0,0.0,0.0,XLU
2016-05-04 00:00:00-04:00,17.87031386184927,18.18530628939549,17.815372802269184,18.071762084960938,35207800,0.0,0.0,0.0,XLU
2016-05-05 00:00:00-04:00,18.020491419953345,18.22193972033419,17.936249454238073,18.002178192138672,31653000,0.0,0.0,0.0,XLU
2016-05-06 00:00:00-04:00,17.914272503322618,17.976539153712714,17.723811862731882,17.884971618652344,40107200,0.0,0.0,0.0,XLU
2016-05-09 00:00:00-04:00,17.895958409314307,18.013164736740226,17.859330558737685,17.987525939941406,22463600,0.0,0.0,0.0,XLU
2016-05-10 00:00:00-04:00,18.005840301513672,18.071769039497372,17.93991156352997,18.005840301513672,26515800,0.0,0.0,0.0,XLU
2016-05-11 00:00:00-04:00,18.009495457622897,18.086413220476853,17.91060378591344,18.071762084960938,24347800,0.0,0.0,0.0,XLU
2016-05-12 00:00:00-04:00,18.04246330374966,18.207285117160996,17.97653597559458,18.1779842376709,35455400,0.0,0.0,0.0,XLU
2016-05-13 00:00:00-04:00,18.130368284734754,18.17065821558767,18.002174320393124,18.090078353881836,25253200,0.0,0.0,0.0,XLU
2016-05-16 00:00:00-04:00,18.02781287832964,18.115716910672816,17.961884155467555,18.1120548248291,22174200,0.0,0.0,0.0,XLU
2016-05-17 00:00:00-04:00,18.053451801724666,18.097403818214843,17.70915704712495,17.80438804626465,35066000,0.0,0.0,0.0,XLU
2016-05-18 00:00:00-04:00,17.701840953767338,17.841022635704523,17.412487135638372,17.47109031677246,54513000,0.0,0.0,0.0,XLU
2016-05-19 00:00:00-04:00,17.405156232170754,17.65055654137585,17.306263132320908,17.646894454956055,39165600,0.0,0.0,0.0,XLU
2016-05-20 00:00:00-04:00,17.687183380126953,17.709158691808224,17.551662437781253,17.687183380126953,30371400,0.0,0.0,0.0,XLU
2016-05-23 00:00:00-04:00,17.683516810532222,17.72747022064298,17.50770736171708,17.52968406677246,25380400,0.0,0.0,0.0,XLU
2016-05-24 00:00:00-04:00,17.558992917243515,17.727478271432407,17.533354114973235,17.705501556396484,26766600,0.0,0.0,0.0,XLU
2016-05-25 00:00:00-04:00,17.61026855658473,17.709160262339715,17.52968868071509,17.654220581054688,28699800,0.0,0.0,0.0,XLU
2016-05-26 00:00:00-04:00,17.632245899931505,17.877647642324714,17.632245899931505,17.855670928955078,26309000,0.0,0.0,0.0,XLU
2016-05-27 00:00:00-04:00,17.852007250142222,17.91793458995276,17.793404083591973,17.884971618652344,30211000,0.0,0.0,0.0,XLU
2016-05-31 00:00:00-04:00,17.855669575201848,18.01682793606458,17.8520074885228,18.002178192138672,31172400,0.0,0.0,0.0,XLU
2016-06-01 00:00:00-04:00,17.998511840117246,18.071766136912306,17.96188539032447,18.049789428710938,22566200,0.0,0.0,0.0,XLU
2016-06-02 00:00:00-04:00,18.035142148167616,18.057117462158203,17.877645877589867,18.057117462158203,15407400,0.0,0.0,0.0,XLU
2016-06-03 00:00:00-04:00,18.295196069076663,18.441703305142205,18.207290609669435,18.342811584472656,37437800,0.0,0.0,0.0,XLU
2016-06-06 00:00:00-04:00,18.350129736564202,18.41239637429526,18.240248996272864,18.31716537475586,21685600,0.0,0.0,0.0,XLU
2016-06-07 00:00:00-04:00,18.33182163885985,18.427052665028782,18.265892896807454,18.302520751953125,15808000,0.0,0.0,0.0,XLU
2016-06-08 00:00:00-04:00,18.29884936385356,18.427044705676167,18.27321057493088,18.41239356994629,13530200,0.0,0.0,0.0,XLU
2016-06-09 00:00:00-04:00,18.423389972885577,18.602862977789936,18.39775117178636,18.56989860534668,19405000,0.0,0.0,0.0,XLU
2016-06-10 00:00:00-04:00,18.551583929821085,18.646813555452418,18.449027336206854,18.522281646728516,25822600,0.0,0.0,0.0,XLU
2016-06-13 00:00:00-04:00,18.551578433956063,18.62116923987015,18.48564971373878,18.50029945373535,26143400,0.0,0.0,0.0,XLU
2016-06-14 00:00:00-04:00,18.50762605616019,18.610182625121,18.408732970310176,18.599193572998047,23212800,0.0,0.0,0.0,XLU
2016-06-15 00:00:00-04:00,18.591873494772535,18.62850135065073,18.4160639781867,18.481992721557617,21782600,0.0,0.0,0.0,XLU
2016-06-16 00:00:00-04:00,18.46001195339529,18.63948350396021,18.445360815370975,18.599193572998047,20054200,0.0,0.0,0.0,XLU
2016-06-17 00:00:00-04:00,18.581469876205933,18.6700943592289,18.47807581987778,18.666400909423828,38422600,0.206,0.0,0.0,XLU
2016-06-20 00:00:00-04:00,18.636864316673677,18.692253397781073,18.45592327099005,18.59624481201172,31875800,0.0,0.0,0.0,XLU
2016-06-21 00:00:00-04:00,18.607322215703324,18.71071629328791,18.489157153138464,18.622093200683594,17338200,0.0,0.0,0.0,XLU
2016-06-22 00:00:00-04:00,18.622094662006155,18.65163522564616,18.515007125453742,18.533470153808594,15960600,0.0,0.0,0.0,XLU
2016-06-23 00:00:00-04:00,18.500232574188697,18.59254910681167,18.459614483090924,18.58516502380371,16850400,0.0,0.0,0.0,XLU
2016-06-24 00:00:00-04:00,18.544542179700674,18.780872235213007,18.385757659533656,18.614702224731445,48382000,0.0,0.0,0.0,XLU
2016-06-27 00:00:00-04:00,18.592545964190823,18.895344027322402,18.566697452116536,18.843647003173828,33574600,0.0,0.0,0.0,XLU
2016-06-28 00:00:00-04:00,18.851038560409634,18.924892079520873,18.695947438050872,18.913814544677734,26414600,0.0,0.0,0.0,XLU
2016-06-29 00:00:00-04:00,19.002437376744822,19.05413441681297,18.89904329660852,18.965511322021484,28026800,0.0,0.0,0.0,XLU
2016-06-30 00:00:00-04:00,19.05044584954957,19.397555616632445,18.965514781283723,19.37540054321289,34744800,0.0,0.0,0.0,XLU
2016-07-01 00:00:00-04:00,19.48247576712843,19.48247576712843,19.17967772520838,19.37908172607422,34961600,0.0,0.0,0.0,XLU
2016-07-05 00:00:00-04:00,19.438170757477078,19.552643776074188,19.37908822724858,19.523101806640625,25106800,0.0,0.0,0.0,XLU
2016-07-06 00:00:00-04:00,19.500942330527902,19.578487869805926,19.386469337804407,19.563716888427734,30205400,0.0,0.0,0.0,XLU
2016-07-07 00:00:00-04:00,19.497257889940624,19.50833683541266,19.16491910719784,19.201845169067383,45437200,0.0,0.0,0.0,XLU
2016-07-08 00:00:00-04:00,19.03567285658892,19.412324560079178,18.995053348079363,19.401247024536133,32184800,0.0,0.0,0.0,XLU
2016-07-11 00:00:00-04:00,19.34216306182955,19.401245594769716,19.16122201234102,19.386474609375,29012000,0.0,0.0,0.0,XLU
2016-07-12 00:00:00-04:00,19.257233070880098,19.334778635521253,19.10952602606371,19.120603561401367,36004600,0.0,0.0,0.0,XLU
2016-07-13 00:00:00-04:00,19.201841199974126,19.272001266479492,19.157529653162246,19.272001266479492,29209400,0.0,0.0,0.0,XLU
2016-07-14 00:00:00-04:00,19.079978219049547,19.235070709543855,19.05782315514918,19.146446228027344,34722600,0.0,0.0,0.0,XLU
2016-07-15 00:00:00-04:00,19.12429959395796,19.249850176408962,19.10952860575456,19.201845169067383,25903400,0.0,0.0,0.0,XLU
2016-07-18 00:00:00-04:00,19.223996748005646,19.316313287771763,19.220303297577384,19.257230758666992,22336200,0.0,0.0,0.0,XLU
2016-07-19 00:00:00-04:00,19.238762874540846,19.27938237013756,19.13536881930437,19.2239933013916,21364000,0.0,0.0,0.0,XLU
2016-07-20 00:00:00-04:00,19.198145027469987,19.242456564748114,19.08367203014326,19.11321258544922,23199200,0.0,0.0,0.0,XLU
2016-07-21 00:00:00-04:00,19.028283781619965,19.242458819396248,19.006128714704168,19.22768783569336,26518400,0.0,0.0,0.0,XLU
2016-07-22 00:00:00-04:00,19.17968100180978,19.50094352763436,19.16121797827281,19.482479095458984,26441400,0.0,0.0,0.0,XLU
2016-07-25 00:00:00-04:00,19.45662903608835,19.475093466797805,19.331078513910832,19.449243545532227,14310600,0.0,0.0,0.0,XLU
2016-07-26 00:00:00-04:00,19.456630264309517,19.471401246354198,19.22399363597849,19.279382705688477,25018200,0.0,0.0,0.0,XLU
2016-07-27 00:00:00-04:00,19.23507651105273,19.25723299027408,18.891658830635045,19.057828903198242,45119600,0.0,0.0,0.0,XLU
2016-07-28 00:00:00-04:00,19.04674849035301,19.164913544403806,19.002435538605045,19.13167953491211,18231600,0.0,0.0,0.0,XLU
2016-07-29 00:00:00-04:00,19.135373305704427,19.308928860803928,19.102139293209603,19.246152877807617,30949400,0.0,0.0,0.0,XLU
2016-08-01 00:00:00-04:00,19.198148229562225,19.301542303335918,19.18706928691604,19.257230758666992,23317000,0.0,0.0,0.0,XLU
2016-08-02 00:00:00-04:00,19.157528052445812,19.20553163721494,19.043055040054735,19.13167953491211,27411000,0.0,0.0,0.0,XLU
2016-08-03 00:00:00-04:00,19.131677283588413,19.16491128916929,18.958121764595116,19.01720428466797,22810600,0.0,0.0,0.0,XLU
2016-08-04 00:00:00-04:00,19.03936423014763,19.15014379940732,18.954433180093915,19.00613021850586,24544000,0.0,0.0,0.0,XLU
2016-08-05 00:00:00-04:00,18.899042061954034,18.939661564679295,18.721794475311764,18.732872009277344,53904200,0.0,0.0,0.0,XLU
2016-08-08 00:00:00-04:00,18.72548484802246,18.895346927334437,18.677481266024603,18.72548484802246,27053400,0.0,0.0,0.0,XLU
2016-08-09 00:00:00-04:00,18.75133277763351,18.82149424067049,18.673787231934313,18.721792221069336,20188400,0.0,0.0,0.0,XLU
2016-08-10 00:00:00-04:00,18.76610434712717,18.81041588767845,18.677481266024603,18.72548484802246,16981600,0.0,0.0,0.0,XLU
2016-08-11 00:00:00-04:00,18.7218008968224,18.78088344596826,18.666410390718557,18.769805908203125,18963000,0.0,0.0,0.0,XLU
2016-08-12 00:00:00-04:00,18.836264758712197,18.932274741794288,18.79195321732581,18.79564666748047,24322800,0.0,0.0,0.0,XLU
2016-08-15 00:00:00-04:00,18.795646488301443,18.862114504066636,18.507617950439453,18.507617950439453,25268800,0.0,0.0,0.0,XLU
2016-08-16 00:00:00-04:00,18.46330466007681,18.474382192108582,18.289749145507812,18.289749145507812,40363200,0.0,0.0,0.0,XLU
2016-08-17 00:00:00-04:00,18.267587243093946,18.59992575738359,18.127265785787028,18.562999725341797,56913200,0.0,0.0,0.0,XLU
2016-08-18 00:00:00-04:00,18.559315972940478,18.791954040527344,18.52608196328521,18.791954040527344,27889000,0.0,0.0,0.0,XLU
2016-08-19 00:00:00-04:00,18.662701702220037,18.740247214690505,18.463297748463553,18.562999725341797,29396000,0.0,0.0,0.0,XLU
2016-08-22 00:00:00-04:00,18.592548979166956,18.6922510027519,18.555622929826676,18.611013412475586,18203600,0.0,0.0,0.0,XLU
2016-08-23 00:00:00-04:00,18.640551345872577,18.729175823905955,18.518694273294756,18.52977180480957,19157400,0.0,0.0,0.0,XLU
2016-08-24 00:00:00-04:00,18.500231984019386,18.551930423895378,18.3783748973364,18.522388458251953,16096600,0.0,0.0,0.0,XLU
2016-08-25 00:00:00-04:00,18.503929590168585,18.59624614058161,18.500236139314353,18.533470153808594,14445600,0.0,0.0,0.0,XLU
2016-08-26 00:00:00-04:00,18.544547832097027,18.670098388435665,18.134662150855036,18.149433135986328,41822000,0.0,0.0,0.0,XLU
2016-08-29 00:00:00-04:00,18.204815979584133,18.341444023637756,18.18635295881551,18.29713249206543,26031400,0.0,0.0,0.0,XLU
2016-08-30 00:00:00-04:00,18.282361518141393,18.370985989954036,18.08295892167978,18.105113983154297,24523000,0.0,0.0,0.0,XLU
2016-08-31 00:00:00-04:00,18.086650014542343,18.186352011867328,18.046030525783486,18.178966522216797,23004200,0.0,0.0,0.0,XLU
2016-09-01 00:00:00-04:00,18.13096620373974,18.19374217758456,18.064498188439796,18.086654663085938,31964000,0.0,0.0,0.0,XLU
2016-09-02 00:00:00-04:00,18.15311802240603,18.34513652750751,18.11619198277187,18.32667350769043,32542000,0.0,0.0,0.0,XLU
2016-09-06 00:00:00-04:00,18.422688916165672,18.548239469767708,18.370991877971655,18.52608299255371,30518200,0.0,0.0,0.0,XLU
2016-09-07 00:00:00-04:00,18.537157295365542,18.570391298548273,18.422684304705406,18.52977180480957,22981400,0.0,0.0,0.0,XLU
2016-09-08 00:00:00-04:00,18.404223271070954,18.614704844423084,18.404223271070954,18.592548370361328,25683200,0.0,0.0,0.0,XLU
2016-09-09 00:00:00-04:00,18.40791192057078,18.430068390549966,17.887246849484477,17.89463233947754,51518200,0.0,0.0,0.0,XLU
2016-09-12 00:00:00-04:00,17.865099964824555,18.24913575976591,17.865099964824555,18.212209701538086,51064600,0.0,0.0,0.0,XLU
2016-09-13 00:00:00-04:00,18.153118130882707,18.175274599978472,17.879860646587446,17.96109962463379,44593800,0.0,0.0,0.0,XLU
2016-09-14 00:00:00-04:00,18.027573715721132,18.175280742334394,17.95002816063654,18.031267166137695,30459600,0.0,0.0,0.0,XLU
2016-09-15 00:00:00-04:00,18.012803743231583,18.201130283174983,17.96849219621377,18.167896270751953,50523600,0.0,0.0,0.0,XLU
2016-09-16 00:00:00-04:00,18.192475134727033,18.371235613915708,18.058406906311596,18.345165252685547,43448400,0.208,0.0,0.0,XLU
2016-09-19 00:00:00-04:00,18.40475127612002,18.535097397335026,18.360061867448067,18.52764892578125,25061600,0.0,0.0,0.0,XLU
2016-09-20 00:00:00-04:00,18.602126036862533,18.63191849252319,18.482953372919468,18.494125366210938,25715800,0.0,0.0,0.0,XLU
2016-09-21 00:00:00-04:00,18.527646740876722,18.885164809392794,18.490405808150246,18.870267868041992,38810200,0.0,0.0,0.0,XLU
2016-09-22 00:00:00-04:00,19.022956306087682,19.026679830497283,18.847920825180402,18.985713958740234,24070600,0.0,0.0,0.0,XLU
2016-09-23 00:00:00-04:00,18.929851210401942,19.02295494111456,18.840471003831745,18.970815658569336,22006800,0.0,0.0,0.0,XLU
2016-09-26 00:00:00-04:00,18.97082007865089,19.000613961332803,18.859095859894744,18.922407150268555,16105600,0.0,0.0,0.0,XLU
2016-09-27 00:00:00-04:00,18.985718504773068,19.078822264459472,18.657992872894756,18.67661476135254,35879200,0.0,0.0,0.0,XLU
2016-09-28 00:00:00-04:00,18.687786054451724,18.74737240158202,18.490406545954613,18.650545120239258,33238400,0.0,0.0,0.0,XLU
2016-09-29 00:00:00-04:00,18.60958222793436,18.617030700102802,18.278133030018154,18.37123680114746,38494600,0.0,0.0,0.0,XLU
2016-09-30 00:00:00-04:00,18.38612649715644,18.52019611239199,18.15150609114458,18.244609832763672,29672600,0.0,0.0,0.0,XLU
2016-10-03 00:00:00-04:00,18.252056568915698,18.252056568915698,17.87964160882588,17.987642288208008,38985400,0.0,0.0,0.0,XLU
2016-10-04 00:00:00-04:00,17.976472034162125,17.99136897496384,17.5035048185861,17.61150550842285,51383600,0.0,0.0,0.0,XLU
2016-10-05 00:00:00-04:00,17.65246892967419,17.790262061295557,17.50722590803785,17.574260711669922,56343800,0.0,0.0,0.0,XLU
2016-10-06 00:00:00-04:00,17.51468045987446,17.65992211129983,17.425301637759194,17.57054328918457,40391400,0.0,0.0,0.0,XLU
2016-10-07 00:00:00-04:00,17.693438435083024,17.861025492041534,17.540748321109863,17.54819679260254,34431600,0.0,0.0,0.0,XLU
2016-10-10 00:00:00-04:00,17.559365572092883,17.7083307006472,17.559365572092883,17.69343376159668,19549600,0.0,0.0,0.0,XLU
2016-10-11 00:00:00-04:00,17.68226347748022,17.68226347748022,17.46253857751403,17.492332458496094,28694000,0.0,0.0,0.0,XLU
2016-10-12 00:00:00-04:00,17.50350621587342,17.697162199803703,17.47371233189157,17.663644790649414,30854600,0.0,0.0,0.0,XLU
2016-10-13 00:00:00-04:00,17.69343698987798,17.99881861353132,17.656196056107127,17.88336944580078,61084200,0.0,0.0,0.0,XLU
2016-10-14 00:00:00-04:00,17.790264403572912,17.961574959565173,17.756746997343953,17.78281593322754,35896600,0.0,0.0,0.0,XLU
2016-10-17 00:00:00-04:00,17.838679935276303,17.92433521896136,17.816334522756073,17.8796443939209,22879800,0.0,0.0,0.0,XLU
2016-10-18 00:00:00-04:00,17.957847712611116,18.069571903333863,17.801432709079144,18.032329559326172,29522200,0.0,0.0,0.0,XLU
2016-10-19 00:00:00-04:00,18.021155977319474,18.047224905500986,17.909431796448718,17.991363525390625,17005000,0.0,0.0,0.0,XLU
2016-10-20 00:00:00-04:00,18.024884910555116,18.121712176563936,17.94667668805337,17.980194091796875,17861600,0.0,0.0,0.0,XLU
2016-10-21 00:00:00-04:00,17.901990187559626,17.969025005896885,17.79771443487971,17.87592124938965,36307200,0.0,0.0,0.0,XLU
2016-10-24 00:00:00-04:00,17.954127012608357,18.009989831501926,17.834954324909212,17.942955017089844,21489400,0.0,0.0,0.0,XLU
2016-10-25 00:00:00-04:00,17.92061402342597,18.054683685302734,17.898270026880407,18.054683685302734,19772600,0.0,0.0,0.0,XLU
2016-10-26 00:00:00-04:00,18.006269090971024,18.12171828067547,17.91689026464892,18.09937286376953,21702000,0.0,0.0,0.0,XLU
2016-10-27 00:00:00-04:00,17.995087049137965,18.065845365537772,17.86474240823042,17.991363525390625,31109800,0.0,0.0,0.0,XLU
2016-10-28 00:00:00-04:00,17.980194956136213,18.132885042607736,17.950402496182228,18.047229766845703,32927800,0.0,0.0,0.0,XLU
2016-10-31 00:00:00-04:00,18.0919255289039,18.51647849891493,18.04351117002433,18.408477783203125,45431600,0.0,0.0,0.0,XLU
2016-11-01 00:00:00-04:00,18.356335602154015,18.393576533713663,18.02488648106154,18.073299407958984,48308800,0.0,0.0,0.0,XLU
2016-11-02 00:00:00-04:00,17.987646580128093,18.03606093427371,17.69716329655574,17.846128463745117,52983400,0.0,0.0,0.0,XLU
2016-11-03 00:00:00-04:00,17.80143800746916,17.983921995795658,17.738128134787885,17.913162231445312,23641000,0.0,0.0,0.0,XLU
2016-11-04 00:00:00-04:00,17.983920963431967,18.155231525071393,17.846126388475884,17.8572998046875,29114400,0.0,0.0,0.0,XLU
2016-11-07 00:00:00-05:00,17.931788147171584,18.173857116718576,17.760476116567258,18.170133590698242,35456200,0.0,0.0,0.0,XLU
2016-11-08 00:00:00-05:00,18.192476607172303,18.382409098938826,18.16268413866335,18.311649322509766,37695800,0.0,0.0,0.0,XLU
2016-11-09 00:00:00-05:00,17.991369694141753,18.00626521488843,17.607781266741732,17.637575149536133,85620400,0.0,0.0,0.0,XLU
2016-11-10 00:00:00-05:00,17.544465531717172,17.563085991913646,16.985843201922652,17.213016510009766,106246800,0.0,0.0,0.0,XLU
2016-11-11 00:00:00-05:00,17.175782733150335,17.37688721310703,17.075230493171986,17.14226531982422,61903000,0.0,0.0,0.0,XLU
2016-11-14 00:00:00-05:00,17.01191937077459,17.168333007776276,16.881574673273185,17.131092071533203,56381600,0.0,0.0,0.0,XLU
2016-11-15 00:00:00-05:00,17.22791680084041,17.447641701620096,17.22046975121776,17.40667724609375,50383600,0.0,0.0,0.0,XLU
2016-11-16 00:00:00-05:00,17.447642765173924,17.492333589536695,17.175779976561127,17.287504196166992,33634800,0.0,0.0,0.0,XLU
2016-11-17 00:00:00-05:00,17.205564475633505,17.384323413638686,17.205564475633505,17.29121971130371,38399600,0.0,0.0,0.0,XLU
2016-11-18 00:00:00-05:00,17.339642182068797,17.376883112242123,17.16460668482324,17.239089965820312,21397000,0.0,0.0,0.0,XLU
2016-11-21 00:00:00-05:00,17.287507793924377,17.42530240007732,17.2614388512794,17.42157745361328,24596600,0.0,0.0,0.0,XLU
2016-11-22 00:00:00-05:00,17.429024867365165,17.514680162375193,17.339646046768063,17.488611221313477,21286000,0.0,0.0,0.0,XLU
2016-11-23 00:00:00-05:00,17.242815978180563,17.473712903997363,17.242815978180563,17.313575744628906,28306800,0.0,0.0,0.0,XLU
2016-11-25 00:00:00-05:00,17.33964284716458,17.622677621029297,17.33964284716458,17.563091278076172,15732400,0.0,0.0,0.0,XLU
2016-11-28 00:00:00-05:00,17.6152311387226,17.942956772278784,17.61150761340236,17.90199089050293,46863400,0.0,0.0,0.0,XLU
2016-11-29 00:00:00-05:00,17.85729826935826,18.062126220720895,17.82750438955623,17.976470947265625,28895400,0.0,0.0,0.0,XLU
2016-11-30 00:00:00-05:00,17.712055096773643,17.75301954691749,17.410398483276367,17.410398483276367,46934800,0.0,0.0,0.0,XLU
2016-12-01 00:00:00-05:00,17.26516314604589,17.343369971028785,17.14599043540983,17.272611618041992,36732200,0.0,0.0,0.0,XLU
2016-12-02 00:00:00-05:00,17.373160437334565,17.55191946808171,17.313574093752187,17.42902183532715,32798800,0.0,0.0,0.0,XLU
2016-12-05 00:00:00-05:00,17.354539629661172,17.45509185707999,17.194401054955343,17.45136833190918,29776600,0.0,0.0,0.0,XLU
2016-12-06 00:00:00-05:00,17.443921342094338,17.514679691552505,17.376886518123147,17.4178524017334,16844000,0.0,0.0,0.0,XLU
2016-12-07 00:00:00-05:00,17.481161724062044,17.6450252532959,17.46254125591747,17.6450252532959,25804800,0.0,0.0,0.0,XLU
2016-12-08 00:00:00-05:00,17.533295665721745,17.70832971757234,17.40667453212226,17.67481231689453,28791000,0.0,0.0,0.0,XLU
2016-12-09 00:00:00-05:00,17.6599185094992,17.86847141965101,17.6599185094992,17.86102294921875,32037800,0.0,0.0,0.0,XLU
2016-12-12 00:00:00-05:00,17.786538994158846,18.065850231898246,17.782815469408504,18.047229766845703,43960200,0.0,0.0,0.0,XLU
2016-12-13 00:00:00-05:00,18.136609317389464,18.248333524224027,18.069574509158652,18.233436584472656,40434000,0.0,0.0,0.0,XLU
2016-12-14 00:00:00-05:00,18.315370091149703,18.412197367530528,17.83495439291477,17.8572998046875,56707800,0.0,0.0,0.0,XLU
2016-12-15 00:00:00-05:00,17.82006131846726,18.00254533591509,17.726957546854266,17.983924865722656,35643200,0.0,0.0,0.0,XLU
2016-12-16 00:00:00-05:00,18.030171287916037,18.26706444722683,17.988808830880437,18.203140258789062,40238000,0.2315,0.0,0.0,XLU
2016-12-19 00:00:00-05:00,18.312184978678793,18.319705555198073,18.11289328692617,18.270822525024414,23300400,0.0,0.0,0.0,XLU
2016-12-20 00:00:00-05:00,18.218178320482274,18.346025241252097,18.195616592910007,18.29338264465332,17326200,0.0,0.0,0.0,XLU
2016-12-21 00:00:00-05:00,18.29714168803248,18.38362615629547,18.214416790388253,18.218177795410156,16888400,0.0,0.0,0.0,XLU
2016-12-22 00:00:00-05:00,18.2068982544104,18.31594446181151,18.17305781184105,18.282102584838867,14930400,0.0,0.0,0.0,XLU
2016-12-23 00:00:00-05:00,18.30466450144218,18.349786526399285,18.218180022606347,18.278343200683594,15557000,0.0,0.0,0.0,XLU
2016-12-27 00:00:00-05:00,18.206896739494553,18.338504665394677,18.188096017052587,18.29338264465332,26268800,0.0,0.0,0.0,XLU
2016-12-28 00:00:00-05:00,18.30466142796597,18.315941573710408,18.09408962285039,18.120410919189453,17658600,0.0,0.0,0.0,XLU
2016-12-29 00:00:00-05:00,18.19186481617037,18.39491471370125,18.14674134169347,18.36483383178711,29355600,0.0,0.0,0.0,XLU
2016-12-30 00:00:00-05:00,18.398669357170817,18.40618993364927,18.206898242978475,18.263301849365234,28055400,0.0,0.0,0.0,XLU
2017-01-03 00:00:00-05:00,18.236978517310263,18.285861541773045,18.10161102458449,18.218177795410156,37761400,0.0,0.0,0.0,XLU
2017-01-04 00:00:00-05:00,18.244503325274113,18.379870849402174,18.2106614442421,18.285865783691406,29101000,0.0,0.0,0.0,XLU
2017-01-05 00:00:00-05:00,18.32722252223352,18.334741662868627,18.1091301493369,18.30466079711914,32612800,0.0,0.0,0.0,XLU
2017-01-06 00:00:00-05:00,18.214421521455158,18.394911080502695,18.180579639483526,18.36107063293457,21934400,0.0,0.0,0.0,XLU
2017-01-09 00:00:00-05:00,18.42874733436398,18.436267909661293,18.11665134874233,18.120410919189453,27694400,0.0,0.0,0.0,XLU
2017-01-10 00:00:00-05:00,18.11665130532051,18.1241718805998,17.992563964816842,18.064008712768555,22448400,0.0,0.0,0.0,XLU
2017-01-11 00:00:00-05:00,18.06024689982013,18.270818695008966,18.05648732955024,18.252017974853516,26795400,0.0,0.0,0.0,XLU
2017-01-12 00:00:00-05:00,18.263298321457512,18.297140191871698,18.158013139903602,18.267059326171875,18820800,0.0,0.0,0.0,XLU
2017-01-13 00:00:00-05:00,18.22945967505566,18.293383856878147,18.124174474881304,18.240739822387695,24346600,0.0,0.0,0.0,XLU
2017-01-17 00:00:00-05:00,18.300902544115612,18.50019422658385,18.285862826181013,18.440031051635742,30652000,0.0,0.0,0.0,XLU
2017-01-18 00:00:00-05:00,18.387386250639853,18.50771258612485,18.387386250639853,18.41746711730957,26461800,0.0,0.0,0.0,XLU
2017-01-19 00:00:00-05:00,18.31217904006148,18.41746420838092,18.210653441580803,18.255775451660156,27601000,0.0,0.0,0.0,XLU
2017-01-20 00:00:00-05:00,18.28210268397409,18.34226586176244,18.173057910384976,18.289623260498047,23748400,0.0,0.0,0.0,XLU
2017-01-23 00:00:00-05:00,18.315949787739992,18.357312253223228,18.176822668353964,18.19562339782715,21251000,0.0,0.0,0.0,XLU
2017-01-24 00:00:00-05:00,18.191858291625977,18.27082219203431,18.15801641510765,18.191858291625977,22098800,0.0,0.0,0.0,XLU
2017-01-25 00:00:00-05:00,18.109133385824897,18.210659015379875,18.090332662071,18.191858291625977,38460000,0.0,0.0,0.0,XLU
2017-01-26 00:00:00-05:00,18.184337814438678,18.285863444547473,18.116654061032815,18.199378967285156,22976400,0.0,0.0,0.0,XLU
2017-01-27 00:00:00-05:00,18.233226291177232,18.28962847959679,18.15802193888078,18.19562339782715,14457600,0.0,0.0,0.0,XLU
2017-01-30 00:00:00-05:00,18.203140357273497,18.27082411744277,18.10161471701959,18.210660934448242,18639800,0.0,0.0,0.0,XLU
2017-01-31 00:00:00-05:00,18.225707390743835,18.50772266202093,18.206905225135618,18.4926815032959,31833000,0.0,0.0,0.0,XLU
2017-02-01 00:00:00-05:00,18.394908104469845,18.402428680847212,18.12041352151079,18.173057556152344,48759000,0.0,0.0,0.0,XLU
2017-02-02 00:00:00-05:00,18.229466277163993,18.36483383178711,18.120420032117174,18.36483383178711,31322200,0.0,0.0,0.0,XLU
2017-02-03 00:00:00-05:00,18.417472920214866,18.462594951637847,18.34602958426152,18.387392044067383,22673200,0.0,0.0,0.0,XLU
2017-02-06 00:00:00-05:00,18.45883872436769,18.47011887566628,18.330991750169844,18.34979248046875,14084000,0.0,0.0,0.0,XLU
2017-02-07 00:00:00-05:00,18.379874903390846,18.42499694325146,18.330991856806303,18.394914627075195,12218200,0.0,0.0,0.0,XLU
2017-02-08 00:00:00-05:00,18.44003378386114,18.609243186725145,18.406191903288338,18.575401306152344,31764000,0.0,0.0,0.0,XLU
2017-02-09 00:00:00-05:00,18.556594173763525,18.601717625372697,18.372345100103463,18.41746711730957,28992000,0.0,0.0,0.0,XLU
2017-02-10 00:00:00-05:00,18.368586824674022,18.560357936500797,18.364827253682815,18.53403663635254,18959200,0.0,0.0,0.0,XLU
2017-02-13 00:00:00-05:00,18.54907613387731,18.64308117870482,18.485151957504968,18.624279022216797,26085600,0.0,0.0,0.0,XLU
2017-02-14 00:00:00-05:00,18.597964540666023,18.605485119136933,18.391153653128892,18.48891830444336,37568600,0.0,0.0,0.0,XLU
2017-02-15 00:00:00-05:00,18.35730786073381,18.45131292001016,18.293385108939507,18.44379234313965,37850800,0.0,0.0,0.0,XLU
2017-02-16 00:00:00-05:00,18.447552685872946,18.6355627976696,18.447552685872946,18.628042221069336,28002200,0.0,0.0,0.0,XLU
2017-02-17 00:00:00-05:00,18.676925640500865,18.695727801038544,18.53403897435802,18.639324188232422,19947000,0.0,0.0,0.0,XLU
2017-02-21 00:00:00-05:00,18.613005893855764,18.8762204054981,18.549083127784577,18.834857940673828,22717000,0.0,0.0,0.0,XLU
2017-02-22 00:00:00-05:00,18.83485445083433,18.951421245158716,18.759650113670325,18.913818359375,32037200,0.0,0.0,0.0,XLU
2017-02-23 00:00:00-05:00,18.99654630526993,19.17703588262502,18.955183841508703,19.109352111816406,30007200,0.0,0.0,0.0,XLU
2017-02-24 00:00:00-05:00,19.173270369053142,19.398881912231445,19.173270369053142,19.398881912231445,37259400,0.0,0.0,0.0,XLU
2017-02-27 00:00:00-05:00,19.361283557347956,19.376323277398438,19.26351748780091,19.289838790893555,27965800,0.0,0.0,0.0,XLU
2017-02-28 00:00:00-05:00,19.28607845012737,19.515451025987556,19.25223657115778,19.466567993164062,28820800,0.0,0.0,0.0,XLU
2017-03-01 00:00:00-05:00,19.188313434064433,19.43648674861517,19.16951270792036,19.29360008239746,58243200,0.0,0.0,0.0,XLU
2017-03-02 00:00:00-05:00,19.225918837604198,19.553056105427366,19.199597530676108,19.432729721069336,34745600,0.0,0.0,0.0,XLU
2017-03-03 00:00:00-05:00,19.432727501101954,19.444007650095752,19.210875486335215,19.3725643157959,35150000,0.0,0.0,0.0,XLU
2017-03-06 00:00:00-05:00,19.338721943338086,19.376323395298243,19.267278610852408,19.3349609375,15233600,0.0,0.0,0.0,XLU
2017-03-07 00:00:00-05:00,19.312402635161522,19.395127559303937,19.297361479062246,19.32368278503418,35903400,0.0,0.0,0.0,XLU
2017-03-08 00:00:00-05:00,19.15823311694012,19.17703384363161,19.00782443460122,19.045427322387695,36787800,0.0,0.0,0.0,XLU
2017-03-09 00:00:00-05:00,19.090550964889538,19.158234734215334,18.98902531090084,19.004066467285156,25685600,0.0,0.0,0.0,XLU
2017-03-10 00:00:00-05:00,19.10558894392895,19.199594004092027,19.0416647571283,19.161991119384766,22983600,0.0,0.0,0.0,XLU
2017-03-13 00:00:00-04:00,19.14694856728087,19.229673473192406,19.124388272507378,19.218393325805664,28116000,0.0,0.0,0.0,XLU
2017-03-14 00:00:00-04:00,19.195833491911557,19.252237103220796,19.13567030923663,19.199594497680664,23341000,0.0,0.0,0.0,XLU
2017-03-15 00:00:00-04:00,19.267279911603904,19.605697305302524,19.229677022701697,19.507932662963867,45238400,0.0,0.0,0.0,XLU
2017-03-16 00:00:00-04:00,19.470328629435883,19.470328629435883,19.25599719570586,19.29360008239746,37456800,0.0,0.0,0.0,XLU
2017-03-17 00:00:00-04:00,19.360657584120492,19.519787032902634,19.337925838083255,19.409912109375,30257000,0.1935,0.0,0.0,XLU
2017-03-20 00:00:00-04:00,19.455378986509494,19.49326764252299,19.22805283164629,19.281095504760742,14296000,0.0,0.0,0.0,XLU
2017-03-21 00:00:00-04:00,19.29246353117916,19.62587651477125,19.281097655759353,19.553890228271484,50834200,0.0,0.0,0.0,XLU
2017-03-22 00:00:00-04:00,19.63345560358213,19.788795508040778,19.569047044679508,19.648611068725586,50505600,0.0,0.0,0.0,XLU
2017-03-23 00:00:00-04:00,19.64482254388679,19.766063380992257,19.534949028906997,19.58799171447754,45130600,0.0,0.0,0.0,XLU
2017-03-24 00:00:00-04:00,19.59936034685018,19.731968524725236,19.550105798193446,19.65998077392578,24814200,0.0,0.0,0.0,XLU
2017-03-27 00:00:00-04:00,19.73953787818258,19.781214678149023,19.508423574803686,19.584197998046875,23642800,0.0,0.0,0.0,XLU
2017-03-28 00:00:00-04:00,19.58040617074889,19.603139360627047,19.48189712658108,19.569040298461914,16955600,0.0,0.0,0.0,XLU
2017-03-29 00:00:00-04:00,19.561463314473563,19.580406917442332,19.432644790859957,19.5159969329834,13911000,0.0,0.0,0.0,XLU
2017-03-30 00:00:00-04:00,19.485683594649082,19.485683594649082,19.311400169397764,19.364442825317383,39422400,0.0,0.0,0.0,XLU
2017-03-31 00:00:00-04:00,19.3871833831978,19.534946992993547,19.372029364117545,19.440227508544922,19982000,0.0,0.0,0.0,XLU
2017-04-03 00:00:00-04:00,19.440223380058008,19.440223380058008,19.25836218197476,19.436433792114258,30951600,0.0,0.0,0.0,XLU
2017-04-04 00:00:00-04:00,19.41748344876512,19.569035117218473,19.37959625430369,19.497047424316406,20268600,0.0,0.0,0.0,XLU
2017-04-05 00:00:00-04:00,19.474324997078913,19.625875292689646,19.432648196061994,19.606931686401367,25299000,0.0,0.0,0.0,XLU
2017-04-06 00:00:00-04:00,19.58419956197016,19.591777293960504,19.481902348057393,19.55767822265625,18777600,0.0,0.0,0.0,XLU
2017-04-07 00:00:00-04:00,19.633453208735776,19.65997454684945,19.459169716758886,19.47432518005371,39836000,0.0,0.0,0.0,XLU
2017-04-10 00:00:00-04:00,19.485685847997654,19.531150780428668,19.375810936427243,19.508419036865234,16969600,0.0,0.0,0.0,XLU
2017-04-11 00:00:00-04:00,19.51979046959401,19.538734076395052,19.372028313119497,19.50084686279297,19688400,0.0,0.0,0.0,XLU
2017-04-12 00:00:00-04:00,19.474325354614393,19.65618657986883,19.413704946196248,19.644819259643555,21042000,0.0,0.0,0.0,XLU
2017-04-13 00:00:00-04:00,19.667547915622542,19.671336057953653,19.49326446230715,19.580406188964844,21712200,0.0,0.0,0.0,XLU
2017-04-17 00:00:00-04:00,19.625870435250313,19.67512495565286,19.57282777264949,19.66754722595215,14545200,0.0,0.0,0.0,XLU
2017-04-18 00:00:00-04:00,19.697860586685234,19.754691398529612,19.63724018686863,19.713014602661133,29414800,0.0,0.0,0.0,XLU
2017-04-19 00:00:00-04:00,19.69028846329191,19.697866196089954,19.508427212053064,19.576623916625977,25034000,0.0,0.0,0.0,XLU
2017-04-20 00:00:00-04:00,19.55388953995771,19.55388953995771,19.36066099279523,19.50084686279297,26964600,0.0,0.0,0.0,XLU
2017-04-21 00:00:00-04:00,19.474324833586614,19.682707391617264,19.474324833586614,19.599353790283203,26517400,0.0,0.0,0.0,XLU
2017-04-24 00:00:00-04:00,19.618297019773028,19.72438381360819,19.485690334109677,19.701650619506836,36213400,0.0,0.0,0.0,XLU
2017-04-25 00:00:00-04:00,19.644814203011087,19.705434595825366,19.565250208436876,19.675125122070312,21783200,0.0,0.0,0.0,XLU
2017-04-26 00:00:00-04:00,19.6713404018611,19.76227173623396,19.59556597607234,19.61450958251953,19194800,0.0,0.0,0.0,XLU
2017-04-27 00:00:00-04:00,19.606930965215323,19.777426306147653,19.591775502620347,19.682706832885742,18933000,0.0,0.0,0.0,XLU
2017-04-28 00:00:00-04:00,19.656189866012465,19.682711208797738,19.527371295924805,19.58799171447754,18811400,0.0,0.0,0.0,XLU
2017-05-01 00:00:00-04:00,19.6334528928572,19.6334528928572,19.421280746056844,19.470535278320312,21385000,0.0,0.0,0.0,XLU
2017-05-02 00:00:00-04:00,19.49326515197754,19.565251421249236,19.41370115247131,19.49326515197754,18877200,0.0,0.0,0.0,XLU
2017-05-03 00:00:00-04:00,19.51978928250942,19.5425224764709,19.413703934631457,19.42506980895996,21014400,0.0,0.0,0.0,XLU
2017-05-04 00:00:00-04:00,19.3682347710641,19.515996897376887,19.364446628598962,19.49326515197754,28078200,0.0,0.0,0.0,XLU
2017-05-05 00:00:00-04:00,19.550099258103575,19.671340071696118,19.531155651974334,19.599353790283203,21570600,0.0,0.0,0.0,XLU
2017-05-08 00:00:00-04:00,19.614512907635454,19.637246106408607,19.49327207145486,19.591779708862305,17579400,0.0,0.0,0.0,XLU
2017-05-09 00:00:00-04:00,19.57662059712416,19.59177606015042,19.41370442815762,19.447803497314453,15517800,0.0,0.0,0.0,XLU
2017-05-10 00:00:00-04:00,19.462955805394852,19.519788064098886,19.372025925833643,19.478111267089844,16879600,0.0,0.0,0.0,XLU
2017-05-11 00:00:00-04:00,19.428858985247306,19.504634857177734,19.3492949701074,19.504634857177734,15398400,0.0,0.0,0.0,XLU
2017-05-12 00:00:00-04:00,19.550099258103575,19.641030590950233,19.52357792046174,19.599353790283203,15046200,0.0,0.0,0.0,XLU
2017-05-15 00:00:00-04:00,19.60314282221881,19.71680590107221,19.580409628326343,19.682706832885742,12702200,0.0,0.0,0.0,XLU
2017-05-16 00:00:00-04:00,19.652389850460946,19.709222095023115,19.515993619754955,19.538726806640625,15306200,0.0,0.0,0.0,XLU
2017-05-17 00:00:00-04:00,19.58799171447754,19.67892161965425,19.500849953139532,19.58799171447754,30065600,0.0,0.0,0.0,XLU
2017-05-18 00:00:00-04:00,19.62966381372415,19.758482352905965,19.489477955143876,19.656185150146484,33752000,0.0,0.0,0.0,XLU
2017-05-19 00:00:00-04:00,19.652392945304484,19.731958389282227,19.54251947131433,19.731958389282227,19802600,0.0,0.0,0.0,XLU
2017-05-22 00:00:00-04:00,19.701647676208083,19.932763389812283,19.690281803507634,19.90245246887207,15558600,0.0,0.0,0.0,XLU
2017-05-23 00:00:00-04:00,19.9365560418274,20.07295232630199,19.90245697070875,19.95549964904785,30580400,0.0,0.0,0.0,XLU
2017-05-24 00:00:00-04:00,19.974444794276597,20.103263347399952,19.955499741663633,20.069164276123047,15204600,0.0,0.0,0.0,XLU
2017-05-25 00:00:00-04:00,20.11083964709041,20.266179528443097,20.061585115352877,20.232080459594727,33554600,0.0,0.0,0.0,XLU
2017-05-26 00:00:00-04:00,20.24344633410935,20.27754540295772,20.19419180237182,20.232080459594727,15299200,0.0,0.0,0.0,XLU
2017-05-30 00:00:00-04:00,20.24723137668381,20.345740425074002,20.190400567508792,20.296485900878906,12584600,0.0,0.0,0.0,XLU
2017-05-31 00:00:00-04:00,20.319220631394725,20.470770912649236,20.296487438819575,20.398784637451172,25241400,0.0,0.0,0.0,XLU
2017-06-01 00:00:00-04:00,20.345746050399068,20.546550899884988,20.323012853261076,20.542762756347656,22237200,0.0,0.0,0.0,XLU
2017-06-02 00:00:00-04:00,20.698102686222903,20.698102686222903,20.504874123537547,20.565494537353516,19913200,0.0,0.0,0.0,XLU
2017-06-05 00:00:00-04:00,20.565495749876845,20.584440804621362,20.470776257373277,20.501087188720703,14700000,0.0,0.0,0.0,XLU
2017-06-06 00:00:00-04:00,20.546543957183136,20.546543957183136,20.429091312947907,20.45561408996582,15002400,0.0,0.0,0.0,XLU
2017-06-07 00:00:00-04:00,20.455618462690236,20.573069686728413,20.42151939386846,20.523815155029297,15762600,0.0,0.0,0.0,XLU
2017-06-08 00:00:00-04:00,20.482141537564136,20.497295556422497,20.228292571400473,20.353322982788086,26585200,0.0,0.0,0.0,XLU
2017-06-09 00:00:00-04:00,20.288912343067494,20.349532752503503,20.190404719723198,20.33437728881836,27876400,0.0,0.0,0.0,XLU
2017-06-12 00:00:00-04:00,20.360895885642382,20.444248028159926,20.182822837224602,20.296485900878906,25642200,0.0,0.0,0.0,XLU
2017-06-13 00:00:00-04:00,20.273757355128502,20.360900550710703,20.224504264952856,20.345745086669922,17829800,0.0,0.0,0.0,XLU
2017-06-14 00:00:00-04:00,20.474557691860745,20.565487559078065,20.391204109158053,20.45561408996582,31664200,0.0,0.0,0.0,XLU
2017-06-15 00:00:00-04:00,20.398785140645554,20.59580181191034,20.398785140645554,20.573068618774414,31099000,0.0,0.0,0.0,XLU
2017-06-16 00:00:00-04:00,20.633034180285595,20.70942482343339,20.59483813019653,20.667409896850586,35391600,0.2185,0.0,0.0,XLU
2017-06-19 00:00:00-04:00,20.686510165008364,20.69796825316588,20.526091102681,20.598661422729492,35644600,0.0,0.0,0.0,XLU
2017-06-20 00:00:00-04:00,20.621580319205414,20.636857285341012,20.57192617243049,20.61012077331543,15177000,0.0,0.0,0.0,XLU
2017-06-21 00:00:00-04:00,20.60630347599568,20.636858867640292,20.380951816622556,20.487897872924805,20153200,0.0,0.0,0.0,XLU
2017-06-22 00:00:00-04:00,20.45733902758059,20.533728222311126,20.377128041864744,20.392406463623047,15862400,0.0,0.0,0.0,XLU
2017-06-23 00:00:00-04:00,20.39622403245417,20.47261321682859,20.281637341831942,20.323652267456055,17286200,0.0,0.0,0.0,XLU
2017-06-26 00:00:00-04:00,20.369489233350187,20.575742088286216,20.296917462271022,20.461156845092773,20710000,0.0,0.0,0.0,XLU
2017-06-27 00:00:00-04:00,20.369486037887995,20.426777921981845,20.174689843690413,20.231983184814453,20957600,0.0,0.0,0.0,XLU
2017-06-28 00:00:00-04:00,20.293099858640492,20.338933667387188,20.018094092099297,20.03719139099121,18577600,0.0,0.0,0.0,XLU
2017-06-29 00:00:00-04:00,19.918788769184687,19.945525281060323,19.800383175856435,19.876773834228516,41191400,0.0,0.0,0.0,XLU
2017-06-30 00:00:00-04:00,19.899685398439484,20.00663287817882,19.84621238708496,19.84621238708496,30225800,0.0,0.0,0.0,XLU
2017-07-03 00:00:00-04:00,19.87677541413599,19.93024844213757,19.727814419837102,19.75455093383789,25409400,0.0,0.0,0.0,XLU
2017-07-05 00:00:00-04:00,19.819474734620336,19.819474734620336,19.605582701578378,19.659055709838867,28005200,0.0,0.0,0.0,XLU
2017-07-06 00:00:00-04:00,19.57884691774881,19.67433485941308,19.57884691774881,19.651418685913086,28073600,0.0,0.0,0.0,XLU
2017-07-07 00:00:00-04:00,19.6476016060392,19.762188320636678,19.62850430594982,19.66670036315918,26526000,0.0,0.0,0.0,XLU
2017-07-10 00:00:00-04:00,19.723988997047,19.76982280107735,19.636140265559515,19.651418685913086,32627600,0.0,0.0,0.0,XLU
2017-07-11 00:00:00-04:00,19.681970440339693,19.681970440339693,19.544467596573075,19.639955520629883,18111800,0.0,0.0,0.0,XLU
2017-07-12 00:00:00-04:00,19.81183660706993,19.865309618250187,19.773642015378403,19.80801773071289,24286000,0.0,0.0,0.0,XLU
2017-07-13 00:00:00-04:00,19.796558783971317,19.850031792826872,19.723987023070027,19.73926544189453,13842000,0.0,0.0,0.0,XLU
2017-07-14 00:00:00-04:00,19.86912675241054,19.922599754980837,19.808014541325907,19.830930709838867,25215000,0.0,0.0,0.0,XLU
2017-07-17 00:00:00-04:00,19.842394087813126,19.922603607177734,19.800379161375382,19.922603607177734,15338000,0.0,0.0,0.0,XLU
2017-07-18 00:00:00-04:00,19.96843890839662,20.002814627422257,19.91496589147462,19.97989845275879,15780800,0.0,0.0,0.0,XLU
2017-07-19 00:00:00-04:00,20.014272111415735,20.071563999206926,19.956978766594258,20.06392478942871,21338800,0.0,0.0,0.0,XLU
2017-07-20 00:00:00-04:00,20.117401130209245,20.212889082694453,20.067748443978914,20.209070205688477,16925000,0.0,0.0,0.0,XLU
2017-07-21 00:00:00-04:00,20.212890486047645,20.35421371459961,20.14414049595316,20.35421371459961,18504000,0.0,0.0,0.0,XLU
2017-07-24 00:00:00-04:00,20.365666760289557,20.365666760289557,20.132675964620084,20.163232803344727,21069600,0.0,0.0,0.0,XLU
2017-07-25 00:00:00-04:00,20.12122105947505,20.178514412625837,20.025733108910735,20.04865074157715,21136200,0.0,0.0,0.0,XLU
2017-07-26 00:00:00-04:00,20.04482970254972,20.239625930786133,20.01427431709977,20.239625930786133,17262400,0.0,0.0,0.0,XLU
2017-07-27 00:00:00-04:00,20.182331998852657,20.289278030395508,20.159414367651873,20.289278030395508,19173800,0.0,0.0,0.0,XLU
2017-07-28 00:00:00-04:00,20.258724212646484,20.31601610953383,20.16323626080373,20.258724212646484,19278000,0.0,0.0,0.0,XLU
2017-07-31 00:00:00-04:00,20.235803625288597,20.37330648899192,20.205248242815802,20.327472686767578,23722600,0.0,0.0,0.0,XLU
2017-08-01 00:00:00-04:00,20.358036307021454,20.48026080043078,20.338939003119542,20.442066192626953,21646200,0.0,0.0,0.0,XLU
2017-08-02 00:00:00-04:00,20.400051150214857,20.53373373390641,20.27782665740233,20.52991485595703,16031800,0.0,0.0,0.0,XLU
2017-08-03 00:00:00-04:00,20.556637410016734,20.633028030395508,20.46496983118612,20.633028030395508,20929400,0.0,0.0,0.0,XLU
2017-08-04 00:00:00-04:00,20.52608961305728,20.58720184051321,20.430601666592988,20.541366577148438,34930800,0.0,0.0,0.0,XLU
2017-08-07 00:00:00-04:00,20.56428542195621,20.61393956501535,20.510812401906602,20.606300354003906,10322800,0.0,0.0,0.0,XLU
2017-08-08 00:00:00-04:00,20.58719909707302,20.690324783325195,20.560462592188347,20.690324783325195,15137400,0.0,0.0,0.0,XLU
2017-08-09 00:00:00-04:00,20.724701486189712,20.77817595553969,20.56810132566912,20.5833797454834,17704400,0.0,0.0,0.0,XLU
2017-08-10 00:00:00-04:00,20.552825578397837,20.68650811710312,20.50699031624426,20.648313522338867,19229600,0.0,0.0,0.0,XLU
2017-08-11 00:00:00-04:00,20.602481731696937,20.64449666723536,20.45352074717392,20.526092529296875,18672600,0.0,0.0,0.0,XLU
2017-08-14 00:00:00-04:00,20.529907862179396,20.65595264703341,20.52608898553097,20.644493103027344,23655600,0.0,0.0,0.0,XLU
2017-08-15 00:00:00-04:00,20.50317198233057,20.77435740061449,20.49171389500406,20.759078979492188,19164600,0.0,0.0,0.0,XLU
2017-08-16 00:00:00-04:00,20.724701654533746,20.854565309949372,20.724701654533746,20.843107223510742,14263600,0.0,0.0,0.0,XLU
2017-08-17 00:00:00-04:00,20.797280013762663,20.86603146825027,20.67887440724939,20.69415283203125,17912600,0.0,0.0,0.0,XLU
2017-08-18 00:00:00-04:00,20.62539413872115,20.915676822543166,20.62539413872115,20.816370010375977,29697600,0.0,0.0,0.0,XLU
2017-08-21 00:00:00-04:00,20.877486622532597,20.92714076757591,20.797277089253036,20.892765045166016,11312000,0.0,0.0,0.0,XLU
2017-08-22 00:00:00-04:00,20.904224814986343,20.94242087464205,20.831654487186537,20.938600540161133,16300600,0.0,0.0,0.0,XLU
2017-08-23 00:00:00-04:00,20.93096406406257,21.014993949257768,20.862212604726665,21.007354736328125,14092600,0.0,0.0,0.0,XLU
2017-08-24 00:00:00-04:00,20.99589530116633,21.04172911877875,20.95388036125878,20.992074966430664,14034800,0.0,0.0,0.0,XLU
2017-08-25 00:00:00-04:00,21.041724235049614,21.13721218284762,20.992070094226126,21.060821533203125,15723600,0.0,0.0,0.0,XLU
2017-08-28 00:00:00-04:00,21.133389996331488,21.133389996331488,20.99970601613224,21.099014282226562,15745400,0.0,0.0,0.0,XLU
2017-08-29 00:00:00-04:00,21.13339550110213,21.167769767130544,21.049365632062166,21.053184509277344,15860600,0.0,0.0,0.0,XLU
2017-08-30 00:00:00-04:00,21.04172911877875,21.060826421364695,20.961519573699313,20.992074966430664,11502200,0.0,0.0,0.0,XLU
2017-08-31 00:00:00-04:00,21.01116662744465,21.053181556071046,20.980611242917526,20.99588966369629,20939000,0.0,0.0,0.0,XLU
2017-09-01 00:00:00-04:00,21.02644765771028,21.06082338021349,20.869847467869107,20.930959701538086,22537400,0.0,0.0,0.0,XLU
2017-09-05 00:00:00-04:00,20.96915334922111,20.999708734030005,20.866026193559055,20.98443031311035,18080800,0.0,0.0,0.0,XLU
2017-09-06 00:00:00-04:00,21.007350215235004,21.041725937504793,20.850750026457202,20.888944625854492,22857400,0.0,0.0,0.0,XLU
2017-09-07 00:00:00-04:00,20.908040351192973,21.068459393839625,20.888941597232826,21.045541763305664,24703400,0.0,0.0,0.0,XLU
2017-09-08 00:00:00-04:00,21.014984224227415,21.160126288661992,20.97678817725505,21.144847869873047,18039800,0.0,0.0,0.0,XLU
2017-09-11 00:00:00-04:00,21.106655566757368,21.351105939650015,21.102836689897853,21.324369430541992,20183200,0.0,0.0,0.0,XLU
2017-09-12 00:00:00-04:00,21.309095102595755,21.309095102595755,20.85457144638285,20.969158172607422,37790600,0.0,0.0,0.0,XLU
2017-09-13 00:00:00-04:00,20.95005240956751,20.9653308288937,20.850745598007794,20.866024017333984,21458200,0.0,0.0,0.0,XLU
2017-09-14 00:00:00-04:00,20.85456624131493,21.05318133829312,20.79345401586244,21.041723251342773,20390800,0.0,0.0,0.0,XLU
2017-09-15 00:00:00-04:00,21.10215145053627,21.132939891180833,20.975145279000337,21.071361541748047,17030200,0.2085,0.0,0.0,XLU
2017-09-18 00:00:00-04:00,21.055966873700232,21.071361828303704,20.71728668128592,20.855836868286133,31607000,0.0,0.0,0.0,XLU
2017-09-19 00:00:00-04:00,20.89047701769675,20.905871973947733,20.782715260227523,20.813505172729492,31560000,0.0,0.0,0.0,XLU
2017-09-20 00:00:00-04:00,20.848134632832917,20.894319486102603,20.57873032947646,20.6595516204834,39494000,0.0,0.0,0.0,XLU
2017-09-21 00:00:00-04:00,20.678795018071707,20.790406213648378,20.628762160029858,20.655702590942383,21424600,0.0,0.0,0.0,XLU
2017-09-22 00:00:00-04:00,20.713432851408548,20.740373282225754,20.48636245727539,20.48636245727539,22483800,0.0,0.0,0.0,XLU
2017-09-25 00:00:00-04:00,20.517153151427088,20.698038698442417,20.48251524359123,20.67494773864746,23446600,0.0,0.0,0.0,XLU
2017-09-26 00:00:00-04:00,20.667253073388434,20.70958846296131,20.59797724829529,20.636463165283203,20022200,0.0,0.0,0.0,XLU
2017-09-27 00:00:00-04:00,20.494067668184517,20.574888991141126,20.259299709758626,20.359365463256836,24701600,0.0,0.0,0.0,XLU
2017-09-28 00:00:00-04:00,20.286234556544418,20.486364540208406,20.232353689431715,20.432483673095703,28365000,0.0,0.0,0.0,XLU
2017-09-29 00:00:00-04:00,20.440181892515156,20.50176023833127,20.343965635418506,20.417089462280273,24254200,0.0,0.0,0.0,XLU
2017-10-02 00:00:00-04:00,20.405543522164958,20.547943168384194,20.382451092449596,20.45172691345215,33228600,0.0,0.0,0.0,XLU
2017-10-03 00:00:00-04:00,20.46326962853044,20.467119100367828,20.266989140980463,20.39399528503418,19115000,0.0,0.0,0.0,XLU
2017-10-04 00:00:00-04:00,20.405546058139596,20.605676069447366,20.343967706055953,20.597978591918945,24281000,0.0,0.0,0.0,XLU
2017-10-05 00:00:00-04:00,20.59028083362584,20.621070743319677,20.48636709062469,20.5787353515625,25278400,0.0,0.0,0.0,XLU
2017-10-06 00:00:00-04:00,20.482512227683713,20.571030986198597,20.405538947366317,20.56333351135254,20836400,0.0,0.0,0.0,XLU
2017-10-09 00:00:00-04:00,20.60181647264094,20.640303841369906,20.563330572054976,20.59027099609375,14681400,0.0,0.0,0.0,XLU
2017-10-10 00:00:00-04:00,20.64030249350784,20.794247553941716,20.574874705012693,20.7903995513916,16653600,0.0,0.0,0.0,XLU
2017-10-11 00:00:00-04:00,20.767316023237342,20.98284096189376,20.763468019039696,20.87892723083496,30938200,0.0,0.0,0.0,XLU
2017-10-12 00:00:00-04:00,20.90202120932612,21.04057139286112,20.86738329640646,20.986690521240234,27336400,0.0,0.0,0.0,XLU
2017-10-13 00:00:00-04:00,21.044418734357116,21.079056643769057,20.778862407627894,20.84044075012207,25425400,0.0,0.0,0.0,XLU
2017-10-16 00:00:00-04:00,20.832747414322363,20.87893081333612,20.624919916544787,20.794260025024414,22492800,0.0,0.0,0.0,XLU
2017-10-17 00:00:00-04:00,20.78270964376552,20.959747188376504,20.724979307497684,20.91741180419922,19199200,0.0,0.0,0.0,XLU
2017-10-18 00:00:00-04:00,20.828894367404384,20.92126261772672,20.79810592939263,20.87892723083496,17382000,0.0,0.0,0.0,XLU
2017-10-19 00:00:00-04:00,20.917415790013152,21.098302841186523,20.894324825620785,21.098302841186523,20571800,0.0,0.0,0.0,XLU
2017-10-20 00:00:00-04:00,21.013627519398405,21.156028620407852,21.005931511691827,21.113693237304688,22462800,0.0,0.0,0.0,XLU
2017-10-23 00:00:00-04:00,21.109845373055286,21.167575712255207,21.036721549126433,21.125240325927734,21222000,0.0,0.0,0.0,XLU
2017-10-24 00:00:00-04:00,21.090602698652123,21.16757599590229,21.040569835217983,21.14448356628418,22671400,0.0,0.0,0.0,XLU
2017-10-25 00:00:00-04:00,21.055966305866857,21.094453691337616,20.801955434334403,21.0521183013916,36662600,0.0,0.0,0.0,XLU
2017-10-26 00:00:00-04:00,21.152179764949434,21.2637909658122,21.048266040161014,21.05596351623535,34659200,0.0,0.0,0.0,XLU
2017-10-27 00:00:00-04:00,21.032875842774626,21.236853852116393,20.994388456388847,21.18682098388672,20732200,0.0,0.0,0.0,XLU
2017-10-30 00:00:00-04:00,21.032875402905255,21.233003935351235,21.032875402905255,21.190670013427734,20114800,0.0,0.0,0.0,XLU
2017-10-31 00:00:00-04:00,21.175272555740708,21.256093853689954,21.12139169044121,21.21375846862793,19064000,0.0,0.0,0.0,XLU
2017-11-01 00:00:00-04:00,21.248393186170826,21.248393186170826,21.05596071434937,21.09444808959961,21758400,0.0,0.0,0.0,XLU
2017-11-02 00:00:00-04:00,21.094451133054736,21.259943200149433,21.04056879993039,21.171422958374023,29453800,0.0,0.0,0.0,XLU
2017-11-03 00:00:00-04:00,21.144482195470417,21.352309644129193,21.098298807371833,21.248395919799805,23264400,0.0,0.0,0.0,XLU
2017-11-06 00:00:00-05:00,21.275339487691365,21.28688643752552,21.15603226183977,21.167577743530273,23993000,0.0,0.0,0.0,XLU
2017-11-07 00:00:00-05:00,21.202215933856436,21.452378806807044,21.125242629245196,21.421588897705078,22649000,0.0,0.0,0.0,XLU
2017-11-08 00:00:00-05:00,21.410044578014414,21.494713896353375,21.286887871208876,21.43698501586914,19169800,0.0,0.0,0.0,XLU
2017-11-09 00:00:00-05:00,21.3754056210143,21.502410326406697,21.325372752517328,21.463924407958984,21525200,0.0,0.0,0.0,XLU
2017-11-10 00:00:00-05:00,21.34845997185557,21.413886310870378,21.29072964013623,21.363853454589844,22073000,0.0,0.0,0.0,XLU
2017-11-13 00:00:00-05:00,21.38694998852063,21.637112849826693,21.38694998852063,21.617868423461914,19645600,0.0,0.0,0.0,XLU
2017-11-14 00:00:00-05:00,21.556287750099315,21.902666833276605,21.54859174215622,21.887271881103516,24747600,0.0,0.0,0.0,XLU
2017-11-15 00:00:00-05:00,21.971942297119412,22.02582316071664,21.675596079191227,21.698688507080078,24130400,0.0,0.0,0.0,XLU
2017-11-16 00:00:00-05:00,21.644806648605986,21.6948380378504,21.56398388878164,21.629411697387695,22882200,0.0,0.0,0.0,XLU
2017-11-17 00:00:00-05:00,21.583232356757158,21.637113227975554,21.460074192073304,21.479318618774414,33300800,0.0,0.0,0.0,XLU
2017-11-20 00:00:00-05:00,21.490858398528875,21.517798826990493,21.379247213106034,21.41388511657715,18583800,0.0,0.0,0.0,XLU
2017-11-21 00:00:00-05:00,21.475462840970753,21.533193167837172,21.41388451078007,21.471614837646484,15512000,0.0,0.0,0.0,XLU
2017-11-22 00:00:00-05:00,21.456219888063014,21.513950214929434,21.39079355454806,21.471614837646484,11157800,0.0,0.0,0.0,XLU
2017-11-24 00:00:00-05:00,21.483161770228367,21.590923488322016,21.471616291330704,21.506254196166992,10004400,0.0,0.0,0.0,XLU
2017-11-27 00:00:00-05:00,21.53319693080849,21.637110656441266,21.479316065993746,21.598623275756836,14393600,0.0,0.0,0.0,XLU
2017-11-28 00:00:00-05:00,21.652503651302375,21.74102389080459,21.606320263668096,21.698688507080078,18371000,0.0,0.0,0.0,XLU
2017-11-29 00:00:00-05:00,21.625566721889804,21.802605761423315,21.54859488608111,21.710237503051758,31138800,0.0,0.0,0.0,XLU
2017-11-30 00:00:00-05:00,21.737179942914093,21.829548209800016,21.6948445484307,21.783363342285156,31783000,0.0,0.0,0.0,XLU
2017-12-01 00:00:00-05:00,21.856486633746865,21.898822024327842,21.590928808518427,21.710237503051758,48151800,0.0,0.0,0.0,XLU
2017-12-04 00:00:00-05:00,21.72178217763453,21.806452955650204,21.55244208974679,21.587080001831055,26111600,0.0,0.0,0.0,XLU
2017-12-05 00:00:00-05:00,21.62171540038346,21.62171540038346,21.20990997577838,21.313823699951172,39752000,0.0,0.0,0.0,XLU
2017-12-06 00:00:00-05:00,21.34846420462034,21.436982987502187,21.27918838007913,21.3946475982666,18889600,0.0,0.0,0.0,XLU
2017-12-07 00:00:00-05:00,21.35616034309248,21.43698164394389,21.263792093445495,21.43313217163086,22950400,0.0,0.0,0.0,XLU
2017-12-08 00:00:00-05:00,21.406188925451346,21.506254638433223,21.321519631555137,21.502405166625977,19950600,0.0,0.0,0.0,XLU
2017-12-11 00:00:00-05:00,21.483161721676485,21.644805766594942,21.421583387455954,21.633258819580078,30870800,0.0,0.0,0.0,XLU
2017-12-12 00:00:00-05:00,21.552438865419965,21.579379296550268,21.252244651028928,21.263790130615234,43101000,0.0,0.0,0.0,XLU
2017-12-13 00:00:00-05:00,21.321521759033203,21.44082897038258,21.259943417262836,21.321521759033203,34770200,0.0,0.0,0.0,XLU
2017-12-14 00:00:00-05:00,21.302276467377258,21.39079670645396,21.129088397545367,21.294580459594727,26287200,0.0,0.0,0.0,XLU
2017-12-15 00:00:00-05:00,21.364894267644345,21.450354318900253,21.30274190722982,21.372663497924805,27275200,0.2555,0.0,0.0,XLU
2017-12-18 00:00:00-05:00,21.392078813646954,21.454231153668356,21.104624796733713,21.135700225830078,38807000,0.0,0.0,0.0,XLU
2017-12-19 00:00:00-05:00,21.13569967027038,21.16289122570071,20.73947795736301,20.751131057739258,29775000,0.0,0.0,0.0,XLU
2017-12-20 00:00:00-05:00,20.73560030340782,20.80940576430706,20.5763347959091,20.587987899780273,31512000,0.0,0.0,0.0,XLU
2017-12-21 00:00:00-05:00,20.444250637860854,20.44813450993447,20.2616775320059,20.343252182006836,39869800,0.0,0.0,0.0,XLU
2017-12-22 00:00:00-05:00,20.366565107349853,20.45202513327139,20.354912006298267,20.37433433532715,22943400,0.0,0.0,0.0,XLU
2017-12-26 00:00:00-05:00,20.39764089492169,20.45979323800063,20.250030006252175,20.25391387939453,16487400,0.0,0.0,0.0,XLU
2017-12-27 00:00:00-05:00,20.327723346872308,20.37822111317977,20.28499332782066,20.33937644958496,21232800,0.0,0.0,0.0,XLU
2017-12-28 00:00:00-05:00,20.378217537399184,20.45979220573167,20.34325675356688,20.452024459838867,9821600,0.0,0.0,0.0,XLU
2017-12-29 00:00:00-05:00,20.51417760123352,20.55302225952982,20.420948346762188,20.46367835998535,14060200,0.0,0.0,0.0,XLU
2018-01-02 00:00:00-05:00,20.459793441614885,20.486986481196993,20.211184066824984,20.27333641052246,24540000,0.0,0.0,0.0,XLU
2018-01-03 00:00:00-05:00,20.19953475131827,20.347147150951574,20.044153122038054,20.11407470703125,41615800,0.0,0.0,0.0,XLU
2018-01-04 00:00:00-05:00,20.051919103664957,20.18399302261103,19.908192083050604,19.947036743164062,29943600,0.0,0.0,0.0,XLU
2018-01-05 00:00:00-05:00,20.01696317330425,20.048040094397873,19.838275322503403,19.939273834228516,46832600,0.0,0.0,0.0,XLU
2018-01-08 00:00:00-05:00,19.974232749955572,20.141267492934624,19.935388081191242,20.125730514526367,28601000,0.0,0.0,0.0,XLU
2018-01-09 00:00:00-05:00,20.121842400240034,20.129611629293716,19.896540684998964,19.927616119384766,30877400,0.0,0.0,0.0,XLU
2018-01-10 00:00:00-05:00,19.811081935770094,19.842158854006094,19.66735489350114,19.710084915161133,31124000,0.0,0.0,0.0,XLU
2018-01-11 00:00:00-05:00,19.690657452778407,19.780001353412977,19.57023812149338,19.636274337768555,33091000,0.0,0.0,0.0,XLU
2018-01-12 00:00:00-05:00,19.57800902164926,19.682889905651912,19.46535742703442,19.523624420166016,37270600,0.0,0.0,0.0,XLU
2018-01-16 00:00:00-05:00,19.601315338352226,19.655698458317843,19.36824440083418,19.48089599609375,54585600,0.0,0.0,0.0,XLU
2018-01-17 00:00:00-05:00,19.511972538173964,19.655699575081833,19.48478097664623,19.601316452026367,46903200,0.0,0.0,0.0,XLU
2018-01-18 00:00:00-05:00,19.60131734458699,19.605202700313,19.376015612836643,19.477012634277344,42659400,0.0,0.0,0.0,XLU
2018-01-19 00:00:00-05:00,19.55469900915929,19.59742902147015,19.395433542618903,19.41874122619629,37263800,0.0,0.0,0.0,XLU
2018-01-22 00:00:00-05:00,19.511972428677137,19.63627713262891,19.41485928610051,19.44593620300293,41073000,0.0,0.0,0.0,XLU
2018-01-23 00:00:00-05:00,19.519739388024146,19.772234122093288,19.461470916522412,19.63239097595215,53347800,0.0,0.0,0.0,XLU
2018-01-24 00:00:00-05:00,19.601316340713197,19.616854799163363,19.480896992296785,19.511972427368164,39062800,0.0,0.0,0.0,XLU
2018-01-25 00:00:00-05:00,19.51974288184272,19.83050466120774,19.50808977818811,19.814966201782227,52570000,0.0,0.0,0.0,XLU
2018-01-26 00:00:00-05:00,19.86935394587596,19.927620955174707,19.628512232254096,19.826623916625977,47900000,0.0,0.0,0.0,XLU
2018-01-29 00:00:00-05:00,19.733388865745315,19.768349653848983,19.550817178385152,19.57412338256836,36121800,0.0,0.0,0.0,XLU
2018-01-30 00:00:00-05:00,19.558589640086517,19.690663595668685,19.550821891372163,19.609088897705078,26178200,0.0,0.0,0.0,XLU
2018-01-31 00:00:00-05:00,19.632397588638252,19.84604625305889,19.523629837321213,19.826623916625977,54822800,0.0,0.0,0.0,XLU
2018-02-01 00:00:00-05:00,19.80331176744448,19.881002577522565,19.457589218517402,19.515857696533203,57039200,0.0,0.0,0.0,XLU
2018-02-02 00:00:00-05:00,19.418748552602185,19.562475617650406,19.35271083179889,19.376018524169922,43612800,0.0,0.0,0.0,XLU
2018-02-05 00:00:00-05:00,19.344939682025856,19.55082057297382,19.022524786270466,19.057485580444336,66944600,0.0,0.0,0.0,XLU
2018-02-06 00:00:00-05:00,18.83217559660434,18.93317406878293,18.40099311715182,18.773908615112305,83343200,0.0,0.0,0.0,XLU
2018-02-07 00:00:00-05:00,18.762259217100876,18.98367706796814,18.676800657602502,18.684568405151367,55760400,0.0,0.0,0.0,XLU
2018-02-08 00:00:00-05:00,18.63018020963413,18.882674909276062,18.455376300791915,18.47480010986328,52083800,0.0,0.0,0.0,XLU
2018-02-09 00:00:00-05:00,18.52529792103161,19.006979640001326,18.470914811853927,18.863252639770508,72845000,0.0,0.0,0.0,XLU
2018-02-12 00:00:00-05:00,18.90210044026274,19.111865166426718,18.731181856996997,19.006982803344727,53008800,0.0,0.0,0.0,XLU
2018-02-13 00:00:00-05:00,18.99921799805176,19.166252746830146,18.801107809548814,19.09244728088379,50134400,0.0,0.0,0.0,XLU
2018-02-14 00:00:00-05:00,18.929289138955706,19.05747916840573,18.824406791722577,18.8787899017334,40682200,0.0,0.0,0.0,XLU
2018-02-15 00:00:00-05:00,18.925408587665416,19.306091906381475,18.89821702788776,19.298322677612305,33008200,0.0,0.0,0.0,XLU
2018-02-16 00:00:00-05:00,19.30997471220859,19.515855558636297,19.236169265725472,19.469240188598633,40133000,0.0,0.0,0.0,XLU
2018-02-20 00:00:00-05:00,19.403200470267162,19.473122030881555,19.12351422780958,19.21674346923828,33546600,0.0,0.0,0.0,XLU
2018-02-21 00:00:00-05:00,19.22840804758917,19.356598145851212,18.960376226445,18.96426010131836,44922800,0.0,0.0,0.0,XLU
2018-02-22 00:00:00-05:00,19.026400533625125,19.205088302266905,18.956478975142954,19.06136131286621,40257800,0.0,0.0,0.0,XLU
2018-02-23 00:00:00-05:00,19.1157429754595,19.581886169555673,19.092436778943128,19.558578491210938,41284800,0.0,0.0,0.0,XLU
2018-02-26 00:00:00-05:00,19.636278249176772,19.671239041765443,19.461474286233436,19.500320434570312,27209800,0.0,0.0,0.0,XLU
2018-02-27 00:00:00-05:00,19.51585631560215,19.632391781558816,19.181786893185215,19.189556121826172,36402400,0.0,0.0,0.0,XLU
2018-02-28 00:00:00-05:00,19.25948111546792,19.309978887851983,19.057485580444336,19.057485580444336,23892200,0.0,0.0,0.0,XLU
2018-03-01 00:00:00-05:00,19.096322092107297,19.368239099334794,18.97201742854532,19.06136131286621,43182600,0.0,0.0,0.0,XLU
2018-03-02 00:00:00-05:00,19.04971421826011,19.240055146035502,18.85160257950571,19.010868072509766,33714200,0.0,0.0,0.0,XLU
2018-03-05 00:00:00-05:00,18.964256008209787,19.4420525332971,18.925411340542496,19.399322509765625,31000800,0.0,0.0,0.0,XLU
2018-03-06 00:00:00-05:00,19.37601731200012,19.41874733775918,19.096330948362034,19.139060974121094,41416000,0.0,0.0,0.0,XLU
2018-03-07 00:00:00-05:00,19.080791282184993,19.162367454311372,18.92152577558255,18.995332717895508,33357600,0.0,0.0,0.0,XLU
2018-03-08 00:00:00-05:00,19.03805685544916,19.177899996085593,19.00698142521258,19.135169982910156,24517600,0.0,0.0,0.0,XLU
2018-03-09 00:00:00-05:00,19.09632685996353,19.19343999523223,19.041943741305676,19.189556121826172,26197000,0.0,0.0,0.0,XLU
2018-03-12 00:00:00-04:00,19.197316981412676,19.2944300818411,19.17401078567998,19.2711238861084,32463600,0.0,0.0,0.0,XLU
2018-03-13 00:00:00-04:00,19.34104958763568,19.430393481384012,19.166245672985188,19.313858032226562,37745000,0.0,0.0,0.0,XLU
2018-03-14 00:00:00-04:00,19.372129264974564,19.5780101348669,19.360476162051416,19.511972427368164,38264600,0.0,0.0,0.0,XLU
2018-03-15 00:00:00-04:00,19.500320434570312,19.679008271432817,19.383784953217766,19.500320434570312,42135600,0.0,0.0,0.0,XLU
2018-03-16 00:00:00-04:00,19.499144069364224,19.722282111171843,19.487398940140835,19.671390533447266,39512600,0.1935,0.0,0.0,XLU
2018-03-19 00:00:00-04:00,19.659646309876923,19.72619556900784,19.436508274739595,19.550033569335938,43379200,0.0,0.0,0.0,XLU
2018-03-20 00:00:00-04:00,19.553950749272204,19.636159191563504,19.41302113772062,19.459997177124023,29936400,0.0,0.0,0.0,XLU
2018-03-21 00:00:00-04:00,19.475656318113405,19.659647920997983,19.326897118050525,19.393447875976562,38471800,0.0,0.0,0.0,XLU
2018-03-22 00:00:00-04:00,19.41302112413082,19.792747966841063,19.35821549597499,19.479570388793945,50664800,0.0,0.0,0.0,XLU
2018-03-23 00:00:00-04:00,19.47956974240388,19.655731750874462,19.166393668090244,19.205541610717773,34668600,0.0,0.0,0.0,XLU
2018-03-26 00:00:00-04:00,19.26817167027867,19.432588505299737,19.22902373812538,19.40518569946289,27519200,0.0,0.0,0.0,XLU
2018-03-27 00:00:00-04:00,19.432591342632268,19.8866969685275,19.36995613538262,19.68313217163086,42912000,0.0,0.0,0.0,XLU
2018-03-28 00:00:00-04:00,19.706620855663502,19.784915237748216,19.54611804439335,19.675302505493164,46346200,0.0,0.0,0.0,XLU
2018-03-29 00:00:00-04:00,19.73402410436976,19.874953696588953,19.698791706314957,19.7810001373291,30929000,0.0,0.0,0.0,XLU
2018-04-02 00:00:00-04:00,19.816237813287305,19.910191397570976,19.487402508306797,19.628332138061523,35585200,0.0,0.0,0.0,XLU
2018-04-03 00:00:00-04:00,19.593096375205462,19.78883160671269,19.542204796878014,19.69487953186035,27597600,0.0,0.0,0.0,XLU
2018-04-04 00:00:00-04:00,19.690963797629774,19.788831412422507,19.53046096910334,19.737939834594727,32714600,0.0,0.0,0.0,XLU
2018-04-05 00:00:00-04:00,19.73402650825931,19.953250511009507,19.514802505509113,19.894529342651367,28572600,0.0,0.0,0.0,XLU
2018-04-06 00:00:00-04:00,19.921931428274277,19.964993417717686,19.694879338492605,19.737939834594727,28624000,0.0,0.0,0.0,XLU
2018-04-09 00:00:00-04:00,19.75359558950171,19.91409839022468,19.687046339774618,19.777084350585938,23512200,0.0,0.0,0.0,XLU
2018-04-10 00:00:00-04:00,19.780995963192716,19.80448472138643,19.581346745239106,19.624408721923828,28182400,0.0,0.0,0.0,XLU
2018-04-11 00:00:00-04:00,19.616582881041385,19.687047675734764,19.53045891122923,19.597009658813477,16048200,0.0,0.0,0.0,XLU
2018-04-12 00:00:00-04:00,19.600926622594454,19.65181820263273,19.299494176739056,19.338642120361328,24157600,0.0,0.0,0.0,XLU
2018-04-13 00:00:00-04:00,19.37387878634406,19.57744216461038,19.37387878634406,19.49131965637207,20874600,0.0,0.0,0.0,XLU
2018-04-16 00:00:00-04:00,19.534375021012597,19.76925668127544,19.522629892660632,19.75751304626465,30795200,0.0,0.0,0.0,XLU
2018-04-17 00:00:00-04:00,19.804495302623554,20.027633397990126,19.72228684503411,19.957168579101562,26389000,0.0,0.0,0.0,XLU
2018-04-18 00:00:00-04:00,19.980657249409507,20.156819295745418,19.878874070041366,19.882789611816406,28240000,0.0,0.0,0.0,XLU
2018-04-19 00:00:00-04:00,19.81231686648355,19.918014051996234,19.71053372783828,19.871036529541016,30335400,0.0,0.0,0.0,XLU
2018-04-20 00:00:00-04:00,19.847554448220954,19.894530489610922,19.628330432832055,19.69096565246582,28160000,0.0,0.0,0.0,XLU
2018-04-23 00:00:00-04:00,19.718363063912168,19.816230661103194,19.62832505369735,19.70270538330078,23874000,0.0,0.0,0.0,XLU
2018-04-24 00:00:00-04:00,19.718365063076465,19.9571622633678,19.687048205337582,19.835805892944336,33808800,0.0,0.0,0.0,XLU
2018-04-25 00:00:00-04:00,19.765346635357186,19.910190305396778,19.69096628298813,19.839725494384766,26815000,0.0,0.0,0.0,XLU
2018-04-26 00:00:00-04:00,19.859293554433933,20.066772392134002,19.769255540085958,20.039369583129883,23534200,0.0,0.0,0.0,XLU
2018-04-27 00:00:00-04:00,20.015886884156025,20.31731934536043,19.97673893854033,20.242938995361328,34314600,0.0,0.0,0.0,XLU
2018-04-30 00:00:00-04:00,20.274257395449123,20.340806663126756,20.16464464083091,20.184219360351562,25492000,0.0,0.0,0.0,XLU
2018-05-01 00:00:00-04:00,20.184215331176485,20.21944772860256,20.086347726475292,20.121580123901367,21942600,0.0,0.0,0.0,XLU
2018-05-02 00:00:00-04:00,20.125495676719865,20.195960476843876,20.023714017285872,20.102006912231445,25960600,0.0,0.0,0.0,XLU
2018-05-03 00:00:00-04:00,20.062860398888798,20.168557598727794,19.847551951812875,20.074604034423828,32960200,0.0,0.0,0.0,XLU
2018-05-04 00:00:00-04:00,20.109838611780418,20.254683767988155,20.109838611780418,20.164644241333008,23486800,0.0,0.0,0.0,XLU
2018-05-07 00:00:00-04:00,20.152898681668244,20.195960670305556,20.03154230399411,20.05894660949707,17044000,0.0,0.0,0.0,XLU
2018-05-08 00:00:00-04:00,19.97673844381752,20.011970847328403,19.522632739311383,19.557865142822266,46295800,0.0,0.0,0.0,XLU
2018-05-09 00:00:00-04:00,19.56177268077557,19.59700506987205,19.346462806663308,19.42084312438965,44301000,0.0,0.0,0.0,XLU
2018-05-10 00:00:00-04:00,19.585266786744214,19.69879357942032,19.479569582529354,19.69487953186035,27922800,0.0,0.0,0.0,XLU
2018-05-11 00:00:00-04:00,19.714456634363835,19.77709186103344,19.643991817692825,19.722286224365234,12957800,0.0,0.0,0.0,XLU
2018-05-14 00:00:00-04:00,19.75360257196053,19.788834979370225,19.56178284866229,19.647905349731445,17025600,0.0,0.0,0.0,XLU
2018-05-15 00:00:00-04:00,19.530460303552598,19.62049832689268,19.389530704118993,19.483484268188477,22141400,0.0,0.0,0.0,XLU
2018-05-16 00:00:00-04:00,19.491311442708284,19.51871425105585,19.25642830829064,19.330808639526367,27082600,0.0,0.0,0.0,XLU
2018-05-17 00:00:00-04:00,19.334723851673278,19.389529471671374,19.135074594060043,19.17422103881836,22552000,0.0,0.0,0.0,XLU
2018-05-18 00:00:00-04:00,19.229026905732574,19.29166211415485,19.029377645555684,19.178136825561523,23620800,0.0,0.0,0.0,XLU
2018-05-21 00:00:00-04:00,19.201628253177688,19.33081423852613,19.11550575628688,19.27600860595703,21484000,0.0,0.0,0.0,XLU
2018-05-22 00:00:00-04:00,19.268178879580528,19.459998592208905,19.268178879580528,19.346471786499023,22051400,0.0,0.0,0.0,XLU
2018-05-23 00:00:00-04:00,19.413025134618234,19.565698414118835,19.36604908554305,19.52263641357422,27165800,0.0,0.0,0.0,XLU
2018-05-24 00:00:00-04:00,19.550032169557714,19.698791346778556,19.48348291519171,19.68313217163086,25795200,0.0,0.0,0.0,XLU
2018-05-25 00:00:00-04:00,19.710533528643175,19.820146253256567,19.67138708700048,19.769254684448242,27743200,0.0,0.0,0.0,XLU
2018-05-29 00:00:00-04:00,19.73402228963341,19.902354676710843,19.6283251051889,19.769254684448242,34561400,0.0,0.0,0.0,XLU
2018-05-30 00:00:00-04:00,19.71445531006552,19.964996199914115,19.663563725145806,19.929763793945312,27771800,0.0,0.0,0.0,XLU
2018-05-31 00:00:00-04:00,19.906269624991054,20.078517560037596,19.78491475439855,19.961076736450195,30216400,0.0,0.0,0.0,XLU
2018-06-01 00:00:00-04:00,19.910183730358895,19.918013317145903,19.561775331712493,19.65572738647461,34360000,0.0,0.0,0.0,XLU
2018-06-04 00:00:00-04:00,19.694876898450634,19.777085326289633,19.483482518286536,19.499141693115234,28729000,0.0,0.0,0.0,XLU
2018-06-05 00:00:00-04:00,19.534379238572978,19.561782055075327,19.322984802690705,19.397363662719727,29829200,0.0,0.0,0.0,XLU
2018-06-06 00:00:00-04:00,19.393445996993034,19.416933267704298,18.9354248046875,18.9354248046875,52255800,0.0,0.0,0.0,XLU
2018-06-07 00:00:00-04:00,18.966747448452704,19.25643480394284,18.927599499507036,19.06852912902832,43051600,0.0,0.0,0.0,XLU
2018-06-08 00:00:00-04:00,19.13898812157681,19.14681770898413,19.00197407530149,19.060693740844727,22482400,0.0,0.0,0.0,XLU
2018-06-11 00:00:00-04:00,19.10375574535805,19.17422053875822,18.966741698936104,19.021547317504883,34670400,0.0,0.0,0.0,XLU
2018-06-12 00:00:00-04:00,19.005892861249862,19.26426333674887,18.994149223881287,19.24077606201172,33322600,0.0,0.0,0.0,XLU
2018-06-13 00:00:00-04:00,19.264263043562472,19.377789847535844,19.131163013158872,19.189884185791016,33451400,0.0,0.0,0.0,XLU
2018-06-14 00:00:00-04:00,19.22119627524215,19.471738588680235,19.197709006696233,19.42867660522461,32277200,0.0,0.0,0.0,XLU
2018-06-15 00:00:00-04:00,19.404982708251584,19.57482085816146,19.250943806402912,19.56692123413086,43422400,0.22,0.0,0.0,XLU
2018-06-18 00:00:00-04:00,19.555066038606643,19.693307163703384,19.515569435264055,19.630111694335938,34453400,0.0,0.0,0.0,XLU
2018-06-19 00:00:00-04:00,19.665660522387473,19.89474354877051,19.630112974381614,19.82364845275879,33294800,0.0,0.0,0.0,XLU
2018-06-20 00:00:00-04:00,19.855250083727714,19.890797637356794,19.752556481377407,19.83945083618164,24635400,0.0,0.0,0.0,XLU
2018-06-21 00:00:00-04:00,19.85919939421163,20.009289234405127,19.796003909924767,19.906597137451172,25407400,0.0,0.0,0.0,XLU
2018-06-22 00:00:00-04:00,19.918445080430118,20.096182844231823,19.878948469229357,20.044836044311523,25953400,0.0,0.0,0.0,XLU
2018-06-25 00:00:00-04:00,20.048782250462246,20.420056972405295,20.048782250462246,20.376609802246094,42932400,0.0,0.0,0.0,XLU
2018-06-26 00:00:00-04:00,20.321315791344123,20.51880185052784,20.277868617251855,20.400310516357422,39817400,0.0,0.0,0.0,XLU
2018-06-27 00:00:00-04:00,20.376612053528813,20.538550565023534,20.321316196925604,20.499053955078125,43529400,0.0,0.0,0.0,XLU
2018-06-28 00:00:00-04:00,20.518803554435365,20.684691134709652,20.459557129080725,20.49115562438965,30075600,0.0,0.0,0.0,XLU
2018-06-29 00:00:00-04:00,20.455610119979507,20.6056984676368,20.341067823057365,20.522754669189453,28741400,0.0,0.0,0.0,XLU
2018-07-02 00:00:00-04:00,20.534597534822925,20.680736771393,20.439803579910652,20.668888092041016,31405600,0.0,0.0,0.0,XLU
2018-07-03 00:00:00-04:00,20.67678355879623,20.85057220275954,20.581991122724066,20.728130340576172,21211200,0.0,0.0,0.0,XLU
2018-07-05 00:00:00-04:00,20.739983024810684,20.854525288331384,20.6530901927423,20.838726043701172,22062000,0.0,0.0,0.0,XLU
2018-07-06 00:00:00-04:00,20.88216675061936,21.04805575450065,20.84661921455183,21.00065803527832,24793400,0.0,0.0,0.0,XLU
2018-07-09 00:00:00-04:00,20.996715913934533,21.00066497182489,20.281815899865535,20.3529109954834,55873600,0.0,0.0,0.0,XLU
2018-07-10 00:00:00-04:00,20.159379039679553,20.657043289239166,20.100132614082344,20.546451568603516,54218200,0.0,0.0,0.0,XLU
2018-07-11 00:00:00-04:00,20.538551079332546,20.767635641509916,20.522751832279116,20.732088088989258,43544600,0.0,0.0,0.0,XLU
2018-07-12 00:00:00-04:00,20.732087010833457,20.791331924154147,20.63729304014168,20.74788475036621,34273400,0.0,0.0,0.0,XLU
2018-07-13 00:00:00-04:00,20.775534141050954,20.82293188308438,20.61359562251798,20.7518367767334,21918600,0.0,0.0,0.0,XLU
2018-07-16 00:00:00-04:00,20.736037147403053,20.78738394697714,20.629394489841083,20.732088088989258,20986400,0.0,0.0,0.0,XLU
2018-07-17 00:00:00-04:00,20.763683844564362,20.799231394976115,20.69653930861941,20.71628761291504,22107000,0.0,0.0,0.0,XLU
2018-07-18 00:00:00-04:00,20.692591544140633,20.72813909936316,20.522753392155156,20.609647750854492,20722600,0.0,0.0,0.0,XLU
2018-07-19 00:00:00-04:00,20.62939434502583,20.921674386666034,20.62939434502583,20.799232482910156,22238800,0.0,0.0,0.0,XLU
2018-07-20 00:00:00-04:00,20.73603520989589,20.791331062717106,20.51485029191203,20.653091430664062,27657000,0.0,0.0,0.0,XLU
2018-07-23 00:00:00-04:00,20.65704019587574,20.69653830925882,20.435856787726355,20.50695037841797,29527400,0.0,0.0,0.0,XLU
2018-07-24 00:00:00-04:00,20.45165394551921,20.641240364276527,20.2146712987473,20.578044891357422,31397600,0.0,0.0,0.0,XLU
2018-07-25 00:00:00-04:00,20.57409548274805,20.73998303132067,20.51090001090626,20.637290954589844,26937400,0.0,0.0,0.0,XLU
2018-07-26 00:00:00-04:00,20.736036644496735,20.9177234611074,20.700489092838204,20.858478546142578,38142000,0.0,0.0,0.0,XLU
2018-07-27 00:00:00-04:00,20.87032505595613,20.96116845480798,20.70838656118563,20.791330337524414,31495800,0.0,0.0,0.0,XLU
2018-07-30 00:00:00-04:00,20.763684820538227,20.763684820538227,20.59779724861872,20.664941787719727,18952800,0.0,0.0,0.0,XLU
2018-07-31 00:00:00-04:00,20.75578243890051,20.905872250715145,20.68073828634265,20.850576400756836,30439600,0.0,0.0,0.0,XLU
2018-08-01 00:00:00-04:00,20.73208685903116,20.775532525801932,20.538549860856286,20.71628761291504,39970800,0.0,0.0,0.0,XLU
2018-08-02 00:00:00-04:00,20.708383761773423,20.88217091347106,20.585941889421317,20.8189754486084,34583800,0.0,0.0,0.0,XLU
2018-08-03 00:00:00-04:00,20.826873751680314,21.107303515088073,20.755778669872907,21.0520076751709,30833200,0.0,0.0,0.0,XLU
2018-08-06 00:00:00-04:00,21.07176102401201,21.190253859886813,21.02831535845011,21.067811965942383,24398200,0.0,0.0,0.0,XLU
2018-08-07 00:00:00-04:00,21.028318618476142,21.071764290773434,20.87032915061592,21.036216735839844,26216400,0.0,0.0,0.0,XLU
2018-08-08 00:00:00-04:00,20.96512296741544,20.996719956718884,20.850580679454612,20.92562484741211,34012000,0.0,0.0,0.0,XLU
2018-08-09 00:00:00-04:00,20.921677028651548,21.032268757816475,20.850581915131432,21.02042007446289,17362200,0.0,0.0,0.0,XLU
2018-08-10 00:00:00-04:00,21.048062474221428,21.194201721733368,20.92167152934101,20.9295711517334,26601000,0.0,0.0,0.0,XLU
2018-08-13 00:00:00-04:00,20.965117792216677,20.996714773720466,20.858475154581043,20.957218170166016,34546800,0.0,0.0,0.0,XLU
2018-08-14 00:00:00-04:00,20.96511200590922,21.08360329056818,20.941413146298054,21.00065803527832,19887600,0.0,0.0,0.0,XLU
2018-08-15 00:00:00-04:00,21.067813370006952,21.32059529088172,21.02436619485052,21.194204330444336,38545400,0.0,0.0,0.0,XLU
2018-08-16 00:00:00-04:00,21.14680379590416,21.439082267456897,21.10335662958445,21.42328453063965,26545800,0.0,0.0,0.0,XLU
2018-08-17 00:00:00-04:00,21.411438333751775,21.62867269912378,21.37194172430198,21.53388023376465,28230200,0.0,0.0,0.0,XLU
2018-08-20 00:00:00-04:00,21.577328852133164,21.5891775344212,21.40749070807516,21.458837509155273,19149200,0.0,0.0,0.0,XLU
2018-08-21 00:00:00-04:00,21.427234285359873,21.43908296503303,21.24159693475322,21.304792404174805,23701600,0.0,0.0,0.0,XLU
2018-08-22 00:00:00-04:00,21.324544464278357,21.328493522353458,21.067811995125986,21.146806716918945,25305200,0.0,0.0,0.0,XLU
2018-08-23 00:00:00-04:00,21.138907771295635,21.281097973738504,21.09151153938103,21.13100814819336,22336200,0.0,0.0,0.0,XLU
2018-08-24 00:00:00-04:00,21.107309075048686,21.241599653092408,21.02436529332437,21.221851348876953,15692600,0.0,0.0,0.0,XLU
2018-08-27 00:00:00-04:00,21.237648107473095,21.296893013180405,20.984866227044666,21.091508865356445,24768200,0.0,0.0,0.0,XLU
2018-08-28 00:00:00-04:00,21.040163655504106,21.119158375746473,20.98486780334414,21.048063278198242,20132200,0.0,0.0,0.0,XLU
2018-08-29 00:00:00-04:00,21.09941096846193,21.202104568481445,21.067813980786102,21.202104568481445,23822400,0.0,0.0,0.0,XLU
2018-08-30 00:00:00-04:00,21.237650826713107,21.324545174248286,21.134957232953525,21.210002899169922,26951400,0.0,0.0,0.0,XLU
2018-08-31 00:00:00-04:00,21.24160009116669,21.328494439545572,21.040164973296346,21.119159698486328,24265000,0.0,0.0,0.0,XLU
2018-09-04 00:00:00-04:00,21.14285981427903,21.32849721664171,21.123111507084953,21.21395492553711,25930200,0.0,0.0,0.0,XLU
2018-09-05 00:00:00-04:00,21.190256851085262,21.522033523630224,21.190256851085262,21.510183334350586,29669600,0.0,0.0,0.0,XLU
2018-09-06 00:00:00-04:00,21.52203195857884,21.69976821115742,21.458836478246674,21.63262367248535,24705600,0.0,0.0,0.0,XLU
2018-09-07 00:00:00-04:00,21.423289766945025,21.52598186150181,21.320596165689082,21.367992401123047,32367000,0.0,0.0,0.0,XLU
2018-09-10 00:00:00-04:00,21.41143869034065,21.561528520807805,21.39563944361798,21.474634170532227,19864800,0.0,0.0,0.0,XLU
2018-09-11 00:00:00-04:00,21.466740194301423,21.5536345674358,21.37589676179707,21.419343948364258,18093400,0.0,0.0,0.0,XLU
2018-09-12 00:00:00-04:00,21.41538687619301,21.533878200050843,21.35219140302224,21.399587631225586,19619800,0.0,0.0,0.0,XLU
2018-09-13 00:00:00-04:00,21.391691018993672,21.56942878314125,21.29294798410048,21.5615291595459,17548400,0.0,0.0,0.0,XLU
2018-09-14 00:00:00-04:00,21.474633171880363,21.494381476015782,21.265298435986704,21.446985244750977,26135000,0.0,0.0,0.0,XLU
2018-09-17 00:00:00-04:00,21.40749184728304,21.549682069102886,21.38379297474665,21.518083572387695,28518200,0.0,0.0,0.0,XLU
2018-09-18 00:00:00-04:00,21.486485820798215,21.54968130528942,21.37589259291421,21.478586196899414,19535000,0.0,0.0,0.0,XLU
2018-09-19 00:00:00-04:00,21.470687495343896,21.470687495343896,20.913776793497746,21.01251983642578,51020000,0.0,0.0,0.0,XLU
2018-09-20 00:00:00-04:00,20.98487221842643,21.075715638473383,20.811083495989397,21.055967330932617,35629000,0.0,0.0,0.0,XLU
2018-09-21 00:00:00-04:00,21.022087211626758,21.221348701784358,20.92644102744352,21.1456298828125,40685200,0.2375,0.0,0.0,XLU
2018-09-24 00:00:00-04:00,21.0738907125381,21.14960951386036,20.93839287000489,20.95831871032715,27053600,0.0,0.0,0.0,XLU
2018-09-25 00:00:00-04:00,20.89854662592705,20.910503350295954,20.635521493481267,20.671388626098633,40048000,0.0,0.0,0.0,XLU
2018-09-26 00:00:00-04:00,20.771018367360124,20.77898900980215,20.460170913344108,20.468141555786133,48164400,0.0,0.0,0.0,XLU
2018-09-27 00:00:00-04:00,20.51995303150584,20.790947313722835,20.472129169722113,20.67936134338379,32913600,0.0,0.0,0.0,XLU
2018-09-28 00:00:00-04:00,20.723196300330635,20.99817662702773,20.69529981154591,20.982236862182617,30854800,0.0,0.0,0.0,XLU
2018-10-01 00:00:00-04:00,20.918472122220706,20.958323812567002,20.830796579165412,20.91050148010254,25157400,0.0,0.0,0.0,XLU
2018-10-02 00:00:00-04:00,20.950353566736453,21.24924581072099,20.950353566736453,21.193452835083008,31666400,0.0,0.0,0.0,XLU
2018-10-03 00:00:00-04:00,21.157591484667673,21.269177466425862,20.759068383822733,20.938404083251953,49352600,0.0,0.0,0.0,XLU
2018-10-04 00:00:00-04:00,20.886597185154972,21.093829395210825,20.73117340767436,21.049991607666016,48151800,0.0,0.0,0.0,XLU
2018-10-05 00:00:00-04:00,21.018104148419344,21.440537564698317,21.00216286321212,21.37278938293457,60780000,0.0,0.0,0.0,XLU
2018-10-08 00:00:00-04:00,21.456477836954214,21.69559102279559,21.360831650470924,21.5521240234375,42978600,0.0,0.0,0.0,XLU
2018-10-09 00:00:00-04:00,21.5321977230166,21.735445309257216,21.50031667277462,21.639799118041992,36227600,0.0,0.0,0.0,XLU
2018-10-10 00:00:00-04:00,21.60393407363477,21.874929867974803,21.51227395499693,21.520244598388672,61168000,0.0,0.0,0.0,XLU
2018-10-11 00:00:00-04:00,21.580023262406225,21.631830163121972,21.018105835818513,21.12570571899414,85789600,0.0,0.0,0.0,XLU
2018-10-12 00:00:00-04:00,21.09780720782207,21.165556908783127,20.926442195105082,21.10179328918457,43738200,0.0,0.0,0.0,XLU
2018-10-15 00:00:00-04:00,21.097812509029282,21.336927282789244,21.073902095824778,21.20142936706543,36706000,0.0,0.0,0.0,XLU
2018-10-16 00:00:00-04:00,21.177516821054958,21.540172773201647,21.113753187279002,21.420616149902344,35875000,0.0,0.0,0.0,XLU
2018-10-17 00:00:00-04:00,21.39271539674776,21.484375507039708,21.265188154581175,21.380760192871094,28517000,0.0,0.0,0.0,XLU
2018-10-18 00:00:00-04:00,21.436549634624207,21.544151012495746,21.301051772146458,21.41263771057129,33038000,0.0,0.0,0.0,XLU
2018-10-19 00:00:00-04:00,21.416626979847194,21.862972320242196,21.34887727839964,21.747400283813477,59579200,0.0,0.0,0.0,XLU
2018-10-22 00:00:00-04:00,21.77131215664327,21.795222563951377,21.556109369402606,21.60791778564453,24500000,0.0,0.0,0.0,XLU
2018-10-23 00:00:00-04:00,21.64776541655134,21.78724783382842,21.400681625841514,21.48835563659668,37849200,0.0,0.0,0.0,XLU
2018-10-24 00:00:00-04:00,21.58400607033361,22.1140424011297,21.492345960847103,22.010425567626953,58326800,0.0,0.0,0.0,XLU
2018-10-25 00:00:00-04:00,21.866959432447448,21.866959432447448,21.56009650004998,21.66769790649414,59822400,0.0,0.0,0.0,XLU
2018-10-26 00:00:00-04:00,21.783265763983607,21.847029379206887,21.12171768595041,21.2691707611084,73786000,0.0,0.0,0.0,XLU
2018-10-29 00:00:00-04:00,21.316993462357825,21.663708006408996,21.316993462357825,21.56806182861328,49946400,0.0,0.0,0.0,XLU
2018-10-30 00:00:00-04:00,21.65175437927246,21.78326617303305,21.396698393345364,21.65175437927246,50131000,0.0,0.0,0.0,XLU
2018-10-31 00:00:00-04:00,21.472420250414096,21.603932053468288,21.269172663542204,21.396699905395508,50286000,0.0,0.0,0.0,XLU
2018-11-01 00:00:00-04:00,21.428585072859786,21.440540278155904,21.161573832702786,21.301057815551758,54054800,0.0,0.0,0.0,XLU
2018-11-02 00:00:00-04:00,21.360831703556975,21.41662619928688,21.04201361489462,21.18149757385254,48273200,0.0,0.0,0.0,XLU
2018-11-05 00:00:00-05:00,21.277142965092445,21.55610937226615,21.225334548843634,21.480390548706055,42506600,0.0,0.0,0.0,XLU
2018-11-06 00:00:00-05:00,21.460463127565138,21.6716813531588,21.432566638943364,21.623857498168945,26136200,0.0,0.0,0.0,XLU
2018-11-07 00:00:00-05:00,21.783267521361037,21.902824119519416,21.611902506577664,21.870943069458008,41450800,0.0,0.0,0.0,XLU
2018-11-08 00:00:00-05:00,21.890870267001386,21.96260453437317,21.65175705592525,21.8350772857666,41168200,0.0,0.0,0.0,XLU
2018-11-09 00:00:00-05:00,21.7593534198006,21.96260098458491,21.715517170376128,21.866954803466797,40030200,0.0,0.0,0.0,XLU
2018-11-12 00:00:00-05:00,21.70755025926941,22.082161365853594,21.548140436757773,21.855003356933594,55327800,0.0,0.0,0.0,XLU
2018-11-13 00:00:00-05:00,21.851022026077377,21.99448906325526,21.68364153566907,21.946666717529297,47516000,0.0,0.0,0.0,XLU
2018-11-14 00:00:00-05:00,21.75935509443361,21.902823617030094,21.64378458033719,21.71950340270996,55155600,0.0,0.0,0.0,XLU
2018-11-15 00:00:00-05:00,21.60791463892057,21.627840482190432,21.348874115679184,21.540164947509766,68562400,0.0,0.0,0.0,XLU
2018-11-16 00:00:00-05:00,21.870943069458008,21.974558382463368,21.70754869725114,21.870943069458008,42812800,0.0,0.0,0.0,XLU
2018-11-19 00:00:00-05:00,21.839059829823984,21.98651291235866,21.74739972337029,21.96658706665039,29144000,0.0,0.0,0.0,XLU
2018-11-20 00:00:00-05:00,22.030351249601658,22.18577497845136,21.743415719511674,21.874927520751953,48856800,0.0,0.0,0.0,XLU
2018-11-21 00:00:00-05:00,21.7992078515062,21.82710433917954,21.492344966854876,21.5521240234375,37819400,0.0,0.0,0.0,XLU
2018-11-23 00:00:00-05:00,21.580024386682783,21.61589152302485,21.420614553996966,21.564083099365234,16235800,0.0,0.0,0.0,XLU
2018-11-26 00:00:00-05:00,21.587989692610176,21.70356172485811,21.472419180606806,21.691606521606445,32202000,0.0,0.0,0.0,XLU
2018-11-27 00:00:00-05:00,21.67566768666919,21.87891528638376,21.587992132263317,21.855003356933594,26366800,0.0,0.0,0.0,XLU
2018-11-28 00:00:00-05:00,21.87891877386065,21.942682408980215,21.763346710129884,21.839065551757812,24124400,0.0,0.0,0.0,XLU
2018-11-29 00:00:00-05:00,21.870938409469243,21.870938409469243,21.607913341465082,21.831085205078125,34979200,0.0,0.0,0.0,XLU
2018-11-30 00:00:00-05:00,21.88290242114519,22.173824089231683,21.82710943277859,22.153898239135742,36333600,0.0,0.0,0.0,XLU
2018-12-03 00:00:00-05:00,22.08215798810612,22.377065658569336,21.95463075770162,22.377065658569336,35813000,0.0,0.0,0.0,XLU
2018-12-04 00:00:00-05:00,22.432860491400213,22.64009263804704,22.337214300546048,22.393007278442383,44536000,0.0,0.0,0.0,XLU
2018-12-06 00:00:00-05:00,22.484671717656568,22.49264236178301,21.958621367270954,22.41692352294922,49395800,0.0,0.0,0.0,XLU
2018-12-07 00:00:00-05:00,22.385036408178554,22.632121765270174,22.23359876121292,22.500608444213867,39458800,0.0,0.0,0.0,XLU
2018-12-10 00:00:00-05:00,22.50061297737034,22.61618503668974,22.110060537139717,22.544450759887695,42296200,0.0,0.0,0.0,XLU
2018-12-11 00:00:00-05:00,22.57234667473724,22.71183066282505,22.45279005655117,22.636110305786133,52186800,0.0,0.0,0.0,XLU
2018-12-12 00:00:00-05:00,22.61219575080027,22.759648835535383,22.480682430722894,22.492637634277344,36594800,0.0,0.0,0.0,XLU
2018-12-13 00:00:00-05:00,22.508576353209104,22.787542726219517,22.504591792560063,22.687911987304688,36144000,0.0,0.0,0.0,XLU
2018-12-14 00:00:00-05:00,22.707839009080416,22.759647421672295,22.512563602013692,22.644075393676758,50311200,0.0,0.0,0.0,XLU
2018-12-17 00:00:00-05:00,22.68791765770399,22.703858944773238,21.827107919147153,21.914783477783203,60421600,0.0,0.0,0.0,XLU
2018-12-18 00:00:00-05:00,22.038322123081937,22.193745853560355,21.703562734265102,21.76732635498047,47270800,0.0,0.0,0.0,XLU
2018-12-19 00:00:00-05:00,21.81116739653268,21.986516999705767,21.60393521810366,21.731462478637695,55856800,0.0,0.0,0.0,XLU
2018-12-20 00:00:00-05:00,21.751385972284552,22.030350854839284,21.472419569485233,21.71950340270996,78047600,0.0,0.0,0.0,XLU
2018-12-21 00:00:00-05:00,21.883878211438823,22.273727702733815,21.562352304592686,21.626657485961914,71291600,0.2295,0.0,0.0,XLU
2018-12-24 00:00:00-05:00,21.58646716697935,21.747230897240197,20.63796453138476,20.722366333007812,45330600,0.0,0.0,0.0,XLU
2018-12-26 00:00:00-05:00,20.726390081984132,21.031840941628698,20.420940755496524,21.003705978393555,61678200,0.0,0.0,0.0,XLU
2018-12-27 00:00:00-05:00,21.011745590403635,21.208681146012182,20.658067724282592,21.1805477142334,59461200,0.0,0.0,0.0,XLU
2018-12-28 00:00:00-05:00,21.22877387065877,21.445804491482534,21.152411926216427,21.2327938079834,42175200,0.0,0.0,0.0,XLU
2018-12-31 00:00:00-05:00,21.240833242681166,21.329253476873408,21.047917622481148,21.268966674804688,32604400,0.0,0.0,0.0,XLU
2019-01-02 00:00:00-05:00,21.184558791353837,21.20465387379416,20.778632606695794,20.903223037719727,50347800,0.0,0.0,0.0,XLU
2019-01-03 00:00:00-05:00,20.903226472733458,21.076046969801467,20.802749510863997,20.899208068847656,43175000,0.0,0.0,0.0,XLU
2019-01-04 00:00:00-05:00,20.80275137825952,21.220735945115216,20.774617949063167,21.20867919921875,38007000,0.0,0.0,0.0,XLU
2019-01-07 00:00:00-05:00,21.07604829220152,21.1684869189426,20.947437895591595,21.06399154663086,32535400,0.0,0.0,0.0,XLU
2019-01-08 00:00:00-05:00,21.084085916811304,21.349345042445528,20.967532269734665,21.325231552124023,33287000,0.0,0.0,0.0,XLU
2019-01-09 00:00:00-05:00,21.313176889552082,21.401597124149443,21.136337953514435,21.196624755859375,36149400,0.0,0.0,0.0,XLU
2019-01-10 00:00:00-05:00,21.220739366234184,21.514131984550627,21.192605932502275,21.473941802978516,50916200,0.0,0.0,0.0,XLU
2019-01-11 00:00:00-05:00,21.44580313732292,21.490013246161023,21.260925894142463,21.3935546875,49685000,0.0,0.0,0.0,XLU
2019-01-14 00:00:00-05:00,21.140351765647974,21.397574071037713,20.714330436570847,20.911264419555664,46979600,0.0,0.0,0.0,XLU
2019-01-15 00:00:00-05:00,20.82284993208261,21.28504312118603,20.802753309513598,21.168489456176758,54186200,0.0,0.0,0.0,XLU
2019-01-16 00:00:00-05:00,21.12829650895393,21.252888500034356,21.0077244551234,21.244850158691406,36696400,0.0,0.0,0.0,XLU
2019-01-17 00:00:00-05:00,21.228774119144052,21.381499542973284,21.196622285955048,21.333271026611328,41571800,0.0,0.0,0.0,XLU
2019-01-18 00:00:00-05:00,21.361403665250297,21.429727266472135,21.26092669887218,21.357383728027344,28309400,0.0,0.0,0.0,XLU
2019-01-22 00:00:00-05:00,21.35336526802232,21.51412749391206,21.18858310492016,21.39757537841797,33828800,0.0,0.0,0.0,XLU
2019-01-23 00:00:00-05:00,21.401590490465953,21.626659411879526,21.36541872690228,21.614601135253906,28422200,0.0,0.0,0.0,XLU
2019-01-24 00:00:00-05:00,21.59852813232899,21.747233604782426,21.43776438205297,21.72713851928711,43848200,0.0,0.0,0.0,XLU
2019-01-25 00:00:00-05:00,21.658811062610987,21.759288012452867,21.397571912916042,21.429723739624023,36308200,0.0,0.0,0.0,XLU
2019-01-28 00:00:00-05:00,21.43374723946884,21.51412758618002,21.232793306377207,21.32925033569336,28367600,0.0,0.0,0.0,XLU
2019-01-29 00:00:00-05:00,21.429727985917083,21.490014781030652,21.317194270405768,21.389537811279297,25237000,0.0,0.0,0.0,XLU
2019-01-30 00:00:00-05:00,21.333270361031484,21.646758007338978,21.301116995688744,21.554319381713867,37157800,0.0,0.0,0.0,XLU
2019-01-31 00:00:00-05:00,21.54628495262499,22.072783373877645,21.449826372239237,22.00847816467285,46163200,0.0,0.0,0.0,XLU
2019-02-01 00:00:00-05:00,21.91603773818139,22.008476373065967,21.735180406061176,21.924076080322266,31124800,0.0,0.0,0.0,XLU
2019-02-04 00:00:00-05:00,21.827620128105803,21.972305694376878,21.67489468613642,21.960248947143555,36131400,0.0,0.0,0.0,XLU
2019-02-05 00:00:00-05:00,21.960245456036233,22.044645739566178,21.835654999346357,22.00445556640625,24592200,0.0,0.0,0.0,XLU
2019-02-06 00:00:00-05:00,21.972302595600855,22.08081790486794,21.883883906431155,21.992399215698242,18408400,0.0,0.0,0.0,XLU
2019-02-07 00:00:00-05:00,21.96024473202726,22.281770706176758,21.891921133276583,22.281770706176758,32150800,0.0,0.0,0.0,XLU
2019-02-08 00:00:00-05:00,22.229525561154652,22.39028779446404,22.181295511320624,22.378231048583984,29267400,0.0,0.0,0.0,XLU
2019-02-11 00:00:00-05:00,22.378231823362622,22.486747139510847,22.29383153296632,22.370193481445312,29458200,0.0,0.0,0.0,XLU
2019-02-12 00:00:00-05:00,22.374213335264304,22.534977117711104,22.24560292256969,22.422443389892578,29506600,0.0,0.0,0.0,XLU
2019-02-13 00:00:00-05:00,22.354113379117656,22.414400167699657,22.265694697862564,22.35813331604004,26763600,0.0,0.0,0.0,XLU
2019-02-14 00:00:00-05:00,22.374211185006573,22.43851791833078,22.24158238041766,22.321964263916016,38188000,0.0,0.0,0.0,XLU
2019-02-15 00:00:00-05:00,22.394309244310076,22.47468959981498,22.309907417978717,22.390289306640625,18689000,0.0,0.0,0.0,XLU
2019-02-19 00:00:00-05:00,22.406363146716767,22.54703028415092,22.33803954657927,22.522916793823242,28978600,0.0,0.0,0.0,XLU
2019-02-20 00:00:00-05:00,22.514876807088754,22.66358227481578,22.394304764792338,22.62339210510254,28716800,0.0,0.0,0.0,XLU
2019-02-21 00:00:00-05:00,22.55506640427861,22.824345440623542,22.478704470499096,22.78817367553711,38200000,0.0,0.0,0.0,XLU
2019-02-22 00:00:00-05:00,22.828363683027195,22.932860573941948,22.72386832526909,22.92884063720703,30495000,0.0,0.0,0.0,XLU
2019-02-25 00:00:00-05:00,22.948934740944928,22.96501142088444,22.687695591132485,22.780134201049805,26160200,0.0,0.0,0.0,XLU
2019-02-26 00:00:00-05:00,22.828364652547826,22.860518015166118,22.635449076308216,22.752002716064453,27405400,0.0,0.0,0.0,XLU
2019-02-27 00:00:00-05:00,22.69975233450883,22.852477727621025,22.675637314599562,22.780134201049805,23912600,0.0,0.0,0.0,XLU
2019-02-28 00:00:00-05:00,22.792199148343208,22.969039625017356,22.671627071710834,22.912771224975586,25616200,0.0,0.0,0.0,XLU
2019-03-01 00:00:00-05:00,22.920801113619305,22.9770679597502,22.768077255023034,22.96099281311035,26836000,0.0,0.0,0.0,XLU
2019-03-04 00:00:00-05:00,22.989131532151717,23.04941679554127,22.776119308669244,23.001188278198242,24675200,0.0,0.0,0.0,XLU
2019-03-05 00:00:00-05:00,23.001188315456336,23.0574551746405,22.93286471020612,22.973054885864258,24091000,0.0,0.0,0.0,XLU
2019-03-06 00:00:00-05:00,22.997169911153293,23.0574551746405,22.892673001391056,22.973054885864258,22608600,0.0,0.0,0.0,XLU
2019-03-07 00:00:00-05:00,23.01324381897682,23.194102665987245,22.98511039090374,23.049415588378906,30257000,0.0,0.0,0.0,XLU
2019-03-08 00:00:00-05:00,23.07755423997109,23.149897795149954,22.912772038320828,23.129802703857422,36031800,0.0,0.0,0.0,XLU
2019-03-11 00:00:00-04:00,23.137832841979378,23.302614985195394,23.121756161383512,23.29457664489746,28917600,0.0,0.0,0.0,XLU
2019-03-12 00:00:00-04:00,23.334771193592587,23.479456737139337,23.29056108313796,23.45534324645996,34204200,0.0,0.0,0.0,XLU
2019-03-13 00:00:00-04:00,23.411128545441912,23.535720511096496,23.39505186603683,23.47945213317871,31775200,0.0,0.0,0.0,XLU
2019-03-14 00:00:00-04:00,23.46739882342811,23.608067489067267,23.387016947799555,23.47543716430664,30310800,0.0,0.0,0.0,XLU
2019-03-15 00:00:00-04:00,23.51188056746771,23.6373965878375,23.378268134389145,23.560466766357422,35429800,0.215,0.0,0.0,XLU
2019-03-18 00:00:00-04:00,23.572609992574872,23.605000270833788,23.370165733743487,23.47138786315918,30017600,0.0,0.0,0.0,XLU
2019-03-19 00:00:00-04:00,23.434947013727452,23.471387040821483,23.11913293073684,23.204160690307617,45271600,0.0,0.0,0.0,XLU
2019-03-20 00:00:00-04:00,23.248702385682815,23.45114668320159,23.14748023692343,23.2648983001709,37761000,0.0,0.0,0.0,XLU
2019-03-21 00:00:00-04:00,23.281094496233322,23.560467074158247,23.24465446045812,23.51188087463379,30743600,0.0,0.0,0.0,XLU
2019-03-22 00:00:00-04:00,23.600952527966566,23.847934775707497,23.511876558085664,23.681930541992188,40905000,0.0,0.0,0.0,XLU
2019-03-25 00:00:00-04:00,23.702177047729492,23.775057113243637,23.60500311220153,23.702177047729492,27526000,0.0,0.0,0.0,XLU
2019-03-26 00:00:00-04:00,23.714322334497822,23.888424535180814,23.681932053536492,23.872228622436523,31399400,0.0,0.0,0.0,XLU
2019-03-27 00:00:00-04:00,23.896522555464557,23.916766674185435,23.596904347002862,23.70622444152832,34647000,0.0,0.0,0.0,XLU
2019-03-28 00:00:00-04:00,23.702173674768108,23.783151685429868,23.345871354572612,23.426849365234375,49497600,0.0,0.0,0.0,XLU
2019-03-29 00:00:00-04:00,23.394461863600153,23.58071178587658,23.33777770902673,23.5523681640625,43670200,0.0,0.0,0.0,XLU
2019-04-01 00:00:00-04:00,23.552365867869543,23.552365867869543,23.2527492101842,23.390411376953125,53363800,0.0,0.0,0.0,XLU
2019-04-02 00:00:00-04:00,23.439003610105008,23.467345691932437,23.27704907745223,23.422807693481445,49956200,0.0,0.0,0.0,XLU
2019-04-03 00:00:00-04:00,23.374221632572645,23.483541753665786,23.212267098919114,23.386367797851562,30901000,0.0,0.0,0.0,XLU
2019-04-04 00:00:00-04:00,23.426851846192264,23.44709596486983,23.167723420254,23.30538558959961,32529200,0.0,0.0,0.0,XLU
2019-04-05 00:00:00-04:00,23.30538631254078,23.536172670584072,23.23250624741897,23.524024963378906,30838600,0.0,0.0,0.0,XLU
2019-04-08 00:00:00-04:00,23.471392547670145,23.503782832393643,23.297290326764994,23.358022689819336,29363400,0.0,0.0,0.0,XLU
2019-04-09 00:00:00-04:00,23.378269054453266,23.43900141932371,23.309437187500464,23.414709091186523,25987800,0.0,0.0,0.0,XLU
2019-04-10 00:00:00-04:00,23.463295575663665,23.621201888574397,23.289193347447352,23.341829299926758,33782400,0.0,0.0,0.0,XLU
2019-04-11 00:00:00-04:00,23.337773714346692,23.467337915345084,23.30943164191124,23.459239959716797,34840000,0.0,0.0,0.0,XLU
2019-04-12 00:00:00-04:00,23.374215240005643,23.59285542239646,23.25679719266311,23.568561553955078,31853200,0.0,0.0,0.0,XLU
2019-04-15 00:00:00-04:00,23.588808394222408,23.669786420511386,23.5037821616563,23.564516067504883,30506200,0.0,0.0,0.0,XLU
2019-04-16 00:00:00-04:00,23.564513330740997,23.617149273394848,23.196064821218474,23.272993087768555,39377400,0.0,0.0,0.0,XLU
2019-04-17 00:00:00-04:00,23.248698193662864,23.30943208977841,23.16367197472281,23.183916091918945,30389600,0.0,0.0,0.0,XLU
2019-04-18 00:00:00-04:00,23.240601980288332,23.35801847883652,23.183916289318507,23.196063995361328,32078800,0.0,0.0,0.0,XLU
2019-04-22 00:00:00-04:00,23.187971283280984,23.264899564488875,23.127237372913836,23.175825119018555,21371000,0.0,0.0,0.0,XLU
2019-04-23 00:00:00-04:00,23.183920606457978,23.31348637970293,23.070552292462015,23.2406063079834,34136400,0.0,0.0,0.0,XLU
2019-04-24 00:00:00-04:00,23.297287197157562,23.471389394674944,23.260847166409103,23.390411376953125,32856800,0.0,0.0,0.0,XLU
2019-04-25 00:00:00-04:00,23.285142675367528,23.58071271215766,23.26085034789747,23.487586975097656,30506600,0.0,0.0,0.0,XLU
2019-04-26 00:00:00-04:00,23.61715069233356,23.75886107199969,23.49973263802317,23.524024963378906,29034800,0.0,0.0,0.0,XLU
2019-04-29 00:00:00-04:00,23.503785877306523,23.511883835668343,23.28919538656497,23.386367797851562,41551800,0.0,0.0,0.0,XLU
2019-04-30 00:00:00-04:00,23.390420345892,23.78721108589638,23.34993054924187,23.771015167236328,44033400,0.0,0.0,0.0,XLU
2019-05-01 00:00:00-04:00,23.702178388840096,23.766960501348454,23.507832051315024,23.528076171875,52825400,0.0,0.0,0.0,XLU
2019-05-02 00:00:00-04:00,23.48353702838765,23.609053040948524,23.301336863227455,23.475439071655273,46927600,0.0,0.0,0.0,XLU
2019-05-03 00:00:00-04:00,23.475439137904555,23.645493140709746,23.438999104769678,23.605003356933594,32142600,0.0,0.0,0.0,XLU
2019-05-06 00:00:00-04:00,23.605003290318674,23.669785399650376,23.426852875788327,23.475439071655273,26779000,0.0,0.0,0.0,XLU
2019-05-07 00:00:00-04:00,23.438999313855444,23.49568346712038,23.2932391800157,23.402559280395508,25084400,0.0,0.0,0.0,XLU
2019-05-08 00:00:00-04:00,23.37421525064466,23.3985091190971,23.062450889210787,23.08269500732422,57384800,0.0,0.0,0.0,XLU
2019-05-09 00:00:00-04:00,23.082701518293888,23.18392368194012,22.940991107000226,23.054359436035156,32347600,0.0,0.0,0.0,XLU
2019-05-10 00:00:00-04:00,23.0503076219961,23.479490084724365,23.005769629836976,23.467342376708984,50316000,0.0,0.0,0.0,XLU
2019-05-13 00:00:00-04:00,23.394460264642877,23.771006745175796,23.362069983326457,23.718372344970703,40192600,0.0,0.0,0.0,XLU
2019-05-14 00:00:00-04:00,23.722422822026353,23.742666942853113,23.51593031834951,23.560466766357422,35218800,0.0,0.0,0.0,XLU
2019-05-15 00:00:00-04:00,23.572613517214098,23.661687954140106,23.491635492668074,23.519977569580078,29155000,0.0,0.0,0.0,XLU
2019-05-16 00:00:00-04:00,23.495684877306847,23.750765126836047,23.430902763326287,23.677885055541992,27816600,0.0,0.0,0.0,XLU
2019-05-17 00:00:00-04:00,23.57261411745583,23.892474928540015,23.540222289001672,23.79935073852539,20954200,0.0,0.0,0.0,XLU
2019-05-20 00:00:00-04:00,23.851981634542057,23.981545831856202,23.77100362508895,23.831737518310547,18237400,0.0,0.0,0.0,XLU
2019-05-21 00:00:00-04:00,23.868179967364227,24.070624239276516,23.81149581835314,23.876277923583984,23008800,0.0,0.0,0.0,XLU
2019-05-22 00:00:00-04:00,23.912721521615097,24.078725787566643,23.83984144929223,24.054431915283203,18515800,0.0,0.0,0.0,XLU
2019-05-23 00:00:00-04:00,24.07872665016195,24.26497504409146,24.05443277700821,24.26092529296875,30329000,0.0,0.0,0.0,XLU
2019-05-24 00:00:00-04:00,24.27711789117344,24.402633901859314,24.19613986958666,24.224483489990234,17424800,0.0,0.0,0.0,XLU
2019-05-28 00:00:00-04:00,24.25687641929055,24.27712054076485,23.78720569626038,23.827693939208984,32795800,0.0,0.0,0.0,XLU
2019-05-29 00:00:00-04:00,23.884379189727788,23.9086715172263,23.455196717767347,23.51188087463379,40238200,0.0,0.0,0.0,XLU
2019-05-30 00:00:00-04:00,23.51592885531716,23.64549307398056,23.402559005591193,23.475439071655273,33645200,0.0,0.0,0.0,XLU
2019-05-31 00:00:00-04:00,23.483538517112898,23.64954277933208,23.378268161973075,23.584760665893555,36514000,0.0,0.0,0.0,XLU
2019-06-03 00:00:00-04:00,23.661685602358148,23.851983709448096,23.54021934987556,23.81959342956543,40670800,0.0,0.0,0.0,XLU
2019-06-04 00:00:00-04:00,23.843888141495825,23.872230218429536,23.39851132294266,23.839839935302734,37057800,0.0,0.0,0.0,XLU
2019-06-05 00:00:00-04:00,23.928915862899235,24.43097841112212,23.843889626801573,24.350000381469727,63510600,0.0,0.0,0.0,XLU
2019-06-06 00:00:00-04:00,24.38238894492618,24.544343438008426,24.313557088357616,24.499805450439453,51022400,0.0,0.0,0.0,XLU
2019-06-07 00:00:00-04:00,24.6253263738033,24.775134734561913,24.30546398514696,24.317611694335938,37986200,0.0,0.0,0.0,XLU
2019-06-10 00:00:00-04:00,24.24472596932309,24.29331216117783,24.03013399495419,24.151601791381836,27400600,0.0,0.0,0.0,XLU
2019-06-11 00:00:00-04:00,24.143506294259165,24.208288404839074,23.868181938162714,24.005844116210938,36072200,0.0,0.0,0.0,XLU
2019-06-12 00:00:00-04:00,24.127313543826652,24.35405173284777,24.098971463264956,24.317611694335938,24700400,0.0,0.0,0.0,XLU
2019-06-13 00:00:00-04:00,24.37429172794114,24.43907383604453,24.204237728840187,24.366193771362305,32424000,0.0,0.0,0.0,XLU
2019-06-14 00:00:00-04:00,24.394534898958828,24.6658094834331,24.386436942694743,24.621273040771484,28485400,0.0,0.0,0.0,XLU
2019-06-17 00:00:00-04:00,24.621272497773624,24.69415255801585,24.398582566740604,24.552440643310547,22924200,0.0,0.0,0.0,XLU
2019-06-18 00:00:00-04:00,24.66176563994002,24.7022538838951,24.285219101953246,24.451223373413086,46290600,0.0,0.0,0.0,XLU
2019-06-19 00:00:00-04:00,24.34189987359835,24.742740228889048,24.33380191702884,24.637468338012695,43191800,0.0,0.0,0.0,XLU
2019-06-20 00:00:00-04:00,24.767034109286506,24.852061886341943,24.511955411702353,24.795377731323242,38275600,0.0,0.0,0.0,XLU
2019-06-21 00:00:00-04:00,24.772927654556476,24.936175006064598,24.597435622963935,24.89128303527832,30116400,0.2425,0.0,0.0,XLU
2019-06-24 00:00:00-04:00,24.93617741751812,24.972908347609483,24.805578900939302,24.899446487426758,19774400,0.0,0.0,0.0,XLU
2019-06-25 00:00:00-04:00,24.919851297855033,24.919851297855033,24.69130313809179,24.74843978881836,24290800,0.0,0.0,0.0,XLU
2019-06-26 00:00:00-04:00,24.687226546092486,24.740281126294978,24.201561823886713,24.20972442626953,33777000,0.0,0.0,0.0,XLU
2019-06-27 00:00:00-04:00,24.28726639721602,24.356647737851826,24.1485052728016,24.242374420166016,28271000,0.0,0.0,0.0,XLU
2019-06-28 00:00:00-04:00,24.25053422768595,24.47091980642233,24.201560173585793,24.336240768432617,32266400,0.0,0.0,0.0,XLU
2019-07-01 00:00:00-04:00,24.35256489028988,24.377052696246217,24.054636923678277,24.275022506713867,35846800,0.0,0.0,0.0,XLU
2019-07-02 00:00:00-04:00,24.36480527524849,24.646407988231864,24.360723196547024,24.6055965423584,42719000,0.0,0.0,0.0,XLU
2019-07-03 00:00:00-04:00,24.679059957581682,24.92801384104669,24.658652676492185,24.777008056640625,31573200,0.0,0.0,0.0,XLU
2019-07-05 00:00:00-04:00,24.621926952828197,24.801499532264067,24.385216157480862,24.764768600463867,31892800,0.0,0.0,0.0,XLU
2019-07-08 00:00:00-04:00,24.781096498311364,24.879044622519135,24.646415881453976,24.801502227783203,18836400,0.0,0.0,0.0,XLU
2019-07-09 00:00:00-04:00,24.76068083819599,24.84230528533623,24.626001823742907,24.834142684936523,34965400,0.0,0.0,0.0,XLU
2019-07-10 00:00:00-04:00,24.862713152986004,25.0259620613511,24.777008176679963,24.89128303527832,22972000,0.0,0.0,0.0,XLU
2019-07-11 00:00:00-04:00,24.862715557335395,24.993315630771338,24.68722506562902,24.899446487426758,39996000,0.0,0.0,0.0,XLU
2019-07-12 00:00:00-04:00,24.891286662502335,24.91985499210073,24.646413264271093,24.7362003326416,22490600,0.0,0.0,0.0,XLU
2019-07-15 00:00:00-04:00,24.740275115625142,24.870873608306788,24.646407546313757,24.834142684936523,18690600,0.0,0.0,0.0,XLU
2019-07-16 00:00:00-04:00,24.77292770753092,24.85863268402023,24.560704748945266,24.691303253173828,28749200,0.0,0.0,0.0,XLU
2019-07-17 00:00:00-04:00,24.777014627605798,24.928020452059222,24.691309628985668,24.78517723083496,26709400,0.0,0.0,0.0,XLU
2019-07-18 00:00:00-04:00,24.78925486933725,25.005558367153675,24.650493753018367,25.001476287841797,29466400,0.0,0.0,0.0,XLU
2019-07-19 00:00:00-04:00,24.94434092723431,25.013722267424,24.626007226095158,24.63825035095215,30616600,0.0,0.0,0.0,XLU
2019-07-22 00:00:00-04:00,24.699468857260953,24.723956663602404,24.44235233967578,24.585195541381836,26353000,0.0,0.0,0.0,XLU
2019-07-23 00:00:00-04:00,24.61376175634361,24.63008540231209,24.385213587357587,24.43010711669922,33581200,0.0,0.0,0.0,XLU
2019-07-24 00:00:00-04:00,24.499491715678044,24.560710459894924,24.26278245554461,24.450517654418945,27121400,0.0,0.0,0.0,XLU
2019-07-25 00:00:00-04:00,24.37297193105168,24.54846397984889,24.266859663154374,24.38929557800293,28296600,0.0,0.0,0.0,XLU
2019-07-26 00:00:00-04:00,24.40970042621635,24.57294777744407,24.35664429756028,24.479080200195312,27758000,0.0,0.0,0.0,XLU
2019-07-29 00:00:00-04:00,24.548459895392806,24.64232746638726,24.409698799823417,24.6055965423584,33243400,0.0,0.0,0.0,XLU
2019-07-30 00:00:00-04:00,24.5484661890281,24.662739512256216,24.29543017779832,24.41786766052246,37991200,0.0,0.0,0.0,XLU
2019-07-31 00:00:00-04:00,24.426026690297743,24.54438208350539,24.15666705287935,24.303590774536133,48762000,0.0,0.0,0.0,XLU
2019-08-01 00:00:00-04:00,24.262780173409514,24.69130667204884,24.18115570775031,24.55254554748535,58986200,0.0,0.0,0.0,XLU
2019-08-02 00:00:00-04:00,24.589273363291973,24.752522273923844,24.49540578457859,24.5484619140625,29878600,0.0,0.0,0.0,XLU
2019-08-05 00:00:00-04:00,24.601521790536477,24.666821057495707,24.066884528825675,24.19748306274414,53153600,0.0,0.0,0.0,XLU
2019-08-06 00:00:00-04:00,24.221968473760356,24.593358333605995,23.95260881229931,24.49949073791504,54071800,0.0,0.0,0.0,XLU
2019-08-07 00:00:00-04:00,24.507652861590778,24.707632731533053,24.160750816606484,24.56070899963379,49909400,0.0,0.0,0.0,XLU
2019-08-08 00:00:00-04:00,24.548464126347838,24.87904094272602,24.4137835294107,24.81374168395996,34115000,0.0,0.0,0.0,XLU
2019-08-09 00:00:00-04:00,24.834145443127312,24.95250082678289,24.752522543778507,24.842308044433594,23627000,0.0,0.0,0.0,XLU
2019-08-12 00:00:00-04:00,24.846391093070185,24.91169034921154,24.666816971038656,24.7933349609375,27249600,0.0,0.0,0.0,XLU
2019-08-13 00:00:00-04:00,24.78925423242195,24.899445461297837,24.642330518111358,24.809659957885742,35494400,0.0,0.0,0.0,XLU
2019-08-14 00:00:00-04:00,24.842305730766846,24.968823703945567,24.540297294846738,24.6055965423584,40581000,0.0,0.0,0.0,XLU
2019-08-15 00:00:00-04:00,24.69130811510479,25.00964183723743,24.54438437970287,24.92393684387207,44171600,0.0,0.0,0.0,XLU
2019-08-16 00:00:00-04:00,24.936180210933113,25.12799748477111,24.899449276727058,25.05045509338379,32243000,0.0,0.0,0.0,XLU
2019-08-19 00:00:00-04:00,24.997396540155446,25.29532450801526,24.956585086914377,25.209619522094727,28468000,0.0,0.0,0.0,XLU
2019-08-20 00:00:00-04:00,25.266757656503277,25.27083817932308,25.062697264654,25.168807983398438,31048800,0.0,0.0,0.0,XLU
2019-08-21 00:00:00-04:00,25.127993418486604,25.336135864257812,25.107587693198084,25.336135864257812,28795800,0.0,0.0,0.0,XLU
2019-08-22 00:00:00-04:00,25.31980905067623,25.393270902527583,25.144317022015436,25.360620498657227,29834200,0.0,0.0,0.0,XLU
2019-08-23 00:00:00-04:00,25.409594563686873,25.491219016557473,24.964742930241904,25.09126091003418,42595800,0.0,0.0,0.0,XLU
2019-08-26 00:00:00-04:00,25.152478722845405,25.389187915006527,25.091259996207814,25.381025314331055,25701400,0.0,0.0,0.0,XLU
2019-08-27 00:00:00-04:00,25.50346824579256,25.605498440866874,25.39735597107523,25.42592430114746,38448800,0.0,0.0,0.0,XLU
2019-08-28 00:00:00-04:00,25.454496439411272,25.54428352270383,25.266761226033616,25.356548309326172,31791600,0.0,0.0,0.0,XLU
2019-08-29 00:00:00-04:00,25.499385418878305,25.540198429826322,25.295325034709762,25.53203582763672,35467000,0.0,0.0,0.0,XLU
2019-08-30 00:00:00-04:00,25.609579065419922,25.62998479314443,25.46265533483191,25.540199279785156,24166000,0.0,0.0,0.0,XLU
2019-09-03 00:00:00-04:00,25.532036388796076,25.99729382582893,25.50346805893316,25.99321174621582,42728200,0.0,0.0,0.0,XLU
2019-09-04 00:00:00-04:00,26.066674253877764,26.131973517583866,25.85445125761862,26.0177001953125,31633200,0.0,0.0,0.0,XLU
2019-09-05 00:00:00-04:00,25.846288219386693,25.90342487611765,25.64630836397122,25.736095428466797,58664800,0.0,0.0,0.0,XLU
2019-09-06 00:00:00-04:00,25.80139315843993,25.858529811785612,25.556519785285094,25.634063720703125,25326400,0.0,0.0,0.0,XLU
2019-09-09 00:00:00-04:00,25.581007326696998,25.625900855823417,25.458571419806685,25.507545471191406,33649800,0.0,0.0,0.0,XLU
2019-09-10 00:00:00-04:00,25.466737414491153,25.540199279785156,25.31981368390314,25.540199279785156,38336000,0.0,0.0,0.0,XLU
2019-09-11 00:00:00-04:00,25.503459058733043,25.813630055009504,25.38918422275189,25.793224334716797,45377000,0.0,0.0,0.0,XLU
2019-09-12 00:00:00-04:00,25.948318165274973,26.025860547703815,25.73201310800359,25.85036849975586,47199400,0.0,0.0,0.0,XLU
2019-09-13 00:00:00-04:00,25.70344182477727,25.87485333051423,25.609574249411022,25.687116622924805,49998200,0.0,0.0,0.0,XLU
2019-09-16 00:00:00-04:00,25.72793479597953,25.748340523965894,25.564685858374105,25.707529067993164,23926000,0.0,0.0,0.0,XLU
2019-09-17 00:00:00-04:00,25.752419353566875,25.99321066443106,25.740176228951505,25.93199348449707,34658200,0.0,0.0,0.0,XLU
2019-09-18 00:00:00-04:00,26.029947774727002,26.12381694192016,25.866700365957087,26.042192459106445,41925400,0.0,0.0,0.0,XLU
2019-09-19 00:00:00-04:00,26.12380799679704,26.18910569246023,26.025858339588282,26.16461944580078,30041400,0.0,0.0,0.0,XLU
2019-09-20 00:00:00-04:00,26.198346522736603,26.29705212908581,26.066738001672782,26.26826286315918,36989200,0.246,0.0,0.0,XLU
2019-09-23 00:00:00-04:00,26.260037636457636,26.371084191293537,26.206572752370356,26.272377014160156,17616600,0.0,0.0,0.0,XLU
2019-09-24 00:00:00-04:00,26.366966975151684,26.671311056417277,26.346401871395592,26.580829620361328,53815800,0.0,0.0,0.0,XLU
2019-09-25 00:00:00-04:00,26.56027204190578,26.593174958233064,26.420436216412224,26.564382553100586,32467600,0.0,0.0,0.0,XLU
2019-09-26 00:00:00-04:00,26.630184115102452,26.77824407703622,26.58082974852643,26.704214096069336,26746800,0.0,0.0,0.0,XLU
2019-09-27 00:00:00-04:00,26.741227647673313,26.757679103278644,26.461559177971356,26.609619140625,33229600,0.0,0.0,0.0,XLU
2019-09-30 00:00:00-04:00,26.630191301417543,26.761799843341315,26.55204765103322,26.62607765197754,21670400,0.0,0.0,0.0,XLU
2019-10-01 00:00:00-04:00,26.535593285762914,26.6096232786019,26.420436216412224,26.564382553100586,47566800,0.0,0.0,0.0,XLU
2019-10-02 00:00:00-04:00,26.5068041337271,26.55204485942521,26.144881465937058,26.21068572998047,29720600,0.0,0.0,0.0,XLU
2019-10-03 00:00:00-04:00,26.21891056117552,26.28471482296532,26.08318838872929,26.272377014160156,59569200,0.0,0.0,0.0,XLU
2019-10-04 00:00:00-04:00,26.305277194091914,26.695992236432446,26.26826220042051,26.638410568237305,37167000,0.0,0.0,0.0,XLU
2019-10-07 00:00:00-04:00,26.613738586886193,26.646641505264885,26.46979224122316,26.535594940185547,25731800,0.0,0.0,0.0,XLU
2019-10-08 00:00:00-04:00,26.519145174429816,26.53970714395034,26.27649008684688,26.288827896118164,43191800,0.0,0.0,0.0,XLU
2019-10-09 00:00:00-04:00,26.35874104219271,26.519141956641093,26.297050434424317,26.416322708129883,17954000,0.0,0.0,0.0,XLU
2019-10-10 00:00:00-04:00,26.354632180561744,26.44511362696045,26.157217830437787,26.387535095214844,31210600,0.0,0.0,0.0,XLU
2019-10-11 00:00:00-04:00,26.362857889540688,26.453339341256534,26.198348013299732,26.288827896118164,32154600,0.0,0.0,0.0,XLU
2019-10-14 00:00:00-04:00,26.362856524307887,26.375194332940243,26.04206094868801,26.120203018188477,19892000,0.0,0.0,0.0,XLU
2019-10-15 00:00:00-04:00,26.13665229968581,26.198344475506214,25.97214244566007,26.037946701049805,31726600,0.0,0.0,0.0,XLU
2019-10-16 00:00:00-04:00,26.021497658633436,26.107865457675388,25.902226944396062,26.09552764892578,32355000,0.0,0.0,0.0,XLU
2019-10-17 00:00:00-04:00,26.09552881966075,26.214799539249018,26.03383663535029,26.161333084106445,25999600,0.0,0.0,0.0,XLU
2019-10-18 00:00:00-04:00,26.099635963626664,26.305274447239665,26.033831711626387,26.247695922851562,29105800,0.0,0.0,0.0,XLU
2019-10-21 00:00:00-04:00,26.25181547190789,26.358745248210138,26.16955974619408,26.350521087646484,22924800,0.0,0.0,0.0,XLU
2019-10-22 00:00:00-04:00,26.412209970204543,26.58083191192329,26.33406633454769,26.46156120300293,31182600,0.0,0.0,0.0,XLU
2019-10-23 00:00:00-04:00,26.523255977745425,26.634302537999535,26.45333963257498,26.568496704101562,25821800,0.0,0.0,0.0,XLU
2019-10-24 00:00:00-04:00,26.58083006362452,26.704214412630066,26.539702993220786,26.658973693847656,22922400,0.0,0.0,0.0,XLU
2019-10-25 00:00:00-04:00,26.679541402723164,26.716554828361915,26.280602191489592,26.387535095214844,33850200,0.0,0.0,0.0,XLU
2019-10-28 00:00:00-04:00,26.251815515756586,26.32173186294675,25.99271052843941,26.025611877441406,50137200,0.0,0.0,0.0,XLU
2019-10-29 00:00:00-04:00,26.009158266761858,26.10786386854542,25.93512828097556,26.05028533935547,39544800,0.0,0.0,0.0,XLU
2019-10-30 00:00:00-04:00,26.070855024678693,26.346409927621725,26.066742944008364,26.280607223510742,39360600,0.0,0.0,0.0,XLU
2019-10-31 00:00:00-04:00,26.3052726916664,26.457446288990116,26.218904910848302,26.424543380737305,34491800,0.0,0.0,0.0,XLU
2019-11-01 00:00:00-04:00,26.44100095728125,26.5232551091652,26.313504511625318,26.35874366760254,31381800,0.0,0.0,0.0,XLU
2019-11-04 00:00:00-05:00,26.334067577124667,26.350519034765245,25.926904198353128,26.02149772644043,48685600,0.0,0.0,0.0,XLU
2019-11-05 00:00:00-05:00,25.894005647177465,25.976261380346166,25.684255018050017,25.75417137145996,43993800,0.0,0.0,0.0,XLU
2019-11-06 00:00:00-05:00,25.7994102052469,25.959808010232717,25.75828312613682,25.852876663208008,35543800,0.0,0.0,0.0,XLU
2019-11-07 00:00:00-05:00,25.717154439013232,25.848762974642316,25.334666642060746,25.5032901763916,45689400,0.0,0.0,0.0,XLU
2019-11-08 00:00:00-05:00,25.4251420301857,25.536186999786878,25.28530779834316,25.396352767944336,31943000,0.0,0.0,0.0,XLU
2019-11-11 00:00:00-05:00,25.40458369878005,25.433372966917858,25.215396631332347,25.24007225036621,18546400,0.0,0.0,0.0,XLU
2019-11-12 00:00:00-05:00,25.24418309731299,25.351114428684173,25.227731640518265,25.301761627197266,25337000,0.0,0.0,0.0,XLU
2019-11-13 00:00:00-05:00,25.39224102907306,25.733600101182553,25.359338118129077,25.676021575927734,33593800,0.0,0.0,0.0,XLU
2019-11-14 00:00:00-05:00,25.758284279795696,25.898118551489354,25.684254278963902,25.766510009765625,33672000,0.0,0.0,0.0,XLU
2019-11-15 00:00:00-05:00,25.77884236091836,25.861098074300255,25.700700296099043,25.848758697509766,19931600,0.0,0.0,0.0,XLU
2019-11-18 00:00:00-05:00,25.902225494384766,26.116089724490784,25.85698477297232,25.902225494384766,32981600,0.0,0.0,0.0,XLU
2019-11-19 00:00:00-05:00,25.8282000514647,25.980372130248877,25.700705162036424,25.83642578125,36104800,0.0,0.0,0.0,XLU
2019-11-20 00:00:00-05:00,25.87343749279337,26.0297232010579,25.811745311692356,25.992708206176758,39359000,0.0,0.0,0.0,XLU
2019-11-21 00:00:00-05:00,25.988593288591833,26.013270473606962,25.815857700177695,25.902225494384766,28418000,0.0,0.0,0.0,XLU
2019-11-22 00:00:00-05:00,25.959804691440247,25.972144068713764,25.725376918908353,25.910451889038086,22970400,0.0,0.0,0.0,XLU
2019-11-25 00:00:00-05:00,25.935128307038106,26.009158292898796,25.766504798999254,25.82408332824707,40797400,0.0,0.0,0.0,XLU
2019-11-26 00:00:00-05:00,25.865211166462228,25.94746688306403,25.807632635510156,25.910451889038086,32300200,0.0,0.0,0.0,XLU
2019-11-27 00:00:00-05:00,25.848761289818725,25.98448346584468,25.828197751635294,25.9556941986084,25056400,0.0,0.0,0.0,XLU
2019-11-29 00:00:00-05:00,26.00504882711385,26.103756013770546,25.90634320935466,25.931018829345703,10243000,0.0,0.0,0.0,XLU
2019-12-02 00:00:00-05:00,25.807634677571603,25.87343894228043,25.708927496059648,25.762393951416016,37401200,0.0,0.0,0.0,XLU
2019-12-03 00:00:00-05:00,25.828194167147533,25.88166061412219,25.77061564066583,25.832307815551758,25801800,0.0,0.0,0.0,XLU
2019-12-04 00:00:00-05:00,25.82408938657901,26.07085501807437,25.803525845437335,26.029727935791016,39195400,0.0,0.0,0.0,XLU
2019-12-05 00:00:00-05:00,25.988593252980813,26.07907469568172,25.92278899526123,26.074962615966797,24899400,0.0,0.0,0.0,XLU
2019-12-06 00:00:00-05:00,25.97625881813828,26.148995997644118,25.97625881813828,25.996822357177734,19164400,0.0,0.0,0.0,XLU
2019-12-09 00:00:00-05:00,26.05440188815474,26.058515537458064,25.861102731131567,25.906343460083008,23166400,0.0,0.0,0.0,XLU
2019-12-10 00:00:00-05:00,25.902225494384766,25.955691944135584,25.83642123657501,25.902225494384766,25197600,0.0,0.0,0.0,XLU
2019-12-11 00:00:00-05:00,25.935126275837753,26.017380414665606,25.840532761068015,25.97214126586914,23980200,0.0,0.0,0.0,XLU
2019-12-12 00:00:00-05:00,25.939243224627116,26.042062486360663,25.750056159572775,25.861101150512695,48234200,0.0,0.0,0.0,XLU
2019-12-13 00:00:00-05:00,25.87344071447438,26.107868521612733,25.774733526201505,26.0626277923584,38669200,0.0,0.0,0.0,XLU
2019-12-16 00:00:00-05:00,26.062624304156106,26.40398341474675,26.062624304156106,26.387535095214844,41547800,0.0,0.0,0.0,XLU
2019-12-17 00:00:00-05:00,26.403984175903766,26.63841195842441,26.37930855809993,26.47390365600586,33694600,0.0,0.0,0.0,XLU
2019-12-18 00:00:00-05:00,26.494461832615457,26.61784617956344,26.354629168015745,26.580829620361328,25615800,0.0,0.0,0.0,XLU
2019-12-19 00:00:00-05:00,26.580828718673587,26.626069435166883,26.4245446039294,26.58905601501465,33803200,0.0,0.0,0.0,XLU
2019-12-20 00:00:00-05:00,26.58118597133145,26.916924306927783,26.58118597133145,26.7718505859375,45942200,0.2505,0.0,0.0,XLU
2019-12-23 00:00:00-05:00,26.81743855106352,26.829875878098694,26.452689348872372,26.52315330505371,32956000,0.0,0.0,0.0,XLU
2019-12-24 00:00:00-05:00,26.552173305317364,26.57289902724475,26.419538488115773,26.56046485900879,9025600,0.0,0.0,0.0,XLU
2019-12-26 00:00:00-05:00,26.58532668183225,26.630920729060588,26.49413858737557,26.60605239868164,13317000,0.0,0.0,0.0,XLU
2019-12-27 00:00:00-05:00,26.606052242528598,26.684803009033203,26.55631241976223,26.684803009033203,20603400,0.0,0.0,0.0,XLU
2019-12-30 00:00:00-05:00,26.57289411320032,26.68480476892982,26.539734229169134,26.680662155151367,23868600,0.0,0.0,0.0,XLU
2019-12-31 00:00:00-05:00,26.67651654903713,26.817441313616648,26.643356664794677,26.784284591674805,21616800,0.0,0.0,0.0,XLU
2020-01-02 00:00:00-05:00,26.829883923429307,26.838172314971196,26.3490749941677,26.44855308532715,38215400,0.0,0.0,0.0,XLU
2020-01-03 00:00:00-05:00,26.46926975455033,26.597760342136386,26.407095767482758,26.50242805480957,35978600,0.0,0.0,0.0,XLU
2020-01-06 00:00:00-05:00,26.469275471828496,26.606057640461586,26.42782561111369,26.52730369567871,20889000,0.0,0.0,0.0,XLU
2020-01-07 00:00:00-05:00,26.46098375375881,26.502432030588295,26.340781537342725,26.48999786376953,26140600,0.0,0.0,0.0,XLU
2020-01-08 00:00:00-05:00,26.502430282680987,26.59361996422255,26.436112095437426,26.477561950683594,25482800,0.0,0.0,0.0,XLU
2020-01-09 00:00:00-05:00,26.44440287640352,26.651648996681093,26.44025868132713,26.622634887695312,23286200,0.0,0.0,0.0,XLU
2020-01-10 00:00:00-05:00,26.659941991994103,26.78843261651185,26.647507823466743,26.69310188293457,21165800,0.0,0.0,0.0,XLU
2020-01-13 00:00:00-05:00,26.684803836869616,26.93349979611632,26.684803836869616,26.854745864868164,25342200,0.0,0.0,0.0,XLU
2020-01-14 00:00:00-05:00,26.854750160767995,26.941792495508135,26.73454793785038,26.933504104614258,22990000,0.0,0.0,0.0,XLU
2020-01-15 00:00:00-05:00,26.991530900940955,27.356280164708778,26.987385124562678,27.310686111450195,31771800,0.0,0.0,0.0,XLU
2020-01-16 00:00:00-05:00,27.33141453327116,27.50964498754868,27.32312297969483,27.48063087463379,21797600,0.0,0.0,0.0,XLU
2020-01-17 00:00:00-05:00,27.472335205208353,27.708593849919865,27.39772704570468,27.67129135131836,26517600,0.0,0.0,0.0,XLU
2020-01-21 00:00:00-05:00,27.733466789721806,27.93656556028102,27.621552963484508,27.924131393432617,47753000,0.0,0.0,0.0,XLU
2020-01-22 00:00:00-05:00,27.97801336239081,28.089924024428033,27.936565086165942,28.011173248291016,21683200,0.0,0.0,0.0,XLU
2020-01-23 00:00:00-05:00,28.007028112730328,28.268155104991827,27.97801400247905,28.25986671447754,25938600,0.0,0.0,0.0,XLU
2020-01-24 00:00:00-05:00,28.185252545679827,28.43809109355891,28.139658501813095,28.334468841552734,28803000,0.0,0.0,0.0,XLU
2020-01-27 00:00:00-05:00,28.31789191405487,28.516848050482643,28.185255543869857,28.264009475708008,22544400,0.0,0.0,0.0,XLU
2020-01-28 00:00:00-05:00,28.293031202453683,28.50027578432454,28.22256564126856,28.38007354736328,35056800,0.0,0.0,0.0,XLU
2020-01-29 00:00:00-05:00,28.396643649916502,28.496120129287394,28.284729843611515,28.45467185974121,21599600,0.0,0.0,0.0,XLU
2020-01-30 00:00:00-05:00,28.438093234425633,28.73652584863795,28.36763085670895,28.719945907592773,28808600,0.0,0.0,0.0,XLU
2020-01-31 00:00:00-05:00,28.666069350496265,28.782125799315917,28.44224484392934,28.591461181640625,40949000,0.0,0.0,0.0,XLU
2020-02-03 00:00:00-05:00,28.637047932977733,28.715801867126512,28.570731327089764,28.682641983032227,27095800,0.0,0.0,0.0,XLU
2020-02-04 00:00:00-05:00,28.66606887306153,28.753111208226574,28.367636202609376,28.396650314331055,41384200,0.0,0.0,0.0,XLU
2020-02-05 00:00:00-05:00,28.334470623395063,28.583163411389155,28.27229663582145,28.5127010345459,32610200,0.0,0.0,0.0,XLU
2020-02-06 00:00:00-05:00,28.54171799775225,28.682642765546746,28.450529895155487,28.520992279052734,29908200,0.0,0.0,0.0,XLU
2020-02-07 00:00:00-05:00,28.58731171904301,28.62875999366288,28.42151545826289,28.4298038482666,21392800,0.0,0.0,0.0,XLU
2020-02-10 00:00:00-05:00,28.47540457510683,28.537578582763672,28.37178228311255,28.537578582763672,16279600,0.0,0.0,0.0,XLU
2020-02-11 00:00:00-05:00,28.587312854325624,28.73652917872347,28.57073291135911,28.64119529724121,20539400,0.0,0.0,0.0,XLU
2020-02-12 00:00:00-05:00,28.595606485510455,28.748968614332526,28.50441836363254,28.66192626953125,16094800,0.0,0.0,0.0,XLU
2020-02-13 00:00:00-05:00,28.68678653590466,28.997653320856767,28.64119248779431,28.9810733795166,27175200,0.0,0.0,0.0,XLU
2020-02-14 00:00:00-05:00,29.034963282696356,29.200756396069174,28.993511842052214,29.175888061523438,21108200,0.0,0.0,0.0,XLU
2020-02-18 00:00:00-05:00,29.28779478120707,29.470167794101563,29.204895082345782,29.42043113708496,30069600,0.0,0.0,0.0,XLU
2020-02-19 00:00:00-05:00,29.304369388805377,29.345820816316785,29.10127067565918,29.10127067565918,22391000,0.0,0.0,0.0,XLU
2020-02-20 00:00:00-05:00,29.10956622004368,29.2214768676993,28.968638304228797,29.204896926879883,28810200,0.0,0.0,0.0,XLU
2020-02-21 00:00:00-05:00,29.151016235351562,29.34168082273379,29.122002127756453,29.151016235351562,23457200,0.0,0.0,0.0,XLU
2020-02-24 00:00:00-05:00,29.02667685796682,29.188327385675755,28.79870970565238,28.81114387512207,40884200,0.0,0.0,0.0,XLU
2020-02-25 00:00:00-05:00,28.840149973309533,28.889886637360725,28.15624238190015,28.205982208251953,56276600,0.0,0.0,0.0,XLU
2020-02-26 00:00:00-05:00,28.20597944225824,28.45881800072612,27.9158352271097,27.919981002807617,52384600,0.0,0.0,0.0,XLU
2020-02-27 00:00:00-05:00,27.808069084413486,27.96143117265323,26.655790021527142,26.664081573486328,87206200,0.0,0.0,0.0,XLU
2020-02-28 00:00:00-05:00,26.054784763693625,26.08379887385049,25.159488381773674,25.772932052612305,180526200,0.0,0.0,0.0,XLU
2020-03-02 00:00:00-05:00,25.90557421510166,27.3272722545185,25.843400204525107,27.289966583251953,84351600,0.0,0.0,0.0,XLU
2020-03-03 00:00:00-05:00,27.30653677648398,27.870242123036327,26.846453689778752,26.954221725463867,126558000,0.0,0.0,0.0,XLU
2020-03-04 00:00:00-05:00,27.310679912744376,28.520987031830398,27.29409997329524,28.483684539794922,62856400,0.0,0.0,0.0,XLU
2020-03-05 00:00:00-05:00,28.01531713841109,28.425663629940814,27.712741862116435,28.044334411621094,67070200,0.0,0.0,0.0,XLU
2020-03-06 00:00:00-05:00,27.30239867990116,27.928274956067472,26.780141518424475,27.816364288330078,70997800,0.0,0.0,0.0,XLU
2020-03-09 00:00:00-04:00,26.34078232368713,27.045414118876455,25.88898913569666,26.303478240966797,74339400,0.0,0.0,0.0,XLU
2020-03-10 00:00:00-04:00,26.73454778180576,27.041268839904685,25.36258824890512,26.54802894592285,81616800,0.0,0.0,0.0,XLU
2020-03-11 00:00:00-04:00,25.955309448901055,25.971889393941947,24.856914178926417,25.213375091552734,64307800,0.0,0.0,0.0,XLU
2020-03-12 00:00:00-04:00,23.83312033036995,24.26418932103879,22.386552852872693,22.668405532836914,77766400,0.0,0.0,0.0,XLU
2020-03-13 00:00:00-04:00,23.945035292296325,23.945035292296325,22.237340657598676,23.90358543395996,54277200,0.0,0.0,0.0,XLU
2020-03-16 00:00:00-04:00,21.744096061475478,23.42277646552475,21.105782519226523,21.18868064880371,56293400,0.0,0.0,0.0,XLU
2020-03-17 00:00:00-04:00,21.806274666533938,24.102544961445677,21.57001597501186,23.899444580078125,77946000,0.0,0.0,0.0,XLU
2020-03-18 00:00:00-04:00,22.469451012774275,23.215530986270302,21.64876288381362,22.859071731567383,85692800,0.0,0.0,0.0,XLU
2020-03-19 00:00:00-04:00,22.64768339359047,22.747161469881885,21.462244355298882,21.528562545776367,65459000,0.0,0.0,0.0,XLU
2020-03-20 00:00:00-04:00,21.727516660461752,21.727516660461752,19.679941189006197,19.82086753845215,56358400,0.0,0.0,0.0,XLU
2020-03-23 00:00:00-04:00,19.75556155464425,19.75556155464425,18.185666280521787,18.809438705444336,64018000,0.237,0.0,0.0,XLU
2020-03-24 00:00:00-04:00,19.529497728896995,20.91937820862302,19.395533460753285,20.831462860107422,54902800,0.0,0.0,0.0,XLU
2020-03-25 00:00:00-04:00,20.860772898896865,22.259025006615257,20.23281467697193,21.36313819885254,61255000,0.0,0.0,0.0,XLU
2020-03-26 00:00:00-04:00,21.593386761486887,23.435396241021245,21.375694427209364,23.184213638305664,61794400,0.0,0.0,0.0,XLU
2020-03-27 00:00:00-04:00,22.48508425669016,24.15126609571841,22.372051615736044,23.309803009033203,50186200,0.0,0.0,0.0,XLU
2020-03-30 00:00:00-04:00,23.51075304679359,24.31872599334827,23.410279040230556,24.172203063964844,59519000,0.0,0.0,0.0,XLU
2020-03-31 00:00:00-04:00,23.983810897533672,23.983810897533672,23.12141462250969,23.19676971435547,67456400,0.0,0.0,0.0,XLU
2020-04-01 00:00:00-04:00,22.279953660136403,22.58555974055527,21.384067035926037,21.802705764770508,53420600,0.0,0.0,0.0,XLU
2020-04-02 00:00:00-04:00,21.568266341742202,22.639982004858933,21.446860733631418,22.485084533691406,53121600,0.0,0.0,0.0,XLU
2020-04-03 00:00:00-04:00,22.238091777035713,22.514393310821514,21.51384687176353,21.681303024291992,31872000,0.0,0.0,0.0,XLU
2020-04-06 00:00:00-04:00,22.47671178447368,23.59029069015991,22.47671178447368,23.355854034423828,41379600,0.0,0.0,0.0,XLU
2020-04-07 00:00:00-04:00,23.98381258390819,24.021490132480302,23.033502500571572,23.062807083129883,49163200,0.0,0.0,0.0,XLU
2020-04-08 00:00:00-04:00,23.20095744875705,24.519670075607845,23.008384017903026,24.318723678588867,64925600,0.0,0.0,0.0,XLU
2020-04-09 00:00:00-04:00,24.687123500996055,25.86349717117578,24.595022480249238,25.465791702270508,87722800,0.0,0.0,0.0,XLU
2020-04-13 00:00:00-04:00,25.33601594575401,25.33601594575401,24.410824742502488,24.657821655273438,27830400,0.0,0.0,0.0,XLU
2020-04-14 00:00:00-04:00,25.189489803698116,25.419742366202044,24.946680188212024,25.382064819335938,34175600,0.0,0.0,0.0,XLU
2020-04-15 00:00:00-04:00,24.68293638833027,24.984356751391566,24.40663492118403,24.54478645324707,25671600,0.0,0.0,0.0,XLU
2020-04-16 00:00:00-04:00,24.649450904358666,24.75411059549829,24.30616724517911,24.54897689819336,20800000,0.0,0.0,0.0,XLU
2020-04-17 00:00:00-04:00,25.07227002004391,25.4741627652466,24.733173714957804,25.340198516845703,21555000,0.0,0.0,0.0,XLU
2020-04-20 00:00:00-04:00,25.181119194588508,25.181119194588508,24.34384176962437,24.381519317626953,28761000,0.0,0.0,0.0,XLU
2020-04-21 00:00:00-04:00,23.941946248352743,24.26848551443802,23.711695286881504,23.979623794555664,40783200,0.0,0.0,0.0,XLU
2020-04-22 00:00:00-04:00,24.43175599013268,24.879699293423613,24.268487144612802,24.678752899169922,31190800,0.0,0.0,0.0,XLU
2020-04-23 00:00:00-04:00,24.75410751674418,24.821089646863534,24.126149448007755,24.264299392700195,24830400,0.0,0.0,0.0,XLU
2020-04-24 00:00:00-04:00,24.306165085826358,24.519670134112197,23.992186040301295,24.415010452270508,23973800,0.0,0.0,0.0,XLU
2020-04-27 00:00:00-04:00,24.557346993819507,24.85039441414269,24.532228095970105,24.670379638671875,25481000,0.0,0.0,0.0,XLU
2020-04-28 00:00:00-04:00,25.017849975055043,25.285780105570222,24.649449039934225,24.762481689453125,28643400,0.0,0.0,0.0,XLU
2020-04-29 00:00:00-04:00,25.16437512257842,25.17693377384744,24.435943006353916,24.53641700744629,23575600,0.0,0.0,0.0,XLU
2020-04-30 00:00:00-04:00,24.3605865793636,24.398264128100763,23.749374430498506,23.97125244140625,38733800,0.0,0.0,0.0,XLU
2020-05-01 00:00:00-04:00,23.690764903157092,23.70751083500219,23.259567538515537,23.393531799316406,26918600,0.0,0.0,0.0,XLU
2020-05-04 00:00:00-04:00,23.272123844438017,23.627966076908464,23.12978663205388,23.56935691833496,24027600,0.0,0.0,0.0,XLU
2020-05-05 00:00:00-04:00,23.65309080881733,24.046610682759116,23.62378622229933,23.76193618774414,23653600,0.0,0.0,0.0,XLU
2020-05-06 00:00:00-04:00,23.845663652319512,23.862409586181542,22.920472365674375,22.953964233398438,48150400,0.0,0.0,0.0,XLU
2020-05-07 00:00:00-04:00,23.217702368580245,23.422836038225977,23.00838301452457,23.04606056213379,42266200,0.0,0.0,0.0,XLU
2020-05-08 00:00:00-04:00,23.326547467572823,23.602848929022343,23.217700517831606,23.5107479095459,26553200,0.0,0.0,0.0,XLU
2020-05-11 00:00:00-04:00,23.32654994670123,23.4981917577076,22.995824975231898,23.410276412963867,31326400,0.0,0.0,0.0,XLU
2020-05-12 00:00:00-04:00,23.468889657721444,23.5735493486009,23.159096270046998,23.20514678955078,43734400,0.0,0.0,0.0,XLU
2020-05-13 00:00:00-04:00,23.159098745781442,23.159098745781442,22.744647219902344,23.00838851928711,39645000,0.0,0.0,0.0,XLU
2020-05-14 00:00:00-04:00,22.77813461230999,23.322364674811524,22.464155545830632,23.255382537841797,46233200,0.0,0.0,0.0,XLU
2020-05-15 00:00:00-04:00,23.092115819396483,23.100488786916376,22.593936229314853,22.945592880249023,69347600,0.0,0.0,0.0,XLU
2020-05-18 00:00:00-04:00,23.485633055212695,24.038236073195577,23.485633055212695,23.887527465820312,45994600,0.0,0.0,0.0,XLU
2020-05-19 00:00:00-04:00,23.78705456631435,23.85403670502317,23.48982142560522,23.494007110595703,32655800,0.0,0.0,0.0,XLU
2020-05-20 00:00:00-04:00,23.736813841203155,23.887524023842516,23.531680182170724,23.623781204223633,23583200,0.0,0.0,0.0,XLU
2020-05-21 00:00:00-04:00,23.560987951726712,23.7284440877665,23.339109928907046,23.385160446166992,33868200,0.0,0.0,0.0,XLU
2020-05-22 00:00:00-04:00,23.385155027336324,23.665642153681148,23.309799943277778,23.644710540771484,23838000,0.0,0.0,0.0,XLU
2020-05-26 00:00:00-04:00,24.071724010369536,24.260111735064044,23.774490931951437,23.79960823059082,35071800,0.0,0.0,0.0,XLU
2020-05-27 00:00:00-04:00,24.218244248664956,24.26010907009813,23.753556708104053,24.084280014038086,32984600,0.0,0.0,0.0,XLU
2020-05-28 00:00:00-04:00,24.39407813331633,24.900630595577972,24.37314651694634,24.795970916748047,42582000,0.0,0.0,0.0,XLU
2020-05-29 00:00:00-04:00,24.73736187248927,25.118323041404707,24.590838960206394,24.988544464111328,29511800,0.0,0.0,0.0,XLU
2020-06-01 00:00:00-04:00,24.980170390195934,25.440673917051896,24.83783476570834,25.285778045654297,29112800,0.0,0.0,0.0,XLU
2020-06-02 00:00:00-04:00,25.382066862482375,25.465794928589013,25.10995104688081,25.44904899597168,27998600,0.0,0.0,0.0,XLU
2020-06-03 00:00:00-04:00,25.58719780592262,25.934668705818126,25.566266189574932,25.754653930664062,25682800,0.0,0.0,0.0,XLU
2020-06-04 00:00:00-04:00,25.61650331996772,25.670926802035254,24.967613607707165,25.294151306152344,43679200,0.0,0.0,0.0,XLU
2020-06-05 00:00:00-04:00,25.524399528189434,26.106307008179428,25.49928063375845,25.616498947143555,44260000,0.0,0.0,0.0,XLU
2020-06-08 00:00:00-04:00,25.662548054946864,26.386792703237738,25.478347630108956,26.30306625366211,31919000,0.0,0.0,0.0,XLU
2020-06-09 00:00:00-04:00,26.064445308736612,26.077005555947704,25.49091072480155,25.775585174560547,37283600,0.0,0.0,0.0,XLU
2020-06-10 00:00:00-04:00,25.775586219140116,25.94722803283487,25.54114795778484,25.624876022338867,25052000,0.0,0.0,0.0,XLU
2020-06-11 00:00:00-04:00,25.185304544433365,25.256473955039343,24.444313841547217,24.62432861328125,69420400,0.0,0.0,0.0,XLU
2020-06-12 00:00:00-04:00,25.09320239247578,25.122506972887518,24.260112297376708,24.56153106689453,46404800,0.0,0.0,0.0,XLU
2020-06-15 00:00:00-04:00,24.126149475694938,24.909003421797028,23.916830119209248,24.728988647460938,33434000,0.0,0.0,0.0,XLU
2020-06-16 00:00:00-04:00,25.327644742657398,25.46579629871326,24.708059575301082,24.842023849487305,34226600,0.0,0.0,0.0,XLU
2020-06-17 00:00:00-04:00,24.946683109477796,24.950868794295328,24.528044360600493,24.76666831970215,24374400,0.0,0.0,0.0,XLU
2020-06-18 00:00:00-04:00,24.611771490094593,24.82946382283691,24.481992907984743,24.762481689453125,26507600,0.0,0.0,0.0,XLU
2020-06-19 00:00:00-04:00,24.95924243930461,25.063902129368593,24.029865477482918,24.067543029785156,58531600,0.0,0.0,0.0,XLU
2020-06-22 00:00:00-04:00,24.053188940739354,24.45421645966538,23.829458493578866,24.302248001098633,25906400,0.238,0.0,0.0,XLU
2020-06-23 00:00:00-04:00,24.551309020637817,24.58085826657125,23.989871737589418,24.05741310119629,25244400,0.0,0.0,0.0,XLU
2020-06-24 00:00:00-04:00,23.875890364079194,23.985644452994453,23.55084711684657,23.83789825439453,28538400,0.0,0.0,0.0,XLU
2020-06-25 00:00:00-04:00,23.78724288896437,23.799908000055108,23.268018423005824,23.54240608215332,43502400,0.0,0.0,0.0,XLU
2020-06-26 00:00:00-04:00,23.508630114041104,23.77457485182152,23.13715353939358,23.29334259033203,57463400,0.0,0.0,0.0,XLU
2020-06-29 00:00:00-04:00,23.479085275033924,23.745030062622913,23.23002622863123,23.73236656188965,29730600,0.0,0.0,0.0,XLU
2020-06-30 00:00:00-04:00,23.736585407676316,23.951874565835368,23.59728207914351,23.821012496948242,33743800,0.0,0.0,0.0,XLU
2020-07-01 00:00:00-04:00,23.84211897380961,24.48376260072122,23.799906234140384,24.37822914123535,39777400,0.0,0.0,0.0,XLU
2020-07-02 00:00:00-04:00,24.551303387960896,24.703271823789315,24.378228582781365,24.44154930114746,24295200,0.0,0.0,0.0,XLU
2020-07-06 00:00:00-04:00,24.530200175739804,24.69061150201677,23.943434336571006,24.141836166381836,30775400,0.0,0.0,0.0,XLU
2020-07-07 00:00:00-04:00,23.875891912272948,24.133392216485323,23.76191557582834,24.04474449157715,22681000,0.0,0.0,0.0,XLU
2020-07-08 00:00:00-04:00,24.0067476050573,24.340233677556522,23.960312631631766,24.260028839111328,24359400,0.0,0.0,0.0,XLU
2020-07-09 00:00:00-04:00,24.141836540453312,24.15450165214048,23.60150567764869,23.93499183654785,35750400,0.0,0.0,0.0,XLU
2020-07-10 00:00:00-04:00,23.934995494096775,24.454220063850403,23.926552621786158,24.38667869567871,27166400,0.0,0.0,0.0,XLU
2020-07-13 00:00:00-04:00,24.386672046102497,24.652616815274744,24.298024326482683,24.41200065612793,35531600,0.0,0.0,0.0,XLU
2020-07-14 00:00:00-04:00,24.41621561670545,24.78347152007964,24.3866663836933,24.63994598388672,67894200,0.0,0.0,0.0,XLU
2020-07-15 00:00:00-04:00,24.872125828284442,25.05364351377157,24.496426957029225,24.542861938476562,26940400,0.0,0.0,0.0,XLU
2020-07-16 00:00:00-04:00,24.56396461564589,24.922779302679903,24.50064551344879,24.85523796081543,30126400,0.0,0.0,0.0,XLU
2020-07-17 00:00:00-04:00,24.990323015931985,25.484218823249208,24.96921664653012,25.416677474975586,45901600,0.0,0.0,0.0,XLU
2020-07-20 00:00:00-04:00,25.328029307558594,25.39979128431323,25.04097817991458,25.08319091796875,24255200,0.0,0.0,0.0,XLU
2020-07-21 00:00:00-04:00,25.146514643780595,25.4884436600521,25.066309787757223,25.19717025756836,30216000,0.0,0.0,0.0,XLU
2020-07-22 00:00:00-04:00,25.083190955457038,25.678401190974466,24.838354175814004,25.58553123474121,29694200,0.0,0.0,0.0,XLU
2020-07-23 00:00:00-04:00,25.577093485769723,25.79660331061491,25.463117137658966,25.61508560180664,38277400,0.0,0.0,0.0,XLU
2020-07-24 00:00:00-04:00,25.665739746941156,25.927462303336128,25.302704350157146,25.446229934692383,35397000,0.0,0.0,0.0,XLU
2020-07-27 00:00:00-04:00,25.454669524052363,25.471555263659177,24.956551477840684,25.13806915283203,22638600,0.0,0.0,0.0,XLU
2020-07-28 00:00:00-04:00,25.074751791137395,25.7332795785395,25.053643810002406,25.51799201965332,37792000,0.0,0.0,0.0,XLU
2020-07-29 00:00:00-04:00,25.56443032957774,25.703733683388243,25.446231739023855,25.636192321777344,18205600,0.0,0.0,0.0,XLU
2020-07-30 00:00:00-04:00,25.450453979925644,25.640414562679133,25.323814128194346,25.636192321777344,25475800,0.0,0.0,0.0,XLU
2020-07-31 00:00:00-04:00,25.56864055059621,25.745937559088883,25.319581579119845,25.678396224975586,24228000,0.0,0.0,0.0,XLU
2020-08-03 00:00:00-04:00,25.661519704934452,25.665740335320642,25.26471281548643,25.399795532226562,19303800,0.0,0.0,0.0,XLU
2020-08-04 00:00:00-04:00,25.38290228436275,25.79237091791293,25.319581579119845,25.678396224975586,41663600,0.0,0.0,0.0,XLU
2020-08-05 00:00:00-04:00,25.733280012453942,25.75016575352151,25.24782703410808,25.349138259887695,23658600,0.0,0.0,0.0,XLU
2020-08-06 00:00:00-04:00,25.323808590409314,25.53909613024235,25.19294652639301,25.496883392333984,27576000,0.0,0.0,0.0,XLU
2020-08-07 00:00:00-04:00,25.3955696285661,26.058319573178192,25.391348999056305,25.957008361816406,30942200,0.0,0.0,0.0,XLU
2020-08-10 00:00:00-04:00,26.041438610526473,26.151194321662445,25.864143152970936,25.948570251464844,21208600,0.0,0.0,0.0,XLU
2020-08-11 00:00:00-04:00,25.978120752417126,26.028776369841353,25.319591284650002,25.38713264465332,50996000,0.0,0.0,0.0,XLU
2020-08-12 00:00:00-04:00,25.463111337432483,25.927457885165552,25.454668467979356,25.754383087158203,34570600,0.0,0.0,0.0,XLU
2020-08-13 00:00:00-04:00,25.64885273850884,25.767051314844398,25.513770031536392,25.712173461914062,31627200,0.0,0.0,0.0,XLU
2020-08-14 00:00:00-04:00,25.65729595547318,25.691067437828803,25.420902020235452,25.48844337463379,17336600,0.0,0.0,0.0,XLU
2020-08-17 00:00:00-04:00,25.50955353626389,25.678407752505244,25.3575850637093,25.454675674438477,19020400,0.0,0.0,0.0,XLU
2020-08-18 00:00:00-04:00,25.43778693413058,25.53909977400317,25.20983586246493,25.340696334838867,24294600,0.0,0.0,0.0,XLU
2020-08-19 00:00:00-04:00,25.404016329529234,25.416679830281296,25.214055766683718,25.264711380004883,18042800,0.0,0.0,0.0,XLU
2020-08-20 00:00:00-04:00,25.16339666939091,25.2900364903165,24.97343613284618,25.040977478027344,25932000,0.0,0.0,0.0,XLU
2020-08-21 00:00:00-04:00,25.062084548941662,25.129625896015977,24.829911269018258,25.08319091796875,18933400,0.0,0.0,0.0,XLU
2020-08-24 00:00:00-04:00,25.154950060628988,25.31113909620903,24.92277682172623,25.302696228027344,14985800,0.0,0.0,0.0,XLU
2020-08-25 00:00:00-04:00,25.349137250817137,25.353359491072407,24.977659013682512,25.06208610534668,23573200,0.0,0.0,0.0,XLU
2020-08-26 00:00:00-04:00,24.973436414541943,24.990322153605874,24.69060753162829,24.783475875854492,23329800,0.0,0.0,0.0,XLU
2020-08-27 00:00:00-04:00,24.855240830564586,25.040979139558807,24.711715261242258,24.863683700561523,38907200,0.0,0.0,0.0,XLU
2020-08-28 00:00:00-04:00,24.914339415597254,24.96077439562039,24.67794388562166,24.93544578552246,16995800,0.0,0.0,0.0,XLU
2020-08-31 00:00:00-04:00,24.897454407036268,25.16339918478335,24.893233777052345,25.011430740356445,19975600,0.0,0.0,0.0,XLU
2020-09-01 00:00:00-04:00,24.93122102688075,24.9481051538371,24.62728419729084,24.724374771118164,26620400,0.0,0.0,0.0,XLU
2020-09-02 00:00:00-04:00,24.779254963435513,25.606636844372577,24.677942140520933,25.492660522460938,37298400,0.0,0.0,0.0,XLU
2020-09-03 00:00:00-04:00,25.501104274491055,25.767049034822577,24.969216364140756,25.205610275268555,38871400,0.0,0.0,0.0,XLU
2020-09-04 00:00:00-04:00,25.256268899268107,25.399792861690504,24.737042849142988,25.06208610534668,35792200,0.0,0.0,0.0,XLU
2020-09-08 00:00:00-04:00,25.08741292190057,25.116962160322988,24.686385472908498,24.922780990600586,28990800,0.0,0.0,0.0,XLU
2020-09-09 00:00:00-04:00,25.10852859879916,25.577097567934846,25.083199980627686,25.25205421447754,30869400,0.0,0.0,0.0,XLU
2020-09-10 00:00:00-04:00,25.154954120962426,25.184503359211725,24.78769815249777,24.81724739074707,36280400,0.0,0.0,0.0,XLU
2020-09-11 00:00:00-04:00,24.87212434808382,24.956551435662437,24.682165413922867,24.876346588134766,25332600,0.0,0.0,0.0,XLU
2020-09-14 00:00:00-04:00,24.9987671816922,25.34913744080209,24.97343857090927,25.218276977539062,20927200,0.0,0.0,0.0,XLU
2020-09-15 00:00:00-04:00,25.47578037772398,25.762831560316336,25.252049924646688,25.38713264465332,23342600,0.0,0.0,0.0,XLU
2020-09-16 00:00:00-04:00,25.298479468644857,25.53065274305989,25.18872377580762,25.353357315063477,23082200,0.0,0.0,0.0,XLU
2020-09-17 00:00:00-04:00,25.192947965769356,25.28581792684908,24.948109563036564,25.146512985229492,22775400,0.0,0.0,0.0,XLU
2020-09-18 00:00:00-04:00,25.142295316962375,25.159179448891614,24.64839782341119,24.703275680541992,31969600,0.0,0.0,0.0,XLU
2020-09-21 00:00:00-04:00,24.524029356375998,24.66453239121686,24.230252498293737,24.549575805664062,30371200,0.2495,0.0,0.0,XLU
2020-09-22 00:00:00-04:00,24.562345415638916,24.868896275468614,24.545316075552268,24.702848434448242,21247400,0.0,0.0,0.0,XLU
2020-09-23 00:00:00-04:00,24.732650768709007,24.775226553376665,24.30262949658219,24.323917388916016,21576400,0.0,0.0,0.0,XLU
2020-09-24 00:00:00-04:00,24.298371563877783,24.77097025689827,24.14935468957498,24.596406936645508,31328200,0.0,0.0,0.0,XLU
2020-09-25 00:00:00-04:00,24.489967426962465,25.02642983320034,24.400557296616523,25.000885009765625,22576000,0.0,0.0,0.0,XLU
2020-09-28 00:00:00-04:00,25.1115773732806,25.315944035497594,25.02216726309101,25.064743041992188,20359600,0.0,0.0,0.0,XLU
2020-09-29 00:00:00-04:00,25.141383737148093,25.31169012135639,24.941275603489704,25.056230545043945,18435800,0.0,0.0,0.0,XLU
2020-09-30 00:00:00-04:00,25.213762922556782,25.405355562458418,25.0690029923934,25.281885147094727,24208200,0.0,0.0,0.0,XLU
2020-10-01 00:00:00-04:00,25.345753494174872,25.601213101434592,25.294662222387824,25.5373477935791,26142000,0.0,0.0,0.0,XLU
2020-10-02 00:00:00-04:00,25.33297502583202,25.971621455054677,25.277625213867402,25.83963394165039,33890000,0.0,0.0,0.0,XLU
2020-10-05 00:00:00-04:00,25.907757980443606,26.23559669868213,25.733194675839922,26.163217544555664,22076800,0.0,0.0,0.0,XLU
2020-10-06 00:00:00-04:00,26.180252054669175,26.682652521429464,26.065295478865334,26.384618759155273,32776800,0.0,0.0,0.0,XLU
2020-10-07 00:00:00-04:00,26.520864782477716,26.65710926011669,26.350558373347855,26.546409606933594,24403600,0.0,0.0,0.0,XLU
2020-10-08 00:00:00-04:00,26.66136219483712,27.07435411939354,26.644332855805445,27.03177833557129,27235600,0.0,0.0,0.0,XLU
2020-10-09 00:00:00-04:00,27.180794643336966,27.193567053388193,26.84444043591727,27.02751922607422,17091200,0.0,0.0,0.0,XLU
2020-10-12 00:00:00-04:00,27.044552860443016,27.380905476926422,26.976430626503852,27.19782829284668,14970200,0.0,0.0,0.0,XLU
2020-10-13 00:00:00-04:00,27.010486602783203,27.082867378335287,26.70819433963263,27.010486602783203,20210400,0.0,0.0,0.0,XLU
2020-10-14 00:00:00-04:00,27.04455312755633,27.15950970299448,26.83592787046587,26.976430892944336,22338800,0.0,0.0,0.0,XLU
2020-10-15 00:00:00-04:00,26.720967760618805,27.108413223257134,26.65284553501741,26.959396362304688,19124000,0.0,0.0,0.0,XLU
2020-10-16 00:00:00-04:00,26.9934624612074,27.35110298279551,26.96365908440839,27.248920440673828,16081000,0.0,0.0,0.0,XLU
2020-10-19 00:00:00-04:00,27.236147468953867,27.380905796622873,26.94236901202933,27.019006729125977,26603000,0.0,0.0,0.0,XLU
2020-10-20 00:00:00-04:00,27.12970249949636,27.32981224600925,27.02751834991307,27.18079376220703,24979400,0.0,0.0,0.0,XLU
2020-10-21 00:00:00-04:00,27.121189638670998,27.287235852482773,27.03177951424846,27.108415603637695,14200000,0.0,0.0,0.0,XLU
2020-10-22 00:00:00-04:00,27.14673414435249,27.53843818951692,27.070098055855503,27.49160385131836,15212000,0.0,0.0,0.0,XLU
2020-10-23 00:00:00-04:00,27.627845955871923,27.674680290074885,27.41496379979442,27.568239212036133,14485000,0.0,0.0,0.0,XLU
2020-10-26 00:00:00-04:00,27.35535840590569,27.610816356140383,27.176538165573813,27.55972671508789,20763200,0.0,0.0,0.0,XLU
2020-10-27 00:00:00-04:00,27.610817958237234,27.819441584062986,27.40645288552098,27.53843879699707,19601800,0.0,0.0,0.0,XLU
2020-10-28 00:00:00-04:00,27.15524780096612,27.50437441331871,26.68264914605513,26.737998962402344,34026600,0.0,0.0,0.0,XLU
2020-10-29 00:00:00-04:00,26.640070760007983,27.13821581012161,26.295201109929316,26.81037712097168,29847800,0.0,0.0,0.0,XLU
2020-10-30 00:00:00-04:00,26.661359920804387,26.827407737375278,26.303717845050965,26.55917739868164,34824600,0.0,0.0,0.0,XLU
2020-11-02 00:00:00-05:00,26.921081272672915,27.180797801639283,26.652849261295597,27.142478942871094,29911800,0.0,0.0,0.0,XLU
2020-11-03 00:00:00-05:00,27.483088140705895,27.832214752987166,27.372388508034085,27.534177780151367,30157400,0.0,0.0,0.0,XLU
2020-11-04 00:00:00-05:00,27.372390146097235,27.798154491349973,27.091385743196913,27.12118911743164,36662200,0.0,0.0,0.0,XLU
2020-11-05 00:00:00-05:00,27.406451560464006,27.862019271426522,27.34258626020636,27.363872528076172,31525200,0.0,0.0,0.0,XLU
2020-11-06 00:00:00-05:00,27.38090177444229,27.62358730154442,27.231884915401317,27.304264068603516,18955400,0.0,0.0,0.0,XLU
2020-11-09 00:00:00-05:00,28.09618583742138,28.922169636228666,27.78537971095654,27.810924530029297,46072200,0.0,0.0,0.0,XLU
2020-11-10 00:00:00-05:00,27.959946538029833,28.292042240435112,27.84499158270666,28.211149215698242,31172000,0.0,0.0,0.0,XLU
2020-11-11 00:00:00-05:00,28.35590221992122,28.56878437359679,28.206885362013097,28.317584991455078,19459000,0.0,0.0,0.0,XLU
2020-11-12 00:00:00-05:00,28.151534603024956,28.215396644642016,27.64487408403906,27.862014770507812,53020200,0.0,0.0,0.0,XLU
2020-11-13 00:00:00-05:00,27.99826176765234,28.215399225660274,27.94716888136136,28.138761520385742,26324800,0.0,0.0,0.0,XLU
2020-11-16 00:00:00-05:00,28.487887962702697,28.504915674438678,28.08766852211383,28.424022674560547,27375000,0.0,0.0,0.0,XLU
2020-11-17 00:00:00-05:00,28.240944700397897,28.377189136342476,27.82369428813561,27.866270065307617,16811200,0.0,0.0,0.0,XLU
2020-11-18 00:00:00-05:00,28.011038041878546,28.045099970772117,27.312784741181936,27.321298599243164,25581400,0.0,0.0,0.0,XLU
2020-11-19 00:00:00-05:00,27.291492680349208,27.312782196004882,26.857214496560072,27.04880714416504,26996200,0.0,0.0,0.0,XLU
2020-11-20 00:00:00-05:00,27.001977171524274,27.240405817601253,26.91682559179032,27.053070068359375,18632200,0.0,0.0,0.0,XLU
2020-11-23 00:00:00-05:00,27.159509526494205,27.210600796080627,26.93385330617666,27.05732536315918,16930600,0.0,0.0,0.0,XLU
2020-11-24 00:00:00-05:00,27.274459414012004,27.414962409495544,27.138216595126618,27.34684181213379,21807000,0.0,0.0,0.0,XLU
2020-11-25 00:00:00-05:00,27.312780801854604,27.427735734885033,27.074352206474686,27.419221878051758,22985200,0.0,0.0,0.0,XLU
2020-11-27 00:00:00-05:00,27.41070575397396,27.436253822035912,27.03603432174639,27.146732330322266,12073200,0.0,0.0,0.0,XLU
2020-11-30 00:00:00-05:00,27.070097916577666,27.087127256065994,26.6485904991214,26.75503158569336,26889400,0.0,0.0,0.0,XLU
2020-12-01 00:00:00-05:00,26.955139680390793,27.32129563124708,26.925336307927633,26.942365646362305,30174800,0.0,0.0,0.0,XLU
2020-12-02 00:00:00-05:00,26.814638269117804,27.133961528057355,26.64433350551396,27.12118911743164,24397600,0.0,0.0,0.0,XLU
2020-12-03 00:00:00-05:00,27.078614087580288,27.104160535238357,26.767806283137162,26.840187072753906,18753600,0.0,0.0,0.0,XLU
2020-12-04 00:00:00-05:00,26.865729634428956,26.9295949361162,26.422935948103433,26.57195281982422,21005000,0.0,0.0,0.0,XLU
2020-12-07 00:00:00-05:00,26.48254504526029,26.852959605073195,26.47828649188371,26.720972061157227,17391400,0.0,0.0,0.0,XLU
2020-12-08 00:00:00-05:00,26.546407005335805,26.814639004971294,26.43570898716361,26.64007568359375,21005400,0.0,0.0,0.0,XLU
2020-12-09 00:00:00-05:00,26.661364880739228,26.70394229301283,26.41442238620117,26.593242645263672,22969800,0.0,0.0,0.0,XLU
2020-12-10 00:00:00-05:00,26.580465138710313,26.66561832277312,26.33352106734437,26.456993103027344,21602800,0.0,0.0,0.0,XLU
2020-12-11 00:00:00-05:00,26.34629543811373,26.533631146121863,26.32074899531911,26.499570846557617,13351400,0.0,0.0,0.0,XLU
2020-12-14 00:00:00-05:00,26.686906901981867,26.90830453659836,26.337780300053304,26.363325119018555,27208800,0.0,0.0,0.0,XLU
2020-12-15 00:00:00-05:00,26.486801902426937,26.950885145315404,26.354815983032218,26.882762908935547,22357200,0.0,0.0,0.0,XLU
2020-12-16 00:00:00-05:00,26.93385186495304,27.070097950163305,26.537892516643222,26.57195281982422,24312800,0.0,0.0,0.0,XLU
2020-12-17 00:00:00-05:00,26.665619289047815,26.94662366972442,26.661360736401313,26.75077247619629,25389800,0.0,0.0,0.0,XLU
2020-12-18 00:00:00-05:00,26.755034578514515,26.852960194215232,26.393135493352627,26.520864486694336,20877400,0.0,0.0,0.0,XLU
2020-12-21 00:00:00-05:00,26.311332928863912,26.311332928863912,25.89914533052639,26.19969940185547,27915400,0.261,0.0,0.0,XLU
2020-12-22 00:00:00-05:00,26.191104144991066,26.25980205756079,26.070883207465904,26.148168563842773,24177000,0.0,0.0,0.0,XLU
2020-12-23 00:00:00-05:00,26.272685788577082,26.478779552833704,26.092354359060405,26.096647262573242,11543400,0.0,0.0,0.0,XLU
2020-12-24 00:00:00-05:00,26.152466389951996,26.294156782611665,26.010777635180066,26.281274795532227,7272400,0.0,0.0,0.0,XLU
2020-12-28 00:00:00-05:00,26.418669331632863,26.568947162236658,26.298448377459952,26.397201538085938,11739000,0.0,0.0,0.0,XLU
2020-12-29 00:00:00-05:00,26.461609841621826,26.586123714806504,26.31991943842455,26.392911911010742,15165000,0.0,0.0,0.0,XLU
2020-12-30 00:00:00-05:00,26.41008246016953,26.611883327245877,26.367146872143273,26.526010513305664,11847200,0.0,0.0,0.0,XLU
2020-12-31 00:00:00-05:00,26.53030834137067,26.959670826372733,26.461610409285854,26.92102813720703,18184000,0.0,0.0,0.0,XLU
2021-01-04 00:00:00-05:00,26.96825352504352,26.96825352504352,26.09235381674234,26.242630004882812,25260600,0.0,0.0,0.0,XLU
2021-01-05 00:00:00-05:00,26.298454684006238,26.37574006961885,26.0236629297783,26.238344192504883,16666600,0.0,0.0,0.0,XLU
2021-01-06 00:00:00-05:00,26.38861532071853,27.067008765997098,26.328504840835667,26.89097023010254,35961800,0.0,0.0,0.0,XLU
2021-01-07 00:00:00-05:00,27.036951162831226,27.088474192814807,26.51312850468746,26.538890838623047,24758800,0.0,0.0,0.0,XLU
2021-01-08 00:00:00-05:00,26.573242629859067,26.81797910326163,26.526012496765972,26.762163162231445,26930600,0.0,0.0,0.0,XLU
2021-01-11 00:00:00-05:00,26.66341213857956,26.77075276979427,26.31562954169224,26.51313591003418,16657200,0.0,0.0,0.0,XLU
2021-01-12 00:00:00-05:00,26.470197606763524,26.56036333467348,26.053715476101527,26.371442794799805,24619000,0.0,0.0,0.0,XLU
2021-01-13 00:00:00-05:00,26.453023300957664,26.97255152135367,26.405793164942043,26.88667869567871,26687400,0.0,0.0,0.0,XLU
2021-01-14 00:00:00-05:00,26.895263888596357,26.916731683744423,26.629059625407233,26.78363037109375,26067000,0.0,0.0,0.0,XLU
2021-01-15 00:00:00-05:00,26.727810940968123,27.12711812702083,26.629057779821103,27.04553985595703,27564800,0.0,0.0,0.0,XLU
2021-01-19 00:00:00-05:00,27.191528293101925,27.217288995215455,26.9038545623597,26.94249725341797,18993200,0.0,0.0,0.0,XLU
2021-01-20 00:00:00-05:00,26.93390162721364,27.221575270592467,26.775038006836144,27.10135269165039,44796200,0.0,0.0,0.0,XLU
2021-01-21 00:00:00-05:00,27.036957528868847,27.092773475373477,26.89526711569253,26.94249725341797,13975600,0.0,0.0,0.0,XLU
2021-01-22 00:00:00-05:00,26.865213961871397,27.07130778425711,26.762167869622594,26.981142044067383,18760000,0.0,0.0,0.0,XLU
2021-01-25 00:00:00-05:00,26.886676632913804,27.560777198117588,26.856621391916615,27.522132873535156,37848600,0.0,0.0,0.0,XLU
2021-01-26 00:00:00-05:00,27.483487970148754,27.513543206930674,27.13570383867398,27.247337341308594,19473600,0.0,0.0,0.0,XLU
2021-01-27 00:00:00-05:00,27.028371267442413,27.230170540362202,26.39291492719788,26.51313591003418,39287400,0.0,0.0,0.0,XLU
2021-01-28 00:00:00-05:00,26.603298817553338,27.238755090208805,26.534600886398366,26.830862045288086,25465800,0.0,0.0,0.0,XLU
2021-01-29 00:00:00-05:00,26.69346511140315,26.955376491328,26.517426556715808,26.684879302978516,27760600,0.0,0.0,0.0,XLU
2021-02-01 00:00:00-05:00,26.856621962361046,27.05412830393418,26.59041769163691,26.81368637084961,16109400,0.0,0.0,0.0,XLU
2021-02-02 00:00:00-05:00,26.90385681765622,27.44914744257222,26.792223277400968,27.032665252685547,28698600,0.0,0.0,0.0,XLU
2021-02-03 00:00:00-05:00,27.002606369396656,27.127121882908305,26.88667830211559,26.946788787841797,16266800,0.0,0.0,0.0,XLU
2021-02-04 00:00:00-05:00,26.93390828437285,27.195819660309628,26.856622906624693,27.157176971435547,22702200,0.0,0.0,0.0,XLU
2021-02-05 00:00:00-05:00,27.27739356463693,27.45343208839251,27.165760057964842,27.30315589904785,11920000,0.0,0.0,0.0,XLU
2021-02-08 00:00:00-05:00,27.363268421745904,27.371855867191943,26.989723553225737,27.092769622802734,21531400,0.0,0.0,0.0,XLU
2021-02-09 00:00:00-05:00,27.140005675469144,27.230171415494148,26.908149511500763,27.131418228149414,12386800,0.0,0.0,0.0,XLU
2021-02-10 00:00:00-05:00,27.290277036739663,27.350387515750537,27.054126386500215,27.238752365112305,19621200,0.0,0.0,0.0,XLU
2021-02-11 00:00:00-05:00,27.225873406095957,27.316039129215447,27.041247418058262,27.084184646606445,17422600,0.0,0.0,0.0,XLU
2021-02-12 00:00:00-05:00,27.002606764656715,27.127122279991006,26.744989925519764,26.88667869567871,20216000,0.0,0.0,0.0,XLU
2021-02-16 00:00:00-05:00,26.856625172454553,26.890974960079696,26.5474852732684,26.58612632751465,31723200,0.0,0.0,0.0,XLU
2021-02-17 00:00:00-05:00,26.616182890528595,26.654825582198125,26.427262336638435,26.607595443725586,20358200,0.0,0.0,0.0,XLU
2021-02-18 00:00:00-05:00,26.564655717783396,26.882384668137743,26.564655717783396,26.766456604003906,15419600,0.0,0.0,0.0,XLU
2021-02-19 00:00:00-05:00,26.77074948726706,26.783631475197158,26.34568155699431,26.367149353027344,17935400,0.0,0.0,0.0,XLU
2021-02-22 00:00:00-05:00,26.294159841890128,26.32421508542613,25.60717886905366,25.85191535949707,35602800,0.0,0.0,0.0,XLU
2021-02-23 00:00:00-05:00,25.954961556341154,26.156760802834146,25.82185860142582,26.06659507751465,26213200,0.0,0.0,0.0,XLU
2021-02-24 00:00:00-05:00,26.00218900008064,26.049417490918618,25.73598311778842,25.76174545288086,23673600,0.0,0.0,0.0,XLU
2021-02-25 00:00:00-05:00,25.710223135309686,25.834736996998718,25.405374560848063,25.529890060424805,31360400,0.0,0.0,0.0,XLU
2021-02-26 00:00:00-05:00,25.61576713899121,25.77463080820134,25.049008759966117,25.05759620666504,38014800,0.0,0.0,0.0,XLU
2021-03-01 00:00:00-05:00,25.37532051484736,25.899143235712618,25.371027610954535,25.61147117614746,31427400,0.0,0.0,0.0,XLU
2021-03-02 00:00:00-05:00,25.650113467519436,25.718811393960667,25.39249501494899,25.5341854095459,29306200,0.0,0.0,0.0,XLU
2021-03-03 00:00:00-05:00,25.495548269448243,25.495548269448243,25.018955584515954,25.2336368560791,45849800,0.0,0.0,0.0,XLU
2021-03-04 00:00:00-05:00,25.250808521975028,25.68446391440856,25.074769967319526,25.21216583251953,44172600,0.0,0.0,0.0,XLU
2021-03-05 00:00:00-05:00,25.319506435498642,25.744574381300925,25.09623774524487,25.624353408813477,33606600,0.0,0.0,0.0,XLU
2021-03-08 00:00:00-05:00,25.697345946206095,26.212581293359865,25.628648009111462,25.98501968383789,38423800,0.0,0.0,0.0,XLU
2021-03-09 00:00:00-05:00,26.1267055851596,26.414379291109604,26.092357439339086,26.328506469726562,22224400,0.0,0.0,0.0,XLU
2021-03-10 00:00:00-05:00,26.3199162316373,26.590415017037124,26.24692540583208,26.50883674621582,27421200,0.0,0.0,0.0,XLU
2021-03-11 00:00:00-05:00,26.461609473770004,26.7750438801939,26.427259689998042,26.440141677856445,17168800,0.0,0.0,0.0,XLU
2021-03-12 00:00:00-05:00,26.55606524222756,26.878087059899947,26.431551384188865,26.7965087890625,20043800,0.0,0.0,0.0,XLU
2021-03-15 00:00:00-04:00,26.835154336823834,27.208699226583825,26.835154336823834,27.14000129699707,24417200,0.0,0.0,0.0,XLU
2021-03-16 00:00:00-04:00,27.07559946877324,27.243050579417517,27.002606993071318,27.174352645874023,29243400,0.0,0.0,0.0,XLU
2021-03-17 00:00:00-04:00,27.15288576967328,27.157178674089376,26.70634836755166,26.73210906982422,34407000,0.0,0.0,0.0,XLU
2021-03-18 00:00:00-04:00,26.706342835371736,26.8136834403066,26.448724400795474,26.633350372314453,29627600,0.0,0.0,0.0,XLU
2021-03-19 00:00:00-04:00,26.6419395821098,26.93820071960348,26.35856043182525,26.706344604492188,38712600,0.0,0.0,0.0,XLU
2021-03-22 00:00:00-04:00,26.64622265362457,26.78897107057593,26.477521179131585,26.6678524017334,25641000,0.2305,0.0,0.0,XLU
2021-03-23 00:00:00-04:00,26.6591973575998,27.16962832421525,26.60296299005935,27.065811157226562,26117200,0.0,0.0,0.0,XLU
2021-03-24 00:00:00-04:00,26.979293489858716,27.269115206469966,26.884129553907368,27.074459075927734,22058400,0.0,0.0,0.0,XLU
2021-03-25 00:00:00-04:00,27.160976534933447,27.455123247201765,27.03985623274669,27.364282608032227,28309600,0.0,0.0,0.0,XLU
2021-03-26 00:00:00-04:00,27.359960201715563,27.481078865084598,27.09609312784614,27.45512580871582,20770200,0.0,0.0,0.0,XLU
2021-03-29 00:00:00-04:00,27.398890295372976,27.879039969498056,27.385913767728987,27.749271392822266,32775600,0.0,0.0,0.0,XLU
2021-03-30 00:00:00-04:00,27.66275524175386,27.66275524175386,27.2950710354991,27.49837875366211,22111200,0.0,0.0,0.0,XLU
2021-03-31 00:00:00-04:00,27.51135566495791,27.75359626669686,27.455122948604867,27.70168685913086,22259200,0.0,0.0,0.0,XLU
2021-04-01 00:00:00-04:00,27.658428523390576,27.723312806507476,27.489727077121675,27.675731658935547,21046600,0.0,0.0,0.0,XLU
2021-04-05 00:00:00-04:00,27.775223159503096,28.155882253755358,27.749270105419193,27.978530883789062,29288200,0.0,0.0,0.0,XLU
2021-04-06 00:00:00-04:00,27.94824756072895,28.129925515996696,27.744939863066566,28.125598907470703,17258600,0.0,0.0,0.0,XLU
2021-04-07 00:00:00-04:00,28.103974222076655,28.242396001443137,27.94824930775992,28.09099769592285,15798400,0.0,0.0,0.0,XLU
2021-04-08 00:00:00-04:00,28.164539697372042,28.25105209078807,28.008814749034187,28.069374084472656,19909800,0.0,0.0,0.0,XLU
2021-04-09 00:00:00-04:00,28.09532191812117,28.212117257774583,27.982856487640554,28.03908920288086,15751200,0.0,0.0,0.0,XLU
2021-04-12 00:00:00-04:00,28.043410333691813,28.264017842857086,27.96987449730339,28.06503677368164,14201400,0.0,0.0,0.0,XLU
2021-04-13 00:00:00-04:00,27.952572126634944,28.450023163007266,27.90066272882227,28.398117065429688,18250800,0.0,0.0,0.0,XLU
2021-04-14 00:00:00-04:00,28.328907505327123,28.5235652923584,28.25537165922518,28.5235652923584,15125400,0.0,0.0,0.0,XLU
2021-04-15 00:00:00-04:00,28.527890371566965,28.852316736521413,28.510590536310097,28.839340209960938,23863400,0.0,0.0,0.0,XLU
2021-04-16 00:00:00-04:00,28.94748791567868,29.185401949300605,28.886928579890604,29.072933197021484,22376000,0.0,0.0,0.0,XLU
2021-04-19 00:00:00-04:00,29.090230471996744,29.13781326912964,28.856643095226786,28.92585563659668,21503400,0.0,0.0,0.0,XLU
2021-04-20 00:00:00-04:00,28.925858369472095,29.367076811566207,28.908555232494844,29.293540954589844,29548800,0.0,0.0,0.0,XLU
2021-04-21 00:00:00-04:00,29.323819671695983,29.436288408295923,28.93883396204109,29.04697608947754,19230200,0.0,0.0,0.0,XLU
2021-04-22 00:00:00-04:00,29.025344791210916,29.124836995233963,28.81338715683999,28.839340209960938,17983600,0.0,0.0,0.0,XLU
2021-04-23 00:00:00-04:00,28.85231733167784,28.94748292873189,28.726875372181908,28.800411224365234,16881600,0.0,0.0,0.0,XLU
2021-04-26 00:00:00-04:00,28.813386765706188,28.83068990096382,28.54951972843964,28.636032104492188,12578400,0.0,0.0,0.0,XLU
2021-04-27 00:00:00-04:00,28.592775706600502,28.60575223288958,28.367841550373495,28.415424346923828,20942000,0.0,0.0,0.0,XLU
2021-04-28 00:00:00-04:00,28.428402863004678,28.506265326424547,28.242398272625863,28.376493453979492,15158200,0.0,0.0,0.0,XLU
2021-04-29 00:00:00-04:00,28.376491676098947,28.653335239749815,28.376491676098947,28.636032104492188,19223600,0.0,0.0,0.0,XLU
2021-04-30 00:00:00-04:00,28.696585719280524,28.869613737201455,28.523561001594537,28.860963821411133,20484600,0.0,0.0,0.0,XLU
2021-05-03 00:00:00-04:00,28.925860043369305,29.124841179768527,28.809064687073075,28.856647491455078,21544000,0.0,0.0,0.0,XLU
2021-05-04 00:00:00-04:00,28.826365195004705,28.87827460420429,28.55817153116059,28.748502731323242,23445600,0.0,0.0,0.0,XLU
2021-05-05 00:00:00-04:00,28.748500711600144,28.748500711600144,28.10397460210658,28.264022827148438,23562800,0.0,0.0,0.0,XLU
2021-05-06 00:00:00-04:00,28.341884846272453,28.506262977858224,28.151556962665747,28.48030662536621,23305400,0.0,0.0,0.0,XLU
2021-05-07 00:00:00-04:00,28.46300274280742,28.783102442644456,28.45434952646219,28.566818237304688,18110800,0.0,0.0,0.0,XLU
2021-05-10 00:00:00-04:00,28.62738668865241,29.146467627064634,28.62738668865241,28.856647491455078,26442000,0.0,0.0,0.0,XLU
2021-05-11 00:00:00-04:00,28.82636809551885,28.865300981394924,28.302960542642012,28.501941680908203,28210000,0.0,0.0,0.0,XLU
2021-05-12 00:00:00-04:00,28.471661194476127,28.471661194476127,27.822808383936348,27.835784912109375,29553800,0.0,0.0,0.0,XLU
2021-05-13 00:00:00-04:00,27.866066958575708,28.54087618334782,27.844440509851758,28.37217140197754,28222800,0.0,0.0,0.0,XLU
2021-05-14 00:00:00-04:00,28.441378962631596,28.692269485461203,28.441378962631596,28.510591506958008,18910600,0.0,0.0,0.0,XLU
2021-05-17 00:00:00-04:00,28.497611802403064,28.661989945768067,28.23374475143524,28.27700424194336,25124000,0.0,0.0,0.0,XLU
2021-05-18 00:00:00-04:00,28.216447559992105,28.36784589025243,28.142908399377593,28.272680282592773,19532400,0.0,0.0,0.0,XLU
2021-05-19 00:00:00-04:00,28.13858526705325,28.251050712961803,27.896344636877377,28.22509765625,26238000,0.0,0.0,0.0,XLU
2021-05-20 00:00:00-04:00,28.27700420060615,28.64468676773726,28.268350982422866,28.47165870666504,25679600,0.0,0.0,0.0,XLU
2021-05-21 00:00:00-04:00,28.54087379767206,28.726878402379207,28.415428524708076,28.618736267089844,20487800,0.0,0.0,0.0,XLU
2021-05-24 00:00:00-04:00,28.757149394078905,28.80472888303739,28.5495151048493,28.566818237304688,19343000,0.0,0.0,0.0,XLU
2021-05-25 00:00:00-04:00,28.597101824606632,28.597101824606632,28.155880136937615,28.220766067504883,20427400,0.0,0.0,0.0,XLU
2021-05-26 00:00:00-04:00,28.2380741846059,28.346216321219885,28.142908576347818,28.22509765625,16841600,0.0,0.0,0.0,XLU
2021-05-27 00:00:00-04:00,28.324586738402033,28.324586738402033,28.026113418313983,28.03476333618164,16996200,0.0,0.0,0.0,XLU
2021-05-28 00:00:00-04:00,28.203458966076166,28.289974628076617,28.09964347191068,28.186159133911133,19565000,0.0,0.0,0.0,XLU
2021-06-01 00:00:00-04:00,28.251050442865992,28.315936384261256,27.94825378333618,28.013139724731445,22052200,0.0,0.0,0.0,XLU
2021-06-02 00:00:00-04:00,28.05639223595018,28.315932667225265,27.943923505644577,28.160207748413086,20491400,0.0,0.0,0.0,XLU
2021-06-03 00:00:00-04:00,28.03043702505594,28.41974599188099,27.935271437526122,28.328907012939453,23707200,0.0,0.0,0.0,XLU
2021-06-04 00:00:00-04:00,28.402447496384006,28.44570368359896,28.25104589077835,28.28565216064453,14469600,0.0,0.0,0.0,XLU
2021-06-07 00:00:00-04:00,28.311608113207377,28.38082066002997,28.264025312325817,28.33756446838379,13822400,0.0,0.0,0.0,XLU
2021-06-08 00:00:00-04:00,28.3981215735635,28.419748017575607,27.97420300805166,28.095321655273438,18363600,0.0,0.0,0.0,XLU
2021-06-09 00:00:00-04:00,28.164538205092903,28.398125615223215,28.103978872863127,28.346216201782227,18760800,0.0,0.0,0.0,XLU
2021-06-10 00:00:00-04:00,28.36783839594999,28.562492869112262,28.298625863123714,28.53221321105957,16654400,0.0,0.0,0.0,XLU
2021-06-11 00:00:00-04:00,28.532215282371595,28.61873095468509,28.39812011557999,28.59710121154785,18198400,0.0,0.0,0.0,XLU
2021-06-14 00:00:00-04:00,28.601428724383442,28.73119728660281,28.484633388126902,28.65766143798828,13733000,0.0,0.0,0.0,XLU
2021-06-15 00:00:00-04:00,28.692263138702128,28.89989412528165,28.61007408555376,28.744169235229492,32781000,0.0,0.0,0.0,XLU
2021-06-16 00:00:00-04:00,28.817715020381808,28.92153053762097,28.298630833714423,28.311607360839844,46277600,0.0,0.0,0.0,XLU
2021-06-17 00:00:00-04:00,28.289979569946766,28.623055851185942,28.2077905017478,28.467330932617188,25708800,0.0,0.0,0.0,XLU
2021-06-18 00:00:00-04:00,28.302955101322237,28.32458484489903,27.684382057710838,27.727638244628906,36079800,0.0,0.0,0.0,XLU
2021-06-21 00:00:00-04:00,27.816570462914925,28.156592158990073,27.659636093239012,28.08684539794922,27886600,0.247,0.0,0.0,XLU
2021-06-22 00:00:00-04:00,28.086847477001132,28.169674879868715,27.90375847411564,27.91683578491211,16608600,0.0,0.0,0.0,XLU
2021-06-23 00:00:00-04:00,27.899398920276923,27.899398920276923,27.537577792321375,27.620405197143555,25666400,0.0,0.0,0.0,XLU
2021-06-24 00:00:00-04:00,27.655277484642273,27.663996246011248,27.472188484694943,27.594247817993164,15215800,0.0,0.0,0.0,XLU
2021-06-25 00:00:00-04:00,27.607322375103024,27.912470659533266,27.57680588372657,27.890674591064453,18273600,0.0,0.0,0.0,XLU
2021-06-28 00:00:00-04:00,28.00401854047935,28.208905267383205,27.96478661023849,28.069408416748047,16735200,0.0,0.0,0.0,XLU
2021-06-29 00:00:00-04:00,27.98222440598614,28.147875878402054,27.533217354612358,27.616043090820312,24688000,0.0,0.0,0.0,XLU
2021-06-30 00:00:00-04:00,27.594248889074432,27.698872366629402,27.45911223994422,27.56373405456543,19077400,0.0,0.0,0.0,XLU
2021-07-01 00:00:00-04:00,27.616044053738463,27.96042764665377,27.507062030380485,27.86452293395996,22993200,0.0,0.0,0.0,XLU
2021-07-02 00:00:00-04:00,27.93862640193784,27.93862640193784,27.768616395859436,27.908111572265625,18629400,0.0,0.0,0.0,XLU
2021-07-06 00:00:00-04:00,27.903756636526282,28.043253485614553,27.585527682676698,28.025815963745117,18156400,0.0,0.0,0.0,XLU
2021-07-07 00:00:00-04:00,28.038890693758965,28.21326257054176,27.88195633724114,28.20890235900879,24199200,0.0,0.0,0.0,XLU
2021-07-08 00:00:00-04:00,28.051966873536777,28.296088821554747,28.008374737562175,28.126073837280273,20513000,0.0,0.0,0.0,XLU
2021-07-09 00:00:00-04:00,28.165311826161307,28.23941879710992,27.929910277971203,28.160951614379883,21484200,0.0,0.0,0.0,XLU
2021-07-12 00:00:00-04:00,28.13043929287838,28.274296361693338,27.99530264840412,28.252498626708984,17323000,0.0,0.0,0.0,XLU
2021-07-13 00:00:00-04:00,28.204542293195743,28.29609010652656,27.938625928048165,28.038890838623047,22493200,0.0,0.0,0.0,XLU
2021-07-14 00:00:00-04:00,28.04760893838111,28.405073129636452,27.91683251984416,28.283010482788086,20720000,0.0,0.0,0.0,XLU
2021-07-15 00:00:00-04:00,28.18710795350062,28.62303598253069,28.17838753043454,28.601238250732422,28574600,0.0,0.0,0.0,XLU
2021-07-16 00:00:00-04:00,28.631756285738177,29.03716953116651,28.601241453323887,28.888952255249023,33106600,0.0,0.0,0.0,XLU
2021-07-19 00:00:00-04:00,28.771248132424386,29.00228944134912,28.108639032755967,28.431224822998047,45585000,0.0,0.0,0.0,XLU
2021-07-20 00:00:00-04:00,28.457380901246317,28.84099969128058,28.457380901246317,28.553285598754883,33779200,0.0,0.0,0.0,XLU
2021-07-21 00:00:00-04:00,28.57072813241306,28.636118012722292,28.21762743495766,28.239421844482422,22456800,0.0,0.0,0.0,XLU
2021-07-22 00:00:00-04:00,28.2699331735211,28.409430015480744,28.191465992052105,28.283010482788086,22875400,0.0,0.0,0.0,XLU
2021-07-23 00:00:00-04:00,28.352757831377893,28.67098341239744,28.300445273489718,28.64482879638672,16216800,0.0,0.0,0.0,XLU
2021-07-26 00:00:00-04:00,28.588159328498612,28.740733464874545,28.453019385537015,28.653549194335938,17936800,0.0,0.0,0.0,XLU
2021-07-27 00:00:00-04:00,28.631760962130574,29.194108673499233,28.466109462806934,29.146156311035156,34285800,0.0,0.0,0.0,XLU
2021-07-28 00:00:00-04:00,29.133076992863923,29.18538623859204,28.710226185267736,28.923830032348633,24948200,0.0,0.0,0.0,XLU
2021-07-29 00:00:00-04:00,28.976139919963845,29.085121939626195,28.83664306783073,29.002294540405273,30247800,0.0,0.0,0.0,XLU
2021-07-30 00:00:00-04:00,28.984857948379926,29.22897994184807,28.69278692451941,28.758176803588867,25265200,0.0,0.0,0.0,XLU
2021-08-02 00:00:00-04:00,28.823563000855902,29.085119157856223,28.78868795969133,28.980497360229492,23564200,0.0,0.0,0.0,XLU
2021-08-03 00:00:00-04:00,29.02409696144218,29.281292972960554,28.88895697364895,29.146156311035156,25994400,0.0,0.0,0.0,XLU
2021-08-04 00:00:00-04:00,29.02844783833319,29.1374298530304,28.740737048983465,29.102558135986328,32378000,0.0,0.0,0.0,XLU
2021-08-05 00:00:00-04:00,29.14178652422612,29.46001543185972,29.067679561443896,29.420780181884766,31790800,0.0,0.0,0.0,XLU
2021-08-06 00:00:00-04:00,29.39027161190917,29.61695608568627,29.3205248455783,29.403348922729492,20000800,0.0,0.0,0.0,XLU
2021-08-09 00:00:00-04:00,29.42514144589641,29.50360862278681,29.233332052193916,29.39462661743164,16865200,0.0,0.0,0.0,XLU
2021-08-10 00:00:00-04:00,29.420783983692267,29.52540911323417,29.290007560565655,29.42514419555664,15834200,0.0,0.0,0.0,XLU
2021-08-11 00:00:00-04:00,29.490539678055512,29.83492331175206,29.490539678055512,29.699783325195312,18488800,0.0,0.0,0.0,XLU
2021-08-12 00:00:00-04:00,29.647471103609046,29.834920320221418,29.634393792707538,29.730295181274414,18920200,0.0,0.0,0.0,XLU
2021-08-13 00:00:00-04:00,29.791323585417768,29.974415907873112,29.73029391988843,29.93954086303711,23580800,0.0,0.0,0.0,XLU
2021-08-16 00:00:00-04:00,29.939538277523933,30.336231069207102,29.90902344739446,30.12262725830078,25796600,0.0,0.0,0.0,XLU
2021-08-17 00:00:00-04:00,30.039802653386346,30.14442445111867,29.83927282942116,30.140064239501953,23037200,0.0,0.0,0.0,XLU
2021-08-18 00:00:00-04:00,30.135705551457825,30.201095425546566,29.887226690614323,29.987491607666016,31411200,0.0,0.0,0.0,XLU
2021-08-19 00:00:00-04:00,30.000572263756112,30.3536729670083,29.97005742922651,30.109554290771484,27723000,0.0,0.0,0.0,XLU
2021-08-20 00:00:00-04:00,30.057238424166215,30.506247119956246,29.900304056405403,30.48444938659668,23581600,0.0,0.0,0.0,XLU
2021-08-23 00:00:00-04:00,30.46265168125633,30.471372104955037,30.03544404430008,30.092113494873047,21830800,0.0,0.0,0.0,XLU
2021-08-24 00:00:00-04:00,30.07903356666509,30.105188183750005,29.695418103996506,29.895944595336914,25331000,0.0,0.0,0.0,XLU
2021-08-25 00:00:00-04:00,29.891586077348066,30.048520440482296,29.721574404930497,29.95261573791504,16329800,0.0,0.0,0.0,XLU
2021-08-26 00:00:00-04:00,29.952614581123992,29.96569188990228,29.813117744377372,29.878507614135742,16631800,0.0,0.0,0.0,XLU
2021-08-27 00:00:00-04:00,29.909028197983403,30.004932915299612,29.813123480667198,29.869792938232422,21005000,0.0,0.0,0.0,XLU
2021-08-30 00:00:00-04:00,29.86107282546977,30.00056967497742,29.760807905885876,29.91338539123535,23691400,0.0,0.0,0.0,XLU
2021-08-31 00:00:00-04:00,29.90030202014391,30.048519279987342,29.752088086167408,29.878507614135742,22580200,0.0,0.0,0.0,XLU
2021-09-01 00:00:00-04:00,29.96133122757761,30.371101263068905,29.92209598032144,30.27083969116211,26667400,0.0,0.0,0.0,XLU
2021-09-02 00:00:00-04:00,30.336239467190882,30.545486450195312,30.305724628613984,30.545486450195312,20598800,0.0,0.0,0.0,XLU
2021-09-03 00:00:00-04:00,30.453935269422953,30.49752741129696,30.218533712262616,30.292640686035156,18942000,0.0,0.0,0.0,XLU
2021-09-07 00:00:00-04:00,30.266488555926355,30.270848768232618,29.83927754833561,29.891590118408203,26290200,0.0,0.0,0.0,XLU
2021-09-08 00:00:00-04:00,29.874147775797187,30.510602309271384,29.804401019486015,30.427778244018555,29176200,0.0,0.0,0.0,XLU
2021-09-09 00:00:00-04:00,30.33187318927268,30.44085519700143,30.235968490332677,30.262123107910156,16355000,0.0,0.0,0.0,XLU
2021-09-10 00:00:00-04:00,30.24033171618463,30.275203434474907,29.83055826200167,29.839275360107422,24654400,0.0,0.0,0.0,XLU
2021-09-13 00:00:00-04:00,30.092116574542086,30.12699162117176,29.69978061462698,29.786968231201172,26236400,0.0,0.0,0.0,XLU
2021-09-14 00:00:00-04:00,29.882874287313353,29.97877568104671,29.612597652607576,29.686704635620117,28103200,0.0,0.0,0.0,XLU
2021-09-15 00:00:00-04:00,29.643108355011275,29.843634865367584,29.481813774002703,29.64746856689453,19812800,0.0,0.0,0.0,XLU
2021-09-16 00:00:00-04:00,29.643107367207364,29.7651666889336,29.355393258109448,29.398988723754883,31464000,0.0,0.0,0.0,XLU
2021-09-17 00:00:00-04:00,29.337959310882923,29.49489367610523,28.91946545304536,28.94562339782715,25108000,0.0,0.0,0.0,XLU
2021-09-20 00:00:00-04:00,28.883692025054877,29.147228682278744,28.576229799085024,28.892475128173828,45678600,0.2495,0.0,0.0,XLU
2021-09-21 00:00:00-04:00,28.975933346845288,29.173585026961632,28.795847875185245,28.813417434692383,26417600,0.0,0.0,0.0,XLU
2021-09-22 00:00:00-04:00,28.918832416082772,29.02863965341793,28.68604160910039,28.795848846435547,24787600,0.0,0.0,0.0,XLU
2021-09-23 00:00:00-04:00,28.795845993458997,29.011070570069002,28.61576388461764,28.64211654663086,19333200,0.0,0.0,0.0,XLU
2021-09-24 00:00:00-04:00,28.637722748157593,28.826591307937168,28.541095205685956,28.611370086669922,23660200,0.0,0.0,0.0,XLU
2021-09-27 00:00:00-04:00,28.563054072906958,28.85294674771888,28.23363240664821,28.273164749145508,21783400,0.0,0.0,0.0,XLU
2021-09-28 00:00:00-04:00,28.246812768460583,28.29073834440444,27.833938157680713,27.91739273071289,40471600,0.0,0.0,0.0,XLU
2021-09-29 00:00:00-04:00,28.000841866785724,28.479599750592012,27.926173759393084,28.28194808959961,30867600,0.0,0.0,0.0,XLU
2021-09-30 00:00:00-04:00,28.387361422571658,28.404930979968608,28.018410770387053,28.057941436767578,27142600,0.0,0.0,0.0,XLU
2021-10-01 00:00:00-04:00,28.22923875704956,28.281947429240404,27.96131054660958,28.057941436767578,29001200,0.0,0.0,0.0,XLU
2021-10-04 00:00:00-04:00,28.027199709821968,28.523528889053644,28.014021702055327,28.444467544555664,40402600,0.0,0.0,0.0,XLU
2021-10-05 00:00:00-04:00,28.47959955721059,28.580623676153287,28.33904644675803,28.37418556213379,26130400,0.0,0.0,0.0,XLU
2021-10-06 00:00:00-04:00,28.286344053681574,28.835380221839014,28.11943491388918,28.813417434692383,33152400,0.0,0.0,0.0,XLU
2021-10-07 00:00:00-04:00,28.866127091980008,29.09452467121543,28.628943057167675,28.65968894958496,27540200,0.0,0.0,0.0,XLU
2021-10-08 00:00:00-04:00,28.655292566071747,28.712394467880344,28.42689501198908,28.448854446411133,17795800,0.0,0.0,0.0,XLU
2021-10-11 00:00:00-04:00,28.33026203131288,28.38736057786609,28.022801488116077,28.062332153320312,25420200,0.0,0.0,0.0,XLU
2021-10-12 00:00:00-04:00,28.1018618450832,28.33465427678878,28.027193744242332,28.25119972229004,20996000,0.0,0.0,0.0,XLU
2021-10-13 00:00:00-04:00,28.259985063798208,28.602586411543463,28.110648850285298,28.580623626708984,26205400,0.0,0.0,0.0,XLU
2021-10-14 00:00:00-04:00,28.67725139686026,28.98910347147282,28.606973173879908,28.932004928588867,21398000,0.0,0.0,0.0,XLU
2021-10-15 00:00:00-04:00,28.97593139576784,29.07695216731817,28.800239163577427,28.848554611206055,29602400,0.0,0.0,0.0,XLU
2021-10-18 00:00:00-04:00,28.65529723438075,28.729968706522257,28.418113187048537,28.57184600830078,20702000,0.0,0.0,0.0,XLU
2021-10-19 00:00:00-04:00,28.791451833678277,28.97153391572773,28.71239050835044,28.932004928588867,21413600,0.0,0.0,0.0,XLU
2021-10-20 00:00:00-04:00,29.050595396490834,29.503000568434576,29.019849511534954,29.388803482055664,27799600,0.0,0.0,0.0,XLU
2021-10-21 00:00:00-04:00,29.406369686844627,29.507393795156883,29.34927114365517,29.388803482055664,17372800,0.0,0.0,0.0,XLU
2021-10-22 00:00:00-04:00,29.46786682913859,29.59085374243439,29.401985171543554,29.538145065307617,21399800,0.0,0.0,0.0,XLU
2021-10-25 00:00:00-04:00,29.494219251739707,29.590850139180084,29.340489817652895,29.410764694213867,15160200,0.0,0.0,0.0,XLU
2021-10-26 00:00:00-04:00,29.43711770774199,29.79728525095165,29.388805614491645,29.56888771057129,19391400,0.0,0.0,0.0,XLU
2021-10-27 00:00:00-04:00,29.639164764833748,29.713832866322104,29.34048900783008,29.371234893798828,22263600,0.0,0.0,0.0,XLU
2021-10-28 00:00:00-04:00,29.34487685848054,29.5688844985365,29.309741099119808,29.564491271972656,15443600,0.0,0.0,0.0,XLU
2021-10-29 00:00:00-04:00,29.55570923595186,29.678692775775385,29.243857159670736,29.388803482055664,26666800,0.0,0.0,0.0,XLU
2021-11-01 00:00:00-04:00,29.38002218352496,29.568890753120762,29.28778451247362,29.49422264099121,16182800,0.0,0.0,0.0,XLU
2021-11-02 00:00:00-04:00,29.604032960223925,29.661131519390075,29.30975035743895,29.520578384399414,19864800,0.0,0.0,0.0,XLU
2021-11-03 00:00:00-04:00,29.47225646784859,29.586456912191792,29.173580702601214,29.410764694213867,20992200,0.0,0.0,0.0,XLU
2021-11-04 00:00:00-04:00,29.36684464137376,29.428336419539498,28.945185297787027,29.24825096130371,32183000,0.0,0.0,0.0,XLU
2021-11-05 00:00:00-04:00,29.34488363181758,29.652345892304474,29.31413774087397,29.52496910095215,21584400,0.0,0.0,0.0,XLU
2021-11-08 00:00:00-05:00,29.56010135035135,29.564491225858333,28.945180323322568,29.08573341369629,19670200,0.0,0.0,0.0,XLU
2021-11-09 00:00:00-05:00,29.13844029908762,29.318525736083004,29.0462026427181,29.235071182250977,16489400,0.0,0.0,0.0,XLU
2021-11-10 00:00:00-05:00,29.257034504623228,29.498611716985923,29.2394649481741,29.47225570678711,25833200,0.0,0.0,0.0,XLU
2021-11-11 00:00:00-05:00,29.454685917150034,29.46786224662,29.13844060566989,29.292173385620117,15747400,0.0,0.0,0.0,XLU
2021-11-12 00:00:00-05:00,29.28338790028363,29.35366612784772,29.147228023191115,29.27460479736328,18179000,0.0,0.0,0.0,XLU
2021-11-15 00:00:00-05:00,29.401983647874307,29.674303421290286,29.340491869938404,29.6611270904541,19003800,0.0,0.0,0.0,XLU
2021-11-16 00:00:00-05:00,29.67430785219372,29.73140976241094,29.503008823644194,29.520578384399414,13213400,0.0,0.0,0.0,XLU
2021-11-17 00:00:00-05:00,29.450297054610093,29.590850158875924,29.30095749636184,29.546924591064453,19001800,0.0,0.0,0.0,XLU
2021-11-18 00:00:00-05:00,29.498615365037242,29.55571391727052,29.292177240042896,29.393198013305664,15305000,0.0,0.0,0.0,XLU
2021-11-19 00:00:00-05:00,29.432729494481755,29.62598793155192,29.35366815852787,29.56010627746582,20606000,0.0,0.0,0.0,XLU
2021-11-22 00:00:00-05:00,29.53813802235184,29.898305519214357,29.45907670103812,29.740182876586914,23154000,0.0,0.0,0.0,XLU
2021-11-23 00:00:00-05:00,29.735788321063684,29.9466196188271,29.59084536434174,29.77092742919922,19036400,0.0,0.0,0.0,XLU
2021-11-24 00:00:00-05:00,29.757757758116693,29.84999542431837,29.60402831444723,29.788503646850586,15931600,0.0,0.0,0.0,XLU
2021-11-26 00:00:00-05:00,29.577671963358515,29.77093374807394,29.248250294530227,29.322921752929688,21854600,0.0,0.0,0.0,XLU
2021-11-29 00:00:00-05:00,29.551319073188907,29.841211748015603,29.314135071344467,29.75775718688965,22821800,0.0,0.0,0.0,XLU
2021-11-30 00:00:00-05:00,29.617204067234645,29.621597294411053,28.861729843314954,28.88808250427246,48623000,0.0,0.0,0.0,XLU
2021-12-01 00:00:00-05:00,29.08134519833357,29.639167780443476,28.923222525534744,28.940792083740234,46024600,0.0,0.0,0.0,XLU
2021-12-02 00:00:00-05:00,29.011070004395886,29.582065560202626,29.011070004395886,29.30974578857422,35050200,0.0,0.0,0.0,XLU
2021-12-03 00:00:00-05:00,29.45468533691666,29.612807989541846,29.024242944476004,29.60402488708496,42771400,0.0,0.0,0.0,XLU
2021-12-06 00:00:00-05:00,29.797285939394122,30.368284830113062,29.784109609016838,30.056432723999023,47222000,0.0,0.0,0.0,XLU
2021-12-07 00:00:00-05:00,30.06083062232821,30.355113216651294,29.981769276728624,30.280445098876953,21789000,0.0,0.0,0.0,XLU
2021-12-08 00:00:00-05:00,30.306789551573964,30.451735871072636,30.08717513453357,30.249691009521484,25994400,0.0,0.0,0.0,XLU
2021-12-09 00:00:00-05:00,30.319974169693054,30.381465955191775,30.00372878652765,30.210166931152344,23783400,0.0,0.0,0.0,XLU
2021-12-10 00:00:00-05:00,30.33315212821939,30.517630845655884,30.214561778700578,30.372684478759766,23403600,0.0,0.0,0.0,XLU
2021-12-13 00:00:00-05:00,30.34192962745063,30.895355563235768,30.34192962745063,30.74601936340332,27500000,0.0,0.0,0.0,XLU
2021-12-14 00:00:00-05:00,30.74162842423808,30.803120199456725,30.416599990789464,30.561546325683594,35005000,0.0,0.0,0.0,XLU
2021-12-15 00:00:00-05:00,30.52640940169668,31.088621873214496,30.52640940169668,31.06226921081543,45364600,0.0,0.0,0.0,XLU
2021-12-16 00:00:00-05:00,31.031523658805334,31.409260795540373,31.0051676450687,31.22039222717285,30209200,0.0,0.0,0.0,XLU
2021-12-17 00:00:00-05:00,31.10180076479918,31.255533577584533,30.684534604227057,30.75041961669922,43674000,0.0,0.0,0.0,XLU
2021-12-20 00:00:00-05:00,30.456478973666332,30.810622035868043,30.208575114995305,30.779634475708008,30091200,0.273,0.0,0.0,XLU
2021-12-21 00:00:00-05:00,30.8770247207546,31.080657740149395,30.57157350296705,30.735366821289062,32355800,0.0,0.0,0.0,XLU
2021-12-22 00:00:00-05:00,30.68666692691803,30.912435330775793,30.642399473339506,30.868167877197266,18967800,0.0,0.0,0.0,XLU
2021-12-23 00:00:00-05:00,30.885878685839167,31.02311221155037,30.8327590812718,30.863746643066406,14505400,0.0,0.0,0.0,XLU
2021-12-27 00:00:00-05:00,30.87701968380591,31.014249801635742,30.784057019076972,31.014249801635742,15707400,0.0,0.0,0.0,XLU
2021-12-28 00:00:00-05:00,31.058523662099454,31.301996366601912,31.03638824469445,31.29314422607422,16104000,0.0,0.0,0.0,XLU
2021-12-29 00:00:00-05:00,31.328558984495004,31.510059966853902,31.275439381768155,31.46136474609375,13755400,0.0,0.0,0.0,XLU
2021-12-30 00:00:00-05:00,31.545466610399803,31.60744171479551,31.3462580227937,31.576454162597656,18672400,0.0,0.0,0.0,XLU
2021-12-31 00:00:00-05:00,31.510054872642527,31.797798391326616,31.448079761220143,31.6871280670166,18618800,0.0,0.0,0.0,XLU
2022-01-03 00:00:00-05:00,31.673854825086693,31.68270696684015,31.014257121856396,31.372831344604492,43299600,0.0,0.0,0.0,XLU
2022-01-04 00:00:00-05:00,31.372826833606645,31.678274652350726,31.266580883496058,31.275436401367188,29321800,0.0,0.0,0.0,XLU
2022-01-05 00:00:00-05:00,31.25330081774816,31.611874987029676,31.22674101905711,31.257728576660156,44486400,0.0,0.0,0.0,XLU
2022-01-06 00:00:00-05:00,31.25773302596297,31.386111033560802,30.899162183032068,30.934574127197266,36259600,0.0,0.0,0.0,XLU
2022-01-07 00:00:00-05:00,30.868164169255582,31.319697545341853,30.67781110208229,31.169187545776367,39272000,0.0,0.0,0.0,XLU
2022-01-10 00:00:00-05:00,31.142632220781948,31.186899680195445,30.81504896825329,30.965559005737305,31169800,0.0,0.0,0.0,XLU
2022-01-11 00:00:00-05:00,30.93899853163501,31.05409662551549,30.48303729256578,30.686670303344727,33653800,0.0,0.0,0.0,XLU
2022-01-12 00:00:00-05:00,30.589282452731528,30.863746122130447,30.50074752835297,30.7840633392334,28113600,0.0,0.0,0.0,XLU
2022-01-13 00:00:00-05:00,30.770784175434237,31.054099993101534,30.75307651465616,30.934574127197266,33949000,0.0,0.0,0.0,XLU
2022-01-14 00:00:00-05:00,30.93456534494384,30.992116070481803,30.567142464629907,30.72208023071289,32547200,0.0,0.0,0.0,XLU
2022-01-18 00:00:00-05:00,30.496317931083013,30.54944090894326,30.115611699894576,30.354660034179688,35534800,0.0,0.0,0.0,XLU
2022-01-19 00:00:00-05:00,30.363510058428197,30.761923921129174,30.35465791809726,30.49188804626465,32051200,0.0,0.0,0.0,XLU
2022-01-20 00:00:00-05:00,30.584857890473625,30.974419704200088,30.4963229568401,30.53173828125,29529600,0.0,0.0,0.0,XLU
2022-01-21 00:00:00-05:00,30.682242901167385,30.841608455350784,30.416634769991933,30.47418212890625,48542600,0.0,0.0,0.0,XLU
2022-01-24 00:00:00-05:00,30.438768534372226,30.536158965236297,29.40732024733433,30.1820125579834,57602000,0.0,0.0,0.0,XLU
2022-01-25 00:00:00-05:00,29.712769357073505,30.06691236211987,29.571111479576917,29.708341598510742,52218600,0.0,0.0,0.0,XLU
2022-01-26 00:00:00-05:00,29.765888134438494,30.089046952858954,29.30107481979414,29.46486473083496,49234200,0.0,0.0,0.0,XLU
2022-01-27 00:00:00-05:00,29.739333137992297,30.097903949640894,29.57996758228388,29.72605323791504,44982000,0.0,0.0,0.0,XLU
2022-01-28 00:00:00-05:00,29.64636975767239,30.111183136317248,29.420601329535984,30.084623336791992,50050400,0.0,0.0,0.0,XLU
2022-01-31 00:00:00-05:00,29.907549093658986,30.68224140871585,29.84557397864567,30.655681610107422,52580000,0.0,0.0,0.0,XLU
2022-02-01 00:00:00-05:00,30.571576244313167,30.735369577322494,29.96510489099609,30.24842071533203,41020200,0.0,0.0,0.0,XLU
2022-02-02 00:00:00-05:00,30.226277415177393,30.739789323794636,30.173157822830888,30.695518493652344,45723800,0.0,0.0,0.0,XLU
2022-02-03 00:00:00-05:00,30.606985696165605,30.748643581163048,30.474179951372207,30.558290481567383,34289800,0.0,0.0,0.0,XLU
2022-02-04 00:00:00-05:00,30.29268963607779,30.584857616362907,30.009373798120194,30.3148250579834,37029200,0.0,0.0,0.0,XLU
2022-02-07 00:00:00-05:00,30.261691912768228,30.39449764483562,30.084618729141724,30.270544052124023,27543600,0.0,0.0,0.0,XLU
2022-02-08 00:00:00-05:00,30.394500836634258,30.491887889335118,30.217427634412875,30.292682647705078,38853200,0.0,0.0,0.0,XLU
2022-02-09 00:00:00-05:00,30.50958893160446,30.580419548090287,30.332515767779583,30.42548179626465,35231800,0.0,0.0,0.0,XLU
2022-02-10 00:00:00-05:00,30.124466454817476,30.27054872979746,29.593246821849203,29.655221939086914,45060000,0.0,0.0,0.0,XLU
2022-02-11 00:00:00-05:00,29.78360009910715,30.004940769733558,29.544551769543755,29.672929763793945,36059800,0.0,0.0,0.0,XLU
2022-02-14 00:00:00-05:00,29.77031954834351,29.819014765007882,29.137285109097242,29.42060089111328,37112200,0.0,0.0,0.0,XLU
2022-02-15 00:00:00-05:00,29.60210207310927,29.717196788432855,29.150565220287177,29.283370971679688,34174400,0.0,0.0,0.0,XLU
2022-02-16 00:00:00-05:00,29.32320832504579,29.473721723076828,29.062027979560852,29.34977149963379,32184600,0.0,0.0,0.0,XLU
2022-02-17 00:00:00-05:00,29.21696738795922,29.509138682986237,29.008906625268548,29.367477416992188,29159800,0.0,0.0,0.0,XLU
2022-02-18 00:00:00-05:00,29.27008649179747,29.55782661247104,29.181548212260196,29.314353942871094,33686800,0.0,0.0,0.0,XLU
2022-02-22 00:00:00-05:00,29.420601104698875,29.491431739412363,29.084162344590922,29.283370971679688,34421400,0.0,0.0,0.0,XLU
2022-02-23 00:00:00-05:00,29.336489113532068,29.425027402527288,28.75657767452251,28.787565231323242,34583600,0.0,0.0,0.0,XLU
2022-02-24 00:00:00-05:00,28.601639718174592,29.075308584926095,28.45555407525553,29.01776123046875,57320000,0.0,0.0,0.0,XLU
2022-02-25 00:00:00-05:00,29.274511044230806,29.95181622144621,29.208111555926394,29.916400909423828,42528000,0.0,0.0,0.0,XLU
2022-02-28 00:00:00-05:00,29.734911260457956,30.115617565800186,29.699495934986277,30.07135009765625,36705200,0.0,0.0,0.0,XLU
2022-03-01 00:00:00-05:00,30.009372151974244,30.270552553699332,29.584398418349526,29.810163497924805,33464600,0.0,0.0,0.0,XLU
2022-03-02 00:00:00-05:00,29.82344755875505,30.283836626601133,29.80573989721584,30.173166275024414,29259800,0.0,0.0,0.0,XLU
2022-03-03 00:00:00-05:00,30.292680581659376,30.854884329673688,30.266120785224267,30.704374313354492,41471200,0.0,0.0,0.0,XLU
2022-03-04 00:00:00-05:00,30.624691135466474,31.408235516293338,30.56271602635656,31.381675720214844,48683600,0.0,0.0,0.0,XLU
2022-03-07 00:00:00-05:00,31.452512650025206,31.85977869934083,31.186901126445534,31.78894805908203,61944000,0.0,0.0,0.0,XLU
2022-03-08 00:00:00-05:00,31.873048596115808,32.036841867261714,31.28428174897513,31.297561645507812,53129800,0.0,0.0,0.0,XLU
2022-03-09 00:00:00-05:00,31.523338199972798,31.567605659033724,31.01868173641884,31.076229095458984,50953800,0.0,0.0,0.0,XLU
2022-03-10 00:00:00-05:00,30.84160896202558,31.346265432766767,30.819476920875235,31.284290313720703,34039800,0.0,0.0,0.0,XLU
2022-03-11 00:00:00-05:00,31.332988808688068,31.54104960612154,31.14706343211004,31.178050994873047,24988400,0.0,0.0,0.0,XLU
2022-03-14 00:00:00-04:00,31.3772501783883,31.53661572089795,30.98326408090344,31.142629623413086,41004600,0.0,0.0,0.0,XLU
2022-03-15 00:00:00-04:00,31.443648099497352,31.607441375005106,31.262150546401053,31.541038513183594,29004400,0.0,0.0,0.0,XLU
2022-03-16 00:00:00-04:00,31.501203369814817,31.638433493969625,31.036386647356423,31.483495712280273,40011800,0.0,0.0,0.0,XLU
2022-03-17 00:00:00-04:00,31.501207766282135,31.842070933571293,31.439229267566024,31.616302490234375,31830000,0.0,0.0,0.0,XLU
2022-03-18 00:00:00-04:00,31.61630169067391,31.75795958974797,31.275438532005012,31.34626579284668,37038000,0.0,0.0,0.0,XLU
2022-03-21 00:00:00-04:00,31.390825515151384,31.702771587011433,31.38191082740842,31.555709838867188,36294400,0.235,0.0,0.0,XLU
2022-03-22 00:00:00-04:00,31.676034794175973,31.676034794175973,31.35071668586958,31.600276947021484,29286400,0.0,0.0,0.0,XLU
2022-03-23 00:00:00-04:00,31.56907899323762,31.827550542748334,31.413105954725033,31.644840240478516,27990000,0.0,0.0,0.0,XLU
2022-03-24 00:00:00-04:00,31.711689452119874,32.01026692223875,31.649296831539225,31.970157623291016,26591400,0.0,0.0,0.0,XLU
2022-03-25 00:00:00-04:00,32.08602242065031,32.446989084896295,32.010264572591296,32.43362045288086,28922000,0.0,0.0,0.0,XLU
2022-03-28 00:00:00-04:00,32.4648214551265,32.6430778503418,32.27319642526269,32.6430778503418,30959800,0.0,0.0,0.0,XLU
2022-03-29 00:00:00-04:00,32.629710091407034,32.94611358642578,32.57177480643138,32.94611358642578,38114600,0.0,0.0,0.0,XLU
2022-03-30 00:00:00-04:00,32.97729953213409,33.226856386553145,32.87925836791028,33.21794509887695,35229200,0.0,0.0,0.0,XLU
2022-03-31 00:00:00-04:00,33.19566920210896,33.485335415731406,33.16447458833164,33.18230056762695,35701200,0.0,0.0,0.0,XLU
2022-04-01 00:00:00-04:00,33.15556090188464,33.668046719714575,32.95947854376871,33.6457633972168,38013800,0.0,0.0,0.0,XLU
2022-04-04 00:00:00-04:00,33.507619281486,33.507619281486,33.044154012189814,33.38729476928711,28391000,0.0,0.0,0.0,XLU
2022-04-05 00:00:00-04:00,33.4006583767093,33.97999072612123,33.396204432452286,33.59674072265625,38140600,0.0,0.0,0.0,XLU
2022-04-06 00:00:00-04:00,33.703695163121346,34.287484891026814,33.55217945050739,34.265201568603516,56489200,0.0,0.0,0.0,XLU
2022-04-07 00:00:00-04:00,34.251826817754726,34.26519544883801,33.868576860234455,34.18052291870117,42033800,0.0,0.0,0.0,XLU
2022-04-08 00:00:00-04:00,34.30531285230957,34.41672267095184,34.00673195438032,34.2963981628418,34388600,0.0,0.0,0.0,XLU
2022-04-11 00:00:00-04:00,34.31867843053113,34.36324167402819,33.779455364314416,33.82847595214844,46335800,0.0,0.0,0.0,XLU
2022-04-12 00:00:00-04:00,33.734879267021455,34.135955146012826,33.614558203302344,33.957698822021484,45313800,0.0,0.0,0.0,XLU
2022-04-13 00:00:00-04:00,33.9621696585759,34.051299555961954,33.66804949709678,33.890869140625,35313000,0.0,0.0,0.0,XLU
2022-04-14 00:00:00-04:00,33.957708179157024,34.13596455226737,33.85967040390598,33.908687591552734,28427000,0.0,0.0,0.0,XLU
2022-04-18 00:00:00-04:00,33.94879463823726,34.140419631625456,33.565544651460876,33.725975036621094,29878000,0.0,0.0,0.0,XLU
2022-04-19 00:00:00-04:00,33.82401105224211,34.01117867309498,33.72596989847439,33.944332122802734,33030400,0.0,0.0,0.0,XLU
2022-04-20 00:00:00-04:00,34.30530317201363,34.389972298318426,34.11813214554272,34.22063064575195,36652400,0.0,0.0,0.0,XLU
2022-04-21 00:00:00-04:00,34.10923233341601,34.2072735231317,33.627941074788836,33.65467834472656,36817000,0.0,0.0,0.0,XLU
2022-04-22 00:00:00-04:00,33.610107835836125,33.64575978802511,33.066427464804676,33.08871078491211,54683400,0.0,0.0,0.0,XLU
2022-04-25 00:00:00-04:00,33.204582892401724,33.22240887116054,32.31775829892918,32.8614387512207,59671800,0.0,0.0,0.0,XLU
2022-04-26 00:00:00-04:00,32.74557030183257,33.151100210682806,32.518293355138695,32.53166198730469,41106200,0.0,0.0,0.0,XLU
2022-04-27 00:00:00-04:00,32.55395066635936,32.856985511848926,32.268741800011284,32.375694274902344,49067800,0.0,0.0,0.0,XLU
2022-04-28 00:00:00-04:00,32.53166255891723,32.85252333636823,32.362320881910264,32.736656188964844,39902600,0.0,0.0,0.0,XLU
2022-04-29 00:00:00-04:00,32.594054769811414,32.6519866488542,31.707233606223987,31.756254196166992,54338200,0.0,0.0,0.0,XLU
2022-05-02 00:00:00-04:00,31.907772627143842,32.05483440949346,31.034320022820566,31.430938720703125,65832200,0.0,0.0,0.0,XLU
2022-05-03 00:00:00-04:00,31.546802650056197,32.06819975217926,31.404198227254398,31.551259994506836,42152800,0.0,0.0,0.0,XLU
2022-05-04 00:00:00-04:00,31.747335057922818,32.31329873523668,31.61364534041577,32.25536346435547,56580200,0.0,0.0,0.0,XLU
2022-05-05 00:00:00-04:00,32.04145956794863,32.30884241136153,31.64038360285061,31.92559242248535,54849200,0.0,0.0,0.0,XLU
2022-05-06 00:00:00-04:00,31.738421756943247,32.28210208020903,31.729507069700567,32.179603576660156,55359800,0.0,0.0,0.0,XLU
2022-05-09 00:00:00-04:00,31.98352617960282,32.26428107169125,31.671580077235138,31.938962936401367,51419400,0.0,0.0,0.0,XLU
2022-05-10 00:00:00-04:00,31.983527207405256,32.42025516471194,31.17692125967859,31.551259994506836,65578400,0.0,0.0,0.0,XLU
2022-05-11 00:00:00-04:00,31.528973257960207,32.308841854446854,31.502235994066986,31.77853012084961,72101800,0.0,0.0,0.0,XLU
2022-05-12 00:00:00-04:00,31.742890132808995,31.823105346086965,31.123448352521347,31.457677841186523,49892000,0.0,0.0,0.0,XLU
2022-05-13 00:00:00-04:00,31.733972897722463,31.881034676932227,31.323985573826672,31.832014083862305,30208800,0.0,0.0,0.0,XLU
2022-05-16 00:00:00-04:00,31.845377358831875,32.068196962574014,31.71168763656099,31.930049896240234,23213600,0.0,0.0,0.0,XLU
2022-05-17 00:00:00-04:00,32.08156647756886,32.26428018964453,31.586906671653555,32.259822845458984,29901800,0.0,0.0,0.0,XLU
2022-05-18 00:00:00-04:00,32.31330192105634,32.38014848637898,31.863205341171955,31.947877883911133,37456600,0.0,0.0,0.0,XLU
2022-05-19 00:00:00-04:00,31.800817741240955,32.02363737036963,31.430936340897503,31.881032943725586,36552200,0.0,0.0,0.0,XLU
2022-05-20 00:00:00-04:00,31.965703678930453,32.059287509865136,31.528975734611066,31.970157623291016,31358000,0.0,0.0,0.0,XLU
2022-05-23 00:00:00-04:00,32.33558283551279,32.500470581709436,32.03254801004398,32.35340881347656,27082200,0.0,0.0,0.0,XLU
2022-05-24 00:00:00-04:00,32.41580577428339,33.06198487987702,32.17070616867901,32.999595642089844,32311400,0.0,0.0,0.0,XLU
2022-05-25 00:00:00-04:00,33.03522678356416,33.08424735882294,32.76338664802245,32.977294921875,27723800,0.0,0.0,0.0,XLU
2022-05-26 00:00:00-04:00,33.1822983324096,33.31153412362662,33.044151252124166,33.07088851928711,23290000,0.0,0.0,0.0,XLU
2022-05-27 00:00:00-04:00,33.044152944662414,33.587833404541016,32.90154851255965,33.587833404541016,23241200,0.0,0.0,0.0,XLU
2022-05-31 00:00:00-04:00,33.275886307669886,33.40066476989897,32.98176613240964,33.12437057495117,31041000,0.0,0.0,0.0,XLU
2022-06-01 00:00:00-04:00,33.24468755576159,33.24468755576159,32.76785369159561,33.07088851928711,22422200,0.0,0.0,0.0,XLU
2022-06-02 00:00:00-04:00,33.23131957668876,33.324903413559916,32.55840334018728,33.29370880126953,25038200,0.0,0.0,0.0,XLU
2022-06-03 00:00:00-04:00,33.15555358124957,33.33826386555042,33.07088105440262,33.133270263671875,17691200,0.0,0.0,0.0,XLU
2022-06-06 00:00:00-04:00,33.43185016358072,33.53880601595263,33.240225178027494,33.28033447265625,20345800,0.0,0.0,0.0,XLU
2022-06-07 00:00:00-04:00,33.195668063580236,33.51207153531484,32.990674408651806,33.48087692260742,19820000,0.0,0.0,0.0,XLU
2022-06-08 00:00:00-04:00,33.33381502958691,33.33381502958691,32.77676600435957,32.82578659057617,19971400,0.0,0.0,0.0,XLU
2022-06-09 00:00:00-04:00,32.807952080452615,32.96392508695633,32.01471161888583,32.03699493408203,25767600,0.0,0.0,0.0,XLU
2022-06-10 00:00:00-04:00,31.7206058360568,32.077118639704636,31.524523454054684,31.791906356811523,32800600,0.0,0.0,0.0,XLU
2022-06-13 00:00:00-04:00,31.38637412543419,31.45767464111805,30.178692103905192,30.33020782470703,52721400,0.0,0.0,0.0,XLU
2022-06-14 00:00:00-04:00,30.36585743346229,30.477267243065526,29.22947601552622,29.563705444335938,51342600,0.0,0.0,0.0,XLU
2022-06-15 00:00:00-04:00,29.826631127121477,30.209881102574887,29.39436056876422,29.755327224731445,51664800,0.0,0.0,0.0,XLU
2022-06-16 00:00:00-04:00,29.38545362594264,29.38545362594264,28.94872565912114,29.18045997619629,48754400,0.0,0.0,0.0,XLU
2022-06-17 00:00:00-04:00,29.225024309866665,29.43001796724506,28.667975219178253,28.908620834350586,43129400,0.0,0.0,0.0,XLU
2022-06-21 00:00:00-04:00,29.009691150313863,29.620610886329807,28.937816627410395,29.45889663696289,37266400,0.2575,0.0,0.0,XLU
2022-06-22 00:00:00-04:00,29.30167769246358,29.988961592412277,29.292691662815304,29.768848419189453,28582200,0.0,0.0,0.0,XLU
2022-06-23 00:00:00-04:00,29.944040596117762,30.523512681425142,29.90361031855793,30.4696102142334,41140200,0.0,0.0,0.0,XLU
2022-06-24 00:00:00-04:00,30.63132356999657,31.06256043068814,30.510036168047304,30.999671936035156,30075200,0.0,0.0,0.0,XLU
2022-06-27 00:00:00-04:00,30.932289044290076,31.32309903830794,30.811001647761945,31.251224517822266,23276800,0.0,0.0,0.0,XLU
2022-06-28 00:00:00-04:00,31.35454307881161,31.597111015947164,31.094003084506614,31.134429931640625,26371800,0.0,0.0,0.0,XLU
2022-06-29 00:00:00-04:00,31.18384591794895,31.27817866450375,30.95924316124722,31.15689468383789,30329400,0.0,0.0,0.0,XLU
2022-06-30 00:00:00-04:00,30.96373942718632,31.73637353971359,30.923309144608453,31.502784729003906,37737800,0.0,0.0,0.0,XLU
2022-07-01 00:00:00-04:00,31.66450126247444,32.32932704746964,31.538724244894276,32.275421142578125,34255800,0.0,0.0,0.0,XLU
2022-07-05 00:00:00-04:00,32.20354092817796,32.22599914516035,30.685224260940327,31.17486000061035,44053600,0.0,0.0,0.0,XLU
2022-07-06 00:00:00-04:00,31.327581246518236,31.785772638776887,31.080520351664813,31.498281478881836,28518200,0.0,0.0,0.0,XLU
2022-07-07 00:00:00-04:00,31.66000496704738,31.763320312244083,31.430909203749962,31.466846466064453,16799400,0.0,0.0,0.0,XLU
2022-07-08 00:00:00-04:00,31.43539608653686,31.502774156276292,31.260202823718437,31.363521575927734,12564600,0.0,0.0,0.0,XLU
2022-07-11 00:00:00-04:00,31.242238949455402,31.61956986467501,31.17036443579522,31.561174392700195,13232800,0.0,0.0,0.0,XLU
2022-07-12 00:00:00-04:00,31.3769973018667,31.808234085564745,31.278171563009074,31.4084415435791,19140800,0.0,0.0,0.0,XLU
2022-07-13 00:00:00-04:00,31.116464907095835,31.615083309184595,31.08951367255033,31.278179168701172,38159200,0.0,0.0,0.0,XLU
2022-07-14 00:00:00-04:00,30.77507117896559,31.323102462498543,30.70319665062271,31.278179168701172,18925000,0.0,0.0,0.0,XLU
2022-07-15 00:00:00-04:00,31.309616084348082,31.38149059585566,30.79752218493531,31.336570739746094,17484200,0.0,0.0,0.0,XLU
2022-07-18 00:00:00-04:00,31.264705696007834,31.309625565720307,30.887374677823406,30.900850296020508,15422000,0.0,0.0,0.0,XLU
2022-07-19 00:00:00-04:00,31.10298125518823,31.269188488671272,30.995172917689494,31.098491668701172,22715400,0.0,0.0,0.0,XLU
2022-07-20 00:00:00-04:00,31.152404441908704,31.16588006016367,30.64480340036205,30.685230255126953,34085200,0.0,0.0,0.0,XLU
2022-07-21 00:00:00-04:00,30.770570055254908,30.779552655347533,30.47858585834864,30.766077041625977,26029400,0.0,0.0,0.0,XLU
2022-07-22 00:00:00-04:00,31.01314556238574,31.30961938570197,30.94127104329956,31.188335418701172,19543000,0.0,0.0,0.0,XLU
2022-07-25 00:00:00-04:00,31.138915046623357,31.588120401264295,31.053564932548817,31.579137802124023,17292000,0.0,0.0,0.0,XLU
2022-07-26 00:00:00-04:00,31.552186903011112,31.866632744957098,31.516253075011377,31.767807006835938,17934400,0.0,0.0,0.0,XLU
2022-07-27 00:00:00-04:00,31.619573700719794,31.880113703598145,31.529733974910776,31.794763565063477,20684200,0.0,0.0,0.0,XLU
2022-07-28 00:00:00-04:00,32.35626976613916,33.003126745837335,32.32931853437366,32.93574523925781,29715600,0.0,0.0,0.0,XLU
2022-07-29 00:00:00-04:00,32.87285567462418,33.357998393571116,32.86836266042124,33.21874237060547,24547600,0.0,0.0,0.0,XLU
2022-08-01 00:00:00-04:00,33.11542043609546,33.281624229666825,32.90429336377671,33.25467300415039,23148800,0.0,0.0,0.0,XLU
2022-08-02 00:00:00-04:00,33.40292178713556,33.59608029230415,33.16035040200528,33.18730163574219,22916600,0.0,0.0,0.0,XLU
2022-08-03 00:00:00-04:00,33.13788915216508,33.47479328657051,32.62130555447628,33.39393615722656,21960400,0.0,0.0,0.0,XLU
2022-08-04 00:00:00-04:00,33.411902976048495,33.70838024327805,33.30409461849497,33.4658088684082,17328200,0.0,0.0,0.0,XLU
2022-08-05 00:00:00-04:00,33.37597244844262,33.52870068451152,33.030082269071606,33.34452819824219,22050200,0.0,0.0,0.0,XLU
2022-08-08 00:00:00-04:00,33.632017957692575,33.789239201648556,33.236714913270575,33.39393615722656,16899000,0.0,0.0,0.0,XLU
2022-08-09 00:00:00-04:00,33.49726198910394,33.82967317879831,33.47480033787904,33.76678466796875,16213600,0.0,0.0,0.0,XLU
2022-08-10 00:00:00-04:00,33.91950155864007,33.991372642304675,33.66794419790069,33.915008544921875,15778600,0.0,0.0,0.0,XLU
2022-08-11 00:00:00-04:00,33.96441689279188,34.25190804350847,33.81168529119346,33.9105110168457,16048200,0.0,0.0,0.0,XLU
2022-08-12 00:00:00-04:00,34.13961095657411,34.467532411872874,34.07222946004255,34.46303939819336,15798800,0.0,0.0,0.0,XLU
2022-08-15 00:00:00-04:00,34.39566511484808,34.78647513495647,34.33277661880756,34.75053787231445,15571000,0.0,0.0,0.0,XLU
2022-08-16 00:00:00-04:00,34.67417155937186,34.97513840377777,34.6382342990102,34.849361419677734,15577600,0.0,0.0,0.0,XLU
2022-08-17 00:00:00-04:00,34.70561931590093,34.94369769233866,34.67866465432031,34.79096603393555,21286000,0.0,0.0,0.0,XLU
2022-08-18 00:00:00-04:00,34.822400766066245,35.02903826398978,34.799942552580774,34.921226501464844,16559000,0.0,0.0,0.0,XLU
2022-08-19 00:00:00-04:00,34.87630804921179,35.06048391388777,34.74603806796506,34.90325927734375,17286600,0.0,0.0,0.0,XLU
2022-08-22 00:00:00-04:00,34.73705780296782,34.7999462909472,34.337265232027924,34.42710494995117,26453000,0.0,0.0,0.0,XLU
2022-08-23 00:00:00-04:00,34.364227523806804,34.44059165133971,34.081229236802514,34.220481872558594,15747000,0.0,0.0,0.0,XLU
2022-08-24 00:00:00-04:00,34.17555318690335,34.373201264426534,34.09020305039389,34.32828140258789,15002200,0.0,0.0,0.0,XLU
2022-08-25 00:00:00-04:00,34.40913583459056,34.539405822753906,34.14859585826387,34.539405822753906,14601800,0.0,0.0,0.0,XLU
2022-08-26 00:00:00-04:00,34.55288422030952,34.66967860309763,33.97790176222311,34.00934600830078,17732400,0.0,0.0,0.0,XLU
2022-08-29 00:00:00-04:00,33.83415465381935,34.36421722655744,33.63650315739189,34.11266326904297,22477400,0.0,0.0,0.0,XLU
2022-08-30 00:00:00-04:00,34.10368421878974,34.130638882014146,33.488274814354874,33.614051818847656,20560600,0.0,0.0,0.0,XLU
2022-08-31 00:00:00-04:00,33.632017957692575,33.83865208220131,33.380460540196914,33.39393615722656,22012800,0.0,0.0,0.0,XLU
2022-09-01 00:00:00-04:00,33.26366826550769,33.92399746413763,33.26366826550769,33.87458801269531,28160000,0.0,0.0,0.0,XLU
2022-09-02 00:00:00-04:00,33.959936258540125,34.27887176302386,33.411904981732604,33.5107307434082,25536800,0.0,0.0,0.0,XLU
2022-09-06 00:00:00-04:00,33.69939612896466,34.06325492552536,33.510730635735314,33.5960807800293,32900400,0.0,0.0,0.0,XLU
2022-09-07 00:00:00-04:00,33.75778816539145,34.69662585279535,33.72185090909402,34.647212982177734,31509800,0.0,0.0,0.0,XLU
2022-09-08 00:00:00-04:00,34.516947193074,34.84936171347311,34.436093497327306,34.62026596069336,25150600,0.0,0.0,0.0,XLU
2022-09-09 00:00:00-04:00,34.826899174903055,34.957169171094485,34.52143932142523,34.759517669677734,21181400,0.0,0.0,0.0,XLU
2022-09-12 00:00:00-04:00,34.85384862614488,35.13685024820522,34.74604027958956,35.0919303894043,22680600,0.0,0.0,0.0,XLU
2022-09-13 00:00:00-04:00,34.737056745659885,34.880802346261156,33.991374086364516,34.1575813293457,35156200,0.0,0.0,0.0,XLU
2022-09-14 00:00:00-04:00,34.17105937188931,34.62924743537265,34.13512211239415,34.436092376708984,22297400,0.0,0.0,0.0,XLU
2022-09-15 00:00:00-04:00,34.162078238011375,34.162078238011375,33.49275960303519,33.57810974121094,36110000,0.0,0.0,0.0,XLU
2022-09-16 00:00:00-04:00,33.45682455722731,33.7128715353137,33.393932639104634,33.45233154296875,32222400,0.0,0.0,0.0,XLU
2022-09-19 00:00:00-04:00,33.34876202872469,33.90502851141013,33.25831382114918,33.90050506591797,21462800,0.2505,0.0,0.0,XLU
2022-09-20 00:00:00-04:00,33.67891037596688,33.67891037596688,33.16334791264906,33.407562255859375,23408400,0.0,0.0,0.0,XLU
2022-09-21 00:00:00-04:00,33.624635083826234,33.85075906347588,32.93721970385769,32.95078659057617,30461200,0.0,0.0,0.0,XLU
2022-09-22 00:00:00-04:00,32.92365785267875,33.0548067446015,32.66135316807598,32.83320617675781,34700800,0.0,0.0,0.0,XLU
2022-09-23 00:00:00-04:00,32.51211055123484,32.55733466409035,32.037248740305415,32.45331954956055,32420600,0.0,0.0,0.0,XLU
2022-09-26 00:00:00-04:00,32.371910881852784,32.41261154342534,31.35435293800025,31.67092514038086,35939000,0.0,0.0,0.0,XLU
2022-09-27 00:00:00-04:00,31.878958271982974,31.928705824452294,30.98350922829156,31.137271881103516,38286000,0.0,0.0,0.0,XLU
2022-09-28 00:00:00-04:00,31.499074406267468,31.666403960767397,31.087527063341586,31.47193717956543,45882600,0.0,0.0,0.0,XLU
2022-09-29 00:00:00-04:00,31.309127701550505,31.38148558075186,30.146850585610736,30.21016502380371,40662000,0.0,0.0,0.0,XLU
2022-09-30 00:00:00-04:00,30.354883776133835,30.472465759365207,29.563449860244443,29.62676429748535,45553000,0.0,0.0,0.0,XLU
2022-10-03 00:00:00-04:00,30.110668977716465,30.662412022155184,29.902635337258552,30.495079040527344,50894000,0.0,0.0,0.0,XLU
2022-10-04 00:00:00-04:00,30.707638466236794,31.168929886681322,30.517695143134826,31.141796112060547,33993000,0.0,0.0,0.0,XLU
2022-10-05 00:00:00-04:00,30.74381766687349,30.74381766687349,30.110669836342,30.44985580444336,34411400,0.0,0.0,0.0,XLU
2022-10-06 00:00:00-04:00,30.318702388173143,30.36844993772895,29.414206505890096,29.445863723754883,51342000,0.0,0.0,0.0,XLU
2022-10-07 00:00:00-04:00,29.35993661829125,29.46847861253162,28.63634057524593,28.835329055786133,42166800,0.0,0.0,0.0,XLU
2022-10-10 00:00:00-04:00,28.894123596933326,29.228786141016677,28.84437604236141,28.88507843017578,33035600,0.0,0.0,0.0,XLU
2022-10-11 00:00:00-04:00,28.776539451768365,29.156427823993294,28.62729679027076,28.78106117248535,34320000,0.0,0.0,0.0,XLU
2022-10-12 00:00:00-04:00,28.735835305987184,28.790104577215544,27.80420390309036,27.822294235229492,41833000,0.0,0.0,0.0,XLU
2022-10-13 00:00:00-04:00,27.40170569022943,28.631820770920488,27.293165413914092,28.51875877380371,61429800,0.0,0.0,0.0,XLU
2022-10-14 00:00:00-04:00,28.81271975198445,29.02075341856019,27.967016472512302,28.107213973999023,39305800,0.0,0.0,0.0,XLU
2022-10-17 00:00:00-04:00,28.491623177414926,28.9664849438565,28.491623177414926,28.69513511657715,28247400,0.0,0.0,0.0,XLU
2022-10-18 00:00:00-04:00,29.264964018227793,29.3780260041352,28.930301506047705,29.21973991394043,32083800,0.0,0.0,0.0,XLU
2022-10-19 00:00:00-04:00,28.839853286743164,29.034318326890503,28.591117247997914,28.839853286743164,25686800,0.0,0.0,0.0,XLU
2022-10-20 00:00:00-04:00,28.84889712393647,28.84889712393647,27.97605844304488,28.111732482910156,31037000,0.0,0.0,0.0,XLU
2022-10-21 00:00:00-04:00,28.215751633562796,28.8443760594773,28.021284861133093,28.631820678710938,31087200,0.0,0.0,0.0,XLU
2022-10-24 00:00:00-04:00,28.785583061513478,29.09763180459326,28.55945908373313,28.871509552001953,20061000,0.0,0.0,0.0,XLU
2022-10-25 00:00:00-04:00,28.96648841082571,29.52727501564919,28.898650514589136,29.450393676757812,28403600,0.0,0.0,0.0,XLU
2022-10-26 00:00:00-04:00,29.608677433997514,29.757920103711058,29.310192094570425,29.43682098388672,27068800,0.0,0.0,0.0,XLU
2022-10-27 00:00:00-04:00,29.64937566237858,30.006651970956217,29.586061222922105,29.67198944091797,24514600,0.0,0.0,0.0,XLU
2022-10-28 00:00:00-04:00,29.794094031238632,30.54935073832463,29.753393371472875,30.48603630065918,27185800,0.0,0.0,0.0,XLU
2022-10-31 00:00:00-04:00,30.409154039019164,30.53578292481459,30.02022048957415,30.201120376586914,21789600,0.0,0.0,0.0,XLU
2022-11-01 00:00:00-04:00,30.38201904546172,30.49508103901429,30.07901373083161,30.31870460510254,21479000,0.0,0.0,0.0,XLU
2022-11-02 00:00:00-04:00,30.219212728874385,30.84783720419065,30.01117905254614,30.02474594116211,42680400,0.0,0.0,0.0,XLU
2022-11-03 00:00:00-04:00,29.739827922559893,30.422719883303458,29.577018374870214,30.155895233154297,28656400,0.0,0.0,0.0,XLU
2022-11-04 00:00:00-04:00,30.219208883411774,30.46342319855818,29.812185024834434,30.3413143157959,24298400,0.0,0.0,0.0,XLU
2022-11-07 00:00:00-05:00,30.282525617018436,30.332273172968318,29.292101394497852,29.762439727783203,28592800,0.0,0.0,0.0,XLU
2022-11-08 00:00:00-05:00,29.80314279023268,30.155895665154283,29.708171127782883,29.97047233581543,24827800,0.0,0.0,0.0,XLU
2022-11-09 00:00:00-05:00,29.848365870718723,30.079013300371074,29.676512885114363,29.73530387878418,25781800,0.0,0.0,0.0,XLU
2022-11-10 00:00:00-05:00,30.630756365602323,31.191542879355,30.17850839797445,31.137271881103516,35830400,0.0,0.0,0.0,XLU
2022-11-11 00:00:00-05:00,31.13727478322579,31.218679563001196,30.49508343743009,30.789045333862305,30624000,0.0,0.0,0.0,XLU
2022-11-14 00:00:00-05:00,30.80712577116788,30.974455272787505,30.409145442175497,30.422712326049805,20490600,0.0,0.0,0.0,XLU
2022-11-15 00:00:00-05:00,30.743818366933763,30.969942350817018,30.38654205835284,30.75738525390625,27241600,0.0,0.0,0.0,XLU
2022-11-16 00:00:00-05:00,30.77095377478689,31.191544545157836,30.77095377478689,31.03325843811035,26462200,0.0,0.0,0.0,XLU
2022-11-17 00:00:00-05:00,30.694070369691865,30.779995136065295,30.341314061627763,30.490556716918945,23247200,0.0,0.0,0.0,XLU
2022-11-18 00:00:00-05:00,30.775475577228118,31.16892910082234,30.761905239881617,31.137271881103516,23483000,0.0,0.0,0.0,XLU
2022-11-21 00:00:00-05:00,31.087528562495383,31.36792358274826,31.064918231261554,31.277475357055664,22876400,0.0,0.0,0.0,XLU
2022-11-22 00:00:00-05:00,31.426708924772484,31.73876111285814,31.34530415615788,31.544294357299805,14904800,0.0,0.0,0.0,XLU
2022-11-23 00:00:00-05:00,31.453845988485142,31.910613929150685,31.453845988485142,31.89704704284668,14333400,0.0,0.0,0.0,XLU
2022-11-25 00:00:00-05:00,32.01463586579933,32.181968865488145,31.992022085978707,32.08247375488281,8983000,0.0,0.0,0.0,XLU
2022-11-28 00:00:00-05:00,31.86087124476349,31.98298014090346,31.616660353240615,31.75233268737793,18262600,0.0,0.0,0.0,XLU
2022-11-29 00:00:00-05:00,31.55786107454959,31.5849948471497,31.331737101873962,31.517160415649414,19004400,0.0,0.0,0.0,XLU
2022-11-30 00:00:00-05:00,31.458368369414423,32.37191122078297,31.426711148844912,32.304073333740234,32946400,0.0,0.0,0.0,XLU
2022-12-01 00:00:00-05:00,32.620645370672555,32.79250181034215,32.19553461813536,32.276939392089844,30706200,0.0,0.0,0.0,XLU
2022-12-02 00:00:00-05:00,31.93322564854189,32.2090971535373,31.802073338759005,32.1231689453125,20708200,0.0,0.0,0.0,XLU
2022-12-05 00:00:00-05:00,31.87895774788256,32.06438106774309,31.82016675519362,31.942272186279297,22903000,0.0,0.0,0.0,XLU
2022-12-06 00:00:00-05:00,31.897051530178025,32.15935620355028,31.77494608588597,32.141265869140625,25649600,0.0,0.0,0.0,XLU
2022-12-07 00:00:00-05:00,32.1684018348911,32.38548241220259,31.87444336926876,31.99202537536621,28297800,0.0,0.0,0.0,XLU
2022-12-08 00:00:00-05:00,31.996543961816165,32.31763960731692,31.878958523200417,32.20005416870117,19920000,0.0,0.0,0.0,XLU
2022-12-09 00:00:00-05:00,32.086990017795564,32.313113988182785,32.00106525530544,32.03272247314453,23837200,0.0,0.0,0.0,XLU
2022-12-12 00:00:00-05:00,32.204579057290715,32.774412492626865,32.082473617765,32.76536560058594,22763800,0.0,0.0,0.0,XLU
2022-12-13 00:00:00-05:00,33.226652592658404,33.37137177753688,32.50757666283461,32.86485290527344,27388400,0.0,0.0,0.0,XLU
2022-12-14 00:00:00-05:00,32.977924197394785,33.32615709874586,32.58447063531102,32.824161529541016,26637400,0.0,0.0,0.0,XLU
2022-12-15 00:00:00-05:00,32.69752952006224,32.751797068069024,32.27241532532551,32.426177978515625,26308000,0.0,0.0,0.0,XLU
2022-12-16 00:00:00-05:00,32.18196993054543,32.18196993054543,31.47646069125816,31.874441146850586,39263400,0.0,0.0,0.0,XLU
2022-12-19 00:00:00-05:00,31.71120553659491,32.0531667603025,31.54250341393309,31.747678756713867,19664600,0.286,0.0,0.0,XLU
2022-12-20 00:00:00-05:00,31.729438528796123,31.930056881315252,31.524263198162828,31.756797790527344,15964000,0.0,0.0,0.0,XLU
2022-12-21 00:00:00-05:00,31.948300807075505,32.21275168545275,31.84343115578458,32.199073791503906,16484800,0.0,0.0,0.0,XLU
2022-12-22 00:00:00-05:00,32.148916933716535,32.148916933716535,31.47411189128084,32.003013610839844,14103800,0.0,0.0,0.0,XLU
2022-12-23 00:00:00-05:00,31.943736182843967,32.354090340832464,31.939179204528664,32.331295013427734,11349400,0.0,0.0,0.0,XLU
2022-12-27 00:00:00-05:00,32.40424877715542,32.60030670487459,32.19907341311413,32.53191375732422,12211400,0.0,0.0,0.0,XLU
2022-12-28 00:00:00-05:00,32.6048688614382,32.7416512850571,32.17171582345335,32.22187042236328,14431200,0.0,0.0,0.0,XLU
2022-12-29 00:00:00-05:00,32.38144571345658,32.63677911885272,32.35865038634168,32.45439910888672,11555200,0.0,0.0,0.0,XLU
2022-12-30 00:00:00-05:00,32.42248836831695,32.477203424171634,31.843431999337206,32.14435958862305,14700200,0.0,0.0,0.0,XLU
2023-01-03 00:00:00-05:00,32.235547869770905,32.34497798148028,31.706649577615416,32.14435958862305,25774200,0.0,0.0,0.0,XLU
2023-01-04 00:00:00-05:00,32.29026532282005,32.7279753663228,32.24011072088232,32.4361686706543,20872600,0.0,0.0,0.0,XLU
2023-01-05 00:00:00-05:00,32.18994946218794,32.31305745188964,31.63825243357191,31.73400115966797,19572800,0.0,0.0,0.0,XLU
2023-01-06 00:00:00-05:00,32.09420096708632,32.52735046615404,32.04860683222806,32.37232971191406,19620400,0.0,0.0,0.0,XLU
2023-01-09 00:00:00-05:00,32.36777692544441,32.837403235135795,32.27202817596843,32.59119415283203,23438800,0.0,0.0,0.0,XLU
2023-01-10 00:00:00-05:00,32.504551120255044,32.61853818261591,32.21730497540496,32.60029983520508,17215000,0.0,0.0,0.0,XLU
2023-01-11 00:00:00-05:00,32.60030287891089,32.91034785662393,32.59574242198013,32.86475372314453,21371800,0.0,0.0,0.0,XLU
2023-01-12 00:00:00-05:00,32.90579689835384,32.951391044994544,32.61399018552086,32.6413459777832,25797800,0.0,0.0,0.0,XLU
2023-01-13 00:00:00-05:00,32.50455827943152,32.63222326081663,32.28114456200759,32.522796630859375,23793600,0.0,0.0,0.0,XLU
2023-01-17 00:00:00-05:00,32.545585195120395,32.77811977922038,32.422480696837525,32.477195739746094,19530400,0.0,0.0,0.0,XLU
2023-01-18 00:00:00-05:00,32.61854648544697,32.61854648544697,31.65649515594893,31.697528839111328,29020400,0.0,0.0,0.0,XLU
2023-01-19 00:00:00-05:00,31.68384911537025,31.71576535996822,31.300854180194605,31.37836456298828,28394000,0.0,0.0,0.0,XLU
2023-01-20 00:00:00-05:00,31.36012686576609,31.57898360372175,30.931534304849922,31.565305709838867,26621000,0.0,0.0,0.0,XLU
2023-01-23 00:00:00-05:00,31.455877192986673,31.8799093178581,31.31909476862783,31.574424743652344,19652600,0.0,0.0,0.0,XLU
2023-01-24 00:00:00-05:00,31.606336191539892,31.829749885764024,31.20054248058588,31.73400115966797,20658800,0.0,0.0,0.0,XLU
2023-01-25 00:00:00-05:00,31.268933688086285,31.378360300613636,30.98624450389723,31.305410385131836,25983000,0.0,0.0,0.0,XLU
2023-01-26 00:00:00-05:00,31.14127427325978,31.460436732727544,31.081998760351542,31.410282135009766,20360000,0.0,0.0,0.0,XLU
2023-01-27 00:00:00-05:00,31.341889185520984,31.547068033987326,31.218784659329106,31.410282135009766,15425800,0.0,0.0,0.0,XLU
2023-01-30 00:00:00-05:00,31.29629194286622,31.624575284980338,31.246137350120474,31.268936157226562,15561000,0.0,0.0,0.0,XLU
2023-01-31 00:00:00-05:00,31.35556722954054,31.510591481029945,30.986250170590083,31.5014705657959,19442400,0.0,0.0,0.0,XLU
2023-02-01 00:00:00-05:00,31.351007508436727,31.77959656448248,31.127590326672745,31.556182861328125,30944600,0.0,0.0,0.0,XLU
2023-02-02 00:00:00-05:00,31.574421973822027,31.97565525346424,31.32820945724281,31.624576568603516,24997000,0.0,0.0,0.0,XLU
2023-02-03 00:00:00-05:00,31.34189163083574,31.464999645242496,30.548542399254025,30.963457107543945,25362200,0.0,0.0,0.0,XLU
2023-02-06 00:00:00-05:00,30.849468856930148,31.255262634163152,30.794753799391632,31.227903366088867,31414200,0.0,0.0,0.0,XLU
2023-02-07 00:00:00-05:00,31.08655697975033,31.314531142559115,30.781072436452877,31.214221954345703,21124400,0.0,0.0,0.0,XLU
2023-02-08 00:00:00-05:00,31.03183968321734,31.04551757541872,30.534857713983563,30.689878463745117,22471400,0.0,0.0,0.0,XLU
2023-02-09 00:00:00-05:00,30.76283558830064,30.93153425070737,30.220255941163717,30.270410537719727,20715200,0.0,0.0,0.0,XLU
2023-02-10 00:00:00-05:00,30.30232750625258,30.899618743082787,30.265850802684803,30.872262954711914,30963400,0.0,0.0,0.0,XLU
2023-02-13 00:00:00-05:00,30.885943392002947,31.13671640141732,30.885943392002947,31.059206008911133,16183800,0.0,0.0,0.0,XLU
2023-02-14 00:00:00-05:00,31.027284436799317,31.241577224264926,30.762833577446514,30.92697525024414,14150400,0.0,0.0,0.0,XLU
2023-02-15 00:00:00-05:00,30.749155718758274,31.150388986816626,30.749155718758274,31.12759017944336,11020000,0.0,0.0,0.0,XLU
2023-02-16 00:00:00-05:00,30.822109976556575,31.03640627301542,30.56221953754715,30.8905029296875,18399600,0.0,0.0,0.0,XLU
2023-02-17 00:00:00-05:00,30.8996202980129,31.369250053208415,30.735482080917972,31.223346710205078,21873200,0.0,0.0,0.0,XLU
2023-02-21 00:00:00-05:00,30.99537119066477,31.08199901402164,30.616933215200216,30.639728546142578,16969000,0.0,0.0,0.0,XLU
2023-02-22 00:00:00-05:00,30.635172013467027,30.872263634659586,30.439114075734533,30.52118492126465,26750200,0.0,0.0,0.0,XLU
2023-02-23 00:00:00-05:00,30.657968017809146,30.657968017809146,30.229378907173707,30.361600875854492,21406600,0.0,0.0,0.0,XLU
2023-02-24 00:00:00-05:00,30.097153485216673,30.48014845401456,29.974045474810158,30.3707218170166,23150400,0.0,0.0,0.0,XLU
2023-02-27 00:00:00-05:00,30.521187526030054,30.812994228682967,30.101712347182488,30.16554832458496,21720600,0.0,0.0,0.0,XLU
2023-02-28 00:00:00-05:00,30.02875831145435,30.17466164286284,29.636642456054688,29.636642456054688,41151800,0.0,0.0,0.0,XLU
2023-03-01 00:00:00-05:00,29.48162467930883,29.508980469657665,29.011996653094467,29.148780822753906,47276000,0.0,0.0,0.0,XLU
2023-03-02 00:00:00-05:00,29.10773943802135,29.71871022742001,29.066704021595147,29.700471878051758,30688600,0.0,0.0,0.0,XLU
2023-03-03 00:00:00-05:00,29.819020027743942,30.224813743423063,29.52721338902209,30.206575393676758,30175200,0.0,0.0,0.0,XLU
2023-03-06 00:00:00-05:00,30.224818758591727,30.44367203464242,30.18378159520091,30.35248374938965,24243200,0.0,0.0,0.0,XLU
2023-03-07 00:00:00-05:00,30.37983514246227,30.457349000179892,29.70959403777514,29.855497360229492,24055200,0.0,0.0,0.0,XLU
2023-03-08 00:00:00-05:00,29.84637811915467,30.142745237864442,29.73239103339013,30.083473205566406,27407400,0.0,0.0,0.0,XLU
2023-03-09 00:00:00-05:00,30.16554617072843,30.443671479258573,29.741514042679462,29.841819763183594,34067200,0.0,0.0,0.0,XLU
2023-03-10 00:00:00-05:00,29.987720022973004,29.987720022973004,29.221726692252172,29.372190475463867,41666400,0.0,0.0,0.0,XLU
2023-03-13 00:00:00-04:00,29.335713646908793,30.480144920030007,29.294679967270937,29.82358169555664,67671200,0.0,0.0,0.0,XLU
2023-03-14 00:00:00-04:00,30.046990080881457,30.4619011755024,29.919325128690396,30.215688705444336,35118400,0.0,0.0,0.0,XLU
2023-03-15 00:00:00-04:00,30.129065146449996,30.82210504675779,29.98316182645838,30.626047134399414,48336800,0.0,0.0,0.0,XLU
2023-03-16 00:00:00-04:00,30.51206610364674,31.009051668695303,30.39352202420526,30.83123207092285,31646800,0.0,0.0,0.0,XLU
2023-03-17 00:00:00-04:00,30.758276242840136,30.822108735562878,30.306888336126487,30.534862518310547,35814600,0.0,0.0,0.0,XLU
2023-03-20 00:00:00-04:00,30.58078799867627,30.87474542006211,30.57159985811797,30.773696899414062,38838000,0.245,0.0,0.0,XLU
2023-03-21 00:00:00-04:00,30.824223760815016,30.860969317651207,29.749439000976007,30.15363311767578,51865000,0.0,0.0,0.0,XLU
2023-03-22 00:00:00-04:00,30.11229803506805,30.273058994428,29.547349906502088,29.561128616333008,35793200,0.0,0.0,0.0,XLU
2023-03-23 00:00:00-04:00,29.570310747167003,29.85508357510549,29.11100352121316,29.25798225402832,33769000,0.0,0.0,0.0,XLU
2023-03-24 00:00:00-04:00,29.290128792376898,30.181187428498056,29.26256962758471,30.1720027923584,36112000,0.0,0.0,0.0,XLU
2023-03-27 00:00:00-04:00,30.26386810969764,30.479743888822185,30.126074015373643,30.208749771118164,28273800,0.0,0.0,0.0,XLU
2023-03-28 00:00:00-04:00,30.135262334436817,30.6129440921859,30.135262334436817,30.291425704956055,22038800,0.0,0.0,0.0,XLU
2023-03-29 00:00:00-04:00,30.452184014457547,30.782883506501964,30.452184014457547,30.732362747192383,19807800,0.0,0.0,0.0,XLU
2023-03-30 00:00:00-04:00,30.805855436009406,31.01713716198882,30.691028182482572,30.865564346313477,20585600,0.0,0.0,0.0,XLU
2023-03-31 00:00:00-04:00,30.966612276556397,31.104406379758363,30.787482044943612,31.090627670288086,23444000,0.0,0.0,0.0,XLU
2023-04-03 00:00:00-04:00,30.975793667658298,31.108993670588482,30.704799591559276,30.87933921813965,24071400,0.0,0.0,0.0,XLU
2023-04-04 00:00:00-04:00,30.86097295035394,31.090627451239442,30.778297189865174,31.03550910949707,21613800,0.0,0.0,0.0,XLU
2023-04-05 00:00:00-04:00,31.168703825862213,31.926564250409502,31.164109755437966,31.83929443359375,37674400,0.0,0.0,0.0,XLU
2023-04-06 00:00:00-04:00,32.09650542645842,32.133250980343625,31.738245036699915,32.064353942871094,33350400,0.0,0.0,0.0,XLU
2023-04-10 00:00:00-04:00,31.880635602939627,32.00924154705521,31.56371130904826,32.00005340576172,20463000,0.0,0.0,0.0,XLU
2023-04-11 00:00:00-04:00,31.95412728548336,32.11947880735323,31.871451524548426,32.027618408203125,17274000,0.0,0.0,0.0,XLU
2023-04-12 00:00:00-04:00,32.0873247166563,32.225118808463314,31.8806370831951,31.995464324951172,25109200,0.0,0.0,0.0,XLU
2023-04-13 00:00:00-04:00,31.853074683308318,32.087323226804074,31.39376573761029,32.00005340576172,32892400,0.0,0.0,0.0,XLU
2023-04-14 00:00:00-04:00,31.765813416843923,31.830116399125007,31.49481927358817,31.64179801940918,18129400,0.0,0.0,0.0,XLU
2023-04-17 00:00:00-04:00,31.696912150119484,31.871448292505033,31.499409158150648,31.816329956054688,15613800,0.0,0.0,0.0,XLU
2023-04-18 00:00:00-04:00,31.83011595221994,31.894418933598192,31.531564393392546,31.650985717773438,15566200,0.0,0.0,0.0,XLU
2023-04-19 00:00:00-04:00,31.729065295337985,31.990871274724483,31.68313509802007,31.89441680908203,20634600,0.0,0.0,0.0,XLU
2023-04-20 00:00:00-04:00,31.92197085168971,32.009240670341796,31.696910455651707,31.885225296020508,14737400,0.0,0.0,0.0,XLU
2023-04-21 00:00:00-04:00,32.09191424638158,32.20214740167916,31.788768689002193,31.977087020874023,14075600,0.0,0.0,0.0,XLU
2023-04-24 00:00:00-04:00,31.967906121313767,32.19296655309601,31.774997179786137,32.13785171508789,13579000,0.0,0.0,0.0,XLU
2023-04-25 00:00:00-04:00,32.018431610700034,32.28023761394978,32.00924697209906,32.1057014465332,20503200,0.0,0.0,0.0,XLU
2023-04-26 00:00:00-04:00,31.857669494795108,31.95871802587839,31.315684786097783,31.35243034362793,29513800,0.0,0.0,0.0,XLU
2023-04-27 00:00:00-04:00,31.444290224182755,31.756620449634507,31.416732808605865,31.729063034057617,24933400,0.0,0.0,0.0,XLU
2023-04-28 00:00:00-04:00,31.637202283472924,31.871450851886244,31.485632978499154,31.683135986328125,24246800,0.0,0.0,0.0,XLU
2023-05-01 00:00:00-04:00,31.60963907613332,32.045981139349315,31.58208166286672,31.738245010375977,21016200,0.0,0.0,0.0,XLU
2023-05-02 00:00:00-04:00,31.710690768923758,31.79336652124197,31.173300130980017,31.35243034362793,22931000,0.0,0.0,0.0,XLU
2023-05-03 00:00:00-04:00,31.526969410889794,31.715287782518807,31.228417860691117,31.26516342163086,23714400,0.0,0.0,0.0,XLU
2023-05-04 00:00:00-04:00,31.320273241821905,31.628009346405843,31.026315842779248,31.50399398803711,29262200,0.0,0.0,0.0,XLU
2023-05-05 00:00:00-04:00,31.398356712219126,31.784174506522273,31.398356712219126,31.706092834472656,22833200,0.0,0.0,0.0,XLU
2023-05-08 00:00:00-04:00,31.6739450019365,31.90359947860737,31.503999427670337,31.609642028808594,16573400,0.0,0.0,0.0,XLU
2023-05-09 00:00:00-04:00,31.53615448260895,31.650981721177875,31.343242058583748,31.56830596923828,20562200,0.0,0.0,0.0,XLU
2023-05-10 00:00:00-04:00,31.765820850871847,31.94035705730227,31.536166287765777,31.857681274414062,21416600,0.0,0.0,0.0,XLU
2023-05-11 00:00:00-04:00,31.876044547029306,31.88522918494229,31.384584068821592,31.53156280517578,29748200,0.0,0.0,0.0,XLU
2023-05-12 00:00:00-04:00,31.706092834472656,31.90818987201172,31.51777800751483,31.706092834472656,23748200,0.0,0.0,0.0,XLU
2023-05-15 00:00:00-04:00,31.825521207250922,31.871451406656078,31.177893831614572,31.306503295898438,26370200,0.0,0.0,0.0,XLU
2023-05-16 00:00:00-04:00,31.26975367039185,31.329462571432934,30.594568963719375,30.61294174194336,28008000,0.0,0.0,0.0,XLU
2023-05-17 00:00:00-04:00,30.709396056681616,30.718580693626343,30.37409898808856,30.502708435058594,34176600,0.0,0.0,0.0,XLU
2023-05-18 00:00:00-04:00,30.360322442787968,30.44299819817511,30.144446664596575,30.410846710205078,32335600,0.0,0.0,0.0,XLU
2023-05-19 00:00:00-04:00,30.553228781366997,30.723174348663314,30.34654116253962,30.364913940429688,24945000,0.0,0.0,0.0,XLU
2023-05-22 00:00:00-04:00,30.443000598438914,30.599167483927253,30.263870365018228,30.374103546142578,18989400,0.0,0.0,0.0,XLU
2023-05-23 00:00:00-04:00,30.259274992588058,30.56701467904565,30.185787376414996,30.268463134765625,24128000,0.0,0.0,0.0,XLU
2023-05-24 00:00:00-04:00,30.22712054306718,30.337357212904603,30.020432919558026,30.07095718383789,23127600,0.0,0.0,0.0,XLU
2023-05-25 00:00:00-04:00,30.015842947345075,30.029621656893838,29.455485397364477,29.666767120361328,32252200,0.0,0.0,0.0,XLU
2023-05-26 00:00:00-04:00,29.620836920448905,29.689733972442355,29.36362499753963,29.666767120361328,33187800,0.0,0.0,0.0,XLU
2023-05-30 00:00:00-04:00,29.71728861088392,29.868861410236867,29.506006907656765,29.551937103271484,31165800,0.0,0.0,0.0,XLU
2023-05-31 00:00:00-04:00,29.56572128108214,29.9561332261328,29.377402911019736,29.822933197021484,34266200,0.0,0.0,0.0,XLU
2023-06-01 00:00:00-04:00,29.878049038658876,29.919385162727256,29.418740081903163,29.602460861206055,37306400,0.0,0.0,0.0,XLU
2023-06-02 00:00:00-04:00,29.450896802680937,30.02503310066033,29.381999746073436,29.910205841064453,46091600,0.0,0.0,0.0,XLU
2023-06-05 00:00:00-04:00,29.974503919083872,30.378694545162872,29.910200944576967,30.05258560180664,24089000,0.0,0.0,0.0,XLU
2023-06-06 00:00:00-04:00,30.190378242365224,30.240899001980363,29.946941559996894,30.029617309570312,25723200,0.0,0.0,0.0,XLU
2023-06-07 00:00:00-04:00,30.052588979475015,30.61294653822851,29.868864672699324,30.53945541381836,38529600,0.0,0.0,0.0,XLU
2023-06-08 00:00:00-04:00,30.530264738466897,30.71857957509438,30.300610276470604,30.672649383544922,29318200,0.0,0.0,0.0,XLU
2023-06-09 00:00:00-04:00,30.681842925418312,30.70480627311085,30.475151770687805,30.4935245513916,26632600,0.0,0.0,0.0,XLU
2023-06-12 00:00:00-04:00,30.51648927185148,30.599165027119117,30.314392202475183,30.438404083251953,22967400,0.0,0.0,0.0,XLU
2023-06-13 00:00:00-04:00,30.254679086290952,30.539448367047488,30.204154825979526,30.433809280395508,23737200,0.0,0.0,0.0,XLU
2023-06-14 00:00:00-04:00,30.544039806382514,30.77828831089926,30.355721487942947,30.415433883666992,28047200,0.0,0.0,0.0,XLU
2023-06-15 00:00:00-04:00,30.530271354027548,30.819634777314985,30.465968371074784,30.74614715576172,27402400,0.0,0.0,0.0,XLU
2023-06-16 00:00:00-04:00,30.819631311816057,31.15951896981212,30.79666796577203,30.911495208740234,27370800,0.0,0.0,0.0,XLU
2023-06-20 00:00:00-04:00,30.822135760667987,30.88695595315614,30.516555357857488,30.548965454101562,25850800,0.2685,0.0,0.0,XLU
2023-06-21 00:00:00-04:00,30.442469953596166,30.826763577981144,30.10910697978921,30.794353485107422,21445400,0.0,0.0,0.0,XLU
2023-06-22 00:00:00-04:00,30.910111148291353,30.970300324797407,30.470255753646295,30.5582275390625,20000800,0.0,0.0,0.0,XLU
2023-06-23 00:00:00-04:00,30.64619162362317,30.752680411639403,30.067437459602097,30.109106063842773,25439200,0.0,0.0,0.0,XLU
2023-06-26 00:00:00-04:00,30.16003862418157,30.498032631660763,30.044287784041963,30.40542984008789,20535200,0.0,0.0,0.0,XLU
2023-06-27 00:00:00-04:00,30.428579552474343,30.5211788059254,30.31745974184606,30.414690017700195,17020800,0.0,0.0,0.0,XLU
2023-06-28 00:00:00-04:00,30.405431794400176,30.405431794400176,29.886870258002727,29.965579986572266,29447600,0.0,0.0,0.0,XLU
2023-06-29 00:00:00-04:00,29.72944726842812,30.132261489681596,29.66462707637844,29.965579986572266,29307800,0.0,0.0,0.0,XLU
2023-06-30 00:00:00-04:00,30.007250062354647,30.331354570875074,29.993360525156117,30.2989444732666,27858600,0.0,0.0,0.0,XLU
2023-07-03 00:00:00-04:00,30.23412507755545,30.53970550131094,30.13226375882502,30.525815963745117,16329200,0.0,0.0,0.0,XLU
2023-07-05 00:00:00-04:00,30.41932107551277,31.1045676417016,30.37765246630306,30.873065948486328,38338000,0.0,0.0,0.0,XLU
2023-07-06 00:00:00-04:00,30.627671987661195,30.715640221182337,30.331350129364832,30.498031616210938,30845600,0.0,0.0,0.0,XLU
2023-07-07 00:00:00-04:00,30.29893893290356,30.488768460631384,30.19707763549275,30.275787353515625,25787600,0.0,0.0,0.0,XLU
2023-07-10 00:00:00-04:00,30.224858404088657,30.326719707226236,29.905384959236304,30.146148681640625,24820200,0.0,0.0,0.0,XLU
2023-07-11 00:00:00-04:00,30.20633867569231,30.530443152071705,30.09521885668798,30.521181106567383,22871800,0.0,0.0,0.0,XLU
2023-07-12 00:00:00-04:00,30.613783894383875,31.002705027052563,30.558222218673194,30.96566390991211,26655000,0.0,0.0,0.0,XLU
2023-07-13 00:00:00-04:00,30.96565887273515,31.081409695643387,30.85453907182498,31.07215118408203,19835400,0.0,0.0,0.0,XLU
2023-07-14 00:00:00-04:00,30.99344864727676,31.08604791406618,30.77583648464246,30.9517765045166,20285600,0.0,0.0,0.0,XLU
2023-07-17 00:00:00-04:00,30.849916099546522,30.91936731790044,30.581376804979442,30.595266342163086,21260800,0.0,0.0,0.0,XLU
2023-07-18 00:00:00-04:00,30.567480963105172,30.831392742966568,30.090588056727157,30.359130859375,36264600,0.0,0.0,0.0,XLU
2023-07-19 00:00:00-04:00,30.382284103730264,30.849914990129378,30.382284103730264,30.669343948364258,27154000,0.0,0.0,0.0,XLU
2023-07-20 00:00:00-04:00,30.752681323388636,31.275877363933752,30.595261881676606,31.22957420349121,33329000,0.0,0.0,0.0,XLU
2023-07-21 00:00:00-04:00,31.354588806895034,31.822223200054353,31.299027130773457,31.69721031188965,36746000,0.0,0.0,0.0,XLU
2023-07-24 00:00:00-04:00,31.74351100357618,31.799072681555103,31.465709678552585,31.61387062072754,26484600,0.0,0.0,0.0,XLU
2023-07-25 00:00:00-04:00,31.57682889156024,31.766661971657975,31.479598606303632,31.669431686401367,16701600,0.0,0.0,0.0,XLU
2023-07-26 00:00:00-04:00,31.586090937262068,32.02131524192678,31.521270747091,31.669431686401367,23158200,0.0,0.0,0.0,XLU
2023-07-27 00:00:00-04:00,31.54442031713574,31.678691726801613,31.044379330629926,31.10919952392578,32130200,0.0,0.0,0.0,XLU
2023-07-28 00:00:00-04:00,31.31291369044897,31.437926566731388,30.886951477976755,31.039743423461914,26432200,0.0,0.0,0.0,XLU
2023-07-31 00:00:00-04:00,31.16475063048445,31.289763498195303,30.9101009379044,31.053630828857422,25047000,0.0,0.0,0.0,XLU
2023-08-01 00:00:00-04:00,31.016594586214755,31.178645058282,30.65545252491193,30.673973083496094,26919600,0.0,0.0,0.0,XLU
2023-08-02 00:00:00-04:00,30.548963728597176,30.817502996979176,30.49803307559956,30.673973083496094,30335000,0.0,0.0,0.0,XLU
2023-08-03 00:00:00-04:00,30.581377041229732,30.604525092569396,29.94706108960268,29.97484016418457,41266400,0.0,0.0,0.0,XLU
2023-08-04 00:00:00-04:00,30.05354844796438,30.248009002675804,29.49794232137227,29.62758445739746,36497800,0.0,0.0,0.0,XLU
2023-08-07 00:00:00-04:00,29.73870601587535,29.877604898103215,29.61369313619162,29.622953414916992,25131800,0.0,0.0,0.0,XLU
2023-08-08 00:00:00-04:00,29.618326164681097,29.77574561502156,29.345154105542473,29.761856079101562,30350200,0.0,0.0,0.0,XLU
2023-08-09 00:00:00-04:00,29.747967594435966,30.09058911150006,29.697036939305907,29.826677322387695,26387400,0.0,0.0,0.0,XLU
2023-08-10 00:00:00-04:00,29.94705666225555,30.12762768521382,29.646103779846698,29.73407554626465,27384400,0.0,0.0,0.0,XLU
2023-08-11 00:00:00-04:00,29.761854399747886,29.93779793130099,29.6692551438827,29.89612579345703,24336200,0.0,0.0,0.0,XLU
2023-08-14 00:00:00-04:00,29.877608191202285,29.89612875069436,29.530355648705864,29.659996032714844,21549600,0.0,0.0,0.0,XLU
2023-08-15 00:00:00-04:00,29.488683928287678,29.50257523038218,29.159951960273354,29.1784725189209,30379000,0.0,0.0,0.0,XLU
2023-08-16 00:00:00-04:00,29.30348384155972,29.437755243349322,29.19236225512957,29.30811309814453,25028400,0.0,0.0,0.0,XLU
2023-08-17 00:00:00-04:00,29.340524049285317,29.627587420017996,29.22940422582949,29.24329376220703,23752800,0.0,0.0,0.0,XLU
2023-08-18 00:00:00-04:00,29.238666414462553,29.465537099124145,29.210885573675927,29.396087646484375,25675600,0.0,0.0,0.0,XLU
2023-08-21 00:00:00-04:00,29.308114382740275,29.38682587787363,28.97938239806147,29.21088409423828,24162000,0.0,0.0,0.0,XLU
2023-08-22 00:00:00-04:00,29.19236247758136,29.37756453430365,29.08124265652215,29.29422378540039,27057800,0.0,0.0,0.0,XLU
2023-08-23 00:00:00-04:00,29.451643516879148,29.484053610236664,29.20625230539577,29.40997314453125,26772000,0.0,0.0,0.0,XLU
2023-08-24 00:00:00-04:00,29.35904473068923,29.76185718327275,29.210883787986837,29.238664627075195,25933800,0.0,0.0,0.0,XLU
2023-08-25 00:00:00-04:00,29.280335938122594,29.609067929858096,29.261815378138614,29.460906982421875,24981000,0.0,0.0,0.0,XLU
2023-08-28 00:00:00-04:00,29.51183188701774,29.673880573529765,29.39608105900596,29.456270217895508,17326400,0.0,0.0,0.0,XLU
2023-08-29 00:00:00-04:00,29.493315693702588,29.65536793662256,29.372933825680008,29.56739616394043,23746200,0.0,0.0,0.0,XLU
2023-08-30 00:00:00-04:00,29.470167569939452,29.66462815314704,29.32200662095715,29.43312644958496,22480800,0.0,0.0,0.0,XLU
2023-08-31 00:00:00-04:00,29.54887323668372,29.57665407312811,29.14142979992055,29.15069007873535,27542200,0.0,0.0,0.0,XLU
2023-09-01 00:00:00-04:00,29.30348395108658,29.40534349229243,28.77566038756036,29.002531051635742,28775400,0.0,0.0,0.0,XLU
2023-09-05 00:00:00-04:00,28.98400856876873,29.00252912638316,28.400625133654913,28.558046340942383,37650600,0.0,0.0,0.0,XLU
2023-09-06 00:00:00-04:00,28.599717769463695,28.655277678142795,28.43766553367464,28.622867584228516,38940200,0.0,0.0,0.0,XLU
2023-09-07 00:00:00-04:00,28.868261669092863,29.2294055269446,28.794181194752117,28.99790382385254,33748600,0.0,0.0,0.0,XLU
2023-09-08 00:00:00-04:00,29.048831192650354,29.303482683980196,28.956230168652876,29.252552032470703,32521400,0.0,0.0,0.0,XLU
2023-09-11 00:00:00-04:00,29.220142244175456,29.52572439020625,29.210881965057233,29.37293243408203,27023600,0.0,0.0,0.0,XLU
2023-09-12 00:00:00-04:00,29.368302772183355,29.493313889227043,29.17384044582063,29.40997314453125,22094800,0.0,0.0,0.0,XLU
2023-09-13 00:00:00-04:00,29.423863830712705,29.896127480387158,29.423863830712705,29.761856079101562,30120800,0.0,0.0,0.0,XLU
2023-09-14 00:00:00-04:00,29.94705836637414,30.215601171031622,29.905386225855025,30.197080612182617,26201000,0.0,0.0,0.0,XLU
2023-09-15 00:00:00-04:00,30.146151670559533,30.37765337066677,30.03503184359003,30.067441940307617,34802000,0.0,0.0,0.0,XLU
2023-09-18 00:00:00-04:00,30.08704066852266,30.14305257618677,29.83499242562369,30.045034408569336,19135000,0.261,0.0,0.0,XLU
2023-09-19 00:00:00-04:00,30.021696083462064,30.129051352628707,29.87233455313876,29.881668090820312,24889000,0.0,0.0,0.0,XLU
2023-09-20 00:00:00-04:00,30.003025218488077,30.22240074346114,29.820990966076334,29.90967559814453,18736000,0.0,0.0,0.0,XLU
2023-09-21 00:00:00-04:00,29.886336363412358,29.942348272162285,29.58294653673468,29.596948623657227,25628600,0.0,0.0,0.0,XLU
2023-09-22 00:00:00-04:00,29.46625856447218,29.736975675635048,29.344901205944407,29.540939331054688,24595400,0.0,0.0,0.0,XLU
2023-09-25 00:00:00-04:00,29.368235407410843,29.52226547322979,29.190869718960194,29.49892807006836,24729800,0.0,0.0,0.0,XLU
2023-09-26 00:00:00-04:00,29.37757186081038,29.41024458260578,28.537412850801914,28.616762161254883,46833400,0.0,0.0,0.0,XLU
2023-09-27 00:00:00-04:00,28.56075563938185,28.630769645302937,27.991315394642182,28.065996170043945,52042200,0.0,0.0,0.0,XLU
2023-09-28 00:00:00-04:00,28.173344332828954,28.2293544586304,27.417201402655138,27.459209442138672,77189800,0.0,0.0,0.0,XLU
2023-09-29 00:00:00-04:00,27.69725565257057,27.92129795119292,27.35652454546596,27.50588607788086,45737800,0.0,0.0,0.0,XLU
2023-10-02 00:00:00-04:00,27.347189687138407,27.347189687138407,25.914251237314787,26.22697639465332,111645400,0.0,0.0,0.0,XLU
2023-10-03 00:00:00-04:00,26.02160176345857,26.619047835074287,25.63886265126353,26.530364990234375,115236400,0.0,0.0,0.0,XLU
2023-10-04 00:00:00-04:00,26.665728614963992,26.71707197866563,26.086951306686476,26.502363204956055,58997200,0.0,0.0,0.0,XLU
2023-10-05 00:00:00-04:00,26.4323494434653,26.511696978721513,26.091618335748183,26.34833335876465,56290000,0.0,0.0,0.0,XLU
2023-10-06 00:00:00-04:00,26.0216059205834,26.78708426726374,25.564185976360513,26.721738815307617,68207400,0.0,0.0,0.0,XLU
2023-10-09 00:00:00-04:00,26.675062097367995,26.9877872467041,26.56304005877408,26.9877872467041,40487600,0.0,0.0,0.0,XLU
2023-10-10 00:00:00-04:00,26.98778646556867,27.370525600514195,26.98778646556867,27.356523513793945,61414400,0.0,0.0,0.0,XLU
2023-10-11 00:00:00-04:00,27.510550605808728,27.82327751294236,27.314514278181786,27.79994010925293,53347400,0.0,0.0,0.0,XLU
2023-10-12 00:00:00-04:00,27.659915020654793,27.823280424636465,27.123147557506325,27.370527267456055,55086600,0.0,0.0,0.0,XLU
2023-10-13 00:00:00-04:00,27.55256092549914,27.855952540166207,27.482548708635143,27.678585052490234,39568800,0.0,0.0,0.0,XLU
2023-10-16 00:00:00-04:00,27.734597467146198,28.065995064180726,27.519890468892324,27.963308334350586,39554800,0.0,0.0,0.0,XLU
2023-10-17 00:00:00-04:00,27.725260577689433,28.06599167213694,27.683252536975093,27.88862419128418,36960400,0.0,0.0,0.0,XLU
2023-10-18 00:00:00-04:00,27.86061914974639,28.02865131810689,27.46854468374853,27.645912170410156,46727000,0.0,0.0,0.0,XLU
2023-10-19 00:00:00-04:00,27.557230077569407,27.8139451060778,27.35185663033873,27.370527267456055,39363800,0.0,0.0,0.0,XLU
2023-10-20 00:00:00-04:00,27.305181424586664,27.57123176781973,27.081139123997236,27.085805892944336,40044800,0.0,0.0,0.0,XLU
2023-10-23 00:00:00-04:00,26.83842508230372,27.244501624131082,26.623718108972454,26.85709571838379,41041200,0.0,0.0,0.0,XLU
2023-10-24 00:00:00-04:00,27.263172552748223,27.659913780792635,27.179156470016252,27.547893524169922,47194400,0.0,0.0,0.0,XLU
2023-10-25 00:00:00-04:00,27.50121657692504,27.757933371127752,27.389196321754632,27.701921463012695,41309400,0.0,0.0,0.0,XLU
2023-10-26 00:00:00-04:00,27.77660460793332,28.187349733341115,27.76727106964383,27.939970016479492,47174600,0.0,0.0,0.0,XLU
2023-10-27 00:00:00-04:00,27.818609333685913,27.977306173625312,27.328516727573874,27.412532806396484,40502400,0.0,0.0,0.0,XLU
2023-10-30 00:00:00-04:00,27.529224354043798,27.80461002199181,27.319184136027523,27.622575759887695,28539200,0.0,0.0,0.0,XLU
2023-10-31 00:00:00-04:00,27.734596366285217,27.88862645491656,27.53856001405987,27.860620498657227,21364600,0.0,0.0,0.0,XLU
2023-11-01 00:00:00-04:00,27.897962309397784,28.346046934971778,27.627243401948895,28.178014755249023,46523000,0.0,0.0,0.0,XLU
2023-11-02 00:00:00-04:00,28.23868914348323,28.854805855080485,28.192014336449706,28.7054443359375,51100200,0.0,0.0,0.0,XLU
2023-11-03 00:00:00-04:00,29.20487371169928,29.24221498361957,28.86414261781094,28.873477935791016,45147200,0.0,0.0,0.0,XLU
2023-11-06 00:00:00-05:00,28.924823646956625,29.018173273290056,28.770793558552487,28.798799514770508,38240000,0.0,0.0,0.0,XLU
2023-11-07 00:00:00-05:00,28.812800770310318,28.85014204418902,28.542083656809492,28.58875846862793,37684600,0.0,0.0,0.0,XLU
2023-11-08 00:00:00-05:00,28.467400141773403,28.476733678812224,28.06132183992386,28.37871551513672,43295600,0.0,0.0,0.0,XLU
2023-11-09 00:00:00-05:00,28.430062998758146,28.518745857739365,27.991313692518936,28.00531578063965,32195600,0.0,0.0,0.0,XLU
2023-11-10 00:00:00-05:00,28.131337125299332,28.234023842746996,27.96797173112988,28.154674530029297,28030200,0.0,0.0,0.0,XLU
2023-11-13 00:00:00-05:00,28.09399680341802,28.159344031613685,27.776603102872983,27.81861114501953,31159600,0.0,0.0,0.0,XLU
2023-11-14 00:00:00-05:00,28.44406326595967,28.952826541292712,28.388053136532427,28.929489135742188,57318200,0.0,0.0,0.0,XLU
2023-11-15 00:00:00-05:00,28.85014227960542,29.260885612443154,28.775461511768565,28.84080696105957,49662800,0.0,0.0,0.0,XLU
2023-11-16 00:00:00-05:00,29.078847159474172,29.228208673612624,28.971493682470264,28.994831085205078,34650400,0.0,0.0,0.0,XLU
2023-11-17 00:00:00-05:00,29.153530041563982,29.1862027638802,28.915485667470136,29.074182510375977,23879000,0.0,0.0,0.0,XLU
2023-11-20 00:00:00-05:00,28.938821714313935,29.09751854977491,28.602757408507223,28.985496520996094,28316600,0.0,0.0,0.0,XLU
2023-11-21 00:00:00-05:00,28.962162730815958,29.106857498429562,28.775461700265783,29.046178817749023,20288400,0.0,0.0,0.0,XLU
2023-11-22 00:00:00-05:00,29.148869226357768,29.19554404476259,28.910823023114688,29.186208724975586,17919600,0.0,0.0,0.0,XLU
2023-11-24 00:00:00-05:00,29.181535800639864,29.265551880472778,29.06951376735271,29.260883331298828,9798600,0.0,0.0,0.0,XLU
2023-11-27 00:00:00-05:00,29.284224468553397,29.368238773457914,29.074184254967268,29.30756187438965,24833200,0.0,0.0,0.0,XLU
2023-11-28 00:00:00-05:00,29.312228603725597,29.61562022077659,29.195539794172127,29.40091323852539,29415200,0.0,0.0,0.0,XLU
2023-11-29 00:00:00-05:00,29.410246940216954,29.526935750420297,29.064849059111832,29.16753578186035,35806400,0.0,0.0,0.0,XLU
2023-11-30 00:00:00-05:00,29.251550077846453,29.330899394635143,29.050846962447874,29.29355812072754,30483600,0.0,0.0,0.0,XLU
2023-12-01 00:00:00-05:00,29.307563828281506,29.657630280753487,29.116194238818025,29.65296173095703,29342800,0.0,0.0,0.0,XLU
2023-12-04 00:00:00-05:00,29.512932736399566,29.7836516222264,29.386908611672922,29.536270141601562,30515800,0.0,0.0,0.0,XLU
2023-12-05 00:00:00-05:00,29.564277301771707,29.568944070790458,29.209544098857897,29.32623291015625,22536600,0.0,0.0,0.0,XLU
2023-12-06 00:00:00-05:00,29.456925680739797,29.727642814277818,29.414917634781993,29.718307495117188,26817800,0.0,0.0,0.0,XLU
2023-12-07 00:00:00-05:00,29.760315229384833,29.867670508342687,29.517604055870706,29.65296173095703,21876600,0.0,0.0,0.0,XLU
2023-12-08 00:00:00-05:00,29.606283941782216,29.73230806567474,29.377573099044696,29.596948623657227,24002800,0.0,0.0,0.0,XLU
2023-12-11 00:00:00-05:00,29.44292076095458,29.82565990708489,29.44292076095458,29.788318634033203,22448800,0.0,0.0,0.0,XLU
2023-12-12 00:00:00-05:00,29.830325280556487,29.844327367030935,29.438250834503606,29.666961669921875,21768200,0.0,0.0,0.0,XLU
2023-12-13 00:00:00-05:00,29.699639156029438,30.78717803955078,29.540942288587214,30.78717803955078,43452000,0.0,0.0,0.0,XLU
2023-12-14 00:00:00-05:00,30.973879612940223,31.132574693437586,30.325090080676187,30.385766983032227,64968200,0.0,0.0,0.0,XLU
2023-12-15 00:00:00-05:00,30.08237603267745,30.236406127996638,29.638959946096904,29.858335494995117,53129000,0.0,0.0,0.0,XLU
2023-12-18 00:00:00-05:00,29.941726990133148,30.111342098250127,29.72970810498693,29.790958404541016,32507000,0.2985,0.0,0.0,XLU
2023-12-19 00:00:00-05:00,29.894612165573736,29.998264443759663,29.767400835828777,29.960573196411133,25377800,0.0,0.0,0.0,XLU
2023-12-20 00:00:00-05:00,29.922875018562284,30.007682557177063,29.348070564654652,29.352781295776367,36651800,0.0,0.0,0.0,XLU
2023-12-21 00:00:00-05:00,29.4517260931816,29.607207196996043,29.197305246408337,29.404611587524414,31753600,0.0,0.0,0.0,XLU
2023-12-22 00:00:00-05:00,29.512976651178914,29.795669079548837,29.447015623750225,29.50355339050293,26447400,0.0,0.0,0.0,XLU
2023-12-26 00:00:00-05:00,29.456439522752977,29.79566972522679,29.44701626187279,29.682592391967773,19075000,0.0,0.0,0.0,XLU
2023-12-27 00:00:00-05:00,29.626052728971715,29.72028353444292,29.512975402945642,29.66374397277832,18984400,0.0,0.0,0.0,XLU
2023-12-28 00:00:00-05:00,29.569517045528247,29.91817053230879,29.569517045528247,29.87576675415039,17346400,0.0,0.0,0.0,XLU
2023-12-29 00:00:00-05:00,29.809803947610337,29.899322230707096,29.640188845066376,29.83807373046875,22478000,0.0,0.0,0.0,XLU
2024-01-02 00:00:00-05:00,29.71086152831506,30.342205615128265,29.649611232577822,30.27153205871582,30758600,0.0,0.0,0.0,XLU
2024-01-03 00:00:00-05:00,30.262110319312736,30.441146878598996,30.05480218095553,30.384607315063477,32866400,0.0,0.0,0.0,XLU
2024-01-04 00:00:00-05:00,30.417588096373986,30.577781730498995,30.25268552786765,30.29037857055664,26622400,0.0,0.0,0.0,XLU
2024-01-05 00:00:00-05:00,30.247972723184148,30.549509872734905,30.111339937939896,30.403453826904297,27190400,0.0,0.0,0.0,XLU
2024-01-08 00:00:00-05:00,30.337493836037062,30.63431846677872,30.2432648215622,30.624897003173828,23434400,0.0,0.0,0.0,XLU
2024-01-09 00:00:00-05:00,30.464705087291158,30.511819591632943,30.30922398781763,30.375185012817383,28805400,0.0,0.0,0.0,XLU
2024-01-10 00:00:00-05:00,30.375184483079575,30.511819059512256,30.262108955710058,30.370471954345703,21853800,0.0,0.0,0.0,XLU
2024-01-11 00:00:00-05:00,30.271530780899322,30.2762433096896,29.569513167307115,29.66374397277832,44353600,0.0,0.0,0.0,XLU
2024-01-12 00:00:00-05:00,29.86163045435388,29.955861264906694,29.715572608131854,29.83336067199707,19537400,0.0,0.0,0.0,XLU
2024-01-16 00:00:00-05:00,29.68730301312125,29.767399831652735,29.437592891288197,29.50826644897461,30454000,0.0,0.0,0.0,XLU
2024-01-17 00:00:00-05:00,29.338652666168155,29.60720932175406,28.858077125303037,29.079519271850586,39178000,0.0,0.0,0.0,XLU
2024-01-18 00:00:00-05:00,28.933459160921416,28.961728942520967,28.60365223147268,28.768556594848633,39464000,0.0,0.0,0.0,XLU
2024-01-19 00:00:00-05:00,28.796824597638466,28.84394090033464,28.547114483909837,28.730863571166992,28257600,0.0,0.0,0.0,XLU
2024-01-22 00:00:00-05:00,28.721439111069685,28.933457971089524,28.46230574762459,28.58480453491211,41676200,0.0,0.0,0.0,XLU
2024-01-23 00:00:00-05:00,28.59422914530521,28.72615299627107,28.467017823286263,28.636632919311523,41100200,0.0,0.0,0.0,XLU
2024-01-24 00:00:00-05:00,28.834519099614106,28.8816336073924,28.203174989947374,28.24557876586914,50878200,0.0,0.0,0.0,XLU
2024-01-25 00:00:00-05:00,28.622502976501515,28.759137578441752,28.353946302234665,28.754425048828125,50516800,0.0,0.0,0.0,XLU
2024-01-26 00:00:00-05:00,28.829808229530272,28.947596303057644,28.745000672806295,28.839231491088867,36653200,0.0,0.0,0.0,XLU
2024-01-29 00:00:00-05:00,28.85807526069679,29.136055159589915,28.688460163432755,29.022977828979492,26054400,0.0,0.0,0.0,XLU
2024-01-30 00:00:00-05:00,28.95230713619147,29.18788326944396,28.763845510668176,29.01355743408203,36109000,0.0,0.0,0.0,XLU
2024-01-31 00:00:00-05:00,29.25384390638232,29.38105523230693,28.787402377992063,28.952306747436523,59642400,0.0,0.0,0.0,XLU
2024-02-01 00:00:00-05:00,28.829805529247267,29.50355339050293,28.69788347438989,29.50355339050293,51507200,0.0,0.0,0.0,XLU
2024-02-02 00:00:00-05:00,29.169036345779055,29.25384389636643,28.768557643685646,28.971153259277344,51839600,0.0,0.0,0.0,XLU
2024-02-05 00:00:00-05:00,28.688459995799953,28.707306517008767,28.353942332207875,28.36807632446289,39895000,0.0,0.0,0.0,XLU
2024-02-06 00:00:00-05:00,28.353943121035837,28.565961997275533,28.26442483875829,28.471731185913086,27557000,0.0,0.0,0.0,XLU
2024-02-07 00:00:00-05:00,28.584806711780402,28.64605700874021,28.339809118547635,28.490577697753906,23748600,0.0,0.0,0.0,XLU
2024-02-08 00:00:00-05:00,28.36336532013253,28.42461561482073,28.04298165187557,28.287981033325195,41755400,0.0,0.0,0.0,XLU
2024-02-09 00:00:00-05:00,28.207885422180578,28.42461682864709,28.151347653986516,28.396347045898438,29647800,0.0,0.0,0.0,XLU
2024-02-12 00:00:00-05:00,28.396349266100234,28.749713490221982,28.32567570235453,28.72615623474121,25219000,0.0,0.0,0.0,XLU
2024-02-13 00:00:00-05:00,28.5659609465005,28.71201699130167,27.8639433148418,28.250288009643555,45402200,0.0,0.0,0.0,XLU
2024-02-14 00:00:00-05:00,28.353942313506074,28.47173037502868,28.1937504779432,28.40576934814453,34871800,0.0,0.0,0.0,XLU
2024-02-15 00:00:00-05:00,28.495289041370544,28.905191012557356,28.495289041370544,28.881633758544922,34680800,0.0,0.0,0.0,XLU
2024-02-16 00:00:00-05:00,28.74028518460163,28.985284552671324,28.565959367874317,28.848649978637695,29914200,0.0,0.0,0.0,XLU
2024-02-20 00:00:00-05:00,28.796824860608595,29.159612306817817,28.768556876035923,28.829805374145508,22764000,0.0,0.0,0.0,XLU
2024-02-21 00:00:00-05:00,29.018264889776013,29.24913026511222,28.876919585243034,29.211437225341797,31565000,0.0,0.0,0.0,XLU
2024-02-22 00:00:00-05:00,28.98057418364418,29.107785507158372,28.763844579421423,28.985286712646484,31841600,0.0,0.0,0.0,XLU
2024-02-23 00:00:00-05:00,29.046536575413786,29.32922720302772,28.97586301985871,29.19259262084961,24572800,0.0,0.0,0.0,XLU
2024-02-26 00:00:00-05:00,29.051249456216517,29.07009597873253,28.565963183900575,28.61779022216797,25587000,0.0,0.0,0.0,XLU
2024-02-27 00:00:00-05:00,28.78740006135047,29.16903400841265,28.66961200578471,29.159610748291016,27487600,0.0,0.0,0.0,XLU
2024-02-28 00:00:00-05:00,29.126629667139998,29.291532222787254,29.060668644881094,29.249130249023438,22983600,0.0,0.0,0.0,XLU
2024-02-29 00:00:00-05:00,29.362208530358394,29.50355384808393,29.121921669955306,29.258554458618164,30675400,0.0,0.0,0.0,XLU
2024-03-01 00:00:00-05:00,29.169037557944783,29.173748289927293,28.721442532867176,29.079519271850586,42511000,0.0,0.0,0.0,XLU
2024-03-04 00:00:00-05:00,28.942881786294716,29.61191709374003,28.942881786294716,29.56951332092285,33020800,0.0,0.0,0.0,XLU
2024-03-05 00:00:00-05:00,29.659034615965314,30.139610128569974,29.362208194029424,29.484708786010742,49602800,0.0,0.0,0.0,XLU
2024-03-06 00:00:00-05:00,29.69672527891018,29.918167408091335,29.630764252508094,29.767398834228516,32652200,0.0,0.0,0.0,XLU
2024-03-07 00:00:00-05:00,30.012400234155745,30.087784526156096,29.904035426736694,29.960573196411133,21384200,0.0,0.0,0.0,XLU
2024-03-08 00:00:00-05:00,30.045380597541055,30.12547562106595,29.78624720743255,30.03595733642578,27511600,0.0,0.0,0.0,XLU
2024-03-11 00:00:00-04:00,29.993555153933535,30.252688557812544,29.880477811844553,30.18672752380371,20968200,0.0,0.0,0.0,XLU
2024-03-12 00:00:00-04:00,30.125476882420163,30.13961267333658,29.706151630401433,29.89461326599121,29489000,0.0,0.0,0.0,XLU
2024-03-13 00:00:00-04:00,30.130184719870915,30.365759031718813,30.03124318538024,30.097204208374023,25877800,0.0,0.0,0.0,XLU
2024-03-14 00:00:00-04:00,30.031245965931635,30.149034031412956,29.644899457633908,29.856918334960938,31869800,0.0,0.0,0.0,XLU
2024-03-15 00:00:00-04:00,29.76268602199721,30.059512435284248,29.734418037981502,29.899320602416992,35445000,0.0,0.0,0.0,XLU
2024-03-18 00:00:00-04:00,29.93732750044722,30.227105156983523,29.761561408441658,30.037086486816406,26843800,0.26,0.0,0.0,XLU
2024-03-19 00:00:00-04:00,30.108341814982033,30.331611652686377,30.022833600660466,30.303110122680664,19985400,0.0,0.0,0.0,XLU
2024-03-20 00:00:00-04:00,30.250854273442844,30.49787598507438,30.170095711748083,30.34111213684082,32620800,0.0,0.0,0.0,XLU
2024-03-21 00:00:00-04:00,30.42187194320787,30.62614136907582,30.27935885385057,30.293609619140625,40327800,0.0,0.0,0.0,XLU
2024-03-22 00:00:00-04:00,30.483627491443208,30.540634178822653,30.298360287840783,30.33636474609375,21059400,0.0,0.0,0.0,XLU
2024-03-25 00:00:00-04:00,30.421871336911636,30.49787662504534,30.293609015400612,30.478878021240234,23194200,0.0,0.0,0.0,XLU
2024-03-26 00:00:00-04:00,30.512132671131475,30.602388729172027,30.108343456563553,30.132095336914062,29830400,0.0,0.0,0.0,XLU
2024-03-27 00:00:00-04:00,30.355363399614355,30.972919464111328,30.322110408636085,30.972919464111328,34600400,0.0,0.0,0.0,XLU
2024-03-28 00:00:00-04:00,30.968174902993088,31.238950322273595,30.887414524095366,31.186695098876953,27492200,0.0,0.0,0.0,XLU
2024-04-01 00:00:00-04:00,31.1914456133968,31.224698606882757,30.79715753041727,30.996675491333008,22702600,0.0,0.0,0.0,XLU
2024-04-02 00:00:00-04:00,30.925416548503755,31.229444938359002,30.911165784026835,31.04892921447754,30212400,0.0,0.0,0.0,XLU
2024-04-03 00:00:00-04:00,31.04418006565923,31.129688283199027,30.811409105141557,30.925418853759766,26574200,0.0,0.0,0.0,XLU
2024-04-04 00:00:00-04:00,31.167694968673725,31.257954655946442,30.65464562676272,30.863666534423828,29356800,0.0,0.0,0.0,XLU
2024-04-05 00:00:00-04:00,30.664146530507235,31.034680933779036,30.516880162416314,30.95392417907715,32322400,0.0,0.0,0.0,XLU
2024-04-08 00:00:00-04:00,30.9586718076623,31.210444996671413,30.91591951110055,31.15818977355957,20142600,0.0,0.0,0.0,XLU
2024-04-09 00:00:00-04:00,31.224705346852694,31.390970350171404,31.13444564892029,31.329212188720703,24024200,0.0,0.0,0.0,XLU
2024-04-10 00:00:00-04:00,30.70214830541791,30.911169205694772,30.521632561554515,30.792407989501953,38280600,0.0,0.0,0.0,XLU
2024-04-11 00:00:00-04:00,30.96817427543854,31.00617510816228,30.521630966117897,30.73065185546875,25621200,0.0,0.0,0.0,XLU
2024-04-12 00:00:00-04:00,30.787654761821383,30.877914440733267,30.350614381108695,30.49787712097168,39844800,0.0,0.0,0.0,XLU
2024-04-15 00:00:00-04:00,30.706897368703515,30.835161501776778,30.103590220142483,30.217601776123047,29407800,0.0,0.0,0.0,XLU
2024-04-16 00:00:00-04:00,30.122593781858598,30.15584677629351,29.71405492205559,29.818565368652344,32907600,0.0,0.0,0.0,XLU
2024-04-17 00:00:00-04:00,30.013333020518044,30.516879389200223,29.956328147340336,30.440874099731445,28152800,0.0,0.0,0.0,XLU
2024-04-18 00:00:00-04:00,30.545384804879344,30.71640123802521,30.322113149144215,30.61189079284668,22288600,0.0,0.0,0.0,XLU
2024-04-19 00:00:00-04:00,30.692647216422436,31.1486898251434,30.65939422279605,31.082183837890625,37004600,0.0,0.0,0.0,XLU
2024-04-22 00:00:00-04:00,31.101186436010103,31.45271860485429,30.887414082181095,31.367210388183594,23458600,0.0,0.0,0.0,XLU
2024-04-23 00:00:00-04:00,31.35295945541255,31.713994548795288,31.27695054130902,31.51447296142578,22338000,0.0,0.0,0.0,XLU
2024-04-24 00:00:00-04:00,31.229451472092638,31.809006844102157,31.07268940574494,31.704496383666992,26127000,0.0,0.0,0.0,XLU
2024-04-25 00:00:00-04:00,31.628485506384518,31.918263141301782,31.352958636413284,31.78999900817871,31562400,0.0,0.0,0.0,XLU
2024-04-26 00:00:00-04:00,31.78999892499514,31.832754844025754,31.428967466292434,31.443218231201172,24547400,0.0,0.0,0.0,XLU
2024-04-29 00:00:00-04:00,31.661740781856803,31.927764744838765,31.633235625605398,31.870758056640625,29368200,0.0,0.0,0.0,XLU
2024-04-30 00:00:00-04:00,31.694997080129728,31.951521767296484,31.485976159259394,31.704496383666992,29724800,0.0,0.0,0.0,XLU
2024-05-01 00:00:00-04:00,31.699743772361114,32.360055810109806,31.576231099138447,32.07027816772461,42371800,0.0,0.0,0.0,XLU
2024-05-02 00:00:00-04:00,32.20329040349405,32.322051614471256,31.946765752866757,32.241294860839844,28609400,0.0,0.0,0.0,XLU
2024-05-03 00:00:00-04:00,32.49306653014169,32.60232480952561,32.20804036197379,32.49781799316406,29817000,0.0,0.0,0.0,XLU
2024-05-06 00:00:00-04:00,32.59757939813563,32.69733838320757,32.3980578036871,32.664085388183594,21221400,0.0,0.0,0.0,XLU
2024-05-07 00:00:00-04:00,32.801847422517305,33.06311990810895,32.73058997215432,33.03461837768555,28808200,0.0,0.0,0.0,XLU
2024-05-08 00:00:00-04:00,32.96335535179616,33.40039565778685,32.882598613052984,33.38139343261719,27708200,0.0,0.0,0.0,XLU
2024-05-09 00:00:00-04:00,33.357657623080186,33.922962284444324,33.286400154321655,33.889705657958984,48549200,0.0,0.0,0.0,XLU
2024-05-10 00:00:00-04:00,34.079716974841126,34.13197219897648,33.76143779096552,33.8564453125,39129200,0.0,0.0,0.0,XLU
2024-05-13 00:00:00-04:00,33.970458687506934,34.136723662344586,33.78993932256494,33.8564453125,21219200,0.0,0.0,0.0,XLU
2024-05-14 00:00:00-04:00,34.00371537288961,34.05121913881242,33.75668999120295,33.94670867919922,23566400,0.0,0.0,0.0,XLU
2024-05-15 00:00:00-04:00,34.2982399606084,34.55001679931089,34.241236892777955,34.45500564575195,29176600,0.0,0.0,0.0,XLU
2024-05-16 00:00:00-04:00,34.47399846320164,34.635515567996485,34.28397983227403,34.33623504638672,25322400,0.0,0.0,0.0,XLU
2024-05-17 00:00:00-04:00,34.29348464510092,34.445498833350854,34.17472344727115,34.36473846435547,21715600,0.0,0.0,0.0,XLU
2024-05-20 00:00:00-04:00,34.44075123441531,34.44075123441531,34.2317303430083,34.3077392578125,13830400,0.0,0.0,0.0,XLU
2024-05-21 00:00:00-04:00,34.28873781787816,34.630770693755984,34.27923851546139,34.616519927978516,16263400,0.0,0.0,0.0,XLU
2024-05-22 00:00:00-04:00,34.42649746948813,34.54525867029398,34.174724303668405,34.207977294921875,21128800,0.0,0.0,0.0,XLU
2024-05-23 00:00:00-04:00,34.15572180071,34.15572180071,33.60941955655532,33.628421783447266,28718600,0.0,0.0,0.0,XLU
2024-05-24 00:00:00-04:00,33.71392890124686,34.09871401651958,33.65217075977064,33.965702056884766,16366800,0.0,0.0,0.0,XLU
2024-05-28 00:00:00-04:00,33.99895532117444,34.13671874456631,33.861191897782575,33.93244934082031,17765200,0.0,0.0,0.0,XLU
2024-05-29 00:00:00-04:00,33.63792602002895,33.680681942884924,33.37190205311967,33.49541473388672,28118600,0.0,0.0,0.0,XLU
2024-05-30 00:00:00-04:00,33.60467576566693,33.970462374313136,33.542921232397774,33.94670867919922,18129600,0.0,0.0,0.0,XLU
2024-05-31 00:00:00-04:00,34.06070985491739,34.57851055855213,33.91344713039292,34.545257568359375,24777600,0.0,0.0,0.0,XLU
2024-06-03 00:00:00-04:00,34.48825568519956,34.521508680016694,34.02746159680175,34.15097427368164,36915800,0.0,0.0,0.0,XLU
2024-06-04 00:00:00-04:00,34.065465113685335,34.25548377494898,33.76143670538531,34.136722564697266,29419600,0.0,0.0,0.0,XLU
2024-06-05 00:00:00-04:00,34.09871741589435,34.12721894599917,33.884948691499346,33.941951751708984,17920400,0.0,0.0,0.0,XLU
2024-06-06 00:00:00-04:00,33.86594664277508,34.065464603174874,33.54291601075923,33.59041976928711,18184800,0.0,0.0,0.0,XLU
2024-06-07 00:00:00-04:00,33.30064136491683,33.56666893030365,33.21513315181113,33.22463607788086,16286800,0.0,0.0,0.0,XLU
2024-06-10 00:00:00-04:00,33.21988696843419,33.70918259086442,33.13437874927034,33.65217590332031,19591400,0.0,0.0,0.0,XLU
2024-06-11 00:00:00-04:00,33.36714992822292,33.495414069943685,33.16288049359381,33.44791030883789,22694800,0.0,0.0,0.0,XLU
2024-06-12 00:00:00-04:00,33.87069881458663,33.87544665352564,33.120127091506895,33.22938537597656,24912200,0.0,0.0,0.0,XLU
2024-06-13 00:00:00-04:00,33.28163952784529,33.42890588922019,32.95860889946485,33.30539321899414,22974000,0.0,0.0,0.0,XLU
2024-06-14 00:00:00-04:00,33.110622710870345,33.26738837228152,32.97286290159863,33.22463607788086,20280600,0.0,0.0,0.0,XLU
2024-06-17 00:00:00-04:00,33.04886722025601,33.124876129369184,32.8255955801164,32.858848571777344,21026400,0.0,0.0,0.0,XLU
2024-06-18 00:00:00-04:00,32.59282557503786,32.88260320682607,32.56432404545357,32.87310028076172,24573600,0.0,0.0,0.0,XLU
2024-06-20 00:00:00-04:00,32.97761508438872,33.2246404544805,32.86835679032512,33.15813446044922,27948000,0.0,0.0,0.0,XLU
2024-06-21 00:00:00-04:00,33.28164284446828,33.319647304371934,32.93960995394496,32.96336364746094,18990800,0.0,0.0,0.0,XLU
2024-06-24 00:00:00-04:00,32.95617962095345,33.50688663954249,32.932234407895706,33.39674377441406,17956800,0.2775,0.0,0.0,XLU
2024-06-25 00:00:00-04:00,33.329698045167945,33.420685460954594,32.975331581170416,33.080684661865234,25099400,0.0,0.0,0.0,XLU
2024-06-26 00:00:00-04:00,32.95617627287474,33.01364258625928,32.74547011065763,32.941810607910156,13882000,0.0,0.0,0.0,XLU
2024-06-27 00:00:00-04:00,32.97054784830752,33.042379839533616,32.77421096938483,32.99928283691406,10899600,0.0,0.0,0.0,XLU
2024-06-28 00:00:00-04:00,32.99927855728758,33.04237555431795,32.47730289869726,32.63054275512695,23063000,0.0,0.0,0.0,XLU
2024-07-01 00:00:00-04:00,32.97054059159393,33.02800690263202,32.371946885669836,32.40546798706055,16757800,0.0,0.0,0.0,XLU
2024-07-02 00:00:00-04:00,32.482094383594216,32.63533424809976,32.42941783765232,32.57307815551758,16724200,0.0,0.0,0.0,XLU
2024-07-03 00:00:00-04:00,32.620970523755915,32.99928226098571,32.558714427467315,32.7694206237793,13241200,0.0,0.0,0.0,XLU
2024-07-05 00:00:00-04:00,32.82209545003479,32.965755768912175,32.67364535780351,32.82688522338867,13830600,0.0,0.0,0.0,XLU
2024-07-08 00:00:00-04:00,32.85561138096506,32.96575057606901,32.73589264066232,32.86040115356445,13634400,0.0,0.0,0.0,XLU
2024-07-09 00:00:00-04:00,32.860403220955185,33.233925129635445,32.8268821177025,32.9561767578125,21601200,0.0,0.0,0.0,XLU
2024-07-10 00:00:00-04:00,33.080683665363,33.277020502403964,32.83166663603536,33.2674446105957,13800000,0.0,0.0,0.0,XLU
2024-07-11 00:00:00-04:00,33.43505760332984,33.9666092290682,33.420691935638565,33.8756217956543,29766400,0.0,0.0,0.0,XLU
2024-07-12 00:00:00-04:00,33.99533549207961,34.34491585235692,33.84688541005054,34.1246337890625,16524200,0.0,0.0,0.0,XLU
2024-07-15 00:00:00-04:00,33.74153465547553,33.84688774813882,33.24350417876601,33.296180725097656,29827600,0.0,0.0,0.0,XLU
2024-07-16 00:00:00-04:00,33.497305107523225,33.61223773915646,33.396741794988905,33.554771423339844,15009200,0.0,0.0,0.0,XLU
2024-07-17 00:00:00-04:00,33.521252287131624,34.00012731980493,33.43505463510937,33.57392883300781,27516000,0.0,0.0,0.0,XLU
2024-07-18 00:00:00-04:00,33.53083102673804,33.870835543903176,33.48773402383159,33.54520034790039,13542600,0.0,0.0,0.0,XLU
2024-07-19 00:00:00-04:00,33.6074489354737,33.688856811750554,33.38237709227472,33.58350372314453,12985400,0.0,0.0,0.0,XLU
2024-07-22 00:00:00-04:00,33.76068619562924,33.94265737332917,33.645757223056975,33.86603927612305,12965400,0.0,0.0,0.0,XLU
2024-07-23 00:00:00-04:00,33.79899843431103,33.8612508691474,33.63139291473133,33.65533447265625,12686400,0.0,0.0,0.0,XLU
2024-07-24 00:00:00-04:00,33.89477524252512,34.16773387317751,33.68885882617144,34.03364944458008,25284800,0.0,0.0,0.0,XLU
2024-07-25 00:00:00-04:00,34.19167418007795,34.373645356555905,33.60744612200909,33.7511100769043,26666000,0.0,0.0,0.0,XLU
2024-07-26 00:00:00-04:00,34.01928290012024,34.14857755192466,33.89477436812321,34.08153533935547,16706400,0.0,0.0,0.0,XLU
2024-07-29 00:00:00-04:00,34.21083017132969,34.344914582854756,33.93308180258423,34.234771728515625,15151200,0.0,0.0,0.0,XLU
2024-07-30 00:00:00-04:00,34.19646829562354,34.440691935023956,34.12463630905364,34.41196060180664,16696400,0.0,0.0,0.0,XLU
2024-07-31 00:00:00-04:00,34.89562212514241,34.93392934797926,34.52209656089147,34.8573112487793,21765400,0.0,0.0,0.0,XLU
2024-08-01 00:00:00-04:00,34.92435907261008,35.53252880520108,34.88125841638804,35.484642028808594,32567400,0.0,0.0,0.0,XLU
2024-08-02 00:00:00-04:00,35.93478402143023,36.18379743870744,35.05844180720506,35.54210662841797,48257200,0.0,0.0,0.0,XLU
2024-08-05 00:00:00-04:00,35.728867436505666,35.728867436505666,34.56520092981691,34.603511810302734,41099800,0.0,0.0,0.0,XLU
2024-08-06 00:00:00-04:00,34.737596425405805,35.297879354801054,34.713651211591646,34.895626068115234,29286400,0.0,0.0,0.0,XLU
2024-08-07 00:00:00-04:00,35.18294832997816,35.503793716769046,34.957876485847514,35.09196090698242,24758800,0.0,0.0,0.0,XLU
2024-08-08 00:00:00-04:00,34.957876611392386,35.34576421014375,34.85731329518005,35.130271911621094,23360400,0.0,0.0,0.0,XLU
2024-08-09 00:00:00-04:00,35.21647126358144,35.29787914442171,34.6466087906463,35.24999237060547,16708400,0.0,0.0,0.0,XLU
2024-08-12 00:00:00-04:00,35.25956786861798,35.32661008191434,35.04886533548367,35.3122444152832,15027000,0.0,0.0,0.0,XLU
2024-08-13 00:00:00-04:00,35.46069529710235,35.55167906292433,35.30266566987415,35.518157958984375,17075000,0.0,0.0,0.0,XLU
2024-08-14 00:00:00-04:00,35.43675441121962,35.704923275473256,35.23083798944578,35.49422073364258,16166000,0.0,0.0,0.0,XLU
2024-08-15 00:00:00-04:00,35.28830283410925,35.59478256714383,35.16858407421992,35.48942947387695,18807600,0.0,0.0,0.0,XLU
2024-08-16 00:00:00-04:00,35.527742171485855,35.767179703514145,35.37450229712882,35.6474609375,13522800,0.0,0.0,0.0,XLU
2024-08-19 00:00:00-04:00,35.68098014168191,35.90605199434154,35.65224515497377,35.88210678100586,11505400,0.0,0.0,0.0,XLU
2024-08-20 00:00:00-04:00,35.88210270818715,36.0018214542236,35.76717373497949,35.80548095703125,15989800,0.0,0.0,0.0,XLU
2024-08-21 00:00:00-04:00,35.858165340285524,36.16943487876484,35.81027856210263,36.059295654296875,13451800,0.0,0.0,0.0,XLU
2024-08-22 00:00:00-04:00,36.097597451205175,36.174219207586056,35.87252926227081,36.01618957519531,14648000,0.0,0.0,0.0,XLU
2024-08-23 00:00:00-04:00,36.140697836586135,36.28914792157358,36.011399537026534,36.11675262451172,15050400,0.0,0.0,0.0,XLU
2024-08-26 00:00:00-04:00,36.24126323048673,36.499856190917676,36.236473457091726,36.35140609741211,13336400,0.0,0.0,0.0,XLU
2024-08-27 00:00:00-04:00,36.27478547835728,36.40408013587689,36.04971361755765,36.06407928466797,16666800,0.0,0.0,0.0,XLU
2024-08-28 00:00:00-04:00,36.17422215505831,36.37534880165625,36.03534795044733,36.06407928466797,10482800,0.0,0.0,0.0,XLU
2024-08-29 00:00:00-04:00,36.183796179566265,36.293939044267226,35.82942967955166,36.26041793823242,12758200,0.0,0.0,0.0,XLU
2024-08-30 00:00:00-04:00,36.32746218006174,36.58605514971881,36.19337774843068,36.53337860107422,17007400,0.0,0.0,0.0,XLU
2024-09-03 00:00:00-04:00,36.54295388774891,36.74408418538173,36.36577245754779,36.4807014465332,23627000,0.0,0.0,0.0,XLU
2024-09-04 00:00:00-04:00,36.657884875963276,37.06971769256304,36.60999445031443,36.791969299316406,27303200,0.0,0.0,0.0,XLU
2024-09-05 00:00:00-04:00,37.06972080352664,37.11760757966773,36.59084573506218,36.700984954833984,15545400,0.0,0.0,0.0,XLU
2024-09-06 00:00:00-04:00,36.7823907112704,36.85901247148399,36.346616324017106,36.35140609741211,19605800,0.0,0.0,0.0,XLU
2024-09-09 00:00:00-04:00,36.50942856833758,36.72492450804117,36.29872605509401,36.72013473510742,14366200,0.0,0.0,0.0,XLU
2024-09-10 00:00:00-04:00,36.7871830624174,37.04577604096847,36.66267452010906,36.89253616333008,23255400,0.0,0.0,0.0,XLU
2024-09-11 00:00:00-04:00,36.89731853413573,37.04576860825908,36.466330323022284,37.0074577331543,20766600,0.0,0.0,0.0,XLU
2024-09-12 00:00:00-04:00,37.088871002197266,37.15112709668763,36.85901302515694,37.088871002197266,19335000,0.0,0.0,0.0,XLU
2024-09-13 00:00:00-04:00,37.213380298375796,37.62042336674752,37.06971997317053,37.61084747314453,16238800,0.0,0.0,0.0,XLU
2024-09-16 00:00:00-04:00,37.73056873529056,38.003527390129484,37.630005404931694,37.89817428588867,19910600,0.0,0.0,0.0,XLU
2024-09-17 00:00:00-04:00,37.917321124061914,38.01309465880685,37.74492583870011,37.86943435668945,27963000,0.0,0.0,0.0,XLU
2024-09-18 00:00:00-04:00,37.80238958170392,37.907742654876714,37.41928816171666,37.58210754394531,47034800,0.0,0.0,0.0,XLU
2024-09-19 00:00:00-04:00,37.44802550099991,37.53422315165803,37.05534812656327,37.3618278503418,41536400,0.0,0.0,0.0,XLU
2024-09-20 00:00:00-04:00,37.83113400733939,38.42972789986058,37.77845745251535,38.34832000732422,44279200,0.0,0.0,0.0,XLU
2024-09-23 00:00:00-04:00,38.584065066150316,38.762450799831825,38.44424981731084,38.728702545166016,23340600,0.2695,0.0,0.0,XLU
2024-09-24 00:00:00-04:00,38.51175144020565,38.940838025766446,38.371936172801604,38.45389938354492,28105200,0.0,0.0,0.0,XLU
2024-09-25 00:00:00-04:00,38.66602811204886,38.772095115890295,38.31890475168266,38.65638732910156,16359200,0.0,0.0,0.0,XLU
2024-09-26 00:00:00-04:00,38.58406885765021,38.75281014756079,38.28515676646125,38.39122009277344,19794600,0.0,0.0,0.0,XLU
2024-09-27 00:00:00-04:00,38.55031993815927,38.87816172933887,38.51174945018892,38.7720947265625,14804000,0.0,0.0,0.0,XLU
2024-09-30 00:00:00-04:00,38.849233287107154,38.969763295807574,38.50210627352452,38.945655822753906,19014200,0.0,0.0,0.0,XLU
2024-10-01 00:00:00-04:00,38.9022729798752,39.31689657009073,38.666031476839564,39.25904083251953,24362400,0.0,0.0,0.0,XLU
2024-10-02 00:00:00-04:00,39.00833426670289,39.3506390542768,38.94083407696961,39.2783203125,16491600,0.0,0.0,0.0,XLU
2024-10-03 00:00:00-04:00,39.495270526543884,39.562767034006114,39.16742877103429,39.26385498046875,24205400,0.0,0.0,0.0,XLU
2024-10-04 00:00:00-04:00,38.9263750150757,39.24457603987559,38.801026440110014,39.2011833190918,25082800,0.0,0.0,0.0,XLU
2024-10-07 00:00:00-04:00,39.071009108017215,39.09511290343241,38.19837299870844,38.299617767333984,35284000,0.0,0.0,0.0,XLU
2024-10-08 00:00:00-04:00,38.46836092172725,38.588890939525015,38.31408264607749,38.318904876708984,26022200,0.0,0.0,0.0,XLU
2024-10-09 00:00:00-04:00,38.21283695030819,38.328544734682005,37.77410593053607,37.99106216430664,34288000,0.0,0.0,0.0,XLU
2024-10-10 00:00:00-04:00,38.02962539485954,38.328541127837426,37.85606189548965,37.87534713745117,26326600,0.0,0.0,0.0,XLU
2024-10-11 00:00:00-04:00,37.75000661694333,38.2080192565918,37.62947658774273,38.2080192565918,19332600,0.0,0.0,0.0,XLU
2024-10-14 00:00:00-04:00,38.26586784181661,38.72388039584956,38.193549102157746,38.69013214111328,18041800,0.0,0.0,0.0,XLU
2024-10-15 00:00:00-04:00,38.85887863586501,39.148149955082985,38.82030814576011,38.86370086669922,26427600,0.0,0.0,0.0,XLU
2024-10-16 00:00:00-04:00,39.05655102992431,39.71223467192199,38.88298749655524,39.635093688964844,19099600,0.0,0.0,0.0,XLU
2024-10-17 00:00:00-04:00,39.76526598659914,39.7749067697952,39.25421619838419,39.283145904541016,23527200,0.0,0.0,0.0,XLU
2024-10-18 00:00:00-04:00,39.24939731688053,39.52902416663391,39.07583379453193,39.50973892211914,14035200,0.0,0.0,0.0,XLU
2024-10-21 00:00:00-04:00,39.601343393289284,39.717051183494,39.2011828409044,39.35546112060547,14811600,0.0,0.0,0.0,XLU
2024-10-22 00:00:00-04:00,39.090296266244565,39.29760804404794,38.90226973268851,39.21564483642578,17119200,0.0,0.0,0.0,XLU
2024-10-23 00:00:00-04:00,39.24457446833613,39.60616452115566,39.17225572211538,39.59170150756836,19645000,0.0,0.0,0.0,XLU
2024-10-24 00:00:00-04:00,39.59651928556335,39.67848249142893,39.2060032132061,39.33617401123047,13092000,0.0,0.0,0.0,XLU
2024-10-25 00:00:00-04:00,39.533839517132776,39.567587769589224,38.723877779894316,38.752803802490234,17518200,0.0,0.0,0.0,XLU
2024-10-28 00:00:00-04:00,38.96012284840243,39.25421639418759,38.86852253358781,39.056549072265625,14622800,0.0,0.0,0.0,XLU
2024-10-29 00:00:00-04:00,38.62264133798088,38.62746356887964,38.2128399904127,38.22248077392578,27733000,0.0,0.0,0.0,XLU
2024-10-30 00:00:00-04:00,38.37193466918775,38.44425341546421,38.063378118140164,38.13087463378906,20910600,0.0,0.0,0.0,XLU
2024-10-31 00:00:00-04:00,38.227298847231644,38.810663660864215,38.198372821553946,38.526214599609375,27516000,0.0,0.0,0.0,XLU
2024-11-01 00:00:00-04:00,38.52139584661413,38.63710363805408,37.634292970149545,37.66804122924805,30861000,0.0,0.0,0.0,XLU
2024-11-04 00:00:00-05:00,37.29198426882695,37.48965525032878,37.017175993817965,37.21966552734375,27956200,0.0,0.0,0.0,XLU
2024-11-05 00:00:00-05:00,37.200388025578405,37.7789306640625,37.08949878608868,37.7789306640625,19016200,0.0,0.0,0.0,XLU
2024-11-06 00:00:00-05:00,37.29199006056851,37.55233536337134,37.03646698882255,37.3884162902832,32958800,0.0,0.0,0.0,XLU
2024-11-07 00:00:00-05:00,37.57643974751321,37.831962798227465,37.2582387330722,37.455909729003906,37703200,0.0,0.0,0.0,XLU
2024-11-08 00:00:00-05:00,37.64393548043496,38.25622634327849,37.61500577536132,38.17426681518555,28857200,0.0,0.0,0.0,XLU
2024-11-11 00:00:00-05:00,38.179089698876936,38.506931495141295,38.09230793873977,38.28033447265625,26011000,0.0,0.0,0.0,XLU
2024-11-12 00:00:00-05:00,38.164629407080746,38.25140749512255,37.65840182379651,37.84160614013672,18703200,0.0,0.0,0.0,XLU
2024-11-13 00:00:00-05:00,38.0874838392672,38.1019468521997,37.61500457319586,37.774105072021484,16411800,0.0,0.0,0.0,XLU
2024-11-14 00:00:00-05:00,37.822318230014275,38.01516699474099,37.58608042432327,37.64393615722656,17707400,0.0,0.0,0.0,XLU
2024-11-15 00:00:00-05:00,37.672865632678345,38.25623053261513,37.60054687950107,38.2080192565918,23931400,0.0,0.0,0.0,XLU
2024-11-18 00:00:00-05:00,38.17426764510997,38.64674693655352,38.126056373318,38.540679931640625,14660200,0.0,0.0,0.0,XLU
2024-11-19 00:00:00-05:00,38.3960439598309,38.79138228944936,38.21283964844629,38.78656005859375,11750400,0.0,0.0,0.0,XLU
2024-11-20 00:00:00-05:00,38.858876855164375,38.9890513337321,38.61299458986863,38.805843353271484,12196800,0.0,0.0,0.0,XLU
2024-11-21 00:00:00-05:00,38.86369897426288,39.529023343895226,38.675672442012775,39.480812072753906,21764000,0.0,0.0,0.0,XLU
2024-11-22 00:00:00-05:00,39.6061668486109,39.664018906359786,39.25421755807254,39.268680572509766,15761400,0.0,0.0,0.0,XLU
2024-11-25 00:00:00-05:00,39.582055816296226,39.654374560269645,39.05172449096464,39.34099578857422,14253800,0.0,0.0,0.0,XLU
2024-11-26 00:00:00-05:00,39.45188603849918,39.991858160437815,39.35064126563569,39.96775436401367,17374800,0.0,0.0,0.0,XLU
2024-11-27 00:00:00-05:00,40.088284380987005,40.21363662855885,39.929183875793996,39.96775436401367,17156600,0.0,0.0,0.0,XLU
2024-11-29 00:00:00-05:00,40.097927489129496,40.12685719611395,39.89543793166038,39.98221969604492,9234800,0.0,0.0,0.0,XLU
2024-12-02 00:00:00-05:00,39.97739727278802,39.99186028706844,39.10958331140317,39.124046325683594,22084200,0.0,0.0,0.0,XLU
2024-12-03 00:00:00-05:00,39.36028414702562,39.485636401280566,38.77691927516694,38.78656005859375,18853600,0.0,0.0,0.0,XLU
2024-12-04 00:00:00-05:00,38.907090673824534,39.00351690098143,38.6322823634252,38.781742095947266,24169400,0.0,0.0,0.0,XLU
2024-12-05 00:00:00-05:00,38.82513029071279,39.11922384011444,38.72388551312467,38.90227127075195,14226000,0.0,0.0,0.0,XLU
2024-12-06 00:00:00-05:00,38.92155222222884,39.01315252806521,38.34782820090071,38.42014694213867,14228600,0.0,0.0,0.0,XLU
2024-12-09 00:00:00-05:00,38.42015032254718,38.473183825568924,37.91392276762484,37.93803024291992,21053800,0.0,0.0,0.0,XLU
2024-12-10 00:00:00-05:00,37.87534977166701,37.87534977166701,37.359481467740224,37.6632194519043,20319000,0.0,0.0,0.0,XLU
2024-12-11 00:00:00-05:00,37.76446531509607,37.793391341746634,37.35948255056731,37.426979064941406,14759600,0.0,0.0,0.0,XLU
2024-12-12 00:00:00-05:00,37.60536293657858,37.72589294599069,37.37394370006238,37.407691955566406,15425000,0.0,0.0,0.0,XLU
2024-12-13 00:00:00-05:00,37.46072686858551,37.6294718307619,37.36912655920634,37.431800842285156,13808400,0.0,0.0,0.0,XLU
2024-12-16 00:00:00-05:00,37.46555284277704,37.56197907055373,37.11842577934993,37.13288879394531,16121000,0.0,0.0,0.0,XLU
2024-12-17 00:00:00-05:00,36.90146988074399,37.1328854499993,36.82915113599515,36.978607177734375,15876800,0.0,0.0,0.0,XLU
2024-12-18 00:00:00-05:00,36.954504655896315,37.007538158655166,36.081864814863486,36.10597229003906,29811800,0.0,0.0,0.0,XLU
2024-12-19 00:00:00-05:00,36.139722971515916,36.67969881840991,36.13008218776983,36.2698974609375,27076400,0.0,0.0,0.0,XLU
