Date,open,high,low,close,volume,dividends,stock splits,capital gains,symbol
2012-01-03,27.809255918384665,27.936021641946347,27.753796103222257,27.8409481048584,18864300,0.0,0.0,0.0,XLV
2012-01-04,27.81718605577144,27.83303215218673,27.61118982470648,27.70626640319824,6174000,0.0,0.0,0.0,XLV
2012-01-05,27.55573187786457,27.817187953048805,27.50027204779532,27.78549575805664,5939700,0.0,0.0,0.0,XLV
2012-01-06,27.82510995533344,27.89641588408964,27.69834419558176,27.83303451538086,6762500,0.0,0.0,0.0,XLV
2012-01-09,27.88849783374344,27.904343933485663,27.65873392098287,27.88057327270508,10695300,0.0,0.0,0.0,XLV
2012-01-10,28.070722733058417,28.14995020741923,28.04695509521705,28.08656883239746,7122300,0.0,0.0,0.0,XLV
2012-01-11,28.054868853177787,28.157866959149608,27.95979530584496,28.110328674316406,3501000,0.0,0.0,0.0,XLV
2012-01-12,28.17372114671321,28.22125642286687,27.99149553601048,28.19748878479004,3404900,0.0,0.0,0.0,XLV
2012-01-13,28.01525322583784,28.094480672849805,27.84887377371268,28.07071304321289,4826800,0.0,0.0,0.0,XLV
2012-01-17,28.292558997922868,28.41932475649535,28.213331532190352,28.245023727416992,5792900,0.0,0.0,0.0,XLV
2012-01-18,28.23708775415571,28.41139173511537,28.1816279460927,28.403467178344727,6940400,0.0,0.0,0.0,XLV
2012-01-19,28.33216127907331,28.43515936076155,28.25293384536412,28.403467178344727,4447600,0.0,0.0,0.0,XLV
2012-01-20,28.44308391753219,28.49061916882456,28.30047211898935,28.403467178344727,7768900,0.0,0.0,0.0,XLV
2012-01-23,28.41140081741555,28.458936083903563,28.197483051218,28.276710510253903,5658200,0.0,0.0,0.0,XLV
2012-01-24,28.197477819607265,28.37970335944776,28.197477819607265,28.284629821777344,4382200,0.0,0.0,0.0,XLV
2012-01-25,28.17371821359157,28.538169397054595,28.11033382220628,28.490631103515625,6827200,0.0,0.0,0.0,XLV
2012-01-26,28.601556087980107,28.601556087980107,28.268797038293453,28.36387062072754,5074500,0.0,0.0,0.0,XLV
2012-01-27,28.25294918963895,28.474788542372707,28.25294918963895,28.379714965820312,3500700,0.0,0.0,0.0,XLV
2012-01-30,28.20540520988905,28.35594161664276,28.086564018715706,28.34009552001953,5297700,0.0,0.0,0.0,XLV
2012-01-31,28.443101124701524,28.62532675033965,28.2925646783183,28.36387062072754,7538700,0.0,0.0,0.0,XLV
2012-02-01,28.45102790884666,28.77586547918671,28.45102790884666,28.64117813110352,13009200,0.0,0.0,0.0,XLV
2012-02-02,28.6728471010911,28.6728471010911,28.363855852314,28.530235290527344,5953400,0.0,0.0,0.0,XLV
2012-02-03,28.69663047790528,28.73624421566748,28.59363234185597,28.69663047790528,8292500,0.0,0.0,0.0,XLV
2012-02-06,28.56985632864719,28.6411622446502,28.45101212786432,28.538164138793945,4095400,0.0,0.0,0.0,XLV
2012-02-07,28.50648776068507,28.67286731620028,28.411414160724267,28.64117813110352,3442200,0.0,0.0,0.0,XLV
2012-02-08,28.64909967179389,28.67286731620028,28.48272011627868,28.64117813110352,4758300,0.0,0.0,0.0,XLV
2012-02-09,28.6253214240423,28.641167521888622,28.411403636618143,28.490631103515625,6164500,0.0,0.0,0.0,XLV
2012-02-10,28.324244022052167,28.40347146772598,28.221245924809555,28.371782302856445,3648100,0.0,0.0,0.0,XLV
2012-02-13,28.50647432223738,28.657007703072537,28.498552785281355,28.5857048034668,5493800,0.0,0.0,0.0,XLV
2012-02-14,28.59363012336666,28.72039588777104,28.522324191993302,28.70454978942871,4253200,0.0,0.0,0.0,XLV
2012-02-15,28.72831154434401,28.775849829638663,28.561932079313124,28.649084091186523,5725300,0.0,0.0,0.0,XLV
2012-02-16,28.60154468766523,28.839233082512063,28.55400942656265,28.807540893554688,5059900,0.0,0.0,0.0,XLV
2012-02-17,28.79169655584629,28.80754265129185,28.657006255725843,28.71246910095215,4531300,0.0,0.0,0.0,XLV
2012-02-21,28.76000502958037,28.79169722120388,28.4589352538245,28.50647354125977,7076000,0.0,0.0,0.0,XLV
2012-02-22,28.482705908709004,28.59362555705755,28.403475429650225,28.50647354125977,4212300,0.0,0.0,0.0,XLV
2012-02-23,28.52231375542185,28.577773568159635,28.46685394268407,28.530235290527344,3551600,0.0,0.0,0.0,XLV
2012-02-24,28.609468301662343,28.71246640120707,28.55400848398443,28.672849655151367,7647200,0.0,0.0,0.0,XLV
2012-02-27,28.53024367190417,28.79169974219048,28.45893774567463,28.728315353393555,9274100,0.0,0.0,0.0,XLV
2012-02-28,28.6966234668172,28.8867705705533,28.66493127541661,28.839235305786133,4370300,0.0,0.0,0.0,XLV
2012-02-29,28.823397862607973,28.90262534255909,28.664939880371097,28.664939880371097,6353900,0.0,0.0,0.0,XLV
2012-03-01,28.688700178241724,28.85507965696214,28.664932544805623,28.815465927124023,6010100,0.0,0.0,0.0,XLV
2012-03-02,28.870933735479603,28.870933735479603,28.69663267153507,28.7679386138916,3602700,0.0,0.0,0.0,XLV
2012-03-05,28.736241986113363,28.855083190179467,28.66493605474001,28.70454978942871,3395800,0.0,0.0,0.0,XLV
2012-03-06,28.546090175533138,28.617396102777903,28.268791026433508,28.332172393798828,4316000,0.0,0.0,0.0,XLV
2012-03-07,28.39555152096802,28.490625065563105,28.30047797637293,28.45893287658691,4343200,0.0,0.0,0.0,XLV
2012-03-08,28.609474620934066,28.84716003810137,28.609474620934066,28.775854110717773,4186400,0.0,0.0,0.0,XLV
2012-03-09,28.815466705181628,28.997692285224407,28.79962060835174,28.89469718933105,4698200,0.0,0.0,0.0,XLV
2012-03-12,28.839237361593423,28.950157017068687,28.83131280201152,28.89469718933105,2426600,0.0,0.0,0.0,XLV
2012-03-13,29.04523979096534,29.32253901763287,28.98185840587057,29.30669593811035,7159400,0.0,0.0,0.0,XLV
2012-03-14,29.235376197908625,29.36214193062602,29.235376197908625,29.298757553100582,6217000,0.0,0.0,0.0,XLV
2012-03-15,29.30669782318972,29.393846855508805,29.227467308806343,29.346311569213867,3819900,0.0,0.0,0.0,XLV
2012-03-16,29.42274903800513,29.45460118616616,29.303305001195262,29.34311866760254,4000200,0.186,0.0,0.0,XLV
2012-03-19,29.2953361086294,29.38292797522931,29.2395963821726,29.33514976501465,4130800,0.0,0.0,0.0,XLV
2012-03-20,29.1599663399579,29.27941034796312,29.15200482363163,29.183856964111328,2980600,0.0,0.0,0.0,XLV
2012-03-21,29.21570959662869,29.23960022366841,29.12015620123285,29.16793441772461,3717900,0.0,0.0,0.0,XLV
2012-03-22,29.048482945848697,29.136074801493617,28.98478171111677,29.072370529174805,4888200,0.0,0.0,0.0,XLV
2012-03-23,29.13607792924628,29.191817654715443,29.032559994409027,29.15996551513672,2760400,0.0,0.0,0.0,XLV
2012-03-26,29.35107202694793,29.669584274291992,29.31125837572828,29.669584274291992,9504600,0.0,0.0,0.0,XLV
2012-03-27,29.68552127870239,29.844778979839788,29.68552127870239,29.72533798217773,5334600,0.0,0.0,0.0,XLV
2012-03-28,29.74921103108646,29.85272894185853,29.518287629205123,29.661619186401367,8930400,0.0,0.0,0.0,XLV
2012-03-29,29.53422813329525,29.757187092334817,29.494414467407907,29.72533798217773,8620700,0.0,0.0,0.0,XLV
2012-03-30,29.8368104180134,29.98810352770421,29.78903220767496,29.94828987121582,7242900,0.0,0.0,0.0,XLV
2012-04-02,29.94829136879696,30.13143662787169,29.84477342668083,30.05180931091309,10149200,0.0,0.0,0.0,XLV
2012-04-03,30.083656214125263,30.25883994372209,29.90051096845005,30.03588104248047,8863100,0.0,0.0,0.0,XLV
2012-04-04,29.91642916938636,29.964207366051447,29.80494974808757,29.876615524291992,7096900,0.0,0.0,0.0,XLV
2012-04-05,29.781071142578053,29.900512113852702,29.717366861161715,29.86865997314453,3536300,0.0,0.0,0.0,XLV
2012-04-09,29.613860114314143,29.63775074766768,29.478493021527527,29.49441909790039,3188600,0.0,0.0,0.0,XLV
2012-04-10,29.47848083574955,29.55014663100808,29.14403944534736,29.15996551513672,6500200,0.0,0.0,0.0,XLV
2012-04-11,29.406820386103323,29.43070797633608,29.239601179298493,29.26348876953125,3793600,0.0,0.0,0.0,XLV
2012-04-12,29.29533541630506,29.454593075669656,29.27940934660988,29.422740936279297,4721900,0.0,0.0,0.0,XLV
2012-04-13,29.374957326544145,29.374957326544145,29.12811088562012,29.12811088562012,4560700,0.0,0.0,0.0,XLV
2012-04-16,29.27145833093493,29.27145833093493,29.04849932725891,29.136091232299805,7243300,0.0,0.0,0.0,XLV
2012-04-17,29.28736891191928,29.58995814079871,29.223667674968706,29.566070556640625,4194700,0.0,0.0,0.0,XLV
2012-04-18,29.51034464293314,29.57404590968916,29.45460489542596,29.48645401000977,4080300,0.0,0.0,0.0,XLV
2012-04-19,29.62976737976053,29.77309893853151,29.4227345935283,29.53421401977539,9542800,0.0,0.0,0.0,XLV
2012-04-20,29.629773352725515,29.84477073422258,29.581998181895383,29.69347763061523,5714600,0.0,0.0,0.0,XLV
2012-04-23,29.382933326414392,29.502374317322587,29.374968771134483,29.462560653686523,4906800,0.0,0.0,0.0,XLV
2012-04-24,29.48644021346867,29.6297717935912,29.4227389765181,29.566070556640625,2971200,0.0,0.0,0.0,XLV
2012-04-25,29.717357906328115,29.92439372095708,29.693470326788777,29.876615524291992,6216400,0.0,0.0,0.0,XLV
2012-04-26,29.741254447899177,29.908476667823408,29.63773954697861,29.86865997314453,5472700,0.0,0.0,0.0,XLV
2012-04-27,29.924403029294744,30.01995641476152,29.79699446522258,29.88458633422852,3979400,0.0,0.0,0.0,XLV
2012-04-30,29.86865997314453,29.964216395269045,29.789032658961432,29.86865997314453,4775100,0.0,0.0,0.0,XLV
2012-05-01,29.81291847603705,30.051806479580875,29.669586888945616,29.98014068603516,5532400,0.0,0.0,0.0,XLV
2012-05-02,29.860699859877386,29.94829173214702,29.83681227201747,29.92440414428711,2863300,0.0,0.0,0.0,XLV
2012-05-03,29.95624545971884,29.95624545971884,29.765138731355936,29.81291389465332,3297100,0.0,0.0,0.0,XLV
2012-05-04,29.693478045922948,29.71736563167212,29.40681486658412,29.422740936279297,4886400,0.0,0.0,0.0,XLV
2012-05-07,29.24756894389495,29.582010466526427,29.24756894389495,29.48645401000977,5690200,0.0,0.0,0.0,XLV
2012-05-08,29.31923529538737,29.558120365803365,29.191829721992946,29.49441909790039,3984500,0.0,0.0,0.0,XLV
2012-05-09,29.32719554711766,29.47848869406722,29.12812417806339,29.29534339904785,8694500,0.0,0.0,0.0,XLV
2012-05-10,29.43866958757085,29.621814848745363,29.43866958757085,29.502370834350582,3400000,0.0,0.0,0.0,XLV
2012-05-11,29.4466229015983,29.701433892911403,29.43866138706392,29.47051048278809,3514200,0.0,0.0,0.0,XLV
2012-05-14,29.303296060325337,29.49440585339307,29.16792902832548,29.374961853027344,8433800,0.0,0.0,0.0,XLV
2012-05-15,29.303297446539528,29.414776898774697,29.128116751993087,29.199779510498047,5206200,0.0,0.0,0.0,XLV
2012-05-16,29.27144999844447,29.38293250613618,29.20774874592267,29.247562408447266,6770700,0.0,0.0,0.0,XLV
2012-05-17,29.30330068333664,29.311265237997336,28.94497166329509,28.97682380676269,5766800,0.0,0.0,0.0,XLV
2012-05-18,29.056454913354013,29.06441643063205,28.634421595513988,28.722013473510746,6830700,0.0,0.0,0.0,XLV
2012-05-21,28.75385735829295,29.02459443179241,28.73793129072396,29.000703811645508,7835900,0.0,0.0,0.0,XLV
2012-05-22,29.02459948138353,29.191818663570032,28.84145422885727,28.92108154296875,5614400,0.0,0.0,0.0,XLV
2012-05-23,28.8494122823504,28.9370041399115,28.51497395812105,28.793672561645508,6769800,0.0,0.0,0.0,XLV
2012-05-24,28.873299234558857,29.072370529174805,28.79367193174723,29.072370529174805,6592400,0.0,0.0,0.0,XLV
2012-05-25,29.000703811645508,29.15996144974874,28.913114996396185,29.000703811645508,3065800,0.0,0.0,0.0,XLV
2012-05-29,29.15996703774312,29.25552346146884,29.00070936912096,29.09626579284668,9650100,0.0,0.0,0.0,XLV
2012-05-30,28.99275169890395,29.008677771637725,28.841458564314777,28.92905044555664,3818200,0.0,0.0,0.0,XLV
2012-05-31,28.92906011953664,28.99276139418588,28.62647071158354,28.785728454589844,4766300,0.0,0.0,0.0,XLV
2012-06-01,28.50701024992151,28.586640594421898,28.244237707037872,28.276086807250977,10556700,0.0,0.0,0.0,XLV
2012-06-04,28.28406204491741,28.403503050406755,28.172582558092085,28.33980178833008,5566800,0.0,0.0,0.0,XLV
2012-06-05,28.25220628911432,28.570721671608577,28.228318698582985,28.49905586242676,7621900,0.0,0.0,0.0,XLV
2012-06-06,28.61054212418708,28.94498062133789,28.562763894199016,28.94498062133789,8536400,0.0,0.0,0.0,XLV
2012-06-07,29.136077357640385,29.144038873585263,28.89719239066093,28.960893630981445,7312700,0.0,0.0,0.0,XLV
2012-06-08,28.87331551717712,29.167943386421697,28.87331551717712,29.136091232299805,5226300,0.0,0.0,0.0,XLV
2012-06-11,29.22368397166209,29.279423724172435,28.865354821532225,28.88128089904785,7851500,0.0,0.0,0.0,XLV
2012-06-12,28.937006854376325,29.15200424194336,28.7777491927429,29.15200424194336,8854000,0.0,0.0,0.0,XLV
2012-06-13,29.144033378647425,29.382921338173105,29.04051850294532,29.12014579772949,15159000,0.0,0.0,0.0,XLV
2012-06-14,29.183857260564665,29.63773963545541,29.12811753295263,29.558109283447266,14048400,0.0,0.0,0.0,XLV
2012-06-15,29.6213597099842,29.741447524987056,29.597343368567632,29.669395446777344,7422700,0.199,0.0,0.0,XLV
2012-06-18,29.66139124704313,29.869543075561523,29.63737490296807,29.869543075561523,7202300,0.0,0.0,0.0,XLV
2012-06-19,29.925575062771244,30.22178775653458,29.925575062771244,30.14173126220703,6074500,0.0,0.0,0.0,XLV
2012-06-20,30.093697939917853,30.205778262523623,29.86152981225748,30.061674118041992,5874100,0.0,0.0,0.0,XLV
2012-06-21,29.99763988922057,30.1337365982602,29.60535557064844,29.645383834838867,5341100,0.0,0.0,0.0,XLV
2012-06-22,29.78947345810352,30.013637125053705,29.725428877517253,29.95759391784668,4764100,0.0,0.0,0.0,XLV
2012-06-25,29.52529370228297,29.71743055723122,29.52529370228297,29.589338302612305,8618200,0.0,0.0,0.0,XLV
2012-06-26,29.6453729531101,29.773465183878,29.573320882430675,29.677396774291992,6401600,0.0,0.0,0.0,XLV
2012-06-27,29.76545914820879,30.101700090582423,29.71742341902991,29.99762725830078,8066400,0.0,0.0,0.0,XLV
2012-06-28,29.90156237478985,29.949598114530986,29.557313874878908,29.861534118652344,12607300,0.0,0.0,0.0,XLV
2012-06-29,30.117710862355267,30.445947364443573,30.117710862355267,30.429935455322266,9551200,0.0,0.0,0.0,XLV
2012-07-02,30.53401494183145,30.542022424317,30.30184681310673,30.526010513305664,6582600,0.0,0.0,0.0,XLV
2012-07-03,30.51800537109375,30.598064932289795,30.39792061023968,30.51800537109375,3697200,0.0,0.0,0.0,XLV
2012-07-05,30.445949537913418,30.469968930289767,30.2938409713414,30.32586479187012,3692500,0.0,0.0,0.0,XLV
2012-07-06,30.205785126098657,30.24581338555912,29.997636344528,30.12572860717773,5904300,0.0,0.0,0.0,XLV
2012-07-09,29.989623297039625,30.333871761668632,29.989623297039625,30.285839080810547,6279600,0.0,0.0,0.0,XLV
2012-07-10,30.46196029347673,30.46196029347673,30.04565980426257,30.14173126220703,5669500,0.0,0.0,0.0,XLV
2012-07-11,30.11771583557129,30.173755999769853,29.9575997718783,30.11771583557129,6572000,0.0,0.0,0.0,XLV
2012-07-12,30.08569689301848,30.285841221298927,29.93358524899088,30.189769744873047,3999600,0.0,0.0,0.0,XLV
2012-07-13,30.19777397247269,30.57404319237991,30.18176206146136,30.526010513305664,5157800,0.0,0.0,0.0,XLV
2012-07-16,30.49397302792203,30.614060779719736,30.421920987635087,30.5820369720459,3850600,0.0,0.0,0.0,XLV
2012-07-17,30.654107515983306,31.03838427815409,30.518007778195187,30.974336624145508,6453900,0.0,0.0,0.0,XLV
2012-07-18,30.86224952407609,31.0944176380669,30.77418554608237,31.02236557006836,5748700,0.0,0.0,0.0,XLV
2012-07-19,31.08641321004909,31.0944176380669,30.838233186063103,31.02236557006836,4801800,0.0,0.0,0.0,XLV
2012-07-20,30.91029199882292,30.982344082543538,30.57404792347327,30.62208366394043,4197500,0.0,0.0,0.0,XLV
2012-07-23,30.317858092521245,30.34187748551774,30.093697450951897,30.261817932128903,4674000,0.0,0.0,0.0,XLV
2012-07-24,30.237805643534177,30.269829469179395,29.765464904127565,29.925580978393555,4431100,0.0,0.0,0.0,XLV
2012-07-25,29.973605900848565,30.11771002497432,29.78947353201217,30.06967735290528,5069100,0.0,0.0,0.0,XLV
2012-07-26,30.38191047951091,30.501995247406427,30.23780631486816,30.357891082763672,8521200,0.0,0.0,0.0,XLV
2012-07-27,30.54201409763529,31.14244685404521,30.526002190989285,31.086406707763672,6373100,0.0,0.0,0.0,XLV
2012-07-30,31.014356383916795,31.07840096011243,30.878256696817548,30.9262924194336,5215400,0.0,0.0,0.0,XLV
2012-07-31,30.90229146218587,31.03038374493425,30.726166482132417,30.73417091369629,5167100,0.0,0.0,0.0,XLV
2012-08-01,30.910295389264352,30.982347480888112,30.694139114393064,30.750179290771484,6243900,0.0,0.0,0.0,XLV
2012-08-02,30.517995456147503,30.66209956552262,30.2457991444344,30.453950881958008,5332100,0.0,0.0,0.0,XLV
2012-08-03,30.7901972219796,30.99834899637484,30.742164546318804,30.81421661376953,4462600,0.0,0.0,0.0,XLV
2012-08-06,30.91828633690168,30.926293818012685,30.790194124758603,30.82221794128418,3532300,0.0,0.0,0.0,XLV
2012-08-07,30.766191206016828,30.84624772828298,30.7181554602808,30.750179290771484,4235700,0.0,0.0,0.0,XLV
2012-08-08,30.814220507356865,30.91028892477689,30.726156518905203,30.86225318908691,3203500,0.0,0.0,0.0,XLV
2012-08-09,30.838234661565025,30.95031498293439,30.78219450088034,30.84623908996582,3110300,0.0,0.0,0.0,XLV
2012-08-10,30.83023245658644,30.998356021378843,30.774192286309045,30.974336624145508,3949100,0.0,0.0,0.0,XLV
2012-08-13,30.870257419599845,30.92629757835393,30.75016962000703,30.89427375793457,2251000,0.0,0.0,0.0,XLV
2012-08-14,31.0303767944229,31.03838427815409,30.91029202409716,30.974336624145508,2448700,0.0,0.0,0.0,XLV
2012-08-15,30.982334509148963,31.126438632062715,30.926294356233537,31.04637908935547,2294600,0.0,0.0,0.0,XLV
2012-08-16,31.046391818201545,31.046391818201545,30.854254944847693,30.96633529663086,4592800,0.0,0.0,0.0,XLV
2012-08-17,30.998355189161988,30.998355189161988,30.710146861781407,30.806215286254883,6007800,0.0,0.0,0.0,XLV
2012-08-20,30.806201171611622,30.91027703191632,30.76617293425097,30.870248794555664,4566500,0.0,0.0,0.0,XLV
2012-08-21,30.87825843622882,31.022362558235425,30.758170649903555,30.76617813110352,5663500,0.0,0.0,0.0,XLV
2012-08-22,30.7341572145854,30.854245012243272,30.702133394682026,30.790197372436523,2509800,0.0,0.0,0.0,XLV
2012-08-23,30.766191206016828,30.830235813037635,30.68613468375068,30.750179290771484,2565300,0.0,0.0,0.0,XLV
2012-08-24,30.782199891494184,31.09442457111734,30.75017606436354,31.014368057250977,5991200,0.0,0.0,0.0,XLV
2012-08-27,31.03837466206439,31.174471303727778,30.942306264774984,31.04637908935547,3611000,0.0,0.0,0.0,XLV
2012-08-28,30.942304272080296,31.10241723926488,30.90227297632505,30.99834442138672,3558900,0.0,0.0,0.0,XLV
2012-08-29,30.9823436676598,31.21451182920176,30.974336184042382,31.102428436279297,2849200,0.0,0.0,0.0,XLV
2012-08-30,30.95030869885589,31.07039647820342,30.86224473452891,30.99834442138672,3808000,0.0,0.0,0.0,XLV
2012-08-31,31.11043711530591,31.26254571631941,30.9583254603321,31.094425201416016,4666300,0.0,0.0,0.0,XLV
2012-09-04,31.06239792041227,31.23852589966052,30.9182937653837,31.158466339111328,6334400,0.0,0.0,0.0,XLV
2012-09-05,31.214514855198367,31.28656694493901,31.078415106150263,31.166479110717773,2779800,0.0,0.0,0.0,XLV
2012-09-06,31.30257185687671,31.67083974351534,31.30257185687671,31.66283226013184,5035600,0.0,0.0,0.0,XLV
2012-09-07,31.726864334297705,31.742876239243184,31.55874085934948,31.646804809570312,3980900,0.0,0.0,0.0,XLV
2012-09-10,31.6548282687315,31.67884461129413,31.534740447998047,31.534740447998047,2781300,0.0,0.0,0.0,XLV
2012-09-11,31.542742489571413,31.63881089720786,31.518723097192588,31.55074691772461,2392000,0.0,0.0,0.0,XLV
2012-09-12,31.558753534177647,31.65482500243536,31.51072085400862,31.566761016845703,2864200,0.0,0.0,0.0,XLV
2012-09-13,31.57476571464441,31.951038000294243,31.45468095923861,31.886993408203125,6849400,0.0,0.0,0.0,XLV
2012-09-14,31.88699115708226,31.93502383426968,31.66282746568896,31.75889587402344,11318700,0.0,0.0,0.0,XLV
2012-09-17,31.678829912843085,31.943021774291992,31.678829912843085,31.943021774291992,2602500,0.0,0.0,0.0,XLV
2012-09-18,31.895006705203524,32.08714664282,31.870990358236728,32.047115325927734,3210600,0.0,0.0,0.0,XLV
2012-09-19,32.04710825521417,32.19121241314193,32.01508748431024,32.079132080078125,4891100,0.0,0.0,0.0,XLV
2012-09-20,32.05510918211567,32.21522521972656,31.967045208731715,32.21522521972656,4835600,0.0,0.0,0.0,XLV
2012-09-21,32.294867278276044,32.43968755864705,32.24659589757678,32.3350944519043,8167400,0.199,0.0,0.0,XLV
2012-09-24,32.29488563170315,32.48798047164729,32.25465843521348,32.423614501953125,6990000,0.0,0.0,0.0,XLV
2012-09-25,32.52015667334265,32.72934298181989,32.39142781779435,32.39947509765625,4965300,0.0,0.0,0.0,XLV
2012-09-26,32.471876869735496,32.544287024068886,32.214419225247255,32.23051071166992,6669000,0.0,0.0,0.0,XLV
2012-09-27,32.27877416553816,32.50405185093009,32.25463847640692,32.415550231933594,3146100,0.0,0.0,0.0,XLV
2012-09-28,32.35923932245671,32.36728353104687,32.14200886087606,32.27878189086914,4719600,0.0,0.0,0.0,XLV
2012-10-01,32.37534360891068,32.673028550636445,32.359252116231126,32.47188949584961,5344500,0.0,0.0,0.0,XLV
2012-10-02,32.58452005482474,32.70520469009031,32.45579120947243,32.616703033447266,6266600,0.0,0.0,0.0,XLV
2012-10-03,32.6569329634729,32.914390675789264,32.62474998214884,32.890254974365234,5786000,0.0,0.0,0.0,XLV
2012-10-04,32.938532491388266,33.20403753288871,32.91439678548408,33.091400146484375,6372200,0.0,0.0,0.0,XLV
2012-10-05,33.204026931080854,33.260345606300874,33.04311511510754,33.12356948852539,4033500,0.0,0.0,0.0,XLV
2012-10-08,33.10747354652712,33.139653447099825,32.93851449012004,33.09942626953125,3126100,0.0,0.0,0.0,XLV
2012-10-09,32.92242201228374,32.97874374214531,32.67301167739897,32.697147369384766,6128200,0.0,0.0,0.0,XLV
2012-10-10,32.713260701059646,32.713260701059646,32.351209733795535,32.45580291748047,6180400,0.0,0.0,0.0,XLV
2012-10-11,32.60060021221225,32.69714604538285,32.47187141160589,32.479915618896484,3791900,0.0,0.0,0.0,XLV
2012-10-12,32.61669957283119,32.6891097324803,32.41556058148784,32.4316520690918,3508400,0.0,0.0,0.0,XLV
2012-10-15,32.51211359085212,32.92243587304567,32.50406937984908,32.89830017089844,12298100,0.0,0.0,0.0,XLV
2012-10-16,33.0028905888272,33.25230407714844,32.99484330935414,33.25230407714844,5658200,0.0,0.0,0.0,XLV
2012-10-17,33.30862275690842,33.30862275690842,33.12357215868236,33.25230407714844,5398000,0.0,0.0,0.0,XLV
2012-10-18,33.0511622475419,33.276436947424195,32.994840503433736,33.260345458984375,4289300,0.0,0.0,0.0,XLV
2012-10-19,33.179888784901145,33.2522989432899,32.60865172688434,32.66497039794922,6218500,0.0,0.0,0.0,XLV
2012-10-22,32.66497484810027,32.72934080616476,32.49601881188772,32.68911361694336,4485800,0.0,0.0,0.0,XLV
2012-10-23,32.439709137149265,32.439709137149265,32.061566701407344,32.254661560058594,5915600,0.0,0.0,0.0,XLV
2012-10-24,32.44775025941248,32.48797745216338,32.27074692834285,32.31097412109375,5884400,0.0,0.0,0.0,XLV
2012-10-25,32.51210936243977,32.64888548480774,32.41556349726914,32.56842803955078,4746300,0.0,0.0,0.0,XLV
2012-10-26,32.52819891557161,32.60060907742451,32.29487694191919,32.439697265625,3641200,0.0,0.0,0.0,XLV
2012-10-31,32.60060504405004,32.6488795023586,32.06155100158453,32.20637130737305,8629900,0.0,0.0,0.0,XLV
2012-11-01,32.17420455412384,32.568435382788536,32.17420455412384,32.47188949584961,4900600,0.0,0.0,0.0,XLV
2012-11-02,32.520150787787216,32.62474392309638,32.254648914017736,32.29487609863281,7033000,0.0,0.0,0.0,XLV
2012-11-05,32.25465543741488,32.38338429570059,32.10179087730625,32.31097412109375,4693900,0.0,0.0,0.0,XLV
2012-11-06,32.28683241931629,32.54429008804361,32.142012097014984,32.3431510925293,7549200,0.0,0.0,0.0,XLV
2012-11-07,32.150049747110394,32.158097024006146,31.50640570660937,31.80409049987793,11973000,0.0,0.0,0.0,XLV
2012-11-08,31.78800445073186,31.820187425544177,31.41790944780244,31.42595672607422,8889000,0.0,0.0,0.0,XLV
2012-11-09,31.36159506244192,31.723645905716182,31.29723217315862,31.51445960998535,7340700,0.0,0.0,0.0,XLV
2012-11-12,31.747777514671064,31.812143464798265,31.611004474356907,31.67536735534668,3573800,0.0,0.0,0.0,XLV
2012-11-13,31.54664784868133,31.900654540742178,31.530556356393262,31.55469512939453,5221700,0.0,0.0,0.0,XLV
2012-11-14,31.57881831507529,31.68341143891673,31.09608601434682,31.17654037475586,6858800,0.0,0.0,0.0,XLV
2012-11-15,31.15241107709267,31.21677396480833,30.95931627567019,31.08804512023925,8624600,0.0,0.0,0.0,XLV
2012-11-16,31.10414244441498,31.409874658546823,31.0397795446252,31.321372985839844,9847100,0.0,0.0,0.0,XLV
2012-11-19,31.619058317620745,31.66733279492498,31.51446515136408,31.65124130249023,7423800,0.0,0.0,0.0,XLV
2012-11-20,31.64318053435551,31.83627220426544,31.57077039085509,31.82822799682617,4895700,0.0,0.0,0.0,XLV
2012-11-21,31.747771838155145,31.91672782332349,31.747771838155145,31.80409049987793,5205700,0.0,0.0,0.0,XLV
2012-11-23,31.98914744688693,32.20637795037646,31.900648858772943,32.198333740234375,2853400,0.0,0.0,0.0,XLV
2012-11-26,32.04546454956882,32.06960024563447,31.89259695678684,32.05350875854492,4703900,0.0,0.0,0.0,XLV
2012-11-27,31.91673890833362,32.093742231872795,31.84433180594535,31.86042022705078,5396700,0.0,0.0,0.0,XLV
2012-11-28,31.763877180207466,32.13397228131216,31.611012613004625,32.10983657836914,7531100,0.0,0.0,0.0,XLV
2012-11-29,32.310958761554666,32.3994603850188,32.19027417153328,32.3350944519043,8403400,0.0,0.0,0.0,XLV
2012-11-30,32.36728460066882,32.43969475692193,32.23855577501188,32.37533187866211,4229000,0.0,0.0,0.0,XLV
2012-12-03,32.45580497825267,32.584533878215865,32.254665880239,32.302940368652344,9937000,0.0,0.0,0.0,XLV
2012-12-04,32.302921722409,32.47992193947648,32.29487444441571,32.37533187866211,4080400,0.0,0.0,0.0,XLV
2012-12-05,32.43968844417012,32.616691695930136,32.246596777828934,32.479915618896484,6294400,0.0,0.0,0.0,XLV
2012-12-06,32.463836669921875,32.53624684004258,32.39142649980117,32.463836669921875,2943900,0.0,0.0,0.0,XLV
2012-12-07,32.58451952860217,32.59256373855901,32.31097035300395,32.56842803955078,4619000,0.0,0.0,0.0,XLV
2012-12-10,32.48796593381205,32.76151504432677,32.43969147814346,32.705196380615234,5240900,0.0,0.0,0.0,XLV
2012-12-11,32.85806413241701,33.131613269954336,32.75347100270464,33.0511589050293,3891200,0.0,0.0,0.0,XLV
2012-12-12,33.10748469272824,33.228166266063475,32.94657285914331,33.002891540527344,6757600,0.0,0.0,0.0,XLV
2012-12-13,32.97070404977408,33.02702272345403,32.656927705232185,32.721290588378906,5929200,0.0,0.0,0.0,XLV
2012-12-14,32.624750425609164,32.72934358176503,32.5523402512148,32.592567443847656,5246300,0.0,0.0,0.0,XLV
2012-12-17,32.697168953242084,32.85808083402017,32.61671454742247,32.85003662109375,5549100,0.0,0.0,0.0,XLV
2012-12-18,32.97070298583737,33.15575048897696,32.77761127349059,33.107479095458984,8472500,0.0,0.0,0.0,XLV
2012-12-19,33.12356636798774,33.12356636798774,32.72933567858769,32.75347137451172,6996900,0.0,0.0,0.0,XLV
2012-12-20,32.69715323580925,32.809790577467794,32.63279035592039,32.8017463684082,4718700,0.0,0.0,0.0,XLV
2012-12-21,32.50974628426726,32.655348783702685,32.40459132356364,32.52592468261719,5572500,0.219,0.0,0.0,XLV
2012-12-24,32.396484375,32.50164236881167,32.331773899686034,32.396484375,3332700,0.0,0.0,0.0,XLV
2012-12-26,32.4369428615218,32.4531212587879,32.161916279425554,32.28325271606445,4404200,0.0,0.0,0.0,XLV
2012-12-27,32.31558736546746,32.39647621065294,31.94349374047556,32.23469543457031,5483700,0.0,0.0,0.0,XLV
2012-12-28,32.1295493141138,32.2266165719472,31.89496727911333,31.919233322143555,5801000,0.0,0.0,0.0,XLV
2012-12-31,31.86262063081228,32.3156064542798,31.741287291362493,32.25898361206055,11873100,0.0,0.0,0.0,XLV
2013-01-02,32.90608954698239,32.92226793560616,32.66341988905015,32.89799880981445,9533500,0.0,0.0,0.0,XLV
2013-01-03,32.922271469258895,32.946537511943035,32.768578303692806,32.93844985961914,5279600,0.0,0.0,0.0,XLV
2013-01-04,33.04359789980701,33.14875587243378,33.003153475169576,33.08404541015625,4645900,0.0,0.0,0.0,XLV
2013-01-07,33.0193594808722,33.2296756020425,32.98700267981301,33.18922805786133,4133100,0.0,0.0,0.0,XLV
2013-01-08,33.18112537876731,33.32672783190243,33.17303463930814,33.197303771972656,5787300,0.0,0.0,0.0,XLV
2013-01-09,33.294363387141,33.561302185058594,33.27818499765699,33.561302185058594,5665200,0.0,0.0,0.0,XLV
2013-01-10,33.690743480534216,33.83634597479408,33.52896258849949,33.7958984375,5518800,0.0,0.0,0.0,XLV
2013-01-11,33.82823281589195,33.87676797705344,33.69072115450212,33.78778839111328,3854100,0.0,0.0,0.0,XLV
2013-01-14,33.77163615745311,33.87679421188348,33.682656502605425,33.82017135620117,4643600,0.0,0.0,0.0,XLV
2013-01-15,33.69072472325681,33.81205801044527,33.6664555972494,33.77970123291016,5747600,0.0,0.0,0.0,XLV
2013-01-16,33.74734524762186,33.81205571258222,33.65836565830341,33.7068977355957,3812000,0.0,0.0,0.0,XLV
2013-01-17,33.89295323642934,34.10326613934969,33.80397363244719,34.00619888305664,4360900,0.0,0.0,0.0,XLV
2013-01-18,34.0223861485615,34.12754108459645,33.901049732258706,34.11945343017578,6024400,0.0,0.0,0.0,XLV
2013-01-22,34.062816900086865,34.22459769488955,33.949571269438586,34.21650695800781,7608900,0.0,0.0,0.0,XLV
2013-01-23,34.25695239452607,34.32166594863848,34.087083943549146,34.176063537597656,5544800,0.0,0.0,0.0,XLV
2013-01-24,34.32975284745276,34.507712031648474,34.25695164352834,34.394466400146484,8999800,0.0,0.0,0.0,XLV
2013-01-25,34.426839886699554,34.67759731082108,34.38639235377742,34.66141891479492,4046200,0.0,0.0,0.0,XLV
2013-01-28,34.71804485429576,34.750401649233744,34.52391025609546,34.54008865356445,5686600,0.0,0.0,0.0,XLV
2013-01-29,34.58051731307784,34.96878941788656,34.56433892299676,34.912166595458984,7230200,0.0,0.0,0.0,XLV
2013-01-30,34.94452926132662,35.01733048609719,34.76657002617348,34.80701446533203,5346400,0.0,0.0,0.0,XLV
2013-01-31,34.74230246291019,34.83128207660175,34.693767286611305,34.70994567871094,6007300,0.0,0.0,0.0,XLV
2013-02-01,34.85554604938474,35.04968365732408,34.74230039713371,34.98497009277344,5623600,0.0,0.0,0.0,XLV
2013-02-04,34.82317087236195,34.84743998910499,34.57241365646792,34.5966796875,7593400,0.0,0.0,0.0,XLV
2013-02-05,34.76656314076034,35.04158959256844,34.76656314076034,34.97687911987305,8056200,0.0,0.0,0.0,XLV
2013-02-06,35.01733477542762,35.041600824752564,34.8636415678009,34.96879959106445,3968900,0.0,0.0,0.0,XLV
2013-02-07,35.00114390263316,35.009231554287105,34.65331625298188,34.83936309814453,6529300,0.0,0.0,0.0,XLV
2013-02-08,34.92835232223174,35.09822082519531,34.8555510944312,35.09822082519531,4192600,0.0,0.0,0.0,XLV
2013-02-11,35.09821090571174,35.09821090571174,34.952608491260925,35.02540969848633,2447900,0.0,0.0,0.0,XLV
2013-02-12,34.99305774548597,35.090128092311936,34.96070404892324,34.98497009277344,5133300,0.0,0.0,0.0,XLV
2013-02-13,35.03351366758299,35.04969206260039,34.85555440810485,34.96071243286133,4843300,0.0,0.0,0.0,XLV
2013-02-14,34.9202557506421,35.0982149634811,34.855545273244985,35.033504486083984,5172500,0.0,0.0,0.0,XLV
2013-02-15,35.04967704557592,35.14674428837859,34.976875842045914,35.11438751220703,8230000,0.0,0.0,0.0,XLV
2013-02-19,35.02542230510058,35.34089328805331,35.02542230510058,35.33280563354492,7245100,0.0,0.0,0.0,XLV
2013-02-20,35.308533252690566,35.38133447306424,35.09012959156954,35.10630798339844,6739600,0.0,0.0,0.0,XLV
2013-02-21,35.041601586882,35.04969232730848,34.81511022635444,34.94453430175781,7447200,0.0,0.0,0.0,XLV
2013-02-22,35.05777638435347,35.130577612154006,34.92026158263554,35.09822082519531,6168100,0.0,0.0,0.0,XLV
2013-02-25,35.27617705934679,35.373244326231784,34.685679633417884,34.70994567871094,6078700,0.0,0.0,0.0,XLV
2013-02-26,34.85555778170811,34.88791457487468,34.54817441805301,34.79893493652344,6548800,0.0,0.0,0.0,XLV
2013-02-27,34.83936384602796,35.29234949117774,34.68567377560626,35.17910385131836,6849900,0.0,0.0,0.0,XLV
2013-02-28,35.18719965844193,35.42178173006933,35.13057682538884,35.14675521850586,4358800,0.0,0.0,0.0,XLV
2013-03-01,35.07395923991427,35.42178702968799,34.96071355686485,35.4136962890625,7491500,0.0,0.0,0.0,XLV
2013-03-04,35.348962983966935,35.61589862381466,35.27616179387911,35.607810974121094,4903500,0.0,0.0,0.0,XLV
2013-03-05,35.737259082821154,35.979928851617544,35.70490229079136,35.915218353271484,6582600,0.0,0.0,0.0,XLV
2013-03-06,36.02036028642535,36.0769831091657,35.91520537888608,35.988006591796875,5068400,0.0,0.0,0.0,XLV
2013-03-07,36.06889930696659,36.12552213575092,35.92329686560325,35.963741302490234,4437200,0.0,0.0,0.0,XLV
2013-03-08,36.08508047474165,36.13361256845431,35.86667679589574,36.02845764160156,4029300,0.0,0.0,0.0,XLV
2013-03-11,36.05272719519886,36.21450805664063,35.939481517903616,36.21450805664063,6748700,0.0,0.0,0.0,XLV
2013-03-12,36.26303228051651,36.40054396546635,36.254941542747495,36.376277923583984,4612400,0.0,0.0,0.0,XLV
2013-03-13,36.36819050518206,36.41672567908899,36.22258806917391,36.384368896484375,4098300,0.0,0.0,0.0,XLV
2013-03-14,36.449085758920326,36.48143945873907,36.3034833097408,36.41672897338867,3777700,0.0,0.0,0.0,XLV
2013-03-15,36.32249670349783,36.42810984294669,36.20063824942733,36.3387451171875,5778400,0.194,0.0,0.0,XLV
2013-03-18,36.0787630934616,36.29811194696873,35.956901586268685,36.10313415527344,4042100,0.0,0.0,0.0,XLV
2013-03-19,36.16001142469565,36.24125348361566,35.92441720149679,36.12751770019531,7023300,0.0,0.0,0.0,XLV
2013-03-20,36.25750073098322,36.50934335787811,36.25750073098322,36.428104400634766,4387000,0.0,0.0,0.0,XLV
2013-03-21,36.36310912977071,36.42810277191354,36.1518859909414,36.22500228881836,4420000,0.0,0.0,0.0,XLV
2013-03-22,36.34685025046679,36.50120544433594,36.30622768975771,36.50120544433594,6881400,0.0,0.0,0.0,XLV
2013-03-25,36.590588662714985,36.6393308017613,36.2331297813468,36.39561080932617,6813400,0.0,0.0,0.0,XLV
2013-03-26,36.46059469792885,36.84242144751936,36.46059469792885,36.81805038452149,4855800,0.0,0.0,0.0,XLV
2013-03-27,36.728688932396665,37.02927986490149,36.614953162937454,37.0049057006836,5264700,0.0,0.0,0.0,XLV
2013-03-28,37.11050805261314,37.402973145873744,37.01302072121508,37.329856872558594,7415700,0.0,0.0,0.0,XLV
2013-04-01,37.35423280771475,37.45984590497387,37.23237440232359,37.42734909057617,6364600,0.0,0.0,0.0,XLV
2013-04-02,37.69544009751576,38.01227626447927,37.68731434504326,37.971656799316406,8849300,0.0,0.0,0.0,XLV
2013-04-03,38.03665154147642,38.0772710111434,37.67107011633988,37.74418640136719,8472800,0.0,0.0,0.0,XLV
2013-04-04,37.80106295577047,38.126024985833546,37.760443476779486,37.914798736572266,9794600,0.0,0.0,0.0,XLV
2013-04-05,37.58983935483934,37.7116977903511,37.48422623147511,37.703575134277344,9969300,0.0,0.0,0.0,XLV
2013-04-08,37.71170218578317,37.73607635498047,37.38674322080914,37.73607635498047,7700600,0.0,0.0,0.0,XLV
2013-04-09,37.84979894615439,38.03665098313317,37.76043425475871,37.8579216003418,5937500,0.0,0.0,0.0,XLV
2013-04-10,38.03665012106892,38.53221569007395,38.00415330692211,38.49159622192383,9062100,0.0,0.0,0.0,XLV
2013-04-11,38.59720516407212,39.0034060326015,38.58908251029087,38.86529922485352,7660400,0.0,0.0,0.0,XLV
2013-04-12,38.76781570422385,38.98716456673177,38.71907047953309,38.938419342041016,5624200,0.0,0.0,0.0,XLV
2013-04-15,38.92217645014907,38.995292748014286,38.199139226297085,38.23163604736328,10745300,0.0,0.0,0.0,XLV
2013-04-16,38.5322195602491,38.79218790140119,38.361615917443125,38.78406524658203,8771800,0.0,0.0,0.0,XLV
2013-04-17,38.54846354648727,38.71906716972077,38.2966178890473,38.60533142089844,16487600,0.0,0.0,0.0,XLV
2013-04-18,38.56471894099044,38.59721266149394,37.99603699477078,38.1341438293457,10353400,0.0,0.0,0.0,XLV
2013-04-19,38.182886369941976,38.702823050192585,38.182886369941976,38.67032623291016,12796700,0.0,0.0,0.0,XLV
2013-04-22,38.83281707222525,38.96280127526518,38.62159390443582,38.90593338012695,4716400,0.0,0.0,0.0,XLV
2013-04-23,39.02777312120309,39.303989785722045,38.73530805299877,39.14963150024414,10824200,0.0,0.0,0.0,XLV
2013-04-24,39.09277730149649,39.100903055712536,38.44285642223702,38.4753532409668,12635900,0.0,0.0,0.0,XLV
2013-04-25,38.6865866789228,38.73533192001358,38.42661825790805,38.62971878051758,10833800,0.0,0.0,0.0,XLV
2013-04-26,38.49972052252099,38.71094672444236,38.40223317497792,38.62158203125,6174900,0.0,0.0,0.0,XLV
2013-04-29,38.65407713054533,38.88154863106839,38.65407713054533,38.743438720703125,3950000,0.0,0.0,0.0,XLV
2013-04-30,38.63782936096141,38.63782936096141,38.2559995367266,38.45097732543945,8217900,0.0,0.0,0.0,XLV
2013-05-01,38.1260273235589,38.41036679299788,38.02041419245251,38.0447883605957,9250700,0.0,0.0,0.0,XLV
2013-05-02,38.33723615480765,38.54846233805616,38.24787456858195,38.46722030639648,9803300,0.0,0.0,0.0,XLV
2013-05-03,38.81655279449191,38.922165884754726,38.66219758492824,38.72718811035156,6232600,0.0,0.0,0.0,XLV
2013-05-06,38.73532159267059,38.75969265718431,38.46722748675075,38.4753532409668,10919000,0.0,0.0,0.0,XLV
2013-05-07,38.49160372714804,38.637836320254806,38.44285849642332,38.59721374511719,9847400,0.0,0.0,0.0,XLV
2013-05-08,38.5647163648589,38.824684705924696,38.5647163648589,38.7109489440918,20766200,0.0,0.0,0.0,XLV
2013-05-09,38.66220198229836,38.92217031169319,38.62970516635728,38.75968933105469,7140300,0.0,0.0,0.0,XLV
2013-05-10,38.8084292542292,39.18213328930768,38.759684036975536,39.14151382446289,6045100,0.0,0.0,0.0,XLV
2013-05-13,39.10090639030214,39.47461054036304,39.05216115805041,39.46648788452149,9155900,0.0,0.0,0.0,XLV
2013-05-14,39.482729306233225,39.89705599188345,39.482729306233225,39.864559173583984,6580500,0.0,0.0,0.0,XLV
2013-05-15,39.84831195475216,40.30325812733293,39.82394088983316,40.07578659057617,11796400,0.0,0.0,0.0,XLV
2013-05-16,39.9945378411115,40.05953146876185,39.628956433245136,39.66145324707031,7954100,0.0,0.0,0.0,XLV
2013-05-17,39.710201169651455,39.92142427575302,39.56396859655538,39.8889274597168,9246700,0.0,0.0,0.0,XLV
2013-05-20,39.91331530700239,39.945809035113314,39.58023057608829,39.61272430419922,8967600,0.0,0.0,0.0,XLV
2013-05-21,39.71832341102456,40.10015324781149,39.63708447084589,40.04328536987305,8319100,0.0,0.0,0.0,XLV
2013-05-22,40.262634227235736,40.94505186156404,39.85643332820858,40.04328536987305,20132000,0.0,0.0,0.0,XLV
2013-05-23,39.71019857156504,40.15701891609507,39.5883370689356,40.02703475952149,6668500,0.0,0.0,0.0,XLV
2013-05-24,39.87268816289684,39.97017552663802,39.596471383073975,39.905181884765625,5906800,0.0,0.0,0.0,XLV
2013-05-28,40.23014334154771,40.6688411209381,40.14890129032688,40.31138229370117,9923800,0.0,0.0,0.0,XLV
2013-05-29,40.09201970090568,40.09201970090568,39.46647316518211,39.677696228027344,15882100,0.0,0.0,0.0,XLV
2013-05-30,39.72645717793361,40.10016133664454,39.68583460058315,39.96205139160156,9719600,0.0,0.0,0.0,XLV
2013-05-31,39.78332965478634,39.97018175568785,39.07653763507919,39.08466339111328,13329700,0.0,0.0,0.0,XLV
2013-06-03,39.30400893404543,39.35275106978184,38.946550076951056,39.29588317871094,12698200,0.0,0.0,0.0,XLV
2013-06-04,39.29587446284322,39.4664811972828,38.832805681650704,39.052154541015625,13141400,0.0,0.0,0.0,XLV
2013-06-05,38.995292629645554,39.24713834354295,38.4103622484993,38.48347854614258,12852100,0.0,0.0,0.0,XLV
2013-06-06,38.47535866821243,39.04404067993164,38.31287765071156,39.04404067993164,16861800,0.0,0.0,0.0,XLV
2013-06-07,39.23900826992563,39.61271237271848,39.23088561511148,39.4014892578125,7663500,0.0,0.0,0.0,XLV
2013-06-10,39.58022028535183,39.62083975923056,39.32837458879618,39.45835876464844,5663700,0.0,0.0,0.0,XLV
2013-06-11,39.14965057336644,39.53960315459588,38.98717265548824,39.29588317871094,9941700,0.0,0.0,0.0,XLV
2013-06-12,39.47461661424213,39.65334606093176,38.89781188964844,38.89781188964844,8582800,0.0,0.0,0.0,XLV
2013-06-13,38.80031531121192,39.54772670791999,38.605340580987175,39.49898147583008,6904900,0.0,0.0,0.0,XLV
2013-06-14,39.393363380239215,39.67770276147921,39.352740812290506,39.43398284912109,7314000,0.0,0.0,0.0,XLV
2013-06-17,39.60458870429362,39.83206022207325,39.32837196167535,39.52334976196289,8437400,0.0,0.0,0.0,XLV
2013-06-18,39.50710084258476,39.88892758547993,39.50710084258476,39.8564338684082,7399700,0.0,0.0,0.0,XLV
2013-06-19,39.85643477975206,39.9133026597616,39.21463659213925,39.22275924682617,22305700,0.0,0.0,0.0,XLV
2013-06-20,39.00341315856687,39.00341315856687,38.10164966889452,38.21538543701172,28952100,0.0,0.0,0.0,XLV
2013-06-21,38.55159624553258,38.83722282007648,38.26596655789249,38.59239959716797,15980600,0.212,0.0,0.0,XLV
2013-06-24,38.257824152824426,38.59241676604102,37.90690956907317,38.26598358154297,19003300,0.0,0.0,0.0,XLV
2013-06-25,38.59241039818956,38.61689179340326,38.20069250928494,38.46183776855469,5688300,0.0,0.0,0.0,XLV
2013-06-26,38.71483662140835,39.16368314135938,38.682195785219655,39.016788482666016,7600000,0.0,0.0,0.0,XLV
2013-06-27,39.26975680123704,39.38400746844088,39.098380800431286,39.1555061340332,5338200,0.0,0.0,0.0,XLV
2013-06-28,39.12286996895973,39.30240854628847,38.81276184297096,38.85356521606445,8770700,0.0,0.0,0.0,XLV
2013-07-01,38.967815190948606,39.3840145698219,38.5026498974029,38.95965576171875,25892000,0.0,0.0,0.0,XLV
2013-07-02,38.935173290013765,39.10654933070936,38.76379724931817,38.878047943115234,5127400,0.0,0.0,0.0,XLV
2013-07-03,38.73115355924637,38.95149551863197,38.54345554490262,38.8209228515625,3926100,0.0,0.0,0.0,XLV
2013-07-05,39.082052551826905,39.35951974749242,38.9678019029817,39.35136032104492,4384400,0.0,0.0,0.0,XLV
2013-07-08,39.55539433677956,39.68596699819528,39.46562504835041,39.57171630859375,6630200,0.0,0.0,0.0,XLV
2013-07-09,39.72675077106818,39.78387608768485,39.51456835526662,39.68594741821289,5581000,0.0,0.0,0.0,XLV
2013-07-10,39.637005578359975,40.07768952803185,39.637005578359975,39.94711685180664,5040000,0.0,0.0,0.0,XLV
2013-07-11,40.35515141779693,40.51020547708344,40.27354156046371,40.46124267578125,7471900,0.0,0.0,0.0,XLV
2013-07-12,40.46940979936995,40.71423319172212,40.363318521214616,40.70607376098633,5578200,0.0,0.0,0.0,XLV
2013-07-15,40.8039820152267,40.8039820152267,40.56731817239516,40.746856689453125,4266200,0.0,0.0,0.0,XLV
2013-07-16,40.78768695926617,40.84481232272924,40.41229082419489,40.51021957397461,7064100,0.0,0.0,0.0,XLV
2013-07-17,40.61629486083984,40.82031482511184,40.55916951989149,40.61629486083984,4668600,0.0,0.0,0.0,XLV
2013-07-18,40.70606745712812,40.87744349392503,40.68158294251581,40.73054885864258,6544700,0.0,0.0,0.0,XLV
2013-07-19,40.65710128556635,41.29364262572588,40.57549453896563,41.269161224365234,6559600,0.0,0.0,0.0,XLV
2013-07-22,41.25284071885077,41.55478942772427,41.19571537158005,41.473182678222656,6172800,0.0,0.0,0.0,XLV
2013-07-23,41.53846500245071,41.55478385968606,41.2446757626538,41.3262825012207,5310900,0.0,0.0,0.0,XLV
2013-07-24,41.44869192952668,41.50581726391593,41.13858074777271,41.26099395751953,3790100,0.0,0.0,0.0,XLV
2013-07-25,41.24467349365099,41.47317483954576,40.96720623945135,41.46501541137695,3869100,0.0,0.0,0.0,XLV
2013-07-26,41.39158091342879,41.742495582122,41.17939835821515,41.73433303833008,4832700,0.0,0.0,0.0,XLV
2013-07-29,41.68535143981917,41.79143955651232,41.48949094736804,41.61190414428711,6497400,0.0,0.0,0.0,XLV
2013-07-30,41.93019030504579,42.01179705792524,41.456862421670365,41.620079040527344,5698800,0.0,0.0,0.0,XLV
2013-07-31,41.70168309088278,41.97915039102865,41.6037543711542,41.63639831542969,6477200,0.0,0.0,0.0,XLV
2013-08-01,41.89754104614258,42.02811370205223,41.78329036135885,41.89754104614258,8762400,0.0,0.0,0.0,XLV
2013-08-02,41.73431416659291,41.91385269165039,41.72615473958889,41.91385269165039,3817700,0.0,0.0,0.0,XLV
2013-08-05,41.88121662820195,41.99546730631085,41.77512537863047,41.85673522949219,3479800,0.0,0.0,0.0,XLV
2013-08-06,41.79144988398534,41.92202254018748,41.51398260041859,41.6608772277832,4280200,0.0,0.0,0.0,XLV
2013-08-07,41.57926891156913,41.76696690318797,41.41605231921871,41.69351959228515,3955200,0.0,0.0,0.0,XLV
2013-08-08,41.84041421409078,41.889380125725175,41.54662497047953,41.69351959228515,3629500,0.0,0.0,0.0,XLV
2013-08-09,41.58743041652804,41.80777236023696,41.39973241553846,41.54662704467773,3902400,0.0,0.0,0.0,XLV
2013-08-12,41.5139762044855,41.5139762044855,41.25283093231509,41.375244140625,3841800,0.0,0.0,0.0,XLV
2013-08-13,41.53846268164001,41.62822884380925,41.16306361115274,41.53030014038086,4430100,0.0,0.0,0.0,XLV
2013-08-14,41.407881140844445,41.63638243743835,41.17937673115386,41.203861236572266,5878500,0.0,0.0,0.0,XLV
2013-08-15,40.828490345582814,40.95090361763159,40.502060141950814,40.51021957397461,6461300,0.0,0.0,0.0,XLV
2013-08-16,40.41226758767298,40.49387431338348,40.26537299091645,40.3224983215332,10277800,0.0,0.0,0.0,XLV
2013-08-19,40.29802922342229,40.599977936407534,40.20825992988933,40.395957946777344,8096300,0.0,0.0,0.0,XLV
2013-08-20,40.42045025621869,40.67343623234003,40.37964686990205,40.51021957397461,5029400,0.0,0.0,0.0,XLV
2013-08-21,40.43674539191501,40.64076530117098,40.17560015711509,40.2653694152832,6178400,0.0,0.0,0.0,XLV
2013-08-22,40.412272913796734,40.59181146973851,40.322503635825846,40.52652359008789,2768500,0.0,0.0,0.0,XLV
2013-08-23,40.53468612346191,40.68158075083053,40.37963206706066,40.63261795043945,2366700,0.0,0.0,0.0,XLV
2013-08-26,40.70606501305444,40.94272581071293,40.632617699823136,40.68974304199219,3936700,0.0,0.0,0.0,XLV
2013-08-27,40.35514254296993,40.40410533350431,39.94710268533241,40.02870941162109,6653400,0.0,0.0,0.0,XLV
2013-08-28,40.03687123661869,40.34697928145145,39.84101073869015,40.2000846862793,6008600,0.0,0.0,0.0,XLV
2013-08-29,40.12663782149215,40.583643579523255,39.99606519249713,40.3224983215332,4042600,0.0,0.0,0.0,XLV
2013-08-30,40.37961783119875,40.37961783119875,40.04502532306385,40.16743850708008,4127300,0.0,0.0,0.0,XLV
2013-09-03,40.57550643278962,40.69791658857257,40.24091369269159,40.42861175537109,6062900,0.0,0.0,0.0,XLV
2013-09-04,40.395943951432535,40.93455641292776,40.395943951432535,40.89375305175781,4049700,0.0,0.0,0.0,XLV
2013-09-05,40.97535190329607,40.99983640577242,40.80397595144312,40.950870513916016,4288000,0.0,0.0,0.0,XLV
2013-09-06,41.06513757208682,41.2120321933088,40.47755908719893,40.96720886230469,5636300,0.0,0.0,0.0,XLV
2013-09-09,41.04065270694697,41.22835068196855,40.91823949523419,41.22018814086914,4286700,0.0,0.0,0.0,XLV
2013-09-10,41.40788357719869,41.52213423221792,41.26098898843201,41.48133087158203,6500100,0.0,0.0,0.0,XLV
2013-09-11,41.57925367847743,41.79143299163008,41.46500303961859,41.7587890625,6753900,0.0,0.0,0.0,XLV
2013-09-12,41.70167902100877,41.8648956133592,41.66087565119556,41.69351959228515,3098400,0.0,0.0,0.0,XLV
2013-09-13,41.775109463048,41.848556744292665,41.64453686451262,41.79143142700195,3668600,0.0,0.0,0.0,XLV
2013-09-16,42.15868017179253,42.30557477727347,42.044429503773415,42.166839599609375,6845800,0.0,0.0,0.0,XLV
2013-09-17,42.19948556956726,42.19948556956726,42.01995013107458,42.19132614135742,3654000,0.0,0.0,0.0,XLV
2013-09-18,42.19132360171171,42.53407560164593,41.922015790537245,42.45246887207031,6868600,0.0,0.0,0.0,XLV
2013-09-19,42.59120321566519,42.59120321566519,42.23212922796852,42.31373596191406,6104100,0.0,0.0,0.0,XLV
2013-09-20,42.43910678918542,42.51285705022424,42.217856006068985,42.23424530029297,8986300,0.213,0.0,0.0,XLV
2013-09-23,42.1850879837998,42.1850879837998,41.79175420171982,41.93925476074219,4773800,0.0,0.0,0.0,XLV
2013-09-24,41.97203647099317,41.98842577053801,41.70981393015418,41.726200103759766,5956800,0.0,0.0,0.0,XLV
2013-09-25,41.791763742480754,41.80815304455136,41.39842987060547,41.39842987060547,5207500,0.0,0.0,0.0,XLV
2013-09-26,41.38202766731416,41.6934180576974,41.38202766731416,41.54591751098633,4319300,0.0,0.0,0.0,XLV
2013-09-27,41.316470479469785,41.61966778434186,41.27549880003644,41.54591751098633,3937100,0.0,0.0,0.0,XLV
2013-09-30,41.25091470002379,41.57869437372055,41.193553726017655,41.45577621459961,8585300,0.0,0.0,0.0,XLV
2013-10-01,41.48855441472184,42.00480317589395,41.43119344125827,41.98022079467773,11685100,0.0,0.0,0.0,XLV
2013-10-02,41.70161020667715,41.898278639854745,41.61147063838487,41.88188934326172,6404800,0.0,0.0,0.0,XLV
2013-10-03,41.83272512887568,41.84911442690865,41.341058691642296,41.51314163208008,7228300,0.0,0.0,0.0,XLV
2013-10-04,41.57871199883133,42.004821378949714,41.48857239405783,41.9720458984375,4503400,0.0,0.0,0.0,XLV
2013-10-07,41.68521985373372,41.77535941974177,41.50494384765625,41.50494384765625,3971800,0.0,0.0,0.0,XLV
2013-10-08,41.595080727695695,41.750777480061416,40.88216352908727,40.90674591064453,7360000,0.0,0.0,0.0,XLV
2013-10-09,40.98868615645105,41.07882570969886,40.62813106939797,40.83299255371094,11388100,0.0,0.0,0.0,XLV
2013-10-10,41.185363249858085,41.80814409141473,41.185363249858085,41.78356170654297,7330100,0.0,0.0,0.0,XLV
2013-10-11,41.75077690082347,42.0375817681413,41.74258068979232,41.98022079467773,4694600,0.0,0.0,0.0,XLV
2013-10-14,41.77537235704596,42.28342819213867,41.66884346186957,42.28342819213867,8858200,0.0,0.0,0.0,XLV
2013-10-15,42.2342551376294,42.36536639602189,41.988421918885855,42.01300430297851,8043100,0.0,0.0,0.0,XLV
2013-10-16,42.21786068865567,42.88980619667657,42.21786068865567,42.873416900634766,7239000,0.0,0.0,0.0,XLV
2013-10-17,42.64398292121484,43.27495689878071,42.64398292121484,43.23398208618164,6823400,0.0,0.0,0.0,XLV
2013-10-18,43.28316346461097,43.3077458590742,42.84066160863122,43.06191253662109,7646000,0.0,0.0,0.0,XLV
2013-10-21,43.10286736117376,43.11106357341287,42.72592287259092,42.84064483642578,4103300,0.0,0.0,0.0,XLV
2013-10-22,42.96356043464082,43.34050490060661,42.91439254197354,43.24217224121094,5053300,0.0,0.0,0.0,XLV
2013-10-23,43.13564253166438,43.26675378362322,42.95536338799391,43.16022491455078,5140800,0.0,0.0,0.0,XLV
2013-10-24,43.32411476098404,43.40606124717008,43.127449446015184,43.16022491455078,3725600,0.0,0.0,0.0,XLV
2013-10-25,43.21760559082031,43.233991768402426,42.99635468218154,43.21760559082031,3855900,0.0,0.0,0.0,XLV
2013-10-28,43.22580027911013,43.45524428503016,43.15204997350153,43.36510467529297,8983400,0.0,0.0,0.0,XLV
2013-10-29,43.496207586049465,43.66009433204104,43.36509318775331,43.65190124511719,7262900,0.0,0.0,0.0,XLV
2013-10-30,43.80758313153384,43.84036172229911,43.283138183043405,43.414249420166016,8240300,0.0,0.0,0.0,XLV
2013-10-31,43.40606209082963,43.57814502625677,43.18481126273522,43.24217224121094,5904000,0.0,0.0,0.0,XLV
2013-11-01,43.3405004122677,43.57814051330787,43.21758538223691,43.52897262573242,10779200,0.0,0.0,0.0,XLV
2013-11-04,43.56994158908841,43.69285973740303,43.42244418742458,43.56174850463867,3156100,0.0,0.0,0.0,XLV
2013-11-05,43.43063871554865,43.51258206652336,43.21758412745134,43.414249420166016,4248100,0.0,0.0,0.0,XLV
2013-11-06,43.5781519636002,43.67648463864975,43.26676151234733,43.3159294128418,4731100,0.0,0.0,0.0,XLV
2013-11-07,43.48799820904644,43.61091635727119,42.9061923094511,42.9307746887207,6050900,0.0,0.0,0.0,XLV
2013-11-08,42.9307747201045,43.59452709431435,42.9307747201045,43.56174850463867,6663800,0.0,0.0,0.0,XLV
2013-11-11,43.51258480222111,43.74203182606519,43.51258480222111,43.66828155517578,5095700,0.0,0.0,0.0,XLV
2013-11-12,43.59453487864198,43.676478241524784,43.4470343247018,43.643699645996094,3064100,0.0,0.0,0.0,XLV
2013-11-13,43.46341787418431,43.889530181884766,43.35688901577457,43.889530181884766,5214800,0.0,0.0,0.0,XLV
2013-11-14,44.00424783622432,44.30744196036727,43.98785854222493,44.25827407836914,6201800,0.0,0.0,0.0,XLV
2013-11-15,44.27466991885487,44.51231002807617,44.1845303514993,44.51231002807617,4004400,0.0,0.0,0.0,XLV
2013-11-18,44.55328795656224,44.67620613400747,44.21731514760958,44.315650939941406,3796600,0.0,0.0,0.0,XLV
2013-11-19,44.18452040538214,44.43035667044537,44.06979848218621,44.36479949951172,4515100,0.0,0.0,0.0,XLV
2013-11-20,44.40578251851853,44.700783611246486,44.31564607435278,44.49592208862305,4744000,0.0,0.0,0.0,XLV
2013-11-21,44.64344133261211,44.81552433346253,44.56149793961861,44.67621994018555,4590300,0.0,0.0,0.0,XLV
2013-11-22,44.897435418442335,45.27437973022461,44.84826754588645,45.27437973022461,5924700,0.0,0.0,0.0,XLV
2013-11-25,45.512050019030525,45.651354394987415,45.38093873097829,45.454689025878906,5270100,0.0,0.0,0.0,XLV
2013-11-26,45.46285929872427,45.57758122745552,45.29077640562739,45.32355499267578,5035300,0.0,0.0,0.0,XLV
2013-11-27,45.3891218621443,45.536622419589214,45.21703892043823,45.30717849731445,4449500,0.0,0.0,0.0,XLV
2013-11-29,45.39732168433446,45.45468266946468,45.18426391733142,45.282596588134766,2837700,0.0,0.0,0.0,XLV
2013-12-02,45.26620905559695,45.40551340789112,45.15148396284163,45.29898452758789,4724400,0.0,0.0,0.0,XLV
2013-12-03,45.21704152349906,45.21704152349906,44.80731842388485,44.9056510925293,4402300,0.0,0.0,0.0,XLV
2013-12-04,44.71717181589115,45.05314457974945,44.38939213732461,44.74995040893555,3474900,0.0,0.0,0.0,XLV
2013-12-05,44.69258858956346,44.9138393995243,44.56147734580206,44.66800308227539,3612800,0.0,0.0,0.0,XLV
2013-12-06,45.04495535933462,45.26620619245965,44.92203718784106,45.24981689453125,4846500,0.0,0.0,0.0,XLV
2013-12-09,45.421878628181325,45.471046499012,45.28257122379651,45.339935302734375,3896200,0.0,0.0,0.0,XLV
2013-12-10,45.32357310232733,45.32357310232733,44.96301475260528,45.15968322753906,3545500,0.0,0.0,0.0,XLV
2013-12-11,45.16787023980847,45.16787023980847,44.32384171818361,44.38120269775391,9989200,0.0,0.0,0.0,XLV
2013-12-12,44.36481683885117,44.4057885237289,44.04523332048998,44.061622619628906,5645400,0.0,0.0,0.0,XLV
2013-12-13,44.192742630977904,44.28288223110786,43.90593765414605,44.09440994262695,4319500,0.0,0.0,0.0,XLV
2013-12-16,44.25828155369989,44.561478854991805,44.09439483790167,44.17633819580078,6211600,0.0,0.0,0.0,XLV
2013-12-17,44.192719772209045,44.26647003180975,43.75841442452611,43.96327590942383,5132600,0.0,0.0,0.0,XLV
2013-12-18,44.08620344363298,45.0695394755603,43.84037021713593,45.05315017700195,10210000,0.0,0.0,0.0,XLV
2013-12-19,44.9465996291053,44.98757441871541,44.70076652113248,44.95479583740234,6691000,0.0,0.0,0.0,XLV
2013-12-20,45.08234607588532,45.31273486322169,45.00006212411389,45.18108367919922,6813200,0.225,0.0,0.0,XLV
2013-12-23,45.41970900688496,45.42793583384725,45.23046059862942,45.3538818359375,3849400,0.0,0.0,0.0,XLV
2013-12-24,45.362121069147655,45.37857786524663,45.20578307561388,45.271610260009766,3291900,0.0,0.0,0.0,XLV
2013-12-26,45.28805199840093,45.60895156860352,45.28805199840093,45.60895156860352,2592600,0.0,0.0,0.0,XLV
2013-12-27,45.74061313526799,45.74061313526799,45.48553753087539,45.56782150268555,2668100,0.0,0.0,0.0,XLV
2013-12-30,45.5678298313396,45.641883850097656,45.33743780697388,45.641883850097656,2374200,0.0,0.0,0.0,XLV
2013-12-31,45.68300703524471,45.71592061756432,45.44438827164542,45.61717987060547,6008000,0.0,0.0,0.0,XLV
2014-01-02,45.510214301174415,45.600721942077975,45.25513875277738,45.36210632324219,8771800,0.0,0.0,0.0,XLV
2014-01-03,45.43616761598775,45.66655644588939,45.378570408512346,45.46907806396485,3642500,0.0,0.0,0.0,XLV
2014-01-06,45.60895284737286,45.75706082835926,45.21399927767979,45.279823303222656,9123500,0.0,0.0,0.0,XLV
2014-01-07,45.4855324509069,45.90517281324046,45.4855324509069,45.75706481933594,5714000,0.0,0.0,0.0,XLV
2014-01-08,45.83112892548687,46.22608261674507,45.70770452373802,46.160255432128906,7793300,0.0,0.0,0.0,XLV
2014-01-09,46.22608484572833,46.53875771010608,46.11911723497564,46.50584411621094,6204700,0.0,0.0,0.0,XLV
2014-01-10,46.62102433375588,46.6950783280224,46.25075436242323,46.68685150146485,7734300,0.0,0.0,0.0,XLV
2014-01-13,46.78557943065674,46.95837100191065,46.20960438766559,46.30834197998047,12815600,0.0,0.0,0.0,XLV
2014-01-14,46.3824116657363,46.96661687022741,46.333044422267,46.89256286621094,6943500,0.0,0.0,0.0,XLV
2014-01-15,46.99130254269794,46.99130254269794,46.7280001033292,46.85142135620117,10054100,0.0,0.0,0.0,XLV
2014-01-16,46.83495942547141,47.04889459575632,46.77736221935139,46.96661376953125,5489900,0.0,0.0,0.0,XLV
2014-01-17,46.96662197456146,47.098273202808336,46.78560035866719,46.91725158691406,6907500,0.0,0.0,0.0,XLV
2014-01-21,47.15586366065135,47.271058076506186,46.82673406779831,47.18877410888672,5697400,0.0,0.0,0.0,XLV
2014-01-22,47.22167421098674,47.31218498011506,47.073566250378846,47.22990417480469,5391300,0.0,0.0,0.0,XLV
2014-01-23,47.04066156204116,47.18876955063713,46.59634073506536,46.90078353881836,7052900,0.0,0.0,0.0,XLV
2014-01-24,46.621023259172354,46.71153404327991,45.79820251464844,45.79820251464844,13101900,0.0,0.0,0.0,XLV
2014-01-27,45.78174975637552,45.88048737554959,45.27982855578781,45.42793655395508,13825900,0.0,0.0,0.0,XLV
2014-01-28,45.715923670687545,46.22607167546382,45.691236912893146,46.03682327270508,8806300,0.0,0.0,0.0,XLV
2014-01-29,45.72414744373825,46.07796060664422,45.460845062805234,45.61717987060547,12281200,0.0,0.0,0.0,XLV
2014-01-30,46.06973774529184,46.55520214044402,46.04505098702157,46.44823455810547,10714100,0.0,0.0,0.0,XLV
2014-01-31,45.971001385137626,46.31658778465293,45.82289337660429,46.0450553894043,10821300,0.0,0.0,0.0,XLV
2014-02-03,46.1602263329556,46.29187748038279,45.05764679619883,45.139930725097656,15808800,0.0,0.0,0.0,XLV
2014-02-04,45.39501894400301,45.641867678275226,45.25514092414,45.58427047729492,10080000,0.0,0.0,0.0,XLV
2014-02-05,45.559574241828265,45.641858182403695,44.96714556374212,45.32918548583984,16384200,0.0,0.0,0.0,XLV
2014-02-06,45.43616249225641,45.641867678275226,45.37033532610061,45.58427047729492,7842200,0.0,0.0,0.0,XLV
2014-02-07,45.65009830993579,46.3824083309967,45.52667707132359,46.36595153808594,11497100,0.0,0.0,0.0,XLV
2014-02-10,46.45646192529002,46.76913471024797,46.27544348247208,46.75267791748047,7902800,0.0,0.0,0.0,XLV
2014-02-11,46.7855907406653,47.42738995407858,46.67862315882568,47.38624954223633,10380300,0.0,0.0,0.0,XLV
2014-02-12,47.5343575359182,47.64955194460138,47.24636837539802,47.38624954223633,6535800,0.0,0.0,0.0,XLV
2014-02-13,47.13117036546163,47.74828591237872,47.04888954806415,47.72360229492188,8256400,0.0,0.0,0.0,XLV
2014-02-14,47.682468413852654,47.97045445298052,47.583730791696304,47.89640045166016,8379800,0.0,0.0,0.0,XLV
2014-02-18,48.11033231493561,48.43945874572741,48.01159156076709,48.34072113037109,10874200,0.0,0.0,0.0,XLV
2014-02-19,48.32426143400866,48.497053035201525,47.978678231622936,48.04450225830078,10732700,0.0,0.0,0.0,XLV
2014-02-20,48.110342969509816,48.55466390641921,47.945778148263095,48.48060989379883,9852300,0.0,0.0,0.0,XLV
2014-02-21,48.52996514187901,48.72744349353015,48.33248992903978,48.39008712768555,5196300,0.0,0.0,0.0,XLV
2014-02-24,48.55465404263021,49.03189161341448,48.48060004505376,48.75213241577149,6464300,0.0,0.0,0.0,XLV
2014-02-25,48.67807826357375,48.90024025559741,48.488829856771126,48.62870788574219,6858600,0.0,0.0,0.0,XLV
2014-02-26,48.76858905352549,48.933153840818456,48.51351347628079,48.62870788574219,7449000,0.0,0.0,0.0,XLV
2014-02-27,48.62871093948615,48.908470153808594,48.497059729146905,48.908470153808594,5980100,0.0,0.0,0.0,XLV
2014-02-28,48.94961370732472,49.37747778681791,48.48883290173115,48.908470153808594,10341200,0.0,0.0,0.0,XLV
2014-03-03,48.26666568162194,48.74390322930461,48.22552527136256,48.546424865722656,8919900,0.0,0.0,0.0,XLV
2014-03-04,48.99074883690855,49.53381041332402,48.99074883690855,49.46798324584961,9658900,0.0,0.0,0.0,XLV
2014-03-05,49.54203392741592,49.56672068297429,49.27050472676899,49.34455871582031,10740200,0.0,0.0,0.0,XLV
2014-03-06,49.60785982290503,49.78065141333897,48.933147112705214,49.04011154174805,14206800,0.0,0.0,0.0,XLV
2014-03-07,49.303414417732405,49.36924157980183,48.60401808420996,48.916690826416016,12630300,0.0,0.0,0.0,XLV
2014-03-10,48.916693193262574,49.14708199402928,48.66984760118225,49.12239837646485,7775900,0.0,0.0,0.0,XLV
2014-03-11,49.12240400221361,49.36924962256395,48.91669879545292,49.02366638183594,6031700,0.0,0.0,0.0,XLV
2014-03-12,48.78504544809368,49.07303146939748,48.63693745461967,49.01543426513672,8822700,0.0,0.0,0.0,XLV
2014-03-13,49.17177412229407,49.19646088294331,48.25021562091097,48.34895324707031,12551400,0.0,0.0,0.0,XLV
2014-03-14,48.274895994919554,48.464147545643634,48.06096396283177,48.08564758300781,8006100,0.0,0.0,0.0,XLV
2014-03-17,48.38186535721907,48.760362194943056,48.299584527735576,48.55465698242188,6430200,0.0,0.0,0.0,XLV
2014-03-18,48.653402713222725,49.17177764177143,48.60403232720309,49.07304000854492,6147200,0.0,0.0,0.0,XLV
2014-03-19,49.13062047713744,49.402152799477136,48.61224572527169,48.9249153137207,8404800,0.0,0.0,0.0,XLV
2014-03-20,48.9249153137207,48.98251250837245,48.66161295565222,48.9249153137207,4895400,0.0,0.0,0.0,XLV
2014-03-21,49.135458851663216,49.308851375641154,47.94649909255146,48.03732299804688,19504500,0.205,0.0,0.0,XLV
2014-03-24,48.20245612403001,48.26025258097976,47.15385831274484,47.50063705444336,20490000,0.0,0.0,0.0,XLV
2014-03-25,47.65753193658444,48.243755140458255,47.42634288108567,47.92174530029297,14646400,0.0,0.0,0.0,XLV
2014-03-26,48.14466068792721,48.51620844771934,47.89695798183812,47.9382438659668,13638300,0.0,0.0,0.0,XLV
2014-03-27,47.9630278544173,48.08687924613768,47.41808740025674,47.8309211730957,12961000,0.0,0.0,0.0,XLV
2014-03-28,47.97954887643811,48.42541017479869,47.49240482445278,47.6492805480957,13128800,0.0,0.0,0.0,XLV
2014-03-31,48.04557505137319,48.33456047210589,47.88869941132094,48.29327774047851,9508100,0.0,0.0,0.0,XLV
2014-04-01,48.433655086305,48.82171981649408,48.26852095752209,48.59878921508789,10114900,0.0,0.0,0.0,XLV
2014-04-02,48.71437827950569,48.84648494207343,48.557502601978776,48.81345748901367,8999300,0.0,0.0,0.0,XLV
2014-04-03,48.90427794231818,48.937305393035984,48.38410661736157,48.70611953735352,9609100,0.0,0.0,0.0,XLV
2014-04-04,48.97032737829578,49.11894774026766,47.872188387022526,47.89695739746094,20115400,0.0,0.0,0.0,XLV
2014-04-07,47.64927290858603,48.18595806867876,47.19515639217695,47.418087005615234,15263300,0.0,0.0,0.0,XLV
2014-04-08,47.45936916026145,47.48413817822154,46.74103929237388,47.03002166748047,15165000,0.0,0.0,0.0,XLV
2014-04-09,47.13734552944712,48.04557828505976,47.10431808205411,48.03732299804688,14438600,0.0,0.0,0.0,XLV
2014-04-10,48.02082714372571,48.095137353176725,46.328209205865896,46.435546875,17622500,0.0,0.0,0.0,XLV
2014-04-11,46.22912529346957,46.80709003101627,45.8740880120214,45.9979362487793,14710100,0.0,0.0,0.0,XLV
2014-04-14,46.311695099745336,46.518111996579705,45.73372715867473,46.25389862060547,11085300,0.0,0.0,0.0,XLV
2014-04-15,46.4355466790534,46.84838047433431,45.758496357094536,46.749298095703125,17424500,0.0,0.0,0.0,XLV
2014-04-16,47.1538772640213,47.23644276436977,46.6832469827567,46.98048782348633,29585700,0.0,0.0,0.0,XLV
2014-04-17,46.99698275704095,47.21165802594994,46.72451417686681,46.97221374511719,8656900,0.0,0.0,0.0,XLV
2014-04-21,47.0630383861783,47.55018224282909,46.97221447481902,47.533668518066406,5545000,0.0,0.0,0.0,XLV
2014-04-22,47.87220801252487,48.30981084124517,47.80615624105389,48.053855895996094,8980300,0.0,0.0,0.0,XLV
2014-04-23,48.13642102724362,48.161193197317566,47.649277011415656,47.81441116333008,8668900,0.0,0.0,0.0,XLV
2014-04-24,48.06211072388966,48.06211072388966,47.29423959618623,47.7401008605957,8012600,0.0,0.0,0.0,XLV
2014-04-25,47.70706535095496,47.723579078295536,47.26120731144497,47.38505554199219,6368600,0.0,0.0,0.0,XLV
2014-04-28,47.78136439911341,47.99603965477392,47.046521027130034,47.665771484375,9735200,0.0,0.0,0.0,XLV
2014-04-29,47.748359481406695,47.98780069497354,47.62450807982193,47.94651794433594,8955800,0.0,0.0,0.0,XLV
2014-04-30,47.86394093192508,48.062099347197815,47.69880681941699,47.987789154052734,11115200,0.0,0.0,0.0,XLV
2014-05-01,48.020828338504806,48.35935193449939,47.71533220301506,48.09513854980469,6857500,0.0,0.0,0.0,XLV
2014-05-02,48.07861291716108,48.16943683622892,47.58321373091806,47.68229293823242,6126300,0.0,0.0,0.0,XLV
2014-05-05,47.51717068842508,48.01257314801135,47.23644357289447,47.99605941772461,7218700,0.0,0.0,0.0,XLV
2014-05-06,47.946505948697,47.946505948697,47.55018597232101,47.574954986572266,6117700,0.0,0.0,0.0,XLV
2014-05-07,47.64101763167994,47.71532783617906,47.08781874270387,47.707069396972656,9058100,0.0,0.0,0.0,XLV
2014-05-08,47.7318302330581,47.98778509360054,47.318996561555096,47.45110321044922,7710000,0.0,0.0,0.0,XLV
2014-05-09,47.5006564982641,47.7896420509763,47.15387761461583,47.7401008605957,7298600,0.0,0.0,0.0,XLV
2014-05-12,47.92998932032061,48.26025752213736,47.84742384470192,48.22723007202149,5244500,0.0,0.0,0.0,XLV
2014-05-13,48.351085368657294,48.47493359216083,48.23548928384757,48.301544189453125,3230400,0.0,0.0,0.0,XLV
2014-05-14,48.27677156043934,48.4831884004964,48.136406471371615,48.33456802368164,3746700,0.0,0.0,0.0,XLV
2014-05-15,48.1611895474511,48.21072758450084,47.62450438181958,47.847434997558594,6469400,0.0,0.0,0.0,XLV
2014-05-16,47.90522795761101,48.0538483571948,47.64926990284523,48.01256561279297,8913400,0.0,0.0,0.0,XLV
2014-05-19,48.01255777864247,48.342822829639694,47.88870641597414,48.30979537963867,4386100,0.0,0.0,0.0,XLV
2014-05-20,48.30979903999452,48.342826492497984,47.86394102988277,48.004302978515625,4611800,0.0,0.0,0.0,XLV
2014-05-21,48.16943403546329,48.45016106459072,48.07035483390979,48.408878326416016,3921500,0.0,0.0,0.0,XLV
2014-05-22,48.42539591902065,48.85474020993156,48.26851709188851,48.6978645324707,3526100,0.0,0.0,0.0,XLV
2014-05-23,48.71438188747295,48.81346110431912,48.557506198327246,48.72263717651367,2796300,0.0,0.0,0.0,XLV
2014-05-27,48.98685073852539,49.02813348060081,48.72263425996584,48.98685073852539,3246500,0.0,0.0,0.0,XLV
2014-05-28,48.962078074440825,49.08592944907589,48.84648513793945,48.84648513793945,4401700,0.0,0.0,0.0,XLV
2014-05-29,48.97033335223325,49.23454666137695,48.97033335223325,49.23454666137695,2682200,0.0,0.0,0.0,XLV
2014-05-30,49.1354682308693,49.391426272517485,49.12721294228061,49.36665725708008,7778100,0.0,0.0,0.0,XLV
2014-06-02,49.32536282157792,49.49049375157604,49.06114640430562,49.43269729614258,4880300,0.0,0.0,0.0,XLV
2014-06-03,49.31710461023005,49.55654886935835,49.21802542184513,49.52352142333984,3054500,0.0,0.0,0.0,XLV
2014-06-04,49.48224682004634,49.66389465332031,49.3583954519648,49.66389465332031,3599800,0.0,0.0,0.0,XLV
2014-06-05,49.72168731689453,49.87856297475513,49.36665011518871,49.72168731689453,3929800,0.0,0.0,0.0,XLV
2014-06-06,49.76298121766703,49.87031887590097,49.5730780682818,49.672157287597656,3950900,0.0,0.0,0.0,XLV
2014-06-09,49.630866382247504,49.67214912103588,49.31711189804791,49.41619110107422,5533400,0.0,0.0,0.0,XLV
2014-06-10,49.42444986271296,49.58132553100586,49.09418165089821,49.58132553100586,6921400,0.0,0.0,0.0,XLV
2014-06-11,49.37490106592715,49.59783160204619,49.35013205624857,49.52352142333984,5901200,0.0,0.0,0.0,XLV
2014-06-12,49.41620273413463,49.515285110157,49.16024780358974,49.275840759277344,4305300,0.0,0.0,0.0,XLV
2014-06-13,49.3171121393577,49.35839487834808,49.102440006805104,49.23454666137695,2950700,0.0,0.0,0.0,XLV
2014-06-16,49.45748480846794,49.70518443002912,49.168499291920256,49.33363342285156,9021700,0.0,0.0,0.0,XLV
2014-06-17,49.35014352108708,49.43270900564405,49.16024038686897,49.308860778808594,3728200,0.0,0.0,0.0,XLV
2014-06-18,49.25932750384606,49.713444041132746,49.19327573553417,49.7051887512207,5374200,0.0,0.0,0.0,XLV
2014-06-19,49.68040926535934,49.87031555175781,49.64738496090304,49.87031555175781,4313800,0.0,0.0,0.0,XLV
2014-06-20,50.02445959522381,50.29795151485352,49.97473235460911,50.28966522216797,4426700,0.226,0.0,0.0,XLV
2014-06-23,50.32283561253036,50.36427341451927,50.05762988599937,50.09906768798828,3406700,0.0,0.0,0.0,XLV
2014-06-24,50.264812616190696,50.53001829290802,50.07419307214288,50.13220977783203,4868300,0.0,0.0,0.0,XLV
2014-06-25,50.10735442653906,50.71235519312758,50.07420292005435,50.67920684814453,20099100,0.0,0.0,0.0,XLV
2014-06-26,50.803500746454745,50.83665224020915,50.32281673301773,50.745487213134766,11236400,0.0,0.0,0.0,XLV
2014-06-27,50.59631258801521,50.7372048666795,50.4388477226852,50.61288833618164,4840900,0.0,0.0,0.0,XLV
2014-06-30,50.64604035979924,50.76206743667151,50.355969506117816,50.41398620605469,6434500,0.0,0.0,0.0,XLV
2014-07-01,50.6128891988844,51.15158995822309,50.5548756600634,51.0521354675293,8145300,0.0,0.0,0.0,XLV
2014-07-02,51.03555946078692,51.441654205322266,50.96097017851504,51.441654205322266,4036600,0.0,0.0,0.0,XLV
2014-07-03,51.54939435129574,51.66542141974279,51.32562650721908,51.64884567260742,2468600,0.0,0.0,0.0,XLV
2014-07-07,51.44166083222039,51.65714241387627,51.21789295657819,51.25933074951172,3900300,0.0,0.0,0.0,XLV
2014-07-08,51.17646073735165,51.20132278351935,50.60461154498567,50.77865219116211,7145400,0.0,0.0,0.0,XLV
2014-07-09,50.91953988303042,51.04385643332712,50.646047898479374,50.9941291809082,5879900,0.0,0.0,0.0,XLV
2014-07-10,50.58802162203308,51.06870562845749,50.3974052779768,50.960968017578125,4726600,0.0,0.0,0.0,XLV
2014-07-11,51.0355619923282,51.11843757162985,50.753780596601615,51.06871032714844,3779600,0.0,0.0,0.0,XLV
2014-07-14,51.36706938144912,51.36706938144912,51.110150017657695,51.234466552734375,4078700,0.0,0.0,0.0,XLV
2014-07-15,51.26760948798621,51.30076098000341,50.67918473143229,50.79521179199219,5498900,0.0,0.0,0.0,XLV
2014-07-16,50.96098718900963,50.994135533250336,50.40571053308173,50.62947845458984,5279000,0.0,0.0,0.0,XLV
2014-07-17,50.43054739331092,50.85322097666029,50.01616326300762,50.07417678833008,7321900,0.0,0.0,0.0,XLV
2014-07-18,50.25651651590318,50.98583361120142,50.14048944286722,50.89466857910156,8938700,0.0,0.0,0.0,XLV
2014-07-21,50.7454830109378,50.77034504844456,50.51342889687412,50.68746948242188,3731900,0.0,0.0,0.0,XLV
2014-07-22,50.94439353395817,51.26761269761034,50.91952833263843,51.1267204284668,5640400,0.0,0.0,0.0,XLV
2014-07-23,51.50796646798504,51.615704102829575,51.30077433120553,51.541114807128906,7264400,0.0,0.0,0.0,XLV
2014-07-24,51.65713653302893,51.71515006883158,51.38364144010166,51.43336868286133,6107400,0.0,0.0,0.0,XLV
2014-07-25,51.3256352929525,51.34221104292523,50.98584032226393,51.24275970458984,4129300,0.0,0.0,0.0,XLV
2014-07-28,51.25933659541654,51.42509094755518,51.018996104391896,51.29248809814453,7004900,0.0,0.0,0.0,XLV
2014-07-29,51.44994977029482,51.52453589992452,51.23446819080596,51.33391952514648,5321800,0.0,0.0,0.0,XLV
2014-07-30,51.59084205809639,51.7814584445534,51.27590912497124,51.541114807128906,7752700,0.0,0.0,0.0,XLV
2014-07-31,51.07700379387214,51.184741423126496,50.48028945922851,50.48028945922851,8415200,0.0,0.0,0.0,XLV
2014-08-01,50.36426363404534,50.77864789646648,50.14049575295781,50.521728515625,16923800,0.0,0.0,0.0,XLV
2014-08-04,50.62947614147359,50.83666830064454,50.28139167008563,50.73721694946289,9208900,0.0,0.0,0.0,XLV
2014-08-05,50.52174109124879,50.68749546977622,50.08249467542765,50.24824905395508,10309500,0.0,0.0,0.0,XLV
2014-08-06,50.03274182301112,50.4305502311075,49.85041494523789,50.22335815429688,9568000,0.0,0.0,0.0,XLV
2014-08-07,50.33111020194736,50.38912374353895,49.48576595968311,49.57693099975586,10947000,0.0,0.0,0.0,XLV
2014-08-08,49.643241360000125,50.19851481516591,49.47748700450987,50.16536331176758,5472600,0.0,0.0,0.0,XLV
2014-08-11,50.36425168419566,50.51343023619198,50.11562181803521,50.14048385620117,4700600,0.0,0.0,0.0,XLV
2014-08-12,50.09077823068952,50.223381093955005,49.95817536742402,50.09906768798828,2878500,0.0,0.0,0.0,XLV
2014-08-13,50.29796540874794,50.75379066987829,50.28138965729762,50.704063415527344,4751900,0.0,0.0,0.0,XLV
2014-08-14,50.79522053092109,51.3007698059082,50.63775249749839,51.3007698059082,4797400,0.0,0.0,0.0,XLV
2014-08-15,51.54940787044833,51.607421419886265,50.87810416216476,51.35050201416016,7777600,0.0,0.0,0.0,XLV
2014-08-18,51.60740953212443,51.82288792875829,51.54110654146748,51.74829864501953,7448800,0.0,0.0,0.0,XLV
2014-08-19,51.82289475877018,52.12125193304729,51.64056783343496,52.08810043334961,3874500,0.0,0.0,0.0,XLV
2014-08-20,51.98865367413936,52.1709837770325,51.847764530268336,52.07981872558594,4513800,0.0,0.0,0.0,XLV
2014-08-21,52.15440368652344,52.31186856860212,52.10467643673495,52.15440368652344,3125900,0.0,0.0,0.0,XLV
2014-08-22,52.237280419162346,52.353307509709886,52.07981553363369,52.204132080078125,3248900,0.0,0.0,0.0,XLV
2014-08-25,52.51906902164495,52.70968543378408,52.38646616270026,52.60194778442383,4863000,0.0,0.0,0.0,XLV
2014-08-26,52.676525866331154,52.825704446045975,52.56878507842581,52.79255294799805,3601300,0.0,0.0,0.0,XLV
2014-08-27,52.91686122818242,52.94172643007458,52.67652079422892,52.7511100769043,4151700,0.0,0.0,0.0,XLV
2014-08-28,52.60195142265528,52.85058140518544,52.54393786544831,52.73455429077149,3466000,0.0,0.0,0.0,XLV
2014-08-29,52.81741485202615,52.97487972508884,52.684812021683655,52.92515563964844,4139100,0.0,0.0,0.0,XLV
2014-09-02,53.03289809207351,53.0826253405758,52.75940296756236,52.90029525756836,5076800,0.0,0.0,0.0,XLV
2014-09-03,53.23180912389441,53.38098772247105,53.01632752083871,53.14064407348633,5421900,0.0,0.0,0.0,XLV
2014-09-04,53.25666698357602,53.38926665910861,52.76769026773215,52.875431060791016,6231400,0.0,0.0,0.0,XLV
2014-09-05,52.8920039832547,53.190361141006825,52.3367306208278,53.182071685791016,6349400,0.0,0.0,0.0,XLV
2014-09-08,53.08261197647795,53.28980405082331,52.98315750451208,53.19034957885742,7204800,0.0,0.0,0.0,XLV
2014-09-09,53.26494423345847,53.28152314294528,52.91686301025149,53.04946899414063,6667300,0.0,0.0,0.0,XLV
2014-09-10,53.12405193474491,53.48871204558902,53.0163143215414,53.42240905761719,7039600,0.0,0.0,0.0,XLV
2014-09-11,53.21522559260875,53.34783159005772,53.00803346384623,53.27323913574219,6360300,0.0,0.0,0.0,XLV
2014-09-12,53.24838124960058,53.273243295313,52.734545615369534,52.88372421264648,7340200,0.0,0.0,0.0,XLV
2014-09-15,52.8837283119965,52.94174186415662,52.56050588517394,52.74283599853515,6082500,0.0,0.0,0.0,XLV
2014-09-16,52.66824688365242,53.50530182604751,52.601947035874325,53.4638671875,6907900,0.0,0.0,0.0,XLV
2014-09-17,53.430708666411945,53.71248693434297,53.11577257519238,53.50529479980469,6704300,0.0,0.0,0.0,XLV
2014-09-18,53.67932044695768,53.927953468186914,53.5798722968663,53.90309143066406,5460700,0.0,0.0,0.0,XLV
2014-09-19,54.19503436012631,54.31978764307474,53.88729478926415,53.9621467590332,6833500,0.231,0.0,0.0,XLV
2014-09-22,53.84572346738224,53.89563114216814,53.46313180357211,53.67106246948242,4005700,0.0,0.0,0.0,XLV
2014-09-23,53.172015775684606,53.58787699515796,53.08884480089766,53.35499572753906,7833900,0.0,0.0,0.0,XLV
2014-09-24,53.48806911531783,54.28652191162109,53.47143745823472,54.28652191162109,8120900,0.0,0.0,0.0,XLV
2014-09-25,54.21999729904066,54.23662895868856,53.39658737182617,53.39658737182617,11661500,0.0,0.0,0.0,XLV
2014-09-26,53.64609058105064,53.64609058105064,53.10546979445962,53.56291961669922,6513000,0.0,0.0,0.0,XLV
2014-09-29,53.113793380392586,53.62946355675484,53.07220789462639,53.44648361206055,10284100,0.0,0.0,0.0,XLV
2014-09-30,53.55461432044507,53.65442331052914,53.11380238560113,53.15538787841797,7580800,0.0,0.0,0.0,XLV
2014-10-01,53.313415649363534,53.313415649363534,52.42347275025588,52.59813690185547,11141700,0.0,0.0,0.0,XLV
2014-10-02,52.59813030244138,52.72288676905113,52.040874598722354,52.49000549316406,7225200,0.0,0.0,0.0,XLV
2014-10-03,52.93081347917671,53.63777625609035,52.89754382142874,53.57124328613281,11383100,0.0,0.0,0.0,XLV
2014-10-06,53.8041321546493,53.98711212537378,53.10548193420486,53.32173156738281,8287500,0.0,0.0,0.0,XLV
2014-10-07,53.213621415222654,53.23857525532428,52.473388671875,52.473388671875,11281800,0.0,0.0,0.0,XLV
2014-10-08,52.58149704293036,53.8540314424226,52.44842157091006,53.812442779541016,11412300,0.0,0.0,0.0,XLV
2014-10-09,53.72926722416637,53.78748753991958,52.66466353865701,52.69793319702149,15686000,0.0,0.0,0.0,XLV
2014-10-10,52.63970894591344,53.28013237132063,52.3735580444336,52.3735580444336,15606800,0.0,0.0,0.0,XLV
2014-10-13,52.39851493610971,52.42346559460261,51.07607609890665,51.13429641723633,17937500,0.0,0.0,0.0,XLV
2014-10-14,51.442033165442766,51.61669729431026,50.40238008471216,50.75170516967773,19321000,0.0,0.0,0.0,XLV
2014-10-15,50.177812209439125,50.56040373897065,49.24628086870708,50.33583831787109,32120100,0.0,0.0,0.0,XLV
2014-10-16,49.65383348352648,50.668532767848006,49.44590286020583,50.07801055908203,30185000,0.0,0.0,0.0,XLV
2014-10-17,50.560412571673005,51.20083929051789,50.44397192693205,50.87646484375,15704700,0.0,0.0,0.0,XLV
2014-10-20,50.71011027114894,51.53351358154461,50.71011027114894,51.49192810058594,9848900,0.0,0.0,0.0,XLV
2014-10-21,51.92443634161448,52.88923432237372,51.8745318490207,52.85596466064453,14961400,0.0,0.0,0.0,XLV
2014-10-22,52.87260667941939,53.00568217165785,52.44011053645189,52.589820861816406,13813800,0.0,0.0,0.0,XLV
2014-10-23,53.00566270514499,53.77916788396923,53.00566270514499,53.488059997558594,11165000,0.0,0.0,0.0,XLV
2014-10-24,53.63779574945747,54.26158778147261,53.52135507779123,54.23663711547851,9703500,0.0,0.0,0.0,XLV
2014-10-27,54.24493663759371,54.35305826658381,54.05363769110832,54.29483795166016,9110800,0.0,0.0,0.0,XLV
2014-10-28,54.72735383550901,54.72735383550901,54.21168349937708,54.69408416748047,8770600,0.0,0.0,0.0,XLV
2014-10-29,54.67742455912112,54.86872348832312,54.35305335591854,54.71901321411133,10162400,0.0,0.0,0.0,XLV
2014-10-30,54.63585221898436,55.75867630768378,54.58594455478197,55.72540664672851,11630600,0.0,0.0,0.0,XLV
2014-10-31,56.44067827963288,56.54879989901702,55.76698521743589,55.94995880126953,11388000,0.0,0.0,0.0,XLV
2014-11-03,56.033136566045066,56.10798853110195,55.61727539429465,56.01649856567383,8680700,0.0,0.0,0.0,XLV
2014-11-04,55.99987920400579,56.174540173018215,55.68382058294962,56.02482986450195,5716000,0.0,0.0,0.0,XLV
2014-11-05,56.532177677321286,56.548809334794846,55.83352749819263,55.96660614013672,6592100,0.0,0.0,0.0,XLV
2014-11-06,56.04145861738016,56.4323691996571,56.04145861738016,56.30760955810547,7962400,0.0,0.0,0.0,XLV
2014-11-07,56.30759572652173,56.35750337820628,55.575682405701485,55.75034332275391,13895600,0.0,0.0,0.0,XLV
2014-11-10,55.87509101161717,56.3408533577108,55.65884148855825,56.31590270996094,5455300,0.0,0.0,0.0,XLV
2014-11-11,56.44069756780035,56.731799216037686,56.29930624516221,56.523868560791016,9777500,0.0,0.0,0.0,XLV
2014-11-12,56.30760283028807,56.53217142735661,56.21611286045098,56.44068145751953,3879900,0.0,0.0,0.0,XLV
2014-11-13,56.52386472581291,56.72347636455545,56.1329541051849,56.39910507202149,5216600,0.0,0.0,0.0,XLV
2014-11-14,56.38247676772804,56.38247676772804,55.70878348092256,55.93334579467773,6331800,0.0,0.0,0.0,XLV
2014-11-17,55.81689127205691,56.35751210601138,55.81689127205691,56.207801818847656,8587200,0.0,0.0,0.0,XLV
2014-11-18,56.24938776177349,57.15596854408448,56.19948644467815,57.1143798828125,8240100,0.0,0.0,0.0,XLV
2014-11-19,57.047848996956255,57.08111866178467,56.64862571009473,56.798336029052734,6253600,0.0,0.0,0.0,XLV
2014-11-20,56.5488137187961,56.7816950147137,56.3741527468579,56.55713272094727,9041600,0.0,0.0,0.0,XLV
2014-11-21,57.12270477369066,57.23914542261102,56.66525483468968,56.82328414916992,8098700,0.0,0.0,0.0,XLV
2014-11-24,57.04784056299285,57.12269888417466,56.93139992607787,57.1143798828125,5020100,0.0,0.0,0.0,XLV
2014-11-25,57.23081800115912,57.363896634942,56.964667079131885,57.18923568725586,5510200,0.0,0.0,0.0,XLV
2014-11-26,57.38052586072534,57.563505801656405,57.15596360765247,57.53855514526367,5325900,0.0,0.0,0.0,XLV
2014-11-28,57.59678907820562,58.212262015069975,57.59678907820562,57.89620971679688,4395500,0.0,0.0,0.0,XLV
2014-12-01,57.6882786333436,58.17067925247997,57.61342030149293,57.75481796264648,8537400,0.0,0.0,0.0,XLV
2014-12-02,57.962736480695696,58.47840031105748,57.962736480695696,58.39522933959961,7444800,0.0,0.0,0.0,XLV
2014-12-03,58.52829824631503,58.578199551791336,58.26214737454586,58.48670959472656,6577000,0.0,0.0,0.0,XLV
2014-12-04,58.38690823285327,58.72791745273064,58.18729663944645,58.411865234375,4235400,0.0,0.0,0.0,XLV
2014-12-05,58.453455708242885,58.9275372747459,58.39523538763862,58.87763595581055,8325100,0.0,0.0,0.0,XLV
2014-12-08,58.802778523187335,59.40993874343989,58.802778523187335,59.085567474365234,5942800,0.0,0.0,0.0,XLV
2014-12-09,58.40356278971061,58.89427608459354,58.062553473166254,58.836055755615234,9776300,0.0,0.0,0.0,XLV
2014-12-10,58.794458302312336,58.82772795967267,57.8878775894736,57.929466247558594,9011200,0.0,0.0,0.0,XLV
2014-12-11,58.14572141480878,58.7778259285612,57.96274145457664,58.0958137512207,7383300,0.0,0.0,0.0,XLV
2014-12-12,57.77143156919907,58.104121766211385,57.155958829325805,57.20586013793945,10438600,0.0,0.0,0.0,XLV
2014-12-15,57.546880725553095,57.56351238320376,56.482276960819455,56.681888580322266,17776200,0.0,0.0,0.0,XLV
2014-12-16,56.44069112754276,57.40548595811703,55.99156020199397,56.02482986450195,14735600,0.0,0.0,0.0,XLV
2014-12-17,56.091344393689255,57.2141680384344,55.98321645195271,57.0727767944336,17776200,0.0,0.0,0.0,XLV
2014-12-18,57.74650115160113,58.64476309466037,57.62174149080847,58.63644409179688,16048100,0.0,0.0,0.0,XLV
2014-12-19,58.85348369448616,59.21244845972427,58.45277632227921,58.77835464477539,17822000,0.26,0.0,0.0,XLV
2014-12-22,58.43607471905854,58.53625313999796,57.92684555841318,58.219024658203125,9896600,0.0,0.0,0.0,XLV
2014-12-23,58.35259827986703,58.39433451353388,56.58281765149729,56.88334655761719,22190400,0.0,0.0,0.0,XLV
2014-12-24,56.9250776017731,57.62630732765142,56.87498521490631,57.30073547363281,4519100,0.0,0.0,0.0,XLV
2014-12-26,57.526153621303486,57.86841880064852,57.49276080909437,57.70980453491211,4242800,0.0,0.0,0.0,XLV
2014-12-29,57.65135597538757,57.99362744818086,57.58457673474304,57.91014862060547,5225900,0.0,0.0,0.0,XLV
2014-12-30,57.81833564815247,57.9519005346173,57.5929357467653,57.65972137451172,4965100,0.0,0.0,0.0,XLV
2014-12-31,57.826666895374586,58.15224516980797,57.07535103306782,57.08369445800781,7863600,0.0,0.0,0.0,XLV
2015-01-02,57.35917834206934,57.89345049486808,57.05864945999175,57.29239273071289,7516800,0.0,0.0,0.0,XLV
2015-01-05,57.033614062577925,57.50110066643459,56.891699396268194,57.000221252441406,10784800,0.0,0.0,0.0,XLV
2015-01-06,57.1922315088153,57.67641136023551,56.457602382886776,56.808223724365234,13344500,0.0,0.0,0.0,XLV
2015-01-07,57.19222151152821,58.16058741412445,57.06700008067677,58.14389419555664,14146400,0.0,0.0,0.0,XLV
2015-01-08,58.719909455763855,59.20409564821269,58.619737394586366,59.13731002807617,22138400,0.0,0.0,0.0,XLV
2015-01-09,59.18740400337057,59.25418962528504,58.41103866344028,58.61138916015625,9724300,0.0,0.0,0.0,XLV
2015-01-12,59.06220224152575,59.27090260280322,58.47784377756064,58.636451721191406,11972100,0.0,0.0,0.0,XLV
2015-01-13,59.18739010180997,59.51296197089046,57.885096256462056,58.37763214111328,14219800,0.0,0.0,0.0,XLV
2015-01-14,57.81833715367971,58.43608830384965,57.65972287590881,58.28582382202149,12548000,0.0,0.0,0.0,XLV
2015-01-15,58.50287240998327,58.61139427830019,57.62632856063851,57.65972137451172,16382800,0.0,0.0,0.0,XLV
2015-01-16,57.56788807488978,58.85348264445624,57.55119485381665,58.74496078491211,13759300,0.0,0.0,0.0,XLV
2015-01-20,58.8367894233831,58.987053889151326,58.060424078418535,58.74496078491211,10387200,0.0,0.0,0.0,XLV
2015-01-21,58.68653559546197,59.08723666412553,58.394350036985166,58.86184310913086,8391000,0.0,0.0,0.0,XLV
2015-01-22,59.120643674705335,59.57143726194733,58.30253537881501,59.563087463378906,11497400,0.0,0.0,0.0,XLV
2015-01-23,59.47960014886675,59.53803599249745,59.19577072809744,59.2208137512207,6815600,0.0,0.0,0.0,XLV
2015-01-26,59.27925317343806,59.56308261134166,58.9202882925996,59.52968978881836,7871700,0.0,0.0,0.0,XLV
2015-01-27,58.995403187627325,59.52133205468127,58.85348850278312,59.10393142700195,10040100,0.0,0.0,0.0,XLV
2015-01-28,59.21245654701091,59.429506668644045,58.16060512420408,58.25243377685547,11005400,0.0,0.0,0.0,XLV
2015-01-29,58.25242478138335,58.79504681715901,57.78493816300555,58.74496078491211,12120000,0.0,0.0,0.0,XLV
2015-01-30,58.49451505342648,58.87852280979067,57.743192760963005,57.8266716003418,13886500,0.0,0.0,0.0,XLV
2015-02-02,57.93519451017109,58.177287580485206,57.1337862613864,58.15224456787109,18042300,0.0,0.0,0.0,XLV
2015-02-03,58.43606816259956,58.569639375532255,57.6597030022497,58.54458999633789,17432800,0.0,0.0,0.0,XLV
2015-02-04,57.8433903792288,58.12721980108277,57.492775316104726,57.80999755859375,15184800,0.0,0.0,0.0,XLV
2015-02-05,58.17731497057442,58.83680887902017,58.17731497057442,58.78671646118164,10801400,0.0,0.0,0.0,XLV
2015-02-06,58.78670610008435,59.02879924170814,58.09381949154336,58.25243377685547,11886100,0.0,0.0,0.0,XLV
2015-02-09,57.98529076853795,58.15225483047523,57.43432528671424,57.56789016723633,8139000,0.0,0.0,0.0,XLV
2015-02-10,58.035376696340045,58.59469834152115,57.90181181606251,58.53626251220703,8629000,0.0,0.0,0.0,XLV
2015-02-11,58.58633099329597,58.9119028546492,58.26075913194273,58.59468078613281,8088100,0.0,0.0,0.0,XLV
2015-02-12,58.870181206399934,58.97035964900972,58.31086589880845,58.80340194702149,10124100,0.0,0.0,0.0,XLV
2015-02-13,58.84512901838885,59.08722210686699,58.577992915417646,59.03713607788086,8592300,0.0,0.0,0.0,XLV
2015-02-17,59.09557606912435,59.48793364125924,59.03714024151027,59.462890625,8381700,0.0,0.0,0.0,XLV
2015-02-18,59.45456071491317,59.56308261134166,59.16238147912132,59.52968978881836,7780900,0.0,0.0,0.0,XLV
2015-02-19,59.46287557594309,59.73001163014657,59.362697167232064,59.62983322143555,5383600,0.0,0.0,0.0,XLV
2015-02-20,59.54636364131893,60.28098631214824,59.43783542278004,60.25594329833984,8213700,0.0,0.0,0.0,XLV
2015-02-23,60.34778343986598,60.72344145670364,60.23926156965308,60.53144073486328,8577500,0.0,0.0,0.0,XLV
2015-02-24,60.61493221105858,60.64832503247008,60.230924318370526,60.45631790161133,8052200,0.0,0.0,0.0,XLV
2015-02-25,60.40622376422054,60.614924093320525,60.18917363862856,60.43126678466797,9629700,0.0,0.0,0.0,XLV
2015-02-26,60.431255511278025,60.62326258060386,60.147426173783856,60.59821319580078,4424900,0.0,0.0,0.0,XLV
2015-02-27,60.57316637330218,60.64830178493472,60.27263746482604,60.3060302734375,6745300,0.0,0.0,0.0,XLV
2015-03-02,60.49805212217192,60.8653667376776,60.3895238753933,60.84866714477539,6769900,0.0,0.0,0.0,XLV
2015-03-03,60.81526784216808,60.823617637728695,59.99716621000896,60.29769515991211,10144000,0.0,0.0,0.0,XLV
2015-03-04,60.12236989616963,60.67334165617716,59.771754977452126,60.58986282348633,9153500,0.0,0.0,0.0,XLV
2015-03-05,60.66498538708432,61.082385875013664,60.589856356389525,60.80690002441406,6252100,0.0,0.0,0.0,XLV
2015-03-06,60.52310108642743,60.656672366648735,59.53803518639752,59.6131706237793,12314900,0.0,0.0,0.0,XLV
2015-03-09,59.79679624324111,60.03888930928984,59.45453112850083,59.98045349121094,10306300,0.0,0.0,0.0,XLV
2015-03-10,59.454521436720384,59.72165747139571,59.27086421868883,59.31260681152344,12323900,0.0,0.0,0.0,XLV
2015-03-11,59.62985465753191,59.69664028734776,59.23749704364906,59.279239654541016,7525100,0.0,0.0,0.0,XLV
2015-03-12,59.5547165119728,60.06394577026367,59.49628068080965,60.06394577026367,7574200,0.0,0.0,0.0,XLV
2015-03-13,59.98046770395536,60.33943249122083,59.54637386236895,59.94707489013672,6480400,0.0,0.0,0.0,XLV
2015-03-16,60.4646445243739,61.28275241281814,60.24759445290469,61.2744026184082,13635100,0.0,0.0,0.0,XLV
2015-03-17,61.05734797627401,61.224305637812414,60.72342628417066,61.09909057617188,10142500,0.0,0.0,0.0,XLV
2015-03-18,60.96553621114565,62.15095249535265,60.73179287274182,61.89216613769531,12886900,0.0,0.0,0.0,XLV
2015-03-19,61.89215297891799,62.334596542405016,61.78363112888265,62.25111770629883,9403900,0.0,0.0,0.0,XLV
2015-03-20,63.12007570114302,63.6307293340865,62.349911869663394,62.701507568359375,9544300,0.208,0.0,0.0,XLV
2015-03-23,62.50895331624121,62.86054895812283,62.282929371272125,62.52569961547851,4667800,0.0,0.0,0.0,XLV
2015-03-24,62.60105025899121,62.76848134779903,61.97319804635863,61.981571197509766,8467700,0.0,0.0,0.0,XLV
2015-03-25,62.15736323662647,62.46710593181635,60.83468649955709,60.85143280029297,15039100,0.0,0.0,0.0,XLV
2015-03-26,60.50819937407215,61.21139705511666,60.20682985174477,60.709110260009766,18253800,0.0,0.0,0.0,XLV
2015-03-27,60.876541129121954,61.37882153580661,60.77608249304827,61.14442443847656,8841600,0.0,0.0,0.0,XLV
2015-03-30,61.638332870757175,61.85599005964615,61.56299368239677,61.7639045715332,8008200,0.0,0.0,0.0,XLV
2015-03-31,61.52113824211752,62.09039111999827,60.69237518310547,60.69237518310547,8442900,0.0,0.0,0.0,XLV
2015-04-01,60.71747825452366,60.95187533268967,59.69617122522203,60.08125305175781,21829300,0.0,0.0,0.0,XLV
2015-04-02,60.13986636240121,60.541694580817534,59.9724416637194,60.265438079833984,7560100,0.0,0.0,0.0,XLV
2015-04-06,59.93058357815522,60.684007512032494,59.85524437818899,60.35752487182617,5746200,0.0,0.0,0.0,XLV
2015-04-07,60.50819767343341,60.95187879471145,60.44959840056351,60.49982452392578,5599300,0.0,0.0,0.0,XLV
2015-04-08,60.63375510432146,61.27834695424724,60.5584095501617,61.01046371459961,12577100,0.0,0.0,0.0,XLV
2015-04-09,61.02722797116829,61.57136775815221,60.94351563167279,61.47090911865234,8181400,0.0,0.0,0.0,XLV
2015-04-10,61.529504464318826,62.08201736600897,61.28673422450119,61.99829864501953,5084300,0.0,0.0,0.0,XLV
2015-04-13,62.0401723768781,62.31642889171691,61.63834413830862,61.6634635925293,6814800,0.0,0.0,0.0,XLV
2015-04-14,61.730418358870125,61.83087699685935,61.26162415527112,61.7639045715332,5878700,0.0,0.0,0.0,XLV
2015-04-15,62.10711785989381,62.2243163813533,61.80574840847215,61.92294692993164,6254600,0.0,0.0,0.0,XLV
2015-04-16,61.98991631048375,62.14060102883426,61.79737224215363,61.88945770263672,4439500,0.0,0.0,0.0,XLV
2015-04-17,61.496014142388056,61.65507203742521,60.96024757544756,61.353702545166016,12115400,0.0,0.0,0.0,XLV
2015-04-20,61.66344930902446,61.89784639937707,61.57136382540855,61.73041534423828,6659500,0.0,0.0,0.0,XLV
2015-04-21,62.04015492780948,62.32477812716047,62.01504186749514,62.1406135559082,6577200,0.0,0.0,0.0,XLV
2015-04-22,62.28293297206992,62.37501846267344,61.92296415975858,62.24107360839844,6078200,0.0,0.0,0.0,XLV
2015-04-23,62.14899648328815,62.63453706512739,61.85600005867587,62.47547912597656,10532500,0.0,0.0,0.0,XLV
2015-04-24,62.34990841657988,62.55919247138107,62.00667950102154,62.27456283569336,10397200,0.0,0.0,0.0,XLV
2015-04-27,62.425241710917085,62.4838409852496,61.0607121018361,61.14442443847656,17847700,0.0,0.0,0.0,XLV
2015-04-28,61.32024810343546,61.55464529954663,60.441252231173976,61.44581985473633,15798400,0.0,0.0,0.0,XLV
2015-04-29,61.01884521353413,61.454159529316335,60.48307866091072,60.88490676879883,13661300,0.0,0.0,0.0,XLV
2015-04-30,60.6253907575224,60.92676024422958,59.71291553548871,60.03102493286133,14554400,0.0,0.0,0.0,XLV
2015-05-01,60.441223772804776,60.87653812077015,60.43285701034352,60.84305191040039,11508300,0.0,0.0,0.0,XLV
2015-05-04,61.077453206340536,61.47090822175497,60.935141592590384,61.2281379699707,8561700,0.0,0.0,0.0,XLV
2015-05-05,61.10258863458571,61.11096178753056,60.39939707148297,60.4579963684082,11373800,0.0,0.0,0.0,XLV
2015-05-06,60.61704211622066,60.65052194755987,59.78827258660636,60.22358703613281,10152200,0.0,0.0,0.0,XLV
2015-05-07,60.13985963898896,60.7174856424976,60.04778053579807,60.50820159912109,9019700,0.0,0.0,0.0,XLV
2015-05-08,61.12767541588113,61.655075248220605,61.07744929350274,61.48764419555664,11222400,0.0,0.0,0.0,XLV
2015-05-11,61.70529291804109,61.81411829723427,61.462522715064864,61.521121978759766,7980700,0.0,0.0,0.0,XLV
2015-05-12,61.077455604609504,61.378825143703416,60.84305849350141,61.12768173217773,7019800,0.0,0.0,0.0,XLV
2015-05-13,61.32860123288344,61.64671069705088,61.08583096279152,61.19465637207031,6005800,0.0,0.0,0.0,XLV
2015-05-14,61.52113063320329,62.06527037939714,61.26999363354265,62.040157318115234,6894400,0.0,0.0,0.0,XLV
2015-05-15,62.148979410148655,62.24106488785014,61.97318160367524,62.16572570800781,3872300,0.0,0.0,0.0,XLV
2015-05-18,62.12388928684971,62.60942991457019,62.0904030656093,62.53408432006836,6792200,0.0,0.0,0.0,XLV
2015-05-19,62.61778049697354,62.986116024169874,62.45872260012248,62.82706451416016,5869200,0.0,0.0,0.0,XLV
2015-05-20,62.93587965764178,63.17864984447535,62.659623267089074,62.9107666015625,10577000,0.0,0.0,0.0,XLV
2015-05-21,62.89405092449038,62.986136432837206,62.68476683949186,62.91917037963867,4537900,0.0,0.0,0.0,XLV
2015-05-22,62.81034664261794,63.06985689758826,62.71826112243281,62.76849365234375,4612300,0.0,0.0,0.0,XLV
2015-05-26,62.57593291755772,62.642905348505685,62.00668002818517,62.13225173950195,9533800,0.0,0.0,0.0,XLV
2015-05-27,62.34989252542465,62.91914526487178,62.182461492151454,62.8521728515625,13043700,0.0,0.0,0.0,XLV
2015-05-28,62.84382446179539,63.06984846220989,62.59268100636295,62.89405059814453,5766400,0.0,0.0,0.0,XLV
2015-05-29,62.79362662766597,63.30428053352106,62.5424830590386,62.73502731323242,9839200,0.0,0.0,0.0,XLV
2015-06-01,63.09495009712701,63.228888551843845,62.5675502670427,62.98611831665039,7466700,0.0,0.0,0.0,XLV
2015-06-02,62.785215601075855,62.8605547941128,62.33316128232702,62.575931549072266,5722400,0.0,0.0,0.0,XLV
2015-06-03,62.78521598755987,62.8438152670079,62.51733265481998,62.69313049316406,5357600,0.0,0.0,0.0,XLV
2015-06-04,62.45872337066217,62.70986674912096,62.04015533112515,62.2578125,6479500,0.0,0.0,0.0,XLV
2015-06-05,62.17410869318015,62.27456734602388,61.73042748676214,62.23270797729492,7772200,0.0,0.0,0.0,XLV
2015-06-08,62.2494294378317,62.38336786799666,61.92294692993164,61.92294692993164,6736600,0.0,0.0,0.0,XLV
2015-06-09,62.12384222991868,62.12384222991868,61.66342140701608,61.90618515014648,8297500,0.0,0.0,0.0,XLV
2015-06-10,62.04852799165133,62.743346077812205,61.93132945245112,62.668006896972656,7728800,0.0,0.0,0.0,XLV
2015-06-11,63.15355472077355,63.19540769717637,62.76009969890291,63.09495544433594,4912000,0.0,0.0,0.0,XLV
2015-06-12,62.78521574254382,62.87730123658027,62.23270277832507,62.31642150878906,6330600,0.0,0.0,0.0,XLV
2015-06-15,61.92294860775871,62.51731437893366,61.6048328521717,62.39174270629883,7150200,0.0,0.0,0.0,XLV
2015-06-16,62.35827863379222,62.734993785403205,62.224340152459725,62.701507568359375,6041400,0.0,0.0,0.0,XLV
2015-06-17,62.77684504769878,62.91916306294901,62.36665007711824,62.76010513305664,5132100,0.0,0.0,0.0,XLV
2015-06-18,62.877300975133295,63.856748803802205,62.85218791083548,63.64746475219727,9511200,0.0,0.0,0.0,XLV
2015-06-19,63.707073912319565,63.84988209379818,63.55587655929512,63.59787368774414,10327400,0.261,0.0,0.0,XLV
2015-06-22,64.06832276405727,64.39593646113437,64.01792361474264,64.0935287475586,6635000,0.0,0.0,0.0,XLV
2015-06-23,64.18591778629653,64.38752074944934,63.99271040701155,64.21951293945312,4631600,0.0,0.0,0.0,XLV
2015-06-24,64.13553148647038,64.1943326354051,63.57271957397461,63.57271957397461,7294400,0.0,0.0,0.0,XLV
2015-06-25,63.76591479542614,64.22792190316386,63.59790696719514,63.925514221191406,9232500,0.0,0.0,0.0,XLV
2015-06-26,64.0179238653899,64.2615304361044,63.60631585707289,63.8331184387207,6147500,0.0,0.0,0.0,XLV
2015-06-29,63.27870342947752,63.60631069239234,62.23707409261874,62.27067565917969,13675900,0.0,0.0,0.0,XLV
2015-06-30,62.94269771193681,62.95949529174004,62.28748314926489,62.48908615112305,8722200,0.0,0.0,0.0,XLV
2015-07-01,63.13589890858032,63.21989961700904,62.7914876725264,63.16109848022461,7756500,0.0,0.0,0.0,XLV
2015-07-02,63.303886904452106,63.34589045418296,62.74107522757325,62.86707305908203,5678800,0.0,0.0,0.0,XLV
2015-07-06,62.279069056032405,63.23669113987697,62.279069056032405,62.84188079833984,9352600,0.0,0.0,0.0,XLV
2015-07-07,62.92587136875528,63.14427185058593,62.06904778703486,63.14427185058594,10653300,0.0,0.0,0.0,XLV
2015-07-08,62.640296287833976,62.833503723592045,62.0438828079162,62.0606803894043,13074900,0.0,0.0,0.0,XLV
2015-07-09,62.73268817590368,62.89229401228143,62.36307735854189,62.39667892456055,6654600,0.0,0.0,0.0,XLV
2015-07-10,63.177897012961886,63.31230327555324,62.816688193301815,63.236698150634766,8059500,0.0,0.0,0.0,XLV
2015-07-13,63.69030654540442,63.90871350696642,63.51390314105,63.77430725097656,7815100,0.0,0.0,0.0,XLV
2015-07-14,63.80791954933559,64.49673570505509,63.66511768495518,64.41273498535156,5831800,0.0,0.0,0.0,XLV
2015-07-15,64.61431397659682,64.89992400803752,64.31190637099688,64.49671173095703,6994900,0.0,0.0,0.0,XLV
2015-07-16,64.73191492901441,64.89152072012622,64.54710957274632,64.79911804199219,5109200,0.0,0.0,0.0,XLV
2015-07-17,64.72354469202865,64.74034227243017,64.39593739902416,64.65634155273438,3877900,0.0,0.0,0.0,XLV
2015-07-20,64.74030590644236,65.01751389368465,64.67310280489747,64.8663101196289,3874800,0.0,0.0,0.0,XLV
2015-07-21,64.8411371465917,65.0091385605017,64.28672094477112,64.58072662353516,8140200,0.0,0.0,0.0,XLV
2015-07-22,64.40430679416673,64.78231949234146,64.30350853505999,64.72351837158203,5765400,0.0,0.0,0.0,XLV
2015-07-23,64.84114026670431,64.9755401225309,64.37072474920264,64.48832702636719,5677400,0.0,0.0,0.0,XLV
2015-07-24,63.84152019536959,63.883523759035725,62.75789362299216,62.87549591064453,13229700,0.0,0.0,0.0,XLV
2015-07-27,62.724270597426944,62.942677517860105,62.48906610257977,62.816673278808594,11037000,0.0,0.0,0.0,XLV
2015-07-28,63.16950286668135,63.96752573005576,62.85029756663806,63.950721740722656,11445100,0.0,0.0,0.0,XLV
2015-07-29,64.2279303354871,64.3539346209923,63.79112274242583,64.05992889404297,9367000,0.0,0.0,0.0,XLV
2015-07-30,64.0011117850652,64.1187140465118,63.47189519971297,63.96751022338867,5381100,0.0,0.0,0.0,XLV
2015-07-31,64.21113742910842,64.62274547680036,64.16913386126765,64.3371353149414,7910300,0.0,0.0,0.0,XLV
2015-08-03,64.4043225461609,64.59752993810591,63.84991275895197,64.2867202758789,8447800,0.0,0.0,0.0,XLV
2015-08-04,64.6059259801582,64.6395211324215,64.05150983517655,64.25311279296875,10778700,0.0,0.0,0.0,XLV
2015-08-05,64.64793910343394,64.89994766959305,64.53873880948184,64.79074096679688,5391200,0.0,0.0,0.0,XLV
2015-08-06,64.84954012780555,64.90834127026518,63.32070401501106,63.3795051574707,13360200,0.0,0.0,0.0,XLV
2015-08-07,63.3627159860443,63.480318286569606,62.6066966192068,63.27031326293945,10863600,0.0,0.0,0.0,XLV
2015-08-10,63.48028437040136,64.05989997677459,63.48028437040136,63.782691955566406,7951100,0.0,0.0,0.0,XLV
2015-08-11,63.34591809083088,63.58112269071853,62.92590804564731,63.245113372802734,7914900,0.0,0.0,0.0,XLV
2015-08-12,62.76627833032443,63.354289606635454,62.07746237428484,63.287086486816406,9665900,0.0,0.0,0.0,XLV
2015-08-13,63.33747917864946,63.57268364144614,62.993068066096505,63.14427185058594,6329300,0.0,0.0,0.0,XLV
2015-08-14,62.9679137250377,63.35432224983009,62.83351382499256,63.32072067260742,5504000,0.0,0.0,0.0,XLV
2015-08-17,63.11068842507615,63.97591424580247,62.85868631777064,63.959110260009766,5796000,0.0,0.0,0.0,XLV
2015-08-18,63.8919140501129,64.21112572629755,63.76591618724368,63.86671447753906,5465900,0.0,0.0,0.0,XLV
2015-08-19,63.52233013295208,64.04313855776509,63.15271919236565,63.60633087158203,10070300,0.0,0.0,0.0,XLV
2015-08-20,63.13590409217379,63.37950424396418,62.127876281738274,62.12787628173828,12992900,0.0,0.0,0.0,XLV
2015-08-21,61.506257344139314,62.03546756742281,60.22102793841999,60.22942352294922,24008300,0.0,0.0,0.0,XLV
2015-08-24,56.60893918484848,59.70021259874791,47.57032668849181,57.66736602783203,33675700,0.0,0.0,0.0,XLV
2015-08-25,59.47340923979636,59.92701432890126,57.0037487761389,57.08774948120117,17883700,0.0,0.0,0.0,XLV
2015-08-26,58.66696832241389,59.557393494895805,57.26413706792756,59.49859237670898,26115600,0.0,0.0,0.0,XLV
2015-08-27,60.27141715344867,60.74182616332904,59.3809982679345,60.6578254699707,18689700,0.0,0.0,0.0,XLV
2015-08-28,60.3554203007039,60.68302750431056,59.83461213540222,60.31342315673828,10045600,0.0,0.0,0.0,XLV
2015-08-31,60.04462170245348,60.56542990783363,59.06179360715824,59.21299743652344,15143100,0.0,0.0,0.0,XLV
2015-09-01,57.658939361572266,58.59976353150527,57.39013337142574,57.658939361572266,21723600,0.0,0.0,0.0,XLV
2015-09-02,58.61658627631071,58.8433952331543,57.88577308143115,58.8433952331543,12491700,0.0,0.0,0.0,XLV
2015-09-03,59.179386798071086,59.50699397664872,58.28896794438233,58.42337417602539,14080100,0.0,0.0,0.0,XLV
2015-09-04,57.53296008910012,58.18817457352884,57.2725559757613,57.69256591796875,16587900,0.0,0.0,0.0,XLV
2015-09-08,58.75100241036266,59.38941301294145,58.39818913027587,59.30541229248047,11697400,0.0,0.0,0.0,XLV
2015-09-09,59.99422830190818,60.03623186645398,58.23858953601301,58.389793395996094,12424000,0.0,0.0,0.0,XLV
2015-09-10,58.41497877285798,59.39780041944157,58.23017338792583,58.95259094238281,17313700,0.0,0.0,0.0,XLV
2015-09-11,58.70899160783329,59.355810534213205,58.54099018762321,59.330604553222656,7633000,0.0,0.0,0.0,XLV
2015-09-14,59.34741217194059,59.45661246087463,58.87699663065016,59.145809173583984,6232200,0.0,0.0,0.0,XLV
2015-09-15,59.43979580509102,60.13700728582428,59.22138888847346,59.99420547485352,8414600,0.0,0.0,0.0,XLV
2015-09-16,60.019407959764855,60.27141644572281,59.56580293918778,60.16221618652344,12003400,0.0,0.0,0.0,XLV
2015-09-17,60.10341640632277,61.53984942721509,60.10341640632277,60.70822525024414,19149000,0.0,0.0,0.0,XLV
2015-09-18,59.87444276330253,60.42243601867951,59.69739997594792,59.78171157836914,23716000,0.261,0.0,0.0,XLV
2015-09-21,60.19480595996085,60.33812537977211,58.59298214021686,58.98922348022461,23860100,0.0,0.0,0.0,XLV
2015-09-22,58.17988959216088,58.72788286617524,57.96912344308401,58.626712799072266,29234000,0.0,0.0,0.0,XLV
2015-09-23,58.6772955160269,59.115692714787365,58.26419565848427,58.56769943237305,9578700,0.0,0.0,0.0,XLV
2015-09-24,58.087152370058114,58.31477698250912,57.31996049476615,57.96912384033203,20064500,0.0,0.0,0.0,XLV
2015-09-25,58.432802404841645,58.60984519001582,55.93733208722572,56.3841552734375,30973700,0.0,0.0,0.0,XLV
2015-09-28,56.03007509487789,56.14810362968525,53.72850901802519,54.200626373291016,66470200,0.0,0.0,0.0,XLV
2015-09-29,54.34393539852682,55.62539700512494,54.02357321291304,54.698020935058594,31776000,0.0,0.0,0.0,XLV
2015-09-30,55.5073690914545,55.99634809359251,55.11956015488473,55.8361701965332,26565600,0.0,0.0,0.0,XLV
2015-10-01,55.97105911137491,56.44317323612912,55.4314982739208,56.401023864746094,19853100,0.0,0.0,0.0,XLV
2015-10-02,55.6675483890448,57.58130842261576,55.40620045003933,57.5728759765625,23741800,0.0,0.0,0.0,XLV
2015-10-05,58.07028539296143,58.1883139184536,57.15978054374649,57.7246322631836,18389800,0.0,0.0,0.0,XLV
2015-10-06,57.53914569153739,57.70775599985637,55.56637806950731,56.367286682128906,30431600,0.0,0.0,0.0,XLV
2015-10-07,56.78039586720261,57.54758769119394,56.08908319700269,57.26937484741211,27466100,0.0,0.0,0.0,XLV
2015-10-08,56.94057569652608,57.62345586640931,56.37572403916412,57.43798065185547,23182700,0.0,0.0,0.0,XLV
2015-10-09,57.53072785181312,57.94383414659045,57.27781232512704,57.699344635009766,13890000,0.0,0.0,0.0,XLV
2015-10-12,57.44641189121622,58.03655444142915,57.37053917707658,57.8510856628418,11074500,0.0,0.0,0.0,XLV
2015-10-13,57.58974985919041,58.331650940837605,57.06705384120094,57.126068115234375,17273300,0.0,0.0,0.0,XLV
2015-10-14,57.42954751990731,57.90166151147502,56.8562634878305,57.01644134521485,21786200,0.0,0.0,0.0,XLV
2015-10-15,56.704526798889205,58.28948593139648,56.64551253417011,58.28948593139648,22133300,0.0,0.0,0.0,XLV
2015-10-16,58.44965021041755,58.89647326600234,58.306330821280966,58.81216812133789,17657000,0.0,0.0,0.0,XLV
2015-10-19,58.6182488966837,59.18310032940446,58.29788683754408,59.02292251586914,15694700,0.0,0.0,0.0,XLV
2015-10-20,58.83748713116525,59.02296239728006,57.84267051188212,58.0955924987793,14802000,0.0,0.0,0.0,XLV
2015-10-21,58.42437292993329,58.65199751679746,56.62021539883952,57.5728759765625,36068300,0.0,0.0,0.0,XLV
2015-10-22,57.65719487414608,57.74993250660576,56.51062635652936,57.22723007202149,35524500,0.0,0.0,0.0,XLV
2015-10-23,57.81736667574751,58.75316881318546,57.58130963784818,58.44966506958008,26524200,0.0,0.0,0.0,XLV
2015-10-26,58.30634783891367,59.07353324096668,58.1124401607272,58.67729187011719,17831900,0.0,0.0,0.0,XLV
2015-10-27,58.83747524141573,59.75641250610352,58.82904279500361,59.75641250610352,25160900,0.0,0.0,0.0,XLV
2015-10-28,59.66367708023135,60.28754949617082,59.13254871408291,60.25382614135742,18158000,0.0,0.0,0.0,XLV
2015-10-29,60.59947043049114,61.54370493128391,60.27067580912259,60.52359771728515,22780700,0.0,0.0,0.0,XLV
2015-10-30,60.70907654915871,60.8776868766166,60.14421844482422,60.14421844482422,12427200,0.0,0.0,0.0,XLV
2015-11-02,60.489879926566815,61.46783786712952,60.14422038244906,61.42568206787109,18646600,0.0,0.0,0.0,XLV
2015-11-03,61.26549237343693,61.40038577357015,60.77651344606102,61.20647811889648,10428700,0.0,0.0,0.0,XLV
2015-11-04,61.42567785028145,61.44253630958416,60.56574848820024,60.93669891357422,11533000,0.0,0.0,0.0,XLV
2015-11-05,60.97885487486751,60.9957133342158,60.16951375264829,60.7427978515625,9172000,0.0,0.0,0.0,XLV
2015-11-06,60.371851089338286,60.54889386756231,59.79013450940802,60.4898796081543,12661100,0.0,0.0,0.0,XLV
2015-11-09,60.38030672411543,60.38030672411543,59.68056135663775,60.026214599609375,15625000,0.0,0.0,0.0,XLV
2015-11-10,60.043064906896994,60.56576086905919,59.92503637143631,60.43087387084961,9737400,0.0,0.0,0.0,XLV
2015-11-11,60.65850575532592,60.65850575532592,59.8238734597829,59.832305908203125,10580900,0.0,0.0,0.0,XLV
2015-11-12,59.67209100145504,59.76482859038297,58.79530334472656,58.79530334472656,10870800,0.0,0.0,0.0,XLV
2015-11-13,58.67729896727349,59.250583192552206,58.57613532474205,58.65200805664063,18196800,0.0,0.0,0.0,XLV
2015-11-16,58.52554186651624,59.38547134399414,58.51711585176991,59.38547134399414,12959800,0.0,0.0,0.0,XLV
2015-11-17,59.50349117428839,60.03461946893358,59.199987453899325,59.63837814331055,7882300,0.0,0.0,0.0,XLV
2015-11-18,59.67213519067664,60.8692858570963,59.67213519067664,60.80184555053711,12816300,0.0,0.0,0.0,XLV
2015-11-19,60.41401000409515,60.48988272778761,59.731123330501966,59.78171157836914,11128000,0.0,0.0,0.0,XLV
2015-11-20,60.09364864104528,60.59106014096178,60.09364864104528,60.29598236083984,9224500,0.0,0.0,0.0,XLV
2015-11-23,60.17794179673014,60.515168883717614,59.967175671371926,60.14421844482422,10362700,0.0,0.0,0.0,XLV
2015-11-24,59.77327740141911,60.388710916016656,59.73955404784127,60.32969665527344,7174700,0.0,0.0,0.0,XLV
2015-11-25,60.4898979177425,60.74281992437444,60.363436914426536,60.65850830078125,4594400,0.0,0.0,0.0,XLV
2015-11-27,60.81865648862416,60.88610317454796,60.61632286292279,60.7765007019043,2658000,0.0,0.0,0.0,XLV
2015-11-30,60.869262350946784,60.87769479803842,59.95032501220703,59.95032501220703,8846100,0.0,0.0,0.0,XLV
2015-12-01,60.26226304069216,61.01259005253116,60.12736961147167,60.96200180053711,10659200,0.0,0.0,0.0,XLV
2015-12-02,61.02945151877961,61.2149267770498,60.35499720362858,60.44773483276367,9875100,0.0,0.0,0.0,XLV
2015-12-03,60.49831823625028,60.57419096378265,58.86277083400123,59.12411880493164,13191400,0.0,0.0,0.0,XLV
2015-12-04,59.38547140952439,60.60791248461324,59.24214554173836,60.515174865722656,14929800,0.0,0.0,0.0,XLV
2015-12-07,60.38871414512447,60.70065035834534,59.86601821689836,60.17794799804688,8511000,0.0,0.0,0.0,XLV
2015-12-08,59.7226980104422,60.48145749826918,59.7226980104422,60.31284713745117,7483600,0.0,0.0,0.0,XLV
2015-12-09,60.03462810744583,60.61634472724124,59.46977638124953,59.705833435058594,17593600,0.0,0.0,0.0,XLV
2015-12-10,59.70584471555546,60.56576792148229,59.64683044095335,60.15266799926758,9778500,0.0,0.0,0.0,XLV
2015-12-11,59.51193917838491,59.75642873415608,59.19157688051602,59.2674560546875,15178300,0.0,0.0,0.0,XLV
2015-12-14,59.49507002781126,59.73112709248475,58.73631058273747,59.65525436401367,21091500,0.0,0.0,0.0,XLV
2015-12-15,60.30441288797809,60.71751276209045,60.11051162203817,60.43087387084961,14006300,0.0,0.0,0.0,XLV
2015-12-16,60.936718579221086,61.30766912430912,60.085221388029694,61.21493148803711,15273700,0.0,0.0,0.0,XLV
2015-12-17,61.38352691527275,61.38352691527275,60.50673902445039,60.55732727050781,11469100,0.0,0.0,0.0,XLV
2015-12-18,60.39901020090905,60.47521080109455,59.6709091706887,59.67937088012695,15159800,0.303,0.0,0.0,XLV
2015-12-21,60.034948397937285,60.2212028503418,59.73015898953918,60.2212028503418,6707200,0.0,0.0,0.0,XLV
2015-12-22,60.43284209103946,60.71223336749299,60.08572488094707,60.62757110595703,7495800,0.0,0.0,0.0,XLV
2015-12-23,61.00857204887846,61.41496006410667,60.94930780283668,61.27949523925781,8091000,0.0,0.0,0.0,XLV
2015-12-24,61.076305348168844,61.53348944969479,61.05090730797048,61.33876037597656,2568300,0.0,0.0,0.0,XLV
2015-12-28,61.16097892671981,61.21178147581409,60.881593973639696,61.05091857910156,6534700,0.0,0.0,0.0,XLV
2015-12-29,61.4572886075907,61.93987720657464,61.330298407140646,61.79594421386719,7243100,0.0,0.0,0.0,XLV
2015-12-30,61.728233607386414,61.88909005438926,61.47424022469977,61.533504486083984,8496500,0.0,0.0,0.0,XLV
2015-12-31,61.31336080332435,61.59275215716023,60.98317337036132,60.98317337036133,6591700,0.0,0.0,0.0,XLV
2016-01-04,59.91640521474755,60.11113426644287,59.27296673809721,59.882545471191406,19666300,0.0,0.0,0.0,XLV
2016-01-05,60.0518930744503,60.432876699198665,59.90796650148493,60.1704216003418,14540000,0.0,0.0,0.0,XLV
2016-01-06,59.315317135356686,60.09422717812761,59.26452104144648,59.67937088012695,14651700,0.0,0.0,0.0,XLV
2016-01-07,58.527941779771886,59.27298556095934,58.30782108016631,58.46867752075195,17850400,0.0,0.0,0.0,XLV
2016-01-08,58.8157910903099,58.96818579535354,57.48657311938646,57.588165283203125,17022800,0.0,0.0,0.0,XLV
2016-01-11,57.8421712619064,57.867569308415305,56.09810316888039,56.90240478515625,28563800,0.0,0.0,0.0,XLV
2016-01-12,57.359592772799054,57.96070359721841,56.690749513687805,57.630516052246094,13727000,0.0,0.0,0.0,XLV
2016-01-13,57.740573225882926,58.01149649037046,55.8610467118682,55.92031097412109,16202500,0.0,0.0,0.0,XLV
2016-01-14,56.06424116457918,57.79137950942612,55.71711727803244,57.41885757446289,23342300,0.0,0.0,0.0,XLV
2016-01-15,55.962630666592645,56.87699897197498,55.81023594902892,56.61454391479492,17882300,0.0,0.0,0.0,XLV
2016-01-19,57.23258017069323,57.44423912580624,55.98802448113776,56.60607147216797,13495200,0.0,0.0,0.0,XLV
2016-01-20,55.60705719456779,57.26646311242956,54.912815877306016,56.71614837646485,24665600,0.0,0.0,0.0,XLV
2016-01-21,56.86006774528365,57.147920838664525,56.013431881007136,56.54681015014648,17102800,0.0,0.0,0.0,XLV
2016-01-22,57.3426331712205,57.59661998068464,57.07171003220179,57.4442253112793,11343800,0.0,0.0,0.0,XLV
2016-01-25,57.27491563710011,57.65589917983756,56.83466138485536,56.91086196899414,10131900,0.0,0.0,0.0,XLV
2016-01-26,56.94474283218763,57.45272317300488,56.50448846664434,57.3426628112793,12449700,0.0,0.0,0.0,XLV
2016-01-27,57.241064856036765,57.84217568690701,56.29283013813579,56.69075012207031,15924700,0.0,0.0,0.0,XLV
2016-01-28,56.961656682247344,56.995522890014655,55.07366242928006,55.3699836730957,26127300,0.0,0.0,0.0,XLV
2016-01-29,55.25146166745818,56.30128839432181,55.090598776492186,56.2758903503418,17578200,0.0,0.0,0.0,XLV
2016-02-01,55.89491652779338,56.64842865393769,55.59859516319804,56.36056900024414,16705700,0.0,0.0,0.0,XLV
2016-02-02,55.962632687675246,56.11502741074268,55.37845829868292,55.54778289794922,12968700,0.0,0.0,0.0,XLV
2016-02-03,55.70864771349053,55.97110278921685,54.66728265999766,55.91183853149414,19453100,0.0,0.0,0.0,XLV
2016-02-04,55.7425026003735,56.23355295538667,55.10752569764514,55.6070442199707,18958100,0.0,0.0,0.0,XLV
2016-02-05,55.30226479744912,55.45465954005414,54.243969768058776,54.52336120605469,16744000,0.0,0.0,0.0,XLV
2016-02-08,53.91377429773658,54.14236637798776,53.13486759136296,53.77831268310547,24652800,0.0,0.0,0.0,XLV
2016-02-09,53.126393990436135,54.718066895392646,53.067129745552606,54.17622375488281,20741700,0.0,0.0,0.0,XLV
2016-02-10,54.53182706057856,55.50545327884096,54.48949267747151,54.658817291259766,14728500,0.0,0.0,0.0,XLV
2016-02-11,53.67671727954705,54.2100955704735,53.37192783921213,53.77831268310547,22801100,0.0,0.0,0.0,XLV
2016-02-12,54.0746417118532,54.52336099877773,53.61746071543629,54.49796295166016,10316000,0.0,0.0,0.0,XLV
2016-02-16,55.082130352219856,55.54778268741643,54.89586941814122,55.52238464355469,17303000,0.0,0.0,0.0,XLV
2016-02-17,55.95416794592414,56.29282362451165,55.53084996251971,56.22509765625,12140000,0.0,0.0,0.0,XLV
2016-02-18,56.29281760524045,56.521412909054725,55.74250299379469,55.877967834472656,9722100,0.0,0.0,0.0,XLV
2016-02-19,55.6070361315704,55.9795579273008,55.47157131155276,55.818695068359375,8875100,0.0,0.0,0.0,XLV
2016-02-22,56.27588826917341,56.62300562292905,56.1827578051445,56.61454391479492,7515700,0.0,0.0,0.0,XLV
2016-02-23,56.4621425224396,56.75846375508349,56.1319550833052,56.191219329833984,8211900,0.0,0.0,0.0,XLV
2016-02-24,55.86951066342883,56.45369160002351,55.27686801711566,56.37749099731445,11118600,0.0,0.0,0.0,XLV
2016-02-25,56.63146898932645,57.11405114414643,56.352077620925776,57.08018493652344,9496400,0.0,0.0,0.0,XLV
2016-02-26,57.34264941035804,57.57123824954264,56.92779318990903,56.97859573364258,10365700,0.0,0.0,0.0,XLV
2016-02-29,56.80927735542809,56.953203932911606,56.04730362269124,56.07270812988281,11091700,0.0,0.0,0.0,XLV
2016-03-01,56.38595862635424,57.29185892522607,56.01344316337652,57.27492904663086,14549100,0.0,0.0,0.0,XLV
2016-03-02,57.139473311919474,57.3849985763691,57.020944764850185,57.36806869506836,10923700,0.0,0.0,0.0,XLV
2016-03-03,57.22412134435736,57.27492389421352,56.68227484757,57.20719146728515,10815000,0.0,0.0,0.0,XLV
2016-03-04,57.20717848709275,57.435767301959935,56.809258643325535,57.071720123291016,9855700,0.0,0.0,0.0,XLV
2016-03-07,56.69920443764955,57.72363305060104,56.69073627046115,57.52890396118164,11082400,0.0,0.0,0.0,XLV
2016-03-08,57.1902637563518,57.37651824847973,56.75000942396214,56.826210021972656,8204200,0.0,0.0,0.0,XLV
2016-03-09,56.97860177397268,57.17332442441721,56.5383474646448,56.92779922485352,13032500,0.0,0.0,0.0,XLV
2016-03-10,57.20719514076655,57.596646931633096,56.52142203721026,56.961669921875,11287700,0.0,0.0,0.0,XLV
2016-03-11,57.32572524762536,58.07923080325076,57.28339732139898,58.070762634277344,10618300,0.0,0.0,0.0,XLV
2016-03-14,57.859085576768976,58.053814646492185,57.68129283970953,57.825225830078125,6140900,0.0,0.0,0.0,XLV
2016-03-15,57.44424766888066,57.56277618462593,56.758474619308735,56.92779922485352,15226500,0.0,0.0,0.0,XLV
2016-03-16,56.8177450019833,57.12253449227513,56.34363088789394,56.7923469543457,16881300,0.0,0.0,0.0,XLV
2016-03-17,56.74153037844539,56.74999854533882,55.590111594370754,56.1319580078125,20920400,0.0,0.0,0.0,XLV
2016-03-18,56.23137525227983,56.99608246436733,56.12941212983737,56.79215621948242,19524800,0.237,0.0,0.0,XLV
2016-03-21,56.84313763342006,57.24248506939835,56.74967306404251,57.123531341552734,12183600,0.0,0.0,0.0,XLV
2016-03-22,56.93660144908905,57.87124064800017,56.93660144908905,57.69281005859375,13200200,0.0,0.0,0.0,XLV
2016-03-23,57.65033292802471,57.75229605917157,57.23399482020428,57.28497314453125,9105100,0.0,0.0,0.0,XLV
2016-03-24,57.03006299978081,57.47189017648279,56.81764471660856,57.25947189331055,8492800,0.0,0.0,0.0,XLV
2016-03-28,57.41241147302939,57.47188833110821,57.01306407628964,57.09803009033203,7156300,0.0,0.0,0.0,XLV
2016-03-29,56.99606948187193,57.81175482813866,56.80064182899458,57.76077651977539,10455600,0.0,0.0,0.0,XLV
2016-03-30,58.04965786100109,58.20259925703452,57.66730761216272,57.769264221191406,7607700,0.0,0.0,0.0,XLV
2016-03-31,57.684323046302175,58.024193681819234,57.56536929624519,57.590858459472656,8602700,0.0,0.0,0.0,XLV
2016-04-01,57.35293494057753,58.4575125768741,57.24247976994443,58.245094299316406,9120200,0.0,0.0,0.0,XLV
2016-04-04,58.38104228193129,59.154247972256,58.37254373519921,58.94182968139648,17381200,0.0,0.0,0.0,XLV
2016-04-05,58.25359531821484,58.52549049598685,58.04117700800257,58.177127838134766,16555000,0.0,0.0,0.0,XLV
2016-04-06,58.19411923217896,59.76601345236119,58.19411923217896,59.74052429199219,24546600,0.0,0.0,0.0,XLV
2016-04-07,59.31567443862073,59.71502181532822,58.780382742762974,59.08626556396485,19216700,0.0,0.0,0.0,XLV
2016-04-08,59.45165031871024,59.4771394841473,58.57648773207107,58.92485046386719,12883800,0.0,0.0,0.0,XLV
2016-04-11,58.89935448371263,59.06928655529423,58.34706552733292,58.474517822265625,8695500,0.0,0.0,0.0,XLV
2016-04-12,58.466003974795775,59.07776964439402,58.45751191118397,58.9503173828125,13510500,0.0,0.0,0.0,XLV
2016-04-13,59.22221935625849,59.53660077347392,58.90784442153512,59.50261306762695,9706200,0.0,0.0,0.0,XLV
2016-04-14,59.485623701671685,59.732029712353295,59.315685168878055,59.53660202026367,6655200,0.0,0.0,0.0,XLV
2016-04-15,59.68105071451713,59.68105071451713,59.09478054622508,59.49412155151367,7945300,0.0,0.0,0.0,XLV
2016-04-18,59.32416222813139,60.11435829254859,59.23069768957206,60.046382904052734,11505400,0.0,0.0,0.0,XLV
2016-04-19,60.14837582493742,60.58171103845318,59.92745894397935,60.25883102416992,6655000,0.0,0.0,0.0,XLV
2016-04-20,60.27583169450972,60.87060046793577,60.22484688357788,60.58171463012695,10763400,0.0,0.0,0.0,XLV
2016-04-21,60.61568812302508,61.074512467880965,60.53922064012875,60.938568115234375,12463100,0.0,0.0,0.0,XLV
2016-04-22,60.972548768462026,61.26993308280085,60.70065361213912,61.06601333618164,12052800,0.0,0.0,0.0,XLV
2016-04-25,60.83658921334021,61.0235183219377,60.63266949600246,60.82809066772461,8937500,0.0,0.0,0.0,XLV
2016-04-26,60.947055306523325,60.947055306523325,60.42025564225872,60.59868621826172,7433500,0.0,0.0,0.0,XLV
2016-04-27,60.64119289196827,60.78563581417045,60.27583307066689,60.53073120117188,9121200,0.0,0.0,0.0,XLV
2016-04-28,60.182348245055074,60.828095144565616,59.91045310776342,60.241825103759766,19512000,0.0,0.0,0.0,XLV
2016-04-29,59.69803053874536,59.81698424760568,58.94182203992296,59.29868316650391,13577900,0.0,0.0,0.0,XLV
2016-05-02,59.40914966512235,59.66405422273988,59.16274365475665,59.63856506347656,9074800,0.0,0.0,0.0,XLV
2016-05-03,59.4261328559776,59.81698166571852,59.22220666459834,59.451622009277344,9436800,0.0,0.0,0.0,XLV
2016-05-04,59.07778742215886,59.17975055860522,58.7209261683365,58.88236618041992,11802000,0.0,0.0,0.0,XLV
2016-05-05,58.89084620819388,59.21372616635799,58.763400416804814,59.128753662109375,10145200,0.0,0.0,0.0,XLV
2016-05-06,58.916358974083664,59.086297568182864,58.29610093248154,58.78041458129883,14164300,0.0,0.0,0.0,XLV
2016-05-09,58.78037954825795,59.63855111012966,58.75489039495821,59.451622009277344,13606600,0.0,0.0,0.0,XLV
2016-05-10,59.68953766797427,59.961432811574994,59.52809769810487,59.95293426513672,11073000,0.0,0.0,0.0,XLV
2016-05-11,59.85948075492704,60.01242220659902,59.22222578670925,59.2307243347168,8452500,0.0,0.0,0.0,XLV
2016-05-12,59.3581811855164,59.53661181242758,58.542495541425325,58.88236618041992,11322900,0.0,0.0,0.0,XLV
2016-05-13,58.81437051198416,59.19672079768832,58.69541680165437,58.746395111083984,11947300,0.0,0.0,0.0,XLV
2016-05-16,58.75490104312148,59.672549623161785,58.72941188520233,59.54509735107422,8338100,0.0,0.0,0.0,XLV
2016-05-17,59.43465322008969,59.58759469520582,58.71243210856666,58.92485046386719,14920000,0.0,0.0,0.0,XLV
2016-05-18,58.83136738734574,59.46862225305679,58.77189052584571,59.17123794555664,11515200,0.0,0.0,0.0,XLV
2016-05-19,58.83139741027204,59.10329269909642,58.296105383600754,58.66996383666992,8765700,0.0,0.0,0.0,XLV
2016-05-20,58.89085746789546,59.41765727549607,58.865368304744216,59.21373748779297,7925700,0.0,0.0,0.0,XLV
2016-05-23,59.12874593431782,59.23920758240754,58.92482621225454,58.97581100463867,5061400,0.0,0.0,0.0,XLV
2016-05-24,59.27320776431328,59.918954767237,59.19673380087951,59.825496673583984,11936400,0.0,0.0,0.0,XLV
2016-05-25,59.986945342211705,60.31831747501582,59.97844679246199,60.199363708496094,8949200,0.0,0.0,0.0,XLV
2016-05-26,60.22482294498722,60.32678604382843,60.01240468426951,60.20783233642578,5257700,0.0,0.0,0.0,XLV
2016-05-27,60.16535112755287,60.61567684077132,60.16535112755287,60.47973251342773,9641300,0.0,0.0,0.0,XLV
2016-05-31,60.66665463979299,60.76861125292047,60.36077183542922,60.624168395996094,7669800,0.0,0.0,0.0,XLV
2016-06-01,60.43726197916796,60.98105239491736,60.38628365347054,60.84510803222656,9301700,0.0,0.0,0.0,XLV
2016-06-02,60.79412060899239,61.62679672241211,60.71764664939712,61.62679672241211,12473100,0.0,0.0,0.0,XLV
2016-06-03,61.43985743034128,61.64378363391431,60.93005488639084,61.42286682128906,13896000,0.0,0.0,0.0,XLV
2016-06-06,61.43136849499873,61.86469711405059,61.278427075777074,61.754241943359375,9117600,0.0,0.0,0.0,XLV
2016-06-07,61.49934444629817,61.55882131154393,61.218957214420776,61.37189865112305,6439100,0.0,0.0,0.0,XLV
2016-06-08,61.32092834766885,61.694786721880114,61.184983973178895,61.58433151245117,4621300,0.0,0.0,0.0,XLV
2016-06-09,61.44836169199493,61.88169681178231,61.30391881289636,61.48234939575195,9608500,0.0,0.0,0.0,XLV
2016-06-10,61.12548327470991,61.1594709757116,60.70913879930749,60.989532470703125,10270900,0.0,0.0,0.0,XLV
2016-06-13,60.768641902153696,61.22746634011175,60.4882545921465,60.50524520874024,8538400,0.0,0.0,0.0,XLV
2016-06-14,60.36077878359106,60.62417537447766,60.10587425644884,60.59868621826172,8000500,0.0,0.0,0.0,XLV
2016-06-15,60.76013970807967,60.8875920000187,60.13137679651188,60.1823616027832,7861100,0.0,0.0,0.0,XLV
2016-06-16,60.00393026855088,60.496735851658336,59.70653943008995,60.394779205322266,9341200,0.0,0.0,0.0,XLV
2016-06-17,60.48433652399577,60.50992829019114,59.54593488150304,59.76773452758789,10799100,0.285,0.0,0.0,XLV
2016-06-20,60.27959119633719,60.56963986877008,60.066317816517575,60.14309310913086,7983700,0.0,0.0,0.0,XLV
2016-06-21,60.347866476397165,60.40758279480554,59.80188684849474,59.938385009765625,7014900,0.0,0.0,0.0,XLV
2016-06-22,59.93837735905334,60.78293847119536,59.88718730081553,60.10899353027344,11207600,0.0,0.0,0.0,XLV
2016-06-23,60.637908925303854,60.90236592081369,60.35638640896741,60.89383316040039,7626900,0.0,0.0,0.0,XLV
2016-06-24,59.16203895321942,60.05778982295125,58.90611478228715,59.12791442871094,22576500,0.0,0.0,0.0,XLV
2016-06-27,58.72696361794206,58.93171077969335,58.08714338179232,58.33454132080078,18241500,0.0,0.0,0.0,XLV
2016-06-28,58.74402986436102,59.52034170938611,58.73549710536854,59.46915817260742,13652400,0.0,0.0,0.0,XLV
2016-06-29,59.88717295801632,60.7743911547721,59.88717295801632,60.60377502441406,8968400,0.0,0.0,0.0,XLV
2016-06-30,60.723203983692365,61.20946708556168,60.424622519138886,61.17534255981445,9535200,0.0,0.0,0.0,XLV
2016-07-01,61.31184050425113,61.70426278644772,61.11562610885895,61.55923843383789,6793100,0.0,0.0,0.0,XLV
2016-07-05,61.19242679842642,61.74693261285002,61.19242679842642,61.4995346069336,8359800,0.0,0.0,0.0,XLV
2016-07-06,61.40570310037458,62.31851333257275,61.3374540248519,62.190547943115234,18791500,0.0,0.0,0.0,XLV
2016-07-07,62.56590029145384,62.57443305242119,61.81518004106768,62.0967025756836,8022400,0.0,0.0,0.0,XLV
2016-07-08,62.40381902980465,62.881549522964704,62.071112935126784,62.8644905090332,11013200,0.0,0.0,0.0,XLV
2016-07-11,63.0521711019265,63.21425451150401,62.634150419136255,62.69386672973633,7375100,0.0,0.0,0.0,XLV
2016-07-12,62.83036420831379,63.09482122266007,62.77917415077703,63.00098037719727,10237200,0.0,0.0,0.0,XLV
2016-07-13,63.197205280435625,63.282513378985264,62.91568269749016,62.975399017333984,6401900,0.0,0.0,0.0,XLV
2016-07-14,63.39339550204495,63.69198352623107,63.01803867183226,63.24837112426758,4813200,0.0,0.0,0.0,XLV
2016-07-15,63.48720360479437,63.66635242178936,63.12037321516114,63.1971549987793,7131300,0.0,0.0,0.0,XLV
2016-07-18,63.21424174622696,63.34220710269757,62.99243556225047,63.222774505615234,3954300,0.0,0.0,0.0,XLV
2016-07-19,63.299565745109,63.45312290980217,62.89861707318964,63.0862922668457,6634700,0.0,0.0,0.0,XLV
2016-07-20,63.376348688054456,63.76877111387827,63.291040596978,63.65787124633789,6855000,0.0,0.0,0.0,XLV
2016-07-21,63.657841096788296,63.97348153513696,63.59812481045852,63.845516204833984,9230800,0.0,0.0,0.0,XLV
2016-07-22,63.83700768083796,64.05028112103165,63.64932601209328,63.9734992980957,5446500,0.0,0.0,0.0,XLV
2016-07-25,63.99056625498617,64.04174979903351,63.5128293123846,63.90525817871094,5868400,0.0,0.0,0.0,XLV
2016-07-26,63.65786186122615,63.88819432403356,63.538429249609095,63.79435348510742,6904200,0.0,0.0,0.0,XLV
2016-07-27,63.6663833735689,64.1867710748424,63.54695077084272,64.08440399169922,7983100,0.0,0.0,0.0,XLV
2016-07-28,63.982039053959184,64.18677975652678,63.70904928100588,64.02469635009766,5470100,0.0,0.0,0.0,XLV
2016-07-29,63.905234660022245,64.27205860214669,63.75167757580397,64.15262603759766,4889200,0.0,0.0,0.0,XLV
2016-08-01,64.21233947122603,64.83510053753561,64.21233947122603,64.5621109008789,9255100,0.0,0.0,0.0,XLV
2016-08-02,64.61331691465563,64.61331691465563,63.92231308009452,64.31473541259766,12149300,0.0,0.0,0.0,XLV
2016-08-03,64.27208121772736,64.3147385094705,64.00762423296887,64.13558959960938,9761200,0.0,0.0,0.0,XLV
2016-08-04,64.17823088074053,64.28059794164417,63.95642473447047,64.04173278808594,8415500,0.0,0.0,0.0,XLV
2016-08-05,64.3232855243938,64.3232855243938,63.8370222302689,64.19532012939453,8244400,0.0,0.0,0.0,XLV
2016-08-08,64.14411842585,64.14411842585,63.427516321764266,63.649322509765625,6655500,0.0,0.0,0.0,XLV
2016-08-09,63.990560991016025,64.02468552043678,63.62373043547847,63.802879333496094,11261100,0.0,0.0,0.0,XLV
2016-08-10,63.777292726179056,63.777292726179056,63.41898839255156,63.5896110534668,7031600,0.0,0.0,0.0,XLV
2016-08-11,63.76022174113811,64.02468521574329,63.64078914302807,63.95643615722656,6599800,0.0,0.0,0.0,XLV
2016-08-12,63.83701077865174,63.86260255134265,63.56402102230001,63.79435348510742,6211900,0.0,0.0,0.0,XLV
2016-08-15,63.79435182182301,64.05028255923774,63.79435182182301,63.90525817871094,4122500,0.0,0.0,0.0,XLV
2016-08-16,63.81140075887665,63.81992700827605,63.33366394042969,63.33366394042969,6042300,0.0,0.0,0.0,XLV
2016-08-17,63.19717104538507,63.51281148988968,63.06920571258639,63.46162796020508,7296300,0.0,0.0,0.0,XLV
2016-08-18,63.45313818006493,63.62376090889066,63.29105472341999,63.48726272583008,4180100,0.0,0.0,0.0,XLV
2016-08-19,63.35926097455369,63.478700070538096,63.16305308465418,63.43604278564453,4323500,0.0,0.0,0.0,XLV
2016-08-22,63.461656080285024,63.80289494942324,63.393407004739366,63.56402969360352,4090200,0.0,0.0,0.0,XLV
2016-08-23,63.78581690738002,63.98203133391643,63.5896089894324,63.62373352050781,8557900,0.0,0.0,0.0,XLV
2016-08-24,63.598159872468585,63.7346515270765,62.47207606044303,62.625633239746094,8670400,0.0,0.0,0.0,XLV
2016-08-25,62.45500043323679,62.71093119354027,61.82371280203502,62.0967025756836,8766500,0.0,0.0,0.0,XLV
2016-08-26,62.16493989471709,62.659729291265855,61.96019272174343,62.33555603027344,9974300,0.0,0.0,0.0,XLV
2016-08-29,62.36114337516252,62.62560682767579,62.20758626062149,62.472049713134766,7372100,0.0,0.0,0.0,XLV
2016-08-30,62.548837833520565,62.548837833520565,62.105231916492286,62.2587890625,5497900,0.0,0.0,0.0,XLV
2016-08-31,62.17345394134958,62.25023574329017,61.832221737217935,62.07108688354492,4756800,0.0,0.0,0.0,XLV
2016-09-01,62.07109790788505,62.14787321487447,61.62748554998533,61.90900802612305,9501400,0.0,0.0,0.0,XLV
2016-09-02,62.03697307179382,62.16493842472932,61.80663413479226,61.97725677490234,8052300,0.0,0.0,0.0,XLV
2016-09-06,62.07964609043543,62.33557688799374,61.985811740493965,62.1990852355957,8735800,0.0,0.0,0.0,XLV
2016-09-07,62.14789517092972,62.42088498431632,62.01992977215056,62.1990852355957,7561600,0.0,0.0,0.0,XLV
2016-09-08,62.00284620324549,62.3014276764318,61.94312990860823,62.250244140625,4822200,0.0,0.0,0.0,XLV
2016-09-09,61.90050176880938,61.90050176880938,60.98769140179404,61.00475692749024,14135500,0.0,0.0,0.0,XLV
2016-09-12,60.663492035784735,62.07109790788505,60.646426517394914,61.90900802612305,13023400,0.0,0.0,0.0,XLV
2016-09-13,61.52512485508087,61.52512485508087,60.75733916261447,61.08151245117188,12194200,0.0,0.0,0.0,XLV
2016-09-14,61.05592067952114,61.482467563270376,60.83411447756665,61.08151245117188,13108500,0.0,0.0,0.0,XLV
2016-09-15,60.970622977857,61.883433204039726,60.825598574769565,61.71281051635742,9613600,0.0,0.0,0.0,XLV
2016-09-16,61.65200983744995,61.84041819729888,61.51498973360782,61.75477981567383,8691000,0.279,0.0,0.0,XLV
2016-09-19,61.90891347266703,62.03737427455936,61.45502430193026,61.53209686279297,9919700,0.0,0.0,0.0,XLV
2016-09-20,61.79760295219051,61.951748120534965,61.69483297283777,61.72052383422851,5286600,0.0,0.0,0.0,XLV
2016-09-21,61.92605432142664,62.45702272220914,61.54924414925502,62.33712768554688,8485900,0.0,0.0,0.0,XLV
2016-09-22,62.59404439717909,62.91947939099067,62.55979427194699,62.808143615722656,6501900,0.0,0.0,0.0,XLV
2016-09-23,62.71392258767304,62.86807422890033,62.60258685391671,62.61115264892578,5420400,0.0,0.0,0.0,XLV
2016-09-26,62.37993727510772,62.431325524024246,61.73763970085601,61.88323211669922,5534100,0.0,0.0,0.0,XLV
2016-09-27,61.80614394406739,62.32854641719896,61.66912387922958,62.31998062133789,7839000,0.0,0.0,0.0,XLV
2016-09-28,62.37991413116162,62.38847992510113,61.900334211131245,62.22576904296875,6522600,0.0,0.0,0.0,XLV
2016-09-29,62.1487225525163,62.22580167081523,60.949765589985766,61.12960815429688,8857900,0.0,0.0,0.0,XLV
2016-09-30,61.25806805494299,61.92605657892392,61.22381139553503,61.75477981567383,7453500,0.0,0.0,0.0,XLV
2016-10-03,61.48073463329965,61.703399658203125,61.223812948119495,61.703399658203125,9187900,0.0,0.0,0.0,XLV
2016-10-04,61.63487017440111,61.891785258417485,61.27518513650529,61.58348846435547,10594600,0.0,0.0,0.0,XLV
2016-10-05,61.74618980349223,61.96028894049032,61.6519856605101,61.82326889038086,12842100,0.0,0.0,0.0,XLV
2016-10-06,61.61773568413691,61.6776831876337,61.22379401347401,61.592044830322266,9308900,0.0,0.0,0.0,XLV
2016-10-07,61.53211995836048,61.84042338510605,61.18955986933316,61.54925155639648,9920400,0.0,0.0,0.0,XLV
2016-10-10,61.66057139306621,62.02025649141635,61.66057139306621,61.83184814453125,11039500,0.0,0.0,0.0,XLV
2016-10-11,61.532087844002895,61.532087844002895,60.01626889845372,60.2817497253418,12499700,0.0,0.0,0.0,XLV
2016-10-12,60.31599927212189,60.55578922093756,59.93918276181952,59.99913024902344,11746400,0.0,0.0,0.0,XLV
2016-10-13,59.64803120519058,60.24750627909671,59.45105709017099,60.02484130859375,13623100,0.0,0.0,0.0,XLV
2016-10-14,60.16186488060086,60.32458233550288,59.60520574932525,59.622337341308594,8382400,0.0,0.0,0.0,XLV
2016-10-17,59.52812393847613,59.64801892858086,59.29689321914063,59.42535400390625,8463000,0.0,0.0,0.0,XLV
2016-10-18,59.97344438236826,60.26462258281383,59.82785854903879,60.13616180419922,5495800,0.0,0.0,0.0,XLV
2016-10-19,60.21324305845356,60.26463129760256,59.896380497007925,59.91350555419922,5296700,0.0,0.0,0.0,XLV
2016-10-20,59.9905916512836,60.38453335056053,59.87925589828277,60.19612503051758,6876000,0.0,0.0,0.0,XLV
2016-10-21,59.88781779263001,59.88781779263001,59.54525782703486,59.69940948486328,5511600,0.0,0.0,0.0,XLV
2016-10-24,59.96490296494176,60.02485048149345,59.58809280395508,59.58809280395508,7384700,0.0,0.0,0.0,XLV
2016-10-25,59.51956758881762,59.699410102513454,59.3397250751218,59.41679763793945,7922100,0.0,0.0,0.0,XLV
2016-10-26,59.32259835650142,59.4168025190984,58.81732742419808,59.0571174621582,8073700,0.0,0.0,0.0,XLV
2016-10-27,59.51099254066749,59.74222326074712,59.1769984194742,59.33115005493164,6974700,0.0,0.0,0.0,XLV
2016-10-28,58.62035407025302,58.783071541195625,57.7896547232336,58.04656982421875,18469300,0.0,0.0,0.0,XLV
2016-10-31,58.02944200451998,58.0380012671604,57.66119116354514,57.68688201904297,12689000,0.0,0.0,0.0,XLV
2016-11-01,57.72114968094532,57.88386064139716,56.93326613771575,57.37858963012695,14908700,0.0,0.0,0.0,XLV
2016-11-02,57.26722752140322,57.712550758216935,57.07881927490234,57.07881927490234,17942900,0.0,0.0,0.0,XLV
2016-11-03,57.26725291850377,57.50704296265307,56.48792874122989,56.539310455322266,22074200,0.0,0.0,0.0,XLV
2016-11-04,56.69344248830078,57.40425311131144,56.633494998034,56.9332389831543,21382600,0.0,0.0,0.0,XLV
2016-11-07,57.54984668412312,58.54326983797881,57.51559657117876,58.38911819458008,17367800,0.0,0.0,0.0,XLV
2016-11-08,58.012318999454784,58.94579493472106,57.935246421551945,58.55185317993164,15943900,0.0,0.0,0.0,XLV
2016-11-09,58.55183698282446,61.29230344665503,58.55183698282446,60.61574935913086,49750100,0.0,0.0,0.0,XLV
2016-11-10,61.60917589964138,61.72907090561832,60.85554268060032,61.28374099731445,28378900,0.0,0.0,0.0,XLV
2016-11-11,61.112453151781104,61.112453151781104,60.101905047067646,60.36738586425781,15866100,0.0,0.0,0.0,XLV
2016-11-14,60.63288896441168,60.70139573472229,60.05909820981872,60.178993225097656,17406200,0.0,0.0,0.0,XLV
2016-11-15,60.41021299966003,60.41021299966003,59.79360644255526,60.35026550292969,10371600,0.0,0.0,0.0,XLV
2016-11-16,60.19613086735501,60.48730263835387,60.01628832636354,60.093360900878906,7585000,0.0,0.0,0.0,XLV
2016-11-17,60.11049050366218,60.35028055037164,59.96489808919824,60.33314895629883,12856200,0.0,0.0,0.0,XLV
2016-11-18,60.38453509657783,60.54724603185653,59.65659918482682,59.69084930419922,12185000,0.0,0.0,0.0,XLV
2016-11-21,59.81931463046455,59.96490051703418,59.75080131897684,59.90495300292969,6791800,0.0,0.0,0.0,XLV
2016-11-22,59.87925069370643,59.87925069370643,58.63747819595677,59.03998565673828,14522100,0.0,0.0,0.0,XLV
2016-11-23,58.05513181210034,59.27977932776823,58.05513181210034,59.27121353149414,13676000,0.0,0.0,0.0,XLV
2016-11-25,59.442486281109375,59.553815477841546,59.27120305484412,59.50243377685547,4009300,0.0,0.0,0.0,XLV
2016-11-28,59.39111166271532,59.39967745943918,58.96291329956122,59.0571174621582,6507200,0.0,0.0,0.0,XLV
2016-11-29,59.194114838516406,59.613747197689534,59.185549046023205,59.44247055053711,7093900,0.0,0.0,0.0,XLV
2016-11-30,59.48530287472573,59.50243446444373,58.8515712646886,58.87726211547851,8640700,0.0,0.0,0.0,XLV
2016-12-01,58.94577774302454,59.09136359246223,58.27778946086355,58.449066162109375,11360700,0.0,0.0,0.0,XLV
2016-12-02,58.551829629973945,58.817310447691135,58.354855564908966,58.58608627319336,7964500,0.0,0.0,0.0,XLV
2016-12-05,58.82588207593522,58.91152042558353,58.29491385405603,58.48332214355469,5832100,0.0,0.0,0.0,XLV
2016-12-06,58.65460876227297,58.6631745588226,58.31204877196013,58.64604949951172,5490800,0.0,0.0,0.0,XLV
2016-12-07,58.18358095339931,58.18358095339931,57.35287529367622,58.1407585144043,12758900,0.0,0.0,0.0,XLV
2016-12-08,57.960911172070375,58.31203031400201,57.62691708402888,58.25208282470703,7586600,0.0,0.0,0.0,XLV
2016-12-09,58.45762366900976,59.07423016013014,58.45762366900976,58.96289443969727,12100200,0.0,0.0,0.0,XLV
2016-12-12,58.96290907785409,59.33115990515162,58.851579863568986,59.24552154541016,15018100,0.0,0.0,0.0,XLV
2016-12-13,59.45962439386889,59.8107436506894,59.28834766377915,59.72510528564453,11041400,0.0,0.0,0.0,XLV
2016-12-14,59.7165416945538,60.03340427563256,59.21126426997108,59.41679763793945,11682200,0.0,0.0,0.0,XLV
2016-12-15,59.656602988416246,59.86213638669763,59.44250379285137,59.802188873291016,8210100,0.0,0.0,0.0,XLV
2016-12-16,59.9355204505685,60.09895178183554,59.6774716709314,59.84950637817383,8257100,0.305,0.0,0.0,XLV
2016-12-19,59.89249332705835,60.15914540784714,59.52262701333952,59.60004425048828,9318300,0.0,0.0,0.0,XLV
2016-12-20,59.62586267835589,59.763490439852845,59.41942759856334,59.55704879760742,4885000,0.0,0.0,0.0,XLV
2016-12-21,59.59143150211419,59.61723505628733,59.11835102988947,59.22156524658203,5432300,0.0,0.0,0.0,XLV
2016-12-22,59.1441604394678,59.31618852595337,58.90331849340765,59.29898834228515,4458400,0.0,0.0,0.0,XLV
2016-12-23,59.31618105746848,59.78066470743754,59.31618105746848,59.74625778198242,4188700,0.0,0.0,0.0,XLV
2016-12-27,59.82369546905811,60.210762028546434,59.80648871921954,59.86669921875,5141200,0.0,0.0,0.0,XLV
2016-12-28,59.92689940790794,59.99571327051832,59.40220518979334,59.41080856323242,4558800,0.0,0.0,0.0,XLV
2016-12-29,59.445228023520826,59.70327678147184,59.41942446021623,59.514041900634766,5539200,0.0,0.0,0.0,XLV
2016-12-30,59.52262354222624,59.58283402874128,59.10975350968051,59.29898834228515,6649000,0.0,0.0,0.0,XLV
2017-01-03,59.617254933718726,60.09034212612915,59.539844245389226,60.07313537597656,11792900,0.0,0.0,0.0,XLV
2017-01-04,60.16774155954359,60.70964252629217,60.16774155954359,60.54621124267578,9174500,0.0,0.0,0.0,XLV
2017-01-05,60.49460634377508,60.873069478326,60.44299266353297,60.85586929321289,5979300,0.0,0.0,0.0,XLV
2017-01-06,60.87304994148472,61.19991241579176,60.65801160310348,61.02787780761719,5769300,0.0,0.0,0.0,XLV
2017-01-09,61.02788958211527,61.38915904775923,60.916071987065095,61.28593826293945,5751900,0.0,0.0,0.0,XLV
2017-01-10,61.38917419864223,61.853658001290285,61.25154645158258,61.50099182128906,10320500,0.0,0.0,0.0,XLV
2017-01-11,61.57839423466516,61.79343263871825,60.25376344065529,60.88167190551758,23742000,0.0,0.0,0.0,XLV
2017-01-12,60.58060876298974,60.97627856913801,60.43438424902302,60.941871643066406,9358900,0.0,0.0,0.0,XLV
2017-01-13,60.99350127156655,61.20853969393853,60.85587353127159,61.002098083496094,5279000,0.0,0.0,0.0,XLV
2017-01-17,60.62364034849953,60.79566847681316,60.19356346526301,60.69244766235352,6038200,0.0,0.0,0.0,XLV
2017-01-18,60.81286004462103,60.95048777772557,60.494607396106936,60.615028381347656,6174200,0.0,0.0,0.0,XLV
2017-01-19,60.59782886770551,60.73545661724017,60.13335161915678,60.22796249389648,6470700,0.0,0.0,0.0,XLV
2017-01-20,60.22796331508794,60.52902238068679,60.021528250423565,60.07313537597656,7006900,0.0,0.0,0.0,XLV
2017-01-23,59.9957013080654,60.159132558565936,59.60003152062446,59.823673248291016,10003700,0.0,0.0,0.0,XLV
2017-01-24,59.76347468727223,59.80647842956536,59.135559675242064,59.41080856323242,8703500,0.0,0.0,0.0,XLV
2017-01-25,59.46241563465931,59.99571322581564,59.42800870337976,59.96990966796875,6553800,0.0,0.0,0.0,XLV
2017-01-26,59.84088770450873,59.94410850246688,59.49682494043296,59.50542831420898,6612500,0.0,0.0,0.0,XLV
2017-01-27,59.64303857750696,60.03871494944384,59.62583839555111,59.995704650878906,7264900,0.0,0.0,0.0,XLV
2017-01-30,59.84948686073272,59.96990783530555,59.45381700678615,59.70326232910156,7281900,0.0,0.0,0.0,XLV
2017-01-31,59.38500028928983,60.65802383422851,59.341989987961234,60.65802383422851,14342500,0.0,0.0,0.0,XLV
2017-02-01,60.65802598923938,61.18272018432617,60.53760501618184,61.18272018432617,19490500,0.0,0.0,0.0,XLV
2017-02-02,60.88165987272377,61.199919010303326,60.69242506456566,61.16551208496094,14539400,0.0,0.0,0.0,XLV
2017-02-03,61.36334176062387,61.49236608596202,61.07089274814387,61.43215560913086,15104800,0.0,0.0,0.0,XLV
2017-02-06,61.3203603251124,61.50099182128906,61.199939327661305,61.50099182128906,11561600,0.0,0.0,0.0,XLV
2017-02-07,61.54398374742532,61.784825670379256,61.35474893297573,61.56118392944336,11278000,0.0,0.0,0.0,XLV
2017-02-08,61.23433323717082,61.5353856667514,61.062298589945655,61.46657180786133,6812900,0.0,0.0,0.0,XLV
2017-02-09,61.45798232292177,61.87085900711166,61.40637519831764,61.69022750854492,7869200,0.0,0.0,0.0,XLV
2017-02-10,61.78485012205937,61.94827488448277,61.63862554846107,61.81065368652344,4440300,0.0,0.0,0.0,XLV
2017-02-13,61.87086957393001,62.22352925637552,61.87086957393001,62.18912887573242,6465200,0.0,0.0,0.0,XLV
2017-02-14,62.12029262854178,62.67939376831055,62.07728232453995,62.67939376831055,10403000,0.0,0.0,0.0,XLV
2017-02-15,62.54177491101067,63.47934585905673,62.48156441434364,63.358924865722656,10091700,0.0,0.0,0.0,XLV
2017-02-16,63.376116605997545,63.43632709464018,62.84281901912632,63.27289581298828,11332600,0.0,0.0,0.0,XLV
2017-02-17,63.03206225885708,63.39332523885929,63.03206225885708,63.358924865722656,12118400,0.0,0.0,0.0,XLV
2017-02-21,63.35030836753034,63.84919898653645,63.35030836753034,63.64275741577149,10651800,0.0,0.0,0.0,XLV
2017-02-22,63.56532914669685,63.77176409784733,63.49651530883044,63.54812240600586,6634300,0.0,0.0,0.0,XLV
2017-02-23,63.616956796064784,64.12445081122043,63.53954612529324,64.01262664794922,8685600,0.0,0.0,0.0,XLV
2017-02-24,63.90938053650419,64.35665727909443,63.88357043000585,64.32225036621094,9103000,0.0,0.0,0.0,XLV
2017-02-27,64.36530482362411,64.6663573149159,64.22767707763238,64.63195037841797,8178200,0.0,0.0,0.0,XLV
2017-02-28,64.45129969116327,64.70934835682931,64.31367198615467,64.5029067993164,10258600,0.0,0.0,0.0,XLV
2017-03-01,64.8900061927009,65.31147972644197,64.70077130256531,65.1480484008789,15196600,0.0,0.0,0.0,XLV
2017-03-02,65.04484070420253,65.27707937123587,64.93301649650387,64.94161987304688,7889300,0.0,0.0,0.0,XLV
2017-03-03,64.84694951495278,65.25122257076457,64.8211459688283,65.19961547851562,6635300,0.0,0.0,0.0,XLV
2017-03-06,65.10502321141045,65.15663032356372,64.71795018290898,64.9501953125,5886900,0.0,0.0,0.0,XLV
2017-03-07,64.41692172976752,64.82119509194774,64.28789733891911,64.49433898925781,12330600,0.0,0.0,0.0,XLV
2017-03-08,64.48571198532267,64.9759992409404,64.44270168331468,64.75235748291016,8130000,0.0,0.0,0.0,XLV
2017-03-09,64.74377951703468,65.19106320862004,64.70077576060172,65.10504913330078,8451400,0.0,0.0,0.0,XLV
2017-03-10,65.38028812051267,65.44909543278109,65.11363599658296,65.35448455810547,10455800,0.0,0.0,0.0,XLV
2017-03-13,65.41468060764457,65.41468060764457,65.04481431579025,65.3028564453125,6898500,0.0,0.0,0.0,XLV
2017-03-14,65.12223747555363,65.33727590595599,64.9932131048218,65.06202697753906,7296300,0.0,0.0,0.0,XLV
2017-03-15,65.15663217949071,66.016785739616,65.15663217949071,65.87915802001953,11044900,0.0,0.0,0.0,XLV
2017-03-16,65.71574002448152,65.71574002448152,64.99320754763403,65.2426528930664,12129400,0.0,0.0,0.0,XLV
2017-03-17,65.08208619665535,65.20294376952104,64.84900561648402,64.88353729248047,10401000,0.274,0.0,0.0,XLV
2017-03-20,64.90078193631304,64.99574237255018,64.65906685725193,64.78855895996094,4728300,0.0,0.0,0.0,XLV
2017-03-21,64.85765732290876,65.08211000587612,62.44049839507333,64.27926635742188,16650400,0.0,0.0,0.0,XLV
2017-03-22,64.3742001165244,64.4605260091188,63.97709574159552,64.2965087890625,9954300,0.0,0.0,0.0,XLV
2017-03-23,64.2188113641875,64.54685239304055,63.97709622858594,64.09795379638672,13250500,0.0,0.0,0.0,XLV
2017-03-24,64.13247680664062,64.41735814350221,63.86486459784237,64.13247680664062,9229500,0.0,0.0,0.0,XLV
2017-03-27,63.67496023685647,64.41737486649095,63.55410265400847,64.30514526367188,6946300,0.0,0.0,0.0,XLV
2017-03-28,64.1756311545842,64.43461536420602,63.97708230195055,64.3482894897461,7392300,0.0,0.0,0.0,XLV
2017-03-29,64.37419700367978,64.52095167261818,64.21880777002644,64.36556243896484,4357800,0.0,0.0,0.0,XLV
2017-03-30,64.28784254593899,64.50366046420184,64.1151842595846,64.3741683959961,7137400,0.0,0.0,0.0,XLV
2017-03-31,64.2188216129958,64.36557631356854,64.12386113939118,64.19292449951172,5895400,0.0,0.0,0.0,XLV
2017-04-03,64.26197432971182,64.56411823381917,63.99435551215117,64.24470520019531,12354800,0.0,0.0,0.0,XLV
2017-04-04,64.22743605889481,64.29649939737972,64.02888060731131,64.21016693115234,5228600,0.0,0.0,0.0,XLV
2017-04-05,64.29650856947322,64.67634381283995,63.96846095799414,64.01162719726562,6470100,0.0,0.0,0.0,XLV
2017-04-06,64.02888750733631,64.24470552367725,63.83896659915735,64.12384796142578,5253300,0.0,0.0,0.0,XLV
2017-04-07,64.16701301033258,64.4000935657154,63.99435464871285,64.23607635498047,5638200,0.0,0.0,0.0,XLV
2017-04-10,64.2188294277873,64.43464751474349,64.05480557410208,64.115234375,4530000,0.0,0.0,0.0,XLV
2017-04-11,64.0116299723789,64.17564719898571,63.67495436744427,64.02889251708984,5472600,0.0,0.0,0.0,XLV
2017-04-12,63.95982916575871,64.13248754408653,63.76991482896365,64.02889251708984,3782200,0.0,0.0,0.0,XLV
2017-04-13,63.951224609300425,64.16704272157297,63.86489868164063,63.86489868164063,6671100,0.0,0.0,0.0,XLV
2017-04-17,63.78717531168658,64.11521634053963,63.73538109298438,64.09795379638672,6149900,0.0,0.0,0.0,XLV
2017-04-18,63.74402727390155,63.74402727390155,63.15700839767213,63.39872360229492,7519500,0.0,0.0,0.0,XLV
2017-04-19,63.60589703731188,63.76992086568956,63.47640488786868,63.5886344909668,5023100,0.0,0.0,0.0,XLV
2017-04-20,63.718117990410576,64.11522240592883,63.42460860834043,63.98573684692383,7307300,0.0,0.0,0.0,XLV
2017-04-21,63.873496778408686,63.93392555812127,63.4591298850204,63.60588455200195,6763000,0.0,0.0,0.0,XLV
2017-04-24,64.21880722569698,64.39145900107366,64.14974388104908,64.23607635498047,5450000,0.0,0.0,0.0,XLV
2017-04-25,64.49503708862841,64.69359250581117,64.31375079619615,64.5123062133789,9035700,0.0,0.0,0.0,XLV
2017-04-26,64.74541439268943,65.12525626472467,64.69362016877339,64.86627197265625,6240400,0.0,0.0,0.0,XLV
2017-04-27,64.88352934379567,65.30653079700495,64.75403722123362,65.00438690185547,6962800,0.0,0.0,0.0,XLV
2017-04-28,65.05619776988902,65.21158703949244,64.95260272807187,65.17705535888672,5781100,0.0,0.0,0.0,XLV
2017-05-01,65.28925983311065,65.45328362282906,65.17703684270703,65.32379150390625,7182000,0.0,0.0,0.0,XLV
2017-05-02,65.3842312312489,65.52235793756361,65.00439596137116,65.50508880615234,5243800,0.0,0.0,0.0,XLV
2017-05-03,65.30653413895149,65.35832835612962,65.03891531563022,65.18567657470703,8094100,0.0,0.0,0.0,XLV
2017-05-04,65.4101347493343,65.61732482910156,65.3151808622466,65.61732482910156,4275400,0.0,0.0,0.0,XLV
2017-05-05,65.7640652714738,65.78132781458959,65.31516670178918,65.58277893066406,5720100,0.0,0.0,0.0,XLV
2017-05-08,65.53100014541188,65.58279437319814,65.08209488378215,65.17705535888672,6558500,0.0,0.0,0.0,XLV
2017-05-09,65.21157057443294,65.3755943693351,65.1338726661266,65.25473022460938,3830200,0.0,0.0,0.0,XLV
2017-05-10,65.15113758756367,65.15977215153849,64.79719291326353,65.06481170654297,4314900,0.0,0.0,0.0,XLV
2017-05-11,64.96123850936957,65.12526234875233,64.77131755560946,65.099365234375,6791600,0.0,0.0,0.0,XLV
2017-05-12,65.07343983385584,65.16840027906964,64.94395430514844,64.98711395263672,2638000,0.0,0.0,0.0,XLV
2017-05-15,65.02166349642114,65.44466504104511,64.961234704332,65.4101333618164,7320800,0.0,0.0,0.0,XLV
2017-05-16,65.34108406546595,65.40151286446893,64.97850468520299,65.15979766845703,5471700,0.0,0.0,0.0,XLV
2017-05-17,64.63319291961157,64.81447929388358,64.30514526367188,64.30514526367188,11434000,0.0,0.0,0.0,XLV
2017-05-18,64.27060617324194,64.96122649808444,64.27060617324194,64.59001922607422,10690500,0.0,0.0,0.0,XLV
2017-05-19,64.7022379243938,64.97848471870051,64.61591203609353,64.77130126953125,9209800,0.0,0.0,0.0,XLV
2017-05-22,64.71086734303132,65.02164578519243,64.57274724998338,64.94395446777344,4999100,0.0,0.0,0.0,XLV
2017-05-23,65.03030550309491,65.2979178149302,64.97850468520299,65.15979766845703,4216100,0.0,0.0,0.0,XLV
2017-05-24,65.19429938498345,65.37559230322103,65.03891015952463,65.32379150390625,5186400,0.0,0.0,0.0,XLV
2017-05-25,65.47054347775642,65.76405937434977,65.31516084491831,65.63456726074219,4479400,0.0,0.0,0.0,XLV
2017-05-26,65.58278863593141,65.77270956952601,65.44466192559203,65.51372528076172,4507400,0.0,0.0,0.0,XLV
2017-05-30,65.306531582729,65.58277837393827,65.306531582729,65.41875457763672,4651200,0.0,0.0,0.0,XLV
2017-05-31,65.54825748835985,65.82450432502824,65.48782869865877,65.67774963378906,5884400,0.0,0.0,0.0,XLV
2017-06-01,65.78997818120585,66.45470151007625,65.72091481966834,66.40290069580078,9149900,0.0,0.0,0.0,XLV
2017-06-02,66.5927881163988,66.92082903916126,66.53235935204147,66.83450317382812,4833000,0.0,0.0,0.0,XLV
2017-06-05,66.83452847130984,66.903591824214,66.48921829303288,66.64460754394531,5558900,0.0,0.0,0.0,XLV
2017-06-06,66.51512249702778,66.72230597107556,66.36836122442686,66.4805908203125,4316500,0.0,0.0,0.0,XLV
2017-06-07,66.56692002404321,66.73094385002364,66.44606244266107,66.66188049316406,4415700,0.0,0.0,0.0,XLV
2017-06-08,66.61869373536886,66.78271751084317,66.2992873341722,66.47193908691406,6304400,0.0,0.0,0.0,XLV
2017-06-09,66.55827235894758,67.12803506154118,66.47194647298448,66.92084503173828,13419000,0.0,0.0,0.0,XLV
2017-06-12,66.86903483720965,67.11074989463897,66.51509681347137,66.83450317382812,7700600,0.0,0.0,0.0,XLV
2017-06-13,66.89495833017716,67.0589821493912,66.73956907677542,66.97265625,5592500,0.0,0.0,0.0,XLV
2017-06-14,67.08486977616008,67.48197412621234,67.05897266862843,67.29205322265625,6782300,0.0,0.0,0.0,XLV
2017-06-15,67.03309387609607,67.27480906075765,66.85180748759988,67.22301483154297,8186000,0.0,0.0,0.0,XLV
2017-06-16,67.30796915720433,67.4726377683797,66.97861871005247,67.33396911621094,14165200,0.308,0.0,0.0,XLV
2017-06-19,67.4292623546022,68.09661844227416,67.39459356126393,68.03594970703125,8294400,0.0,0.0,0.0,XLV
2017-06-20,68.02728641225177,68.63398042663346,68.00128646822338,68.26129913330078,7697200,0.0,0.0,0.0,XLV
2017-06-21,68.39996686620623,69.15399829576012,68.35663583082291,69.12799835205078,9481200,0.0,0.0,0.0,XLV
2017-06-22,69.24068639771481,70.27206187008214,69.2146864467137,69.84737396240234,12341100,0.0,0.0,0.0,XLV
2017-06-23,69.7607011516675,69.8907075114247,69.48335733663797,69.74337005615234,8779600,0.0,0.0,0.0,XLV
2017-06-26,69.94270142734779,69.94270142734779,69.57002008786932,69.67402648925781,7434400,0.0,0.0,0.0,XLV
2017-06-27,69.67401575707359,69.76068443868193,69.02399072641619,69.04132843017578,8428000,0.0,0.0,0.0,XLV
2017-06-28,69.26665930492861,69.57867181991986,69.2319905129967,69.40533447265625,8674200,0.0,0.0,0.0,XLV
2017-06-29,69.32734689878379,69.38801564807108,68.34797805674681,68.77265930175781,8445800,0.0,0.0,0.0,XLV
2017-06-30,69.04134149919096,69.04134149919096,68.67732238769531,68.67732238769531,7817400,0.0,0.0,0.0,XLV
2017-07-03,68.91133553753689,69.11934173643219,68.78999803714815,68.79866027832031,5904200,0.0,0.0,0.0,XLV
2017-07-05,68.89398112346555,69.29266232983296,68.65130618153724,69.20599365234375,8955500,0.0,0.0,0.0,XLV
2017-07-06,68.9113570514774,69.0413634460238,68.21799402216321,68.3133316040039,6367700,0.0,0.0,0.0,XLV
2017-07-07,68.55599723831709,68.73800352065435,68.38265981106228,68.66000366210938,4371400,0.0,0.0,0.0,XLV
2017-07-10,68.68599746542384,68.71199741594437,68.35665373816663,68.52999114990234,3580000,0.0,0.0,0.0,XLV
2017-07-11,68.4866198780532,68.63396387935148,68.10527643691543,68.45195770263672,4117500,0.0,0.0,0.0,XLV
2017-07-12,68.79000604165198,69.14534973059651,68.77266833249452,68.92000579833984,8808200,0.0,0.0,0.0,XLV
2017-07-13,68.98067474365234,69.19734982192098,68.51266239350288,68.98067474365234,9437700,0.0,0.0,0.0,XLV
2017-07-14,69.12800225593479,69.59602110632326,68.9893270651247,69.44867706298828,5750000,0.0,0.0,0.0,XLV
2017-07-17,69.53534575252014,69.58734563793163,69.17999556915123,69.19732666015625,5743700,0.0,0.0,0.0,XLV
2017-07-18,69.11067628710525,69.31868910864465,68.78133257159844,69.24935150146484,8042700,0.0,0.0,0.0,XLV
2017-07-19,69.54402442660601,69.81270599365234,69.54402442660601,69.81270599365234,8177900,0.0,0.0,0.0,XLV
2017-07-20,69.97738265890058,70.38473287120534,69.86471399667961,70.27206420898438,8276800,0.0,0.0,0.0,XLV
2017-07-21,70.12472265309877,70.29806006370524,70.07271613999815,70.19405364990234,4043600,0.0,0.0,0.0,XLV
2017-07-24,70.13336861799596,70.23737500766045,69.86469371019204,70.16803741455078,4476800,0.0,0.0,0.0,XLV
2017-07-25,70.33273005459255,70.38472995617188,69.56136732330617,69.66536712646484,8486000,0.0,0.0,0.0,XLV
2017-07-26,69.50934291089759,69.5786805034148,69.2406680053893,69.43134307861328,4964100,0.0,0.0,0.0,XLV
2017-07-27,69.50069918814414,69.50069918814414,68.66866769345027,68.95467376708984,12536800,0.0,0.0,0.0,XLV
2017-07-28,68.9806947534496,69.38804507674189,68.68601973547679,69.30137634277344,6426100,0.0,0.0,0.0,XLV
2017-07-31,69.38800667793926,69.5266818654674,69.23200039816855,69.24066925048828,5516800,0.0,0.0,0.0,XLV
2017-08-01,69.49202884022071,69.49202884022071,68.99800994422571,69.08467864990234,8678800,0.0,0.0,0.0,XLV
2017-08-02,69.07601025239174,69.07601025239174,68.6859977680687,68.92867279052734,7718500,0.0,0.0,0.0,XLV
2017-08-03,68.9633219880507,69.17999699826983,68.73797812595176,69.04132843017578,8003600,0.0,0.0,0.0,XLV
2017-08-04,69.36200362869927,69.36200362869927,68.79864727627688,68.88532257080078,3930100,0.0,0.0,0.0,XLV
2017-08-07,68.81598642193207,69.04133029010161,68.7553176819322,69.03266143798828,4583300,0.0,0.0,0.0,XLV
2017-08-08,68.94598780112821,69.06732527241135,68.57330653578819,68.71197509765625,4423300,0.0,0.0,0.0,XLV
2017-08-09,68.54731929219749,68.8593319097949,68.42598178673163,68.79000091552734,4886500,0.0,0.0,0.0,XLV
2017-08-10,68.58197082165307,68.64263955910525,67.9232835614284,67.93194580078125,7054700,0.0,0.0,0.0,XLV
2017-08-11,67.96661336223164,68.46063210463515,67.96661336223164,68.12261962890625,8318600,0.0,0.0,0.0,XLV
2017-08-14,68.41730931851879,68.6946530913274,68.41730931851879,68.58197784423828,3955800,0.0,0.0,0.0,XLV
2017-08-15,68.66865314581364,68.80732172601938,68.5646467513615,68.58197784423828,4653800,0.0,0.0,0.0,XLV
2017-08-16,68.69465945798748,68.90266565377279,68.6166530018194,68.77265930175781,3756900,0.0,0.0,0.0,XLV
2017-08-17,68.55597565964918,68.85065712810726,67.8886195011362,67.91461944580078,7133400,0.0,0.0,0.0,XLV
2017-08-18,67.66326119700665,68.06194235910125,67.55925482813156,67.60259246826172,8434600,0.0,0.0,0.0,XLV
2017-08-21,67.54195517053753,67.99263642059893,67.44661760780173,67.90596771240234,10269000,0.0,0.0,0.0,XLV
2017-08-22,67.92331555891951,68.8073470943026,67.87997789215386,68.7293472290039,5455500,0.0,0.0,0.0,XLV
2017-08-23,68.49530980834926,68.51264751378855,68.18329723441404,68.20929718017578,5662500,0.0,0.0,0.0,XLV
2017-08-24,68.27862405031236,68.50396789884037,68.14861772953097,68.40863037109375,5502800,0.0,0.0,0.0,XLV
2017-08-25,68.55597832563876,68.81599100718974,68.37397209351195,68.42597198486328,5476500,0.0,0.0,0.0,XLV
2017-08-28,68.61665689886317,68.90266956706047,68.5993258033958,68.79000091552734,7432800,0.0,0.0,0.0,XLV
2017-08-29,68.50399335214145,68.98934341017245,68.44332459488757,68.92000579833984,4243500,0.0,0.0,0.0,XLV
2017-08-30,68.84200234532666,69.44868988614832,68.82467124947387,69.27535247802734,3667900,0.0,0.0,0.0,XLV
2017-08-31,69.44868796157176,70.52340102181354,69.44868796157176,70.45406341552734,6987200,0.0,0.0,0.0,XLV
2017-09-01,70.55805247319283,70.70538989101895,70.13336469842844,70.40204620361328,6471600,0.0,0.0,0.0,XLV
2017-09-05,70.1073626991554,70.52338160996358,69.7780190785463,70.09869384765625,8076900,0.0,0.0,0.0,XLV
2017-09-06,70.34139086389838,70.50605940419896,70.02937826531094,70.43672180175781,8791000,0.0,0.0,0.0,XLV
2017-09-07,70.42807247532164,71.37277268532286,70.41073476533325,71.21676635742188,7251000,0.0,0.0,0.0,XLV
2017-09-08,71.11275617974711,71.65877494159848,70.99141867711347,71.53743743896484,4302600,0.0,0.0,0.0,XLV
2017-09-11,71.85810357854305,72.10944077154257,71.70209730665573,72.09210968017578,6286200,0.0,0.0,0.0,XLV
2017-09-12,72.10945558932292,72.25679965200288,71.9707869927039,72.24813079833984,6984800,0.0,0.0,0.0,XLV
2017-09-13,72.16146028849741,72.29146664058966,71.84077883498954,71.97945404052734,5873800,0.0,0.0,0.0,XLV
2017-09-14,71.78007146061705,72.18742139219107,71.69340280999143,72.07475280761719,6373800,0.0,0.0,0.0,XLV
2017-09-15,72.25311848442232,72.25311848442232,71.76598182247481,71.84426879882812,7091300,0.305,0.0,0.0,XLV
2017-09-18,71.92256228583156,72.11393929890093,71.71379037918281,71.82687377929688,7783100,0.0,0.0,0.0,XLV
2017-09-19,71.86165540737208,71.94864313083727,71.1831418729105,71.26142883300781,7329200,0.0,0.0,0.0,XLV
2017-09-20,71.28751936355157,71.40930349499884,70.81778436324775,71.33101654052734,5101800,0.0,0.0,0.0,XLV
2017-09-21,71.28752295820487,71.36581655336173,70.93087130862163,70.96566772460938,4527900,0.0,0.0,0.0,XLV
2017-09-22,70.86997923982753,71.0613562093912,70.60031531184475,70.96566772460938,6473300,0.0,0.0,0.0,XLV
2017-09-25,70.86999463776645,71.19184994129154,70.65252196814608,70.75690460205078,12439300,0.0,0.0,0.0,XLV
2017-09-26,70.95696756734556,71.15704530179912,70.61771080449033,70.64380645751953,4579400,0.0,0.0,0.0,XLV
2017-09-27,70.82648579842898,70.82648579842898,70.31325356818468,70.61771392822266,5384700,0.0,0.0,0.0,XLV
2017-09-28,70.55680475269372,70.91345633464364,70.45241552452629,70.6785888671875,4229000,0.0,0.0,0.0,XLV
2017-09-29,70.68731883473929,71.13095830509323,70.513336715909,71.0961685180664,6902700,0.0,0.0,0.0,XLV
2017-10-02,71.30492120181677,71.82685414412846,71.22662761026442,71.81815338134766,8764900,0.0,0.0,0.0,XLV
2017-10-03,71.9225577782463,72.02694704339793,71.52240888360662,71.80077362060547,5141700,0.0,0.0,0.0,XLV
2017-10-04,71.90515151084686,72.1748154405727,71.83555867842156,72.14871978759766,3291100,0.0,0.0,0.0,XLV
2017-10-05,72.1487135447573,72.20960560867616,71.87034887588001,72.2009048461914,7709600,0.0,0.0,0.0,XLV
2017-10-06,72.07045106933485,72.38361228660847,71.99216408338648,72.1052474975586,4035900,0.0,0.0,0.0,XLV
2017-10-09,72.09653250605999,72.11393403510843,71.53980303780769,71.65289306640625,4558800,0.0,0.0,0.0,XLV
2017-10-10,71.67897436054201,71.81815338134766,71.42670533379824,71.81815338134766,4037700,0.0,0.0,0.0,XLV
2017-10-11,71.7746982845728,72.03566156622836,71.757296750418,71.9573745727539,4031600,0.0,0.0,0.0,XLV
2017-10-12,71.93124915262717,72.04433253089157,71.79206348392826,71.8790512084961,4731600,0.0,0.0,0.0,XLV
2017-10-13,71.6441664322285,71.7920461920492,71.52238231981893,71.69635772705078,5909600,0.0,0.0,0.0,XLV
2017-10-16,71.64417136467206,71.92253601744925,71.25272335308243,71.3832015991211,10219700,0.0,0.0,0.0,XLV
2017-10-17,71.53108956388037,72.53145820122889,71.53108956388037,72.340087890625,8437800,0.0,0.0,0.0,XLV
2017-10-18,72.52276685566798,72.83592793845916,72.35748555176784,72.44447326660156,6938700,0.0,0.0,0.0,XLV
2017-10-19,72.35750399389335,72.9055327100882,72.25311472744431,72.88813781738281,6410400,0.0,0.0,0.0,XLV
2017-10-20,72.91420884925606,73.0272922054963,72.71413114865304,72.96640014648438,6343800,0.0,0.0,0.0,XLV
2017-10-23,73.06211719674404,73.34048195208183,72.74895601739662,72.78375244140625,7159600,0.0,0.0,0.0,XLV
2017-10-24,72.79244534548776,72.80114610973536,71.8790575649078,72.2966079711914,7145500,0.0,0.0,0.0,XLV
2017-10-25,72.22701138426727,72.40099347650204,71.91385025498289,72.19221496582031,6819100,0.0,0.0,0.0,XLV
2017-10-26,71.67898672935253,71.88775861495506,71.03526954398055,71.47021484375,13466900,0.0,0.0,0.0,XLV
2017-10-27,71.21794465679635,71.53110579865915,71.18314823695177,71.45281219482422,6122000,0.0,0.0,0.0,XLV
2017-10-30,71.21793535477187,71.26142589634328,70.53072108526231,70.68730163574219,5884000,0.0,0.0,0.0,XLV
2017-10-31,70.64380382016998,70.86127643627815,70.43503196699265,70.55681610107422,6548600,0.0,0.0,0.0,XLV
2017-11-01,70.67861312972767,71.02657070632947,70.53942744439145,70.73080444335938,7427800,0.0,0.0,0.0,XLV
2017-11-02,70.86129869850913,70.87870022983779,70.25237783679886,70.4089584350586,10200300,0.0,0.0,0.0,XLV
2017-11-03,70.33066432773764,71.03528033336892,70.33066432773764,70.99178314208984,6862700,0.0,0.0,0.0,XLV
2017-11-06,70.87870416391819,70.95699114902351,70.72212355696755,70.7743148803711,4853200,0.0,0.0,0.0,XLV
2017-11-07,70.8960768928441,71.02656179729509,70.6699035009116,70.92217254638672,4439800,0.0,0.0,0.0,XLV
2017-11-08,70.84390266752372,71.16575798780504,70.75690828575517,71.08747100830078,6186200,0.0,0.0,0.0,XLV
2017-11-09,70.9134856341098,71.16575472885928,70.66122317609955,71.0961685180664,7086400,0.0,0.0,0.0,XLV
2017-11-10,70.92218207817399,70.92218207817399,70.19147713382402,70.63511657714844,4826300,0.0,0.0,0.0,XLV
2017-11-13,70.4002515098456,70.8438976055554,70.20017373750933,70.7047119140625,4704000,0.0,0.0,0.0,XLV
2017-11-14,70.46985390457664,70.54814088909535,70.09580060392739,70.41765594482422,7430100,0.0,0.0,0.0,XLV
2017-11-15,70.15668299256711,70.43504773804447,69.97400675054186,70.21757507324219,4952300,0.0,0.0,0.0,XLV
2017-11-16,70.32195043333289,71.0352670713948,70.32195043333289,70.94827270507812,4780500,0.0,0.0,0.0,XLV
2017-11-17,70.62642369533476,70.8960876719255,70.55683085081492,70.66991424560547,6129800,0.0,0.0,0.0,XLV
2017-11-20,70.66121863728335,70.72211071577783,70.26106310804671,70.37415313720703,4898500,0.0,0.0,0.0,XLV
2017-11-21,70.75690892796622,71.15706450486279,70.73081326789462,70.99178314208984,7974500,0.0,0.0,0.0,XLV
2017-11-22,70.99176337741574,71.26142730539851,70.8525777134648,70.96566772460938,4853100,0.0,0.0,0.0,XLV
2017-11-24,71.06137234608946,71.15706085260035,70.90479175695701,71.1309585571289,1650600,0.0,0.0,0.0,XLV
2017-11-27,71.1309490510045,71.3136319111942,71.07005697652073,71.19184112548828,4241400,0.0,0.0,0.0,XLV
2017-11-28,71.36581810406526,71.77466770488284,71.17444113034317,71.71377563476562,8290400,0.0,0.0,0.0,XLV
2017-11-29,71.77469014939948,72.33141971791866,71.77469014939948,72.07044982910156,8144600,0.0,0.0,0.0,XLV
2017-11-30,72.29659537874414,72.82722908086784,72.07912276760287,72.60975646972656,10639600,0.0,0.0,0.0,XLV
2017-12-01,72.57495928289144,72.76633624053632,71.4788954761218,72.46187591552734,15315400,0.0,0.0,0.0,XLV
2017-12-04,72.87942840071506,72.89682992809351,71.57459259033203,71.57459259033203,9770300,0.0,0.0,0.0,XLV
2017-12-05,71.61809352990139,71.97474521901606,71.39192011928081,71.45281219482422,13240800,0.0,0.0,0.0,XLV
2017-12-06,71.49632654045024,71.73119413485459,71.07877603882686,71.39193725585938,8533000,0.0,0.0,0.0,XLV
2017-12-07,71.348417316459,71.54849505562423,71.1309446871106,71.40930938720703,3979200,0.0,0.0,0.0,XLV
2017-12-08,71.61809176543856,72.21831174193919,71.56589381858845,72.2096176147461,8444100,0.0,0.0,0.0,XLV
2017-12-11,72.27050033885425,72.55756578080693,72.15741033259187,72.51406860351562,6588600,0.0,0.0,0.0,XLV
2017-12-12,72.5401624184833,72.9142155688101,72.5401624184833,72.80113220214844,6068600,0.0,0.0,0.0,XLV
2017-12-13,72.7924359618407,73.26217761957857,72.76634030920043,73.05340576171875,8459800,0.0,0.0,0.0,XLV
2017-12-14,73.11429195679293,73.20998043327897,72.24440154272871,72.3139877319336,6772100,0.0,0.0,0.0,XLV
2017-12-15,72.58563765677901,73.13585726964791,72.58563765677901,73.10965728759766,8012200,0.331,0.0,0.0,XLV
2017-12-18,73.34546215826353,73.53759755932806,73.0921845883012,73.13584899902344,5655400,0.0,0.0,0.0,XLV
2017-12-19,73.2494005869515,73.50267818962703,73.01358741816648,73.04852294921875,4777100,0.0,0.0,0.0,XLV
2017-12-20,73.20570365971093,73.31923909809008,72.80395518936677,72.81269073486328,4686700,0.0,0.0,0.0,XLV
2017-12-21,73.03975667268625,73.0834277339469,72.59434383151601,72.64674377441406,4304200,0.0,0.0,0.0,XLV
2017-12-22,72.54196487299292,72.62930702880261,72.23628731747189,72.41096496582031,7023600,0.0,0.0,0.0,XLV
2017-12-26,72.34982204314083,72.52449968968259,72.27122209965022,72.42842864990234,2504100,0.0,0.0,0.0,XLV
2017-12-27,72.4808110262072,72.74282410081214,72.47208214345117,72.5506820678711,4053300,0.0,0.0,0.0,XLV
2017-12-28,72.68170993122463,72.78650986120127,72.42843232832904,72.65550994873047,5380600,0.0,0.0,0.0,XLV
2017-12-29,72.77777367019367,72.89130913736167,72.1314764049496,72.2100830078125,4877200,0.0,0.0,0.0,XLV
2018-01-02,72.48081014877874,73.05723624062387,72.37601025082085,73.02230072021484,6708900,0.0,0.0,0.0,XLV
2018-01-03,73.01357557247104,73.77340825722268,72.80396908343513,73.72100830078125,7606500,0.0,0.0,0.0,XLV
2018-01-04,73.95681985684506,74.09655530472718,73.64240677002203,73.82581329345703,7762500,0.0,0.0,0.0,XLV
2018-01-05,74.0616150244079,74.52449903552915,73.92187293479492,74.45462799072266,7579300,0.0,0.0,0.0,XLV
2018-01-08,74.36731310110729,74.46338414849113,73.80835791447657,74.18390655517578,5167300,0.0,0.0,0.0,XLV
2018-01-09,74.41096139752825,75.21446513459242,74.34109701178917,75.05725860595703,6962900,0.0,0.0,0.0,XLV
2018-01-10,74.8039908816555,74.94372633476796,74.36730676286389,74.92626190185547,10835800,0.0,0.0,0.0,XLV
2018-01-11,75.05724762341224,75.26685407649934,74.84763450705614,75.2493896484375,4247800,0.0,0.0,0.0,XLV
2018-01-12,75.3891444424858,75.91316404154401,75.3280089336502,75.8258285522461,5391700,0.0,0.0,0.0,XLV
2018-01-16,76.29744890676331,76.8127329627487,76.07910684983308,76.20137786865234,8920000,0.0,0.0,0.0,XLV
2018-01-17,76.55073528407631,77.10095493195452,76.35859318578729,76.93501281738281,7214600,0.0,0.0,0.0,XLV
2018-01-18,76.94374095331018,77.03107644504415,76.5070568313694,76.95247650146484,7954800,0.0,0.0,0.0,XLV
2018-01-19,77.24942102384014,77.26689212071892,76.85640796659216,77.24069213867188,4802400,0.0,0.0,0.0,XLV
2018-01-22,77.2144745062484,77.79089396933374,77.07473241624614,77.74722290039062,11152500,0.0,0.0,0.0,XLV
2018-01-23,77.73847790378302,77.88694884618354,77.3017939579451,77.37165832519531,7637600,0.0,0.0,0.0,XLV
2018-01-24,77.7559537635671,77.88696029923626,77.32800529943246,77.59874725341797,8291100,0.0,0.0,0.0,XLV
2018-01-25,77.97429154742095,78.34110449682164,77.67734963503052,78.26250457763672,6339300,0.0,0.0,0.0,XLV
2018-01-26,78.62060431928606,79.96559217916217,78.6031398867059,79.94812774658203,9784400,0.0,0.0,0.0,XLV
2018-01-29,79.73850239156376,80.1664508529663,79.72103129984251,79.72976684570312,12643800,0.0,0.0,0.0,XLV
2018-01-30,78.15770211942025,78.69919268973347,77.92189568623482,78.05290222167969,14270600,0.0,0.0,0.0,XLV
2018-01-31,78.45466305713707,78.68173398015544,76.67299121920307,76.94373321533203,15858400,0.0,0.0,0.0,XLV
2018-02-01,76.64677541085601,77.31926582028662,76.45463339008474,76.96991729736328,12848700,0.0,0.0,0.0,XLV
2018-02-02,76.34113343930979,77.01362416134867,75.86951371362052,75.88697814941406,10539200,0.0,0.0,0.0,XLV
2018-02-05,75.51138393274373,75.97426782970365,71.93931260468099,72.52446746826172,34979800,0.0,0.0,0.0,XLV
2018-02-06,71.12711030726655,73.64240839404971,71.09217477870794,73.32799530029297,33313400,0.0,0.0,0.0,XLV
2018-02-07,73.11839821640906,74.27124415434997,72.86512059916737,73.24066925048828,17338000,0.0,0.0,0.0,XLV
2018-02-08,73.2231993454272,73.45901253161635,70.63802982620253,70.69916534423828,20252500,0.0,0.0,0.0,XLV
2018-02-09,71.3454214882895,72.31486033063246,69.48514371139295,71.70349884033203,35535700,0.0,0.0,0.0,XLV
2018-02-12,72.16640157410549,72.93496974391255,71.52011106489743,72.37601470947266,13389200,0.0,0.0,0.0,XLV
2018-02-13,71.95680899914595,72.59437074829928,71.5113893295531,72.42842864990234,8415200,0.0,0.0,0.0,XLV
2018-02-14,71.96552989721708,73.38038189819292,71.89565885282407,73.24938201904297,10110800,0.0,0.0,0.0,XLV
2018-02-15,73.74720195201982,74.08781496620733,73.00483376201515,74.06161499023438,9519100,0.0,0.0,0.0,XLV
2018-02-16,73.69480083413502,75.118395158709,73.69480083413502,74.59437561035156,9323000,0.0,0.0,0.0,XLV
2018-02-20,74.23628334777864,74.48082533268352,73.56379288929021,73.77339935302734,8872100,0.0,0.0,0.0,XLV
2018-02-21,73.7646466388605,74.75154989489646,73.45896922887307,73.46770477294922,9417400,0.0,0.0,0.0,XLV
2018-02-22,73.70354326038168,74.22756285764893,73.17952366311442,73.35419464111328,6316100,0.0,0.0,0.0,XLV
2018-02-23,73.79086535224417,74.55069796145585,73.46772343528741,74.52449798583984,5498500,0.0,0.0,0.0,XLV
2018-02-26,74.65552539127142,75.5550936762619,74.65552539127142,75.46775817871094,6266100,0.0,0.0,0.0,XLV
2018-02-27,75.46774963445415,75.72102054969588,74.68171691894531,74.68171691894531,7460700,0.0,0.0,0.0,XLV
2018-02-28,74.92624226276763,75.02231327678206,73.46771928748547,73.48518371582031,6279000,0.0,0.0,0.0,XLV
2018-03-01,73.35419160411251,73.72974018820526,71.76466178235798,72.31488800048828,12720300,0.0,0.0,0.0,XLV
2018-03-02,71.92187706005014,73.20572950731835,71.91314151146926,73.04852294921875,11206000,0.0,0.0,0.0,XLV
2018-03-05,72.71662596717121,73.9306070279245,72.55941945108168,73.71226501464844,11028800,0.0,0.0,0.0,XLV
2018-03-06,73.87821730688633,74.00049499248911,73.24066221376626,73.60747528076172,9573300,0.0,0.0,0.0,XLV
2018-03-07,72.978634712623,74.06161593056537,72.95243473631741,73.9830093383789,6868200,0.0,0.0,0.0,XLV
2018-03-08,74.18389298752952,74.5419704650668,74.06162197927091,74.4808349609375,6403000,0.0,0.0,0.0,XLV
2018-03-09,74.9349784776318,75.58126894409732,74.65550097889516,75.55506896972656,8253100,0.0,0.0,0.0,XLV
2018-03-12,75.58128219423232,75.69481765749917,75.14459810944702,75.23193359375,5760200,0.0,0.0,0.0,XLV
2018-03-13,75.52013733993567,75.85201480451067,75.16205323637071,75.32799530029297,6400700,0.0,0.0,0.0,XLV
2018-03-14,75.5900077053481,75.76467865076255,74.71663965173701,74.961181640625,9416400,0.0,0.0,0.0,XLV
2018-03-15,75.22315971405595,75.44150164518574,74.7428114635306,74.83888244628906,5883100,0.0,0.0,0.0,XLV
2018-03-16,74.83011621250391,75.24204227360279,74.83011621250391,74.83888244628906,7067700,0.3,0.0,0.0,XLV
2018-03-19,74.69867854430565,74.79508039814849,73.03344801954617,73.62942504882812,7190200,0.0,0.0,0.0,XLV
2018-03-20,73.79596944380255,73.99755283234681,73.31393325788795,73.734619140625,5534400,0.0,0.0,0.0,XLV
2018-03-21,73.85730089147467,74.26046756563619,73.35773235408652,73.41908264160156,5498700,0.0,0.0,0.0,XLV
2018-03-22,72.70916647769872,72.76175052451875,71.1841689398029,71.30686950683594,14648500,0.0,0.0,0.0,XLV
2018-03-23,71.37698750321246,71.52598009673686,69.77310717523699,69.82569122314453,11049000,0.0,0.0,0.0,XLV
2018-03-26,70.61450021406088,71.36823626363002,69.80818010553422,71.2718276977539,9183500,0.0,0.0,0.0,XLV
2018-03-27,71.5259730187959,71.73631587629087,70.02726762162129,70.43042755126953,10948400,0.0,0.0,0.0,XLV
2018-03-28,70.63199785240916,71.49090836423086,70.53559601163771,70.80728912353516,10146800,0.0,0.0,0.0,XLV
2018-03-29,71.1841677502039,71.85902085760772,70.70212504014455,71.34192657470703,6914900,0.0,0.0,0.0,XLV
2018-04-02,71.04394197607651,71.41205039534093,69.0106095227358,69.72052764892578,11364900,0.0,0.0,0.0,XLV
2018-04-03,70.09737142270689,70.9124573701806,69.66791286291914,70.78099060058594,8590700,0.0,0.0,0.0,XLV
2018-04-04,69.93086230640277,71.99048654287822,69.93086230640277,71.78890991210938,9085800,0.0,0.0,0.0,XLV
2018-04-05,72.04307957094827,72.10442986013793,71.46463494240011,71.736328125,8031300,0.0,0.0,0.0,XLV
2018-04-06,71.14034658423282,71.49092250917025,69.37871409594456,70.0097427368164,12171800,0.0,0.0,0.0,XLV
2018-04-09,70.38660030269057,71.6837290276058,70.18502368909638,70.70211791992188,6952600,0.0,0.0,0.0,XLV
2018-04-10,71.40328641945935,72.17454817216169,71.15788525663044,71.89408874511719,8097800,0.0,0.0,0.0,XLV
2018-04-11,71.35945355365598,71.78891222495099,71.21046096321292,71.30686950683594,6205800,0.0,0.0,0.0,XLV
2018-04-12,71.69250137159239,72.13071957878628,71.63991063978727,71.78890991210938,5096900,0.0,0.0,0.0,XLV
2018-04-13,72.13072844561404,72.19207873469564,71.36822626415992,71.75386047363281,7837000,0.0,0.0,0.0,XLV
2018-04-16,72.27970666971682,72.58645805409742,72.11318162390505,72.32352447509766,7217200,0.0,0.0,0.0,XLV
2018-04-17,72.87567132677032,73.0421896577369,72.498803493513,72.88443756103516,6500900,0.0,0.0,0.0,XLV
2018-04-18,73.06852426271998,73.19998440789765,72.59524768003786,72.9458236694336,4704500,0.0,0.0,0.0,XLV
2018-04-19,72.81434867542258,72.88446520277816,72.06937896063984,72.33230590820312,5833600,0.0,0.0,0.0,XLV
2018-04-20,72.39369341251692,72.49886825761624,71.71007363608015,71.94670867919922,5250500,0.0,0.0,0.0,XLV
2018-04-23,72.13949332595247,72.45501103216195,71.95544244511035,72.22714233398438,9257300,0.0,0.0,0.0,XLV
2018-04-24,72.45500038439897,72.50759111882564,71.1403456972839,71.6837387084961,8904800,0.0,0.0,0.0,XLV
2018-04-25,71.5961074835081,72.04308533191268,71.0965388925355,72.0080337524414,8068800,0.0,0.0,0.0,XLV
2018-04-26,72.21834962837869,73.1999539664529,72.21834962837869,72.91949462890625,9463300,0.0,0.0,0.0,XLV
2018-04-27,72.86692287659405,73.33143310583664,72.70916405471174,73.21749877929688,6663300,0.0,0.0,0.0,XLV
2018-04-30,73.53304358012228,73.57686140496835,72.08692162656907,72.09568786621094,7241000,0.0,0.0,0.0,XLV
2018-05-01,72.00800861383725,72.26216925301742,71.45584947306004,72.06059265136719,8498000,0.0,0.0,0.0,XLV
2018-05-02,71.68375349465887,71.73633755325251,70.9124916596683,71.07024383544922,11594300,0.0,0.0,0.0,XLV
2018-05-03,70.74594518085144,70.75471141686172,69.51016668387582,70.43042755126953,13524100,0.0,0.0,0.0,XLV
2018-05-04,70.22009418976283,71.22799080684365,69.9483943301322,70.9913558959961,7889500,0.0,0.0,0.0,XLV
2018-05-07,71.21924252109746,71.49970197560444,70.70214143163346,70.88619232177734,5886700,0.0,0.0,0.0,XLV
2018-05-08,70.71089704499596,70.77224733249192,69.93086909539886,70.35155487060547,9522300,0.0,0.0,0.0,XLV
2018-05-09,70.48301512930405,71.06146637477815,70.09738765233386,70.75471496582031,11340200,0.0,0.0,0.0,XLV
2018-05-10,71.05271745145471,72.0167964088122,71.01765918379142,71.70127868652344,7845500,0.0,0.0,0.0,XLV
2018-05-11,71.76261973753815,72.91075612387493,71.63115960908887,72.77052307128906,10434000,0.0,0.0,0.0,XLV
2018-05-14,72.90199513592817,73.55932257222712,72.75300252183706,73.25257110595703,11837600,0.0,0.0,0.0,XLV
2018-05-15,72.77052531396463,72.85816763119179,72.06938008946705,72.30601501464844,8806800,0.0,0.0,0.0,XLV
2018-05-16,72.2709644199373,72.96335016686542,72.26219818128024,72.70918273925781,7013600,0.0,0.0,0.0,XLV
2018-05-17,72.63904221128686,72.8581512985772,72.32352459065449,72.7354507446289,6610400,0.0,0.0,0.0,XLV
2018-05-18,72.78803453839849,73.06849387594514,72.5426267672019,72.91949462890625,5838900,0.0,0.0,0.0,XLV
2018-05-21,73.26132483182688,73.40155788335967,72.88446355086238,72.98963165283203,6406500,0.0,0.0,0.0,XLV
2018-05-22,73.13863000055858,73.22627900799189,72.73546997575106,72.84941101074219,5770200,0.0,0.0,0.0,XLV
2018-05-23,72.54262851830465,73.11231344207606,72.45498622695787,73.08602142333984,8360500,0.0,0.0,0.0,XLV
2018-05-24,73.0422227714861,73.16493004679057,72.47254433288106,72.79682159423828,7166500,0.0,0.0,0.0,XLV
2018-05-25,72.82312581160055,73.14740981391785,72.56896504025221,72.69166564941406,6853300,0.0,0.0,0.0,XLV
2018-05-29,72.21840869070158,72.34987557540484,71.49096439046922,71.94670867919922,18236800,0.0,0.0,0.0,XLV
2018-05-30,72.43747787204883,73.19121379500322,72.35859511018253,73.02468872070312,13167700,0.0,0.0,0.0,XLV
2018-05-31,72.88446977414071,72.94582006775475,72.2008436195665,72.22714233398438,11543500,0.0,0.0,0.0,XLV
2018-06-01,72.51636790698024,73.08605307748678,72.43749181660974,73.05976104736328,8037800,0.0,0.0,0.0,XLV
2018-06-04,73.14737008466007,73.43659565774378,72.91073523456852,73.3314208984375,7230800,0.0,0.0,0.0,XLV
2018-06-05,73.35771867462216,73.51547748262543,72.83185821017084,73.18243408203125,5444400,0.0,0.0,0.0,XLV
2018-06-06,73.43661680461344,74.08517795706719,73.13862491077468,74.00630187988281,7218900,0.0,0.0,0.0,XLV
2018-06-07,74.22543040728003,74.29554026531693,73.74338752069156,74.10272979736328,7405600,0.0,0.0,0.0,XLV
2018-06-08,74.07639960818196,74.5847343114135,73.95369905039212,74.53215026855469,6247100,0.0,0.0,0.0,XLV
2018-06-11,74.54091842949727,75.03172067333082,74.36562713764309,74.67237854003906,7074400,0.0,0.0,0.0,XLV
2018-06-12,74.75127113375206,74.75127113375206,74.29552040161248,74.62857055664062,6829200,0.0,0.0,0.0,XLV
2018-06-13,74.76003630062218,75.12813802668535,74.54968672571762,74.6460952758789,10379200,0.0,0.0,0.0,XLV
2018-06-14,74.79509665338324,75.07556278616774,74.58475374047549,75.03173828125,9379800,0.0,0.0,0.0,XLV
2018-06-15,74.94024565176575,75.2129454114405,74.59716959557717,75.1777572631836,9349300,0.316,0.0,0.0,XLV
2018-06-18,74.72032866844663,74.72032866844663,74.14853297439578,74.4564208984375,7342600,0.0,0.0,0.0,XLV
2018-06-19,73.94617590870115,74.6763146570509,73.83181949604253,74.6499252319336,6431700,0.0,0.0,0.0,XLV
2018-06-20,74.74670337215153,74.98421494918848,74.58836008364287,74.80828094482422,5900800,0.0,0.0,0.0,XLV
2018-06-21,74.73793278830566,74.74673150527114,74.20132514813899,74.37726593017578,7423400,0.0,0.0,0.0,XLV
2018-06-22,74.64996262889578,75.00183746678871,74.45643113248195,74.71154022216797,9829800,0.0,0.0,0.0,XLV
2018-06-25,74.43002134072889,74.7203185059658,73.46237083472492,74.0253677368164,9925100,0.0,0.0,0.0,XLV
2018-06-26,74.08695093482271,74.13972980106963,73.69988801847056,73.7966537475586,5560100,0.0,0.0,0.0,XLV
2018-06-27,73.79665553469403,74.1749197453478,73.11930212612727,73.17208099365234,7420500,0.0,0.0,0.0,XLV
2018-06-28,72.89937152868106,73.45356969830594,72.38915350565686,73.26883697509766,9026900,0.0,0.0,0.0,XLV
2018-06-29,73.49756337625077,74.06935231528219,73.3656095013001,73.41838836669922,6479300,0.0,0.0,0.0,XLV
2018-07-02,73.0137518649732,73.69110540513842,72.7674414867313,73.64712524414062,9364700,0.0,0.0,0.0,XLV
2018-07-03,73.9109879227801,74.1660968851881,73.62948953520073,73.8230209350586,3023100,0.0,0.0,0.0,XLV
2018-07-05,74.16611262077876,74.66753193977189,73.9901786080084,74.58836364746094,7458600,0.0,0.0,0.0,XLV
2018-07-06,74.9490649477234,75.79356739050625,74.86109790077471,75.66161346435547,9822500,0.0,0.0,0.0,XLV
2018-07-09,75.96068833860075,76.36534204687084,75.934298900674,76.2157974243164,7874400,0.0,0.0,0.0,XLV
2018-07-10,76.36534326643432,76.54128404117951,76.16301976479525,76.50609588623047,6122900,0.0,0.0,0.0,XLV
2018-07-11,76.09264037537895,76.17180868721955,75.84633001215835,75.89910888671875,6434500,0.0,0.0,0.0,XLV
2018-07-12,76.27736009918992,76.79637688557827,76.23337994839785,76.74359130859375,4461600,0.0,0.0,0.0,XLV
2018-07-13,76.57644290081205,77.05146603226197,76.53245604608992,76.88433074951172,6048700,0.0,0.0,0.0,XLV
2018-07-16,76.94592250521119,76.94592250521119,76.31254926457189,76.4181137084961,5388500,0.0,0.0,0.0,XLV
2018-07-17,76.39172202526548,76.95472571428817,76.35654058668909,76.84036254882812,5849300,0.0,0.0,0.0,XLV
2018-07-18,76.85793636347285,76.91951392924067,76.62921681428466,76.90191650390625,7575700,0.0,0.0,0.0,XLV
2018-07-19,76.71717357249855,76.87551682212865,76.13658613148847,76.47086334228516,5204000,0.0,0.0,0.0,XLV
2018-07-20,76.25974202189875,76.43567598485399,76.10139877065883,76.32131958007812,4822600,0.0,0.0,0.0,XLV
2018-07-23,76.27736798992893,76.57646391893915,76.1894009677919,76.47969818115234,3824600,0.0,0.0,0.0,XLV
2018-07-24,76.8843320727477,77.30657635495959,76.83154650388231,77.17462921142578,6467100,0.0,0.0,0.0,XLV
2018-07-25,77.13063086862478,78.17745612776486,77.05145588284442,78.15985870361328,9285900,0.0,0.0,0.0,XLV
2018-07-26,78.02792367264396,78.2126631135025,77.77282136402548,77.93995666503906,5763000,0.0,0.0,0.0,XLV
2018-07-27,77.97514580980855,77.97514580980855,77.09546229957925,77.37696075439453,5742900,0.0,0.0,0.0,XLV
2018-07-30,77.31537978115354,77.57048879328899,77.19222463204709,77.42094421386719,5531200,0.0,0.0,0.0,XLV
2018-07-31,77.70245393904386,78.33582720438972,77.58809077580166,78.23026275634766,6719100,0.0,0.0,0.0,XLV
2018-08-01,78.18626330776398,78.5381380331502,78.18626330776398,78.24784088134766,5733000,0.0,0.0,0.0,XLV
2018-08-02,77.91356488322226,78.70528135068504,77.87837673895145,78.53813934326172,5666200,0.0,0.0,0.0,XLV
2018-08-03,78.59972563564335,79.06595685390158,78.4941679025754,79.00437927246094,5884800,0.0,0.0,0.0,XLV
2018-08-06,78.96038599975452,79.32105271355873,78.67888757259567,79.1451187133789,4751100,0.0,0.0,0.0,XLV
2018-08-07,79.1539077758789,79.41780874397216,79.04834336177095,79.1539077758789,5170300,0.0,0.0,0.0,XLV
2018-08-08,79.16271357477831,79.39143315615225,78.98677956538435,79.2770767211914,5020400,0.0,0.0,0.0,XLV
2018-08-09,79.28587552915434,79.50579641549983,79.10994150465908,79.1891098022461,5680300,0.0,0.0,0.0,XLV
2018-08-10,78.8988396672635,79.31229211398296,78.57335425546307,78.84605407714844,5389500,0.0,0.0,0.0,XLV
2018-08-13,78.93396829622097,79.25064804081755,78.67006067903273,78.87239074707031,6563900,0.0,0.0,0.0,XLV
2018-08-14,78.98678093754371,79.38263582128303,78.90760593392443,79.24188995361328,5497700,0.0,0.0,0.0,XLV
2018-08-15,78.99557551484185,79.20669766101682,78.6085126539777,79.10993194580078,6840600,0.0,0.0,0.0,XLV
2018-08-16,79.33867935125909,79.9896434453378,79.24191360209753,79.88407897949219,6916700,0.0,0.0,0.0,XLV
2018-08-17,79.82248319451749,80.37668812458884,79.63775045497799,80.13037109375,5455300,0.0,0.0,0.0,XLV
2018-08-20,80.3151035597198,80.54381642985682,80.27111670160377,80.39427185058594,8144900,0.0,0.0,0.0,XLV
2018-08-21,80.59660200188651,80.63179014608889,80.22712984348775,80.39427185058594,6395900,0.0,0.0,0.0,XLV
2018-08-22,80.20954197187966,80.64938372283065,80.11277624975425,80.47344970703125,3954300,0.0,0.0,0.0,XLV
2018-08-23,80.4294689130221,80.64059109019387,80.25353488395447,80.44705963134766,6058300,0.0,0.0,0.0,XLV
2018-08-24,80.6317830233368,80.8341064453125,80.48223174582452,80.8341064453125,4028900,0.0,0.0,0.0,XLV
2018-08-27,81.12442016601562,81.18599774766,80.78134410950364,81.12442016601562,4671300,0.0,0.0,0.0,XLV
2018-08-28,81.24757100339413,81.27396043534335,80.99246197546374,81.16839599609375,4954100,0.0,0.0,0.0,XLV
2018-08-29,81.18600228639865,81.78418741786574,81.09803526648213,81.69622039794922,5338500,0.0,0.0,0.0,XLV
2018-08-30,81.63465118408203,81.90735098722324,81.45871041475375,81.63465118408203,5266100,0.0,0.0,0.0,XLV
2018-08-31,81.44110089484529,81.68741120359603,81.2827575947266,81.61703491210938,5808100,0.0,0.0,0.0,XLV
2018-09-04,81.54665971645503,81.59944529150563,80.77254063405682,80.96607208251953,6875500,0.0,0.0,0.0,XLV
2018-09-05,80.90448682244424,81.29154968261719,80.7549422488145,81.29154968261719,10218900,0.0,0.0,0.0,XLV
2018-09-06,81.28275096903543,81.4586849719584,80.79892239381925,81.29154968261719,5940300,0.0,0.0,0.0,XLV
2018-09-07,81.09803199982375,81.49388692922959,80.97487683461068,81.41471862792969,5591100,0.0,0.0,0.0,XLV
2018-09-10,81.61705809244991,81.76660272074231,81.12443733503754,81.20360565185547,4234000,0.0,0.0,0.0,XLV
2018-09-11,81.0628405630848,81.29156016554074,80.79013409849983,81.13321685791016,5683900,0.0,0.0,0.0,XLV
2018-09-12,81.18598235094842,81.68740162394639,81.02763906939897,81.53785705566406,11056600,0.0,0.0,0.0,XLV
2018-09-13,81.88975199883257,82.54951477050781,81.81058368772945,82.54951477050781,10603800,0.0,0.0,0.0,XLV
2018-09-14,82.61990109713534,82.61990109713534,82.1272803155375,82.27682495117188,5929000,0.0,0.0,0.0,XLV
2018-09-17,82.27681904717005,82.28561776376857,81.88096404914243,81.97772979736328,5543000,0.0,0.0,0.0,XLV
2018-09-18,81.9776832578684,82.66383511102377,81.8545281412226,82.45271301269531,5422900,0.0,0.0,0.0,XLV
2018-09-19,82.39995648626837,82.57589722307286,82.25041189357418,82.33837890625,4186600,0.0,0.0,0.0,XLV
2018-09-20,82.57589619955104,83.19167199210213,82.52311062343753,83.1388931274414,5083000,0.0,0.0,0.0,XLV
2018-09-21,83.35703647257922,83.43652014703815,83.07444057889177,83.25106048583984,8579100,0.367,0.0,0.0,XLV
2018-09-24,83.19806028980388,83.58663209750503,83.08325804553594,83.41883850097656,5392600,0.0,0.0,0.0,XLV
2018-09-25,83.53365609001663,83.65729810959286,83.07444029097266,83.16275024414062,5215900,0.0,0.0,0.0,XLV
2018-09-26,83.3216827455769,84.00168330456289,83.17155520207646,83.34817504882812,10880500,0.0,0.0,0.0,XLV
2018-09-27,83.46299134001654,84.00169067879965,83.36584839449068,83.77207946777344,7168800,0.0,0.0,0.0,XLV
2018-09-28,83.60430106313846,84.08118286296222,83.56897573674962,84.0281982421875,5995800,0.0,0.0,0.0,XLV
2018-10-01,84.34611723225113,84.83182529773401,84.1959829146277,84.4432601928711,7307100,0.0,0.0,0.0,XLV
2018-10-02,84.44325043230162,84.51389433744585,84.1871469055074,84.34610748291016,5572700,0.0,0.0,0.0,XLV
2018-10-03,84.62871313932634,84.77884071940555,84.05468839109864,84.1871566772461,6367500,0.0,0.0,0.0,XLV
2018-10-04,84.12532222855876,84.160647546979,82.9331213667418,83.3658447265625,10976400,0.0,0.0,0.0,XLV
2018-10-05,83.43650086454586,83.86922425289693,82.74766721635828,83.26870727539062,12291000,0.0,0.0,0.0,XLV
2018-10-08,83.1627401590918,83.47182832650572,82.53573080873308,83.23339080810547,11924000,0.0,0.0,0.0,XLV
2018-10-09,83.0126000969089,83.66610165794792,82.75649658596838,83.37467956542969,7463900,0.0,0.0,0.0,XLV
2018-10-10,83.3658536906818,83.46299664237911,81.3523574875309,81.40534210205078,22549300,0.0,0.0,0.0,XLV
2018-10-11,81.1845533761797,81.37000624059526,78.63235813058878,79.20638275146484,46581800,0.0,0.0,0.0,XLV
2018-10-12,80.16015802932901,80.72535650551825,79.49782332903804,80.42509460449219,20797300,0.0,0.0,0.0,XLV
2018-10-15,80.29261903436915,80.6458655233416,79.80691100744636,79.86872863769531,13909700,0.0,0.0,0.0,XLV
2018-10-16,80.4868832539462,82.20012388439952,80.47805024125735,82.05882263183594,13505900,0.0,0.0,0.0,XLV
2018-10-17,82.00583961718952,82.6946663927247,81.59077560177353,82.4915542602539,14232300,0.0,0.0,0.0,XLV
2018-10-18,82.44738837389598,82.4562213859458,80.90194140826775,81.5554428100586,14455600,0.0,0.0,0.0,XLV
2018-10-19,81.6967802403294,81.97937611257389,80.7076913186652,80.81366729736328,11318600,0.0,0.0,0.0,XLV
2018-10-22,80.80485377764721,80.9549813971455,79.780439282584,80.15135192871094,8288300,0.0,0.0,0.0,XLV
2018-10-23,79.12690582158085,80.10716157217166,78.49106352523913,79.71858978271484,15424500,0.0,0.0,0.0,XLV
2018-10-24,79.6832914066179,80.14250721619749,76.98979397868484,77.0869369506836,17431900,0.0,0.0,0.0,XLV
2018-10-25,77.07810578976517,78.62355362453398,76.18615972430845,78.08485412597656,15725100,0.0,0.0,0.0,XLV
2018-10-26,77.36066647847657,77.90819874479553,76.25677567045717,77.20170593261719,25507900,0.0,0.0,0.0,XLV
2018-10-29,78.09366362986817,78.66768828604492,76.3097787736803,77.39600372314453,14024300,0.0,0.0,0.0,XLV
2018-10-30,77.40488535712993,78.34981635847826,77.00748031279721,78.22618103027344,15432000,0.0,0.0,0.0,XLV
2018-10-31,78.85313995181629,79.1710610876627,78.27028229022596,78.33209991455078,13460700,0.0,0.0,0.0,XLV
2018-11-01,78.59703766799088,79.45365814531222,78.5705453625258,79.3211898803711,9668500,0.0,0.0,0.0,XLV
2018-11-02,80.08951188582297,80.22197343210033,78.30562003629746,78.82666015625,12953000,0.0,0.0,0.0,XLV
2018-11-05,78.9326090047061,79.87753930390103,78.9326090047061,79.52429962158203,7783500,0.0,0.0,0.0,XLV
2018-11-06,79.41832736695375,80.01884428747877,79.30352513862374,79.93053436279297,7980500,0.0,0.0,0.0,XLV
2018-11-07,80.67234481539994,82.3502603140949,80.61936020876824,82.27960968017578,13310600,0.0,0.0,0.0,XLV
2018-11-08,82.12947512843606,82.62401604844153,82.0146729113247,82.32376098632812,7345600,0.0,0.0,0.0,XLV
2018-11-09,82.2266284220299,82.35909668161888,81.68792910728612,82.0853271484375,8486500,0.0,0.0,0.0,XLV
2018-11-12,81.96170016744578,82.0853354254981,80.78716521594887,80.97261810302734,8423200,0.0,0.0,0.0,XLV
2018-11-13,81.24640253739996,81.57315679923417,80.16900351268946,80.4074478149414,14227000,0.0,0.0,0.0,XLV
2018-11-14,80.90195731315052,80.91079032693686,79.38300234743942,79.76274108886719,11664000,0.0,0.0,0.0,XLV
2018-11-15,79.19756124123428,80.56638886386983,78.44691666072488,80.46924591064453,15563900,0.0,0.0,0.0,XLV
2018-11-16,80.32793672594335,81.67027190899469,80.28378513002639,81.28170013427734,11323200,0.0,0.0,0.0,XLV
2018-11-19,81.361160617562,81.4141519546221,79.89519721944394,80.24844360351562,8821000,0.0,0.0,0.0,XLV
2018-11-20,79.7450952576071,80.33677926645859,79.31236509804418,79.49781799316406,11604300,0.0,0.0,0.0,XLV
2018-11-21,79.75392587058663,79.76275888634387,79.02977354368082,79.04743957519531,9345100,0.0,0.0,0.0,XLV
2018-11-23,78.62353209427246,79.63911316939462,78.57938049651169,79.1622314453125,3939500,0.0,0.0,0.0,XLV
2018-11-26,79.79806610695657,80.14247952956198,79.46248569810435,79.93053436279297,7141200,0.0,0.0,0.0,XLV
2018-11-27,79.66560786702145,80.76066589355469,79.37417901506475,80.76066589355469,9262000,0.0,0.0,0.0,XLV
2018-11-28,80.99909867341093,82.72999877295389,80.98143264618253,82.70350646972656,11870400,0.0,0.0,0.0,XLV
2018-11-29,82.5092006016057,83.46296371235735,82.394398402902,82.97724914550781,8796000,0.0,0.0,0.0,XLV
2018-11-30,82.92429857701143,84.66403198242188,82.83598863888031,84.66403198242188,15875900,0.0,0.0,0.0,XLV
2018-12-03,84.61105996263248,84.61105996263248,83.77210525226543,84.25782012939453,12158200,0.0,0.0,0.0,XLV
2018-12-04,84.2401387726897,84.70818753045256,82.22664244395008,82.37677001953125,15011300,0.0,0.0,0.0,XLV
2018-12-06,81.3523383921227,82.06765747070312,79.60377240961921,82.06765747070312,18492900,0.0,0.0,0.0,XLV
2018-12-07,81.83807746633242,81.95288646472277,79.57731041493062,79.9747085571289,14930800,0.0,0.0,0.0,XLV
2018-12-10,80.01886164861918,80.58405337437256,78.28796114629736,80.28379821777344,15372000,0.0,0.0,0.0,XLV
2018-12-11,80.95495731024184,81.49365671415391,79.95704216637384,80.53106689453125,13632300,0.0,0.0,0.0,XLV
2018-12-12,81.42300660290967,82.2796271930652,81.16690979127044,81.21989440917969,12581000,0.0,0.0,0.0,XLV
2018-12-13,81.44067110727654,81.89106056391245,80.751844136902,81.29936981201172,11567100,0.0,0.0,0.0,XLV
2018-12-14,80.5045429279613,80.57518681105512,78.32325386130825,78.56169128417969,19422700,0.0,0.0,0.0,XLV
2018-12-17,77.74924061667903,78.4027421088161,76.46872319698781,76.99859619140625,22089500,0.0,0.0,0.0,XLV
2018-12-18,77.66094054772752,77.80223508991062,75.59445312517073,76.32743835449219,24712500,0.0,0.0,0.0,XLV
2018-12-19,76.4775714711542,77.39600964377237,74.64952814095145,75.32952880859375,23075600,0.0,0.0,0.0,XLV
2018-12-20,74.98513205788241,75.29422027682145,73.7399394275051,74.26980590820312,25321600,0.0,0.0,0.0,XLV
2018-12-21,74.3850979627511,75.64480821708729,73.19635901608927,73.34716796875,28909200,0.38,0.0,0.0,XLV
2018-12-24,72.85925889149307,73.13427105519315,71.54632335664395,71.5906753540039,14235500,0.0,0.0,0.0,XLV
2018-12-26,71.85682438550855,74.7843273455308,71.51084762436751,74.7133560180664,20575100,0.0,0.0,0.0,XLV
2018-12-27,73.83511213479494,75.58273548998467,72.83266068855964,75.53838348388672,14045700,0.0,0.0,0.0,XLV
2018-12-28,76.02628466019767,76.68275922585464,75.31659175619234,75.62708282470703,15770600,0.0,0.0,0.0,XLV
2018-12-31,76.05291944826578,76.81583761396895,75.9996875626965,76.744873046875,10163100,0.0,0.0,0.0,XLV
2019-01-02,75.56498607844173,76.14161622727987,74.7577025164288,75.58272552490234,14179900,0.0,0.0,0.0,XLV
2019-01-03,75.68919253623476,75.8488746483276,73.85285163126635,74.04801940917969,17668000,0.0,0.0,0.0,XLV
2019-01-04,74.91737275967337,76.67387548219817,74.8818938723629,76.25692749023438,16262600,0.0,0.0,0.0,XLV
2019-01-07,76.28356638126499,77.26827166497885,76.05291969311871,76.5497055053711,12387200,0.0,0.0,0.0,XLV
2019-01-08,77.16181970391109,77.40133949568964,76.29243778371702,77.14407348632812,13371000,0.0,0.0,0.0,XLV
2019-01-09,77.48117816062636,77.94248506889505,77.2593978153969,77.49005126953125,11259700,0.0,0.0,0.0,XLV
2019-01-10,77.14406053470607,77.69407812805433,76.753725031801,77.6408462524414,10396800,0.0,0.0,0.0,XLV
2019-01-11,77.27713487962302,77.92472962079309,77.13519222675396,77.89811706542969,7187900,0.0,0.0,0.0,XLV
2019-01-14,77.4279407973353,77.46342645914336,77.02873894634098,77.03760528564453,5449000,0.0,0.0,0.0,XLV
2019-01-15,77.1440522034769,78.4392482335525,77.1263127589869,78.4215087890625,10540600,0.0,0.0,0.0,XLV
2019-01-16,78.52796438229427,78.86507476451587,78.22634642788287,78.27957153320312,8288900,0.0,0.0,0.0,XLV
2019-01-17,78.06665135988264,79.29974906149779,78.00455315793786,78.97151184082031,8731600,0.0,0.0,0.0,XLV
2019-01-18,79.55701546328451,79.95621722563854,78.96264598842093,79.911865234375,13367500,0.0,0.0,0.0,XLV
2019-01-22,79.35298144693081,79.50379718110393,78.81183702247822,79.36185455322266,12244500,0.0,0.0,0.0,XLV
2019-01-23,79.5126979049137,79.88529408013487,78.59009072928974,79.45059967041016,7722800,0.0,0.0,0.0,XLV
2019-01-24,79.37073579164932,79.44170711286152,78.41264325987787,78.78523254394531,11307000,0.0,0.0,0.0,XLV
2019-01-25,79.17557942472718,79.17557942472718,78.65218108398815,78.88282775878906,7241900,0.0,0.0,0.0,XLV
2019-01-28,78.34168241153525,78.42152685062216,77.61424319235906,77.9868392944336,7113800,0.0,0.0,0.0,XLV
2019-01-29,77.9868532785315,78.43041402264363,77.76507290647544,78.3683090209961,11099200,0.0,0.0,0.0,XLV
2019-01-30,78.66103283203891,79.6634840897678,78.46586509095197,79.44170379638672,11706500,0.0,0.0,0.0,XLV
2019-01-31,79.3529983955203,80.62158213832205,79.27316072643274,80.43528747558594,13409900,0.0,0.0,0.0,XLV
2019-02-01,80.53286865898524,80.69255076000113,79.95623847375016,80.50625610351562,9386500,0.0,0.0,0.0,XLV
2019-02-04,80.51513078836116,80.51513078836116,79.59252382755466,80.27560424804688,9308600,0.0,0.0,0.0,XLV
2019-02-05,80.40869415155544,80.86112802252785,80.14255498787753,80.1603012084961,8921400,0.0,0.0,0.0,XLV
2019-02-06,80.01833559422431,80.55948010867259,79.92075171337638,80.52399444580078,6135900,0.0,0.0,0.0,XLV
2019-02-07,80.000594297771,80.133663838415,79.21105692966742,79.63687133789062,9511700,0.0,0.0,0.0,XLV
2019-02-08,79.32638235828146,79.79655554858385,79.21105902970483,79.78768920898438,7284200,0.0,0.0,0.0,XLV
2019-02-11,79.96508407152604,80.01830916415442,79.46829849180547,79.69007873535156,5017400,0.0,0.0,0.0,XLV
2019-02-12,80.036094157506,80.82563166566644,79.89415148412026,80.7812728881836,9093200,0.0,0.0,0.0,XLV
2019-02-13,80.94094061349725,81.19820658709587,80.59496386891242,80.95868682861328,6435600,0.0,0.0,0.0,XLV
2019-02-14,80.75466864863543,81.5087205661348,80.63934529077784,81.14500427246094,6938600,0.0,0.0,0.0,XLV
2019-02-15,81.75711535564423,82.41358332772624,81.14499939474915,82.36922454833984,8234200,0.0,0.0,0.0,XLV
2019-02-19,82.14742156562899,82.49339829132776,82.13854845855533,82.17403411865234,6284100,0.0,0.0,0.0,XLV
2019-02-20,81.97001156492331,82.18291878725962,81.66838679576486,82.07646179199219,6959900,0.0,0.0,0.0,XLV
2019-02-21,81.78369309822378,81.83691819626836,80.99415589231171,81.35787200927734,8368500,0.0,0.0,0.0,XLV
2019-02-22,81.51757743045904,82.17404531117384,81.41999354395027,82.10308074951172,6488100,0.0,0.0,0.0,XLV
2019-02-25,82.52000937160211,82.71517711455364,82.15629320644496,82.21839141845703,7652600,0.0,0.0,0.0,XLV
2019-02-26,82.03209326533067,82.25387355132185,81.828052424212,81.9256362915039,7288000,0.0,0.0,0.0,XLV
2019-02-27,81.65061588979967,81.93449433294445,81.26915359730548,81.54415893554688,9827600,0.0,0.0,0.0,XLV
2019-02-28,81.39335247077916,81.83691297470712,81.21593097648646,81.30464172363281,9464100,0.0,0.0,0.0,XLV
2019-03-01,81.8103139775655,82.57323871213994,81.73934266081503,82.4579086303711,10795200,0.0,0.0,0.0,XLV
2019-03-04,82.75066845323047,82.9014774401531,80.78125821111816,81.34014892578125,15208400,0.0,0.0,0.0,XLV
2019-03-05,81.37563605874236,81.5885432657877,80.87884355137244,81.29579162597656,13591700,0.0,0.0,0.0,XLV
2019-03-06,81.30466805894616,81.4111182827235,79.88527534026188,80.1070556640625,11662400,0.0,0.0,0.0,XLV
2019-03-07,79.9917277292585,80.1602829457329,79.20219029661294,79.4771957397461,14430700,0.0,0.0,0.0,XLV
2019-03-08,79.05137355679987,79.35299152706632,78.62555238726138,79.30863952636719,11531200,0.0,0.0,0.0,XLV
2019-03-11,79.52155505516329,80.28447993634578,79.29090161549917,80.21350860595703,9694300,0.0,0.0,0.0,XLV
2019-03-12,80.4175411998019,80.98529824799355,80.30221110775811,80.79900360107422,8981600,0.0,0.0,0.0,XLV
2019-03-13,81.03853302769805,81.89016870162351,80.9853079131398,81.66838836669922,10098300,0.0,0.0,0.0,XLV
2019-03-14,81.64175140579344,81.74820837128746,81.24254962953503,81.5353012084961,9283800,0.0,0.0,0.0,XLV
2019-03-15,81.67865835534602,82.04372893920784,81.39372273133148,81.91016387939453,10219400,0.341,0.0,0.0,XLV
2019-03-18,81.99031552040849,82.0704504899198,81.49167302319755,81.78551483154297,7183500,0.0,0.0,0.0,XLV
2019-03-19,82.07043898729934,82.66702187694244,81.77659722013746,82.43551635742188,11308700,0.0,0.0,0.0,XLV
2019-03-20,82.33758569737559,82.43553297283813,81.54510813656223,81.86566162109375,11123700,0.0,0.0,0.0,XLV
2019-03-21,81.18003381031025,82.3108772001123,81.06428102277413,82.18621826171875,7398200,0.0,0.0,0.0,XLV
2019-03-22,81.83005041260454,82.13279162052342,80.67249531471997,80.6903076171875,12162600,0.0,0.0,0.0,XLV
2019-03-25,80.83276323636575,80.9039988516453,80.06699735561614,80.6457748413086,9893300,0.0,0.0,0.0,XLV
2019-03-26,81.1176960668529,81.71427903879766,80.62796651409009,81.19783782958984,8107200,0.0,0.0,0.0,XLV
2019-03-27,81.09990335018163,81.28689176818749,79.96016053943947,80.52112579345703,10817400,0.0,0.0,0.0,XLV
2019-03-28,80.76151738179298,80.94851254654428,80.30740567711506,80.72590637207031,6726800,0.0,0.0,0.0,XLV
2019-03-29,81.20672824632311,81.76770014352005,81.02864602735971,81.69646453857422,10120900,0.0,0.0,0.0,XLV
2019-04-01,82.19510560573596,82.31976452590968,81.63414046495429,81.82112884521484,9082000,0.0,0.0,0.0,XLV
2019-04-02,81.83894834142563,81.96360727256213,81.48277705529183,81.63414764404297,7002200,0.0,0.0,0.0,XLV
2019-04-03,81.99922973584873,82.04375370035773,81.28689385752702,81.52730560302734,7398700,0.0,0.0,0.0,XLV
2019-04-04,81.59853550794173,81.69648278827182,80.88619288615975,81.35812377929688,9212400,0.0,0.0,0.0,XLV
2019-04-05,81.55402039891392,82.06156915757279,81.50059707417233,81.91909790039062,6262000,0.0,0.0,0.0,XLV
2019-04-08,81.85674405240698,81.98140296862479,81.32249058384478,81.9012680053711,5961200,0.0,0.0,0.0,XLV
2019-04-09,81.61633984404673,81.86565769931602,81.39373364564173,81.68756866455078,7207600,0.0,0.0,0.0,XLV
2019-04-10,81.78553005980235,81.9369006704432,81.57182997457979,81.71429443359375,5433400,0.0,0.0,0.0,XLV
2019-04-11,81.89236592149567,81.93688308326833,80.35192810404428,80.70809936523438,8534200,0.0,0.0,0.0,XLV
2019-04-12,81.0197490615247,81.04646071805671,79.8354892637267,79.96904754638672,11659000,0.0,0.0,0.0,XLV
2019-04-15,80.06697515784653,80.35191074656697,79.91560461239511,80.28958129882812,7921900,0.0,0.0,0.0,XLV
2019-04-16,80.957437574357,81.05538486565732,78.50876887865607,78.642333984375,14857100,0.0,0.0,0.0,XLV
2019-04-17,78.90946384665178,78.92726935708055,75.97996485936733,76.38065338134766,34381800,0.0,0.0,0.0,XLV
2019-04-18,76.61216349819799,76.97723419505677,75.37447336141274,76.50531005859375,35300900,0.0,0.0,0.0,XLV
2019-04-22,76.38066751317629,76.99506303439716,76.14025571418819,76.54985046386719,18717700,0.0,0.0,0.0,XLV
2019-04-23,76.52312074147434,78.17040550508874,76.38955564314819,77.76081085205078,30503400,0.0,0.0,0.0,XLV
2019-04-24,77.7875209815987,77.94779773775404,77.32449622230419,77.67176818847656,14612800,0.0,0.0,0.0,XLV
2019-04-25,77.50256957433861,78.70464160518983,77.1820161269914,78.47312927246094,16166400,0.0,0.0,0.0,XLV
2019-04-26,78.58000424112383,79.28344078834911,78.4108213215598,79.25672912597656,11321700,0.0,0.0,0.0,XLV
2019-04-29,79.28343308623397,79.42589753618209,78.77589117025126,79.11425018310547,13264400,0.0,0.0,0.0,XLV
2019-04-30,79.3457668706625,79.63070257945269,78.78480160462642,79.47933197021484,11750900,0.0,0.0,0.0,XLV
2019-05-01,79.58618620592836,79.8978403990766,78.89165577409682,79.33686828613281,25596400,0.0,0.0,0.0,XLV
2019-05-02,79.25672350762021,79.75535928563625,78.8026048992682,79.67522430419922,18927500,0.0,0.0,0.0,XLV
2019-05-03,79.89781775999668,80.30741233980254,79.76425268555084,80.28070068359375,13624000,0.0,0.0,0.0,XLV
2019-05-06,79.11425172555384,80.8951015417437,78.98068663065901,80.6903076171875,25168300,0.0,0.0,0.0,XLV
2019-05-07,80.06698794414619,80.45877698872867,78.67792757648306,79.14094543457031,18011600,0.0,0.0,0.0,XLV
2019-05-08,79.10534941857263,79.67522763737823,78.66013694288935,79.31015014648438,13783300,0.0,0.0,0.0,XLV
2019-05-09,78.6066919695769,79.3991694145541,78.23271522342166,79.14094543457031,15692300,0.0,0.0,0.0,XLV
2019-05-10,78.88275155544108,79.37248804804763,77.4758851459062,79.16769409179688,17771800,0.0,0.0,0.0,XLV
2019-05-13,77.82313530309422,79.12315480320449,77.37792286634128,77.6806640625,17436000,0.0,0.0,0.0,XLV
2019-05-14,78.03682329643658,78.61560073334535,77.88545272177784,78.07244110107422,13147000,0.0,0.0,0.0,XLV
2019-05-15,77.6628557349234,78.57108608383298,77.31559059033424,78.30396270751953,10587700,0.0,0.0,0.0,XLV
2019-05-16,78.47316056388705,79.59509807697847,78.41973723249365,78.91837310791016,15124000,0.0,0.0,0.0,XLV
2019-05-17,78.26833820765425,79.37246301417896,78.26833820765425,78.7491683959961,13354100,0.0,0.0,0.0,XLV
2019-05-20,78.41080641504877,78.96287224160861,78.13477689846994,78.71355438232422,10757400,0.0,0.0,0.0,XLV
2019-05-21,79.15876439301266,79.79096517234184,79.10533428663702,79.45260620117188,11690600,0.0,0.0,0.0,XLV
2019-05-22,79.22109888661981,80.08481206601878,79.14986326919667,79.90672302246094,9021800,0.0,0.0,0.0,XLV
2019-05-23,79.50602498016144,79.63068389892578,78.96286535123046,79.63068389892578,13545300,0.0,0.0,0.0,XLV
2019-05-24,79.90671379674986,80.22726724474177,79.55054254415867,79.7464370727539,9986400,0.0,0.0,0.0,XLV
2019-05-28,79.81769854587458,80.29852887366947,78.59781381831698,78.60671997070312,20796000,0.0,0.0,0.0,XLV
2019-05-29,78.22380736542722,78.23271351444627,77.30667102509958,77.8498306274414,16302700,0.0,0.0,0.0,XLV
2019-05-30,78.00123107791741,78.40192641647648,77.9210960862479,78.27726745605469,12457600,0.0,0.0,0.0,XLV
2019-05-31,77.76968612280544,78.08134018684011,77.26214434108748,77.71626281738281,10712900,0.0,0.0,0.0,XLV
2019-06-03,77.78750650576258,78.57107783814638,77.74298255101505,77.90325927734375,19371000,0.0,0.0,0.0,XLV
2019-06-04,78.55328235613798,79.32794763774369,78.45533507791616,79.19438934326172,15837200,0.0,0.0,0.0,XLV
2019-06-05,79.77316517535439,79.97796589567533,79.22110607374694,79.79097747802734,24291700,0.0,0.0,0.0,XLV
2019-06-06,79.91563346125226,80.52112265503463,79.72864505053454,80.20056915283203,18840900,0.0,0.0,0.0,XLV
2019-06-07,80.45878963007668,81.23346169174124,80.4320779716404,81.03756713867188,9302700,0.0,0.0,0.0,XLV
2019-06-10,81.28688314015429,81.5451071547736,80.98413516689628,81.2779769897461,8552800,0.0,0.0,0.0,XLV
2019-06-11,81.67866181215722,81.8834556915906,80.93960767085959,81.14440155029297,8317900,0.0,0.0,0.0,XLV
2019-06-12,81.16223227296734,81.56292076692189,81.08209049813465,81.53620910644531,5799200,0.0,0.0,0.0,XLV
2019-06-13,81.67865851809275,81.67865851809275,81.11768662443933,81.43824005126953,9031800,0.0,0.0,0.0,XLV
2019-06-14,81.47388798961902,81.71429975196617,81.18895225964283,81.25128173828125,5056300,0.0,0.0,0.0,XLV
2019-06-17,81.33141338433046,81.6697792202317,81.21566058401883,81.6163558959961,4861500,0.0,0.0,0.0,XLV
2019-06-18,82.02590884804266,82.59577999473076,81.86563216344913,82.31084442138672,7979600,0.0,0.0,0.0,XLV
2019-06-19,82.32869233171041,83.23692961005762,82.27526900712648,83.04993438720703,6988100,0.0,0.0,0.0,XLV
2019-06-20,83.73553909024669,83.99376306687297,82.93415550647568,83.41498565673828,9241200,0.0,0.0,0.0,XLV
2019-06-21,83.33273863272744,83.97658101890856,82.85880099356298,83.81562042236328,9026100,0.398,0.0,0.0,XLV
2019-06-24,83.70829141327287,83.76194265871786,83.22540973710933,83.37742614746094,6493600,0.0,0.0,0.0,XLV
2019-06-25,83.44004151455016,83.82455811784989,82.95715972279787,83.03764343261719,14930600,0.0,0.0,0.0,XLV
2019-06-26,83.1538810545397,83.16282520407735,81.82148931368901,81.99139404296875,10498400,0.0,0.0,0.0,XLV
2019-06-27,82.27754642773918,82.72465839664186,82.11658584603873,82.5636978149414,7416200,0.0,0.0,0.0,XLV
2019-06-28,82.59947438402178,82.91245142351507,82.12552992720305,82.84091186523438,9390600,0.0,0.0,0.0,XLV
2019-07-01,83.49369496506746,83.52946474273823,82.91244801709574,83.25225067138672,7797200,0.0,0.0,0.0,XLV
2019-07-02,83.32377608150328,83.69934844970703,82.84983854700052,83.69934844970703,7952500,0.0,0.0,0.0,XLV
2019-07-03,83.88716100594517,84.43263825512989,83.87822367702564,84.41475677490234,4066000,0.0,0.0,0.0,XLV
2019-07-05,84.05704443359375,84.26271892714314,83.64570226888172,83.83348846435547,5934300,0.0,0.0,0.0,XLV
2019-07-08,83.51156763459237,83.53839325941921,82.82301824861842,83.20753479003906,15202000,0.0,0.0,0.0,XLV
2019-07-09,82.90351589397976,83.37745357769383,82.89457174266767,83.28803253173828,5537300,0.0,0.0,0.0,XLV
2019-07-10,83.4758077893103,83.79772897029534,83.22542616463028,83.57417297363281,5347300,0.0,0.0,0.0,XLV
2019-07-11,84.15541489625065,84.19118467226383,83.0286908301903,83.59205627441406,13691700,0.0,0.0,0.0,XLV
2019-07-12,83.3148355678259,83.3327238655987,82.08975324346834,82.66205596923828,11508200,0.0,0.0,0.0,XLV
2019-07-15,82.70677689905503,83.03764223931238,82.42956963870209,82.84091186523438,5811100,0.0,0.0,0.0,XLV
2019-07-16,82.77831223051344,82.89455888999294,82.3759141749104,82.4295654296875,9092300,0.0,0.0,0.0,XLV
2019-07-17,82.59946434954931,82.87667157622614,82.43850377416571,82.44744110107422,9566700,0.0,0.0,0.0,XLV
2019-07-18,82.43851505603926,83.0465876659947,82.03611015131686,82.9124526977539,6559500,0.0,0.0,0.0,XLV
2019-07-19,83.10023363042683,83.13600340783819,81.98245367027495,82.05399322509766,8105900,0.0,0.0,0.0,XLV
2019-07-22,82.1434276794908,82.1970789431806,81.81256230116367,81.88410186767578,5192500,0.0,0.0,0.0,XLV
2019-07-23,82.00033049193311,82.51898200136834,81.6605278593999,82.39379119873047,6688600,0.0,0.0,0.0,XLV
2019-07-24,82.2686175759265,82.44745966778834,81.52640993216176,82.43852233886719,5430400,0.0,0.0,0.0,XLV
2019-07-25,82.21495117624431,82.52792819057456,81.85726023598667,82.03610229492188,6618700,0.0,0.0,0.0,XLV
2019-07-26,82.32224786757043,82.48320843819708,82.0182150243794,82.33119201660156,3812400,0.0,0.0,0.0,XLV
2019-07-29,82.37592411913414,82.73360829067674,82.24178914361154,82.67101287841797,5887500,0.0,0.0,0.0,XLV
2019-07-30,82.03610228479607,82.34907929908768,81.69629964390623,82.31331634521484,7959200,0.0,0.0,0.0,XLV
2019-07-31,82.22390738683147,82.56371692819019,80.99882467476304,81.49958801269531,8557400,0.0,0.0,0.0,XLV
2019-08-01,81.50850738677481,82.48320813357941,81.11504669949903,81.60687255859375,16422500,0.0,0.0,0.0,XLV
2019-08-02,81.49063063535088,81.7410190860687,80.89150219293413,81.41909790039062,15956600,0.0,0.0,0.0,XLV
2019-08-05,80.49803732933616,80.81995849853558,78.861612678691,79.50545501708984,17626200,0.0,0.0,0.0,XLV
2019-08-06,79.90784424807543,80.55168651541429,79.46967646928684,80.53379821777344,10135900,0.0,0.0,0.0,XLV
2019-08-07,79.88103308684123,80.78419443201476,78.87055558116566,80.56063842773438,12452500,0.0,0.0,0.0,XLV
2019-08-08,80.81101319078184,81.71417438292447,80.70370387085003,81.63369750976562,12034800,0.0,0.0,0.0,XLV
2019-08-09,81.49061902739723,82.25071477676866,81.02562561564706,81.73206329345703,7253100,0.0,0.0,0.0,XLV
2019-08-12,81.42803738111662,81.73207709668996,80.6232412180314,80.93621826171875,7097100,0.0,0.0,0.0,XLV
2019-08-13,80.90938391007528,82.42061770735623,80.83784435854832,81.99139404296875,12232500,0.0,0.0,0.0,XLV
2019-08-14,81.15080614473528,81.34753646333455,79.6663914297668,79.71110534667969,16426100,0.0,0.0,0.0,XLV
2019-08-15,80.05093006332379,80.29237436562586,79.46968991698506,79.98833465576172,12315200,0.0,0.0,0.0,XLV
2019-08-16,80.53381019692894,81.18659671018818,80.4801589407991,80.97198486328125,10239300,0.0,0.0,0.0,XLV
2019-08-19,81.60688193515793,81.95562873990063,81.4727469743213,81.74995422363281,6427200,0.0,0.0,0.0,XLV
2019-08-20,81.77678664352706,81.94669139619121,80.98987193558695,81.0524673461914,4708800,0.0,0.0,0.0,XLV
2019-08-21,81.61584154064568,81.84834174806655,81.41017379062632,81.651611328125,5687100,0.0,0.0,0.0,XLV
2019-08-22,81.80362028871855,81.99140652327029,80.92727770508888,81.24919891357422,6486900,0.0,0.0,0.0,XLV
2019-08-23,81.10610472327707,81.41014439587701,78.9778543046251,79.3713150024414,9822700,0.0,0.0,0.0,XLV
2019-08-26,80.00621154955991,80.26553729316879,79.67534625825475,80.20294189453125,8913900,0.0,0.0,0.0,XLV
2019-08-27,80.69478367089488,80.97199779072824,79.67536870734946,79.7290267944336,8252000,0.0,0.0,0.0,XLV
2019-08-28,79.45180271851014,80.4801617047709,79.33555605210731,80.31025695800781,5691500,0.0,0.0,0.0,XLV
2019-08-29,80.91831970214844,81.15081982900679,80.39967501938489,80.91831970214844,4360300,0.0,0.0,0.0,XLV
2019-08-30,81.29389953923081,81.45485329473985,80.66793870412944,81.01668548583984,4784100,0.0,0.0,0.0,XLV
2019-09-03,80.54276275634766,80.92727938432895,80.25661132313286,80.54276275634766,6437800,0.0,0.0,0.0,XLV
2019-09-04,81.070357144749,81.1150642546417,80.22084018812942,80.5964126586914,9318700,0.0,0.0,0.0,XLV
2019-09-05,81.28493232901542,81.5710836282724,80.85570196893738,81.3922348022461,7897400,0.0,0.0,0.0,XLV
2019-09-06,81.56215533254768,81.84830668741665,81.44590868982749,81.61580657958984,13166400,0.0,0.0,0.0,XLV
2019-09-09,81.6873541733215,81.71417979948595,80.56957426722134,80.86466979980469,10675900,0.0,0.0,0.0,XLV
2019-09-10,80.45333323565298,81.10611292589921,79.60381635421479,81.09717559814453,8770700,0.0,0.0,0.0,XLV
2019-09-11,81.23128680019414,81.92878709571069,81.03456329479766,81.9019546508789,8124300,0.0,0.0,0.0,XLV
2019-09-12,82.26859802455672,82.60840064729453,81.83043022795512,81.87513732910156,9344700,0.0,0.0,0.0,XLV
2019-09-13,81.97348606467908,82.49213745515719,81.66050912986832,81.83041381835938,6351000,0.0,0.0,0.0,XLV
2019-09-16,81.38334815561417,81.85728590053372,81.2849829456434,81.651611328125,6668100,0.0,0.0,0.0,XLV
2019-09-17,81.60688887358934,82.0003428171384,81.49063538053258,81.77678680419922,3932900,0.0,0.0,0.0,XLV
2019-09-18,81.77676722127747,81.87513238920644,81.18658303609007,81.76782989501953,5369800,0.0,0.0,0.0,XLV
2019-09-19,81.86622281543083,82.5190026176471,81.71419952648635,82.15237426757812,5058600,0.0,0.0,0.0,XLV
2019-09-20,82.3409292184477,82.99642711095498,82.33195476907649,82.61031341552734,8935700,0.38,0.0,0.0,XLV
2019-09-23,82.36785843667005,82.66417277977,82.1433739293596,82.1703109741211,4232900,0.0,0.0,0.0,XLV
2019-09-24,82.47562110667279,82.52950205638615,81.12871382615862,81.41605377197266,10542600,0.0,0.0,0.0,XLV
2019-09-25,81.42500435000085,81.4968410220312,80.90419875386388,81.02093505859375,7956800,0.0,0.0,0.0,XLV
2019-09-26,81.29033735632872,81.31727440396158,79.95241146834412,80.57199096679688,10004500,0.0,0.0,0.0,XLV
2019-09-27,80.84136827811322,80.95810461879853,79.91649310570243,80.21281433105469,10017300,0.0,0.0,0.0,XLV
2019-09-30,80.32055420806782,81.42502100155306,80.26668011838875,80.93115234375,8031600,0.0,0.0,0.0,XLV
2019-10-01,81.14665364675193,81.32623849345073,79.97933159104133,80.14096069335938,13413900,0.0,0.0,0.0,XLV
2019-10-02,79.8895487107393,80.05117783236443,78.62345278288856,78.97364807128906,13385000,0.0,0.0,0.0,XLV
2019-10-03,78.86590147298948,79.70995859110086,78.3001961105899,79.68302154541016,11958800,0.0,0.0,0.0,XLV
2019-10-04,79.91648483402786,80.97605198563156,79.87158519214631,80.93115234375,9146600,0.0,0.0,0.0,XLV
2019-10-07,80.5989106710533,81.19154614362492,80.48217435546474,80.6617660522461,8247200,0.0,0.0,0.0,XLV
2019-10-08,79.98831663287707,80.02423497404274,79.10833440112593,79.12629699707031,10649300,0.0,0.0,0.0,XLV
2019-10-09,79.61118870764291,79.93444009447592,79.34180455943802,79.70098114013672,7350200,0.0,0.0,0.0,XLV
2019-10-10,79.46750788727176,80.3744271271255,79.39567120771996,80.09606170654297,8232300,0.0,0.0,0.0,XLV
2019-10-11,80.85932518747074,81.71236360570231,80.72463310808583,80.76055145263672,10773200,0.0,0.0,0.0,XLV
2019-10-14,80.70666203803742,81.11971268092593,80.59891386641965,80.72462463378906,4915600,0.0,0.0,0.0,XLV
2019-10-15,81.6136044108317,82.48460558187477,81.55973030976922,82.197265625,12607900,0.0,0.0,0.0,XLV
2019-10-16,82.13440007306593,82.51153243534584,81.95480834051067,82.0895004272461,7851500,0.0,0.0,0.0,XLV
2019-10-17,82.35886692902723,82.93354664844722,82.32294859022316,82.70008087158203,7536100,0.0,0.0,0.0,XLV
2019-10-18,82.46661284494546,82.82578937246491,82.02662519536341,82.39478302001953,6784700,0.0,0.0,0.0,XLV
2019-10-21,82.73602204713467,82.86173284228624,82.14338642009503,82.30501556396484,4948400,0.0,0.0,0.0,XLV
2019-10-22,82.93356531244785,83.46334551490784,82.44867790555399,82.4845962524414,8702400,0.0,0.0,0.0,XLV
2019-10-23,82.62827148705269,83.23886974696445,82.45766788478426,82.99642944335938,5525000,0.0,0.0,0.0,XLV
2019-10-24,83.14009281331859,83.229892111915,82.27807298244518,82.57439422607422,6892300,0.0,0.0,0.0,XLV
2019-10-25,82.35887368273744,82.88865380941546,82.1433704829636,82.66416931152344,5536900,0.0,0.0,0.0,XLV
2019-10-28,82.8796919242923,83.6878307586165,82.80785522990483,83.51722717285156,6937900,0.0,0.0,0.0,XLV
2019-10-29,83.71475380657628,84.83717618660764,83.5082250743326,84.70248413085938,13768400,0.0,0.0,0.0,XLV
2019-10-30,84.72943672728032,85.21432410656068,84.3971971755353,85.17840576171875,10179700,0.0,0.0,0.0,XLV
2019-10-31,85.01677260291149,85.13350208006838,84.53188524662951,85.07962799072266,9675200,0.0,0.0,0.0,XLV
2019-11-01,85.53759617322964,85.90574727854703,85.16943821718738,85.1874008178711,14670800,0.0,0.0,0.0,XLV
2019-11-04,85.58248535575434,85.62738500484073,84.89107597460628,84.92699432373047,9878200,0.0,0.0,0.0,XLV
2019-11-05,85.05269076670726,85.06167206515376,84.13679014542033,84.32536315917969,13273800,0.0,0.0,0.0,XLV
2019-11-06,84.4062031031709,84.77436110718205,84.14580016512721,84.61273193359375,13130200,0.0,0.0,0.0,XLV
2019-11-07,84.93596239634292,85.07065448276539,84.54985558637543,84.80127716064453,7827900,0.0,0.0,0.0,XLV
2019-11-08,84.74741419565365,85.43883052230866,84.64864043470293,85.42086791992188,7756900,0.0,0.0,0.0,XLV
2019-11-11,85.09757760669723,85.2771693094514,84.83718162646888,85.07064056396484,6092500,0.0,0.0,0.0,XLV
2019-11-12,85.20534141628671,85.8877762556918,85.08861193549944,85.58247375488281,13801500,0.0,0.0,0.0,XLV
2019-11-13,85.34901881462942,85.88778030239735,85.21432673000645,85.6812515258789,6507700,0.0,0.0,0.0,XLV
2019-11-14,85.66330190393069,85.81594974708116,85.16943317523857,85.69023895263672,6498800,0.0,0.0,0.0,XLV
2019-11-15,85.98654674105241,87.66568645452936,85.90572875685024,87.5130386352539,11337700,0.0,0.0,0.0,XLV
2019-11-18,87.43221534970236,87.93505837894317,87.10895715926972,87.21670532226562,11251400,0.0,0.0,0.0,XLV
2019-11-19,87.52202441168258,87.93507510006214,87.29753989512476,87.80936431884766,10025800,0.0,0.0,0.0,XLV
2019-11-20,87.66569831305303,87.9710008436256,87.17183644552367,87.69264221191406,12305600,0.0,0.0,0.0,XLV
2019-11-21,87.74652668665186,87.97999254932421,87.14490970469349,87.9171371459961,9122400,0.0,0.0,0.0,XLV
2019-11-22,88.06977040426518,88.3571103219494,87.88120422554029,88.23139953613281,6141800,0.0,0.0,0.0,XLV
2019-11-25,88.59056930482572,89.28197857342538,88.45587723021649,89.26402282714844,11726500,0.0,0.0,0.0,XLV
2019-11-26,89.25504746987518,89.39871400182425,88.89587086391658,89.19219207763672,11073300,0.0,0.0,0.0,XLV
2019-11-27,89.31790613414516,89.78483094348968,89.23708814074995,89.65013885498047,6333200,0.0,0.0,0.0,XLV
2019-11-29,89.41668683513464,89.62320878296177,89.15628393727565,89.33586883544922,2392000,0.0,0.0,0.0,XLV
2019-12-02,89.51544517697074,89.5423822219879,88.65342548280368,88.94076538085938,6682200,0.0,0.0,0.0,XLV
2019-12-03,88.26729622980548,88.81503888395284,88.02484916611542,88.74320220947266,7709700,0.0,0.0,0.0,XLV
2019-12-04,89.10240349565507,89.686057798537,89.01260420223547,89.56932830810547,6237600,0.0,0.0,0.0,XLV
2019-12-05,89.62320240357784,89.70402039751063,88.81506356859538,89.56932830810547,7390400,0.0,0.0,0.0,XLV
2019-12-06,90.0362391659516,90.46725241510104,89.9733837807343,90.16195678710938,5658500,0.0,0.0,0.0,XLV
2019-12-09,90.19788140921646,90.21584400802112,89.53340911865234,89.53340911865234,5148900,0.0,0.0,0.0,XLV
2019-12-10,89.51545379963058,89.8117681740857,89.16525847922742,89.73095703125,6027900,0.0,0.0,0.0,XLV
2019-12-11,89.80277787219907,90.03623681077178,89.63216746647646,89.81175231933594,6064300,0.0,0.0,0.0,XLV
2019-12-12,89.85666750561991,90.94317181007816,89.81176785927465,90.6468505859375,9769100,0.0,0.0,0.0,XLV
2019-12-13,90.55704733069902,91.11377136557148,90.2158333516811,90.583984375,6433200,0.0,0.0,0.0,XLV
2019-12-16,91.11377511520324,91.89497683497396,91.11377511520324,91.562744140625,7730300,0.0,0.0,0.0,XLV
2019-12-17,91.67947722148666,91.81416930454766,91.33826321502625,91.46397399902344,4643600,0.0,0.0,0.0,XLV
2019-12-18,91.49989871738944,91.76927605154924,91.4011249729802,91.58969116210938,5202900,0.0,0.0,0.0,XLV
2019-12-19,91.77824974212696,92.04763390467718,91.634583212631,91.94886016845705,6637200,0.0,0.0,0.0,XLV
2019-12-20,92.22116812378118,92.80724458754946,92.22116812378118,92.59986114501952,8586500,0.422,0.0,0.0,XLV
2019-12-23,92.81625631289673,93.06871830872105,92.58182436859984,92.96953582763672,4770900,0.0,0.0,0.0,XLV
2019-12-24,92.96953033574636,93.08674286143412,92.62690434437772,92.8523178100586,2071800,0.0,0.0,0.0,XLV
2019-12-26,92.969512556743,93.07771347604434,92.4916372015376,92.7891845703125,2910100,0.0,0.0,0.0,XLV
2019-12-27,92.98756322348424,92.9965816885271,92.60887024056306,92.81625366210938,3605000,0.0,0.0,0.0,XLV
2019-12-30,92.81260196311176,93.01225862096597,92.12288777544732,92.25901794433594,5665100,0.666,0.0,0.0,XLV
2019-12-31,92.05936990017142,92.52220282428324,91.90508533493217,92.4405288696289,4746700,0.0,0.0,0.0,XLV
2020-01-02,92.721848714135,92.83075423154004,92.02305735142266,92.685546875,6277400,0.0,0.0,0.0,XLV
2020-01-03,91.6146778505315,92.40422736778464,91.16091519268068,91.87786102294922,8247500,0.0,0.0,0.0,XLV
2020-01-06,91.46040163912244,92.47683250119896,91.43317698704456,92.4496078491211,6441800,0.0,0.0,0.0,XLV
2020-01-07,92.19549323704952,92.3497778024212,91.75080777230085,92.26809692382812,6335300,0.0,0.0,0.0,XLV
2020-01-08,92.31348961168692,93.2845415633906,92.2771877629288,92.86708068847656,7494700,0.0,0.0,0.0,XLV
2020-01-09,93.1483968834394,93.5204855824742,92.94874020823715,93.26637268066406,6660600,0.0,0.0,0.0,XLV
2020-01-10,93.62032695820773,93.77460462003376,93.13026239369889,93.29361724853516,9300300,0.0,0.0,0.0,XLV
2020-01-13,93.44789103809102,93.46603849948993,92.6492642591538,92.96690368652344,7621700,0.0,0.0,0.0,XLV
2020-01-14,92.6855650193331,93.54771828886396,92.52221017318078,93.5295639038086,7294900,0.0,0.0,0.0,XLV
2020-01-15,93.63845076632956,94.58227780875552,93.56584708832727,94.33724212646484,7521800,0.0,0.0,0.0,XLV
2020-01-16,94.7274727049385,94.8908275089631,94.35539099369036,94.82730102539062,5479900,0.0,0.0,0.0,XLV
2020-01-17,94.5913494714742,94.9725083729091,94.5913494714742,94.82730102539062,6533400,0.0,0.0,0.0,XLV
2020-01-21,94.60950683111636,95.14494340243526,94.57320499043686,94.92713928222656,6644800,0.0,0.0,0.0,XLV
2020-01-22,95.13588665070412,95.36276799428175,94.9180755756838,95.04513549804688,9431500,0.0,0.0,0.0,XLV
2020-01-23,94.88177973685882,95.01790300259472,93.91072787268472,94.56414031982422,8522600,0.0,0.0,0.0,XLV
2020-01-24,94.67303632113052,94.71841535438476,92.74908024736516,92.98503875732422,15962700,0.0,0.0,0.0,XLV
2020-01-27,91.859715082059,92.63111022838685,91.73266208966942,92.27717590332033,11762300,0.0,0.0,0.0,XLV
2020-01-28,92.54944708405765,93.09396096132072,92.29533414572325,92.73094940185548,8079900,0.0,0.0,0.0,XLV
2020-01-29,92.821686650492,93.14839631266304,92.45867514542766,92.4768295288086,6435700,0.0,0.0,0.0,XLV
2020-01-30,91.79619014184016,91.85971663911177,91.01571779029273,91.80526733398438,10989400,0.0,0.0,0.0,XLV
2020-01-31,91.44226244656994,91.51485921738504,89.67258373894957,89.9720687866211,14476700,0.0,0.0,0.0,XLV
2020-02-03,90.59825413230166,91.44225295476012,90.59825413230166,90.78883361816406,11850600,0.0,0.0,0.0,XLV
2020-02-04,91.92323804132384,92.7581596517212,91.90508365804168,92.38607788085938,9575100,0.0,0.0,0.0,XLV
2020-02-05,92.82169249273232,94.49154275158196,92.81261530047053,94.16483306884766,14131000,0.0,0.0,0.0,XLV
2020-02-06,94.60042475201767,94.60042475201767,93.8381069087418,94.24649047851562,6166500,0.0,0.0,0.0,XLV
2020-02-07,94.25559177978012,94.33726574508,93.3662138112541,93.51142120361328,6057200,0.0,0.0,0.0,XLV
2020-02-10,93.1665443684076,94.01053619384766,93.09394068755206,94.01053619384766,4010100,0.0,0.0,0.0,XLV
2020-02-11,94.33726837149284,94.65490782015442,94.14668885661771,94.57322692871094,10277100,0.0,0.0,0.0,XLV
2020-02-12,94.9271511589574,95.14495530641646,94.31003363793248,94.69119262695312,4705700,0.0,0.0,0.0,XLV
2020-02-13,94.34631880425906,94.63672659082148,94.05591101769666,94.24649047851562,4778500,0.0,0.0,0.0,XLV
2020-02-14,94.34633170752332,94.38263355129192,93.85626720245044,94.31910705566406,5114200,0.0,0.0,0.0,XLV
2020-02-18,94.31913198243838,94.43710781296356,93.67478966396295,93.98334503173828,8409300,0.0,0.0,0.0,XLV
2020-02-19,94.22836580559864,94.55507550996369,94.13761464857932,94.4189453125,6427900,0.0,0.0,0.0,XLV
2020-02-20,94.20111868194542,94.29186981731868,92.95780666334156,93.81088256835938,8080900,0.0,0.0,0.0,XLV
2020-02-21,93.4478803832544,93.95609233090914,93.1211707243711,93.86534118652344,6510800,0.0,0.0,0.0,XLV
2020-02-24,91.59652810722253,92.21364558346968,90.47119868249015,90.90680694580078,16284500,0.0,0.0,0.0,XLV
2020-02-25,91.2335136105191,91.43317027626138,87.83937106450527,88.1479263305664,20301600,0.0,0.0,0.0,XLV
2020-02-26,88.63799738742523,89.68165290250028,87.94828312128122,88.13886260986328,13721600,0.0,0.0,0.0,XLV
2020-02-27,87.18594411433841,88.3384980510462,85.12586499400106,85.14401245117188,22047900,0.0,0.0,0.0,XLV
2020-02-28,82.90242994614503,84.09129272819588,81.65912478876866,84.04591369628906,27750600,0.0,0.0,0.0,XLV
2020-03-02,84.07314890274694,88.1207111825982,83.78274106413467,87.98458099365234,22359400,0.0,0.0,0.0,XLV
2020-03-03,88.20240644732961,89.74519704329111,84.64490118942506,85.7974624633789,33385500,0.0,0.0,0.0,XLV
2020-03-04,88.37481236201197,90.8886613528232,88.19331006921684,90.7434539794922,26418700,0.0,0.0,0.0,XLV
2020-03-05,88.80134768702105,90.01743516843626,87.63063923936976,88.63799285888672,17873000,0.0,0.0,0.0,XLV
2020-03-06,86.20584869717115,88.48373973045425,85.85191429215897,88.16610717773438,17917700,0.0,0.0,0.0,XLV
2020-03-09,82.93872679182087,85.56147404433622,81.6863445187156,83.58306884765625,21968500,0.0,0.0,0.0,XLV
2020-03-10,85.99710402464109,86.59606715467176,82.53035746782254,86.45086669921875,26473200,0.0,0.0,0.0,XLV
2020-03-11,84.40893589612477,85.00789903490124,82.08566626013283,83.14747619628906,23217900,0.0,0.0,0.0,XLV
2020-03-12,78.05626173189964,81.43225733373995,75.23385717895624,76.94000244140625,20652200,0.0,0.0,0.0,XLV
2020-03-13,80.51564386029837,82.49404924546326,76.37733080371684,82.2762451171875,29162800,0.0,0.0,0.0,XLV
2020-03-16,74.88899531446597,79.00009132168444,73.21007465648913,74.16297912597656,21474800,0.0,0.0,0.0,XLV
2020-03-17,75.69669059197821,79.4538448791151,74.73470904038777,78.81857299804688,27899700,0.0,0.0,0.0,XLV
2020-03-18,74.78008067886792,77.41190524268126,72.52941505166993,76.20489501953125,28931000,0.0,0.0,0.0,XLV
2020-03-19,75.35181999943674,76.46807909750954,73.80902985217882,74.64395141601562,27121100,0.0,0.0,0.0,XLV
2020-03-20,75.28831004483854,76.05970528788943,71.3678004015542,71.77618408203125,22004900,0.0,0.0,0.0,XLV
2020-03-23,71.31291382646388,71.4132266698525,67.0633242039399,68.04821014404297,33633000,0.382,0.0,0.0,XLV
2020-03-24,71.26732357662831,73.43771424916922,70.73840256112298,73.29180908203125,16775800,0.0,0.0,0.0,XLV
2020-03-25,72.80848462388158,76.6841869515963,71.92391840748087,74.267578125,16851800,0.0,0.0,0.0,XLV
2020-03-26,74.93327138883315,79.62059009134867,74.78736623600709,79.20110321044922,18822500,0.0,0.0,0.0,XLV
2020-03-27,76.91215755652917,79.54764113299984,76.85744399380759,77.50491333007812,13043200,0.0,0.0,0.0,XLV
2020-03-30,78.90016711957082,81.2894258179023,78.89105283050206,81.1343994140625,13766700,0.0,0.0,0.0,XLV
2020-03-31,81.20734803022404,81.64507041948247,79.92152372714956,80.77873992919922,13584900,0.0,0.0,0.0,XLV
2020-04-01,78.07944577108489,78.7816287798167,76.95776885768649,77.70555114746094,15255200,0.0,0.0,0.0,XLV
2020-04-02,77.3134261943214,80.04009501350254,76.53828706669151,79.85771179199219,13588000,0.0,0.0,0.0,XLV
2020-04-03,79.60236189340449,80.35926538103008,78.24358828900321,79.13727569580078,12934200,0.0,0.0,0.0,XLV
2020-04-06,81.65419721064616,83.76075287601266,81.289423889843,83.28655242919922,13472900,0.0,0.0,0.0,XLV
2020-04-07,85.40223998450563,85.55726640398927,82.52053804423598,82.60261535644531,16699200,0.0,0.0,0.0,XLV
2020-04-08,83.31391425569339,86.50566883041795,82.27431475080951,86.00410461425781,32624300,0.0,0.0,0.0,XLV
2020-04-09,86.78836244178639,86.95251009362828,85.69404940115565,86.47830963134766,12982500,0.0,0.0,0.0,XLV
2020-04-13,86.16827937982421,86.46921800419767,84.49945246483735,85.721435546875,9606600,0.0,0.0,0.0,XLV
2020-04-14,87.39935147697508,88.88580155111592,87.1075342099766,88.5666275024414,12830800,0.0,0.0,0.0,XLV
2020-04-15,87.39024652028799,88.6304717768407,86.89780352511502,88.11067199707031,11019000,0.0,0.0,0.0,XLV
2020-04-16,88.76725446385058,90.2628259232592,88.48455841698261,90.03484344482422,11331600,0.0,0.0,0.0,XLV
2020-04-17,92.22347095776485,92.22347095776485,90.63671483382456,91.904296875,11504400,0.0,0.0,0.0,XLV
2020-04-20,91.02884678042764,92.47881901004864,90.92853392993617,91.1747589111328,10558100,0.0,0.0,0.0,XLV
2020-04-21,89.61535021492831,90.12603570142556,88.11067141227188,88.4024887084961,9291400,0.0,0.0,0.0,XLV
2020-04-22,89.68828616986372,90.3083986549925,89.1320084865509,89.75212097167969,11994100,0.0,0.0,0.0,XLV
2020-04-23,90.22633233725084,91.63981928538576,90.04394221146214,90.24456787109376,16013300,0.0,0.0,0.0,XLV
2020-04-24,90.79173897578484,91.63983406442952,90.22634688833708,91.45745086669922,7853300,0.0,0.0,0.0,XLV
2020-04-27,92.09579261525442,93.0259649484587,91.94988745870567,92.6338348388672,8022100,0.0,0.0,0.0,XLV
2020-04-28,93.25396092397992,93.25396092397992,90.65496189418305,90.76438903808594,11517500,0.0,0.0,0.0,XLV
2020-04-29,92.15963125503713,92.15963125503713,90.77350090160348,91.3662567138672,9939900,0.0,0.0,0.0,XLV
2020-04-30,90.97411886578634,91.53951088943724,90.4725546924132,90.94676208496094,12768900,0.0,0.0,0.0,XLV
2020-05-01,89.90715772400215,90.07130537010148,88.41159337397364,89.21409606933594,10102000,0.0,0.0,0.0,XLV
2020-05-04,88.94052794685471,89.36913614154564,88.35689332865066,89.16851043701172,8991300,0.0,0.0,0.0,XLV
2020-05-05,89.95276538144765,91.75838965682064,89.72478290492178,91.10179901123048,11498300,0.0,0.0,0.0,XLV
2020-05-06,91.57599900960902,91.63983382439471,90.1533905901144,90.19898986816406,9493200,0.0,0.0,0.0,XLV
2020-05-07,91.12004593022172,91.12916717851458,90.0804462640012,90.18988037109376,9453900,0.0,0.0,0.0,XLV
2020-05-08,91.15651026406452,91.19298829427896,90.38137125505772,90.65495300292967,10374500,0.0,0.0,0.0,XLV
2020-05-11,90.2810540756712,92.45144458815378,90.2810540756712,92.21434783935548,15115100,0.0,0.0,0.0,XLV
2020-05-12,92.75239830011158,92.834475616967,90.80086868122112,90.80998992919922,18471000,0.0,0.0,0.0,XLV
2020-05-13,90.69141905885994,91.3936089260674,89.10466309840706,89.82508850097656,12667200,0.0,0.0,0.0,XLV
2020-05-14,88.99524424261175,90.85558225414232,88.97700870412925,90.80998992919922,12021400,0.0,0.0,0.0,XLV
2020-05-15,90.55463939147172,91.65807370558066,90.34489245888508,91.57599639892578,15170200,0.0,0.0,0.0,XLV
2020-05-18,93.29043016471658,93.71903136706118,92.27818743418212,92.33290100097656,10557300,0.0,0.0,0.0,XLV
2020-05-19,92.04109822087172,92.51529877525876,91.21123855385191,91.2203598022461,10561400,0.0,0.0,0.0,XLV
2020-05-20,91.91339212166343,92.25992289099872,91.12001080539042,91.32975769042967,10058000,0.0,0.0,0.0,XLV
2020-05-21,91.07443991418664,91.12915348077188,90.1260320010294,90.65495300292967,12259500,0.0,0.0,0.0,XLV
2020-05-22,90.6640682819955,90.9194075388109,90.1898677989773,90.8464584350586,10233200,0.0,0.0,0.0,XLV
2020-05-26,92.27818934603414,92.36025969792615,90.53639988728,90.68231201171876,10828800,0.0,0.0,0.0,XLV
2020-05-27,90.80998780520882,91.6216049194336,89.43297160661938,91.6216049194336,15551900,0.0,0.0,0.0,XLV
2020-05-28,92.36936426093706,93.7463801173451,92.34200748191437,92.8162078857422,11707700,0.0,0.0,0.0,XLV
2020-05-29,93.21747887585526,94.1385300563904,91.82222719139035,93.93790435791016,19055300,0.0,0.0,0.0,XLV
2020-06-01,93.345160458582,93.45459456925391,92.42410916014728,93.00774383544922,8436200,0.0,0.0,0.0,XLV
2020-06-02,93.04420452092394,93.59136105729834,92.48792673765932,93.54576873779295,13162300,0.0,0.0,0.0,XLV
2020-06-03,93.81933771437448,93.9105362626804,92.971242700425,93.36337280273438,10020900,0.0,0.0,0.0,XLV
2020-06-04,92.79798661614164,93.44545599659784,92.03196189840156,92.62471771240234,10848300,0.0,0.0,0.0,XLV
2020-06-05,93.2083475700823,94.87718083738191,92.72502587088536,94.12027740478516,14579500,0.0,0.0,0.0,XLV
2020-06-08,93.74639656517938,94.80423163199518,93.51841409002812,94.76775360107422,8191300,0.0,0.0,0.0,XLV
2020-06-09,94.57624894810616,95.04133514448064,93.67344029659226,93.78286743164062,10371100,0.0,0.0,0.0,XLV
2020-06-10,94.09294317605564,94.40299605458432,93.2266124084263,93.63697814941406,10519700,0.0,0.0,0.0,XLV
2020-06-11,92.82534175718406,92.998610657858,88.11978031602526,88.42984008789062,39561900,0.0,0.0,0.0,XLV
2020-06-12,90.28105189028024,90.57286915344488,87.47230638390037,89.00434875488281,19397200,0.0,0.0,0.0,XLV
2020-06-15,87.67293649434559,89.7156574398887,87.01634587962428,89.2049789428711,14521800,0.0,0.0,0.0,XLV
2020-06-16,91.30242762903244,91.98637508052325,89.89805469374126,91.40274047851562,13272800,0.0,0.0,0.0,XLV
2020-06-17,91.8586791788131,92.02282679853114,90.99234181350684,91.31151580810548,9086200,0.0,0.0,0.0,XLV
2020-06-18,90.79174840043972,91.21123536474278,90.42698196711446,91.00149536132812,7115200,0.0,0.0,0.0,XLV
2020-06-19,92.0410778842729,92.41496549613504,90.92852238012031,91.8769302368164,12177000,0.0,0.0,0.0,XLV
2020-06-22,91.49690323705724,91.65258640635298,90.58111002433256,91.52437591552734,6889200,0.425,0.0,0.0,XLV
2020-06-23,92.15626066938624,92.7057421400014,91.744156553372,91.91815948486328,5369900,0.0,0.0,0.0,XLV
2020-06-24,91.23129600948351,91.4144518043342,88.86854852640303,89.51876068115234,15739700,0.0,0.0,0.0,XLV
2020-06-25,89.43634032301617,90.50781636736632,88.68538341777239,90.39791870117188,10506300,0.0,0.0,0.0,XLV
2020-06-26,90.23307882423016,90.46202706319832,88.86854927632459,89.2989730834961,16631400,0.0,0.0,0.0,XLV
2020-06-29,90.0041206254834,90.26970139173103,89.30811609969456,90.1048583984375,7490200,0.0,0.0,0.0,XLV
2020-06-30,90.13235731103904,92.1287865947197,89.86677646745916,91.64341735839844,9183000,0.0,0.0,0.0,XLV
2020-07-01,92.07383804270378,92.73321018495456,91.49689091170772,92.34857177734376,10932800,0.0,0.0,0.0,XLV
2020-07-02,93.16362848900148,93.57573255981455,92.84309533731758,93.04457092285156,6502400,0.0,0.0,0.0,XLV
2020-07-06,94.11605685369854,94.52816795418224,93.53910969735784,93.98784637451172,6374400,0.0,0.0,0.0,XLV
2020-07-07,93.30097044624208,94.2991882581742,93.04454957328916,93.17276000976562,5913200,0.0,0.0,0.0,XLV
2020-07-08,93.49328147439648,93.77718198706948,92.559175913872,93.18191528320312,5624900,0.0,0.0,0.0,XLV
2020-07-09,93.08120977518227,93.42920863657338,91.28625614436254,92.44931030273438,10521700,0.0,0.0,0.0,XLV
2020-07-10,92.52256856536984,92.61414647084436,91.55183019083655,92.2295150756836,10502700,0.0,0.0,0.0,XLV
2020-07-13,92.760670506136,94.4640459844512,92.51340249224896,92.7515106201172,10167200,0.0,0.0,0.0,XLV
2020-07-14,92.5317503540902,94.74796833110123,92.35774740164,94.59228515625,10889900,0.0,0.0,0.0,XLV
2020-07-15,95.28826522656108,96.09416055787236,95.0867896469967,95.81941986083984,9606900,0.0,0.0,0.0,XLV
2020-07-16,95.72783966554844,95.7369995517492,94.98604958304529,95.66373443603516,6412200,0.0,0.0,0.0,XLV
2020-07-17,96.16742468431782,97.30300604558732,96.0300543372172,96.97332000732422,7548600,0.0,0.0,0.0,XLV
2020-07-20,97.19312591110736,97.5228120088694,96.63449152250766,96.95502471923828,6776300,0.0,0.0,0.0,XLV
2020-07-21,97.2847062381766,97.65101789671807,96.68943931262616,96.8909149169922,7458600,0.0,0.0,0.0,XLV
2020-07-22,97.33047098259004,97.9257377814218,96.82678906584434,97.76089477539062,5648400,0.0,0.0,0.0,XLV
2020-07-23,98.07228494132929,98.4752361625836,97.00080863420908,97.3213348388672,6970100,0.0,0.0,0.0,XLV
2020-07-24,97.16564045501612,97.22059278871409,95.636267750229,96.24984741210938,6241000,0.0,0.0,0.0,XLV
2020-07-27,96.21321014205398,97.22058802949458,95.91100376276788,96.97332000732422,5934200,0.0,0.0,0.0,XLV
2020-07-28,97.0191239761358,97.50449320485792,96.6802780112982,96.86343383789062,6239400,0.0,0.0,0.0,XLV
2020-07-29,97.083216053736,98.27374273909516,97.01911082442396,97.87995147705078,5449800,0.0,0.0,0.0,XLV
2020-07-30,96.93669730233582,97.36712117309445,96.15827457223564,97.20227813720705,5349200,0.0,0.0,0.0,XLV
2020-07-31,96.90006719434297,97.16564803594028,95.37985425772196,96.64364624023438,6920400,0.0,0.0,0.0,XLV
2020-08-03,97.24803926249945,97.9623565256111,97.07403639540242,97.64183044433594,8811800,0.0,0.0,0.0,XLV
2020-08-04,97.42205425300013,97.65100249695644,96.60699906347122,97.21142578125,6092900,0.0,0.0,0.0,XLV
2020-08-05,97.74260415336104,97.83418206926602,97.41291806654549,97.6601791381836,4406600,0.0,0.0,0.0,XLV
2020-08-06,97.54114249508704,97.95324666906598,96.43303348419327,97.13819122314452,5369700,0.0,0.0,0.0,XLV
2020-08-07,97.03742053385083,97.46784433999332,96.7626868399133,97.44953155517578,4274000,0.0,0.0,0.0,XLV
2020-08-10,97.46787960929407,97.55029765121506,96.86345268741384,97.11988067626952,4640200,0.0,0.0,0.0,XLV
2020-08-11,97.66018030939212,97.75175822639537,96.27733070571752,96.50627899169922,8115900,0.0,0.0,0.0,XLV
2020-08-12,97.02824928710685,98.43857110908058,96.99162372176018,98.12720489501952,8205500,0.0,0.0,0.0,XLV
2020-08-13,98.00816870796396,98.09975360212049,97.33964369707874,97.99901580810548,5323300,0.0,0.0,0.0,XLV
2020-08-14,97.8158469300516,98.2462707528404,97.43121555149622,97.80669403076172,3826200,0.0,0.0,0.0,XLV
2020-08-17,97.98069294066744,98.75911560779322,97.93490748198136,98.3836441040039,4610200,0.0,0.0,0.0,XLV
2020-08-18,98.5850959652956,98.74993894818464,97.8432990488226,98.35614776611328,4220500,0.0,0.0,0.0,XLV
2020-08-19,98.4477409295731,98.72248160601528,97.82500145165704,98.03563690185548,6308100,0.0,0.0,0.0,XLV
2020-08-20,97.60521548258932,97.94405440659158,97.46784514101871,97.7242660522461,4938300,0.0,0.0,0.0,XLV
2020-08-21,97.56859127386402,97.95322267361487,97.0649023073238,97.82501220703124,6466700,0.0,0.0,0.0,XLV
2020-08-24,98.29208253696768,98.32871510217304,96.78102241024656,97.37628936767578,6363200,0.0,0.0,0.0,XLV
2020-08-25,97.87079389337929,98.0722624708985,97.49531543470468,98.03563690185548,5096500,0.0,0.0,0.0,XLV
2020-08-26,97.83417743465836,98.02649314503252,96.8634320086,97.91659545898438,6995300,0.0,0.0,0.0,XLV
2020-08-27,98.08143292167418,99.14375619893892,97.38542825680922,98.68585968017578,7775200,0.0,0.0,0.0,XLV
2020-08-28,98.9605773565644,98.9605773565644,98.1729949130127,98.90563201904295,5159600,0.0,0.0,0.0,XLV
2020-08-31,98.69501704187572,99.61997000793863,98.61259901850656,99.14376068115234,6721100,0.0,0.0,0.0,XLV
2020-09-01,99.01553430983653,99.17121743138868,97.66015769640258,98.25542449951172,10999300,0.0,0.0,0.0,XLV
2020-09-02,98.34700967840324,100.48996893090398,97.93490562331849,100.2243881225586,8495800,0.0,0.0,0.0,XLV
2020-09-03,100.35259989278124,100.49912314143222,96.79931853595822,97.49532318115234,13337300,0.0,0.0,0.0,XLV
2020-09-04,97.83417466924284,98.00817060021735,95.61795713201708,96.79932403564452,14715500,0.0,0.0,0.0,XLV
2020-09-08,96.64365130871072,96.68028387363988,94.94027546771648,95.2058563232422,9660200,0.0,0.0,0.0,XLV
2020-09-09,95.92016945840558,97.68765045996165,95.90185667025732,96.8909149169922,8200800,0.0,0.0,0.0,XLV
2020-09-10,97.16567013542654,97.16567013542654,95.1509276203832,95.4073486328125,9186200,0.0,0.0,0.0,XLV
2020-09-11,95.85605625809735,96.2406876597884,95.05016089451426,95.78279113769533,8764300,0.0,0.0,0.0,XLV
2020-09-14,96.561219003836,97.67848761470051,96.3689033065973,97.15647888183594,5846900,0.0,0.0,0.0,XLV
2020-09-15,97.6601700024989,98.06312117912296,97.03743045087371,97.28469848632812,5580500,0.0,0.0,0.0,XLV
2020-09-16,97.80672564007074,97.99904139150128,97.00998296675996,97.11988067626952,7193300,0.0,0.0,0.0,XLV
2020-09-17,96.2223769208302,97.12901009752318,95.91101063291514,96.79932403564452,7597300,0.0,0.0,0.0,XLV
2020-09-18,96.91840529366613,97.27556411683771,95.75534390584198,96.65282440185548,8649300,0.0,0.0,0.0,XLV
2020-09-21,95.3637439888394,95.3637439888394,93.54326065866788,94.86724853515624,8783000,0.418,0.0,0.0,XLV
2020-09-22,94.71096019267009,94.95920444840552,93.80991119740386,94.66498565673828,7833300,0.0,0.0,0.0,XLV
2020-09-23,95.06032397184704,95.09710219035608,93.59842661343517,93.69036865234376,7681900,0.0,0.0,0.0,XLV
2020-09-24,93.35939028703174,93.69038730478184,92.65142171556045,93.22147369384766,8434600,0.0,0.0,0.0,XLV
2020-09-25,92.89966966145596,94.97759375080275,92.79853129772256,94.72014617919922,6769000,0.0,0.0,0.0,XLV
2020-09-28,95.6303814096317,96.31995726372392,95.3913264827558,95.57521057128906,6511100,0.0,0.0,0.0,XLV
2020-09-29,95.74072622811586,96.228032478112,95.07873918183068,95.45570373535156,5402700,0.0,0.0,0.0,XLV
2020-09-30,95.74991057460548,97.76347442280786,95.73152497064328,96.9819564819336,7565500,0.0,0.0,0.0,XLV
2020-10-01,97.43248848853116,97.82784565849896,96.2372206682388,96.65097045898438,9113200,0.0,0.0,0.0,XLV
2020-10-02,95.7315246949333,96.7337049541111,95.35455317487131,95.76830291748048,8628700,0.0,0.0,0.0,XLV
2020-10-05,96.45787228560611,97.8370239716018,96.4302833595145,97.7358856201172,6661200,0.0,0.0,0.0,XLV
2020-10-06,98.01170803386412,98.06687886922818,96.34753397388076,96.4394760131836,7747200,0.0,0.0,0.0,XLV
2020-10-07,97.11984511811345,98.56335672619387,97.10145951811354,98.25994873046876,7873100,0.0,0.0,0.0,XLV
2020-10-08,98.8300325809274,99.05989125276908,98.52662446529116,98.73809051513672,5942700,0.0,0.0,0.0,XLV
2020-10-09,99.28973527941709,99.9241473648382,99.03229472728356,99.6299285888672,5636300,0.0,0.0,0.0,XLV
2020-10-12,100.08046694468165,100.70568282909616,99.7494698873604,100.3103256225586,5065000,0.0,0.0,0.0,XLV
2020-10-13,99.71267868290784,100.2367561196872,99.28973961241304,99.54718017578124,6773600,0.0,0.0,0.0,XLV
2020-10-14,99.51041135406828,99.9241541244531,98.6553368825075,98.96794128417967,5999900,0.0,0.0,0.0,XLV
2020-10-15,97.74508638149165,98.43466230539018,97.57958787916682,98.2507781982422,6197700,0.0,0.0,0.0,XLV
2020-10-16,98.5725670638747,99.96091505483864,98.53578884391288,99.2253646850586,7462100,0.0,0.0,0.0,XLV
2020-10-19,99.48280212188888,99.78621716610904,97.32213262298342,97.65312957763672,8308500,0.0,0.0,0.0,XLV
2020-10-20,98.00251502687368,98.59095953063586,97.61635423995664,97.78185272216795,7421100,0.0,0.0,0.0,XLV
2020-10-21,97.77267383737032,98.04850702845422,97.06471226852476,97.29457092285156,5474300,0.0,0.0,0.0,XLV
2020-10-22,97.43249330794468,98.94036560874952,97.4232969971009,98.7656707763672,6127100,0.0,0.0,0.0,XLV
2020-10-23,99.2621431143362,99.8505806055098,98.5725672717364,99.1334228515625,5697900,0.0,0.0,0.0,XLV
2020-10-26,98.33352894035296,98.45305992933108,97.09229361718916,98.03012084960938,8135500,0.0,0.0,0.0,XLV
2020-10-27,97.67153626335951,98.15883545714468,97.30376103691044,97.35892486572266,6893100,0.0,0.0,0.0,XLV
2020-10-28,95.74988973418424,96.32913083175626,94.15007597798972,94.26959991455078,11431700,0.0,0.0,0.0,XLV
2020-10-29,94.20526069288046,94.61901043842072,92.91805095352532,93.49729919433594,15974200,0.0,0.0,0.0,XLV
2020-10-30,93.37777748898576,93.92944387115352,92.228484217352,93.4697265625,10741700,0.0,0.0,0.0,XLV
2020-11-02,94.8488746346546,95.3729520646366,94.15929869969251,95.15228271484376,10287300,0.0,0.0,0.0,XLV
2020-11-03,96.31996420080095,97.58878133841014,96.24640775419871,96.5406265258789,9812900,0.0,0.0,0.0,XLV
2020-11-04,99.2897192686906,102.44337955324816,99.09663888572516,100.82518005371094,25531500,0.0,0.0,0.0,XLV
2020-11-05,102.21354495044582,102.2871014035295,100.8435893317273,101.02747344970705,12864800,0.0,0.0,0.0,XLV
2020-11-06,101.13778067628144,101.75380002050235,100.41142668238447,101.06422424316406,12311200,0.0,0.0,0.0,XLV
2020-11-09,104.74196706750966,105.19249498229924,101.88252547037858,102.01124572753906,20443000,0.0,0.0,0.0,XLV
2020-11-10,102.48017576908764,102.67325618596254,101.2021622849664,102.30548095703124,12526500,0.0,0.0,0.0,XLV
2020-11-11,103.1237735801084,103.1237735801084,101.6802547272596,102.17675018310548,9935400,0.0,0.0,0.0,XLV
2020-11-12,101.9836888100134,102.3882422972184,101.11942501652489,101.7998046875,7856300,0.0,0.0,0.0,XLV
2020-11-13,102.3054806257626,103.48236275747776,102.1215965192569,103.08700561523438,6576100,0.0,0.0,0.0,XLV
2020-11-16,103.90531412618898,104.070812647546,102.39744182703832,102.91232299804688,7586000,0.0,0.0,0.0,XLV
2020-11-17,102.38823992053972,102.6180985757107,101.7538277875544,102.24112701416016,8898100,0.0,0.0,0.0,XLV
2020-11-18,102.46178142962977,102.49855965086054,100.31030108336452,100.33788299560548,9849900,0.0,0.0,0.0,XLV
2020-11-19,100.3378850615717,100.42063781472692,99.51958891284146,100.26433563232422,10410900,0.0,0.0,0.0,XLV
2020-11-20,100.03449249267578,100.5033991124772,99.68510283706333,100.03449249267578,7674500,0.0,0.0,0.0,XLV
2020-11-23,100.53097465708125,100.58614550247162,99.15182277271846,99.77703857421876,7747700,0.0,0.0,0.0,XLV
2020-11-24,100.26433833986084,100.75163751858632,99.73106462872664,100.07125091552734,9615900,0.0,0.0,0.0,XLV
2020-11-25,100.19080576455208,100.26436222803945,99.28975662365796,99.70350646972656,11671800,0.0,0.0,0.0,XLV
2020-11-27,100.10804424935408,100.6964818764176,99.78624351810524,100.62293243408205,4443900,0.0,0.0,0.0,XLV
2020-11-30,100.65968713888338,100.9906770888671,100.12641347187773,100.89873504638672,12723400,0.0,0.0,0.0,XLV
2020-12-01,101.87336445793365,102.85715927633078,101.56994933265504,101.74464416503906,12682400,0.0,0.0,0.0,XLV
2020-12-02,101.81819073909772,102.6824615510952,101.75383059446362,102.5077667236328,8552400,0.0,0.0,0.0,XLV
2020-12-03,102.47097800194996,102.78358939725072,101.93771129304932,102.37903594970705,9795700,0.0,0.0,0.0,XLV
2020-12-04,102.41580115740828,103.4915377628649,102.28708089768158,103.47315216064452,7859600,0.0,0.0,0.0,XLV
2020-12-07,103.362837826402,103.45477988503764,102.46179583115166,102.83876037597656,5803200,0.0,0.0,0.0,XLV
2020-12-08,102.5905075807795,103.70302253158836,102.55372935743928,103.62026977539062,7953200,0.0,0.0,0.0,XLV
2020-12-09,104.03402455986722,104.04322086982938,102.8019785699166,103.2616958618164,7386400,0.0,0.0,0.0,XLV
2020-12-10,103.24330780723712,103.65705055423946,102.8755325794967,103.08700561523438,5411000,0.0,0.0,0.0,XLV
2020-12-11,102.66406373656672,102.91230797499884,101.97448783403114,102.68244934082033,5222400,0.0,0.0,0.0,XLV
2020-12-14,103.4639801669036,103.97886132681094,101.845773216828,101.9101333618164,8469300,0.0,0.0,0.0,XLV
2020-12-15,102.61810107484143,103.23412060216695,102.07563098776744,103.01345825195312,5007500,0.0,0.0,0.0,XLV
2020-12-16,102.9215026285733,103.28927082555882,102.26870495977668,102.71002960205078,5355400,0.0,0.0,0.0,XLV
2020-12-17,102.87551979783775,103.87770699354652,102.86632348923636,103.81334686279295,4263700,0.0,0.0,0.0,XLV
2020-12-18,103.91449614031708,104.14435479194243,102.78359550256867,103.89611053466795,7876700,0.0,0.0,0.0,XLV
2020-12-21,102.3580323064456,102.94889617024,100.9731938049926,102.85657501220705,6129600,0.464,0.0,0.0,XLV
2020-12-22,102.67189167323627,102.91193223960286,101.96101124363013,102.54264068603516,13104100,0.0,0.0,0.0,XLV
2020-12-23,102.90272906671716,103.37357611569476,102.542671630338,102.61653137207033,3920700,0.0,0.0,0.0,XLV
2020-12-24,102.66269715726936,103.10584860169146,102.5242189343124,102.91197204589844,1674700,0.0,0.0,0.0,XLV
2020-12-28,103.44741111725853,103.67821747223353,102.89347023039772,103.17044067382812,4390100,0.0,0.0,0.0,XLV
2020-12-29,103.65054055155731,104.1306218336567,103.30895156924136,103.65977478027344,5053300,0.0,0.0,0.0,XLV
2020-12-30,103.87211040762382,104.22293358700507,103.53051441247348,103.64130401611328,3563700,0.0,0.0,0.0,XLV
2020-12-31,103.65052604946472,104.89688613660584,103.30893711494164,104.73070526123048,5581200,0.0,0.0,0.0,XLV
2021-01-04,105.13692033316474,105.15538878812411,102.5795887261299,104.2783203125,12911800,0.0,0.0,0.0,XLV
2021-01-05,104.09368289198925,105.39543432507269,103.65053151971664,105.03536987304688,11081900,0.0,0.0,0.0,XLV
2021-01-06,103.56743939179604,106.75256462683733,103.56743939179604,106.47560119628906,17833700,0.0,0.0,0.0,XLV
2021-01-07,106.61408248539664,108.01738212837051,106.44790161576076,107.86043548583984,12407100,0.0,0.0,0.0,XLV
2021-01-08,108.05432149506328,108.85753027620991,107.3526680900496,108.37744903564452,9350600,0.0,0.0,0.0,XLV
2021-01-11,108.4051269677388,109.0606161697442,108.26664174621068,108.8852081298828,6428200,0.0,0.0,0.0,XLV
2021-01-12,108.6728814668096,108.79289825571097,107.21418336945996,107.70349884033205,9225500,0.0,0.0,0.0,XLV
2021-01-13,107.64810165500812,108.36821648333868,107.25111437225512,107.99893188476562,5259600,0.0,0.0,0.0,XLV
2021-01-14,108.1743067707652,108.58052815695945,107.52805187786534,107.65730285644533,5792300,0.0,0.0,0.0,XLV
2021-01-15,107.36189145314508,108.23895283791612,106.93720857940797,107.98968505859376,10335200,0.0,0.0,0.0,XLV
2021-01-19,108.84828811600724,109.15295422220376,108.22972872002158,108.8021240234375,6194500,0.0,0.0,0.0,XLV
2021-01-20,108.9867654219928,109.5776291369158,108.3312691647131,109.40221405029295,6872000,0.0,0.0,0.0,XLV
2021-01-21,109.26372688883195,109.37451647478466,108.51591655369148,108.8852081298828,5796200,0.0,0.0,0.0,XLV
2021-01-22,108.56209564208984,109.17142792307877,108.42361743609452,108.56209564208984,4796400,0.0,0.0,0.0,XLV
2021-01-25,108.6267094820574,109.33758997708723,108.40513030333408,109.27296447753906,6962000,0.0,0.0,0.0,XLV
2021-01-26,109.58686740971952,109.85460365820865,108.8113613467732,108.86675262451172,5504000,0.0,0.0,0.0,XLV
2021-01-27,107.66657534005198,107.66657534005198,105.29388575636207,105.56161499023438,13096900,0.0,0.0,0.0,XLV
2021-01-28,106.45712388712788,108.45129423074428,106.2540131620946,107.10338592529295,12626100,0.0,0.0,0.0,XLV
2021-01-29,106.9464493929417,107.70350114167968,105.34003883213104,106.19863891601562,10462400,0.0,0.0,0.0,XLV
2021-02-01,107.0664558616224,107.41727899460818,106.43866227799175,106.60484313964844,10105300,0.0,0.0,0.0,XLV
2021-02-02,107.44498848360529,107.97122677275637,106.88182032669684,106.9095230102539,11515700,0.0,0.0,0.0,XLV
2021-02-03,106.90951809479527,106.96490937205851,105.82011169882422,106.15247344970705,11280300,0.0,0.0,0.0,XLV
2021-02-04,106.1524824879145,107.02954398963318,105.9216760881304,106.59562683105467,8451500,0.0,0.0,0.0,XLV
2021-02-05,107.32496988344776,107.49115076372304,106.53099534920491,106.78949737548828,5557000,0.0,0.0,0.0,XLV
2021-02-08,107.16801413994088,107.31572655229311,106.60484604031704,106.91873931884766,6956700,0.0,0.0,0.0,XLV
2021-02-09,106.90951797728032,107.1772471795261,106.80796260664157,107.07569885253906,4730300,0.0,0.0,0.0,XLV
2021-02-10,107.85120657694748,107.87890221597723,106.89105117655568,107.2695770263672,5406400,0.0,0.0,0.0,XLV
2021-02-11,107.6480948276798,107.7404159714678,106.96490991126642,107.47268676757812,4684000,0.0,0.0,0.0,XLV
2021-02-12,107.2603247691103,108.3958950840117,107.12183955358807,108.27587127685548,6345300,0.0,0.0,0.0,XLV
2021-02-16,108.4143638702184,108.51591923226906,106.85411062021394,107.20494079589844,9531900,0.0,0.0,0.0,XLV
2021-02-17,106.85411394992585,107.64808841779887,106.734097174513,107.59269714355467,5022200,0.0,0.0,0.0,XLV
2021-02-18,107.06645877485124,107.35265641629404,106.47559503813956,106.91873931884766,7756600,0.0,0.0,0.0,XLV
2021-02-19,107.00184775415656,107.0849346766641,105.53391539698605,105.6262435913086,9390800,0.0,0.0,0.0,XLV
2021-02-22,105.11845112395916,105.70008062630104,104.43526625782962,105.376953125,7213300,0.0,0.0,0.0,XLV
2021-02-23,105.30310872329412,105.94937086360162,104.71224490816589,105.20155334472656,8731500,0.0,0.0,0.0,XLV
2021-02-24,105.32155259999588,106.503279954465,104.98919090109511,105.93087768554688,9842000,0.0,0.0,0.0,XLV
2021-02-25,105.7831770675534,106.20785994262818,104.33371334736186,104.86917877197266,14494800,0.0,0.0,0.0,XLV
2021-02-26,105.23848051065784,105.23848051065784,103.69669550277123,103.96443176269533,14687000,0.0,0.0,0.0,XLV
2021-03-01,104.81377930014158,105.81086442989634,104.78608366492352,105.3215560913086,7361800,0.0,0.0,0.0,XLV
2021-03-02,105.54314502216876,105.79241282247251,104.91535136387736,105.01690673828124,8456100,0.0,0.0,0.0,XLV
2021-03-03,104.62914818327808,104.73993073595288,103.4474206637364,103.6874542236328,14946600,0.0,0.0,0.0,XLV
2021-03-04,103.45663971081278,104.13983160228382,101.49017207532438,102.29338073730467,23441700,0.0,0.0,0.0,XLV
2021-03-05,102.89349260034555,104.6753183298832,102.06259517671194,104.34295654296876,15645200,0.0,0.0,0.0,XLV
2021-03-08,104.426053422326,105.73703214966868,103.95520637046393,104.08445739746094,12691800,0.0,0.0,0.0,XLV
2021-03-09,104.85071036337848,106.35556525789704,104.64759964458374,104.69376373291016,11022300,0.0,0.0,0.0,XLV
2021-03-10,105.38620119307215,105.98629922781944,104.89689276345815,104.93382263183594,11641100,0.0,0.0,0.0,XLV
2021-03-11,105.29388310221783,106.15248319689532,105.1461636244163,105.5708465576172,6549400,0.0,0.0,0.0,XLV
2021-03-12,105.3492724349727,105.94937047604442,105.18309154734747,105.80165100097656,7452400,0.0,0.0,0.0,XLV
2021-03-15,105.60778022090662,106.55870150154465,105.48776342362068,106.531005859375,7119100,0.0,0.0,0.0,XLV
2021-03-16,106.64177709456098,106.83565359999108,106.07860898865152,106.46636199951172,8618600,0.0,0.0,0.0,XLV
2021-03-17,106.00474592535264,106.60484387679855,105.44157783715814,106.07860565185548,7524900,0.0,0.0,0.0,XLV
2021-03-18,105.58929655191646,106.72485990344042,105.54313246226216,105.8570327758789,8553300,0.0,0.0,0.0,XLV
2021-03-19,105.96782131704094,106.86335117525628,105.43234883881814,106.23555755615234,12595800,0.0,0.0,0.0,XLV
2021-03-22,106.168861316507,107.23425707689508,105.6407965751806,107.16014099121094,6156800,0.398,0.0,0.0,XLV
2021-03-23,107.03042386835808,107.206447776041,105.80753692699288,106.07620239257812,9170500,0.0,0.0,0.0,XLV
2021-03-24,106.13179688708108,106.77103571846688,105.92798119776393,105.95578002929688,12647000,0.0,0.0,0.0,XLV
2021-03-25,106.1132759270748,106.60428261695618,105.01082214316084,106.40046691894533,11505300,0.0,0.0,0.0,XLV
2021-03-26,106.669119386932,108.5497706227493,106.38192843016128,108.41080474853516,8286500,0.0,0.0,0.0,XLV
2021-03-29,107.97540141719348,109.29093010264071,107.93834337516836,108.92035675048828,8958900,0.0,0.0,0.0,XLV
2021-03-30,108.62390299216192,108.62390299216192,107.68820683806577,107.93834686279295,6865700,0.0,0.0,0.0,XLV
2021-03-31,108.16995314871978,108.80918495004404,107.98466293463387,108.15142059326172,8504100,0.0,0.0,0.0,XLV
2021-04-01,108.32743663571732,108.42934447901374,107.4843821262831,107.82716369628906,6676400,0.0,0.0,0.0,XLV
2021-04-05,108.3737594385527,108.91108334249108,108.19773551748246,108.57756805419922,7190900,0.0,0.0,0.0,XLV
2021-04-06,108.7165314941318,109.0315212895994,108.0031836851434,108.16067504882812,5206700,0.0,0.0,0.0,XLV
2021-04-07,108.09581607747674,108.4663893656069,107.64186751026854,107.91979217529295,5753200,0.0,0.0,0.0,XLV
2021-04-08,108.23481055080993,108.55905961308716,107.9383532555708,108.08657836914062,4292400,0.0,0.0,0.0,XLV
2021-04-09,108.15141306116996,109.33724207633814,108.08656325778104,109.27239227294922,5919100,0.0,0.0,0.0,XLV
2021-04-12,109.11488709462948,109.60589369645189,108.99445378017604,109.38355255126952,8279500,0.0,0.0,0.0,XLV
2021-04-13,109.040786577014,110.1432403204628,108.93887873174904,109.83751678466795,6519600,0.0,0.0,0.0,XLV
2021-04-14,109.70782954518612,110.27295236242712,109.63371345516448,109.8282699584961,6226600,0.0,0.0,0.0,XLV
2021-04-15,110.26368030319644,112.03316475216975,110.26368030319644,111.70891571044922,8438300,0.0,0.0,0.0,XLV
2021-04-16,112.2833030367989,112.67240897342978,111.89420416826736,112.54270935058594,7447400,0.0,0.0,0.0,XLV
2021-04-19,112.32959140766064,112.5982568455908,111.99607617906436,112.57046508789062,7094300,0.0,0.0,0.0,XLV
2021-04-20,112.05167656206896,113.29309611496384,112.05167656206896,113.0059051513672,8063900,0.0,0.0,0.0,XLV
2021-04-21,113.3579524803567,114.4048156244964,113.30236895337008,114.3399658203125,9635900,0.0,0.0,0.0,XLV
2021-04-22,114.2473196489462,114.50671885522912,113.39500595170288,113.83042907714844,10030800,0.0,0.0,0.0,XLV
2021-04-23,113.77485214773368,114.84024793128228,113.53398546617244,114.58084869384766,4974500,0.0,0.0,0.0,XLV
2021-04-26,114.51599861879488,114.52526489671008,113.97866758929892,114.1917495727539,6907100,0.0,0.0,0.0,XLV
2021-04-27,113.90453230140594,113.92306485411233,113.34867587787882,113.53396606445312,7034700,0.0,0.0,0.0,XLV
2021-04-28,113.34869163575704,113.4783912503411,112.98738455683016,113.19120025634766,6788100,0.0,0.0,0.0,XLV
2021-04-29,113.31162559981134,113.3394173626761,112.12579659692528,112.73724365234376,8148900,0.0,0.0,0.0,XLV
2021-04-30,112.29255817635229,112.95032250355716,112.19991660752456,112.40373229980467,7153400,0.0,0.0,0.0,XLV
2021-05-03,113.01515941300023,113.8026232603304,112.85766805715376,113.68218994140624,13179100,0.0,0.0,0.0,XLV
2021-05-04,113.51543660159152,113.88600991672912,113.02442996297594,113.80262756347656,16186300,0.0,0.0,0.0,XLV
2021-05-05,113.9601295900862,114.35849467951478,113.7748393926204,114.0064468383789,16713700,0.0,0.0,0.0,XLV
2021-05-06,113.35795574656336,114.16395225158536,112.77430749209148,114.1546859741211,16115000,0.0,0.0,0.0,XLV
2021-05-07,114.42334786920246,115.5443270916894,114.37702355143996,114.94214630126952,7576700,0.0,0.0,0.0,XLV
2021-05-10,115.3590515256011,115.97976494912209,115.04406874276609,115.09039306640624,8846700,0.0,0.0,0.0,XLV
2021-05-11,114.48819204666496,114.96993241446648,113.589554043785,113.84895324707033,11357800,0.0,0.0,0.0,XLV
2021-05-12,113.2375221698175,113.8026378681526,112.6631331259392,112.77430725097656,10946500,0.0,0.0,0.0,XLV
2021-05-13,112.97811036693584,114.31217152991316,112.8020935126696,113.79337310791016,11228000,0.0,0.0,0.0,XLV
2021-05-14,114.45115733462832,114.74761463710482,114.08058393950782,114.3677749633789,6590400,0.0,0.0,0.0,XLV
2021-05-17,114.23806126700332,114.76612599288704,114.08056989060438,114.1546859741211,5997700,0.0,0.0,0.0,XLV
2021-05-18,114.1176334856305,114.84951394275106,113.73779384019744,114.1917495727539,9202000,0.0,0.0,0.0,XLV
2021-05-19,113.45059511262032,114.07130139679056,112.64459862325845,113.9971923828125,10063000,0.0,0.0,0.0,XLV
2021-05-20,113.9601373072519,115.68329738583223,113.9601373072519,115.1922836303711,7522700,0.0,0.0,0.0,XLV
2021-05-21,115.57211484839922,116.41516933937932,115.11816623607824,115.21080780029295,8423300,0.0,0.0,0.0,XLV
2021-05-24,115.80372371810638,116.0353311655426,115.27565902067576,115.32198333740234,4958800,0.0,0.0,0.0,XLV
2021-05-25,115.4887568107314,115.49801602086706,114.84951790640432,114.97921752929688,6798500,0.0,0.0,0.0,XLV
2021-05-26,114.95141842897436,114.98847647145077,113.82117287179058,114.31217956542967,6848800,0.0,0.0,0.0,XLV
2021-05-27,114.55304891112324,114.64569047970932,113.997192431508,114.06204223632812,8102900,0.0,0.0,0.0,XLV
2021-05-28,114.49746284832152,115.45169154002124,114.43261304093406,114.50672912597656,10059900,0.0,0.0,0.0,XLV
2021-06-01,114.64567755293052,114.68273558980624,112.53341892769946,112.62606048583984,13368300,0.0,0.0,0.0,XLV
2021-06-02,112.72798132475094,113.0151723085464,112.13506680253532,112.40373229980467,13245100,0.0,0.0,0.0,XLV
2021-06-03,111.98682599320745,113.0429553461332,111.73669306987158,112.74649810791016,13244400,0.0,0.0,0.0,XLV
2021-06-04,113.33942606931176,113.67294138550612,112.9781189881177,113.10781860351562,11228900,0.0,0.0,0.0,XLV
2021-06-07,113.38574228840024,114.5159877716262,113.19119287920374,113.51544189453124,13978500,0.0,0.0,0.0,XLV
2021-06-08,113.79338661787472,113.8582364283243,112.29256763134256,113.16341400146484,10799500,0.0,0.0,0.0,XLV
2021-06-09,113.45060288171302,114.45114885396956,113.45060288171302,114.25659942626952,7965600,0.0,0.0,0.0,XLV
2021-06-10,114.53451436167268,116.34105672408047,114.48819711223564,116.21135711669922,9350900,0.0,0.0,0.0,XLV
2021-06-11,116.03532354451308,116.09090706645566,114.80317030873483,115.38682556152344,6958100,0.0,0.0,0.0,XLV
2021-06-14,115.3219813716364,115.5072644991877,114.67347628901032,115.48873901367188,5156000,0.0,0.0,0.0,XLV
2021-06-15,115.60918497648572,115.7852089145686,115.0347959093356,115.52580261230467,5409100,0.0,0.0,0.0,XLV
2021-06-16,115.64624615671065,116.22989444941378,114.75687430054904,115.08112335205078,11653200,0.0,0.0,0.0,XLV
2021-06-17,114.87729858599286,116.26694332695244,114.85877309941014,115.96121978759766,6527000,0.0,0.0,0.0,XLV
2021-06-18,115.09962078207931,115.25711919850012,114.47891459650089,114.63640594482422,11152600,0.0,0.0,0.0,XLV
2021-06-21,115.0000787039133,116.22773795923612,114.58155414906714,116.01382446289062,6655400,0.481,0.0,0.0,XLV
2021-06-22,116.08821989948208,116.42303667660607,115.69760269139756,116.26493072509766,7194000,0.0,0.0,0.0,XLV
2021-06-23,116.10683304771165,116.3765469925253,115.7348206644886,115.78131866455078,6506600,0.0,0.0,0.0,XLV
2021-06-24,116.46024125180394,117.19497768619594,116.24632777012302,116.37653350830078,7029200,0.0,0.0,0.0,XLV
2021-06-25,116.33003858747546,117.26008365370916,116.26493571666632,116.90666198730467,8344200,0.0,0.0,0.0,XLV
2021-06-28,117.027573589508,117.23218464149056,116.63695636064,117.0833740234375,4631400,0.0,0.0,0.0,XLV
2021-06-29,117.0926663461498,117.57628662168392,116.94385574095148,117.21356964111328,6165500,0.0,0.0,0.0,XLV
2021-06-30,117.09267741827796,117.3809891235118,116.69275774859186,117.13917541503906,8542700,0.0,0.0,0.0,XLV
2021-07-01,117.2228790131068,118.26453202408165,117.17637392231087,118.18082427978516,12021000,0.0,0.0,0.0,XLV
2021-07-02,118.32964462498526,119.42709815862314,118.12503356174548,119.31548309326172,12327900,0.0,0.0,0.0,XLV
2021-07-06,118.9620889176492,119.21319091226776,118.35755809828903,119.20389556884766,11413100,0.0,0.0,0.0,XLV
2021-07-07,119.21317542894046,119.95721435546876,118.77606018746224,119.95721435546876,18435700,0.0,0.0,0.0,XLV
2021-07-08,118.84114784540245,119.38987098430783,118.21801940423454,119.296875,8386600,0.0,0.0,0.0,XLV
2021-07-09,119.72468351586076,120.06880980057794,119.4363718493873,119.70609283447266,5224200,0.0,0.0,0.0,XLV
2021-07-12,119.70610263297988,120.5338421460186,119.61309245298682,119.93861389160156,9097900,0.0,0.0,0.0,XLV
2021-07-13,119.78981554740876,120.21762835992126,119.53869938880034,119.82701110839844,9698800,0.0,0.0,0.0,XLV
2021-07-14,120.09673022823112,120.19903575852456,119.50150192234982,119.71540832519533,7487000,0.0,0.0,0.0,XLV
2021-07-15,119.07365909321256,119.5944820176896,118.56213860543838,119.296875,8750600,0.0,0.0,0.0,XLV
2021-07-16,119.60380006370164,120.05951305937738,119.2131686511776,119.62239074707033,6511000,0.0,0.0,0.0,XLV
2021-07-19,118.84115387484516,119.40848191593984,117.3995883226922,118.36682891845705,19460400,0.0,0.0,0.0,XLV
2021-07-20,118.748175440786,120.48736257812244,118.748175440786,119.80843353271484,15053700,0.0,0.0,0.0,XLV
2021-07-21,120.2920272192661,120.32923696962185,118.7109534218277,120.00371551513672,8295700,0.0,0.0,0.0,XLV
2021-07-22,120.106033524083,120.88726806640624,119.7805120357667,120.88726806640624,9261100,0.0,0.0,0.0,XLV
2021-07-23,121.39879331238556,122.4032437857736,121.2499826812104,122.28233337402344,8303800,0.0,0.0,0.0,XLV
2021-07-26,121.93821608428765,122.29163777064082,121.0918716203168,121.4917984008789,6626500,0.0,0.0,0.0,XLV
2021-07-27,121.32440695913878,122.05915069580078,120.99889961785132,122.05915069580078,9551600,0.0,0.0,0.0,XLV
2021-07-28,121.88240557493724,122.84964617427998,121.5754890081578,122.4962387084961,7432600,0.0,0.0,0.0,XLV
2021-07-29,122.8961592887051,122.9798599420114,122.43113673740967,122.79385375976562,5662700,0.0,0.0,0.0,XLV
2021-07-30,122.58923699932964,123.36117610153477,122.42183570050416,122.90544891357422,6634400,0.0,0.0,0.0,XLV
2021-08-02,123.38908027154436,123.55649576709544,122.71015133006284,123.07286834716795,8366300,0.0,0.0,0.0,XLV
2021-08-03,123.1286700298061,124.82135892102671,123.0449693768632,124.78414916992188,7701700,0.0,0.0,0.0,XLV
2021-08-04,124.30051158895743,125.06315531931205,124.0959005486848,124.25402069091795,8322100,0.0,0.0,0.0,XLV
2021-08-05,124.16101009626054,124.1796149702305,122.80313812366823,123.74249267578124,8240900,0.0,0.0,0.0,XLV
2021-08-06,123.6867104794012,123.79831135695191,122.84966132368224,123.64020538330078,6923700,0.0,0.0,0.0,XLV
2021-08-09,123.81691776703344,124.3470361333273,123.72390757368076,124.1145248413086,9852500,0.0,0.0,0.0,XLV
2021-08-10,124.17959346241318,124.43069535639364,123.35185410612308,123.826171875,5832600,0.0,0.0,0.0,XLV
2021-08-11,124.02149356813608,124.21679505072557,122.49622049392909,122.59852600097656,14512500,0.0,0.0,0.0,XLV
2021-08-12,122.71944385146288,123.66809379415004,122.63574320129204,123.56578826904295,8220300,0.0,0.0,0.0,XLV
2021-08-13,123.8727154633698,124.36563825622471,123.72390483384606,124.33773803710938,7922900,0.0,0.0,0.0,XLV
2021-08-16,124.337723743957,125.76998686223055,123.9098967810975,125.75139617919922,8404200,0.0,0.0,0.0,XLV
2021-08-17,125.41658341539748,127.23946380615234,125.35147344861832,127.23946380615234,13874500,0.0,0.0,0.0,XLV
2021-08-18,127.07207943026096,127.2115805328516,125.23057972788388,125.30498504638672,12427700,0.0,0.0,0.0,XLV
2021-08-19,124.47724664768258,126.52334325739209,124.44005108373742,125.872314453125,11669200,0.0,0.0,0.0,XLV
2021-08-20,125.99318886067748,126.9697388836518,125.55606660459716,126.58841705322266,7252700,0.0,0.0,0.0,XLV
2021-08-23,127.30459003135653,127.39758603545296,126.59774660513402,126.63495635986328,8471300,0.0,0.0,0.0,XLV
2021-08-24,126.63493127080709,126.65352195312514,125.82578246643362,126.1884994506836,6548100,0.0,0.0,0.0,XLV
2021-08-25,126.06759914253485,126.13269491124817,125.32356032459914,125.8443832397461,6918500,0.0,0.0,0.0,XLV
2021-08-26,125.91879899652244,126.19781535033688,125.1096643426858,125.35147094726562,5972100,0.0,0.0,0.0,XLV
2021-08-27,125.63051551487048,125.9746277200834,125.00738689318231,125.21199798583984,8679200,0.0,0.0,0.0,XLV
2021-08-30,125.10037131796496,126.3745428572064,125.09107597511034,125.91881561279295,6417200,0.0,0.0,0.0,XLV
2021-08-31,125.94669769055596,126.53263060734844,125.3049643419473,125.75139617919922,9299100,0.0,0.0,0.0,XLV
2021-09-01,125.85370707440632,125.96530794280336,124.598140539493,125.7885971069336,10571100,0.0,0.0,0.0,XLV
2021-09-02,126.25362883201278,127.15577376081758,126.1141277363678,127.13716888427734,6847800,0.0,0.0,0.0,XLV
2021-09-03,127.00694373501396,127.45336136426474,126.40242015772353,127.27666473388672,5632800,0.0,0.0,0.0,XLV
2021-09-07,126.80233009298613,127.00694112538868,125.70488382042716,126.53262329101562,8739100,0.0,0.0,0.0,XLV
2021-09-08,126.28153667992729,126.6814634972074,125.94671983879002,126.4768524169922,6986200,0.0,0.0,0.0,XLV
2021-09-09,126.30015252016206,126.5884642878455,124.94228016008852,125.01668548583984,8905600,0.0,0.0,0.0,XLV
2021-09-10,125.46307265434858,125.57468771144026,123.80759358632918,123.8727035522461,10561600,0.0,0.0,0.0,XLV
2021-09-13,124.5237109775906,124.5981162724845,122.48691037786654,123.11003875732422,11676700,0.0,0.0,0.0,XLV
2021-09-14,123.6866970790896,123.9750087757683,122.87754823042212,123.09146881103516,10436300,0.0,0.0,0.0,XLV
2021-09-15,122.9333748659841,124.46795804995412,122.74736865345076,123.8913345336914,10299900,0.0,0.0,0.0,XLV
2021-09-16,124.04944356280916,124.28195488201288,122.72878097269576,123.57511138916016,10525700,0.0,0.0,0.0,XLV
2021-09-17,123.4728060579724,123.79832758197536,122.88688718267764,123.6960220336914,13541400,0.0,0.0,0.0,XLV
2021-09-20,122.29320304016804,123.497196617039,121.34121043728317,122.40519714355467,17245000,0.467,0.0,0.0,XLV
2021-09-21,122.96518103649169,123.85183414256164,122.57318748143015,122.59185791015624,11741800,0.0,0.0,0.0,XLV
2021-09-22,122.9558661217318,123.41318486430536,122.20920554766634,122.79720306396484,11964100,0.0,0.0,0.0,XLV
2021-09-23,123.0771700337257,124.40248559115444,122.98384637668536,123.683837890625,10366500,0.0,0.0,0.0,XLV
2021-09-24,123.47852527532947,123.93584402169616,122.91852627979414,123.17985534667967,6962600,0.0,0.0,0.0,XLV
2021-09-27,122.82521532602703,122.97453606444728,121.16390283964894,121.42523193359376,11631400,0.0,0.0,0.0,XLV
2021-09-28,120.65056269886588,120.65056269886588,118.93324617775556,119.34391021728516,17433400,0.0,0.0,0.0,XLV
2021-09-29,119.87591885491048,120.84656778365824,119.63324594169744,120.28658294677734,11171400,0.0,0.0,0.0,XLV
2021-09-30,120.68787718126605,121.44386579556009,118.70923890767028,118.81190490722656,21653100,0.0,0.0,0.0,XLV
2021-10-01,118.97057694737616,119.39990428675716,116.92659913710573,118.83991241455078,23188900,0.0,0.0,0.0,XLV
2021-10-04,118.35458984600125,118.96125072034695,116.44128354467529,117.0292739868164,27580700,0.0,0.0,0.0,XLV
2021-10-05,117.50525273871614,118.92389918463223,117.34658969213204,117.729248046875,19151800,0.0,0.0,0.0,XLV
2021-10-06,117.07594008393684,117.61726155301376,116.19861492954487,117.5146026611328,21322100,0.0,0.0,0.0,XLV
2021-10-07,118.32658161558024,119.83855894872748,118.10258629227752,119.0732421875,15806400,0.0,0.0,0.0,XLV
2021-10-08,119.24124554540842,119.46524087826386,118.2332558665341,118.47592163085938,9552300,0.0,0.0,0.0,XLV
2021-10-11,118.37326141707354,118.99858560895652,117.51460666517296,117.55193328857422,7843400,0.0,0.0,0.0,XLV
2021-10-12,117.92524704554106,118.04658347694536,116.6932621465142,116.98258972167967,13007200,0.0,0.0,0.0,XLV
2021-10-13,117.17860096253534,117.70125909764823,116.45060369060702,117.16926574707033,10609000,0.0,0.0,0.0,XLV
2021-10-14,118.38258207335262,119.31590425477238,118.38258207335262,118.8492431640625,8857900,0.0,0.0,0.0,XLV
2021-10-15,119.46523149551392,119.97856151036927,119.21323765592848,119.4372329711914,8976100,0.0,0.0,0.0,XLV
2021-10-18,118.91457884992052,119.03590816628126,118.1119212292376,118.625244140625,11660700,0.0,0.0,0.0,XLV
2021-10-19,119.2692400728746,120.49189694855744,119.2692400728746,120.18389892578124,9487000,0.0,0.0,0.0,XLV
2021-10-20,120.90255299756352,122.0785480983926,120.7905588894338,121.90121459960938,13665700,0.0,0.0,0.0,XLV
2021-10-21,122.15320014724428,122.4705262410878,121.26653276538008,122.39585876464844,8267500,0.0,0.0,0.0,XLV
2021-10-22,122.28387211673804,122.93719477365806,122.09721053495602,122.8905258178711,8009700,0.0,0.0,0.0,XLV
2021-10-25,122.94653329632968,123.170535758287,121.99455487608682,123.03987121582033,10629700,0.0,0.0,0.0,XLV
2021-10-26,123.31986829295256,124.00118951937934,122.64787516174344,123.64652252197266,9271600,0.0,0.0,0.0,XLV
2021-10-27,123.84252185103811,123.9731863860646,122.62920017358296,122.6665267944336,11851400,0.0,0.0,0.0,XLV
2021-10-28,122.8905186971482,124.16916541169977,122.8905186971482,123.69317626953124,9282500,0.0,0.0,0.0,XLV
2021-10-29,123.53450693383036,125.05582643042632,123.05851781589128,124.89716339111328,15415100,0.0,0.0,0.0,XLV
2021-11-01,125.00918523247644,125.5225153214892,124.27185267515786,124.74785614013672,14356700,0.0,0.0,0.0,XLV
2021-11-02,125.2331751310457,126.15716930360232,124.14118978604291,125.53184509277344,20851500,0.0,0.0,0.0,XLV
2021-11-03,125.2891728974494,126.31581873692366,124.82251181367944,126.26914978027344,14610000,0.0,0.0,0.0,XLV
2021-11-04,125.97983934749126,126.1758432955747,124.5331869424732,125.40118408203124,15818500,0.0,0.0,0.0,XLV
2021-11-05,124.2718397159342,124.78516975141628,123.10518701773216,124.00118255615234,14867300,0.0,0.0,0.0,XLV
2021-11-08,124.22519429929834,124.89718744307037,123.739862752937,124.73851013183594,8948800,0.0,0.0,0.0,XLV
2021-11-09,124.77581029828252,124.88780437192663,124.03847800315896,124.2811508178711,7287000,0.0,0.0,0.0,XLV
2021-11-10,124.24384775129737,125.1398433370314,124.22519156092444,124.6358413696289,8445400,0.0,0.0,0.0,XLV
2021-11-11,124.6171894989408,124.70118508263056,123.9731948745848,124.2718505859375,8597300,0.0,0.0,0.0,XLV
2021-11-12,125.06518140637664,125.17717551905524,124.19719855038274,124.88784790039062,8317600,0.0,0.0,0.0,XLV
2021-11-15,125.17718419495276,125.24252359278876,123.99187510997206,124.11319732666016,6268900,0.0,0.0,0.0,XLV
2021-11-16,124.08518468492744,125.30783449858777,123.8705245647054,124.6358413696289,6150900,0.0,0.0,0.0,XLV
2021-11-17,124.77583713853436,125.29849524978464,124.23450859720646,124.81316375732422,8229000,0.0,0.0,0.0,XLV
2021-11-18,124.94383597153492,125.17716651708054,124.43052016442758,124.8598403930664,9029300,0.0,0.0,0.0,XLV
2021-11-19,125.2331554813048,125.6531618292542,123.9918495915732,124.10384368896484,10166100,0.0,0.0,0.0,XLV
2021-11-22,124.28117091533386,124.71049109463652,123.38517545720258,123.54383850097656,11146200,0.0,0.0,0.0,XLV
2021-11-23,122.96519505307069,123.80517930375586,122.5918718841808,123.6745147705078,12075200,0.0,0.0,0.0,XLV
2021-11-24,123.44117757780305,123.85184158627226,123.01185738085084,123.62785339355467,6760800,0.0,0.0,0.0,XLV
2021-11-26,124.07586358794012,124.80385381181163,122.7412053499307,123.17053985595705,11896900,0.0,0.0,0.0,XLV
2021-11-29,123.84252732970327,124.33718696571292,123.3758662209118,123.50653076171876,17137100,0.0,0.0,0.0,XLV
2021-11-30,122.79719562000388,123.35718033558229,120.9025386536034,121.07987213134766,19467000,0.0,0.0,0.0,XLV
2021-12-01,121.6585409653222,123.28251229862514,120.84654105730574,120.8652114868164,22241400,0.0,0.0,0.0,XLV
2021-12-02,120.82790759825308,121.94789147636963,120.2492381054882,121.45323181152344,17531100,0.0,0.0,0.0,XLV
2021-12-03,122.30252442928264,122.76918548962864,120.66921071807158,121.6772003173828,22111900,0.0,0.0,0.0,XLV
2021-12-06,121.99455096225626,122.89986039370964,121.8078751292639,122.3678741455078,15230900,0.0,0.0,0.0,XLV
2021-12-07,123.19852224146553,124.24383847900458,123.0305310924463,123.94518280029295,11974700,0.0,0.0,0.0,XLV
2021-12-08,124.29982490235716,124.96248983002418,123.6745008321904,124.87849426269533,15144700,0.0,0.0,0.0,XLV
2021-12-09,124.75719021817956,125.57851839998447,124.663866532936,125.16785430908205,9095800,0.0,0.0,0.0,XLV
2021-12-10,124.8411601239324,125.86782013997538,124.78516307603282,125.6064910888672,8554300,0.0,0.0,0.0,XLV
2021-12-13,125.60652385425668,127.14650003867013,125.60652385425668,126.7918472290039,12201800,0.0,0.0,0.0,XLV
2021-12-14,126.2038359289191,126.94115424106234,125.6531792187163,126.27850341796876,11070800,0.0,0.0,0.0,XLV
2021-12-15,126.54915079187089,128.9291251958266,126.4371566876642,128.86380004882812,14996300,0.0,0.0,0.0,XLV
2021-12-16,128.85449107278285,130.28247323658528,128.62116046769918,129.629150390625,19227500,0.0,0.0,0.0,XLV
2021-12-17,128.97578636099735,129.76910162014383,128.2197977205426,128.72378540039062,21504200,0.0,0.0,0.0,XLV
2021-12-20,128.45955466735816,128.85305461268416,126.83870659101936,127.94425201416016,16185700,0.528,0.0,0.0,XLV
2021-12-21,128.30968146979458,128.53454477074465,127.11980306675729,128.47833251953125,10773400,0.0,0.0,0.0,XLV
2021-12-22,128.41275010106548,130.05234091297103,128.1879010820779,129.97738647460938,7246000,0.0,0.0,0.0,XLV
2021-12-23,130.31465641351215,130.93301972305244,129.93052033066786,130.51141357421875,7743800,0.0,0.0,0.0,XLV
2021-12-27,130.97985393075385,131.88865661621094,130.83930903220534,131.88865661621094,6968900,0.0,0.0,0.0,XLV
2021-12-28,132.0104465959969,132.24467380024538,131.19534049996236,131.5419921875,6065900,0.0,0.0,0.0,XLV
2021-12-29,131.41085292364588,132.56326130200893,131.31717060007048,132.2915496826172,7103600,0.0,0.0,0.0,XLV
2021-12-30,132.53517206797753,133.02235452329762,132.39462712055538,132.5632781982422,7931700,0.0,0.0,0.0,XLV
2021-12-31,132.40397690685612,132.90990143899228,131.95425032707314,132.0010986328125,7882800,0.0,0.0,0.0,XLV
2022-01-03,131.43895745696253,131.68256294671886,129.51830544183449,130.64259338378906,15122300,0.0,0.0,0.0,XLV
2022-01-04,130.3521555593532,130.50205013640627,128.36589873035717,128.91868591308594,14304500,0.0,0.0,0.0,XLV
2022-01-05,129.19973051961244,129.97736661569195,127.9536542735148,128.00048828125,15370700,0.0,0.0,0.0,XLV
2022-01-06,127.20414125359731,127.981777453316,126.29533836332952,126.52018737792967,15182000,0.0,0.0,0.0,XLV
2022-01-07,126.22036998500327,126.45459721340536,125.61138490959604,125.87371826171876,9619400,0.0,0.0,0.0,XLV
2022-01-10,125.32095211114408,127.24161856469952,125.02114864258448,127.16666412353516,15589900,0.0,0.0,0.0,XLV
2022-01-11,127.35405843469418,128.1972852773958,126.48273975627876,128.1785430908203,12168300,0.0,0.0,0.0,XLV
2022-01-12,127.44772406019254,128.00987515187458,127.26034512833056,127.81311798095705,10831800,0.0,0.0,0.0,XLV
2022-01-13,127.58826834143252,127.74755546146535,125.60202571812572,125.82688903808594,13804900,0.0,0.0,0.0,XLV
2022-01-14,125.48957880051846,125.7425482032948,124.31844269001056,125.61138153076172,14341800,0.0,0.0,0.0,XLV
2022-01-18,124.37464988415373,124.57140703300912,123.53143763727525,123.84998321533205,16471400,0.0,0.0,0.0,XLV
2022-01-19,124.0842135626762,125.05859250137598,123.22225911410855,123.34404754638672,14639600,0.0,0.0,0.0,XLV
2022-01-20,123.64387481014772,124.90870760632896,122.46337468418233,122.53831481933594,15127800,0.0,0.0,0.0,XLV
2022-01-21,122.91306660092512,123.29720263636716,121.10482519999896,121.30158233642578,25804800,0.0,0.0,0.0,XLV
2022-01-24,120.20543151308414,121.10485617685433,117.0386744141704,120.89873504638672,37938000,0.0,0.0,0.0,XLV
2022-01-25,119.29660936115904,121.15168493995624,118.30348108805948,120.12109375,19326800,0.0,0.0,0.0,XLV
2022-01-26,120.31783200661955,121.40464969650246,118.55644595355272,119.49335479736328,29557400,0.0,0.0,0.0,XLV
2022-01-27,120.07426337235152,121.64826366301332,119.40905167821175,119.80255889892578,18483600,0.0,0.0,0.0,XLV
2022-01-28,119.69949262123892,122.29472733627934,118.85627311431394,122.24787902832033,20906800,0.0,0.0,0.0,XLV
2022-01-31,122.02301563845084,123.17540953868452,121.77941018422138,122.95054626464844,19044400,0.0,0.0,0.0,XLV
2022-02-01,123.39091266463268,123.50335146618248,122.29473084817562,123.27848815917967,14674800,0.0,0.0,0.0,XLV
2022-02-02,123.19416967043254,125.23662443019342,122.94120023729168,124.93682098388672,13595200,0.0,0.0,0.0,XLV
2022-02-03,124.76816491991578,124.87122547771666,124.16854375528229,124.40277099609376,13805600,0.0,0.0,0.0,XLV
2022-02-04,123.26913198281032,124.82439015859336,123.04426866163914,123.95307159423828,12004100,0.0,0.0,0.0,XLV
2022-02-07,123.99990507825558,124.43087518884164,123.39090568394606,123.7375717163086,9229200,0.0,0.0,0.0,XLV
2022-02-08,123.0817309169075,124.9649271588829,122.8006696534158,124.74942779541016,11071600,0.0,0.0,0.0,XLV
2022-02-09,125.3490226420583,125.97676412152713,125.2178559812948,125.71441650390624,10811000,0.0,0.0,0.0,XLV
2022-02-10,124.26226639791592,125.34907015788896,123.25976673513397,123.74696350097656,14393300,0.0,0.0,0.0,XLV
2022-02-11,123.57827305266788,124.51518191370734,121.88247030156158,122.03237915039062,13072300,0.0,0.0,0.0,XLV
2022-02-14,121.77941417112568,122.0136413948794,119.87749025793312,120.78629302978516,14386900,0.0,0.0,0.0,XLV
2022-02-15,121.83563187286715,122.622646244952,121.52646450423248,122.14481353759766,8969900,0.0,0.0,0.0,XLV
2022-02-16,121.5170710726894,122.67884315587204,121.17978332570696,122.33219146728516,8779200,0.0,0.0,0.0,XLV
2022-02-17,121.8356245674624,121.90121505124318,120.18667008386872,120.36468505859376,11906800,0.0,0.0,0.0,XLV
2022-02-18,120.252270609265,120.8987257822713,119.06239222839665,119.46526336669922,13505600,0.0,0.0,0.0,XLV
2022-02-22,119.04363306896246,120.13981467915848,118.36905757098118,119.16543579101562,13682100,0.0,0.0,0.0,XLV
2022-02-23,119.77444033695454,120.18668257472054,118.45340239473354,118.56583404541016,12022800,0.0,0.0,0.0,XLV
2022-02-24,116.44842060753416,119.28725373725376,116.2329283921342,119.0436553955078,23220000,0.0,0.0,0.0,XLV
2022-02-25,119.57767991197804,122.98803487215427,119.44651323828444,122.68821716308594,17012300,0.0,0.0,0.0,XLV
2022-02-28,120.72073444357748,121.90123467683247,120.34596225326833,121.76070404052734,17987700,0.0,0.0,0.0,XLV
2022-03-01,121.12359830579628,122.11671959063958,120.14921920446814,121.08612823486328,14064200,0.0,0.0,0.0,XLV
2022-03-02,121.62015457667184,123.5782909487506,121.46088176276128,122.91309356689452,12395600,0.0,0.0,0.0,XLV
2022-03-03,123.45646076363356,124.26220280025848,122.49144596694336,123.54077911376952,11172600,0.0,0.0,0.0,XLV
2022-03-04,122.29473322074604,124.2716118245286,121.92933927483824,124.15918731689452,12160400,0.0,0.0,0.0,XLV
2022-03-07,123.38154004534712,123.6157672793018,121.44213168607632,121.9949188232422,15704000,0.0,0.0,0.0,XLV
2022-03-08,121.18916244097188,122.08858690870868,119.42776927218723,119.50272369384766,21794600,0.0,0.0,0.0,XLV
2022-03-09,121.45152234455875,122.38843137618576,120.55208338391404,121.76070404052734,15576500,0.0,0.0,0.0,XLV
2022-03-10,120.28976132245872,121.97620059736305,120.1585946175272,121.7138671875,10708800,0.0,0.0,0.0,XLV
2022-03-11,122.0417507927832,122.7538107216021,120.6832357177777,120.80503845214844,9869100,0.0,0.0,0.0,XLV
2022-03-14,121.77941936060722,123.40964605399748,121.30160095038228,121.65763092041016,14373200,0.0,0.0,0.0,XLV
2022-03-15,122.64136558858723,124.21537992703172,122.43524449312314,124.08421325683594,14374100,0.0,0.0,0.0,XLV
2022-03-16,124.71192869171,125.592625235209,123.43773217483567,125.57388305664062,13840400,0.0,0.0,0.0,XLV
2022-03-17,125.20849131953564,127.61635379495638,125.03985459785002,127.56012725830078,10973100,0.0,0.0,0.0,XLV
2022-03-18,127.48519825527336,128.50642550414392,127.10106218313472,128.34715270996094,11364200,0.0,0.0,0.0,XLV
2022-03-21,128.2870071182706,129.38660831554424,127.6479285450961,128.24942016601562,11473100,0.426,0.0,0.0,XLV
2022-03-22,128.38098518526266,128.55954111928278,127.80768741204588,128.27760314941406,8892100,0.0,0.0,0.0,XLV
2022-03-23,127.66670564685629,127.9016635184122,125.93741915397044,125.97500610351562,10013400,0.0,0.0,0.0,XLV
2022-03-24,126.44494681971604,127.47876739501952,126.17240194478688,127.47876739501952,7189200,0.0,0.0,0.0,XLV
2022-03-25,127.9110769184636,128.28700379403782,127.09341373601848,128.0708465576172,7040100,0.0,0.0,0.0,XLV
2022-03-28,128.2869997024058,129.03886777026497,127.82647710492805,129.0012664794922,8467000,0.0,0.0,0.0,XLV
2022-03-29,130.07267450132184,130.5895846969938,128.99187400730017,129.76254272460938,12327700,0.0,0.0,0.0,XLV
2022-03-30,129.7813080310047,130.53317598117738,129.35838679049766,130.01626586914062,10752900,0.0,0.0,0.0,XLV
2022-03-31,129.74376259284548,130.4580294866305,128.5219785755427,128.74754333496094,15843000,0.0,0.0,0.0,XLV
2022-04-01,129.10464919883196,129.80952282728717,128.2400059354765,129.76254272460938,20785700,0.0,0.0,0.0,XLV
2022-04-04,129.47121793094578,129.6967827157101,128.38102398965464,128.6817626953125,16769500,0.0,0.0,0.0,XLV
2022-04-05,128.3527930897914,130.48620024042756,128.2869980021563,128.95428466796875,15025100,0.0,0.0,0.0,XLV
2022-04-06,128.6253571182843,131.22869474195454,128.54077571357223,130.91854858398438,23197800,0.0,0.0,0.0,XLV
2022-04-07,130.44859894235793,133.77559573117776,130.44859894235793,133.437255859375,18160200,0.0,0.0,0.0,XLV
2022-04-08,133.44667477253174,134.79062688288835,133.2493038551341,134.2361297607422,19102700,0.0,0.0,0.0,XLV
2022-04-11,133.8508157824155,134.39591983549852,131.36966091292632,131.56703186035156,16570700,0.0,0.0,0.0,XLV
2022-04-12,131.23807355438814,132.00874228828482,129.7249442257755,130.28884887695312,14085400,0.0,0.0,0.0,XLV
2022-04-13,130.2794466663156,131.05950858444234,129.6027667937404,130.9279327392578,15496400,0.0,0.0,0.0,XLV
2022-04-14,131.05011641515304,131.7173887990649,130.2042593977391,130.29824829101562,10993400,0.0,0.0,0.0,XLV
2022-04-18,130.16665566763683,130.46740861480438,128.31518656611996,128.86029052734375,10125000,0.0,0.0,0.0,XLV
2022-04-19,129.19865452437867,130.55201435772017,129.15166007503078,130.09149169921875,11733100,0.0,0.0,0.0,XLV
2022-04-20,130.44860731111274,132.34707084361546,130.29823083828902,131.8395538330078,13674800,0.0,0.0,0.0,XLV
2022-04-21,132.20608779991557,132.35646427305474,130.09146704622395,130.3828125,11409700,0.0,0.0,0.0,XLV
2022-04-22,129.20802924230622,129.24563053269654,125.4956977245852,125.62727355957033,17525300,0.0,0.0,0.0,XLV
2022-04-25,125.26075374378892,126.74568938369846,123.85100635230808,126.47314453125,16501900,0.0,0.0,0.0,XLV
2022-04-26,125.71185473719515,126.38853455616008,124.06714963234522,124.24571990966795,20087700,0.0,0.0,0.0,XLV
2022-04-27,124.22691158033204,125.23253809433912,123.3622683852914,123.9731674194336,16726700,0.0,0.0,0.0,XLV
2022-04-28,124.84719779637255,126.09717525985324,123.6912092077086,125.68364715576172,15510700,0.0,0.0,0.0,XLV
2022-04-29,124.4618766207787,125.11036263965656,122.2626743886028,122.4506378173828,17430200,0.0,0.0,0.0,XLV
2022-05-02,122.34726367396904,123.03335102728164,119.71573964954406,121.68938446044922,23615100,0.0,0.0,0.0,XLV
2022-05-03,122.06531387935492,123.2494963491813,121.64237825234773,122.07470703125,13585300,0.0,0.0,0.0,XLV
2022-05-04,121.87734285210882,125.23254821309438,120.85292995201888,124.78143310546876,19053500,0.0,0.0,0.0,XLV
2022-05-05,124.17054223796166,124.30211808392056,121.09730333434476,122.35667419433594,16119800,0.0,0.0,0.0,XLV
2022-05-06,121.17247381782695,122.30967629346944,120.55219589907686,121.9713363647461,21742300,0.0,0.0,0.0,XLV
2022-05-09,120.60856561256678,120.63675940738872,118.3529688123322,118.81348419189452,17289800,0.0,0.0,0.0,XLV
2022-05-10,120.05408382073468,120.50520613333246,118.13682654029944,119.23643493652344,21850200,0.0,0.0,0.0,XLV
2022-05-11,118.64433184197117,121.32285030232184,118.30599191325892,118.44696807861328,19987300,0.0,0.0,0.0,XLV
2022-05-12,118.014642046571,119.66874750657922,117.74209004910097,119.59355926513672,17497100,0.0,0.0,0.0,XLV
2022-05-13,120.38301956684948,121.2382697174751,119.85671619436953,120.86234283447266,9841500,0.0,0.0,0.0,XLV
2022-05-16,120.72134478678473,122.5822070100584,120.69315099102978,121.75516510009766,8839800,0.0,0.0,0.0,XLV
2022-05-17,123.0239502833694,123.48447292844504,122.11231248722896,123.42808532714844,9058700,0.0,0.0,0.0,XLV
2022-05-18,122.591629033576,122.89236767083926,119.8567157956534,120.24205017089844,10005000,0.0,0.0,0.0,XLV
2022-05-19,119.28341935623853,121.23827071343108,118.8510977009577,120.50520324707033,9672800,0.0,0.0,0.0,XLV
2022-05-20,121.3134571535316,122.2344880492319,119.6687519551497,121.9713363647461,12833700,0.0,0.0,0.0,XLV
2022-05-23,122.7889965717722,123.5220640950126,122.53525235728384,123.04275512695312,9196500,0.0,0.0,0.0,XLV
2022-05-24,122.68561214343448,123.61605060062028,121.89615703226048,123.40928649902344,9031300,0.0,0.0,0.0,XLV
2022-05-25,123.32470965115604,124.17995989019823,122.21570085247308,123.3717041015625,8532400,0.0,0.0,0.0,XLV
2022-05-26,123.68183013786094,124.36790311192928,123.32468958172296,123.89798736572266,9090100,0.0,0.0,0.0,XLV
2022-05-27,124.11414647127756,125.98441633212336,123.59723627449196,125.95622253417967,13696000,0.0,0.0,0.0,XLV
2022-05-31,124.84720828937364,125.07277300347852,123.2682983127098,124.27391052246094,11740800,0.0,0.0,0.0,XLV
2022-06-01,124.72503892961856,124.74382523345596,121.51080272787014,122.4882354736328,9259900,0.0,0.0,0.0,XLV
2022-06-02,122.64800505505464,123.48445447758796,120.45819604085172,123.45626068115234,9575400,0.0,0.0,0.0,XLV
2022-06-03,122.60103345593453,123.14613752306497,121.8491652826273,122.00894927978516,5852600,0.0,0.0,0.0,XLV
2022-06-06,122.88297537346077,123.13673390778996,121.69879278107668,122.02772521972656,7729000,0.0,0.0,0.0,XLV
2022-06-07,122.02772547081474,123.73822578180273,121.5860034933922,123.61604309082033,7219100,0.0,0.0,0.0,XLV
2022-06-08,123.26832686353306,123.71944205553788,122.29089388338032,122.63864135742188,5372000,0.0,0.0,0.0,XLV
2022-06-09,122.22509085532334,122.63861901461172,119.8379179573006,119.8661117553711,7772900,0.0,0.0,0.0,XLV
2022-06-10,118.4469476718424,119.0390460302513,117.47892249771633,117.93943786621094,11289000,0.0,0.0,0.0,XLV
2022-06-13,115.60868809231856,116.31356179822431,113.88879452902546,114.36811065673828,14886200,0.0,0.0,0.0,XLV
2022-06-14,114.23651754761735,114.52786300753424,112.46962980271483,113.27788543701172,9299500,0.0,0.0,0.0,XLV
2022-06-15,113.89817331714872,115.62745970690116,112.6763895897862,114.42447662353516,10301600,0.0,0.0,0.0,XLV
2022-06-16,112.32866694095648,112.81738337644616,111.60499978153577,112.74219512939452,9383300,0.0,0.0,0.0,XLV
2022-06-17,112.77978127074952,114.4620805351463,112.638805110092,112.67639923095705,13724900,0.0,0.0,0.0,XLV
2022-06-21,114.25631116609672,116.22885493315675,113.87879730501191,115.7097625732422,7987200,0.504,0.0,0.0,XLV
2022-06-22,114.97361439625776,118.60723975415198,114.91698875035596,117.31423950195312,10188900,0.0,0.0,0.0,XLV
2022-06-23,117.86162316942728,120.04180387870132,117.86162316942728,119.94741821289062,11943300,0.0,0.0,0.0,XLV
2022-06-24,120.82517429008284,121.95773041865748,120.01350642437836,121.93885040283205,10448100,0.0,0.0,0.0,XLV
2022-06-27,121.93883382293276,122.91094568789526,121.55187275790443,122.39185333251952,8963600,0.0,0.0,0.0,XLV
2022-06-28,122.63725839977918,123.2507220594969,120.03237084548296,120.25888061523438,7518700,0.0,0.0,0.0,XLV
2022-06-29,120.41932979290634,121.91053417434786,120.23057284362191,121.30650329589844,9157700,0.0,0.0,0.0,XLV
2022-06-30,120.67415050958952,121.7217680606601,119.75866425319307,121.03279876708984,10697600,0.0,0.0,0.0,XLV
2022-07-01,121.07997323505931,122.55231184336976,119.73034751231296,122.39185333251952,9366600,0.0,0.0,0.0,XLV
2022-07-05,121.21211380771646,121.71234058937132,119.07913298555786,121.68401336669922,9987000,0.0,0.0,0.0,XLV
2022-07-06,121.85391085401903,123.13747829536182,121.63684107826302,122.50513458251952,9033300,0.0,0.0,0.0,XLV
2022-07-07,122.3257840232313,123.18464453482248,122.25971118331076,123.02420043945312,6805500,0.0,0.0,0.0,XLV
2022-07-08,122.67500691105646,124.61923081507145,122.55232281696811,123.39230346679688,6505800,0.0,0.0,0.0,XLV
2022-07-11,122.70331279298632,123.76981035818736,122.5711814982807,123.08084106445312,7027300,0.0,0.0,0.0,XLV
2022-07-12,122.69389387704793,123.52444176707164,120.96673964278465,121.51414489746094,9280400,0.0,0.0,0.0,XLV
2022-07-13,120.48541532751427,121.30651606400406,120.02294851204324,120.33440399169922,9296500,0.0,0.0,0.0,XLV
2022-07-14,118.95645365943729,120.16451549986532,118.19197860117626,119.98519134521484,7784800,0.0,0.0,0.0,XLV
2022-07-15,121.76896102494275,122.93926266438513,121.230988638117,122.88263702392578,9684800,0.0,0.0,0.0,XLV
2022-07-18,123.0053315329034,123.11858281015812,119.8813517906802,120.28718566894533,7047700,0.0,0.0,0.0,XLV
2022-07-19,121.5707682052312,122.5428801936086,121.0422429767424,122.33524322509766,6585700,0.0,0.0,0.0,XLV
2022-07-20,122.16535915941688,122.32580328004371,120.63640200828408,121.1271743774414,7599500,0.0,0.0,0.0,XLV
2022-07-21,121.4858204473922,123.04308319091795,121.17436501844078,123.04308319091795,9507700,0.0,0.0,0.0,XLV
2022-07-22,123.3262274288203,123.56217720527428,121.78783027794626,122.53343963623048,8657100,0.0,0.0,0.0,XLV
2022-07-25,122.62781905828707,123.40174128909706,122.51456776645436,123.17522430419922,5489000,0.0,0.0,0.0,XLV
2022-07-26,123.52444317379374,124.5720608556468,123.1941076952544,123.8075714111328,7482400,0.0,0.0,0.0,XLV
2022-07-27,123.73206092170828,125.13831228608171,123.156342926526,124.58147430419922,7680700,0.0,0.0,0.0,XLV
2022-07-28,124.74191632546764,126.28974616182614,122.6183685035668,125.37425994873048,11052600,0.0,0.0,0.0,XLV
2022-07-29,124.74189940065727,125.18548603758975,124.08124304817116,124.95896911621094,8309500,0.0,0.0,0.0,XLV
2022-08-01,124.26058219539814,124.94011864061638,123.75092266086942,124.03406524658205,7665400,0.0,0.0,0.0,XLV
2022-08-02,124.33609394480366,125.33651864900192,123.524426173264,123.59048461914062,7935100,0.0,0.0,0.0,XLV
2022-08-03,124.26059300674376,125.21382491364145,123.92082475457296,124.7230453491211,6825700,0.0,0.0,0.0,XLV
2022-08-04,125.01565751667974,125.04397034265293,123.91139969878968,124.10960388183594,5493000,0.0,0.0,0.0,XLV
2022-08-05,123.33562589999516,124.1189806678918,123.04305056283938,124.0623550415039,8883400,0.0,0.0,0.0,XLV
2022-08-08,124.29832431587154,125.17606486671592,123.72260635493524,124.35494995117188,7075100,0.0,0.0,0.0,XLV
2022-08-09,124.51539017079278,125.10998812537376,123.68485687689044,123.97743225097656,5802500,0.0,0.0,0.0,XLV
2022-08-10,125.29878220657174,125.4214807164491,124.60037998415248,125.32709503173828,6736300,0.0,0.0,0.0,XLV
2022-08-11,124.94957296604404,126.1765147812911,124.25115638783076,124.51541900634766,8471400,0.0,0.0,0.0,XLV
2022-08-12,124.8174126290979,126.16703823113627,124.60977570551826,126.11041259765624,7515500,0.0,0.0,0.0,XLV
2022-08-15,126.04438801998744,126.91268156947751,125.5913684292172,126.74279022216795,7486100,0.0,0.0,0.0,XLV
2022-08-16,126.46908035741548,126.82772862652462,125.91224234049557,126.40300750732422,7138400,0.0,0.0,0.0,XLV
2022-08-17,125.6668472290039,126.3935765846827,125.47809028500768,125.6668472290039,7251800,0.0,0.0,0.0,XLV
2022-08-18,125.62909297161008,125.88392274917896,124.4399113450066,125.11000061035156,7053600,0.0,0.0,0.0,XLV
2022-08-19,125.10999983217135,126.0537988826871,124.93067570837648,125.44976806640624,5946500,0.0,0.0,0.0,XLV
2022-08-22,124.67587934308206,125.0722732765896,123.39231186262457,123.8075714111328,6420400,0.0,0.0,0.0,XLV
2022-08-23,123.26017034306952,123.3923016432956,121.74065318985372,122.0804214477539,7501900,0.0,0.0,0.0,XLV
2022-08-24,122.20310197435894,122.70331433927892,121.78782807112772,122.23141479492188,6719500,0.0,0.0,0.0,XLV
2022-08-25,122.75049930488638,123.61879268269256,121.89163873291936,123.58104705810548,5636600,0.0,0.0,0.0,XLV
2022-08-26,123.61879837029424,123.6282455777984,120.0418062253425,120.1361846923828,9044500,0.0,0.0,0.0,XLV
2022-08-29,119.40946252966376,120.04181341801564,118.6733003617782,119.29621124267578,6727700,0.0,0.0,0.0,XLV
2022-08-30,119.72091201826036,119.72091201826036,118.2108349283605,118.50341033935548,7910500,0.0,0.0,0.0,XLV
2022-08-31,118.89037095880072,119.63597309418756,117.72949492506793,117.74837493896484,8954500,0.0,0.0,0.0,XLV
2022-09-01,117.55960345325568,119.73978408265174,117.39915934824045,119.6831512451172,11212400,0.0,0.0,0.0,XLV
2022-09-02,120.3721370365911,120.48539551983282,117.4557940985037,117.96544647216795,9730300,0.0,0.0,0.0,XLV
2022-09-06,118.42790543786764,119.56046139348004,117.74836898425416,118.07869720458984,9663400,0.0,0.0,0.0,XLV
2022-09-07,118.05039495907783,120.20225578784373,117.672873873189,120.00405883789062,9038300,0.0,0.0,0.0,XLV
2022-09-08,119.56047699071075,122.1276046383671,119.31508719475691,122.08985900878906,9394800,0.0,0.0,0.0,XLV
2022-09-09,122.3918569607703,123.496114550046,122.16535439987764,123.16577911376952,8880400,0.0,0.0,0.0,XLV
2022-09-12,123.63769922262291,124.628691295112,123.3073637313821,123.98690032958984,7982400,0.0,0.0,0.0,XLV
2022-09-13,122.01434848570491,122.28805829385814,119.56991223313672,119.89080047607422,11928500,0.0,0.0,0.0,XLV
2022-09-14,120.28719164608628,120.99504096656294,119.16407562068196,119.95686340332033,8080100,0.0,0.0,0.0,XLV
2022-09-15,120.47596426244888,121.77840451154952,120.35326576320531,120.62696838378906,8624200,0.0,0.0,0.0,XLV
2022-09-16,120.24944004360393,120.55145545064202,119.36226663516037,120.28718566894533,10810100,0.0,0.0,0.0,XLV
2022-09-19,119.525366289115,119.66750191152944,117.93346322257322,119.63907623291016,9430100,0.506,0.0,0.0,XLV
2022-09-20,118.8336395601782,119.01367125102908,117.50705259062325,118.2366714477539,9010600,0.0,0.0,0.0,XLV
2022-09-21,118.71045453844926,119.49693199368794,116.2467971017508,116.27522277832033,11642400,0.0,0.0,0.0,XLV
2022-09-22,116.09518867524103,117.68709169309736,115.6024600591674,116.89114379882812,9505600,0.0,0.0,0.0,XLV
2022-09-23,116.26574128939129,116.50263155870896,114.8443996734852,116.29417419433594,16611100,0.0,0.0,0.0,XLV
2022-09-26,115.60244552351104,116.16150306047884,114.67383253430798,115.18551635742188,10450600,0.0,0.0,0.0,XLV
2022-09-27,115.99095610248096,116.73952299923572,114.37062028229248,114.83493041992188,13239900,0.0,0.0,0.0,XLV
2022-09-28,116.44578994683836,117.93346067340768,115.69721576566656,117.3459701538086,16360000,0.0,0.0,0.0,XLV
2022-09-29,116.99538368445836,117.27964770969504,115.57404187032012,116.36051940917967,10791700,0.0,0.0,0.0,XLV
2022-09-30,116.36996798861308,117.17540064900416,114.62645916037344,114.75911712646484,12389800,0.0,0.0,0.0,XLV
2022-10-03,115.59297917778984,117.5639080453792,115.2423861896278,117.1185531616211,9326800,0.0,0.0,0.0,XLV
2022-10-04,118.09453469732422,119.88542455865444,117.81974111684004,119.83805084228516,13717900,0.0,0.0,0.0,XLV
2022-10-05,119.07053444322584,120.86142439121544,118.62517955776389,120.23603057861328,9913400,0.0,0.0,0.0,XLV
2022-10-06,119.79067789987585,120.16022616710562,118.3882914573931,118.70098114013672,9399300,0.0,0.0,0.0,XLV
2022-10-07,117.80080780940884,118.00927242959467,115.5266594890552,116.18995666503906,10068700,0.0,0.0,0.0,XLV
2022-10-10,116.464746904833,116.62583056873824,115.01497224173168,115.4603271484375,8377800,0.0,0.0,0.0,XLV
2022-10-11,115.22343406115174,117.30807292271804,114.92969241888233,116.07624053955078,10792900,0.0,0.0,0.0,XLV
2022-10-12,116.44580458594714,117.13752749806991,115.4792952656872,115.50772094726562,9292800,0.0,0.0,0.0,XLV
2022-10-13,113.84946667263736,118.75783341936052,113.65995011660868,118.19876861572266,14063600,0.0,0.0,0.0,XLV
2022-10-14,118.89048734739444,119.77171942231158,117.04273894292066,117.40281677246094,11442300,0.0,0.0,0.0,XLV
2022-10-17,118.15141208174624,119.52537297351496,118.00927645138296,119.28848266601562,8420400,0.0,0.0,0.0,XLV
2022-10-18,121.06041134886136,121.0983146613778,119.36427606766816,119.9517593383789,10016700,0.0,0.0,0.0,XLV
2022-10-19,119.5822136876037,119.59169132326905,117.24174373050842,118.27458190917967,7676200,0.0,0.0,0.0,XLV
2022-10-20,118.06612002980282,118.92840416233818,117.11855886226137,117.27017211914062,7196600,0.0,0.0,0.0,XLV
2022-10-21,117.18490024557336,120.22657104747984,116.55951356811497,119.90440368652344,8433100,0.0,0.0,0.0,XLV
2022-10-24,120.90879890545062,122.58597892691624,120.90879890545062,122.2164306640625,7411300,0.0,0.0,0.0,XLV
2022-10-25,121.84689657488391,123.2871937103879,121.78057480646996,123.1450653076172,7174200,0.0,0.0,0.0,XLV
2022-10-26,123.5240718812533,125.66555487148484,123.48617579711778,124.50952911376952,8277100,0.0,0.0,0.0,XLV
2022-10-27,124.79379677652769,124.8127520473705,123.66619672886188,123.85572052001952,6496800,0.0,0.0,0.0,XLV
2022-10-28,124.04524102183076,125.98774438702156,123.65673745706528,125.89298248291016,6267100,0.0,0.0,0.0,XLV
2022-10-31,125.23913967388064,126.28146259094854,124.9548684729863,125.78872680664062,7852800,0.0,0.0,0.0,XLV
2022-11-01,125.94035435558888,126.56574817690992,124.51901264820587,125.8645477294922,8033300,0.0,0.0,0.0,XLV
2022-11-02,125.57080961707524,127.00162177092098,123.65673201561847,123.72306823730467,10228700,0.0,0.0,0.0,XLV
2022-11-03,122.82287876907606,123.88415715058125,121.9511241954859,123.20191192626952,7916600,0.0,0.0,0.0,XLV
2022-11-04,124.13050125957042,124.39581720480852,122.206953427277,123.9504623413086,8082200,0.0,0.0,0.0,XLV
2022-11-07,124.14946142139256,125.6086991777001,123.68515126961348,125.27706146240234,6054400,0.0,0.0,0.0,XLV
2022-11-08,125.30549684429836,126.86896702276655,124.44321269219552,125.90245056152344,8930700,0.0,0.0,0.0,XLV
2022-11-09,125.70347303236473,126.54680192718703,124.39583394158802,124.54744720458984,8963500,0.0,0.0,0.0,XLV
2022-11-10,127.41855387785674,127.96814110094452,125.70347044404356,127.71229553222656,12416800,0.0,0.0,0.0,XLV
2022-11-11,127.55121312021456,127.57016839254509,124.5095353204872,126.1488265991211,10487200,0.0,0.0,0.0,XLV
2022-11-14,126.52785873086688,127.7691617155654,126.21516176806956,126.26254272460938,10552600,0.0,0.0,0.0,XLV
2022-11-15,127.06796454551149,127.598596511822,125.0496545334891,126.10144805908205,8184100,0.0,0.0,0.0,XLV
2022-11-16,126.4141497493409,127.2669490903245,125.82665194285438,126.04460144042967,6122200,0.0,0.0,0.0,XLV
2022-11-17,125.04963365412266,126.49940091238282,124.9454013596697,125.98772430419922,6498700,0.0,0.0,0.0,XLV
2022-11-18,127.05845831832534,127.73123302876908,126.64152914099505,127.51329803466795,6720700,0.0,0.0,0.0,XLV
2022-11-21,127.24796291820124,128.1197317795426,127.10583454876172,127.57014465332033,7995200,0.0,0.0,0.0,XLV
2022-11-22,127.8733697578942,128.7735499266869,127.85441448714964,128.67880249023438,5931100,0.0,0.0,0.0,XLV
2022-11-23,128.6977541075766,129.37998479002778,128.37557234860537,129.1904754638672,5340600,0.0,0.0,0.0,XLV
2022-11-25,129.34209883957544,130.06224011884802,129.3231435678842,129.9580078125,3256000,0.0,0.0,0.0,XLV
2022-11-28,129.56002272620688,130.32754488943942,128.72617880570758,128.9820098876953,5026800,0.0,0.0,0.0,XLV
2022-11-29,128.70723202318217,128.91569663171276,127.96813548698668,128.65985107421875,5439600,0.0,0.0,0.0,XLV
2022-11-30,128.84935607139582,131.8152269812523,128.16711091348228,131.72994995117188,9377400,0.0,0.0,0.0,XLV
2022-12-01,132.48798081436482,132.8101480717799,131.3982770315084,132.10894775390625,15140200,0.0,0.0,0.0,XLV
2022-12-02,130.78240124808437,132.6301427016646,130.78240124808437,132.45010375976562,7779800,0.0,0.0,0.0,XLV
2022-12-05,131.59728807739205,131.90050010602326,130.73500402019363,131.18035888671875,6921500,0.0,0.0,0.0,XLV
2022-12-06,130.93399174554884,131.35092096167844,129.54109016785856,130.1854248046875,8171500,0.0,0.0,0.0,XLV
2022-12-07,130.18541590605926,131.63518319846332,130.14751982474488,131.25616455078125,7427000,0.0,0.0,0.0,XLV
2022-12-08,131.4835668732627,132.59221157330654,131.2277357984609,132.44061279296875,6765000,0.0,0.0,0.0,XLV
2022-12-09,132.260579859364,132.6585537856849,130.70658023621996,130.74447631835938,6203000,0.0,0.0,0.0,XLV
2022-12-12,130.8297505662209,132.1373748779297,130.8297505662209,132.1373748779297,5669700,0.0,0.0,0.0,XLV
2022-12-13,133.93776149470003,134.33573540450809,131.62571019698575,132.5448455810547,9886500,0.0,0.0,0.0,XLV
2022-12-14,132.48801044367642,133.87144166249715,131.635196710898,132.75332641601562,10882200,0.0,0.0,0.0,XLV
2022-12-15,131.56885697847213,131.9004946692856,129.85375934050802,130.3180694580078,8746700,0.0,0.0,0.0,XLV
2022-12-16,129.33259268391598,129.41786969500112,127.71225718013858,128.4229278564453,10843900,0.0,0.0,0.0,XLV
2022-12-19,128.3810782531974,128.61894434158012,127.36301894438007,127.94341278076172,6801600,0.556,0.0,0.0,XLV
2022-12-20,127.99098247306804,128.40962909050398,127.2202987083306,127.91486358642578,4815500,0.0,0.0,0.0,XLV
2022-12-21,128.69508089021502,129.99859710577886,128.29546754908458,129.59898376464844,5937500,0.0,0.0,0.0,XLV
2022-12-22,128.87584073562164,129.45623455828328,127.743595858774,129.41818237304688,5483300,0.0,0.0,0.0,XLV
2022-12-23,129.29450979827536,129.61800424259224,128.54285923433952,129.49432373046875,3766900,0.0,0.0,0.0,XLV
2022-12-27,129.74170988882528,129.8463715726911,128.64753143602562,129.16131591796875,7050500,0.0,0.0,0.0,XLV
2022-12-28,129.58942376320934,130.21739363230458,128.27641301296413,128.323974609375,5054200,0.0,0.0,0.0,XLV
2022-12-29,129.12325872276696,130.3886937811451,128.8282925209695,129.72267150878906,6297300,0.0,0.0,0.0,XLV
2022-12-30,129.28498197834998,129.41818640812087,127.94341374539007,129.25643920898438,6369500,0.0,0.0,0.0,XLV
2023-01-03,129.36110818381394,129.71314537135763,127.90535427288532,128.8853759765625,7239200,0.0,0.0,0.0,XLV
2023-01-04,129.6085005401842,129.94151893579468,128.39062709288373,129.22792053222656,8469800,0.0,0.0,0.0,XLV
2023-01-05,128.37161844777285,128.68560354796662,127.40112036701024,127.9053955078125,6714200,0.0,0.0,0.0,XLV
2023-01-06,128.76169536656948,129.43722704627612,127.1251752290261,129.08518981933594,7175700,0.0,0.0,0.0,XLV
2023-01-09,129.21837131772412,129.25643802199136,126.7540821304962,126.9253387451172,7719500,0.0,0.0,0.0,XLV
2023-01-10,126.87780081591244,128.1908119942468,126.68749629545547,127.9910125732422,7675200,0.0,0.0,0.0,XLV
2023-01-11,128.0766166972035,128.7331294214247,127.48671344619603,128.71409606933594,7307200,0.0,0.0,0.0,XLV
2023-01-12,128.43818184942987,128.83779514674288,127.05854688423236,128.3049774169922,7580500,0.0,0.0,0.0,XLV
2023-01-13,127.60089563686876,129.26595839392078,127.54381009382392,128.8758544921875,6334100,0.0,0.0,0.0,XLV
2023-01-17,128.80926124789113,129.02809400521096,128.10517233183327,128.2764434814453,6664100,0.0,0.0,0.0,XLV
2023-01-18,128.27641873792885,128.60942251862602,126.34493292983836,126.4686279296875,10629100,0.0,0.0,0.0,XLV
2023-01-19,126.0975785678326,127.27739967655523,125.8406791090392,126.77312469482422,9902300,0.0,0.0,0.0,XLV
2023-01-20,127.05855466982436,127.50574411716572,126.08807139610906,127.41060638427734,5962200,0.0,0.0,0.0,XLV
2023-01-23,127.48673521808378,128.56188024451194,127.20129296078038,127.84828186035156,7211000,0.0,0.0,0.0,XLV
2023-01-24,127.21082638436528,127.95296768248036,126.18324277508307,127.00150299072266,5754800,0.0,0.0,0.0,XLV
2023-01-25,126.1546736240331,127.0680859251856,125.79312698911932,127.03954315185548,5999000,0.0,0.0,0.0,XLV
2023-01-26,127.33448269698634,127.44865377943556,126.28786604721964,127.27739715576172,6861100,0.0,0.0,0.0,XLV
2023-01-27,127.08711383699196,127.22031827955944,126.24982047331312,126.41156768798828,5854600,0.0,0.0,0.0,XLV
2023-01-30,126.17367881221024,126.96339590717318,125.0795006969611,125.26979064941406,7055400,0.0,0.0,0.0,XLV
2023-01-31,125.55523907366756,126.90631667684384,125.4315440652423,126.88728332519533,6290600,0.0,0.0,0.0,XLV
2023-02-01,126.88729761373104,128.26691814063983,125.9358331788705,127.48672485351562,11843000,0.0,0.0,0.0,XLV
2023-02-02,126.55429352844988,126.79215966399418,125.71701460370764,126.62090301513672,11274600,0.0,0.0,0.0,XLV
2023-02-03,126.70650043951656,127.11563764233838,125.8311550163685,126.2498016357422,10046800,0.0,0.0,0.0,XLV
2023-02-06,126.06902361672049,126.3354324674362,125.37445872151122,125.54571533203124,7328300,0.0,0.0,0.0,XLV
2023-02-07,125.10806842493731,126.72555512079062,124.670388380598,126.35448455810548,7551000,0.0,0.0,0.0,XLV
2023-02-08,125.89780062695124,126.6875034550512,125.79313894206368,125.98342895507812,5614100,0.0,0.0,0.0,XLV
2023-02-09,126.29740228988764,126.78264395577568,124.67990103386876,124.87971496582033,8085700,0.0,0.0,0.0,XLV
2023-02-10,125.0509752059281,126.19274424732536,124.87971856063638,126.05953979492188,6198600,0.0,0.0,0.0,XLV
2023-02-13,126.07852645505623,127.11563355357936,126.07852645505623,127.10610961914062,6300300,0.0,0.0,0.0,XLV
2023-02-14,127.2774062557421,127.5057484369664,125.71700510519489,126.35448455810548,6905900,0.0,0.0,0.0,XLV
2023-02-15,125.85971353359898,126.03098468031703,125.29835300473566,125.72650909423828,6491900,0.0,0.0,0.0,XLV
2023-02-16,124.57524347391283,125.58380806719076,124.20417288934144,124.47059631347656,8008000,0.0,0.0,0.0,XLV
2023-02-17,123.88067172925804,125.81214345186368,123.76650063809184,125.58380126953124,10798800,0.0,0.0,0.0,XLV
2023-02-21,124.67040079192223,125.18419978721847,123.77602177790044,123.95680236816406,9066200,0.0,0.0,0.0,XLV
2023-02-22,124.08999812384374,124.3849497954,123.2812620112211,123.53814697265624,7318900,0.0,0.0,0.0,XLV
2023-02-23,123.5096012679614,124.49913245288106,122.96727406627303,123.87116241455078,9955500,0.0,0.0,0.0,XLV
2023-02-24,122.8245409360942,123.06240704582476,121.91114320491825,122.27268981933594,9008000,0.0,0.0,0.0,XLV
2023-02-27,122.93873392142744,123.28126172072994,121.62570827106852,121.90162658691406,6463900,0.0,0.0,0.0,XLV
2023-02-28,121.62570410004258,121.70182299929894,120.89307239812116,120.99773406982422,10282800,0.0,0.0,0.0,XLV
2023-03-01,120.41732540711996,121.0643214533026,120.27461156237862,120.79791259765624,11101000,0.0,0.0,0.0,XLV
2023-03-02,120.25559399512734,121.88260462970922,120.25559399512734,121.54006958007812,10203100,0.0,0.0,0.0,XLV
2023-03-03,122.10142344387437,122.94822614620205,121.49248683229258,122.90065002441406,10048000,0.0,0.0,0.0,XLV
2023-03-06,122.98628838275783,123.40493505959212,122.55813228806646,122.84357452392578,8153400,0.0,0.0,0.0,XLV
2023-03-07,123.09095588312626,123.23368426691496,120.65520912236974,120.86453247070312,9604400,0.0,0.0,0.0,XLV
2023-03-08,120.6171349605968,120.98821274317288,119.7322728063552,120.21752166748048,10793200,0.0,0.0,0.0,XLV
2023-03-09,120.6837455343559,120.8835594538497,118.51440778251374,118.9996566772461,13270300,0.0,0.0,0.0,XLV
2023-03-10,118.79985224538918,119.78937614812632,117.6676072228067,118.1243133544922,20483200,0.0,0.0,0.0,XLV
2023-03-13,117.74372981385518,120.8550154803879,117.60100868953396,119.22801208496094,21294200,0.0,0.0,0.0,XLV
2023-03-14,120.03676317799156,120.66472596475234,119.09480810920353,120.2936553955078,14582900,0.0,0.0,0.0,XLV
2023-03-15,118.99964207451892,120.36023634091048,118.78080208716928,120.18897247314452,17244600,0.0,0.0,0.0,XLV
2023-03-16,119.28509756064123,121.36879971494496,118.95207920465482,121.31171417236328,16011400,0.0,0.0,0.0,XLV
2023-03-17,121.20704393211544,121.30218891605465,119.37071743161115,119.75130462646484,15071400,0.0,0.0,0.0,XLV
2023-03-20,119.95093399717824,121.45055915264533,119.95093399717824,121.26907348632812,10592100,0.489,0.0,0.0,XLV
2023-03-21,121.73711474549177,122.1478405026139,121.00163281583204,122.00457000732422,8816300,0.0,0.0,0.0,XLV
2023-03-22,122.07145363641564,122.5203873676526,120.1419947005562,120.16110229492188,10480000,0.0,0.0,0.0,XLV
2023-03-23,120.65778211884782,121.3837176190433,119.24411901714204,119.93184661865234,10092300,0.0,0.0,0.0,XLV
2023-03-24,119.81722961228856,121.70847321959567,119.3682959142416,121.59385681152344,8163700,0.0,0.0,0.0,XLV
2023-03-27,122.45350210899367,123.0075056747734,121.94726023548884,122.09053802490234,9455400,0.0,0.0,0.0,XLV
2023-03-28,121.9663531971584,122.40572573381004,121.05893216466116,121.35504150390624,8037400,0.0,0.0,0.0,XLV
2023-03-29,121.95681719555166,122.10964149745628,121.16401972265092,121.68936920166016,8183100,0.0,0.0,0.0,XLV
2023-03-30,122.3484344482422,122.38664963268822,121.5747445736682,122.3484344482422,6820400,0.0,0.0,0.0,XLV
2023-03-31,122.75916845897554,123.72389053869524,122.69229917309448,123.65703582763672,9202500,0.0,0.0,0.0,XLV
2023-04-03,123.75253755756287,125.18530083198632,123.40867378870836,125.04203033447266,8937300,0.0,0.0,0.0,XLV
2023-04-04,125.17575004850738,125.78706177505644,124.8318862913972,125.06111907958984,9052600,0.0,0.0,0.0,XLV
2023-04-05,125.7584310373277,127.43953495391295,125.61514594326954,127.2198486328125,12325800,0.0,0.0,0.0,XLV
2023-04-06,127.71654277362596,128.0986072042924,127.10523093966545,127.5350570678711,8276300,0.0,0.0,0.0,XLV
2023-04-10,127.1911640305359,127.51592017947804,126.52254414306078,127.44905090332033,8024300,0.0,0.0,0.0,XLV
2023-04-11,127.74518987850514,128.3469405950959,127.66877408159364,127.87891387939452,8887500,0.0,0.0,0.0,XLV
2023-04-12,128.37559446362476,128.8531822623359,127.68786686749488,127.9171142578125,8988600,0.0,0.0,0.0,XLV
2023-04-13,128.46157831939252,129.7224025975415,128.18456921919832,129.57913208007812,9373500,0.0,0.0,0.0,XLV
2023-04-14,129.28299953229046,129.5599939924666,128.0603761549512,128.5379638671875,6632100,0.0,0.0,0.0,XLV
2023-04-17,128.57616232705664,128.71943280841015,127.7642573998665,128.43289184570312,7187000,0.0,0.0,0.0,XLV
2023-04-18,128.69080713214612,128.69080713214612,127.38222119739632,127.55414581298828,7194200,0.0,0.0,0.0,XLV
2023-04-19,127.59235995131,128.13680247103443,127.20073445258168,127.94577026367188,7048100,0.0,0.0,0.0,XLV
2023-04-20,127.33444023206806,127.61144928170002,126.8186518885226,127.42040252685548,6672000,0.0,0.0,0.0,XLV
2023-04-21,128.11769698404575,128.70990114168234,127.71652501518015,128.2800750732422,6535900,0.0,0.0,0.0,XLV
2023-04-24,128.41378710701062,129.0346453064173,128.08903095885393,128.99644470214844,6299800,0.0,0.0,0.0,XLV
2023-04-25,128.80543279279507,129.19704370372943,127.4395241344887,127.62100982666016,7752000,0.0,0.0,0.0,XLV
2023-04-26,126.49388053230008,126.5798574014886,125.05157081912384,125.80616760253906,10128800,0.0,0.0,0.0,XLV
2023-04-27,125.8634821832038,126.64671852965012,124.7650215917782,126.4652328491211,10008900,0.0,0.0,0.0,XLV
2023-04-28,126.31241617219692,127.9075575436447,126.11182289982052,127.54458618164062,7917300,0.0,0.0,0.0,XLV
2023-05-01,127.7260865010642,128.71946274405337,127.47774608402278,128.20367431640625,6793900,0.0,0.0,0.0,XLV
2023-05-02,127.99351432954896,128.805419317538,126.73267569994074,127.64965057373048,14365800,0.0,0.0,0.0,XLV
2023-05-03,128.24186621955283,128.85317799868233,127.29625173728112,127.4777374267578,8961500,0.0,0.0,0.0,XLV
2023-05-04,126.94282060848306,127.01923639895958,125.93033689060717,126.4652328491211,9625300,0.0,0.0,0.0,XLV
2023-05-05,127.2962343741072,128.04127004783538,126.87595485050248,127.60188293457033,7650300,0.0,0.0,0.0,XLV
2023-05-08,127.41085242908404,127.44905303408396,126.73267144806508,127.32489013671876,5305700,0.0,0.0,0.0,XLV
2023-05-09,126.83777221640688,127.43953755914028,126.43660017952604,126.47481536865234,6452700,0.0,0.0,0.0,XLV
2023-05-10,126.83777069188363,127.14343390192326,126.08318832618735,126.8282241821289,6556600,0.0,0.0,0.0,XLV
2023-05-11,126.56076195965416,126.63717775358964,125.64378700725103,126.43658447265624,8764800,0.0,0.0,0.0,XLV
2023-05-12,126.62761213080375,126.8950600817961,125.70109080957305,126.26464080810548,6626800,0.0,0.0,0.0,XLV
2023-05-15,126.28376917449437,126.36973147828068,125.50051820713642,126.04497528076172,5725600,0.0,0.0,0.0,XLV
2023-05-16,125.77751435688644,125.82527605122247,124.96562385246447,124.99427795410156,7106000,0.0,0.0,0.0,XLV
2023-05-17,125.20441055593864,125.30948044751229,123.75253966550896,125.14710235595705,15512700,0.0,0.0,0.0,XLV
2023-05-18,124.8796382129252,125.0420162834681,123.87670111856474,124.84142303466795,12196900,0.0,0.0,0.0,XLV
2023-05-19,125.12800068607032,126.2646619555719,125.07069248337656,125.42410278320312,9277000,0.0,0.0,0.0,XLV
2023-05-22,125.60559464349646,126.4270462637016,125.25218432631377,125.54828643798828,12856100,0.0,0.0,0.0,XLV
2023-05-23,125.04204965579468,125.2235353639027,123.89584177410984,124.17283630371094,8723100,0.0,0.0,0.0,XLV
2023-05-24,123.934027527867,123.96268162836164,123.03616017950858,123.32271575927734,7952900,0.0,0.0,0.0,XLV
2023-05-25,122.73050926339803,122.89288735474004,121.2213301749688,122.06188201904295,13737000,0.0,0.0,0.0,XLV
2023-05-26,121.94726923039067,123.09347705542166,121.5843051195269,121.81354522705078,8794900,0.0,0.0,0.0,XLV
2023-05-30,121.2022301276382,122.13830541303705,120.75329643399851,121.05895233154295,12114500,0.0,0.0,0.0,XLV
2023-05-31,120.724627385103,122.31022216739456,120.39987122241322,122.10008239746094,15099100,0.0,0.0,0.0,XLV
2023-06-01,122.21470774615848,123.14122918835596,121.26908599957213,122.90243530273438,9751900,0.0,0.0,0.0,XLV
2023-06-02,123.29405461754178,124.69816376088096,123.007499054138,124.47847747802734,10293000,0.0,0.0,0.0,XLV
2023-06-05,124.75547408556004,125.49096331004412,124.60264250582956,124.92739868164062,7880200,0.0,0.0,0.0,XLV
2023-06-06,125.43365522658306,125.47185583413996,123.34181852341784,123.88626098632812,9413500,0.0,0.0,0.0,XLV
2023-06-07,123.78120381841848,123.9531430071494,123.21765370640102,123.39913940429688,7519600,0.0,0.0,0.0,XLV
2023-06-08,123.41825795608248,124.36387256618514,123.00752482834967,124.19194793701172,6583100,0.0,0.0,0.0,XLV
2023-06-09,124.22057958885952,125.00381593823047,123.54239855511156,124.57398986816406,10446100,0.0,0.0,0.0,XLV
2023-06-12,124.5071531457338,125.05159569317756,124.02000423111032,125.02294158935548,7321100,0.0,0.0,0.0,XLV
2023-06-13,124.7459293671004,125.84437539067662,124.62175188493512,125.6533432006836,8362700,0.0,0.0,0.0,XLV
2023-06-14,125.0133804062416,125.11845029953136,123.8862656805132,124.36385345458984,12401600,0.0,0.0,0.0,XLV
2023-06-15,124.3734294957934,126.4652519549725,124.35432190158213,126.29332733154295,10598600,0.0,0.0,0.0,XLV
2023-06-16,126.61807040262464,127.277143873604,126.15004370425908,126.28376770019533,10535000,0.0,0.0,0.0,XLV
2023-06-20,125.07722803187976,126.69812224859866,125.05804178176132,126.14183807373048,8585100,0.542,0.0,0.0,XLV
2023-06-21,125.83491005188144,126.59261322644538,125.24985384974248,126.16100311279295,9444800,0.0,0.0,0.0,XLV
2023-06-22,126.35280534498918,127.20641028614916,126.18975885452228,127.02417755126952,8036400,0.0,0.0,0.0,XLV
2023-06-23,126.85154314367294,127.1200920526956,126.25690122152534,126.60218048095705,8096500,0.0,0.0,0.0,XLV
2023-06-26,126.2856816666733,126.4871006792358,124.66478766424848,125.8828582763672,7092800,0.0,0.0,0.0,XLV
2023-06-27,125.8828508190282,126.0171252745091,124.72232438358616,125.5951156616211,8578200,0.0,0.0,0.0,XLV
2023-06-28,125.56635022304556,125.59512227681994,124.7894755015004,125.19229888916016,10897800,0.0,0.0,0.0,XLV
2023-06-29,124.90456308772552,126.08427582580964,124.69355827123007,126.0075454711914,7843300,0.0,0.0,0.0,XLV
2023-06-30,126.51588466865422,127.59966628476216,126.43915430590688,127.3023452758789,8260900,0.0,0.0,0.0,XLV
2023-07-03,126.93788500394685,126.93788500394685,125.71981436656372,126.25691223144533,5240300,0.0,0.0,0.0,XLV
2023-07-05,125.98834693958956,126.45831482774588,125.70061179653096,126.18976593017578,7942100,0.0,0.0,0.0,XLV
2023-07-06,125.34576289023744,125.65266968349496,124.866209134982,125.1827163696289,8213100,0.0,0.0,0.0,XLV
2023-07-07,124.49214235586368,124.93332356049918,123.65770897350107,123.724853515625,8749700,0.0,0.0,0.0,XLV
2023-07-10,123.73446276106364,124.8566168656296,123.72487695386604,124.7031707763672,7476500,0.0,0.0,0.0,XLV
2023-07-11,124.53051457895845,125.13475698851404,124.18523529275797,124.73193359375,7278300,0.0,0.0,0.0,XLV
2023-07-12,125.0484256078477,125.16351381096914,124.19482062012344,124.39622497558594,11900400,0.0,0.0,0.0,XLV
2023-07-13,124.71275518451476,125.02926243632685,124.31951757152216,124.44420623779295,7526200,0.0,0.0,0.0,XLV
2023-07-14,125.38411769172092,126.7172765134066,125.24984322891872,126.314453125,13298600,0.0,0.0,0.0,XLV
2023-07-17,125.9787676428252,126.24731655426962,125.26902287125466,125.7389907836914,7905000,0.0,0.0,0.0,XLV
2023-07-18,125.78695021018969,127.14889581937672,125.55677376286108,126.66934204101562,8130300,0.0,0.0,0.0,XLV
2023-07-19,127.29272887383831,128.05041724227522,127.03376579116028,127.25435638427734,12484000,0.0,0.0,0.0,XLV
2023-07-20,128.10798205179535,129.89190776092698,128.01206545816106,129.36441040039062,12650200,0.0,0.0,0.0,XLV
2023-07-21,129.48909524918218,131.07163136770936,129.26850462713972,130.66880798339844,11308900,0.0,0.0,0.0,XLV
2023-07-24,130.66882346108838,131.25387967696753,130.26600002906312,130.38108825683594,12034000,0.0,0.0,0.0,XLV
2023-07-25,129.50828487355437,130.8510295229377,129.33565254784182,130.3235321044922,7802900,0.0,0.0,0.0,XLV
2023-07-26,129.7000696386483,130.65917689100647,129.36439088121207,130.23716735839844,8205300,0.0,0.0,0.0,XLV
2023-07-27,130.42901672558838,130.89896997136486,129.2493041215139,129.278076171875,8800800,0.0,0.0,0.0,XLV
2023-07-28,129.67132897037223,129.88233378773623,128.9232263032885,129.6617431640625,6897600,0.0,0.0,0.0,XLV
2023-07-31,129.431519065372,129.47947735431808,128.1846767268489,128.6642303466797,9735900,0.0,0.0,0.0,XLV
2023-08-01,128.36694838523871,128.8369163437754,127.6763897924099,127.9928970336914,10555300,0.0,0.0,0.0,XLV
2023-08-02,128.02166426592544,128.89445559826208,127.73392909061656,128.07920837402344,13873000,0.0,0.0,0.0,XLV
2023-08-03,127.657204977744,127.82025148490956,127.18723706780705,127.43659973144533,11863400,0.0,0.0,0.0,XLV
2023-08-04,127.47497110759636,128.26143158437768,126.66932438460542,126.9858169555664,12631200,0.0,0.0,0.0,XLV
2023-08-07,127.36949591997475,128.57796626266807,127.30235136130352,128.45327758789062,8165600,0.0,0.0,0.0,XLV
2023-08-08,129.26849990086856,129.60419335959682,128.55875512504048,129.44114685058594,12601200,0.0,0.0,0.0,XLV
2023-08-09,129.3260406465256,130.10291531302872,129.2397244913181,129.40277099609375,9833600,0.0,0.0,0.0,XLV
2023-08-10,129.71929068303987,130.9469471246336,129.18219281919505,129.31646728515625,9541700,0.0,0.0,0.0,XLV
2023-08-11,129.27811194400508,130.27559208192395,128.97120511029084,130.12213134765625,7674400,0.0,0.0,0.0,XLV
2023-08-14,130.14128378717282,130.9277442350337,130.02619558378277,130.5153350830078,8723300,0.0,0.0,0.0,XLV
2023-08-15,130.18924255530595,130.57287965787458,129.8919069707753,130.03578186035156,9118500,0.0,0.0,0.0,XLV
2023-08-16,129.82478730427005,130.24679693127473,129.0191405444349,129.04791259765625,9462400,0.0,0.0,0.0,XLV
2023-08-17,128.58756736512186,129.03833448854073,127.96413862285632,128.0216827392578,11163800,0.0,0.0,0.0,XLV
2023-08-18,127.77230486514262,128.40531934010454,127.65721664599292,128.0696258544922,9463000,0.0,0.0,0.0,XLV
2023-08-21,128.02167042395362,128.3573639170978,127.61884701307235,128.2039031982422,6872400,0.0,0.0,0.0,XLV
2023-08-22,128.01206061934965,128.31896736470708,127.68596762902712,127.75309753417967,6939400,0.0,0.0,0.0,XLV
2023-08-23,128.52040166247698,128.80813683196865,127.76271319647364,128.1367645263672,7276800,0.0,0.0,0.0,XLV
2023-08-24,127.88736829722764,128.8944339240564,127.02417755126952,127.02417755126952,10241700,0.0,0.0,0.0,XLV
2023-08-25,127.43658739148437,128.40529516971378,127.00499201609514,127.95451354980467,8509100,0.0,0.0,0.0,XLV
2023-08-28,128.40529173711087,128.81770085695547,127.781863202822,128.2518310546875,6768400,0.0,0.0,0.0,XLV
2023-08-29,128.424477332622,129.40277099609375,128.25184502220696,129.40277099609375,10737000,0.0,0.0,0.0,XLV
2023-08-30,129.71929398055403,130.1125315818721,129.19178190986145,129.306884765625,7892700,0.0,0.0,0.0,XLV
2023-08-31,129.32606894014066,129.39321349875917,127.73394676662116,127.76273345947266,7540200,0.0,0.0,0.0,XLV
2023-09-01,128.75058667211908,128.75058667211908,127.77229299576712,128.1079864501953,10183900,0.0,0.0,0.0,XLV
2023-09-05,128.1751036485605,128.27102023597556,126.7844009399414,126.7844009399414,11042600,0.0,0.0,0.0,XLV
2023-09-06,126.63096230039106,126.75565095877556,125.48003622511742,126.09386444091795,12840000,0.0,0.0,0.0,XLV
2023-09-07,126.4774962446794,127.20642728158688,126.38159427943576,126.65972900390624,11055700,0.0,0.0,0.0,XLV
2023-09-08,126.3911800855146,127.0433807693361,126.36240803245964,126.65972900390624,8716900,0.0,0.0,0.0,XLV
2023-09-11,126.60216595163683,127.78186385480129,126.582979707532,127.53250122070312,7179000,0.0,0.0,0.0,XLV
2023-09-12,127.14889331180775,127.70516280509464,126.45833471380104,127.3694839477539,6941700,0.0,0.0,0.0,XLV
2023-09-13,127.06256418538518,127.89699770595098,127.02420632268804,127.388671875,6430300,0.0,0.0,0.0,XLV
2023-09-14,128.10797293396286,128.18468864162926,127.4078140468632,127.79146575927734,6433300,0.0,0.0,0.0,XLV
2023-09-15,127.4845451966584,128.08878750077687,126.69808479215776,126.7844009399414,9611900,0.0,0.0,0.0,XLV
2023-09-18,126.98663974685054,127.111839831354,126.11026854501752,126.59178924560548,6559400,0.54,0.0,0.0,XLV
2023-09-19,126.37993318592216,126.96738909455192,125.85025741669084,126.69773864746094,6252400,0.0,0.0,0.0,XLV
2023-09-20,127.25629291256776,127.61261353634949,126.68810200036292,126.70736694335938,6350700,0.0,0.0,0.0,XLV
2023-09-21,126.46660724622063,126.67846284090076,125.54208101057532,125.59986114501952,7979500,0.0,0.0,0.0,XLV
2023-09-22,125.43614614145478,126.08138213557632,125.19538578417752,125.33983612060548,7790300,0.0,0.0,0.0,XLV
2023-09-25,125.21466921235728,126.06213580258674,124.86797365890264,126.02362060546876,6826300,0.0,0.0,0.0,XLV
2023-09-26,125.4457891582662,125.85026485280191,124.85833321492544,124.95464324951172,8200700,0.0,0.0,0.0,XLV
2023-09-27,125.18578073798672,125.3109661513535,123.41377305613916,124.32867431640624,9888600,0.0,0.0,0.0,XLV
2023-09-28,124.54051717370686,125.2820484492221,124.54051717370686,124.92572784423828,9129000,0.0,0.0,0.0,XLV
2023-09-29,125.19541418531594,125.31097448067366,123.78936691411636,123.98198699951172,12692700,0.0,0.0,0.0,XLV
2023-10-02,123.58711358528768,123.84713889669597,122.36404680406017,123.80860900878906,16035100,0.0,0.0,0.0,XLV
2023-10-03,123.2018846699481,123.46190261101736,122.19068827678647,122.71073150634766,11971100,0.0,0.0,0.0,XLV
2023-10-04,122.81667344283674,123.40412930795544,122.23885004937888,123.23078155517578,10064300,0.0,0.0,0.0,XLV
2023-10-05,123.51006433988128,124.12641027199015,122.80704085775108,123.90491485595705,9609700,0.0,0.0,0.0,XLV
2023-10-06,123.5582319229238,125.59987527549058,123.4908119619232,125.20502471923828,10692400,0.0,0.0,0.0,XLV
2023-10-09,124.8583212788564,125.75395749137468,124.3575502924547,125.63839721679688,8047600,0.0,0.0,0.0,XLV
2023-10-10,125.59987034706089,126.8036722189981,125.16650461213288,126.23548126220705,8154900,0.0,0.0,0.0,XLV
2023-10-11,126.3895663702004,126.5917968474778,125.11834459078509,125.67691040039062,9591800,0.0,0.0,0.0,XLV
2023-10-12,125.77321646714609,126.01397682432297,124.501994727726,124.59830474853516,10927700,0.0,0.0,0.0,XLV
2023-10-13,125.06057435177225,126.10066097319414,124.67536361562236,125.37837982177734,11383800,0.0,0.0,0.0,XLV
2023-10-16,125.87916792796644,127.04443997862596,125.77323276928396,126.32215881347656,10545000,0.0,0.0,0.0,XLV
2023-10-17,125.71543090957394,126.84220239572844,125.61913557650878,126.14881134033205,9149900,0.0,0.0,0.0,XLV
2023-10-18,126.32214857358083,126.67846921715255,124.82943134763818,125.05094146728516,10085700,0.0,0.0,0.0,XLV
2023-10-19,124.8871991296481,125.0220390299263,123.047793914143,123.8182373046875,15492500,0.0,0.0,0.0,XLV
2023-10-20,123.56785541238584,124.21309146913966,123.30783008672918,123.32709503173828,12296800,0.0,0.0,0.0,XLV
2023-10-23,123.24042209741836,123.65452288945232,122.44109588795467,122.5566635131836,12344200,0.0,0.0,0.0,XLV
2023-10-24,122.16181482485771,123.31746905241488,122.16181482485771,122.9322509765625,9375900,0.0,0.0,0.0,XLV
2023-10-25,122.37368198738788,122.74926758114512,120.9291197506528,121.83438110351562,11427000,0.0,0.0,0.0,XLV
2023-10-26,120.83281491524632,121.7380762519584,120.5342744094895,120.63057708740234,14699100,0.0,0.0,0.0,XLV
2023-10-27,120.2935080316002,120.4475908390787,118.0592448700666,118.58892059326172,13566100,0.0,0.0,0.0,XLV
2023-10-30,119.2052782125524,119.61938636019713,118.3481718472404,119.25343322753906,15224500,0.0,0.0,0.0,XLV
2023-10-31,119.67716187981306,120.09127001147012,118.98377818377128,119.93718719482422,13917400,0.0,0.0,0.0,XLV
2023-11-01,119.79272577138458,120.77503216816974,119.5808554761006,120.18757629394533,13802600,0.0,0.0,0.0,XLV
2023-11-02,120.64984380772717,122.2003412858718,120.33203833390084,122.09440612792967,11894000,0.0,0.0,0.0,XLV
2023-11-03,122.9322463671139,123.46191477255486,122.49887329274578,122.70111846923828,11635600,0.0,0.0,0.0,XLV
2023-11-06,123.22115096804109,123.71231151375548,122.72037264536492,123.51969146728516,8425100,0.0,0.0,0.0,XLV
2023-11-07,123.4715590530931,123.90492479569538,123.14412111746748,123.60638427734376,8241900,0.0,0.0,0.0,XLV
2023-11-08,124.12642024097134,124.12642024097134,122.68185796893202,123.43302917480467,10021100,0.0,0.0,0.0,XLV
2023-11-09,123.31746736020004,123.46191770766674,120.76540590855004,120.88096618652344,13905500,0.0,0.0,0.0,XLV
2023-11-10,121.34323062058512,121.77659636240348,119.9949710330939,121.6032485961914,10401300,0.0,0.0,0.0,XLV
2023-11-13,121.72845855840588,122.54704244118038,121.02543496418704,122.30628204345705,11373800,0.0,0.0,0.0,XLV
2023-11-14,123.00929059097272,123.95307446746966,122.70111761348006,123.13448333740234,11216900,0.0,0.0,0.0,XLV
2023-11-15,123.22114908351494,123.72193474595537,122.92260858883672,123.23078155517578,9262700,0.0,0.0,0.0,XLV
2023-11-16,123.59674460560518,124.02048522371425,123.12485632016244,123.76045989990234,7665900,0.0,0.0,0.0,XLV
2023-11-17,124.02047395276462,124.2227191184266,123.13447760216816,123.51006317138672,6766100,0.0,0.0,0.0,XLV
2023-11-20,123.02854620800817,124.53088853068397,122.9418760035876,124.26123809814452,6910000,0.0,0.0,0.0,XLV
2023-11-21,124.68498244622022,125.26281321612144,124.5308922816003,125.01241302490234,8373000,0.0,0.0,0.0,XLV
2023-11-22,125.42653152712128,125.90805228202368,125.26281623383612,125.6094970703125,6737700,0.0,0.0,0.0,XLV
2023-11-24,125.85989738460457,126.3125280702215,125.8502575647953,126.28363800048828,3708800,0.0,0.0,0.0,XLV
2023-11-27,126.01398526680502,126.4377111801538,125.26281407767506,125.49393463134766,10530200,0.0,0.0,0.0,XLV
2023-11-28,125.27243443974189,125.55170999642752,124.76202364332411,124.84869384765624,6261300,0.0,0.0,0.0,XLV
2023-11-29,124.71387424417922,125.56135546649077,124.65609410535748,124.88721466064452,6979000,0.0,0.0,0.0,XLV
2023-11-30,124.98354059614682,126.5340381962115,124.55017480497884,126.45699310302734,7743100,0.0,0.0,0.0,XLV
2023-12-01,126.2836299668448,127.0925812576076,126.1873199439627,126.95775604248048,9370900,0.0,0.0,0.0,XLV
2023-12-04,126.62067090662823,127.43926192122572,126.58215571887,127.19850158691406,6943900,0.0,0.0,0.0,XLV
2023-12-05,126.93848764819306,127.23702813822706,126.24509664786108,127.03479766845705,6581000,0.0,0.0,0.0,XLV
2023-12-06,127.31408375236298,127.554844128103,126.88071801500034,127.131103515625,6210400,0.0,0.0,0.0,XLV
2023-12-07,127.15036067005794,127.4585409856504,126.39918951935915,126.97702026367188,6396700,0.0,0.0,0.0,XLV
2023-12-08,127.06370370548407,127.4874443361496,126.42809275948578,127.18890380859376,6007600,0.0,0.0,0.0,XLV
2023-12-11,127.87261275800296,128.2674631872564,127.24664183930788,128.02670288085938,9016800,0.0,0.0,0.0,XLV
2023-12-12,128.20972254903205,128.7586485753491,127.60300168771288,128.57566833496094,6779000,0.0,0.0,0.0,XLV
2023-12-13,128.02673348922724,130.98326311730546,127.85337838585768,130.9447479248047,9074300,0.0,0.0,0.0,XLV
2023-12-14,131.38772945940048,131.46477453379148,129.8179819900756,130.3091278076172,10098700,0.0,0.0,0.0,XLV
2023-12-15,129.7024158728719,129.9528160554238,128.72012417082595,129.20164489746094,8296600,0.0,0.0,0.0,XLV
2023-12-18,129.6833638106869,129.8187926642725,129.07392658923257,129.41250610351562,5944300,0.598,0.0,0.0,XLV
2023-12-19,129.5769934534227,130.35087917617037,129.3738574920949,130.2831573486328,6358200,0.0,0.0,0.0,XLV
2023-12-20,130.2057810681254,130.28315635523197,128.38715184763163,128.39682006835938,7299000,0.0,0.0,0.0,XLV
2023-12-21,129.17069139209963,130.0606547010827,128.87081421588843,129.96392822265625,5606800,0.0,0.0,0.0,XLV
2023-12-22,130.28313395155251,131.01833189842037,130.0896662457704,130.61204528808594,5355100,0.0,0.0,0.0,XLV
2023-12-26,130.50563381214647,131.2504852058898,130.34118552674963,130.90225219726562,3688600,0.0,0.0,0.0,XLV
2023-12-27,130.75714821838704,131.54070205622315,130.7281287992554,131.45364379882812,5444100,0.0,0.0,0.0,XLV
2023-12-28,131.56008142351146,132.23722594929788,131.54073021973366,131.79225158691406,5800200,0.0,0.0,0.0,XLV
2023-12-29,131.79221395577787,132.1597981587364,131.3859273563146,131.92764282226562,5590000,0.0,0.0,0.0,XLV
2024-01-02,131.59872961842422,134.5104723473595,131.5310225664653,134.24928283691406,11785900,0.0,0.0,0.0,XLV
2024-01-03,134.69428586607216,134.97481184309484,133.86236139403977,134.0268096923828,9585000,0.0,0.0,0.0,XLV
2024-01-04,134.44276883511893,135.4294734172815,134.2106134703568,134.6942901611328,11649200,0.0,0.0,0.0,XLV
2024-01-05,134.3847335646226,135.13926804143034,134.0074663262187,134.5782012939453,9437700,0.0,0.0,0.0,XLV
2024-01-08,134.61689827746187,135.79707056765915,134.06549977241386,135.76805114746094,7999400,0.0,0.0,0.0,XLV
2024-01-09,135.62294233881246,136.93854353976366,135.30371394880504,135.7487030029297,9201300,0.0,0.0,0.0,XLV
2024-01-10,135.8260823574403,136.532246143661,135.31338628188607,136.3677978515625,9773300,0.0,0.0,0.0,XLV
2024-01-11,136.1936670922203,136.4258372022782,135.42946446598677,136.27105712890625,7182300,0.0,0.0,0.0,XLV
2024-01-12,135.89379271772918,136.551600662756,135.47783786771558,135.9324951171875,8026400,0.0,0.0,0.0,XLV
2024-01-16,135.59389668894894,135.77769615921528,134.9070841807982,135.11988830566406,7426900,0.0,0.0,0.0,XLV
2024-01-17,134.89741541717805,135.51652094189305,134.4717776013165,134.8490447998047,8337200,0.0,0.0,0.0,XLV
2024-01-18,133.68822730866168,134.95545780977855,133.0304341290995,134.8297119140625,8929300,0.0,0.0,0.0,XLV
2024-01-19,134.90707397460938,135.25532169175776,134.16220793169583,134.90707397460938,8842000,0.0,0.0,0.0,XLV
2024-01-22,135.0231687166039,135.8550931039415,134.68458917407006,135.49717712402344,7831400,0.0,0.0,0.0,XLV
2024-01-23,135.32306161969063,135.48750992043972,134.43309829529733,135.40045166015625,6407400,0.0,0.0,0.0,XLV
2024-01-24,135.75835848494546,136.08725506416292,134.14288024634678,134.1622314453125,9104900,0.0,0.0,0.0,XLV
2024-01-25,133.68823342247683,133.98811060691122,132.73056302839814,133.95909118652344,10050200,0.0,0.0,0.0,XLV
2024-01-26,134.8877148526862,135.00379249803552,134.38468712177834,134.7232666015625,5759100,0.0,0.0,0.0,XLV
2024-01-29,134.84905415433732,135.68097864469402,134.76199589341002,135.6713104248047,6229600,0.0,0.0,0.0,XLV
2024-01-30,135.8937772112013,136.22268852650365,135.24565232031537,135.98085021972656,5940300,0.0,0.0,0.0,XLV
2024-01-31,137.01594871535266,137.12235819044116,135.76806919899028,135.79708862304688,10223100,0.0,0.0,0.0,XLV
2024-02-01,135.9615356138248,137.5576629638672,135.30372756682164,137.5576629638672,8503600,0.0,0.0,0.0,XLV
2024-02-02,137.50925748818173,137.99293410932995,136.65799667219545,137.3544921875,10629200,0.0,0.0,0.0,XLV
2024-02-05,137.84782739815725,138.63138110798153,137.15133193150498,137.7801055908203,9631700,0.0,0.0,0.0,XLV
2024-02-06,138.85388793776778,139.38593521160297,138.1574071327764,139.27952575683594,10159000,0.0,0.0,0.0,XLV
2024-02-07,139.62776464095202,140.29524074552955,139.36658989096537,139.6567840576172,7884600,0.0,0.0,0.0,XLV
2024-02-08,139.52137222953343,139.52137222953343,138.78618898317902,139.4149627685547,6672400,0.0,0.0,0.0,XLV
2024-02-09,139.3569185923422,139.57940572563686,138.85389072691734,139.3085479736328,7447800,0.0,0.0,0.0,XLV
2024-02-12,139.1247558785569,139.5310424850666,138.46694797232237,139.49234008789062,6645500,0.0,0.0,0.0,XLV
2024-02-13,138.78619211566095,139.75354550615936,137.50927855509516,138.19610595703125,11170000,0.0,0.0,0.0,XLV
2024-02-14,138.67011483781656,139.44398574396578,138.39925706853603,139.3956298828125,9701100,0.0,0.0,0.0,XLV
2024-02-15,139.4923484573257,140.6821889306822,139.2892125222027,140.4113311767578,9294800,0.0,0.0,0.0,XLV
2024-02-16,140.5951243139899,141.81399891216344,140.09211122838929,140.86598205566406,8424100,0.0,0.0,0.0,XLV
2024-02-20,140.97241677428352,141.41740586429552,140.03408272936812,140.3920135498047,9120400,0.0,0.0,0.0,XLV
2024-02-21,139.93732027840818,140.74022522188696,139.53103369748615,140.70152282714844,7213500,0.0,0.0,0.0,XLV
2024-02-22,140.88533176519502,142.61688764978135,140.58545460870016,142.355712890625,9130000,0.0,0.0,0.0,XLV
2024-02-23,142.83938447492878,143.42947054800874,142.52982434974098,143.03285217285156,9194600,0.0,0.0,0.0,XLV
2024-02-26,142.94582401745288,143.27472064922856,142.17193830219537,142.29769897460938,7248300,0.0,0.0,0.0,XLV
2024-02-27,141.60119980661074,142.38475372320696,141.27228842232333,141.94944763183594,7374000,0.0,0.0,0.0,XLV
2024-02-28,141.34966507287592,141.5044451495619,140.57579421072708,141.24325561523438,8038800,0.0,0.0,0.0,XLV
2024-02-29,141.23360254491556,141.4657726848479,139.99539131989368,140.09213256835938,9435600,0.0,0.0,0.0,XLV
2024-03-01,140.41134703548434,141.65924124903108,139.7922414193552,141.5625,8741400,0.0,0.0,0.0,XLV
2024-03-04,141.15620268731382,141.8913859383715,141.01110558534225,141.34967041015625,10657800,0.0,0.0,0.0,XLV
2024-03-05,141.39803981578868,141.6302099375889,139.83093208539992,140.29525756835938,9743400,0.0,0.0,0.0,XLV
2024-03-06,140.55643414697718,141.7752939625723,140.55643414697718,141.2529296875,8085300,0.0,0.0,0.0,XLV
2024-03-07,141.60120590737117,142.24933096211714,141.40772340452187,141.91075134277344,6438300,0.0,0.0,0.0,XLV
2024-03-08,141.77529678477242,142.44277292111363,141.39802958953257,141.6495361328125,7802500,0.0,0.0,0.0,XLV
2024-03-11,141.33033572554882,141.8236806390202,140.54676708324774,141.57217407226562,7723800,0.0,0.0,0.0,XLV
2024-03-12,141.66888328391082,142.57819771841528,141.19488962894025,142.22994995117188,7143700,0.0,0.0,0.0,XLV
2024-03-13,142.7716574452173,142.87806688928234,141.1271599320072,141.67855834960938,7874200,0.0,0.0,0.0,XLV
2024-03-14,141.76562318833066,141.8720326373436,140.39198333057013,141.175537109375,9605700,0.0,0.0,0.0,XLV
2024-03-15,140.28559009052677,140.90469565796093,140.12114178862217,140.61448669433594,10570500,0.0,0.0,0.0,XLV
2024-03-18,141.19017874160315,141.3261114531134,140.50088612318865,140.5979766845703,6407000,0.523,0.0,0.0,XLV
2024-03-19,140.71449129080898,141.6173714072188,140.30673754656502,141.52999877929688,5240200,0.0,0.0,0.0,XLV
2024-03-20,141.19020416557922,141.25817053357295,140.42324192274123,141.20962524414062,8268200,0.0,0.0,0.0,XLV
2024-03-21,141.5008671861961,141.90862090916266,141.10281659451175,141.39407348632812,8865300,0.0,0.0,0.0,XLV
2024-03-22,141.59794068040475,141.95714907576382,141.02513009712575,141.19989013671875,5537200,0.0,0.0,0.0,XLV
2024-03-25,141.46203630050698,141.60765733579385,140.78243196532696,141.0057373046875,5253000,0.0,0.0,0.0,XLV
2024-03-26,141.28728570345365,141.68533631180802,140.90865617241795,141.52029418945312,6942400,0.0,0.0,0.0,XLV
2024-03-27,142.72412794951742,143.4037322998047,142.34549843541436,143.4037322998047,8797400,0.0,0.0,0.0,XLV
2024-03-28,143.60760467466832,143.90856470303308,143.37459619434986,143.4231414794922,8090200,0.0,0.0,0.0,XLV
2024-04-01,143.3357634001175,143.42313602168412,141.68532746567217,142.1998748779297,7378300,0.0,0.0,0.0,XLV
2024-04-02,140.27760026365922,140.4329244275084,139.2582085910838,139.98634338378906,10776400,0.0,0.0,0.0,XLV
2024-04-03,140.2290748015408,140.86011911883529,139.5009399059199,139.83102416992188,8453400,0.0,0.0,0.0,XLV
2024-04-04,140.7047325154563,140.79211993196185,137.7339455166391,137.81161499023438,12685700,0.0,0.0,0.0,XLV
2024-04-05,137.59806539156054,139.50093098185556,137.4815685561752,139.0446319580078,9073100,0.0,0.0,0.0,XLV
2024-04-08,138.93782461604476,138.93782461604476,138.38443507440266,138.5980224609375,9128200,0.0,0.0,0.0,XLV
2024-04-09,138.89897337062956,139.17080912234815,138.13199657447265,139.0931396484375,10534400,0.0,0.0,0.0,XLV
2024-04-10,137.70483926694544,138.09318668554673,136.98642246692685,137.46212768554688,13052700,0.0,0.0,0.0,XLV
2024-04-11,137.87962758118888,137.9087517918135,136.50102729383403,136.89906311035156,8153900,0.0,0.0,0.0,XLV
2024-04-12,136.19033007922113,136.20003321007948,134.42339735688486,134.8602752685547,13799400,0.0,0.0,0.0,XLV
2024-04-15,136.0349761604631,136.53011724472,134.3748373156708,134.5884246826172,10383600,0.0,0.0,0.0,XLV
2024-04-16,135.7534758370702,135.7534758370702,134.5496207734232,134.63699340820312,10170500,0.0,0.0,0.0,XLV
2024-04-17,135.4233681114936,135.54956806856265,134.19038904977094,134.4039764404297,8480100,0.0,0.0,0.0,XLV
2024-04-18,134.4913624246935,135.19037307923108,134.18069925264444,134.39427185058594,8105800,0.0,0.0,0.0,XLV
2024-04-19,135.0932446490043,135.277707799753,134.4136552625126,134.89907836914062,9668400,0.0,0.0,0.0,XLV
2024-04-22,135.316574761928,136.49129059961243,134.87968203468407,135.4136505126953,8531300,0.0,0.0,0.0,XLV
2024-04-23,136.71460089052684,137.43301776521523,136.09324495618316,137.18060302734375,8615500,0.0,0.0,0.0,XLV
2024-04-24,136.8796327351862,137.0349568931772,136.1320768949668,136.75341796875,7378600,0.0,0.0,0.0,XLV
2024-04-25,136.66603028893937,136.8893207777664,135.1417945710073,135.84080505371094,9693300,0.0,0.0,0.0,XLV
2024-04-26,135.33598275963325,136.2388776183862,135.23890700762075,135.87966918945312,6013800,0.0,0.0,0.0,XLV
2024-04-29,136.04471069011768,136.72430020691826,135.6563632419885,136.33595275878906,6388600,0.0,0.0,0.0,XLV
2024-04-30,136.79225108449066,137.083507965682,136.14178577772955,136.23887634277344,9677700,0.0,0.0,0.0,XLV
2024-05-01,135.63696621585,137.70485911392618,135.48162722602095,136.48159790039062,10710200,0.0,0.0,0.0,XLV
2024-05-02,137.21943477173983,137.31652534308338,135.64666825077558,136.38450622558594,8425500,0.0,0.0,0.0,XLV
2024-05-03,136.97671893741784,137.1126368447467,136.01559045485683,136.72430419921875,8539300,0.0,0.0,0.0,XLV
2024-05-06,136.84078630188742,137.31650633330705,136.5398263119045,137.2776641845703,5605100,0.0,0.0,0.0,XLV
2024-05-07,137.58836404567202,138.5397894461973,137.5689429682086,138.41358947753906,7720600,0.0,0.0,0.0,XLV
2024-05-08,138.69512526130887,138.71454633832747,137.76310614565264,137.9378662109375,5461100,0.0,0.0,0.0,XLV
2024-05-09,138.1028923124561,139.19995342067128,138.08347123769013,139.12228393554688,6821800,0.0,0.0,0.0,XLV
2024-05-10,139.30671760956812,139.8892164037342,139.20962707023892,139.40379333496094,6324900,0.0,0.0,0.0,XLV
2024-05-13,139.68538547571018,139.81158543486603,139.01549908610716,139.26791381835938,5351500,0.0,0.0,0.0,XLV
2024-05-14,139.46208733755043,139.9281043019961,138.93783676997566,139.86013793945312,6198700,0.0,0.0,0.0,XLV
2024-05-15,140.48147450550104,142.09308312371732,140.42322609032664,141.937744140625,8433700,0.0,0.0,0.0,XLV
2024-05-16,141.6367871684786,142.17075567563978,141.3746544806102,141.772705078125,6740800,0.0,0.0,0.0,XLV
2024-05-17,141.74359560526844,142.07367987530435,141.199923910164,142.0445556640625,7071600,0.0,0.0,0.0,XLV
2024-05-20,141.89893030646985,142.09309664684386,141.4426312589227,141.74359130859375,3890000,0.0,0.0,0.0,XLV
2024-05-21,141.99598547936472,142.59792030536465,141.62707393033128,141.9862823486328,4048900,0.0,0.0,0.0,XLV
2024-05-22,141.60763384503346,142.66585269641533,141.52026123835526,142.23867797851562,6831200,0.0,0.0,0.0,XLV
2024-05-23,142.005700142837,142.01540327334473,140.58825794990622,140.6853485107422,5155900,0.0,0.0,0.0,XLV
2024-05-24,140.86980845199255,141.09309896005837,140.12225262975917,140.20962524414062,3949500,0.0,0.0,0.0,XLV
2024-05-28,139.89898406690918,139.89898406690918,137.92816689236523,138.5106658935547,8375100,0.0,0.0,0.0,XLV
2024-05-29,137.32622021953398,137.59805602622538,136.84079701987923,137.43301391601562,6838200,0.0,0.0,0.0,XLV
2024-05-30,136.8796050965992,137.99607225229352,136.5786303440285,137.50094604492188,7395500,0.0,0.0,0.0,XLV
2024-05-31,137.9378537415066,139.5882896042994,137.77281163662133,139.5106201171875,7945900,0.0,0.0,0.0,XLV
2024-06-03,139.4135403896545,140.9086372355509,139.17082880458472,140.49118041992188,10303300,0.0,0.0,0.0,XLV
2024-06-04,140.36498776477882,141.28728897053207,139.84072236264245,140.89895629882812,6964200,0.0,0.0,0.0,XLV
2024-06-05,141.06399806959308,141.69504236300756,140.27761478231164,141.53970336914062,5373400,0.0,0.0,0.0,XLV
2024-06-06,141.43289615367956,142.30666680026684,140.94747295466675,142.00570678710938,5425800,0.0,0.0,0.0,XLV
2024-06-07,141.86978394286464,142.86975451288856,141.7047418386213,142.16102600097656,5222300,0.0,0.0,0.0,XLV
2024-06-10,141.93773164745113,142.72411481097112,141.4231842734457,142.68528747558594,5396700,0.0,0.0,0.0,XLV
2024-06-11,142.57850180958053,142.57850180958053,141.48144064548325,142.09307861328125,5194000,0.0,0.0,0.0,XLV
2024-06-12,142.70472756612412,142.75325803833755,141.4232031185542,141.79212951660156,6522700,0.0,0.0,0.0,XLV
2024-06-13,141.26784446268783,141.90860659727295,140.3649644844501,141.67559814453125,4720600,0.0,0.0,0.0,XLV
2024-06-14,141.38436359938632,141.665902532527,140.80184984358738,141.6270751953125,4109600,0.0,0.0,0.0,XLV
2024-06-17,141.02513109823445,141.70473537332825,140.73388905341048,141.48143005371094,4542800,0.0,0.0,0.0,XLV
2024-06-18,141.63678460578936,142.13191095041242,141.35524566016625,141.66590881347656,4872600,0.0,0.0,0.0,XLV
2024-06-20,141.22901699526412,142.31636014582824,141.03485069179757,142.13189697265625,6653600,0.0,0.0,0.0,XLV
2024-06-21,142.3163808526471,142.830928297972,141.97659347562694,142.52996826171875,8535400,0.0,0.0,0.0,XLV
2024-06-24,143.10793959902873,143.86816582529664,142.73756763731316,143.36134338378906,6446100,0.573,0.0,0.0,XLV
2024-06-25,143.52701403014774,143.7316971599318,142.5718607924539,142.91299438476562,5171600,0.0,0.0,0.0,XLV
2024-06-26,142.65957746177594,142.9129960894824,142.07479613196108,142.4061737060547,4572700,0.0,0.0,0.0,XLV
2024-06-27,142.5133900762302,142.57186672374837,141.3535536605006,142.17225646972656,4637900,0.0,0.0,0.0,XLV
2024-06-28,142.69857069412902,143.2931080415947,141.4217810312072,142.0552978515625,7656800,0.0,0.0,0.0,XLV
2024-07-01,142.33796627034815,143.75122152989633,140.98320253893698,141.256103515625,6562000,0.0,0.0,0.0,XLV
2024-07-02,140.74927323435875,140.95394149790113,139.9500527371369,140.73951721191406,7536100,0.0,0.0,0.0,XLV
2024-07-03,140.99294470666237,141.00268585773395,139.11186151079923,139.66741943359375,7654000,0.0,0.0,0.0,XLV
2024-07-05,139.96954428514152,140.82724139462184,139.25805365858707,140.749267578125,4846900,0.0,0.0,0.0,XLV
2024-07-08,140.90521802612463,141.29507224441247,140.23270685839074,140.59332275390625,4001500,0.0,0.0,0.0,XLV
2024-07-09,140.89547588378664,141.35356281499378,140.05727584710831,141.2755889892578,8336700,0.0,0.0,0.0,XLV
2024-07-10,141.4315366955958,142.63035266377972,141.11964139253098,142.61087036132812,5342300,0.0,0.0,0.0,XLV
2024-07-11,142.62061364911014,143.99487446385206,142.44516882051124,143.61476135253906,7690700,0.0,0.0,0.0,XLV
2024-07-12,144.10209263727972,145.1157226858002,143.99488047976422,144.51144409179688,6614600,0.0,0.0,0.0,XLV
2024-07-15,145.0669889776178,145.20343946414494,143.79019909540222,144.00462341308594,5804100,0.0,0.0,0.0,XLV
2024-07-16,144.87205189144478,146.09036503466268,144.55041543699687,146.06112670898438,7602500,0.0,0.0,0.0,XLV
2024-07-17,145.0572329579383,147.4938591618841,144.87204698692065,146.723876953125,10395500,0.0,0.0,0.0,XLV
2024-07-18,145.78824155174914,146.74339499537265,143.1371906750898,143.39059448242188,11033400,0.0,0.0,0.0,XLV
2024-07-19,144.11182562123437,144.8135751812014,143.54652653837272,144.12156677246094,5985700,0.0,0.0,0.0,XLV
2024-07-22,144.85255646439242,145.2131872720862,144.13132459297844,144.9500274658203,5190200,0.0,0.0,0.0,XLV
2024-07-23,145.54455704479844,145.6322720181684,144.7063570424072,144.8623046875,3553300,0.0,0.0,0.0,XLV
2024-07-24,144.94027856898876,146.256047786031,144.4529533318651,146.07086181640625,6870400,0.0,0.0,0.0,XLV
2024-07-25,145.63227238486687,147.68878548475,145.18394149407868,145.33987426757812,11472800,0.0,0.0,0.0,XLV
2024-07-26,145.32038463252317,147.1039818268074,145.23265479137348,146.15858459472656,6028800,0.0,0.0,0.0,XLV
2024-07-29,146.17808995262197,146.74338907415694,145.47634034464664,146.24632263183594,8227200,0.0,0.0,0.0,XLV
2024-07-30,146.24632189550007,147.2794491264877,145.3301479745903,146.37301635742188,7269400,0.0,0.0,0.0,XLV
2024-07-31,146.31451375954376,146.84083330554805,145.27164556162182,145.83694458007812,8417800,0.0,0.0,0.0,XLV
2024-08-01,146.58741170815637,147.49384429811073,145.70049116200946,147.32815551757812,10357700,0.0,0.0,0.0,XLV
2024-08-02,147.55234545960693,147.9227174258606,144.85255928494175,147.03578186035156,15742100,0.0,0.0,0.0,XLV
2024-08-05,144.73558985980057,145.01823194278924,142.48414973038803,143.10792541503906,17575600,0.0,0.0,0.0,XLV
2024-08-06,143.68297594162507,145.5932974788107,143.22488901362615,143.77069091796875,13335600,0.0,0.0,0.0,XLV
2024-08-07,143.67323545950964,144.3652289943141,141.85062889018042,142.3087158203125,11485000,0.0,0.0,0.0,XLV
2024-08-08,144.53090309646802,145.5835273263915,143.87788910486444,145.4568328857422,11479100,0.0,0.0,0.0,XLV
2024-08-09,145.71025722729746,146.54845729519016,145.3983619127387,146.17808532714844,8550400,0.0,0.0,0.0,XLV
2024-08-12,146.5289305071601,146.5289305071601,145.20340543214272,145.6225128173828,5044300,0.0,0.0,0.0,XLV
2024-08-13,146.19756771554276,147.53283407497597,146.03187892343675,147.3866424560547,4815700,0.0,0.0,0.0,XLV
2024-08-14,147.2014579360199,148.1273728995787,146.8505831751782,147.91294860839844,4837300,0.0,0.0,0.0,XLV
2024-08-15,148.59520459067625,149.07277376238062,147.9031962720235,148.8388671875,5886800,0.0,0.0,0.0,XLV
2024-08-16,148.79014374212505,149.23847462827325,148.37103630821863,148.99481201171875,4562500,0.0,0.0,0.0,XLV
2024-08-19,149.00458363779677,150.03771086065638,148.91685378394106,149.90126037597656,4729600,0.0,0.0,0.0,XLV
2024-08-20,150.30085541140386,151.27550588068425,150.14490776704238,150.50552368164062,4878300,0.0,0.0,0.0,XLV
2024-08-21,150.8174331765252,151.14881079801785,150.23263689107804,150.75894165039062,5530100,0.0,0.0,0.0,XLV
2024-08-22,151.26575095155184,151.4119574461925,150.08643220350834,150.8563995361328,4951800,0.0,0.0,0.0,XLV
2024-08-23,151.25601090107804,151.61662682090693,150.71995016080118,151.50941467285156,4069400,0.0,0.0,0.0,XLV
2024-08-26,151.65562258184738,152.1234506540914,151.28525063566164,151.4314422607422,4433600,0.0,0.0,0.0,XLV
2024-08-27,151.57765977443594,152.08446735954067,151.12931397162615,151.66537475585938,3785400,0.0,0.0,0.0,XLV
2024-08-28,151.56790408513328,152.47433684447063,151.12931430506111,151.84080505371094,5150100,0.0,0.0,0.0,XLV
2024-08-29,152.44508678011226,152.8544382014617,151.51917178858474,152.1624298095703,4339200,0.0,0.0,0.0,XLV
2024-08-30,152.26964518750538,153.29303119857454,151.6068899785,153.21505737304688,7020600,0.0,0.0,0.0,XLV
2024-09-03,152.9031708966206,153.83882702198056,152.50356063358817,152.9226531982422,7674900,0.0,0.0,0.0,XLV
2024-09-04,152.71797676778272,155.59319253386295,151.90901513412888,152.6595001220703,8235500,0.0,0.0,0.0,XLV
2024-09-05,152.4938139346448,152.58152890470862,149.8330075334921,150.56399536132812,7245600,0.0,0.0,0.0,XLV
2024-09-06,151.09032273536653,151.71409845248277,149.7355591526303,150.0474395751953,7651800,0.0,0.0,0.0,XLV
2024-09-09,150.42755590830828,151.57765124173835,149.8525156775865,151.10006713867188,6169200,0.0,0.0,0.0,XLV
2024-09-10,151.3047432498814,151.8992806272688,150.73944419662894,151.7920684814453,7337200,0.0,0.0,0.0,XLV
2024-09-11,151.24624848940292,151.51916429545886,148.97532604631365,151.34371948242188,6636500,0.0,0.0,0.0,XLV
2024-09-12,151.30474500571611,152.0259768387294,149.8914899201918,151.8895263671875,4838100,0.0,0.0,0.0,XLV
2024-09-13,151.95776864040866,152.6692593675481,151.75308548416987,152.20143127441406,4358500,0.0,0.0,0.0,XLV
2024-09-16,153.000640175162,153.59517760942856,152.69850088220457,153.25405883789062,4711900,0.0,0.0,0.0,XLV
2024-09-17,153.0688524477423,153.10783192112663,151.1390487675351,151.6750946044922,6280000,0.0,0.0,0.0,XLV
2024-09-18,151.5484164814382,153.00063625515395,150.83691088568503,151.4217071533203,7148900,0.0,0.0,0.0,XLV
2024-09-19,152.78618625995605,152.78618625995605,151.56787330054462,151.9674835205078,6717400,0.0,0.0,0.0,XLV
2024-09-20,151.4704287989494,152.02597181759796,150.97334755533248,151.34371948242188,8541600,0.0,0.0,0.0,XLV
2024-09-23,151.82014095184073,151.83971084305074,150.77336822017764,151.0472869873047,6416400,0.577,0.0,0.0,XLV
2024-09-24,150.97884302838852,151.03753778555523,150.02990464764386,150.74404907226562,5341600,0.0,0.0,0.0,XLV
2024-09-25,151.20381989485992,151.41904392098112,149.217901321749,149.27659606933594,5940100,0.0,0.0,0.0,XLV
2024-09-26,149.17878835245108,149.96140495257427,148.9244245227017,149.77554321289062,6172900,0.0,0.0,0.0,XLV
2024-09-27,149.9712149702716,150.85166621250687,149.68750373108128,149.69729614257812,7312500,0.0,0.0,0.0,XLV
2024-09-30,149.49185050131064,150.71470774960673,149.266848947312,150.6755828857422,7233800,0.0,0.0,0.0,XLV
2024-10-01,150.79294666561702,150.99839321634357,149.31574073570718,149.88314819335938,10560200,0.0,0.0,0.0,XLV
2024-10-02,149.69728419713982,150.0494676514219,148.57224666910687,149.5798797607422,7158400,0.0,0.0,0.0,XLV
2024-10-03,149.20812877164397,149.34508816302517,147.95592435688602,148.22984313964844,5551000,0.0,0.0,0.0,XLV
2024-10-04,148.45485628774512,148.71899760876826,147.60375249800467,148.3472442626953,6590100,0.0,0.0,0.0,XLV
2024-10-07,148.35699947779213,148.80701740430493,147.41785369782642,147.6917724609375,5922800,0.0,0.0,0.0,XLV
2024-10-08,148.0831098117088,148.72878199196228,147.9559428143541,148.49398803710938,4726600,0.0,0.0,0.0,XLV
2024-10-09,148.63092862033525,150.1277193676905,148.27876012384468,150.01031494140625,7840000,0.0,0.0,0.0,XLV
2024-10-10,150.01031279281702,150.1277172174197,149.09072192527427,149.45269775390625,4385500,0.0,0.0,0.0,XLV
2024-10-11,149.92226817453263,150.7244695315741,149.7070441483729,150.54837036132812,9354000,0.0,0.0,0.0,XLV
2024-10-14,150.71468657697088,151.64405496962547,150.1961963707282,151.3799285888672,4819800,0.0,0.0,0.0,XLV
2024-10-15,149.3548609125529,151.23316747516813,149.19833163380488,149.5309600830078,9088600,0.0,0.0,0.0,XLV
2024-10-16,149.3353048760779,150.27446570824705,148.9342190873224,149.95162963867188,4510200,0.0,0.0,0.0,XLV
2024-10-17,149.45271649228582,149.69728792697947,148.98312858990587,149.08096313476562,5430000,0.0,0.0,0.0,XLV
2024-10-18,149.18856113001726,150.16684677677148,148.75811305705273,149.8048858642578,9823900,0.0,0.0,0.0,XLV
2024-10-21,149.41356983037937,149.81467054741583,147.89722401953904,148.04397583007812,4825900,0.0,0.0,0.0,XLV
2024-10-22,147.26134312117009,148.10266940823848,147.13416120520296,147.82875061035156,5166900,0.0,0.0,0.0,XLV
2024-10-23,147.42765924212574,147.65266078448423,146.35155387576995,147.13417053222656,4910200,0.0,0.0,0.0,XLV
2024-10-24,147.13414256695907,147.73089735693048,146.1265096322053,146.1656494140625,5066300,0.0,0.0,0.0,XLV
2024-10-25,146.664570694579,146.74283533138345,145.19714234126516,145.3634490966797,5314500,0.0,0.0,0.0,XLV
2024-10-28,145.77435900489706,146.2439469280352,145.39282814700758,145.57870483398438,4923500,0.0,0.0,0.0,XLV
2024-10-29,145.48087816269188,146.0776330579053,145.10912480675233,145.17759704589844,7342600,0.0,0.0,0.0,XLV
2024-10-30,142.9666697829664,144.95258853451745,142.45795704574763,144.90367126464844,9211800,0.0,0.0,0.0,XLV
2024-10-31,144.04279251174347,144.7177971088202,143.65146927345057,143.68081665039062,6701100,0.0,0.0,0.0,XLV
2024-11-01,144.23844794604975,145.2460810364734,144.2286555353461,144.5319366455078,6896900,0.0,0.0,0.0,XLV
2024-11-04,144.17974741195346,144.87432188112385,143.29928134887422,143.58299255371094,5985900,0.0,0.0,0.0,XLV
2024-11-05,143.29928011347218,144.67866648451945,142.7710124221427,144.63954162597656,5035300,0.0,0.0,0.0,XLV
2024-11-06,147.39828958191316,147.63308349983024,144.15038915172173,144.8253936767578,10685600,0.0,0.0,0.0,XLV
2024-11-07,145.69607794081716,146.048261379775,144.99172599035617,145.87217712402344,9381600,0.0,0.0,0.0,XLV
2024-11-08,146.06784149522818,147.6722295122157,145.9015347106725,146.9189453125,8701100,0.0,0.0,0.0,XLV
2024-11-11,146.59610450412438,147.329818710997,145.8428204053815,146.05804443359375,6071900,0.0,0.0,0.0,XLV
2024-11-12,145.8232505569724,146.06782195933616,143.99386124407673,144.02320861816406,7022300,0.0,0.0,0.0,XLV
2024-11-13,143.9645138989248,144.39496195556413,143.4949260585253,143.6416778564453,5981200,0.0,0.0,0.0,XLV
2024-11-14,143.39710184014743,143.406879322046,141.22530666240326,141.3818359375,7936700,0.0,0.0,0.0,XLV
2024-11-15,140.59920671731007,140.72638862127306,138.49589866188808,138.76002502441406,14246100,0.0,0.0,0.0,XLV
2024-11-18,138.39806894068155,139.0046012530517,138.24153965766536,138.8578643798828,7933100,0.0,0.0,0.0,XLV
2024-11-19,137.5958700337767,138.53503082129896,137.2143392292264,138.1437225341797,6205800,0.0,0.0,0.0,XLV
2024-11-20,138.43718914598176,139.97310469499234,138.21218763886523,139.77745056152344,9328800,0.0,0.0,0.0,XLV
2024-11-21,139.77745855175456,141.09813522375484,139.0535217963377,140.90248107910156,7969600,0.0,0.0,0.0,XLV
2024-11-22,141.19596985537805,141.87098934322492,140.81443904843692,141.0296630859375,6330300,0.0,0.0,0.0,XLV
2024-11-25,141.6655636387982,142.68298922535627,141.645993743203,142.23297119140625,6834300,0.0,0.0,0.0,XLV
2024-11-26,142.66338868088673,143.1525314734863,141.54814371085783,142.99600219726562,6018400,0.0,0.0,0.0,XLV
2024-11-27,143.1329615434429,144.5514726561079,143.1329615434429,143.75906372070312,5952800,0.0,0.0,0.0,XLV
2024-11-29,143.7492957370266,144.58082958269318,143.52429421731142,144.20909118652344,3521200,0.0,0.0,0.0,XLV
2024-12-02,144.12104886921833,144.17974361972222,143.2112354540453,143.95472717285156,6220800,0.0,0.0,0.0,XLV
2024-12-03,143.94495589010052,144.22865217223975,143.55364758491777,143.6319122314453,4236200,0.0,0.0,0.0,XLV
2024-12-04,143.88626345986407,144.37540631296633,143.18189655720033,143.55364990234375,5597400,0.0,0.0,0.0,XLV
2024-12-05,142.9177424766791,143.07427175828565,141.6851079707988,141.94924926757812,8948700,0.0,0.0,0.0,XLV
2024-12-06,142.1351120587477,142.30143375135677,140.97096470266192,141.1470489501953,6545200,0.0,0.0,0.0,XLV
2024-12-09,141.28401882061976,141.9394684474804,140.79487597125015,141.5579376220703,6258600,0.0,0.0,0.0,XLV
2024-12-10,141.84163612115736,141.9492481354719,140.50137468333958,140.97096252441406,7200500,0.0,0.0,0.0,XLV
2024-12-11,140.40356686541034,140.5209563718068,139.01440297238412,139.05352783203125,6895000,0.0,0.0,0.0,XLV
2024-12-12,139.08288944364998,139.44485041038874,137.8502547179632,137.9480743408203,5994200,0.0,0.0,0.0,XLV
2024-12-13,137.7719680299669,138.37850034803333,137.08717106965733,137.92849731445312,7599400,0.0,0.0,0.0,XLV
2024-12-16,137.82090422934914,138.57417352543695,136.17737637138546,136.2849884033203,9476600,0.0,0.0,0.0,XLV
2024-12-17,135.6881986203597,137.19476668033153,135.59037902484422,136.1871337890625,10280100,0.0,0.0,0.0,XLV
2024-12-18,136.0990826116687,136.9991035374343,134.25012349654594,134.3381805419922,14448100,0.0,0.0,0.0,XLV
2024-12-19,134.08383189408028,134.80776866566592,132.99793420042914,133.32077026367188,11929300,0.0,0.0,0.0,XLV
2024-12-20,137.49000549316406,139.2899932861328,137.0500030517578,138.0,12098400,0.0,0.0,0.0,XLV
2024-12-23,137.60000610351562,138.9499969482422,136.99000549316406,138.75,8050500,0.622,0.0,0.0,XLV
2024-12-24,138.6300048828125,139.32000732421875,138.0399932861328,139.32000732421875,3139300,0.0,0.0,0.0,XLV
2024-12-26,138.8300018310547,139.72000122070312,138.67999267578125,139.60000610351562,4720300,0.0,0.0,0.0,XLV
2024-12-27,138.8300018310547,139.80999755859375,138.36000061035156,138.9499969482422,5948000,0.0,0.0,0.0,XLV
2024-12-30,138.14999389648438,138.14999389648438,136.72999572753906,137.24000549316406,6890300,0.0,0.0,0.0,XLV
2024-12-31,137.5800018310547,138.1199951171875,136.7899932861328,137.57000732421875,6626900,0.0,0.0,0.0,XLV
2025-01-02,138.25999450683594,138.77000427246094,137.1199951171875,137.61000061035156,8973000,0.0,0.0,0.0,XLV
2025-01-03,137.88999938964844,139.35000610351562,137.74000549316406,138.9600067138672,8288700,0.0,0.0,0.0,XLV
2025-01-06,138.89999389648438,140.0399932861328,138.55999755859375,139.02000427246094,8653300,0.0,0.0,0.0,XLV
2025-01-07,139.36000061035156,140.92999267578125,139.36000061035156,139.7100067138672,12639700,0.0,0.0,0.0,XLV
2025-01-08,139.97000122070312,140.63999938964844,138.69000244140625,140.42999267578125,7827400,0.0,0.0,0.0,XLV
2025-01-10,139.9499969482422,140.9499969482422,139.35000610351562,139.63999938964844,10343700,0.0,0.0,0.0,XLV
2025-01-13,139.7899932861328,141.82000732421875,139.6699981689453,141.4600067138672,9422200,0.0,0.0,0.0,XLV
2025-01-14,141.27000427246094,141.27000427246094,138.8800048828125,140.0,10277800,0.0,0.0,0.0,XLV
2025-01-15,140.38999938964844,141.24000549316406,139.77000427246094,140.57000732421875,11388400,0.0,0.0,0.0,XLV
2025-01-16,140.1300048828125,141.33999633789062,139.5800018310547,141.1300048828125,8512100,0.0,0.0,0.0,XLV
2025-01-17,140.94000244140625,141.39999389648438,140.17999267578125,140.17999267578125,7668100,0.0,0.0,0.0,XLV
2025-01-21,140.9199981689453,142.50999450683594,140.89999389648438,142.5,7257800,0.0,0.0,0.0,XLV
2025-01-22,141.8000030517578,142.6300048828125,141.1300048828125,142.17999267578125,8189900,0.0,0.0,0.0,XLV
2025-01-23,142.57000732421875,144.10000610351562,141.8699951171875,144.0800018310547,8032900,0.0,0.0,0.0,XLV
2025-01-24,143.44000244140625,144.61000061035156,143.27000427246094,144.30999755859375,8127900,0.0,0.0,0.0,XLV
2025-01-27,145.10000610351562,147.5800018310547,144.97000122070312,147.5500030517578,12311300,0.0,0.0,0.0,XLV
2025-01-28,147.5399932861328,147.74000549316406,146.47999572753906,146.52000427246094,9686400,0.0,0.0,0.0,XLV
2025-01-29,146.08999633789062,146.5800018310547,145.3000030517578,145.66000366210938,8159100,0.0,0.0,0.0,XLV
2025-01-30,146.25,147.75,146.24000549316406,147.33999633789062,7705200,0.0,0.0,0.0,XLV
2025-01-31,147.5800018310547,148.58999633789062,146.82000732421875,146.8699951171875,9211800,0.0,0.0,0.0,XLV
2025-02-03,145.97999572753906,148.16000366210938,145.94000244140625,147.44000244140625,13001500,0.0,0.0,0.0,XLV
2025-02-04,145.82000732421875,147.1999969482422,145.58999633789062,147.0399932861328,11762000,0.0,0.0,0.0,XLV
2025-02-05,147.39999389648438,148.72000122070312,147.10000610351562,148.4499969482422,10042300,0.0,0.0,0.0,XLV
2025-02-06,148.14999389648438,148.4600067138672,146.89999389648438,147.1199951171875,12422100,0.0,0.0,0.0,XLV
2025-02-07,147.3300018310547,147.9199981689453,146.32000732421875,146.42999267578125,11199700,0.0,0.0,0.0,XLV
2025-02-10,146.60000610351562,146.64999389648438,145.4600067138672,146.3000030517578,7374300,0.0,0.0,0.0,XLV
2025-02-11,145.8800048828125,146.32000732421875,145.44000244140625,146.02999877929688,6634900,0.0,0.0,0.0,XLV
2025-02-12,145.67999267578125,146.61000061035156,145.3699951171875,145.82000732421875,7572200,0.0,0.0,0.0,XLV
2025-02-13,146.11000061035156,146.7100067138672,145.16000366210938,146.38999938964844,6293100,0.0,0.0,0.0,XLV
2025-02-14,146.5,146.6999969482422,144.8000030517578,144.8000030517578,5299200,0.0,0.0,0.0,XLV
2025-02-18,143.9199981689453,144.88999938964844,143.83999633789062,144.52000427246094,11366800,0.0,0.0,0.0,XLV
2025-02-19,144.52999877929688,146.44000244140625,144.5,146.39999389648438,6295900,0.0,0.0,0.0,XLV
2025-02-20,146.19000244140625,147.3000030517578,146.10000610351562,147.22000122070312,6264800,0.0,0.0,0.0,XLV
2025-02-21,145.47999572753906,147.13999938964844,145.33999633789062,146.42999267578125,8647000,0.0,0.0,0.0,XLV
2025-02-24,146.58999633789062,148.22000122070312,146.27000427246094,147.6199951171875,7559400,0.0,0.0,0.0,XLV
2025-02-25,147.89999389648438,149.08999633789062,147.41000366210938,148.88999938964844,11981300,0.0,0.0,0.0,XLV
2025-02-26,148.30999755859375,148.9499969482422,147.35000610351562,147.82000732421875,6566800,0.0,0.0,0.0,XLV
2025-02-27,147.5500030517578,148.91000366210938,147.16000366210938,147.22000122070312,7377000,0.0,0.0,0.0,XLV
2025-02-28,147.4600067138672,149.16000366210938,146.49000549316406,148.92999267578125,8453700,0.0,0.0,0.0,XLV
2025-03-03,149.02000427246094,150.32000732421875,148.9600067138672,149.5800018310547,9459300,0.0,0.0,0.0,XLV
2025-03-04,149.7899932861328,150.07000732421875,147.97000122070312,148.19000244140625,10804700,0.0,0.0,0.0,XLV
2025-03-05,147.52000427246094,149.91000366210938,147.24000549316406,149.67999267578125,7597700,0.0,0.0,0.0,XLV
2025-03-06,149.0,149.47999572753906,147.92999267578125,149.27000427246094,7122200,0.0,0.0,0.0,XLV
2025-03-07,148.66000366210938,150.27999877929688,148.4499969482422,149.27999877929688,8532400,0.0,0.0,0.0,XLV
2025-03-10,148.1199951171875,149.91000366210938,147.33999633789062,147.6699981689453,13577800,0.0,0.0,0.0,XLV
2025-03-11,147.67999267578125,147.88999938964844,145.2899932861328,146.05999755859375,9411600,0.0,0.0,0.0,XLV
2025-03-12,145.72999572753906,145.99000549316406,144.1199951171875,144.60000610351562,7141100,0.0,0.0,0.0,XLV
2025-03-13,144.66000366210938,145.07000732421875,143.49000549316406,143.8300018310547,8041600,0.0,0.0,0.0,XLV
2025-03-14,143.92999267578125,145.14999389648438,143.41000366210938,144.92999267578125,6761200,0.0,0.0,0.0,XLV
2025-03-17,144.72000122070312,147.11000061035156,144.72000122070312,146.77000427246094,6017300,0.0,0.0,0.0,XLV
2025-03-18,146.82000732421875,147.05999755859375,146.0399932861328,146.83999633789062,5528000,0.0,0.0,0.0,XLV
2025-03-19,146.9499969482422,147.30999755859375,145.89999389648438,146.9199981689453,6156200,0.0,0.0,0.0,XLV
2025-03-20,146.94000244140625,147.63999938964844,146.50999450683594,147.00999450683594,8033800,0.0,0.0,0.0,XLV
2025-03-21,146.5800018310547,146.86000061035156,145.72999572753906,146.60000610351562,7635300,0.0,0.0,0.0,XLV
2025-03-24,146.4199981689453,147.38999938964844,146.11000061035156,147.14999389648438,6500600,0.565,0.0,0.0,XLV
2025-03-25,147.5,147.58999633789062,144.35000610351562,145.27000427246094,6502000,0.0,0.0,0.0,XLV
2025-03-26,145.3800048828125,145.97000122070312,144.38999938964844,144.74000549316406,8758600,0.0,0.0,0.0,XLV
2025-03-27,144.52000427246094,145.4199981689453,144.4600067138672,144.97000122070312,6264300,0.0,0.0,0.0,XLV
2025-03-28,144.85000610351562,145.24000549316406,144.4499969482422,144.52000427246094,6210500,0.0,0.0,0.0,XLV
2025-03-31,143.7899932861328,146.6199951171875,143.47999572753906,146.00999450683594,8085600,0.0,0.0,0.0,XLV
2025-04-01,145.47999572753906,145.47999572753906,142.89999389648438,143.33999633789062,9906100,0.0,0.0,0.0,XLV
2025-04-02,142.77000427246094,144.39999389648438,142.19000244140625,144.3000030517578,6392700,0.0,0.0,0.0,XLV
2025-04-03,143.75999450683594,145.19000244140625,143.0500030517578,143.1300048828125,10990600,0.0,0.0,0.0,XLV
2025-04-04,141.13999938964844,141.7100067138672,135.22999572753906,135.27999877929688,21341100,0.0,0.0,0.0,XLV
2025-04-07,131.7100067138672,137.3699951171875,129.66000366210938,134.47000122070312,29940300,0.0,0.0,0.0,XLV
2025-04-08,139.42999267578125,139.44000244140625,131.27999877929688,132.97999572753906,20860400,0.0,0.0,0.0,XLV
2025-04-09,130.1300048828125,139.24000549316406,129.67999267578125,138.75999450683594,39444700,0.0,0.0,0.0,XLV
2025-04-10,137.6999969482422,137.74000549316406,131.3300018310547,134.88999938964844,21957400,0.0,0.0,0.0,XLV
2025-04-11,135.14999389648438,137.75999450683594,133.64999389648438,136.8699951171875,10755600,0.0,0.0,0.0,XLV
2025-04-14,138.2100067138672,139.0399932861328,136.9600067138672,138.5399932861328,7437200,0.0,0.0,0.0,XLV
2025-04-15,139.0,139.0399932861328,137.2899932861328,137.69000244140625,6239000,0.0,0.0,0.0,XLV
2025-04-16,138.1199951171875,138.6199951171875,135.63999938964844,136.2899932861328,8150700,0.0,0.0,0.0,XLV
2025-04-17,135.33999633789062,136.57000732421875,135.10000610351562,135.49000549316406,9662800,0.0,0.0,0.0,XLV
2025-04-21,135.19000244140625,135.36000061035156,131.55999755859375,132.57000732421875,6456000,0.0,0.0,0.0,XLV
2025-04-22,133.63999938964844,135.27999877929688,133.13999938964844,135.05999755859375,8012500,0.0,0.0,0.0,XLV
2025-04-23,136.5399932861328,137.92999267578125,135.1300048828125,135.72999572753906,9503200,0.0,0.0,0.0,XLV
2025-04-24,135.9499969482422,137.5399932861328,135.1199951171875,137.38999938964844,5433000,0.0,0.0,0.0,XLV
2025-04-25,137.58999633789062,138.1999969482422,135.8800048828125,138.0500030517578,6438400,0.0,0.0,0.0,XLV
2025-04-28,138.24000549316406,139.0399932861328,137.39999389648438,138.60000610351562,5803300,0.0,0.0,0.0,XLV
2025-04-29,138.4199981689453,139.97000122070312,137.72999572753906,139.27999877929688,7811900,0.0,0.0,0.0,XLV
2025-04-30,139.5500030517578,140.7899932861328,138.25999450683594,140.47000122070312,6827800,0.0,0.0,0.0,XLV
2025-05-01,138.80999755859375,139.11000061035156,136.47000122070312,136.63999938964844,10363200,0.0,0.0,0.0,XLV
2025-05-02,138.7899932861328,139.00999450683594,137.5500030517578,138.52999877929688,9777000,0.0,0.0,0.0,XLV
2025-05-05,138.25,138.67999267578125,137.5800018310547,138.13999938964844,5479700,0.0,0.0,0.0,XLV
2025-05-06,137.1300048828125,137.19000244140625,133.97000122070312,134.3300018310547,11625900,0.0,0.0,0.0,XLV
2025-05-07,134.75,135.75,134.39999389648438,135.36000061035156,6417500,0.0,0.0,0.0,XLV
2025-05-08,134.41000366210938,135.3300018310547,133.69000244140625,134.13999938964844,10558100,0.0,0.0,0.0,XLV
2025-05-09,134.30999755859375,134.77000427246094,132.6199951171875,132.67999267578125,7555200,0.0,0.0,0.0,XLV
2025-05-12,132.8800048828125,136.1300048828125,132.63999938964844,135.9600067138672,15211100,0.0,0.0,0.0,XLV
2025-05-13,133.94000244140625,133.94000244140625,131.8300018310547,131.8699951171875,17817000,0.0,0.0,0.0,XLV
2025-05-14,132.27999877929688,132.5500030517578,128.67999267578125,128.77000427246094,19579500,0.0,0.0,0.0,XLV
2025-05-15,128.47000122070312,130.5399932861328,127.3499984741211,130.4600067138672,18792700,0.0,0.0,0.0,XLV
2025-05-16,130.6999969482422,133.13999938964844,130.30999755859375,133.08999633789062,12901800,0.0,0.0,0.0,XLV
2025-05-19,133.02000427246094,134.44000244140625,132.64999389648438,134.3699951171875,11645200,0.0,0.0,0.0,XLV
2025-05-20,134.39999389648438,135.08999633789062,134.19000244140625,134.6999969482422,11644500,0.0,0.0,0.0,XLV
2025-05-21,133.55999755859375,134.13999938964844,131.52000427246094,131.5800018310547,16635900,0.0,0.0,0.0,XLV
2025-05-22,130.6300048828125,131.24000549316406,129.97999572753906,130.5500030517578,12722600,0.0,0.0,0.0,XLV
2025-05-23,129.92999267578125,130.60000610351562,129.5500030517578,130.33999633789062,9127100,0.0,0.0,0.0,XLV
2025-05-27,131.42999267578125,132.38999938964844,131.16000366210938,132.16000366210938,12304000,0.0,0.0,0.0,XLV
2025-05-28,132.11000061035156,132.5800018310547,131.1300048828125,131.47999572753906,11087500,0.0,0.0,0.0,XLV
2025-05-29,131.67999267578125,132.75999450683594,131.2899932861328,132.36000061035156,10670300,0.0,0.0,0.0,XLV
2025-05-30,132.07000732421875,133.33999633789062,130.8800048828125,132.63999938964844,11651300,0.0,0.0,0.0,XLV
2025-06-02,132.3000030517578,132.77999877929688,131.11000061035156,132.72000122070312,11845000,0.0,0.0,0.0,XLV
2025-06-03,132.3699951171875,133.52000427246094,131.72999572753906,133.02999877929688,14304300,0.0,0.0,0.0,XLV
2025-06-04,133.42999267578125,134.3300018310547,133.2899932861328,133.2899932861328,9986100,0.0,0.0,0.0,XLV
2025-06-05,133.6199951171875,133.91000366210938,132.57000732421875,133.11000061035156,13705000,0.0,0.0,0.0,XLV
2025-06-06,133.80999755859375,134.83999633789062,133.7899932861328,134.3800048828125,9153500,0.0,0.0,0.0,XLV
2025-06-09,134.35000610351562,134.80999755859375,133.38999938964844,134.14999389648438,9976600,0.0,0.0,0.0,XLV
2025-06-10,134.27000427246094,136.08999633789062,134.25,135.67999267578125,11488000,0.0,0.0,0.0,XLV
2025-06-11,135.7100067138672,136.57000732421875,135.33999633789062,135.75,13644000,0.0,0.0,0.0,XLV
2025-06-12,135.75999450683594,136.83999633789062,135.49000549316406,136.80999755859375,9809500,0.0,0.0,0.0,XLV
2025-06-13,136.05999755859375,137.3300018310547,135.67999267578125,136.1300048828125,13722800,0.0,0.0,0.0,XLV
2025-06-16,136.4199981689453,136.8300018310547,135.0800018310547,135.7100067138672,14171000,0.0,0.0,0.0,XLV
2025-06-17,135.10000610351562,135.41000366210938,133.2899932861328,133.47000122070312,13506000,0.0,0.0,0.0,XLV
2025-06-18,133.47999572753906,134.1199951171875,132.49000549316406,133.24000549316406,12185300,0.0,0.0,0.0,XLV
2025-06-20,133.6999969482422,133.8000030517578,132.41000366210938,132.60000610351562,13744900,0.0,0.0,0.0,XLV
2025-06-23,132.05999755859375,132.74000549316406,130.97999572753906,132.16000366210938,14181600,0.63,0.0,0.0,XLV
2025-06-24,132.50999450683594,134.0800018310547,132.0,133.77999877929688,11272900,0.0,0.0,0.0,XLV
2025-06-25,133.52000427246094,134.2899932861328,132.77000427246094,133.89999389648438,11996400,0.0,0.0,0.0,XLV
2025-06-26,134.17999267578125,135.16000366210938,133.75,134.22000122070312,13177700,0.0,0.0,0.0,XLV
2025-06-27,134.32000732421875,135.1300048828125,133.6999969482422,133.92999267578125,13818500,0.0,0.0,0.0,XLV
2025-06-30,133.89999389648438,134.9499969482422,133.8000030517578,134.7899932861328,12407700,0.0,0.0,0.0,XLV
2025-07-01,134.5800018310547,137.75999450683594,134.4600067138672,136.7100067138672,21204300,0.0,0.0,0.0,XLV
2025-07-02,136.02999877929688,136.2899932861328,135.24000549316406,135.36000061035156,13720400,0.0,0.0,0.0,XLV
2025-07-03,135.5500030517578,135.89999389648438,135.1699981689453,135.5,7282700,0.0,0.0,0.0,XLV
2025-07-07,135.4499969482422,135.4499969482422,133.64999389648438,134.36000061035156,14052300,0.0,0.0,0.0,XLV
2025-07-08,134.25999450683594,136.22000122070312,134.00999450683594,134.97000122070312,19485900,0.0,0.0,0.0,XLV
2025-07-09,135.25,135.9199981689453,134.4199981689453,135.49000549316406,13963900,0.0,0.0,0.0,XLV
2025-07-10,135.50999450683594,137.6300048828125,135.0,136.32000732421875,17668300,0.0,0.0,0.0,XLV
2025-07-11,135.8800048828125,135.8800048828125,134.35000610351562,135.19000244140625,14246600,0.0,0.0,0.0,XLV
2025-07-14,134.64999389648438,135.30999755859375,134.39999389648438,135.02999877929688,11095400,0.0,0.0,0.0,XLV
2025-07-15,135.22999572753906,135.47000122070312,132.47000122070312,132.60000610351562,17095600,0.0,0.0,0.0,XLV
2025-07-16,133.13999938964844,134.4199981689453,133.0,134.25,14142100,0.0,0.0,0.0,XLV
2025-07-17,133.2899932861328,133.67999267578125,132.27999877929688,132.72000122070312,15740900,0.0,0.0,0.0,XLV
2025-07-18,133.07000732421875,133.24000549316406,131.66000366210938,131.83999633789062,13245500,0.0,0.0,0.0,XLV
2025-07-21,131.91000366210938,132.32000732421875,131.02999877929688,131.08999633789062,9468700,0.0,0.0,0.0,XLV
2025-07-22,131.30999755859375,133.80999755859375,131.30999755859375,133.52999877929688,16681900,0.0,0.0,0.0,XLV
2025-07-23,135.25999450683594,136.32000732421875,134.8000030517578,136.27000427246094,16624000,0.0,0.0,0.0,XLV
2025-07-24,136.1300048828125,136.92999267578125,135.5399932861328,135.75999450683594,11054800,0.0,0.0,0.0,XLV
2025-07-25,136.25,136.6999969482422,135.74000549316406,136.47999572753906,9539900,0.0,0.0,0.0,XLV
2025-07-28,136.13999938964844,136.38999938964844,134.92999267578125,135.2899932861328,9780300,0.0,0.0,0.0,XLV
2025-07-29,133.89999389648438,135.10000610351562,132.94000244140625,134.42999267578125,14967600,0.0,0.0,0.0,XLV
2025-07-30,134.8800048828125,135.19000244140625,133.63999938964844,134.19000244140625,11634600,0.0,0.0,0.0,XLV
2025-07-31,133.02000427246094,133.7899932861328,129.97999572753906,130.42999267578125,26441600,0.0,0.0,0.0,XLV
2025-08-01,130.6999969482422,131.39999389648438,129.86000061035156,131.1300048828125,20736200,0.0,0.0,0.0,XLV
2025-08-04,131.38999938964844,133.07000732421875,131.36000061035156,133.00999450683594,11331000,0.0,0.0,0.0,XLV
2025-08-05,132.4499969482422,132.9499969482422,132.0399932861328,132.5,14319200,0.0,0.0,0.0,XLV
2025-08-06,131.94000244140625,132.0500030517578,130.35000610351562,130.50999450683594,14342800,0.0,0.0,0.0,XLV
2025-08-07,129.77000427246094,130.24000549316406,127.95999908447266,129.00999450683594,24421900,0.0,0.0,0.0,XLV
2025-08-08,129.22999572753906,130.44000244140625,129.22999572753906,130.16000366210938,13747100,0.0,0.0,0.0,XLV
2025-08-11,130.2899932861328,131.32000732421875,130.13999938964844,130.2899932861328,14474000,0.0,0.0,0.0,XLV
2025-08-12,130.33999633789062,131.22999572753906,130.1300048828125,131.19000244140625,17219500,0.0,0.0,0.0,XLV
2025-08-13,131.82000732421875,133.3699951171875,131.64999389648438,133.2899932861328,15069900,0.0,0.0,0.0,XLV
2025-08-14,133.05999755859375,134.10000610351562,132.41000366210938,133.9600067138672,15464000,0.0,0.0,0.0,XLV
2025-08-15,135.47999572753906,136.60000610351562,135.17999267578125,136.2100067138672,13929600,0.0,0.0,0.0,XLV
2025-08-18,136.52999877929688,137.19000244140625,135.82000732421875,135.88999938964844,12572000,0.0,0.0,0.0,XLV
2025-08-19,135.8699951171875,137.22000122070312,135.77999877929688,136.75999450683594,13578200,0.0,0.0,0.0,XLV
2025-08-20,137.00999450683594,138.2100067138672,137.00999450683594,137.5,14607000,0.0,0.0,0.0,XLV
2025-08-21,137.2100067138672,138.4600067138672,136.94000244140625,137.0399932861328,13218900,0.0,0.0,0.0,XLV
2025-08-22,137.8000030517578,139.02000427246094,137.8000030517578,138.1699981689453,11898600,0.0,0.0,0.0,XLV
2025-08-25,138.13999938964844,138.25999450683594,136.10000610351562,136.1999969482422,10681000,0.0,0.0,0.0,XLV
2025-08-26,136.58999633789062,137.1699981689453,136.33999633789062,137.0500030517578,11397500,0.0,0.0,0.0,XLV
2025-08-27,136.99000549316406,137.7100067138672,136.72999572753906,136.97000122070312,8321700,0.0,0.0,0.0,XLV
2025-08-28,136.8300018310547,136.85000610351562,135.75999450683594,136.42999267578125,9165700,0.0,0.0,0.0,XLV
2025-08-29,136.5399932861328,137.47000122070312,136.3699951171875,137.42999267578125,9655700,0.0,0.0,0.0,XLV
2025-09-02,136.88999938964844,137.74000549316406,136.4600067138672,137.55999755859375,13325300,0.0,0.0,0.0,XLV
2025-09-03,137.11000061035156,137.75999450683594,136.24000549316406,136.91000366210938,12586000,0.0,0.0,0.0,XLV
2025-09-04,136.8000030517578,137.47000122070312,136.0800018310547,137.42999267578125,11778600,0.0,0.0,0.0,XLV
2025-09-05,137.27999877929688,138.3800048828125,137.0500030517578,137.89999389648438,14664000,0.0,0.0,0.0,XLV
2025-09-08,137.4600067138672,137.8699951171875,136.3699951171875,137.85000610351562,15753300,0.0,0.0,0.0,XLV
2025-09-09,138.05999755859375,138.97000122070312,137.72000122070312,138.58999633789062,12249600,0.0,0.0,0.0,XLV
2025-09-10,138.50999450683594,138.50999450683594,136.80999755859375,137.3300018310547,13588300,0.0,0.0,0.0,XLV
2025-09-11,138.0399932861328,140.0,137.88999938964844,139.72000122070312,16470800,0.0,0.0,0.0,XLV
2025-09-12,139.22999572753906,139.80999755859375,138.10000610351562,138.11000061035156,11345400,0.0,0.0,0.0,XLV
2025-09-15,138.25999450683594,138.5399932861328,136.66000366210938,136.92999267578125,11233800,0.0,0.0,0.0,XLV
2025-09-16,136.66000366210938,137.38999938964844,136.5399932861328,136.92999267578125,12443800,0.0,0.0,0.0,XLV
2025-09-17,137.1300048828125,138.2899932861328,136.83999633789062,137.1999969482422,12501500,0.0,0.0,0.0,XLV
2025-09-18,137.1999969482422,137.94000244140625,136.88999938964844,137.47000122070312,11472900,0.0,0.0,0.0,XLV
2025-09-19,137.82000732421875,137.89999389648438,137.17999267578125,137.2899932861328,11280900,0.0,0.0,0.0,XLV
2025-09-22,136.19000244140625,137.25999450683594,135.88999938964844,136.6300048828125,9732700,0.625,0.0,0.0,XLV
2025-09-23,136.25999450683594,137.35000610351562,136.14999389648438,136.94000244140625,9903000,0.0,0.0,0.0,XLV
2025-09-24,136.82000732421875,137.05999755859375,136.16000366210938,136.38999938964844,7471600,0.0,0.0,0.0,XLV
2025-09-25,136.1300048828125,136.17999267578125,133.72999572753906,134.1300048828125,14099700,0.0,0.0,0.0,XLV
2025-09-26,135.14999389648438,135.6199951171875,134.63999938964844,135.5,10071000,0.0,0.0,0.0,XLV
2025-09-29,135.67999267578125,135.97000122070312,134.74000549316406,135.89999389648438,7735700,0.0,0.0,0.0,XLV
2025-09-30,135.75999450683594,139.5,135.6699981689453,139.1699981689453,19313500,0.0,0.0,0.0,XLV
2025-10-01,139.8000030517578,143.72999572753906,139.60000610351562,143.47000122070312,23657900,0.0,0.0,0.0,XLV
2025-10-02,142.14999389648438,143.57000732421875,142.14999389648438,143.19000244140625,15176200,0.0,0.0,0.0,XLV
2025-10-03,143.57000732421875,146.13999938964844,143.55999755859375,144.82000732421875,15829200,0.0,0.0,0.0,XLV
2025-10-06,144.89999389648438,145.05999755859375,143.97000122070312,144.1199951171875,12879900,0.0,0.0,0.0,XLV
2025-10-07,144.1199951171875,144.66000366210938,143.27999877929688,144.22999572753906,12478700,0.0,0.0,0.0,XLV
2025-10-08,144.60000610351562,144.97000122070312,144.02000427246094,144.50999450683594,8925800,0.0,0.0,0.0,XLV
2025-10-09,144.77999877929688,145.25,143.9600067138672,144.19000244140625,7657000,0.0,0.0,0.0,XLV
2025-10-10,144.61000061035156,144.74000549316406,141.94000244140625,142.11000061035156,13350100,0.0,0.0,0.0,XLV
2025-10-13,141.72999572753906,142.94000244140625,141.6300048828125,141.9499969482422,8257500,0.0,0.0,0.0,XLV
2025-10-14,141.60000610351562,142.86000061035156,141.0500030517578,142.33999633789062,10044700,0.0,0.0,0.0,XLV
2025-10-15,142.02000427246094,143.25,141.36000061035156,142.55999755859375,7260600,0.0,0.0,0.0,XLV
2025-10-16,142.85000610351562,143.63999938964844,141.9600067138672,142.32000732421875,11194100,0.0,0.0,0.0,XLV
2025-10-17,141.5800018310547,143.4199981689453,141.38999938964844,143.27000427246094,8160300,0.0,0.0,0.0,XLV
2025-10-20,143.72000122070312,144.99000549316406,143.55999755859375,144.7899932861328,8435900,0.0,0.0,0.0,XLV
2025-10-21,145.0500030517578,145.6300048828125,144.33999633789062,145.1300048828125,9031800,0.0,0.0,0.0,XLV
2025-10-22,146.2100067138672,146.72999572753906,145.5399932861328,145.9600067138672,12705300,0.0,0.0,0.0,XLV
2025-10-23,145.52000427246094,146.50999450683594,145.3699951171875,146.0399932861328,7924900,0.0,0.0,0.0,XLV
2025-10-24,146.2899932861328,146.75999450683594,145.8800048828125,146.02999877929688,7007400,0.0,0.0,0.0,XLV
2025-10-27,146.08999633789062,146.4499969482422,145.22000122070312,146.3699951171875,6466700,0.0,0.0,0.0,XLV
2025-10-28,146.41000366210938,146.5399932861328,145.19000244140625,145.4499969482422,8652700,0.0,0.0,0.0,XLV
2025-10-29,145.22000122070312,145.4499969482422,143.57000732421875,143.97999572753906,12425600,0.0,0.0,0.0,XLV
2025-10-30,143.9600067138672,145.4499969482422,143.77000427246094,144.3000030517578,10756100,0.0,0.0,0.0,XLV
2025-10-31,143.02000427246094,144.49000549316406,142.6999969482422,144.25,10581100,0.0,0.0,0.0,XLV
2025-11-03,144.07000732421875,144.55999755859375,142.8300018310547,144.4499969482422,12279300,0.0,0.0,0.0,XLV
2025-11-04,143.77000427246094,145.49000549316406,143.49000549316406,145.10000610351562,14182200,0.0,0.0,0.0,XLV
2025-11-05,144.6300048828125,146.25999450683594,144.3800048828125,145.66000366210938,13154600,0.0,0.0,0.0,XLV
2025-11-06,145.13999938964844,146.11000061035156,144.94000244140625,145.94000244140625,14395800,0.0,0.0,0.0,XLV
2025-11-07,145.83999633789062,146.14999389648438,144.72000122070312,146.13999938964844,14522900,0.0,0.0,0.0,XLV
2025-11-10,145.7899932861328,147.42999267578125,145.72000122070312,147.27999877929688,12305900,0.0,0.0,0.0,XLV
2025-11-11,147.60000610351562,150.82000732421875,147.60000610351562,150.67999267578125,12659500,0.0,0.0,0.0,XLV
2025-11-12,150.99000549316406,153.16000366210938,150.72000122070312,152.82000732421875,17847500,0.0,0.0,0.0,XLV
2025-11-13,152.0399932861328,154.52000427246094,151.86000061035156,152.74000549316406,21807600,0.0,0.0,0.0,XLV
2025-11-14,152.22000122070312,152.9199981689453,151.19000244140625,151.8300018310547,15468900,0.0,0.0,0.0,XLV
2025-11-17,151.33999633789062,153.32000732421875,151.13999938964844,151.6999969482422,17516500,0.0,0.0,0.0,XLV
2025-11-18,151.75,153.1300048828125,151.14999389648438,152.58999633789062,24494200,0.0,0.0,0.0,XLV
2025-11-19,152.47999572753906,152.92999267578125,151.57000732421875,152.3300018310547,17352600,0.0,0.0,0.0,XLV
2025-11-20,152.49000549316406,153.33999633789062,151.1199951171875,151.4199981689453,25278500,0.0,0.0,0.0,XLV
2025-11-21,151.7899932861328,155.7100067138672,151.7100067138672,154.61000061035156,25526100,0.0,0.0,0.0,XLV
2025-11-24,155.13999938964844,156.16000366210938,154.47999572753906,155.25999450683594,17928400,0.0,0.0,0.0,XLV
2025-11-25,155.77000427246094,158.88999938964844,155.77000427246094,158.77000427246094,17298600,0.0,0.0,0.0,XLV
2025-11-26,158.4199981689453,158.9499969482422,158.16000366210938,158.4199981689453,12398900,0.0,0.0,0.0,XLV
2025-11-28,158.1999969482422,158.25,157.16000366210938,157.64999389648438,8559700,0.0,0.0,0.0,XLV
2025-12-01,157.0399932861328,157.86000061035156,155.17999267578125,155.2899932861328,17321200,0.0,0.0,0.0,XLV
2025-12-02,155.25,155.47000122070312,154.13999938964844,154.36000061035156,16150300,0.0,0.0,0.0,XLV
2025-12-03,154.6699981689453,155.77999877929688,154.66000366210938,155.0800018310547,12724800,0.0,0.0,0.0,XLV
2025-12-04,155.0,155.02999877929688,153.3699951171875,153.89999389648438,13674600,0.0,0.0,0.0,XLV
2025-12-05,154.4499969482422,154.6300048828125,152.9600067138672,153.25999450683594,8868700,0.0,0.0,0.0,XLV
2025-12-08,153.35000610351562,153.4199981689453,151.1999969482422,151.42999267578125,10996000,0.0,0.0,0.0,XLV
2025-12-09,152.0,152.67999267578125,149.85000610351562,149.9600067138672,11543300,0.0,0.0,0.0,XLV
2025-12-10,150.3800048828125,152.17999267578125,149.8699951171875,152.13999938964844,15534800,0.0,0.0,0.0,XLV
2025-12-11,152.75999450683594,154.3000030517578,152.25999450683594,153.5800018310547,14703000,0.0,0.0,0.0,XLV
2025-12-12,153.75,154.55999755859375,153.41000366210938,154.05999755859375,13175500,0.0,0.0,0.0,XLV
2025-12-15,154.47000122070312,156.30999755859375,154.44000244140625,156.10000610351562,14681800,0.0,0.0,0.0,XLV
2025-12-16,156.0399932861328,156.1199951171875,153.08999633789062,154.07000732421875,12491300,0.0,0.0,0.0,XLV
2025-12-17,154.22999572753906,154.77999877929688,153.6699981689453,153.7899932861328,9093300,0.0,0.0,0.0,XLV
2025-12-18,153.75,155.17999267578125,153.67999267578125,153.91000366210938,8876400,0.0,0.0,0.0,XLV
2025-12-19,153.9199981689453,155.77000427246094,153.9199981689453,154.94000244140625,8571500,0.0,0.0,0.0,XLV
2025-12-22,154.14999389648438,155.3699951171875,153.8000030517578,155.3000030517578,7063700,0.657,0.0,0.0,XLV
2025-12-23,154.69000244140625,155.66000366210938,154.63999938964844,154.99000549316406,7465800,0.0,0.0,0.0,XLV
2025-12-24,155.1699981689453,155.94000244140625,155.14999389648438,155.8000030517578,3085700,0.0,0.0,0.0,XLV
2025-12-26,155.69000244140625,156.1199951171875,155.35000610351562,156.0500030517578,4439100,0.0,0.0,0.0,XLV
2025-12-29,156.07000732421875,156.49000549316406,155.67999267578125,155.80999755859375,6357300,0.0,0.0,0.0,XLV
2025-12-30,155.66000366210938,155.97999572753906,155.1999969482422,155.67999267578125,4355000,0.0,0.0,0.0,XLV
2025-12-31,155.60000610351562,155.83999633789062,154.77000427246094,154.8000030517578,4199500,0.0,0.0,0.0,XLV
2026-01-02,154.8699951171875,155.57000732421875,153.5800018310547,155.50999450683594,10998000,0.0,0.0,0.0,XLV
2026-01-05,154.58999633789062,155.38999938964844,152.97000122070312,155.0399932861328,17756200,0.0,0.0,0.0,XLV
2026-01-06,155.13999938964844,158.3300018310547,155.13999938964844,158.08999633789062,17783800,0.0,0.0,0.0,XLV
2026-01-07,158.5399932861328,160.58999633789062,158.5399932861328,159.66000366210938,14505700,0.0,0.0,0.0,XLV
2026-01-08,159.14999389648438,160.5,157.61000061035156,158.1199951171875,17611000,0.0,0.0,0.0,XLV
2026-01-09,158.3300018310547,158.92999267578125,157.25999450683594,157.30999755859375,12352000,0.0,0.0,0.0,XLV
2026-01-12,157.3300018310547,157.5,156.00999450683594,157.3800048828125,12250100,0.0,0.0,0.0,XLV
2026-01-13,157.64999389648438,157.6699981689453,155.74000549316406,156.74000549316406,11756500,0.0,0.0,0.0,XLV
2026-01-14,156.61000061035156,157.99000549316406,156.47999572753906,157.86000061035156,13516800,0.0,0.0,0.0,XLV
2026-01-15,157.30999755859375,157.4499969482422,155.3699951171875,156.9600067138672,15303400,0.0,0.0,0.0,XLV
2026-01-16,156.63999938964844,156.97000122070312,155.7100067138672,155.74000549316406,11950300,0.0,0.0,0.0,XLV
2026-01-20,154.0,155.9199981689453,153.22999572753906,155.39999389648438,12775200,0.0,0.0,0.0,XLV
2026-01-21,155.1999969482422,158.50999450683594,155.14999389648438,158.25999450683594,16393900,0.0,0.0,0.0,XLV
2026-01-22,157.64999389648438,159.22999572753906,157.5,158.2899932861328,10881400,0.0,0.0,0.0,XLV
2026-01-23,157.8000030517578,158.3800048828125,156.66000366210938,157.47999572753906,10191300,0.0,0.0,0.0,XLV
2026-01-26,157.3699951171875,158.3300018310547,156.89999389648438,158.10000610351562,6810400,0.0,0.0,0.0,XLV
2026-01-27,155.8000030517578,157.08999633789062,155.13999938964844,155.4499969482422,12697500,0.0,0.0,0.0,XLV
2026-01-28,154.3000030517578,155.14999389648438,153.47000122070312,154.30999755859375,11426600,0.0,0.0,0.0,XLV
2026-01-29,154.25,154.6699981689453,153.5,153.82000732421875,12167300,0.0,0.0,0.0,XLV
2026-01-30,154.1199951171875,154.92999267578125,153.2899932861328,154.74000549316406,11863900,0.0,0.0,0.0,XLV
2026-02-02,154.5800018310547,156.00999450683594,154.39999389648438,155.69000244140625,11005300,0.0,0.0,0.0,XLV
2026-02-03,154.77999877929688,157.1199951171875,153.85000610351562,154.10000610351562,21141900,0.0,0.0,0.0,XLV
2026-02-04,154.80999755859375,156.77999877929688,154.22999572753906,156.02999877929688,22951600,0.0,0.0,0.0,XLV
2026-02-05,155.4600067138672,156.97000122070312,154.67999267578125,154.83999633789062,21421600,0.0,0.0,0.0,XLV
2026-02-06,156.0399932861328,157.8000030517578,155.91000366210938,157.7100067138672,13616200,0.0,0.0,0.0,XLV
2026-02-09,157.57000732421875,158.14999389648438,156.02999877929688,156.32000732421875,11823000,0.0,0.0,0.0,XLV
2026-02-10,156.66000366210938,157.16000366210938,155.24000549316406,155.3300018310547,11103400,0.0,0.0,0.0,XLV
2026-02-11,155.17999267578125,156.3800048828125,154.3800048828125,156.25,11738400,0.0,0.0,0.0,XLV
2026-02-12,156.2100067138672,157.4199981689453,155.47999572753906,156.0,19409100,0.0,0.0,0.0,XLV
2026-02-13,156.52000427246094,158.8000030517578,156.52000427246094,157.6699981689453,16647900,0.0,0.0,0.0,XLV
2026-02-17,158.02999877929688,158.91000366210938,157.1300048828125,157.3699951171875,14881100,0.0,0.0,0.0,XLV
2026-02-18,157.1999969482422,157.8000030517578,156.47999572753906,157.6699981689453,11886300,0.0,0.0,0.0,XLV
2026-02-19,157.1999969482422,157.72000122070312,156.19000244140625,157.25999450683594,11226900,0.0,0.0,0.0,XLV
2026-02-20,157.0,157.25,155.8699951171875,156.82000732421875,13368500,0.0,0.0,0.0,XLV
2026-02-23,157.1300048828125,158.67999267578125,157.1300048828125,158.5399932861328,17053500,0.0,0.0,0.0,XLV
2026-02-24,158.00999450683594,158.5,157.30999755859375,157.8699951171875,12887100,0.0,0.0,0.0,XLV
2026-02-25,157.8699951171875,159.22999572753906,157.6199951171875,157.8300018310547,11011500,0.0,0.0,0.0,XLV
2026-02-26,158.07000732421875,158.1699981689453,156.08999633789062,157.4199981689453,15344400,0.0,0.0,0.0,XLV
2026-02-27,156.74000549316406,160.24000549316406,156.7100067138672,160.1999969482422,14250100,0.0,0.0,0.0,XLV
2026-03-02,159.19000244140625,159.83999633789062,157.99000549316406,158.52999877929688,18641400,0.0,0.0,0.0,XLV
2026-03-03,156.66000366210938,157.38999938964844,155.0,156.74000549316406,21432600,0.0,0.0,0.0,XLV
2026-03-04,156.74000549316406,157.5800018310547,155.6699981689453,157.0500030517578,12745700,0.0,0.0,0.0,XLV
2026-03-05,155.1300048828125,155.6999969482422,152.72000122070312,153.91000366210938,20476400,0.0,0.0,0.0,XLV
2026-03-06,152.77999877929688,152.99000549316406,150.9499969482422,152.6999969482422,18174000,0.0,0.0,0.0,XLV
2026-03-09,151.77999877929688,154.5500030517578,151.1300048828125,154.25999450683594,18675700,0.0,0.0,0.0,XLV
2026-03-10,154.41000366210938,154.5399932861328,153.00999450683594,153.14999389648438,17247500,0.0,0.0,0.0,XLV
2026-03-11,152.83999633789062,153.16000366210938,151.94000244140625,152.85000610351562,12503800,0.0,0.0,0.0,XLV
2026-03-12,151.9499969482422,152.49000549316406,150.02999877929688,150.16000366210938,15670500,0.0,0.0,0.0,XLV
2026-03-13,151.0399932861328,152.3000030517578,149.6699981689453,149.7899932861328,15129300,0.0,0.0,0.0,XLV
2026-03-16,150.75,151.72999572753906,150.3800048828125,151.00999450683594,10896600,0.0,0.0,0.0,XLV
2026-03-17,151.22000122070312,151.85000610351562,149.5399932861328,149.63999938964844,11938600,0.0,0.0,0.0,XLV
2026-03-18,148.72000122070312,149.0500030517578,147.00999450683594,147.13999938964844,15565400,0.0,0.0,0.0,XLV
2026-03-19,147.13999938964844,148.08999633789062,146.3000030517578,146.61000061035156,16913000,0.0,0.0,0.0,XLV
2026-03-20,146.47999572753906,147.0050048828125,144.66000366210938,145.3300018310547,16480960,0.0,0.0,0.0,XLV
2026-03-23,146.55999755859375,146.75999450683594,144.61000061035156,144.77000427246094,21334503,0.0,0.0,0.0,XLV
2026-03-24,143.9499969482422,145.2949981689453,143.3800048828125,144.7899932861328,24173177,0.0,0.0,0.0,XLV
2026-03-25,145.68499755859375,146.69000244140625,145.35000610351562,146.24000549316406,17729235,0.0,0.0,0.0,XLV
2026-03-26,145.75,146.91000366210938,145.6300048828125,145.74000549316406,13308600,0.0,0.0,0.0,XLV
2026-03-27,145.72000122070312,145.8000030517578,143.07000732421875,143.25999450683594,12883000,0.0,0.0,0.0,XLV
2026-03-30,144.3000030517578,144.6300048828125,143.42999267578125,143.82000732421875,14799000,0.0,0.0,0.0,XLV
2026-03-31,144.80999755859375,146.75,144.60000610351562,146.61000061035156,17858300,0.0,0.0,0.0,XLV
2026-04-01,147.22000122070312,148.75999450683594,146.9499969482422,147.72999572753906,16880600,0.0,0.0,0.0,XLV
2026-04-02,146.92999267578125,148.36000061035156,146.27000427246094,146.80999755859375,11075976,0.0,0.0,0.0,XLV
2026-04-06,146.27999877929688,147.13999938964844,145.75999450683594,146.27999877929688,7271100,0.0,0.0,0.0,XLV
2026-04-07,146.91000366210938,146.91000366210938,144.8800048828125,146.57000732421875,10219100,0.0,0.0,0.0,XLV
2026-04-08,148.1999969482422,149.6999969482422,147.5,149.6699981689453,8129900,0.0,0.0,0.0,XLV
2026-04-09,148.8300018310547,150.22000122070312,148.3000030517578,149.3300018310547,6406400,0.0,0.0,0.0,XLV
2026-04-10,149.77999877929688,149.83999633789062,147.11000061035156,147.30999755859375,6217800,0.0,0.0,0.0,XLV
2026-04-13,146.8800048828125,148.0500030517578,146.24000549316406,147.97000122070312,6182800,0.0,0.0,0.0,XLV
2026-04-14,147.3800048828125,149.60000610351562,147.24000549316406,148.8300018310547,7719900,0.0,0.0,0.0,XLV
2026-04-15,148.86000061035156,149.2100067138672,146.88999938964844,147.77000427246094,6668000,0.0,0.0,0.0,XLV
2026-04-16,147.19000244140625,148.1999969482422,146.2899932861328,146.61000061035156,9071400,0.0,0.0,0.0,XLV
2026-04-17,147.3699951171875,149.1199951171875,147.36000061035156,148.8000030517578,8336000,0.0,0.0,0.0,XLV
2026-04-20,148.4499969482422,148.74000549316406,147.14999389648438,147.4199981689453,6324500,0.0,0.0,0.0,XLV
2026-04-21,148.2899932861328,148.55999755859375,145.8800048828125,145.9199981689453,8734500,0.0,0.0,0.0,XLV
2026-04-22,146.50999450683594,147.5800018310547,146.00999450683594,146.3800048828125,8316200,0.0,0.0,0.0,XLV
2026-04-23,146.1999969482422,146.77000427246094,145.16000366210938,146.24000549316406,7609100,0.0,0.0,0.0,XLV
2026-04-24,145.24000549316406,145.52999877929688,143.67999267578125,144.17999267578125,7963400,0.0,0.0,0.0,XLV
2026-04-27,143.67999267578125,145.2100067138672,143.4199981689453,143.4600067138672,6571300,0.0,0.0,0.0,XLV
2026-04-28,144.57000732421875,144.86000061035156,143.27999877929688,143.83999633789062,8607600,0.0,0.0,0.0,XLV
2026-04-29,142.25999450683594,143.25,141.97000122070312,142.83999633789062,11883900,0.0,0.0,0.0,XLV
2026-04-30,143.67999267578125,146.2899932861328,143.66000366210938,145.99000549316406,12567600,0.0,0.0,0.0,XLV
2026-05-01,146.2899932861328,146.61000061035156,145.14999389648438,145.16000366210938,8862100,0.0,0.0,0.0,XLV
2026-05-04,144.55999755859375,145.2100067138672,144.32000732421875,144.72999572753906,10884900,0.0,0.0,0.0,XLV
2026-05-05,145.27999877929688,145.66000366210938,144.4199981689453,145.3000030517578,7173600,0.0,0.0,0.0,XLV
2026-05-06,145.36000061035156,146.14999389648438,144.89999389648438,145.39999389648438,10612600,0.0,0.0,0.0,XLV
2026-05-07,145.17999267578125,145.83999633789062,144.27000427246094,144.72000122070312,7595800,0.0,0.0,0.0,XLV
2026-05-08,144.58999633789062,145.07000732421875,143.17999267578125,143.49000549316406,10149300,0.0,0.0,0.0,XLV
2026-05-11,143.75,145.02000427246094,142.6699981689453,143.0399932861328,9253900,0.0,0.0,0.0,XLV
2026-05-12,143.80999755859375,146.63999938964844,143.19000244140625,145.85000610351562,11895400,0.0,0.0,0.0,XLV
2026-05-13,145.32000732421875,146.97999572753906,145.1300048828125,146.7100067138672,15836500,0.0,0.0,0.0,XLV
2026-05-14,146.85000610351562,147.39999389648438,145.94000244140625,146.6300048828125,7762900,0.0,0.0,0.0,XLV
2026-05-15,146.75999450683594,147.16000366210938,144.88999938964844,145.10000610351562,9034300,0.0,0.0,0.0,XLV
2026-05-18,144.5,145.7899932861328,144.1199951171875,145.72000122070312,7945400,0.0,0.0,0.0,XLV
2026-05-19,145.6199951171875,148.07000732421875,144.85000610351562,147.32000732421875,12387600,0.0,0.0,0.0,XLV
2026-05-20,147.5399932861328,148.02000427246094,146.2899932861328,147.1300048828125,10522500,0.0,0.0,0.0,XLV
2026-05-21,146.89999389648438,148.3000030517578,145.83999633789062,148.14999389648438,7150000,0.0,0.0,0.0,XLV
2026-05-22,149.08999633789062,150.32000732421875,149.0,149.88999938964844,6915200,0.0,0.0,0.0,XLV
2026-05-26,149.9499969482422,150.3000030517578,148.44000244140625,148.50999450683594,6590400,0.0,0.0,0.0,XLV
2026-05-27,148.69000244140625,150.1999969482422,148.27999877929688,148.7899932861328,10034546,0.0,0.0,0.0,XLV
2026-05-28,149.14999389648438,151.35000610351562,149.11000061035156,150.8800048828125,10397400,0.0,0.0,0.0,XLV
2026-05-29,150.85000610351562,151.0399932861328,149.10000610351562,149.47000122070312,13195800,0.0,0.0,0.0,XLV
2026-06-01,150.85000610351562,148.8800048828125,148.05999755859375,148.05999755859375,691298,0.0,0.0,0.0,XLV
2026-06-02,146.75,147.27000427246094,145.30999755859375,146.39999389648438,12023600,0.0,0.0,0.0,XLV
2026-06-03,146.16000366210938,148.0500030517578,146.07000732421875,147.5500030517578,9815200,0.0,0.0,0.0,XLV
2026-06-04,150.3800048828125,152.5399932861328,150.2899932861328,152.0800018310547,14030300,0.0,0.0,0.0,XLV
2026-06-05,153.3800048828125,154.6999969482422,152.9199981689453,153.00999450683594,20714200,0.0,0.0,0.0,XLV
2026-06-08,153.24000549316406,154.47000122070312,152.41000366210938,152.64999389648438,10632200,0.0,0.0,0.0,XLV
2026-06-09,153.47999572753906,154.97999572753906,153.17999267578125,154.57000732421875,13125500,0.0,0.0,0.0,XLV
2026-06-10,154.9600067138672,155.1300048828125,152.82000732421875,152.85000610351562,11709400,0.0,0.0,0.0,XLV
2026-06-11,153.4600067138672,155.16000366210938,152.86000061035156,154.08999633789062,10546400,0.0,0.0,0.0,XLV
2026-06-12,154.97000122070312,155.16000366210938,153.3699951171875,153.80999755859375,9110300,0.0,0.0,0.0,XLV
2026-06-15,153.7050018310547,153.8800048828125,151.76499938964844,152.58999633789062,1786822,0.0,0.0,0.0,XLV
2026-06-16,153.60000610351562,153.72000122070312,151.72000122070312,152.94000244140625,8612500,0.0,0.0,0.0,XLV
2026-06-17,152.0500030517578,152.57000732421875,149.97000122070312,150.7100067138672,10986300,0.0,0.0,0.0,XLV
2026-06-18,151.27000427246094,151.27000427246094,148.7899932861328,149.39999389648438,10878100,0.0,0.0,0.0,XLV
2026-06-22,151.27000427246094,150.16000366210938,149.14999389648438,150.00999450683594,530149,0.0,0.0,0.0,XLV
2026-06-23,151.49000549316406,152.42999267578125,151.0,152.17999267578125,9477800,0.0,0.0,0.0,XLV
2026-06-24,153.1300048828125,154.6699981689453,152.4600067138672,153.35000610351562,10065000,0.0,0.0,0.0,XLV
2026-06-25,153.9499969482422,157.2100067138672,153.58999633789062,155.6300048828125,9419200,0.0,0.0,0.0,XLV
2026-06-26,156.32000732421875,160.63999938964844,156.17999267578125,160.33999633789062,16556900,0.0,0.0,0.0,XLV
2026-06-29,160.6999969482422,161.08999633789062,159.8800048828125,160.74000549316406,12926700,0.0,0.0,0.0,XLV
