Date,open,high,low,close,volume,dividends,stock splits,capital gains,symbol
2012-01-03,16.81039115006691,16.86971831759767,16.674789428710938,16.674789428710938,24111000,0.0,0.0,0.0,XLY
2012-01-04,16.645128490376354,16.844294247819317,16.645128490376354,16.806156158447266,6236600,0.0,0.0,0.0,XLY
2012-01-05,16.712930226284417,16.94599723815918,16.62394188529603,16.94599723815918,9152600,0.0,0.0,0.0,XLY
2012-01-06,16.95447157274916,17.03498622225469,16.86548322840127,16.97142219543457,6185200,0.0,0.0,0.0,XLY
2012-01-09,17.018034957102078,17.018034957102078,16.87819636647751,16.94599723815918,6142800,0.0,0.0,0.0,XLY
2012-01-10,17.090082213783678,17.098555912233685,16.996855365823208,17.056180953979492,7713000,0.0,0.0,0.0,XLY
2012-01-11,17.026507669521717,17.115495996928612,17.018032359792482,17.08159637451172,5221000,0.0,0.0,0.0,XLY
2012-01-12,17.11549566992788,17.157872217764428,16.98413241288462,17.1324462890625,4188200,0.0,0.0,0.0,XLY
2012-01-13,17.034981389157352,17.111257553100586,16.93751776111875,17.111257553100586,6846400,0.0,0.0,0.0,XLY
2012-01-17,17.20872339736413,17.26804895107135,17.13244722359767,17.157873153686523,4717400,0.0,0.0,0.0,XLY
2012-01-18,17.1917708119218,17.450262080523764,17.123969955936033,17.433311462402344,8930000,0.0,0.0,0.0,XLY
2012-01-19,17.458734821840974,17.615523975154566,17.437547360555303,17.585861206054688,7903400,0.0,0.0,0.0,XLY
2012-01-20,17.58162597944028,17.58162597944028,17.390935577309723,17.44178581237793,12068000,0.0,0.0,0.0,XLY
2012-01-23,17.44602615252157,17.55196510642272,17.310424420848108,17.4290771484375,5862400,0.0,0.0,0.0,XLY
2012-01-24,17.36550901123132,17.48839855657319,17.310420315647075,17.479923248291016,5635000,0.0,0.0,0.0,XLY
2012-01-25,17.467215178607912,17.645191844651883,17.39517584961382,17.607053756713867,8151000,0.0,0.0,0.0,XLY
2012-01-26,17.691801093056082,17.755365096876552,17.509586006370494,17.5773868560791,7479800,0.0,0.0,0.0,XLY
2012-01-27,17.47568986230723,17.598577815479185,17.4375517757366,17.564678192138672,6762800,0.0,0.0,0.0,XLY
2012-01-30,17.412124276384638,17.543489144176032,17.301948489833748,17.513826370239258,9903200,0.0,0.0,0.0,XLY
2012-01-31,17.624004412971782,17.63671657014351,17.441789283176316,17.50959014892578,6828400,0.0,0.0,0.0,XLY
2012-02-01,17.543488196388367,17.632476513391097,17.50535011531579,17.568912506103516,11254400,0.0,0.0,0.0,XLY
2012-02-02,17.56044737645971,17.590110165988293,17.462983694222814,17.5477352142334,7214200,0.0,0.0,0.0,XLY
2012-02-03,17.674853569427487,17.90791893005371,17.674853569427487,17.90791893005371,11123600,0.0,0.0,0.0,XLY
2012-02-06,17.793506936535074,17.899445887626257,17.789268473251365,17.869781494140625,5171600,0.0,0.0,0.0,XLY
2012-02-07,17.869775445757973,17.979952822841128,17.814688373715956,17.954526901245117,18817200,0.0,0.0,0.0,XLY
2012-02-08,17.996912002563477,18.08166188188633,17.886734573043242,17.996912002563477,8521800,0.0,0.0,0.0,XLY
2012-02-09,17.988431285620553,18.043519983825945,17.865541734431545,18.02656936645508,8258800,0.0,0.0,0.0,XLY
2012-02-10,17.84435808489559,17.95029704135638,17.823170616903468,17.929109573364258,6367000,0.0,0.0,0.0,XLY
2012-02-13,18.05624006427568,18.09861500980321,18.00538980634253,18.07319068908691,9679200,0.0,0.0,0.0,XLY
2012-02-14,17.97996612075544,18.06471763892448,17.916402078003465,18.05200386047364,7708200,0.0,0.0,0.0,XLY
2012-02-15,18.13251665888982,18.16641629275855,17.929114006175656,17.97148895263672,9940800,0.0,0.0,0.0,XLY
2012-02-16,17.941821057282027,18.073185940301737,17.929108900264037,18.047760009765625,9935000,0.0,0.0,0.0,XLY
2012-02-17,18.09437588238499,18.23421447820991,18.09437588238499,18.204551696777344,6741400,0.0,0.0,0.0,XLY
2012-02-21,18.26387727685374,18.310490681006097,18.10285121078243,18.140989303588867,8236600,0.0,0.0,0.0,XLY
2012-02-22,18.14098327697258,18.170646048578835,18.030805882578083,18.094369888305664,9264400,0.0,0.0,0.0,XLY
2012-02-23,18.094380316755338,18.19184399627629,18.026579425936376,18.183368682861328,7072600,0.0,0.0,0.0,XLY
2012-02-24,18.183357872847328,18.23844656904396,18.136744485027084,18.16217041015625,5540200,0.0,0.0,0.0,XLY
2012-02-27,18.0986111113655,18.293538405205727,18.047760864385484,18.26811408996582,8870800,0.0,0.0,0.0,XLY
2012-02-28,18.26811532557721,18.378291137569303,18.22573876981078,18.369815826416016,12252000,0.0,0.0,0.0,XLY
2012-02-29,18.38252995381508,18.437617052617057,18.29777845715772,18.30201530456543,19011800,0.0,0.0,0.0,XLY
2012-03-01,18.352866456743925,18.47999288852217,18.34439114575867,18.454566955566406,9467200,0.0,0.0,0.0,XLY
2012-03-02,18.399485534602046,18.50966300457623,18.37829805699191,18.44186210632324,11599800,0.0,0.0,0.0,XLY
2012-03-05,18.391008050429377,18.463045782772937,18.33591932678392,18.42490768432617,6652200,0.0,0.0,0.0,XLY
2012-03-06,18.25540007980906,18.26387377302899,18.08165865529969,18.13674736022949,10974000,0.0,0.0,0.0,XLY
2012-03-07,18.204546879125395,18.3698113652285,18.196071570030373,18.34438705444336,9631800,0.0,0.0,0.0,XLY
2012-03-08,18.365577316118696,18.56897991587888,18.365577316118696,18.53084182739257,8756200,0.0,0.0,0.0,XLY
2012-03-09,18.60287825804781,18.674915960349853,18.560501712723145,18.636777877807617,9470800,0.0,0.0,0.0,XLY
2012-03-12,18.64525925155397,18.69187265832293,18.54779559035545,18.58593368530273,10772000,0.0,0.0,0.0,XLY
2012-03-13,18.65796244427149,18.87407875061035,18.62406282977696,18.87407875061035,13602600,0.0,0.0,0.0,XLY
2012-03-14,18.882556936845752,18.895269092156607,18.78933015389973,18.8486557006836,13957200,0.0,0.0,0.0,XLY
2012-03-15,18.84442674639605,18.92493979124989,18.77238739763158,18.91222763061523,10541200,0.0,0.0,0.0,XLY
2012-03-16,18.93645288962355,18.940704404433145,18.81318490379017,18.8514404296875,15447600,0.0685,0.0,0.0,XLY
2012-03-19,18.787681890357927,18.974708000948723,18.779180482402285,18.94920539855957,14249800,0.0,0.0,0.0,XLY
2012-03-20,18.85994573483456,19.017219385730733,18.80468900271464,18.97896385192871,9535400,0.0,0.0,0.0,XLY
2012-03-21,19.017212301939235,19.06396760674508,18.97895678238715,19.00445938110352,6158800,0.0,0.0,0.0,XLY
2012-03-22,18.910939720886105,19.00445191523924,18.87693410731994,18.95769500732422,9118600,0.0,0.0,0.0,XLY
2012-03-23,18.927955392540586,19.000216565934693,18.740929239218552,18.97896385192871,7054400,0.0,0.0,0.0,XLY
2012-03-26,19.136231489862144,19.29350348318856,19.110727266020927,19.28075218200684,11443800,0.0,0.0,0.0,XLY
2012-03-27,19.336009999024544,19.36576411529424,19.238244621021,19.25099754333496,9001400,0.0,0.0,0.0,XLY
2012-03-28,19.263744998896573,19.263744998896573,19.00020789819398,19.085220336914062,13392000,0.0,0.0,0.0,XLY
2012-03-29,18.95770090152391,19.097971668881,18.868438570375258,19.080968856811523,7817600,0.0,0.0,0.0,XLY
2012-03-30,19.16173330737229,19.21699001987247,19.055468153595324,19.16598320007324,8367400,0.0,0.0,0.0,XLY
2012-04-02,19.136226686852964,19.28074734272436,19.08521987345052,19.21698760986328,21711200,0.0,0.0,0.0,XLY
2012-04-03,19.191486746293418,19.297751896336067,19.1064743019638,19.1787338256836,10632600,0.0,0.0,0.0,XLY
2012-04-04,19.063969841440475,19.0767227637711,18.881193628986168,19.00021171569824,14964000,0.0,0.0,0.0,XLY
2012-04-05,18.936459031802737,19.16174236692724,18.936459031802737,19.131986618041992,11427200,0.0,0.0,0.0,XLY
2012-04-09,18.855681409579542,19.000202024281915,18.821675796013384,18.95769500732422,13188000,0.0,0.0,0.0,XLY
2012-04-10,18.88969317523549,18.953452916172264,18.45613115270708,18.49438667297364,34536400,0.0,0.0,0.0,XLY
2012-04-11,18.677164733016745,18.80043271301931,18.66016353901597,18.749425888061523,9042400,0.0,0.0,0.0,XLY
2012-04-12,18.791929777715115,19.004460089487,18.711168842973738,18.987457275390625,14096400,0.0,0.0,0.0,XLY
2012-04-13,18.949203879902235,19.038466224066006,18.847188614088186,18.93645095825196,12947600,0.0,0.0,0.0,XLY
2012-04-16,18.98320718982037,19.029964117371755,18.783428179910835,18.86844062805176,19842600,0.0,0.0,0.0,XLY
2012-04-17,18.9619568776725,19.123480387389705,18.90669853618123,19.06822204589844,9396400,0.0,0.0,0.0,XLY
2012-04-18,19.025713624904046,19.17873571548005,19.00021102412649,19.09797477722168,8628400,0.0,0.0,0.0,XLY
2012-04-19,19.09797794173728,19.191491817357253,18.85994335901277,18.944955825805664,11413600,0.0,0.0,0.0,XLY
2012-04-20,19.021463579467905,19.11922733177947,18.966205242430007,18.97470664978028,9196200,0.0,0.0,0.0,XLY
2012-04-23,18.80893117728072,18.838685288972904,18.647407698467777,18.770675659179688,12324200,0.0,0.0,0.0,XLY
2012-04-24,18.79192350767549,18.86843452410321,18.63040169208547,18.706911087036133,17761400,0.0,0.0,0.0,XLY
2012-04-25,18.847188598876485,19.03421469432739,18.83868719160904,19.02146339416504,15792800,0.0,0.0,0.0,XLY
2012-04-26,18.99170805239208,19.29775220833573,18.99170805239208,19.259496688842773,11561400,0.0,0.0,0.0,XLY
2012-04-27,19.399762440940247,19.5867901129575,19.31050011828324,19.49752616882324,17906200,0.0,0.0,0.0,XLY
2012-04-30,19.4847858011534,19.4847858011534,19.34026507420134,19.387022018432617,13903200,0.0,0.0,0.0,XLY
2012-05-01,19.43376736002168,19.66755032012326,19.37000763386797,19.514528274536133,15511600,0.0,0.0,0.0,XLY
2012-05-02,19.44652899322817,19.64205654586328,19.408273461497124,19.62080383300781,19296800,0.0,0.0,0.0,XLY
2012-05-03,19.61229985812785,19.62930267477934,19.408270922743537,19.4677791595459,10054600,0.0,0.0,0.0,XLY
2012-05-04,19.382766925751493,19.382766925751493,19.072472814862387,19.089475631713867,19999800,0.0,0.0,0.0,XLY
2012-05-07,19.03421193435916,19.161731403402843,19.012959230011013,19.080968856811523,15508600,0.0,0.0,0.0,XLY
2012-05-08,18.93645288962355,18.940704404433145,18.54114632917705,18.8514404296875,24420200,0.0,0.0,0.0,XLY
2012-05-09,18.68565906907559,18.88118650864688,18.570892540246245,18.779172897338867,22291600,0.0,0.0,0.0,XLY
2012-05-10,18.88543905825039,18.95769856843673,18.77067252312161,18.84293365478516,15600000,0.0,0.0,0.0,XLY
2012-05-11,18.728176438510083,19.017217866032432,18.723924923161743,18.8046875,16199200,0.0,0.0,0.0,XLY
2012-05-14,18.65591957280073,18.72818075708319,18.536903059251248,18.54115295410156,23373600,0.0,0.0,0.0,XLY
2012-05-15,18.52413979060997,18.74942136619613,18.46888146437054,18.51138687133789,19657800,0.0,0.0,0.0,XLY
2012-05-16,18.562396983547817,18.70266777013308,18.47738615450204,18.48163604736328,16355800,0.0,0.0,0.0,XLY
2012-05-17,18.49863848198829,18.50713988901386,17.980064003771677,17.992816925048828,31044600,0.0,0.0,0.0,XLY
2012-05-18,18.04807579927885,18.150091074321733,17.831295569344693,17.85679817199707,18975800,0.0,0.0,0.0,XLY
2012-05-21,17.831292781206827,18.17559083500109,17.737778928829357,18.17134094238281,16673400,0.0,0.0,0.0,XLY
2012-05-22,18.23935095263056,18.383871626810247,18.12458439182808,18.24360084533691,18412000,0.0,0.0,0.0,XLY
2012-05-23,18.116080706297858,18.37111801649509,18.022568485221832,18.34136390686035,13270200,0.0,0.0,0.0,XLY
2012-05-24,18.371115829035315,18.456126634168072,18.26485070114219,18.42637252807617,15790000,0.0,0.0,0.0,XLY
2012-05-25,18.44763205469133,18.494387362112583,18.341366896822084,18.396623611450195,12193400,0.0,0.0,0.0,XLY
2012-05-29,18.54539765805287,18.685666837284906,18.460385198969146,18.65166282653809,24655000,0.0,0.0,0.0,XLY
2012-05-30,18.46887691578776,18.49437950509636,18.3073534904332,18.358360290527344,14576800,0.0,0.0,0.0,XLY
2012-05-31,18.337115042492016,18.439130305605183,18.15008895184174,18.320112228393555,19736200,0.0,0.0,0.0,XLY
2012-06-01,18.00981618599855,18.052323216567352,17.708023565608435,17.742029190063477,30107600,0.0,0.0,0.0,XLY
2012-06-04,17.742029923886975,17.861046371447394,17.614510448383687,17.805788040161133,21881000,0.0,0.0,0.0,XLY
2012-06-05,17.742027359274086,17.93330330192508,17.7292744406807,17.903549194335938,13564200,0.0,0.0,0.0,XLY
2012-06-06,18.05232280255646,18.307358494210625,18.03531999071888,18.290355682373047,18108200,0.0,0.0,0.0,XLY
2012-06-07,18.57514710548167,18.57514710548167,18.243598760558392,18.290355682373047,16325000,0.0,0.0,0.0,XLY
2012-06-08,18.21809274295365,18.45612557806809,18.14158172553056,18.451875686645508,12487200,0.0,0.0,0.0,XLY
2012-06-11,18.59640154922217,18.609152848554547,18.14158682962226,18.17134094238281,22115200,0.0,0.0,0.0,XLY
2012-06-12,18.235097431196937,18.392369373676647,18.128832298431167,18.36686515808105,24132600,0.0,0.0,0.0,XLY
2012-06-13,18.298862274668856,18.37537332814582,18.039574995827795,18.099084854125977,22783200,0.0,0.0,0.0,XLY
2012-06-14,18.175588925567336,18.4263747221154,18.12458211211884,18.34136390686035,24209200,0.0,0.0,0.0,XLY
2012-06-15,18.427527153957566,18.53843284945345,18.36354203491933,18.52136993408203,20657200,0.076,0.0,0.0,XLY
2012-06-18,18.4531230997859,18.691999074782053,18.4147323471474,18.653608322143555,10990600,0.0,0.0,0.0,XLY
2012-06-19,18.743193557913767,18.909554636104943,18.71333425272281,18.8242416381836,21073800,0.0,0.0,0.0,XLY
2012-06-20,18.85409698820507,18.888221203889056,18.649346812471908,18.80290985107422,14074400,0.0,0.0,0.0,XLY
2012-06-21,18.828504506558406,18.828504506558406,18.376348433044644,18.393409729003903,15924800,0.0,0.0,0.0,XLY
2012-06-22,18.453125415566365,18.50857909349436,18.380610444376387,18.474454879760746,7776000,0.0,0.0,0.0,XLY
2012-06-25,18.295292823628905,18.34647994483657,18.11613708579747,18.18865203857422,15135400,0.0,0.0,0.0,XLY
2012-06-26,18.265439298754973,18.47872093617828,18.209985617406183,18.414735794067383,15523600,0.0,0.0,0.0,XLY
2012-06-27,18.40619827511746,18.50430759210205,18.329416787527943,18.389135360717773,8129600,0.0,0.0,0.0,XLY
2012-06-28,18.282501135722924,18.33368827004925,18.10761026849909,18.286766052246097,13537000,0.0,0.0,0.0,XLY
2012-06-29,18.581099190756053,18.69627148481233,18.43180104933053,18.67494201660156,20060400,0.0,0.0,0.0,XLY
2012-07-02,18.687742490466807,18.760257484886267,18.58963310714097,18.730398178100582,16784400,0.0,0.0,0.0,XLY
2012-07-03,18.71332740783691,18.75598470479962,18.61521806563693,18.71332740783691,5544000,0.0,0.0,0.0,XLY
2012-07-05,18.62374620532509,18.85409068623605,18.610949832122003,18.76024627685547,11049600,0.0,0.0,0.0,XLY
2012-07-06,18.602419515710995,18.734653052814828,18.56402876653681,18.670669555664062,10615400,0.0,0.0,0.0,XLY
2012-07-09,18.65787786186004,18.679205699593552,18.50857974330603,18.56829833984375,11543400,0.0,0.0,0.0,XLY
2012-07-10,18.662138043463216,18.73038808321951,18.389137884438043,18.457387924194336,12337600,0.0,0.0,0.0,XLY
2012-07-11,18.45312039534448,18.487246227003737,18.235573913749004,18.35074615478516,17611800,0.0,0.0,0.0,XLY
2012-07-12,18.24836972625296,18.38486979427695,18.10760474300722,18.308088302612305,12639600,0.0,0.0,0.0,XLY
2012-07-13,18.33368734026807,18.645078301376568,18.30809296079808,18.606687545776367,12118800,0.0,0.0,0.0,XLY
2012-07-16,18.50431802045127,18.58963101331988,18.419005027582656,18.487255096435547,8102800,0.0,0.0,0.0,XLY
2012-07-17,18.53843439135092,18.721856678826537,18.43179360222367,18.670669555664062,12678400,0.0,0.0,0.0,XLY
2012-07-18,18.59815194324917,18.819964967618613,18.572559196689493,18.76877784729004,14100800,0.0,0.0,0.0,XLY
2012-07-19,18.81143281654258,19.01618454473073,18.76024569810012,18.892480850219727,8381800,0.0,0.0,0.0,XLY
2012-07-20,18.76452152939663,18.79011428768231,18.653614152792144,18.662145614624023,11541400,0.0,0.0,0.0,XLY
2012-07-23,18.37207244631809,18.45311884890299,18.252635299938422,18.389135360717773,7985400,0.0,0.0,0.0,XLY
2012-07-24,18.40193434529393,18.427528720526908,18.14599710180148,18.26543426513672,9807400,0.0,0.0,0.0,XLY
2012-07-25,18.29530084853329,18.346487992193275,18.15453579666585,18.22705078125,6431400,0.0,0.0,0.0,XLY
2012-07-26,18.49151064578664,18.581090137882,18.33794928907137,18.52136993408203,10344000,0.0,0.0,0.0,XLY
2012-07-27,18.6194899229522,18.93514587451715,18.6194899229522,18.88822364807129,19862200,0.0,0.0,0.0,XLY
2012-07-30,18.883948654649764,18.939402313334043,18.764511507215097,18.815698623657227,15601400,0.0,0.0,0.0,XLY
2012-07-31,18.73465602498475,18.73465602498475,18.57256317138672,18.57256317138672,11804600,0.0,0.0,0.0,XLY
2012-08-01,18.696266173135072,18.71332746476256,18.47445310988273,18.49578094482422,15779400,0.0,0.0,0.0,XLY
2012-08-02,18.380612931244915,18.63655026410879,18.346487085684466,18.542707443237305,14415400,0.0,0.0,0.0,XLY
2012-08-03,18.74745711300404,18.943675837883887,18.734659107670257,18.9095516204834,15292400,0.0,0.0,0.0,XLY
2012-08-06,18.93941151382777,19.033254335024324,18.901020751044225,18.977802276611328,10836800,0.0,0.0,0.0,XLY
2012-08-07,19.071635147125125,19.220933203257733,19.071635147125125,19.15694808959961,12502800,0.0,0.0,0.0,XLY
2012-08-08,18.973534361292263,19.08017518051752,18.913815762879683,19.063112258911133,8037000,0.0,0.0,0.0,XLY
2012-08-09,19.037513761147743,19.105763799776263,18.999123012718627,19.05031013488769,3436600,0.0,0.0,0.0,XLY
2012-08-10,18.98206938354849,19.046054537972577,18.943678616336065,19.03325653076172,8928600,0.0,0.0,0.0,XLY
2012-08-13,19.00765626287512,19.05457684674807,18.926608215656653,19.04178047180176,4789600,0.0,0.0,0.0,XLY
2012-08-14,19.1740180366338,19.178282953077844,19.03325138583584,19.08870506286621,7095400,0.0,0.0,0.0,XLY
2012-08-15,19.0588481544712,19.16548897824187,19.0588481544712,19.148426055908203,4618400,0.0,0.0,0.0,XLY
2012-08-16,19.118564286079707,19.365971746333297,19.118564286079707,19.306251525878903,14047600,0.0,0.0,0.0,XLY
2012-08-17,19.31477997927948,19.408624398175466,19.31477997927948,19.37876510620117,9154800,0.0,0.0,0.0,XLY
2012-08-20,19.34464054076216,19.357438543312,19.225203365026832,19.297719955444336,7038200,0.0,0.0,0.0,XLY
2012-08-21,19.33184574423408,19.42569017695285,19.23373639512336,19.27212715148925,6603600,0.0,0.0,0.0,XLY
2012-08-22,19.23373507202783,19.361703708707942,19.22947015592927,19.327579498291016,7563200,0.0,0.0,0.0,XLY
2012-08-23,19.263602631648247,19.284930475711008,19.15696178412424,19.19535255432129,7060600,0.0,0.0,0.0,XLY
2012-08-24,19.16121475623471,19.37449631831502,19.148418383216832,19.353168487548828,5896800,0.0,0.0,0.0,XLY
2012-08-27,19.40862764116212,19.41289255763848,19.276392449459827,19.323314666748047,5579600,0.0,0.0,0.0,XLY
2012-08-28,19.30625019967283,19.4171575456885,19.27639090510157,19.361703872680664,7244400,0.0,0.0,0.0,XLY
2012-08-29,19.378767728300883,19.489673452467606,19.35317334862721,19.455549240112305,8028600,0.0,0.0,0.0,XLY
2012-08-30,19.37450595150976,19.459818944202176,19.327585351378417,19.348913192749023,11250600,0.0,0.0,0.0,XLY
2012-08-31,19.459819555152787,19.515273246225355,19.323319413443425,19.42996025085449,7261600,0.0,0.0,0.0,XLY
2012-09-04,19.39156521282023,19.46834672901995,19.25933164497269,19.383033752441406,12437600,0.0,0.0,0.0,XLY
2012-09-05,19.408630285579264,19.489676727349867,19.35317660057313,19.41289520263672,12406800,0.0,0.0,0.0,XLY
2012-09-06,19.532322839856075,19.86077659017642,19.523791383420736,19.847978591918945,10768800,0.0,0.0,0.0,XLY
2012-09-07,19.90771148222079,19.975963182806705,19.877852176819506,19.954633712768555,9532000,0.0,0.0,0.0,XLY
2012-09-10,19.954629654553347,20.044209179749338,19.911973977572227,19.92477035522461,5881800,0.0,0.0,0.0,XLY
2012-09-11,19.92903297243321,19.9802201001666,19.886375676647507,19.916234970092773,6184400,0.0,0.0,0.0,XLY
2012-09-12,19.993013523231152,20.04846718595984,19.920498571916823,20.01434135437012,9850200,0.0,0.0,0.0,XLY
2012-09-13,20.005814026294367,20.31720495606228,19.95036035662875,20.270282745361328,11712200,0.0,0.0,0.0,XLY
2012-09-14,20.321470509758,20.47929843753442,20.295877759270155,20.3513298034668,10467000,0.0,0.0,0.0,XLY
2012-09-17,20.33426807516585,20.33426807516585,20.214830893340007,20.27454948425293,5422400,0.0,0.0,0.0,XLY
2012-09-18,20.2105670333376,20.236159786660927,20.138050435432305,20.17644119262696,6535600,0.0,0.0,0.0,XLY
2012-09-19,20.24042831706575,20.44517849979804,20.20630247300547,20.385459899902344,11949600,0.0,0.0,0.0,XLY
2012-09-20,20.283074167132725,20.36412219390063,20.20629268240998,20.35985565185547,7068200,0.0,0.0,0.0,XLY
2012-09-21,20.448039571520862,20.47800307405475,20.31962432739157,20.34530639648437,9417800,0.083,0.0,0.0,XLY
2012-09-24,20.276813021243065,20.33674001113115,20.22544726318014,20.289655685424805,5377000,0.0,0.0,0.0,XLY
2012-09-25,20.353858336608887,20.426627975883804,20.04566221800312,20.04994201660156,5911200,0.0,0.0,0.0,XLY
2012-09-26,20.037110758706632,20.079915297114727,19.840205636519368,19.912975311279297,7033800,0.0,0.0,0.0,XLY
2012-09-27,19.99002698399625,20.19121029609421,19.95578204319485,20.11416244506836,5793600,0.0,0.0,0.0,XLY
2012-09-28,19.985743023744902,20.11415990262956,19.878730046599987,20.028549194335938,7286200,0.0,0.0,0.0,XLY
2012-10-01,20.07991354353587,20.24685351479243,19.977180374284263,20.01570510864257,5375200,0.0,0.0,0.0,XLY
2012-10-02,20.084197286223404,20.122722028143823,19.9001364447021,19.977184295654297,8313800,0.0,0.0,0.0,XLY
2012-10-03,20.05423198612037,20.204051139252552,19.98146394282731,20.13556289672852,7900600,0.0,0.0,0.0,XLY
2012-10-04,20.23828924274055,20.36242466068967,20.208325746392568,20.31962013244629,10827000,0.0,0.0,0.0,XLY
2012-10-05,20.45660423450565,20.53365372047616,20.323907534692307,20.37955474853516,10052400,0.0,0.0,0.0,XLY
2012-10-08,20.2896567307458,20.396669684741525,20.276814065902403,20.34102249145508,5473400,0.0,0.0,0.0,XLY
2012-10-09,20.32390298350905,20.32390298350905,20.00714550801925,20.01570510864257,11578000,0.0,0.0,0.0,XLY
2012-10-10,20.03711258954868,20.079917131867933,19.85732991945284,19.89157485961914,10855000,0.0,0.0,0.0,XLY
2012-10-11,20.03710752578149,20.03710752578149,19.75031193947772,19.801677703857425,11621800,0.0,0.0,0.0,XLY
2012-10-12,19.810242463381503,19.91297564331781,19.75031545545553,19.797401428222656,11437000,0.0,0.0,0.0,XLY
2012-10-15,19.878722858118337,20.019980720654853,19.763148688648783,19.99429702758789,6924200,0.0,0.0,0.0,XLY
2012-10-16,20.07135814001949,20.195493612662897,20.07135814001949,20.174091339111328,7666400,0.0,0.0,0.0,XLY
2012-10-17,20.22972706264872,20.349582675312885,20.18264273694237,20.289655685424805,9962400,0.0,0.0,0.0,XLY
2012-10-18,20.281097504779424,20.405231302699413,20.20832783976181,20.302499771118164,8949200,0.0,0.0,0.0,XLY
2012-10-19,20.225451742279784,20.238292776417268,19.86588809043483,19.93865776062012,14896400,0.0,0.0,0.0,XLY
2012-10-22,19.92582219338015,19.96006714046645,19.737479883072343,19.87445640563965,6554200,0.0,0.0,0.0,XLY
2012-10-23,19.668984207121827,19.775997177092144,19.549128570391,19.7160701751709,9354400,0.0,0.0,0.0,XLY
2012-10-24,19.82736893807809,19.82736893807809,19.60478169731864,19.639026641845703,5481600,0.0,0.0,0.0,XLY
2012-10-25,19.74603506027147,19.82308453468212,19.50632540289521,19.591936111450195,5990800,0.0,0.0,0.0,XLY
2012-10-26,19.651863387789767,19.69894935978688,19.44639866416569,19.65614318847656,7577200,0.0,0.0,0.0,XLY
2012-10-31,19.831648506552217,19.870171616187136,19.56625511010581,19.720354080200195,18315800,0.0,0.0,0.0,XLY
2012-11-01,19.797398536007552,19.9857407666725,19.763153603402145,19.947216033935547,10258800,0.0,0.0,0.0,XLY
2012-11-02,20.16552609766546,20.22545310486215,19.921536635285506,19.93437767028809,12173800,0.0,0.0,0.0,XLY
2012-11-05,19.91297072914551,20.01570225084098,19.82736003914055,19.98573875427246,12630200,0.0,0.0,0.0,XLY
2012-11-06,20.04138859637744,20.13984033138368,19.98146159532045,20.092754364013672,9504000,0.0,0.0,0.0,XLY
2012-11-07,19.947211262778428,20.015699478719338,19.703221891433447,19.85732078552246,13969200,0.0,0.0,0.0,XLY
2012-11-08,19.86161152527684,19.92581833931129,19.53201132132301,19.536291122436523,12935200,0.0,0.0,0.0,XLY
2012-11-09,19.37791278293636,19.613341038705524,19.343667841717515,19.442119598388672,14761200,0.0,0.0,0.0,XLY
2012-11-12,19.51916696746532,19.55341190497218,19.41643542072171,19.4592399597168,7039400,0.0,0.0,0.0,XLY
2012-11-13,19.40787008362758,19.686104426943903,19.38646781865436,19.51488304138184,6605200,0.0,0.0,0.0,XLY
2012-11-14,19.60049436928376,19.60905560212809,19.17244252439643,19.22380828857422,22211400,0.0,0.0,0.0,XLY
2012-11-15,19.206696119159844,19.33083161261656,19.129646615144576,19.21097755432129,13401000,0.0,0.0,0.0,XLY
2012-11-16,19.210974525542102,19.3693533108752,19.116802561506244,19.33938980102539,21996600,0.0,0.0,0.0,XLY
2012-11-19,19.566252820842216,19.75459671020508,19.55769158651768,19.75459671020508,14625400,0.0,0.0,0.0,XLY
2012-11-20,19.7460353455672,19.9215365658408,19.694667939958965,19.85304832458496,10274200,0.0,0.0,0.0,XLY
2012-11-21,19.848771522176342,19.95578452616268,19.823089446268497,19.92154121398925,11909600,0.0,0.0,0.0,XLY
2012-11-23,20.00715434035881,20.186935424804688,20.00715434035881,20.186935424804688,3779400,0.0,0.0,0.0,XLY
2012-11-26,20.109876830855185,20.13556053111746,19.99430262900743,20.092754364013672,14932600,0.0,0.0,0.0,XLY
2012-11-27,20.08848214468029,20.16981144353684,19.998591609172184,20.01143264770508,8545200,0.0,0.0,0.0,XLY
2012-11-28,19.977186028846987,20.285383990949207,19.87445446340544,20.27254295349121,23569200,0.0,0.0,0.0,XLY
2012-11-29,20.31534717970938,20.3881168675636,20.22117685168873,20.32818984985352,7811400,0.0,0.0,0.0,XLY
2012-11-30,20.26825692342912,20.379551332459343,20.212611351802423,20.34530639648437,10946600,0.0,0.0,0.0,XLY
2012-12-03,20.47372253824383,20.47372253824383,20.221171859607583,20.2382926940918,19672800,0.0,0.0,0.0,XLY
2012-12-04,20.20832882667728,20.23401252727103,20.054229888891413,20.15268325805664,11359600,0.0,0.0,0.0,XLY
2012-12-05,20.22117123243672,20.22117123243672,19.94721666163742,20.092754364013672,13097200,0.0,0.0,0.0,XLY
2012-12-06,20.10131858728281,20.251137745097537,20.067075281394786,20.221174240112305,7606400,0.0,0.0,0.0,XLY
2012-12-07,20.35386688325836,20.35386688325836,20.191206709125584,20.298219680786133,14323000,0.0,0.0,0.0,XLY
2012-12-10,20.24685259682339,20.306779595799668,20.16980313160011,20.18264579772949,15681600,0.0,0.0,0.0,XLY
2012-12-11,20.298224377876327,20.328189519132625,20.17409054302018,20.24685859680176,10897000,0.0,0.0,0.0,XLY
2012-12-12,20.33674977366998,20.400958226737536,20.23401820822843,20.27254295349121,9788600,0.0,0.0,0.0,XLY
2012-12-13,20.26397843869779,20.375271222066285,20.09275701348169,20.139842987060547,7271200,0.0,0.0,0.0,XLY
2012-12-14,20.079919166100684,20.14412761897294,20.02855338353615,20.054235458374023,10130800,0.0,0.0,0.0,XLY
2012-12-17,20.08418779072724,20.42663050495764,20.07562819247057,20.413787841796875,10929400,0.0,0.0,0.0,XLY
2012-12-18,20.47799842843485,20.71342659474428,20.44375350022866,20.653499603271484,23669200,0.0,0.0,0.0,XLY
2012-12-19,20.70487818509643,20.71772085757117,20.49941338728032,20.50797462463379,9162400,0.0,0.0,0.0,XLY
2012-12-20,20.490846608227347,20.559334855643577,20.40095608966017,20.55077362060547,8380800,0.0,0.0,0.0,XLY
2012-12-21,20.251795103796503,20.393959105179505,20.225948298717764,20.36811065673828,17475600,0.153,0.0,0.0,XLY
2012-12-24,20.312104942962204,20.40687928555725,20.208712808884982,20.38533973693848,5127200,0.0,0.0,0.0,XLY
2012-12-26,20.42411716138228,20.42411716138228,20.10101891374808,20.17425537109375,8918200,0.0,0.0,0.0,XLY
2012-12-27,20.20872754356236,20.26473172549496,19.92009376622397,20.20011138916016,10183200,0.0,0.0,0.0,XLY
2012-12-28,20.1010144116614,20.21732995196168,20.01054731699306,20.03639411926269,30771400,0.0,0.0,0.0,XLY
2012-12-31,19.976090694480582,20.44996919333175,19.945934984223857,20.43704414367676,24944000,0.0,0.0,0.0,XLY
2013-01-02,20.8204558102019,20.88938338368571,20.70844747618884,20.863534927368164,19876600,0.0,0.0,0.0,XLY
2013-01-03,20.91953106404912,21.04015386050189,20.86352691854076,20.91522216796875,11225000,0.0,0.0,0.0,XLY
2013-01-04,20.95399929100932,21.01861960158412,20.897995131402013,20.99277114868164,9975200,0.0,0.0,0.0,XLY
2013-01-07,20.94107246398925,20.96691926930501,20.83337305954032,20.94107246398925,7127800,0.0,0.0,0.0,XLY
2013-01-08,20.876460831364355,20.92384885193422,20.738605667904668,20.88076972961425,7750800,0.0,0.0,0.0,XLY
2013-01-09,20.90660601917036,21.02292156290511,20.88937536493593,20.91522216796875,7330400,0.0,0.0,0.0,XLY
2013-01-10,21.03153781410373,21.05738626062476,20.90229886822332,21.03584671020508,10270800,0.0,0.0,0.0,XLY
2013-01-11,21.031543863184933,21.087548025073865,20.979848598636675,21.053083419799805,6741000,0.0,0.0,0.0,XLY
2013-01-14,21.11339661317312,21.16940077977696,21.02292948175666,21.104782104492188,10753800,0.0,0.0,0.0,XLY
2013-01-15,21.040156826220823,21.27709519980603,21.010001122857027,21.25986289978028,17256600,0.0,0.0,0.0,XLY
2013-01-16,21.221087420827946,21.246935866450443,21.152159875863592,21.212472915649418,7482400,0.0,0.0,0.0,XLY
2013-01-17,21.32017519258857,21.49249325663781,21.315866296053887,21.43648910522461,9271600,0.0,0.0,0.0,XLY
2013-01-18,21.47956788438157,21.48818403329843,21.341712788436563,21.46233558654785,10528000,0.0,0.0,0.0,XLY
2013-01-22,21.44510461580889,21.53557336335324,21.40633276496488,21.518341064453125,9113200,0.0,0.0,0.0,XLY
2013-01-23,21.47957171044504,21.55711542114693,21.419260300646386,21.53557586669922,5234400,0.0,0.0,0.0,XLY
2013-01-24,21.60450161018628,21.819900423275424,21.60450161018628,21.699275970458984,8509800,0.0,0.0,0.0,XLY
2013-01-25,21.73804506269344,21.936211551169286,21.733737810058017,21.92759704589844,11365400,0.0,0.0,0.0,XLY
2013-01-28,21.95776091642704,21.962068170665493,21.794057318196167,21.8242130279541,10488200,0.0,0.0,0.0,XLY
2013-01-29,21.794045057844272,21.80266120483704,21.61741815289749,21.738040924072266,12552400,0.0,0.0,0.0,XLY
2013-01-30,21.819900423275424,21.828514929639965,21.673429164640304,21.699275970458984,8183800,0.0,0.0,0.0,XLY
2013-01-31,21.6518887406477,21.71650904422352,21.557114376995777,21.59588623046875,11650400,0.0,0.0,0.0,XLY
2013-02-01,21.74235303622221,21.8026644307332,21.677732745896293,21.72081184387207,10308600,0.0,0.0,0.0,XLY
2013-02-04,21.59588600918715,21.673429715338543,21.44510585017608,21.45372200012207,8217200,0.0,0.0,0.0,XLY
2013-02-05,21.55281007028076,21.75959278505313,21.531270512289183,21.68205070495605,11727600,0.0,0.0,0.0,XLY
2013-02-06,21.70359768270328,21.794064843213423,21.62605393273358,21.72944450378418,10132800,0.0,0.0,0.0,XLY
2013-02-07,21.73805322706156,21.75959278505313,21.46665183831447,21.68205070495605,10330800,0.0,0.0,0.0,XLY
2013-02-08,21.73374203779825,21.862981005711216,21.699277436561395,21.85005760192871,5852200,0.0,0.0,0.0,XLY
2013-02-11,21.86728824963792,21.86728824963792,21.738049281781382,21.77682113647461,4773200,0.0,0.0,0.0,XLY
2013-02-12,21.781127029995627,21.90605708379201,21.77681813375572,21.862977981567383,9130200,0.0,0.0,0.0,XLY
2013-02-13,21.9965316510164,22.05253417006156,21.841444212571368,21.910371780395508,11664800,0.0,0.0,0.0,XLY
2013-02-14,21.83282930598521,21.96206829760376,21.82421315409558,21.918989181518555,9375200,0.0,0.0,0.0,XLY
2013-02-15,21.93621951108212,22.04391894303369,21.82852007913055,21.9448356628418,24578200,0.0,0.0,0.0,XLY
2013-02-19,21.957758152043656,22.043916372869145,21.92329354902328,22.02668571472168,14120400,0.0,0.0,0.0,XLY
2013-02-20,22.022376792594457,22.06976480001216,21.686355130341923,21.690662384033203,13975000,0.0,0.0,0.0,XLY
2013-02-21,21.638962610835417,21.660502161525912,21.436487218947544,21.50972366333008,17507000,0.0,0.0,0.0,XLY
2013-02-22,21.600200122254407,21.638971987643245,21.462344966063668,21.630355834960938,10679400,0.0,0.0,0.0,XLY
2013-02-25,21.75528595643481,21.7768255148478,21.281409097897264,21.29433250427246,10648400,0.0,0.0,0.0,XLY
2013-02-26,21.384790266464403,21.54418490092166,21.315862723723782,21.50541305541992,15745000,0.0,0.0,0.0,XLY
2013-02-27,21.548500210526367,21.906061431368745,21.49680494892465,21.832826614379883,10202800,0.0,0.0,0.0,XLY
2013-02-28,21.80698287533133,22.005151100468986,21.78544331528855,21.94053077697754,11651000,0.0,0.0,0.0,XLY
2013-03-01,21.729433092846804,21.99221992492676,21.68635398475876,21.99221992492676,9063600,0.0,0.0,0.0,XLY
2013-03-04,21.897443505393984,22.18607711791992,21.897443505393984,22.18607711791992,14118200,0.0,0.0,0.0,XLY
2013-03-05,22.285154011308848,22.440241371000383,22.25930557023959,22.410085678100582,12488800,0.0,0.0,0.0,XLY
2013-03-06,22.45749027813632,22.53503401534562,22.367021489149977,22.39286994934082,7052800,0.0,0.0,0.0,XLY
2013-03-07,22.405780735279286,22.44455258204151,22.367008888517063,22.431629180908203,6686400,0.0,0.0,0.0,XLY
2013-03-08,22.5565686041254,22.70303989285464,22.46610147844752,22.66857528686523,8086000,0.0,0.0,0.0,XLY
2013-03-11,22.647038941010635,22.74181497755728,22.62119048285344,22.72458267211914,6414600,0.0,0.0,0.0,XLY
2013-03-12,22.703038640853173,22.74181049877167,22.586723067097672,22.659957885742188,7450000,0.0,0.0,0.0,XLY
2013-03-13,22.66857934225858,22.79781835111389,22.63411637346664,22.784894943237305,7673000,0.0,0.0,0.0,XLY
2013-03-14,22.82365719759965,22.836580600033297,22.72888119745306,22.810733795166016,7418400,0.0,0.0,0.0,XLY
2013-03-15,22.770985262871456,22.805551365815703,22.675925595282845,22.72345542907715,12098000,0.079,0.0,0.0,XLY
2013-03-18,22.520376977897605,22.64568262017412,22.438281030344704,22.55062294006348,10426400,0.0,0.0,0.0,XLY
2013-03-19,22.632716371397603,22.632716371397603,22.239517287309948,22.3907470703125,12501000,0.0,0.0,0.0,XLY
2013-03-20,22.533329989590488,22.701843598134225,22.533329989590488,22.649991989135746,8235400,0.0,0.0,0.0,XLY
2013-03-21,22.5290223320084,22.59815620576485,22.38643443850891,22.45988845825196,10378800,0.0,0.0,0.0,XLY
2013-03-22,22.58086807896317,22.745061616364023,22.56790599515932,22.73641967773437,13824000,0.0,0.0,0.0,XLY
2013-03-25,22.788266443859087,22.879004307674577,22.589505194378283,22.69752693176269,9097800,0.0,0.0,0.0,XLY
2013-03-26,22.73209018413726,22.8185078866138,22.69752244383441,22.80986595153809,6604200,0.0,0.0,0.0,XLY
2013-03-27,22.710492125887537,22.8401178894534,22.63271633809181,22.81851387023925,6747200,0.0,0.0,0.0,XLY
2013-03-28,22.82715597457113,22.92221398946496,22.7882680803888,22.900609970092773,7601200,0.0,0.0,0.0,XLY
2013-04-01,22.89629088853159,22.95678280489456,22.70185140859268,22.72777557373047,11949600,0.0,0.0,0.0,XLY
2013-04-02,22.801230678216864,22.969744340725835,22.801230678216864,22.91789436340332,9197800,0.0,0.0,0.0,XLY
2013-04-03,22.96542421920248,22.974064508530724,22.632717038509124,22.7061710357666,13689600,0.0,0.0,0.0,XLY
2013-04-04,22.684564676985,22.87468233994432,22.680244532766302,22.83579444885254,8872800,0.0,0.0,0.0,XLY
2013-04-05,22.56790384512528,22.7580215320214,22.44692001239876,22.72345542907715,8173200,0.0,0.0,0.0,XLY
2013-04-08,22.70617066409935,22.98270606994629,22.701850519505943,22.98270606994629,8943600,0.0,0.0,0.0,XLY
2013-04-09,23.00862840670268,23.01727034286509,22.814188963750443,22.92221069335937,10632800,0.0,0.0,0.0,XLY
2013-04-10,22.9999896684168,23.22035495049545,22.95245983705549,23.19010734558105,10017200,0.0,0.0,0.0,XLY
2013-04-11,23.21171626793301,23.49257185437964,23.21171626793301,23.38455009460449,12533000,0.0,0.0,0.0,XLY
2013-04-12,23.337017905496644,23.50985336303711,23.315413885374355,23.50985336303711,15579600,0.0,0.0,0.0,XLY
2013-04-15,23.38454276520121,23.44503466799036,22.89196395874023,22.89196395874023,18148000,0.0,0.0,0.0,XLY
2013-04-16,23.06480440461228,23.220355987548828,22.991348757878427,23.220355987548828,13402600,0.0,0.0,0.0,XLY
2013-04-17,23.095049608747253,23.108011690808507,22.857402097365107,22.98270606994629,17940800,0.0,0.0,0.0,XLY
2013-04-18,23.02159126499812,23.034554993820333,22.61110999723342,22.73209381103516,17506000,0.0,0.0,0.0,XLY
2013-04-19,22.72345342298295,23.021592833716003,22.71481148593955,23.00431060791016,12820200,0.0,0.0,0.0,XLY
2013-04-22,23.01726957591315,23.142575173671627,22.844434154985542,23.10368728637696,9122800,0.0,0.0,0.0,XLY
2013-04-23,23.276527048269283,23.37590686397566,23.095051293052723,23.337018966674805,10678400,0.0,0.0,0.0,XLY
2013-04-24,23.4320772426086,23.51417317723177,23.29380953783216,23.35430145263672,5838200,0.0,0.0,0.0,XLY
2013-04-25,23.397512498275827,23.63083823344993,23.397512498275827,23.553062438964844,13610400,0.0,0.0,0.0,XLY
2013-04-26,23.52713950706076,23.544423384137623,23.384549993598466,23.449363708496097,4946200,0.0,0.0,0.0,XLY
2013-04-29,23.55306764889795,23.62220152059029,23.4536878113578,23.531463623046875,6315600,0.0,0.0,0.0,XLY
2013-04-30,23.544415826540803,23.60490772861112,23.48824406821236,23.59626579284668,7696400,0.0,0.0,0.0,XLY
2013-05-01,23.55738598546203,23.65676580841596,23.44504243027496,23.47096824645996,8542800,0.0,0.0,0.0,XLY
2013-05-02,23.48392864485196,23.712935884012627,23.48392864485196,23.69997215270996,6057400,0.0,0.0,0.0,XLY
2013-05-03,23.89441012242181,24.06724557704764,23.872806102663844,23.99811172485352,13017400,0.0,0.0,0.0,XLY
2013-05-06,24.006757631127886,24.11909954140992,23.95922779083426,24.075891494750977,6391000,0.0,0.0,0.0,XLY
2013-05-07,24.145022891110944,24.27896881103516,24.028359199115528,24.27896881103516,9237000,0.0,0.0,0.0,XLY
2013-05-08,24.26600533950093,24.304893234607547,24.179587611677224,24.29625129699707,6793600,0.0,0.0,0.0,XLY
2013-05-09,24.33513858008773,24.44748211791748,24.25736279183052,24.339460372924805,13298600,0.0,0.0,0.0,XLY
2013-05-10,24.36105791951372,24.529571533203125,24.36105791951372,24.529571533203125,5932800,0.0,0.0,0.0,XLY
2013-05-13,24.503649539150235,24.546859221355803,24.40859153485967,24.53389549255371,4514400,0.0,0.0,0.0,XLY
2013-05-14,24.546864036398183,24.806115587362257,24.54254224318945,24.78451156616211,7018800,0.0,0.0,0.0,XLY
2013-05-15,24.75426325972336,24.93573899853516,24.75426325972336,24.918455123901367,9512800,0.0,0.0,0.0,XLY
2013-05-16,24.853647024286868,24.9314228242434,24.590073663132085,24.62896156311035,11949400,0.0,0.0,0.0,XLY
2013-05-17,24.69377195292964,24.88388963372504,24.685130015400613,24.866605758666992,11421400,0.0,0.0,0.0,XLY
2013-05-20,24.81043408231084,24.89253166500525,24.74130023009932,24.79315185546875,9667400,0.0,0.0,0.0,XLY
2013-05-21,24.87525254153613,25.00055818769315,24.788834797694,24.905498504638672,7679600,0.0,0.0,0.0,XLY
2013-05-22,24.92710207289097,25.09993755741601,24.55550858324043,24.66785049438477,19137200,0.0,0.0,0.0,XLY
2013-05-23,24.395622566492573,24.65919580235469,24.36105647643289,24.61598777770996,10958200,0.0,0.0,0.0,XLY
2013-05-24,24.473403845227924,24.555501418148523,24.31785228420032,24.542537689208984,10341800,0.0,0.0,0.0,XLY
2013-05-28,24.832046876455458,24.94871059459431,24.67217345810876,24.78019523620605,13002000,0.0,0.0,0.0,XLY
2013-05-29,24.66353030161616,24.66353030161616,24.425881098780465,24.52526092529297,9013800,0.0,0.0,0.0,XLY
2013-05-30,24.611678667389462,24.72834237197753,24.50365690183918,24.52526092529297,7425200,0.0,0.0,0.0,XLY
2013-05-31,24.47773123353388,24.676490874383138,24.231441755029103,24.24872398376465,16537600,0.0,0.0,0.0,XLY
2013-06-03,24.31353672370685,24.374028642559217,24.037001295649635,24.35674476623535,15799200,0.0,0.0,0.0,XLY
2013-06-04,24.382670160266603,24.529579809923835,24.097492798965053,24.270326614379883,16123400,0.0,0.0,0.0,XLY
2013-06-05,24.16230018387257,24.231435674591392,23.820952763992903,23.86848258972168,24211400,0.0,0.0,0.0,XLY
2013-06-06,23.885761819506147,24.11908912658691,23.7302102814523,24.11908912658691,14849600,0.0,0.0,0.0,XLY
2013-06-07,24.26167514630953,24.56845638715622,24.20982354212219,24.559814453125,9511800,0.0,0.0,0.0,XLY
2013-06-10,24.659207470943155,24.659207470943155,24.44748574240585,24.486371994018555,11948800,0.0,0.0,0.0,XLY
2013-06-11,24.222790288735524,24.464757878670028,24.166618534666192,24.244394302368164,11578600,0.0,0.0,0.0,XLY
2013-06-12,24.408592224112965,24.43451638588752,23.94193753280043,23.976505279541016,10609000,0.0,0.0,0.0,XLY
2013-06-13,23.972181871171824,24.46476069105578,23.937615775042115,24.42587280273437,12633200,0.0,0.0,0.0,XLY
2013-06-14,24.391310349197475,24.503652238747108,24.27896681136682,24.348100662231445,13476400,0.0,0.0,0.0,XLY
2013-06-17,24.482046127319336,24.63327589807471,24.33945829321868,24.482046127319336,9353600,0.0,0.0,0.0,XLY
2013-06-18,24.49933292093188,24.771548189020308,24.49933292093188,24.7326602935791,9319600,0.0,0.0,0.0,XLY
2013-06-19,24.74994457232231,24.79315426432835,24.44748496968609,24.451805114746097,17527800,0.0,0.0,0.0,XLY
2013-06-20,24.201188423725235,24.23575616958523,23.743177329046205,23.81231117248535,25885000,0.0,0.0,0.0,XLY
2013-06-21,23.992641909417664,24.022984775867265,23.61118825874773,23.858266830444336,23885400,0.088,0.0,0.0,XLY
2013-06-24,23.61551830033604,23.814914718999376,23.39011300610544,23.64152717590332,14009600,0.0,0.0,0.0,XLY
2013-06-25,23.85826706714474,23.93629205409273,23.71955634669548,23.85393142700196,8804000,0.0,0.0,0.0,XLY
2013-06-26,24.0446568336184,24.209374759615898,24.040321194029936,24.15302467346191,12385600,0.0,0.0,0.0,XLY
2013-06-27,24.278725291511915,24.46078408616158,24.274391306345777,24.36108589172364,7897000,0.0,0.0,0.0,XLY
2013-06-28,24.31774169798706,24.59082910726657,24.2960684615342,24.447784423828125,15998200,0.0,0.0,0.0,XLY
2013-07-01,24.6038293775476,24.79022216214401,24.556148925250465,24.61683464050293,19371200,0.0,0.0,0.0,XLY
2013-07-02,24.58650313096606,24.829246104015805,24.560494246612524,24.660192489624023,6061800,0.0,0.0,0.0,XLY
2013-07-03,24.53014552224743,24.92460441290042,24.4911330318065,24.772890090942383,5241000,0.0,0.0,0.0,XLY
2013-07-05,24.98095360541444,25.05897857833162,24.77288756215594,25.04163932800293,12732600,0.0,0.0,0.0,XLY
2013-07-08,25.20636142690784,25.31906325822316,25.167348936536747,25.27571678161621,26434600,0.0,0.0,0.0,XLY
2013-07-09,25.414428293605035,25.45344078520812,25.29739081879579,25.37541580200196,12694200,0.0,0.0,0.0,XLY
2013-07-10,25.345066701770563,25.44476489943868,25.24103286523416,25.401416778564453,19610400,0.0,0.0,0.0,XLY
2013-07-11,25.674508672444603,25.7872121529966,25.618156932168603,25.76553726196289,14324000,0.0,0.0,0.0,XLY
2013-07-12,25.73953295307742,25.90425089936393,25.722193699711823,25.886913299560547,8951200,0.0,0.0,0.0,XLY
2013-07-15,25.96494006172147,25.96494006172147,25.813224064740943,25.8218936920166,7216800,0.0,0.0,0.0,XLY
2013-07-16,25.830560194076806,25.86090305908929,25.58781562041479,25.68317985534668,9588800,0.0,0.0,0.0,XLY
2013-07-17,25.743862455296423,25.75686606627441,25.652833871326703,25.69618034362793,10845000,0.0,0.0,0.0,XLY
2013-07-18,25.73952897549253,25.92592178646345,25.73952897549253,25.84356117248535,6296200,0.0,0.0,0.0,XLY
2013-07-19,25.83056331929226,25.904252670791863,25.75253832737366,25.8218936920166,11149600,0.0,0.0,0.0,XLY
2013-07-22,25.843566480871846,25.882578976147983,25.70485575401496,25.804553985595703,8323400,0.0,0.0,0.0,XLY
2013-07-23,25.84356009004329,25.89557783992293,25.73519225813688,25.76987075805664,7686000,0.0,0.0,0.0,XLY
2013-07-24,25.89124592410177,25.917254802781965,25.626828111654007,25.68317985534668,7704600,0.0,0.0,0.0,XLY
2013-07-25,25.6615037161677,25.722189439333665,25.55746986676752,25.71785545349121,7441800,0.0,0.0,0.0,XLY
2013-07-26,25.63548950711295,25.81754829229651,25.548794926242763,25.80020904541016,6053000,0.0,0.0,0.0,XLY
2013-07-29,25.75686108589959,25.813212811844487,25.61381643211529,25.66583251953125,8570600,0.0,0.0,0.0,XLY
2013-07-30,25.76987603656222,25.76987603656222,25.570479581866422,25.60082244873047,6596000,0.0,0.0,0.0,XLY
2013-07-31,25.691848683686764,25.92158798409283,25.691848683686764,25.73519515991211,10498200,0.0,0.0,0.0,XLY
2013-08-01,25.947594618691497,26.18166953862063,25.91291611785965,26.13398742675781,8260600,0.0,0.0,0.0,XLY
2013-08-02,26.090638331629336,26.333382867750128,26.07330073541932,26.32037925720215,7475000,0.0,0.0,0.0,XLY
2013-08-05,26.27269054250632,26.3030333951984,26.20333521441565,26.264020919799805,3654600,0.0,0.0,0.0,XLY
2013-08-06,26.21201045481261,26.27269617320277,25.99960878688524,26.155658721923828,6338600,0.0,0.0,0.0,XLY
2013-08-07,26.016950981690453,26.081970692943617,25.85656704299159,25.925922393798828,7118600,0.0,0.0,0.0,XLY
2013-08-08,26.0516278075834,26.17300091156167,25.925922371178828,26.09930992126465,6040000,0.0,0.0,0.0,XLY
2013-08-09,26.12098444717858,26.19900942731376,25.96060050070606,26.04296112060547,6246200,0.0,0.0,0.0,XLY
2013-08-12,25.90424785336533,26.0906406712226,25.87824062993726,26.008281707763672,6998000,0.0,0.0,0.0,XLY
2013-08-13,26.008281707763672,26.05596382213116,25.80454963857968,26.008281707763672,7543800,0.0,0.0,0.0,XLY
2013-08-14,25.899908288802283,25.956260016695687,25.709181525974472,25.72218513488769,12760000,0.0,0.0,0.0,XLY
2013-08-15,25.5357972599052,25.56180613628686,25.184684869781623,25.271379470825195,30791600,0.0,0.0,0.0,XLY
2013-08-16,25.189017066902696,25.384079479202548,25.18034744262696,25.18034744262696,12909000,0.0,0.0,0.0,XLY
2013-08-19,25.16734373580825,25.29738479231873,25.07197952270508,25.07197952270508,6670000,0.0,0.0,0.0,XLY
2013-08-20,25.16301439879792,25.40142333770186,25.16301439879792,25.32773399353028,6948400,0.0,0.0,0.0,XLY
2013-08-21,25.258372739139578,25.327728080694275,25.02863348028248,25.110992431640625,10499200,0.0,0.0,0.0,XLY
2013-08-22,25.14567012064063,25.45343600934603,25.08065041587665,25.36240577697754,11581400,0.0,0.0,0.0,XLY
2013-08-23,25.40575748490461,25.44043433495896,25.24537353958389,25.366744995117188,5604000,0.0,0.0,0.0,XLY
2013-08-26,25.401420731318527,25.54013143257756,25.301722518136224,25.314727783203125,8351600,0.0,0.0,0.0,XLY
2013-08-27,25.05031154932308,25.18035263314155,24.88559196125322,24.902931213378903,13951000,0.0,0.0,0.0,XLY
2013-08-28,24.885591512450752,25.115330811505533,24.842245036480364,25.03730583190918,7105200,0.0,0.0,0.0,XLY
2013-08-29,24.989624489493163,25.288719131702035,24.95928162667032,25.15867805480957,10192000,0.0,0.0,0.0,XLY
2013-08-30,25.1976926925226,25.1976926925226,24.91593562392088,25.00263023376465,11733800,0.0,0.0,0.0,XLY
2013-09-03,25.284381280374124,25.40575271311103,25.08064924379853,25.18034744262696,16041200,0.0,0.0,0.0,XLY
2013-09-04,25.14567261198178,25.488115379776907,25.14567261198178,25.44476890563965,10841600,0.0,0.0,0.0,XLY
2013-09-05,25.47944311819406,25.58781094588772,25.427427023898417,25.45343589782715,10060600,0.0,0.0,0.0,XLY
2013-09-06,25.58347772254392,25.613820582917192,25.17167963432713,25.423093795776367,11900600,0.0,0.0,0.0,XLY
2013-09-09,25.514121579940987,25.69184475095961,25.466439471254706,25.648496627807617,8730400,0.0,0.0,0.0,XLY
2013-09-10,25.752532049565577,25.90424635599972,25.752532049565577,25.895578384399418,8859200,0.0,0.0,0.0,XLY
2013-09-11,25.869568054750623,26.0863037109375,25.869568054750623,26.0863037109375,10198400,0.0,0.0,0.0,XLY
2013-09-12,26.051628638067413,26.12965361684004,25.91725357184059,26.02562141418457,8517400,0.0,0.0,0.0,XLY
2013-09-13,26.0516278075834,26.11664917234183,25.93892598270572,26.09930992126465,11258400,0.0,0.0,0.0,XLY
2013-09-16,26.41140725509682,26.446084100313183,26.17299836346311,26.216344833374023,12945600,0.0,0.0,0.0,XLY
2013-09-17,26.18167016052865,26.394070195702177,26.18167016052865,26.36806297302246,8481000,0.0,0.0,0.0,XLY
2013-09-18,26.32905051330441,26.76252186308605,26.24235591263568,26.671491622924805,19324400,0.0,0.0,0.0,XLY
2013-09-19,26.758186952076727,26.766856577735822,26.610806622996105,26.662822723388672,12677400,0.0,0.0,0.0,XLY
2013-09-20,26.66717332868754,26.741078946971644,26.47588673570344,26.50197029113769,15376600,0.09,0.0,0.0,XLY
2013-09-23,26.445446975921648,26.47587888718389,26.18025318485231,26.29763412475586,14314400,0.0,0.0,0.0,XLY
2013-09-24,26.319376884666564,26.51501182849018,26.228081130353925,26.3671989440918,7725200,0.0,0.0,0.0,XLY
2013-09-25,26.380244634016098,26.39328641273385,26.16721951727215,26.20634651184082,11441400,0.0,0.0,0.0,XLY
2013-09-26,26.20634362008153,26.46284240985803,26.20634362008153,26.454147338867188,7033600,0.0,0.0,0.0,XLY
2013-09-27,26.362850069401723,26.48892610391669,26.341113222378656,26.458494186401367,9906600,0.0,0.0,0.0,XLY
2013-09-30,26.18460524880311,26.42371388269035,26.158520037347817,26.358503341674805,10763200,0.0,0.0,0.0,XLY
2013-10-01,26.345458726490868,26.5889157139216,26.345458726490868,26.57152557373047,12384600,0.0,0.0,0.0,XLY
2013-10-02,26.471532323969043,26.567176427820776,26.32371946275041,26.562828063964844,11036600,0.0,0.0,0.0,XLY
2013-10-03,26.48457591495924,26.58456838952416,26.149824845351503,26.26285743713379,10398400,0.0,0.0,0.0,XLY
2013-10-04,26.33241728566753,26.54978906557789,26.24981660633102,26.510662078857425,7938400,0.0,0.0,0.0,XLY
2013-10-07,26.32807567930854,26.393286230863364,26.13678741455078,26.13678741455078,10618400,0.0,0.0,0.0,XLY
2013-10-08,26.17156480245422,26.17156480245422,25.702040922886138,25.723777770996097,15799000,0.0,0.0,0.0,XLY
2013-10-09,25.73246817361873,25.74985831231792,25.41075889975836,25.60639381408691,23215800,0.0,0.0,0.0,XLY
2013-10-10,25.8889780557501,26.232425858069828,25.8889780557501,26.201993942260746,12208800,0.0,0.0,0.0,XLY
2013-10-11,26.171561773408875,26.42806053161621,26.1498249278147,26.42806053161621,17655600,0.0,0.0,0.0,XLY
2013-10-14,26.2715493684526,26.54108986928233,26.223727318960343,26.5367431640625,12097600,0.0,0.0,0.0,XLY
2013-10-15,26.484575209123467,26.49761864282323,26.24111989226067,26.28459358215332,26736200,0.0,0.0,0.0,XLY
2013-10-16,26.45848954798509,26.62803924682257,26.393277359933062,26.61064910888672,11075600,0.0,0.0,0.0,XLY
2013-10-17,26.49761835143194,26.82367599728611,26.49761835143194,26.806285858154297,9871600,0.0,0.0,0.0,XLY
2013-10-18,26.897583592410705,27.019312916931,26.81063454872909,26.97149085998535,10486600,0.0,0.0,0.0,XLY
2013-10-21,27.014964746459217,27.04104995727539,26.91062722002468,27.04104995727539,6316000,0.0,0.0,0.0,XLY
2013-10-22,27.145386470781133,27.314937847136843,27.058439088135152,27.22364044189453,13549400,0.0,0.0,0.0,XLY
2013-10-23,27.11496183623348,27.210605972924977,26.95845385198028,27.04975128173828,10492800,0.0,0.0,0.0,XLY
2013-10-24,27.17581637583945,27.341019375791618,27.10191077437512,27.31928253173828,10248400,0.0,0.0,0.0,XLY
2013-10-25,27.46274939305371,27.55839350521875,27.37580200935645,27.52361488342285,7765000,0.0,0.0,0.0,XLY
2013-10-28,27.5062253646147,27.519267140780865,27.3627591931266,27.471445083618164,9797400,0.0,0.0,0.0,XLY
2013-10-29,27.55839216058316,27.632299423217773,27.40188422410039,27.632299423217773,15431800,0.0,0.0,0.0,XLY
2013-10-30,27.71924846791425,27.736638608215937,27.33667533176759,27.497529983520508,11442200,0.0,0.0,0.0,XLY
2013-10-31,27.501878786263312,27.74098908760471,27.436668242782623,27.56709098815918,15281000,0.0,0.0,0.0,XLY
2013-11-01,27.69750995780895,27.71055339145916,27.48013819234177,27.632299423217773,8825600,0.0,0.0,0.0,XLY
2013-11-04,27.67142795229208,27.749681924902543,27.58882561541712,27.72794342041016,9981200,0.0,0.0,0.0,XLY
2013-11-05,27.64968944779969,27.78446054694328,27.47579302076592,27.72794342041016,8033000,0.0,0.0,0.0,XLY
2013-11-06,27.845323921390488,27.91488116018534,27.610560362986963,27.658382415771484,9047400,0.0,0.0,0.0,XLY
2013-11-07,27.74098592232358,27.77576454319529,27.06278540196776,27.084522247314453,19335400,0.0,0.0,0.0,XLY
2013-11-08,27.149738401999567,27.527964873130497,27.09756963387484,27.514923095703125,16574400,0.0,0.0,0.0,XLY
2013-11-11,27.5366566324904,27.61925731028841,27.44101252041846,27.558393478393555,10458400,0.0,0.0,0.0,XLY
2013-11-12,27.44970479308215,27.58447587741136,27.380145898231724,27.510568618774418,8892800,0.0,0.0,0.0,XLY
2013-11-13,27.41058566113761,27.94532012939453,27.388848811224467,27.94532012939453,13309200,0.0,0.0,0.0,XLY
2013-11-14,27.98878636520816,28.1713811627135,27.945312676975377,28.14094924926757,11876200,0.0,0.0,0.0,XLY
2013-11-15,28.201816282018328,28.249638339559525,28.093130390666552,28.23659324645996,10275600,0.0,0.0,0.0,XLY
2013-11-18,28.280063466514,28.297450286145207,27.94530914409904,28.014869689941406,9786000,0.0,0.0,0.0,XLY
2013-11-19,28.032264312008977,28.114863327377208,27.858366236406,27.89314651489257,12721800,0.0,0.0,0.0,XLY
2013-11-20,27.97575242705849,28.040964636089964,27.67577991402753,27.74968719482422,9103400,0.0,0.0,0.0,XLY
2013-11-21,27.83662991527718,28.067043473860693,27.797502928120064,28.03661155700684,6650800,0.0,0.0,0.0,XLY
2013-11-22,28.001832244751007,28.20181386971278,27.975745377613457,28.19311714172364,8830400,0.0,0.0,0.0,XLY
2013-11-25,28.267026506655306,28.31919693104224,28.175730751600927,28.219207763671875,6658400,0.0,0.0,0.0,XLY
2013-11-26,28.1931112403007,28.462653365435127,28.1931112403007,28.3843994140625,7063000,0.0,0.0,0.0,XLY
2013-11-27,28.54525817964816,28.55829995321416,28.353969989134928,28.493087768554688,6217600,0.0,0.0,0.0,XLY
2013-11-29,28.5583051277716,28.632210735923053,28.47135442686098,28.519176483154297,6998000,0.0,0.0,0.0,XLY
2013-12-02,28.484388547198566,28.58438099716384,28.32788396128252,28.3843994140625,8315800,0.0,0.0,0.0,XLY
2013-12-03,28.28007093832312,28.28007093832312,28.001835315100468,28.114866256713867,8232200,0.0,0.0,0.0,XLY
2013-12-04,27.99313853625206,28.22355210036971,27.84532731279178,28.049654006958008,10835600,0.0,0.0,0.0,XLY
2013-12-05,27.97139226141013,28.1539870330314,27.96269885172785,28.080078125,8178400,0.0,0.0,0.0,XLY
2013-12-06,28.36266809436308,28.36266809436308,28.13225454500944,28.31484603881836,7846200,0.0,0.0,0.0,XLY
2013-12-09,28.32789399182789,28.43223152499292,28.253985060540224,28.293113708496097,10567800,0.0,0.0,0.0,XLY
2013-12-10,28.27137054976746,28.38005642967081,28.24963536388469,28.31049919128418,6534600,0.0,0.0,0.0,XLY
2013-12-11,28.32789294651488,28.37136664066024,28.001835265179288,28.049654006958008,11420200,0.0,0.0,0.0,XLY
2013-12-12,28.04095767287334,28.071389587286983,27.91923001521877,27.962703704833984,7136000,0.0,0.0,0.0,XLY
2013-12-13,28.01921961723279,28.1322538655019,28.001832794572888,28.032264709472656,6624800,0.0,0.0,0.0,XLY
2013-12-16,28.13660693376496,28.301808311293847,28.13225856895799,28.21486091613769,6972400,0.0,0.0,0.0,XLY
2013-12-17,28.24963512826442,28.262676903051272,28.03660841731315,28.14094924926757,7383600,0.0,0.0,0.0,XLY
2013-12-18,28.13660019480893,28.580037110827195,27.87575475498468,28.55830192565918,19499600,0.0,0.0,0.0,XLY
2013-12-19,28.53656998545436,28.58874041214733,28.419190671433256,28.540918350219727,12015400,0.0,0.0,0.0,XLY
2013-12-20,28.61162949570208,28.733844918425483,28.57234406404355,28.659643173217773,14787000,0.131,0.0,0.0,XLY
2013-12-23,28.79494449465341,28.79494449465341,28.65090350280072,28.78621292114257,7378800,0.0,0.0,0.0,XLY
2013-12-24,28.76439439290436,28.86914997783724,28.76439439290436,28.84732437133789,3984000,0.0,0.0,0.0,XLY
2013-12-26,28.94771774971505,29.06556736751996,28.89533829173507,29.06120491027832,10062800,0.0,0.0,0.0,XLY
2013-12-27,29.109218312399648,29.12231234424386,28.91279784437649,28.925891876220703,6285000,0.0,0.0,0.0,XLY
2013-12-30,28.99136549961402,29.06993302116257,28.93462358465341,29.05683898925781,4232200,0.0,0.0,0.0,XLY
2013-12-31,29.126682158718484,29.179058293337025,29.04811462667021,29.170330047607425,7351600,0.0,0.0,0.0,XLY
2014-01-02,29.11358263241352,29.170327880862573,28.930259514624773,29.03501510620117,8663800,0.0,0.0,0.0,XLY
2014-01-03,29.052480688905952,29.126685772356,28.94335928808509,28.95645332336425,7545600,0.0,0.0,0.0,XLY
2014-01-06,28.99135990322184,29.05683338022686,28.712009509445178,28.777482986450195,8157600,0.0,0.0,0.0,XLY
2014-01-07,29.035019305378984,29.035019305378984,28.808048269117823,28.952089309692383,6171400,0.0,0.0,0.0,XLY
2014-01-08,28.934631431031352,28.96955107899341,28.794956169304022,28.873523712158203,11579000,0.0,0.0,0.0,XLY
2014-01-09,28.94772150855231,28.96518133014612,28.69892487855143,28.86915397644043,10163800,0.0,0.0,0.0,XLY
2014-01-10,28.908442970714287,28.98264472404346,28.78186174614759,28.95645332336425,9261000,0.0,0.0,0.0,XLY
2014-01-13,28.938991793955665,28.938991793955665,28.33227717737808,28.37592506408691,13961400,0.0,0.0,0.0,XLY
2014-01-14,28.515600013006782,28.6378154266112,28.367193203544083,28.6203556060791,12181200,0.0,0.0,0.0,XLY
2014-01-15,28.659635514056795,28.773119330474472,28.642175696888007,28.690189361572266,11710000,0.0,0.0,0.0,XLY
2014-01-16,28.67710316382169,28.67710316382169,28.47632018340424,28.53742790222168,12664000,0.0,0.0,0.0,XLY
2014-01-17,28.51996236850415,28.581073405207967,28.35846485687055,28.41084098815918,11174000,0.0,0.0,0.0,XLY
2014-01-21,28.50686850532509,28.581073575292653,28.205695758262472,28.384653091430664,20878800,0.0,0.0,0.0,XLY
2014-01-22,28.432664704042875,28.480678374608903,28.327909118317,28.458852767944336,9272000,0.0,0.0,0.0,XLY
2014-01-23,28.38029306014339,28.40648446137623,28.12276814722058,28.25807762145996,15946200,0.0,0.0,0.0,XLY
2014-01-24,28.0878451753311,28.131493065393013,27.708103203599585,27.716833114624023,17244600,0.0,0.0,0.0,XLY
2014-01-27,27.769209065182725,27.834682560972745,27.376373085623108,27.607709884643555,14436000,0.0,0.0,0.0,XLY
2014-01-28,27.716825369815712,27.88705442457509,27.699365552645567,27.79975700378418,9463600,0.0,0.0,0.0,XLY
2014-01-29,27.55969431188707,27.66008577747436,27.310897709114226,27.35454559326172,34830200,0.0,0.0,0.0,XLY
2014-01-30,27.5465983629164,27.89578640697945,27.5465983629164,27.812854766845703,25474200,0.0,0.0,0.0,XLY
2014-01-31,27.3720016700502,27.633893934303742,27.24978627910111,27.420015335083008,13651400,0.0,0.0,0.0,XLY
2014-02-03,27.393825766181184,27.481123188099485,26.63870614694858,26.69981384277344,64955400,0.0,0.0,0.0,XLY
2014-02-04,26.900600196156912,27.079559173677108,26.80893698128271,27.02717971801757,18990400,0.0,0.0,0.0,XLY
2014-02-05,26.95734791003035,27.127578679967208,26.673633290256184,27.062105178833008,15495600,0.0,0.0,0.0,XLY
2014-02-06,27.14939673295253,27.655719814644844,27.14939673295253,27.63389587402344,16587600,0.0,0.0,0.0,XLY
2014-02-07,27.825954114825908,28.00927724858878,27.695008781415247,27.97435760498047,12541000,0.0,0.0,0.0,XLY
2014-02-10,28.013633918353893,28.013633918353893,27.83030917920152,27.956892013549805,9341200,0.0,0.0,0.0,XLY
2014-02-11,28.03982911132419,28.25370941563348,27.978721404413047,28.162044525146484,11294800,0.0,0.0,0.0,XLY
2014-02-12,28.21879009036984,28.297357618723645,28.109668708218464,28.188236236572266,8446600,0.0,0.0,0.0,XLY
2014-02-13,28.02673137169128,28.33663565293077,28.02236558459781,28.27552795410156,13169000,0.0,0.0,0.0,XLY
2014-02-14,28.26243381643468,28.550515821360865,28.231879967135217,28.445756912231445,9657000,0.0,0.0,0.0,XLY
2014-02-18,28.589796102823424,28.589796102823424,28.35845935419987,28.480674743652344,7156400,0.0,0.0,0.0,XLY
2014-02-19,28.445757186172592,28.533056277954493,28.201326389422963,28.249340057373047,12608800,0.0,0.0,0.0,XLY
2014-02-20,28.336639466082243,28.445760847264125,28.218789839658733,28.40211296081543,9397400,0.0,0.0,0.0,XLY
2014-02-21,28.506866438510365,28.550517651839503,28.406476640141413,28.458852767944336,8750400,0.0,0.0,0.0,XLY
2014-02-24,28.485040575685016,28.764390989197004,28.48067478887775,28.57670211791992,6431000,0.0,0.0,0.0,XLY
2014-02-25,28.624713760184736,28.81240261820212,28.57670009905568,28.777482986450195,9076600,0.0,0.0,0.0,XLY
2014-02-26,28.847324754862267,29.10921871585635,28.79494862675949,28.938989639282227,10977000,0.0,0.0,0.0,XLY
2014-02-27,28.925892009970227,29.07429880850416,28.834230456516924,29.05683898925781,8773600,0.0,0.0,0.0,XLY
2014-02-28,29.05683492376228,29.275077638626083,28.94771356633037,29.174684524536133,13988200,0.0,0.0,0.0,XLY
2014-03-03,28.877887420724257,28.99137127324579,28.68146691267573,28.89970970153809,17337600,0.0,0.0,0.0,XLY
2014-03-04,29.196519905793423,29.30564129976937,29.16596604868499,29.261993408203125,8782200,0.0,0.0,0.0,XLY
2014-03-05,29.323102868691844,29.38421058654785,29.266360939288656,29.38421058654785,15136200,0.0,0.0,0.0,XLY
2014-03-06,29.432216477473297,29.51951224269438,29.34492071225221,29.458404541015625,10510600,0.0,0.0,0.0,XLY
2014-03-07,29.615530097961763,29.615530097961763,29.34927377015164,29.41474723815918,8679800,0.0,0.0,0.0,XLY
2014-03-10,29.40167231731833,29.40603810605433,29.183429502213603,29.33619880676269,6549200,0.0,0.0,0.0,XLY
2014-03-11,29.44967462054305,29.44967462054305,29.083025101216784,29.165958404541016,8780400,0.0,0.0,0.0,XLY
2014-03-12,29.008821585642803,29.148496791518404,28.873512166546952,29.1223087310791,9573000,0.0,0.0,0.0,XLY
2014-03-13,29.27944791297728,29.27944791297728,28.63781370011618,28.768760681152344,22536600,0.0,0.0,0.0,XLY
2014-03-14,28.73820699649269,28.908439424602523,28.668371040196764,28.742572784423828,9572200,0.0,0.0,0.0,XLY
2014-03-17,28.8691502283156,29.01755702753481,28.86042198371213,28.93462371826172,6463000,0.0,0.0,0.0,XLY
2014-03-18,29.000097207695028,29.113581038138268,28.94335196235337,29.06120491027832,6445800,0.0,0.0,0.0,XLY
2014-03-19,29.074302717517032,29.09176253911083,28.70329066648,28.86915397644043,12116200,0.0,0.0,0.0,XLY
2014-03-20,28.84732440508797,29.000096990522177,28.70764918164072,28.94335174560547,7523600,0.0,0.0,0.0,XLY
2014-03-21,29.12637921066957,29.135138261405206,28.732308783141608,28.75857925415039,12462200,0.104,0.0,0.0,XLY
2014-03-24,28.78922968544528,28.86804444026134,28.33385591768573,28.46959114074707,24711000,0.0,0.0,0.0,XLY
2014-03-25,28.539642311699883,28.6447275089304,28.1543276947892,28.29881858825684,11722400,0.0,0.0,0.0,XLY
2014-03-26,28.425801141508693,28.452074949107622,28.06237742521021,28.07113647460937,13913400,0.0,0.0,0.0,XLY
2014-03-27,28.022966391141484,28.09740159387445,27.81717219721088,27.93539428710937,12697600,0.0,0.0,0.0,XLY
2014-03-28,28.027356014849712,28.311965037940062,28.00108387308305,28.14557647705078,11367400,0.0,0.0,0.0,XLY
2014-03-31,28.31195776099313,28.425798668489755,28.29881918803744,28.338228225708008,11358000,0.0,0.0,0.0,XLY
2014-04-01,28.42143361967904,28.75420410510064,28.360130276996564,28.73231315612793,10149600,0.0,0.0,0.0,XLY
2014-04-02,28.754192575119426,28.97312202065668,28.74543686716116,28.924957275390625,10086800,0.0,0.0,0.0,XLY
2014-04-03,28.99940055637864,29.00815626576522,28.64473252514476,28.784847259521484,10739400,0.0,0.0,0.0,XLY
2014-04-04,28.964371305041425,28.964371305041425,28.255038576623697,28.30758285522461,14800200,0.0,0.0,0.0,XLY
2014-04-07,28.198111108149952,28.23314061851462,27.585108039160133,27.75587272644043,15177400,0.0,0.0,0.0,XLY
2014-04-08,27.733984056164417,28.06237657582437,27.67706192888771,28.03610610961914,9501000,0.0,0.0,0.0,XLY
2014-04-09,28.097404497160813,28.34698393374688,27.992319297703062,28.338228225708008,7682800,0.0,0.0,0.0,XLY
2014-04-10,28.29882396342137,28.33823300774216,27.61138718602525,27.63327980041504,20151000,0.0,0.0,0.0,XLY
2014-04-11,27.383693827561395,27.624515869335927,27.199792235641503,27.252336502075195,16892400,0.0,0.0,0.0,XLY
2014-04-14,27.462512480737537,27.58949030034725,27.24358301688038,27.466890335083008,9402200,0.0,0.0,0.0,XLY
2014-04-15,27.55884307111412,27.65079472457741,27.077198870475325,27.501922607421875,19377800,0.0,0.0,0.0,XLY
2014-04-16,27.852203984484447,27.891611351006382,27.62013930957699,27.887231826782227,9508600,0.0,0.0,0.0,XLY
2014-04-17,27.80404198787061,28.01421407332727,27.80404198787061,27.922264099121097,9907000,0.0,0.0,0.0,XLY
2014-04-21,27.91350959046772,28.02297433395975,27.8346948415295,27.996702194213867,21173200,0.0,0.0,0.0,XLY
2014-04-22,28.071133138321965,28.35136255501558,28.071133138321965,28.237518310546875,9351600,0.0,0.0,0.0,XLY
2014-04-23,28.20687061235789,28.316335341534003,28.0755149417056,28.106164932250977,5654000,0.0,0.0,0.0,XLY
2014-04-24,28.220007538221548,28.360122266348224,28.02297235012419,28.259416580200195,7367400,0.0,0.0,0.0,XLY
2014-04-25,28.07113735913646,28.07113735913646,27.738363624052173,27.77777099609375,9471000,0.0,0.0,0.0,XLY
2014-04-28,27.89599164438708,27.95729162649309,27.36180489296382,27.70771217346191,18693400,0.0,0.0,0.0,XLY
2014-04-29,27.7952846308947,27.86972151742962,27.59386992429312,27.834692001342773,8820400,0.0,0.0,0.0,XLY
2014-04-30,27.74274120490691,27.99232065358199,27.707711689858165,27.95291328430176,15589200,0.0,0.0,0.0,XLY
2014-05-01,27.98794461373868,28.189359339448824,27.97043152433302,28.062379837036133,8350600,0.0,0.0,0.0,XLY
2014-05-02,28.097412950474343,28.29882770194808,28.062383426583448,28.13244247436523,8223000,0.0,0.0,0.0,XLY
2014-05-05,27.99669743256013,28.18059903890462,27.887232707685765,28.15870475769043,6695800,0.0,0.0,0.0,XLY
2014-05-06,28.06675211458143,28.12367590407351,27.75587272644043,27.75587272644043,8395400,0.0,0.0,0.0,XLY
2014-05-07,27.8784816420027,27.89161854776573,27.51068168662819,27.720853805541992,8789800,0.0,0.0,0.0,XLY
2014-05-08,27.668312124909995,28.066763784334093,27.646419506978937,27.799671173095703,11520800,0.0,0.0,0.0,XLY
2014-05-09,27.786526428418632,27.97042804182613,27.637654330059885,27.95291328430176,10121600,0.0,0.0,0.0,XLY
2014-05-12,28.06675744643309,28.3163369091476,28.03610745419091,28.30320167541504,11423200,0.0,0.0,0.0,XLY
2014-05-13,28.34699001233069,28.43018428923189,28.16746956395318,28.224390029907227,9919800,0.0,0.0,0.0,XLY
2014-05-14,28.171841201664137,28.211250241424743,27.85658391627225,27.90912818908691,8571000,0.0,0.0,0.0,XLY
2014-05-15,27.804041671228067,27.85658427441904,27.423104875069832,27.70771217346191,11412400,0.0,0.0,0.0,XLY
2014-05-16,27.7077151182692,27.93102412858805,27.611387280564458,27.913509368896484,6022800,0.0,0.0,0.0,XLY
2014-05-19,27.8346854770094,28.05799441397222,27.755870754587093,28.04047966003418,5477200,0.0,0.0,0.0,XLY
2014-05-20,27.89161451307219,28.00545710132015,27.703335037266537,27.786527633666992,9698000,0.0,0.0,0.0,XLY
2014-05-21,27.865345392531943,28.14557487421959,27.865345392531943,28.12368392944336,7778000,0.0,0.0,0.0,XLY
2014-05-22,28.11930442165877,28.320719152959043,28.071139666282736,28.272554397583008,10515000,0.0,0.0,0.0,XLY
2014-05-23,28.303207731283383,28.509002012055728,28.255042970226057,28.49586677551269,3970200,0.0,0.0,0.0,XLY
2014-05-27,28.605333438748207,28.679768677847584,28.5703039119016,28.644739151000977,6805200,0.0,0.0,0.0,XLY
2014-05-28,28.657865653990644,28.688515645489943,28.473965704994846,28.61408042907715,20212400,0.0,0.0,0.0,XLY
2014-05-29,28.70166315508648,28.73668934156273,28.592198388424208,28.73231315612793,5896000,0.0,0.0,0.0,XLY
2014-05-30,28.68852021066156,28.767334964286963,28.635979268644,28.75857925415039,6104000,0.0,0.0,0.0,XLY
2014-06-02,28.81111323653141,28.876789390573546,28.68413377105352,28.85489845275879,6097400,0.0,0.0,0.0,XLY
2014-06-03,28.74981959985844,28.854904810076103,28.732304841389062,28.80236053466797,4486600,0.0,0.0,0.0,XLY
2014-06-04,28.71479676275845,28.97313199393069,28.67538771188509,28.942481994628903,4322200,0.0,0.0,0.0,XLY
2014-06-05,28.986264016010686,29.170167332025223,28.85052879709908,29.13075828552246,5406800,0.0,0.0,0.0,XLY
2014-06-06,29.183300849916428,29.305900826311888,29.161406565303466,29.30152130126953,6407800,0.0,0.0,0.0,XLY
2014-06-09,29.32341126408648,29.45039074680957,29.27086699311882,29.31027603149414,5137400,0.0,0.0,0.0,XLY
2014-06-10,29.244597410436818,29.305897391449747,29.209567895401307,29.253353118896484,10923200,0.0,0.0,0.0,XLY
2014-06-11,29.170156730129246,29.231456699654945,29.060692021605103,29.1657772064209,6055800,0.0,0.0,0.0,XLY
2014-06-12,29.165789111927225,29.165789111927225,28.727930099096127,28.793609619140625,9099200,0.0,0.0,0.0,XLY
2014-06-13,28.80236028240027,28.876795499794227,28.63597508929638,28.806739807128903,9925600,0.0,0.0,0.0,XLY
2014-06-16,28.706038408784583,28.90307698674096,28.706038408784583,28.872426986694336,7106000,0.0,0.0,0.0,XLY
2014-06-17,28.885559480733523,29.016915179631145,28.806744725155298,28.98626518249512,8035400,0.0,0.0,0.0,XLY
2014-06-18,28.959988823975667,29.22708303355264,28.91620359991026,29.205188751220703,11680600,0.0,0.0,0.0,XLY
2014-06-19,29.21833374776302,29.29714850464522,29.05632470844983,29.13513946533203,5960400,0.0,0.0,0.0,XLY
2014-06-20,29.2150786896556,29.250216816571168,28.99105595528029,29.02619743347168,10022200,0.106,0.0,0.0,XLY
2014-06-23,28.99105927494925,29.08330315230731,28.93834705162628,29.061342239379883,8578400,0.0,0.0,0.0,XLY
2014-06-24,28.991060256958008,29.241437461489777,28.95152860158388,28.991060256958008,7817400,0.0,0.0,0.0,XLY
2014-06-25,28.916392226074443,29.27219059239638,28.916392226074443,29.237049102783203,7891400,0.0,0.0,0.0,XLY
2014-06-26,29.237036518824453,29.25900077819825,29.02180085231824,29.25900077819824,6159000,0.0,0.0,0.0,XLY
2014-06-27,29.20629473988811,29.3600345341747,29.18872399893019,29.329286575317383,10409800,0.0,0.0,0.0,XLY
2014-06-30,29.30731928863684,29.381992408010493,29.259000599330257,29.316102981567383,5026600,0.0,0.0,0.0,XLY
2014-07-01,29.390786463522883,29.693872535423058,29.355644980866668,29.62798309326172,7661200,0.0,0.0,0.0,XLY
2014-07-02,29.64995269323827,29.729019367804643,29.627988424806613,29.67191696166992,3497800,0.0,0.0,0.0,XLY
2014-07-03,29.75975559654255,29.926672576455115,29.73340116583939,29.90031814575196,3494800,0.0,0.0,0.0,XLY
2014-07-07,29.803691661983404,29.85640389393852,29.685093329180333,29.71584129333496,6180800,0.0,0.0,0.0,XLY
2014-07-08,29.66751587989343,29.676299574262327,29.36003295656612,29.425922393798828,10200600,0.0,0.0,0.0,XLY
2014-07-09,29.50937969832485,29.808075546929405,29.47423822171827,29.781721115112305,37130200,0.0,0.0,0.0,XLY
2014-07-10,29.351255527227888,29.63238072490274,29.34686200346764,29.504995346069336,9684600,0.0,0.0,0.0,XLY
2014-07-11,29.553308651153788,29.61919809040579,29.491812734858875,29.60162734985352,14082200,0.0,0.0,0.0,XLY
2014-07-14,29.75536681414145,29.77733107740984,29.649945723260483,29.68508720397949,6845600,0.0,0.0,0.0,XLY
2014-07-15,29.60601539164512,29.70704294202165,29.44348858508336,29.58405113220215,8314000,0.0,0.0,0.0,XLY
2014-07-16,29.81247844595877,29.882758070000644,29.61920361510939,29.658735275268555,46941200,0.0,0.0,0.0,XLY
2014-07-17,29.58845097962188,29.72022986189981,29.329286738148927,29.377605438232425,11274800,0.0,0.0,0.0,XLY
2014-07-18,29.474240261502995,29.65872799954161,29.434708611041533,29.64994430541992,6909800,0.0,0.0,0.0,XLY
2014-07-21,29.55330270195657,29.61040843507488,29.42591737205284,29.513771057128903,7413800,0.0,0.0,0.0,XLY
2014-07-22,29.57966069372104,29.698262345036483,29.544522566734823,29.63676643371582,8820200,0.0,0.0,0.0,XLY
2014-07-23,29.641157281467606,29.64554745239732,29.522555640854904,29.61479949951172,10778600,0.0,0.0,0.0,XLY
2014-07-24,29.66751926873022,29.77294036957891,29.64555500338507,29.68069648742676,7953600,0.0,0.0,0.0,XLY
2014-07-25,29.461070051526363,29.518172455088,29.30293670951924,29.35125541687012,7705400,0.0,0.0,0.0,XLY
2014-07-28,29.35563922112978,29.4390960369683,29.219466840373784,29.408348083496097,5607600,0.0,0.0,0.0,XLY
2014-07-29,29.456663722908512,29.61040682561616,29.320494707536263,29.32488822937012,7169400,0.0,0.0,0.0,XLY
2014-07-30,29.434702642429507,29.513769278595618,29.30731732020215,29.48741149902344,47735000,0.0,0.0,0.0,XLY
2014-07-31,29.276574923288923,29.32489361851528,28.920773317415232,28.942737579345703,12899200,0.0,0.0,0.0,XLY
2014-08-01,28.859283150133475,29.03938075024033,28.70554333984501,28.837322235107425,12177600,0.0,0.0,0.0,XLY
2014-08-04,28.91199431901435,29.210690232890457,28.89003005351666,29.118446350097656,33885200,0.0,0.0,0.0,XLY
2014-08-05,28.991062610173067,29.131625203928905,28.815358530159124,28.91638946533203,19794200,0.0,0.0,0.0,XLY
2014-08-06,28.71432254867048,29.03937282330453,28.69675181068004,28.85488510131836,21923400,0.0,0.0,0.0,XLY
2014-08-07,29.039375141942703,29.0920873601228,28.622080972996866,28.705537796020508,12729000,0.0,0.0,0.0,XLY
2014-08-08,28.70554080980589,29.171157074425288,28.70554080980589,29.1491928100586,11141800,0.0,0.0,0.0,XLY
2014-08-11,29.267796677259028,29.36443409676541,29.219477967505835,29.280977249145508,10065000,0.0,0.0,0.0,XLY
2014-08-12,29.24142503781119,29.364416826199687,29.13161046228219,29.206283569335938,6254200,0.0,0.0,0.0,XLY
2014-08-13,29.29415105923168,29.38639494403656,29.22386808912712,29.31172180175781,6769200,0.0,0.0,0.0,XLY
2014-08-14,29.36441708583628,29.54012107849121,29.311708233932244,29.54012107849121,11199200,0.0,0.0,0.0,XLY
2014-08-15,29.636773951209555,29.66752191466924,29.276582085848965,29.483034133911133,12865200,0.0,0.0,0.0,XLY
2014-08-18,29.685089570636336,29.803687888423216,29.64994808711566,29.755369186401367,9493800,0.0,0.0,0.0,XLY
2014-08-19,29.917889468948403,30.023310545100166,29.869570777529763,29.97938537597656,7493800,0.0,0.0,0.0,XLY
2014-08-20,29.895924717960725,30.16826612409709,29.891534547013347,30.11994743347168,10008000,0.0,0.0,0.0,XLY
2014-08-21,30.159481115431035,30.1682648082182,30.07162743118249,30.09359169006348,3998600,0.0,0.0,0.0,XLY
2014-08-22,30.11996690138445,30.194640071060945,30.02772298273507,30.15071487426757,6581400,0.0,0.0,0.0,XLY
2014-08-25,30.2956501968046,30.30443388960912,30.190229126773364,30.238544464111328,7935200,0.0,0.0,0.0,XLY
2014-08-26,30.260517366659208,30.32201328768276,30.19902144563566,30.24294662475586,4041600,0.0,0.0,0.0,XLY
2014-08-27,30.251726453988336,30.32200605355831,30.21658497856557,30.2736873626709,3597000,0.0,0.0,0.0,XLY
2014-08-28,30.146309573753868,30.26930476852091,30.076029956591945,30.23416328430176,4626200,0.0,0.0,0.0,XLY
2014-08-29,30.269298029769967,30.30882967725843,30.12434195309432,30.22976303100586,4618400,0.0,0.0,0.0,XLY
2014-09-02,30.24294958769456,30.3835121854161,30.146312173396627,30.286874771118164,19040400,0.0,0.0,0.0,XLY
2014-09-03,30.41425574479624,30.4186492678854,30.181449290213724,30.20780372619629,5213200,0.0,0.0,0.0,XLY
2014-09-04,30.251730431472897,30.453788914807017,30.251730431472897,30.322010040283203,7466800,0.0,0.0,0.0,XLY
2014-09-05,30.25173176370372,30.436219515140763,30.155094364967315,30.42304229736328,5337200,0.0,0.0,0.0,XLY
2014-09-08,30.3483746273887,30.383516119188045,30.168280346652008,30.2956657409668,5001600,0.0,0.0,0.0,XLY
2014-09-09,30.256119543572307,30.2868674997144,29.97060424422831,29.992565155029297,5116800,0.0,0.0,0.0,XLY
2014-09-10,30.06285571428629,30.111174422052464,29.90032884713856,30.097993850708008,5738200,0.0,0.0,0.0,XLY
2014-09-11,29.96621940844294,30.137529978220783,29.96621940844294,30.11117553710937,4877200,0.0,0.0,0.0,XLY
2014-09-12,30.080419264010427,30.12873460894464,29.913498913002385,30.023313522338867,5826800,0.0,0.0,0.0,XLY
2014-09-15,30.01452626425819,30.05405791031293,29.834428717718524,29.90031814575196,5822200,0.0,0.0,0.0,XLY
2014-09-16,29.82126680632044,30.13314001770141,29.77294809105097,30.05407333374023,5693600,0.0,0.0,0.0,XLY
2014-09-17,30.067230815475018,30.18583243918854,29.92227811611132,30.040876388549805,12802800,0.0,0.0,0.0,XLY
2014-09-18,30.13312773348317,30.207800862539,30.07163182116945,30.17266273498535,5625200,0.0,0.0,0.0,XLY
2014-09-19,30.29561816289185,30.36172798385642,30.114921572239552,30.185436248779297,11847200,0.1145,0.0,0.0,XLY
2014-09-22,30.08848195320734,30.136962274609857,29.68742144999708,29.76234436035156,10849000,0.0,0.0,0.0,XLY
2014-09-23,29.66097889896136,29.766752617390303,29.50672149658203,29.50672149658203,10973400,0.0,0.0,0.0,XLY
2014-09-24,29.55960743140143,29.85489419066631,29.458238578415045,29.841672897338867,12686200,0.0,0.0,0.0,XLY
2014-09-25,29.76675013626364,29.797600941670844,29.38772403412624,29.40535354614257,9279200,0.0,0.0,0.0,XLY
2014-09-26,29.54198629725116,29.77557151223976,29.50232240602058,29.70946502685547,5186800,0.0,0.0,0.0,XLY
2014-09-29,29.45824564119921,29.683017769112936,29.42739482854332,29.555206298828125,13681200,0.0,0.0,0.0,XLY
2014-09-30,29.630127093082823,29.630127093082823,29.34805824929549,29.392133712768555,8856600,0.0,0.0,0.0,XLY
2014-10-01,29.3260327770586,29.378921331780283,28.9558196189804,28.999895095825195,13114000,0.0,0.0,0.0,XLY
2014-10-02,29.013113654574266,29.180589018317008,28.664938267791875,29.13210868835449,14969200,0.0,0.0,0.0,XLY
2014-10-03,29.317208429716985,29.59927728300398,29.25991503275253,29.50672149658203,9919600,0.0,0.0,0.0,XLY
2014-10-06,29.59045838034504,29.65215999116312,29.28635518239481,29.34805679321289,7781400,0.0,0.0,0.0,XLY
2014-10-07,29.215844496294096,29.27313789632956,28.911741256713867,28.911741256713867,12900200,0.0,0.0,0.0,XLY
2014-10-08,28.93377138067045,29.41857113131113,28.766292718868726,29.36568260192871,14306200,0.0,0.0,0.0,XLY
2014-10-09,29.3480642991338,29.3480642991338,28.69578900009546,28.70019721984864,45401600,0.0,0.0,0.0,XLY
2014-10-10,28.65171471233396,28.898521199969647,28.4489803314209,28.4489803314209,22018200,0.0,0.0,0.0,XLY
2014-10-13,28.435753300625155,28.50186313643632,27.849586260154226,27.87162399291992,42621400,0.0,0.0,0.0,XLY
2014-10-14,28.03910467434422,28.29032108956812,27.93333093437516,28.074363708496097,22490000,0.0,0.0,0.0,XLY
2014-10-15,27.677709511962963,27.98181281399799,27.18409477522708,27.84077835083008,30186400,0.0,0.0,0.0,XLY
2014-10-16,27.219345435394867,28.05672884320244,27.219345435394867,27.87162399291992,25364400,0.0,0.0,0.0,XLY
2014-10-17,28.096396146117588,28.41812890697095,28.06554533582914,28.18013381958008,17024200,0.0,0.0,0.0,XLY
2014-10-20,28.109616472409424,28.598824563320377,28.109616472409424,28.5723819732666,12384400,0.0,0.0,0.0,XLY
2014-10-21,28.70019951242671,29.158556891263093,28.67375355428162,29.12770271301269,11069000,0.0,0.0,0.0,XLY
2014-10-22,29.21143219762596,29.28195024550105,28.854443827093657,28.87647819519043,15529200,0.0,0.0,0.0,XLY
2014-10-23,29.198214015533587,29.467058217354737,29.132104179227643,29.26873207092285,10367600,0.0,0.0,0.0,XLY
2014-10-24,29.180581257069672,29.26432059791188,29.03073544975792,29.24228286743164,9014200,0.0,0.0,0.0,XLY
2014-10-27,29.202622788302943,29.365689910131977,29.11447521739508,29.2995834350586,7441600,0.0,0.0,0.0,XLY
2014-10-28,29.42299106710649,29.62572546675042,29.321622186041267,29.61690902709961,15389000,0.0,0.0,0.0,XLY
2014-10-29,29.65658003063512,29.71828166604692,29.37451445089923,29.52876853942871,9770600,0.0,0.0,0.0,XLY
2014-10-30,29.467056248208536,29.81082333904396,28.647302402761422,29.7226791381836,10203800,0.0,0.0,0.0,XLY
2014-10-31,30.119344545199684,30.15019872769637,29.92983476691796,30.01357078552246,9478800,0.0,0.0,0.0,XLY
2014-11-03,30.08408886696541,30.08408886696541,29.956277366215463,30.01357078552246,31852200,0.0,0.0,0.0,XLY
2014-11-04,29.854904595416688,29.90338492950362,29.497916101219072,29.652170181274418,9889200,0.0,0.0,0.0,XLY
2014-11-05,29.903382177449075,29.912198616918992,29.60368712271434,29.77116584777832,21506800,0.0,0.0,0.0,XLY
2014-11-06,29.81082999209952,30.04001034546112,29.766757881833502,30.022380828857425,22500000,0.0,0.0,0.0,XLY
2014-11-07,29.92541760806986,30.00474874475492,29.8460864713848,29.97389793395996,7542000,0.0,0.0,0.0,XLY
2014-11-10,30.02679065553982,30.03560709654402,29.77557588671272,29.956275939941406,5300800,0.0,0.0,0.0,XLY
2014-11-11,29.99152731047442,30.08848459932043,29.90778795478096,30.08407974243164,6460800,0.0,0.0,0.0,XLY
2014-11-12,29.987128964466542,30.27360279341064,29.987128964466542,30.225122451782227,10533200,0.0,0.0,0.0,XLY
2014-11-13,30.12375455246573,30.49396777702309,30.12375455246573,30.41463661193848,21600200,0.0,0.0,0.0,XLY
2014-11-14,30.44547852295332,30.54684403826246,30.379368677650685,30.53362274169922,19116000,0.0,0.0,0.0,XLY
2014-11-17,30.43225130287828,30.59091355572708,30.41462179006333,30.49835777282715,8062200,0.0,0.0,0.0,XLY
2014-11-18,30.43225509784655,30.63058125739637,30.41903043972188,30.5556583404541,8964200,0.0,0.0,0.0,XLY
2014-11-19,30.60854159029285,30.705502235501022,30.52039738327777,30.68346786499023,10035200,0.0,0.0,0.0,XLY
2014-11-20,30.542438093689544,30.895018318606947,30.533621654636992,30.81568717956543,10706200,0.0,0.0,0.0,XLY
2014-11-21,31.11096595634351,31.14182012256331,30.811274355772653,30.890602111816406,15564400,0.0,0.0,0.0,XLY
2014-11-24,31.05366552338109,31.19029000000213,30.99196392990806,31.17706871032715,6685200,0.0,0.0,0.0,XLY
2014-11-25,31.282868107333066,31.371012343143644,31.15946146971636,31.27405166625977,8501800,0.0,0.0,0.0,XLY
2014-11-26,31.26523129715235,31.29608210874088,31.21234275050648,31.269636154174805,4674800,0.0,0.0,0.0,XLY
2014-11-28,31.40186175002232,31.710369923975136,31.40186175002232,31.64866828918457,6714400,0.0,0.0,0.0,XLY
2014-12-01,31.556120069175964,31.56052829010562,31.25642493321924,31.30049705505371,23771000,0.0,0.0,0.0,XLY
2014-12-02,31.34456407637349,31.481188625918072,31.326934559902185,31.41948699951172,10333800,0.0,0.0,0.0,XLY
2014-12-03,31.46795239331478,31.503211409522144,31.33132454613245,31.47236061096191,11326400,0.0,0.0,0.0,XLY
2014-12-04,31.445924086356992,31.51644213989353,31.300483122802262,31.454740524291992,12190200,0.0,0.0,0.0,XLY
2014-12-05,31.46355929851584,31.57814947502471,31.45474622147045,31.52526092529297,8961000,0.0,0.0,0.0,XLY
2014-12-08,31.459149243214675,31.525259085900448,31.16386242336933,31.269636154174805,8405800,0.0,0.0,0.0,XLY
2014-12-09,31.093336786860625,31.238774354629445,30.83771394504801,31.212331771850582,8876000,0.0,0.0,0.0,XLY
2014-12-10,31.15946000804806,31.20794034421582,30.767212460863025,30.79806327819824,10930400,0.0,0.0,0.0,XLY
2014-12-11,30.934689529467057,31.326937055361828,30.91265179150081,31.04927635192871,35139600,0.0,0.0,0.0,XLY
2014-12-12,30.912657606062048,31.18150191988264,30.789254320207487,30.85095596313477,24352200,0.0,0.0,0.0,XLY
2014-12-15,31.02282857949765,31.093346639232724,30.507177877008026,30.66584014892578,17765000,0.0,0.0,0.0,XLY
2014-12-16,30.56446162336156,30.789233664653896,30.1678060688707,30.19425201416016,18229600,0.0,0.0,0.0,XLY
2014-12-17,30.33089756615921,30.82451408361106,30.25156640018458,30.771625518798828,19427800,0.0,0.0,0.0,XLY
2014-12-18,31.20792814973449,31.27844619750977,30.88179058498784,31.27844619750977,37697000,0.0,0.0,0.0,XLY
2014-12-19,31.36828992397928,31.452376434973147,31.18241767734369,31.36386680603028,19660200,0.1465,0.0,0.0,XLY
2014-12-22,31.42140929080319,31.669239044189453,31.42140929080319,31.669239044189453,9902400,0.0,0.0,0.0,XLY
2014-12-23,31.77544350505375,31.948039647756502,31.73561180789298,31.846250534057617,14674600,0.0,0.0,0.0,XLY
2014-12-24,31.93031939315141,31.93031939315141,31.78427554501481,31.79312515258789,3375600,0.0,0.0,0.0,XLY
2014-12-26,31.881659403890023,32.0321264680966,31.837404583619048,31.96574592590332,28204600,0.0,0.0,0.0,XLY
2014-12-29,31.9480501772571,32.266690353857456,31.87723974848943,32.20915603637695,46027200,0.0,0.0,0.0,XLY
2014-12-30,32.120635088524004,32.20029510467876,31.992293763806565,32.058677673339844,12102400,0.0,0.0,0.0,XLY
2014-12-31,32.16046305577805,32.293230873388936,31.917059892059243,31.93033599853516,13328000,0.0,0.0,0.0,XLY
2015-01-02,32.098510710599506,32.15161852131636,31.483359586274755,31.700210571289062,12371000,0.0,0.0,0.0,XLY
2015-01-05,31.58071027722761,31.65594378164468,31.02751678635188,31.093900680541992,17165800,0.0,0.0,0.0,XLY
2015-01-06,31.222250447020176,31.23110005964828,30.576117303110177,30.78411865234375,14346000,0.0,0.0,0.0,XLY
2015-01-07,31.30190231527239,31.30190231527239,30.98326232081921,31.27092361450196,14822000,0.0,0.0,0.0,XLY
2015-01-08,31.5320479442867,31.784304192783907,31.38600396451801,31.740049362182617,12798200,0.0,0.0,0.0,XLY
2015-01-09,31.735606002013697,31.762158210979297,31.33730598540292,31.372711181640625,11258400,0.0,0.0,0.0,XLY
2015-01-12,31.434665344293204,31.474497030058235,31.076197054532926,31.20453834533691,12056600,0.0,0.0,0.0,XLY
2015-01-13,31.549730531983847,31.72675311848677,30.961131866842283,31.20453834533691,15103200,0.0,0.0,0.0,XLY
2015-01-14,30.78412238692903,30.947868940035026,30.4743352609733,30.8283805847168,20350000,0.0,0.0,0.0,XLY
2015-01-15,30.899181787161982,31.0230966141384,30.421221703316544,30.43007469177246,16102400,0.0,0.0,0.0,XLY
2015-01-16,30.4477642306898,30.868189838493805,30.314996472212552,30.83278465270996,19104200,0.0,0.0,0.0,XLY
2015-01-20,30.868210580606096,30.934594504451866,30.38140076644817,30.65578269958496,27874600,0.0,0.0,0.0,XLY
2015-01-21,30.638074221211628,30.952287764361586,30.54956122399823,30.85492515563965,18744000,0.0,0.0,0.0,XLY
2015-01-22,30.956711339240872,31.487779201090166,30.84607262340881,31.43467140197754,30350200,0.0,0.0,0.0,XLY
2015-01-23,31.47007902293341,31.5453125451461,31.310758989761897,31.390419006347656,9963400,0.0,0.0,0.0,XLY
2015-01-26,31.37715742905424,31.571879378099887,31.27979476631767,31.554180145263672,6906800,0.0,0.0,0.0,XLY
2015-01-27,31.195689087891708,31.50547949540823,31.093903367572658,31.301904678344727,11772400,0.0,0.0,0.0,XLY
2015-01-28,31.46565254014244,31.483355141215338,30.85935449141879,30.894756317138672,10395000,0.0,0.0,0.0,XLY
2015-01-29,30.996549255775307,31.37714678476319,30.81952659961852,31.315189361572266,17070000,0.0,0.0,0.0,XLY
2015-01-30,31.21339678571204,31.3859929278639,30.934588412180407,30.97441673278809,16055400,0.0,0.0,0.0,XLY
2015-02-02,31.05407740472305,31.275354861008253,30.56284118165582,31.25322914123535,41698800,0.0,0.0,0.0,XLY
2015-02-03,31.43466298042436,31.921472524380818,31.35942948415625,31.917049407958984,11228800,0.0,0.0,0.0,XLY
2015-02-04,31.912638910455097,32.29323645183108,31.881660197851307,32.12948989868164,18332000,0.0,0.0,0.0,XLY
2015-02-05,32.151609743767914,32.34633157705024,32.111778052497925,32.32863235473633,10155000,0.0,0.0,0.0,XLY
2015-02-06,32.37289294528837,32.43927685831112,32.178167700801936,32.27995681762695,9296600,0.0,0.0,0.0,XLY
2015-02-09,32.09851731818204,32.27554001391918,32.06753859966007,32.15605163574219,8735000,0.0,0.0,0.0,XLY
2015-02-10,32.41715508706845,32.61188037555658,32.24455890006374,32.549922943115234,11124000,0.0,0.0,0.0,XLY
2015-02-11,32.59417061540842,32.64285192684516,32.412721477066725,32.55876541137695,10627400,0.0,0.0,0.0,XLY
2015-02-12,32.70038008450313,32.95706272737582,32.60744396410285,32.94378662109375,8261600,0.0,0.0,0.0,XLY
2015-02-13,32.9836128735903,33.1429328918457,32.943784557239255,33.1429328918457,10664800,0.0,0.0,0.0,XLY
2015-02-17,33.094247825558135,33.222589124364866,32.93050470838334,33.06769561767578,8244000,0.0,0.0,0.0,XLY
2015-02-18,32.996895243448385,33.08983137567021,32.93936431676618,33.05000305175781,8287800,0.0,0.0,0.0,XLY
2015-02-19,33.08540670572938,33.227024144820355,33.08540670572938,33.151790618896484,6545000,0.0,0.0,0.0,XLY
2015-02-20,33.041148830170705,33.39519070690819,32.95263582866701,33.3863410949707,7861600,0.0,0.0,0.0,XLY
2015-02-23,33.364207734585285,33.46157033557781,33.2535690291711,33.3553581237793,6242400,0.0,0.0,0.0,XLY
2015-02-24,33.47041315136276,33.54565002185338,33.40845575902318,33.514671325683594,7037200,0.0,0.0,0.0,XLY
2015-02-25,33.541239038062784,33.86430225086631,33.50140733804143,33.771366119384766,13684200,0.0,0.0,0.0,XLY
2015-02-26,33.74039085465125,33.79349866796133,33.589923781579216,33.665157318115234,7009400,0.0,0.0,0.0,XLY
2015-02-27,33.64745141627913,33.73153793500642,33.58992048981775,33.62089920043945,7738200,0.0,0.0,0.0,XLY
2015-03-02,33.6430231089493,34.036900089099376,33.63417349628826,34.02362060546875,48008800,0.0,0.0,0.0,XLY
2015-03-03,33.957234908087926,33.96608451940386,33.69612579252322,33.93067932128906,12051000,0.0,0.0,0.0,XLY
2015-03-04,33.90857052842112,33.90857052842112,33.612056066752416,33.7536735534668,9332600,0.0,0.0,0.0,XLY
2015-03-05,33.85987003460512,33.864293151754204,33.71382613447821,33.77578353881836,15569400,0.0,0.0,0.0,XLY
2015-03-06,33.66073931678568,33.709420647164094,33.30669726799324,33.37308120727539,15705000,0.0,0.0,0.0,XLY
2015-03-09,33.39961137670507,33.603186180024565,33.37305916909715,33.5633544921875,8450000,0.0,0.0,0.0,XLY
2015-03-10,33.29782456077123,33.32880326390443,33.032292337283025,33.04114532470703,14292600,0.0,0.0,0.0,XLY
2015-03-11,33.0986716004613,33.129650299254685,32.8508420101142,32.85969161987305,9184800,0.0,0.0,0.0,XLY
2015-03-12,32.98805169411691,33.55009508556128,32.98805169411691,33.52796936035156,13843000,0.0,0.0,0.0,XLY
2015-03-13,33.47926772306267,33.51909603012893,33.08981737970473,33.26241683959961,11165600,0.0,0.0,0.0,XLY
2015-03-16,33.38634985033708,33.669584776574,33.38634985033708,33.65188217163086,10901400,0.0,0.0,0.0,XLY
2015-03-17,33.43060202558509,33.563366487498975,33.35094199786621,33.466007232666016,9854600,0.0,0.0,0.0,XLY
2015-03-18,33.404043834616786,33.868724432852986,33.156210805798366,33.76251220703125,15437000,0.0,0.0,0.0,XLY
2015-03-19,33.77577116337725,34.03688016579067,33.58989901846034,33.71381378173828,9111000,0.0,0.0,0.0,XLY
2015-03-20,33.93807787185916,34.160098529561296,33.86702963526661,34.08905029296875,12486600,0.1275,0.0,0.0,XLY
2015-03-23,34.06683131900417,34.24888639546041,34.02686586119971,34.031307220458984,7461400,0.0,0.0,0.0,XLY
2015-03-24,34.01799518722648,34.080160681617976,33.84481939745512,33.85369873046875,10551200,0.0,0.0,0.0,XLY
2015-03-25,33.80041649262615,33.88478201477167,33.3030891418457,33.3030891418457,11851600,0.0,0.0,0.0,XLY
2015-03-26,33.11214910734388,33.29420760875038,32.9611767393372,33.09438705444336,10108200,0.0,0.0,0.0,XLY
2015-03-27,33.04555891518244,33.329745129327414,33.04555891518244,33.26314163208008,6723800,0.0,0.0,0.0,XLY
2015-03-30,33.37414154748879,33.70273111969412,33.37414154748879,33.60504150390625,9186000,0.0,0.0,0.0,XLY
2015-03-31,33.55620863247117,33.81375345883988,33.36082933139601,33.458518981933594,16259600,0.0,0.0,0.0,XLY
2015-04-01,33.383017976111184,33.471824862134525,33.09439051488702,33.31196975708008,14701400,0.0,0.0,0.0,XLY
2015-04-02,33.28087752964586,33.66275312876425,33.24535681801232,33.60947036743164,8929600,0.0,0.0,0.0,XLY
2015-04-06,33.41410613796553,33.90699222710166,33.374144049110974,33.76934051513672,9978600,0.0,0.0,0.0,XLY
2015-04-07,33.76933220179945,33.83149769433559,33.58283233642578,33.58283233642578,6297600,0.0,0.0,0.0,XLY
2015-04-08,33.6672018853496,33.902543166982376,33.64056049882976,33.898101806640625,8497000,0.0,0.0,0.0,XLY
2015-04-09,33.89367128903581,34.03132300001881,33.684971348018955,33.929195404052734,10503200,0.0,0.0,0.0,XLY
2015-04-10,33.97359856044558,34.080167516809645,33.92475374966079,34.04464340209961,7944200,0.0,0.0,0.0,XLY
2015-04-13,34.01356426585412,34.11569525956512,33.84927114643897,33.858150482177734,6293600,0.0,0.0,0.0,XLY
2015-04-14,33.74713337084795,33.94695056859536,33.63168170284696,33.84038162231445,5840600,0.0,0.0,0.0,XLY
2015-04-15,33.924750539826604,34.03131948610751,33.822619566640014,33.84038162231445,11518600,0.0,0.0,0.0,XLY
2015-04-16,33.91586556993804,33.98247242736061,33.82705868521828,33.906986236572266,13719800,0.0,0.0,0.0,XLY
2015-04-17,33.72492684106795,33.73825092241808,33.29864770752965,33.40522003173828,17183000,0.0,0.0,0.0,XLY
2015-04-20,33.54731840561004,33.83150453978165,33.54731840561004,33.77377700805664,8199800,0.0,0.0,0.0,XLY
2015-04-21,33.907000560204864,33.93364195932206,33.69830056640841,33.80931091308594,7835000,0.0,0.0,0.0,XLY
2015-04-22,33.89810576243209,33.90254712329212,33.64500239766136,33.84038162231445,6926600,0.0,0.0,0.0,XLY
2015-04-23,33.79153786628134,34.18673430096326,33.773775810054914,34.009117126464844,8271600,0.0,0.0,0.0,XLY
2015-04-24,34.302186109567856,34.49756534107312,34.24446196742578,34.47092056274414,9655600,0.0,0.0,0.0,XLY
2015-04-27,34.55528911323937,34.586371864485514,34.133451290932264,34.16897201538086,13850600,0.0,0.0,0.0,XLY
2015-04-28,34.115690575795426,34.137890605977674,33.80485966335046,34.0490837097168,11132400,0.0,0.0,0.0,XLY
2015-04-29,33.88922491598979,34.022438633719844,33.68052500583664,33.81818008422852,14487000,0.0,0.0,0.0,XLY
2015-04-30,33.6583404831737,33.87591982711544,33.2897852970714,33.440757751464844,21405400,0.0,0.0,0.0,XLY
2015-05-01,33.60948427178711,33.91587043949631,33.56507743528591,33.902549743652344,12220400,0.0,0.0,0.0,XLY
2015-05-04,34.16897049850151,34.16897049850151,33.92474986034239,33.973594665527344,7841800,0.0,0.0,0.0,XLY
2015-05-05,34.0801541291894,34.0801541291894,33.60947165135957,33.618350982666016,15713600,0.0,0.0,0.0,XLY
2015-05-06,33.70717104947787,33.751574494469,33.316412602918305,33.480709075927734,16596400,0.0,0.0,0.0,XLY
2015-05-07,33.48071287583654,33.7160542099888,33.396343949341926,33.65388870239258,11784800,0.0,0.0,0.0,XLY
2015-05-08,33.99579537840569,34.15565049172706,33.98247468358986,34.01355743408203,11347200,0.0,0.0,0.0,XLY
2015-05-11,33.9869179841622,34.16009380218294,33.858145613983666,33.862586975097656,13894400,0.0,0.0,0.0,XLY
2015-05-12,33.6760844665552,33.92474985319868,33.542874133341634,33.800418853759766,15020800,0.0,0.0,0.0,XLY
2015-05-13,33.81817594145367,33.93362420239386,33.5606312588668,33.58727264404297,15843200,0.0,0.0,0.0,XLY
2015-05-14,33.71606256680923,33.78266945224744,33.534003972462585,33.73826599121094,13660600,0.0,0.0,0.0,XLY
2015-05-15,33.77821717105298,34.009117126464844,33.742693058600125,34.009117126464844,14379800,0.0,0.0,0.0,XLY
2015-05-18,33.95139335131718,34.20005536564167,33.94251401699096,34.13788986206055,7923000,0.0,0.0,0.0,XLY
2015-05-19,34.23113300657873,34.30218122164413,34.093481324596205,34.129005432128906,9290800,0.0,0.0,0.0,XLY
2015-05-20,34.133457134722285,34.24002610184472,33.969160628426806,34.08905029296875,14815600,0.0,0.0,0.0,XLY
2015-05-21,34.0135633802076,34.29774954517803,34.0135633802076,34.22226333618164,5860800,0.0,0.0,0.0,XLY
2015-05-22,34.217814484678726,34.29330406491767,34.106804182418266,34.16453170776367,5927600,0.0,0.0,0.0,XLY
2015-05-26,34.13789023905783,34.24002121764946,33.86702480427773,33.920310974121094,10672000,0.0,0.0,0.0,XLY
2015-05-27,33.986919615148786,34.21781958766838,33.91587138497901,34.17341613769531,7255400,0.0,0.0,0.0,XLY
2015-05-28,34.115684509277344,34.18672933609953,34.02687424104294,34.115684509277344,6508400,0.0,0.0,0.0,XLY
2015-05-29,34.01798458606653,34.14231553610377,33.83148816101067,33.880332946777344,12333000,0.0,0.0,0.0,XLY
2015-06-01,33.911431495830264,34.097928007841986,33.80930051767191,33.97803497314453,11095000,0.0,0.0,0.0,XLY
2015-06-02,33.90254443525729,34.21781327600893,33.85814099347467,34.05352020263672,14261600,0.0,0.0,0.0,XLY
2015-06-03,34.14677427978921,34.36879491439413,34.05796399328763,34.319950103759766,8796000,0.0,0.0,0.0,XLY
2015-06-04,34.24001437605613,34.31105920055238,34.01799379438686,34.07571792602539,11321000,0.0,0.0,0.0,XLY
2015-06-05,33.97803497314453,34.05796253368754,33.8181832398244,33.97803497314453,7026000,0.0,0.0,0.0,XLY
2015-06-08,33.93808325975865,33.951403959292904,33.72938326634348,33.73826599121094,7392800,0.0,0.0,0.0,XLY
2015-06-09,33.74712789488524,33.80485202563629,33.49846593132357,33.70272445678711,9372200,0.0,0.0,0.0,XLY
2015-06-10,33.84482513810402,34.12901127145796,33.80485966335046,34.0490837097168,9327400,0.0,0.0,0.0,XLY
2015-06-11,34.13788693154057,34.27554201002413,34.106804182418266,34.16453170776367,8786600,0.0,0.0,0.0,XLY
2015-06-12,33.96915504077976,34.093486046598905,33.94695162355527,34.009117126464844,8135400,0.0,0.0,0.0,XLY
2015-06-15,33.79597988253368,33.91143155636097,33.667207513219765,33.849266052246094,9342800,0.0,0.0,0.0,XLY
2015-06-16,33.81373755169206,34.06239953588706,33.78709277641013,34.05352020263672,8213600,0.0,0.0,0.0,XLY
2015-06-17,34.1156865375695,34.2888623362158,33.96471076647767,34.20893478393555,8577200,0.0,0.0,0.0,XLY
2015-06-18,34.21337772271216,34.719584447915054,34.21337772271216,34.62189483642578,11583400,0.0,0.0,0.0,XLY
2015-06-19,34.68292321272909,34.71410474395785,34.50028610229492,34.50028610229492,11966600,0.1235,0.0,0.0,XLY
2015-06-22,34.678478093618374,34.81657068618449,34.66957053854944,34.69184112548828,7812000,0.0,0.0,0.0,XLY
2015-06-23,34.77646621480986,34.856647776947305,34.74082920974169,34.82992172241211,7023200,0.0,0.0,0.0,XLY
2015-06-24,34.723008203809684,34.883371316523004,34.58491906729106,34.58937454223633,11973400,0.0,0.0,0.0,XLY
2015-06-25,34.651745113462376,34.75865274561613,34.54038200539695,34.562652587890625,8859400,0.0,0.0,0.0,XLY
2015-06-26,34.70518102881534,34.80763312719689,34.58490703685212,34.70072555541992,16617200,0.0,0.0,0.0,XLY
2015-06-29,34.39338201522936,34.54928968739529,33.89002198837009,33.916748046875,17959600,0.0,0.0,0.0,XLY
2015-06-30,34.25972847045193,34.26418054526784,33.92563933861774,34.06818389892578,14474600,0.0,0.0,0.0,XLY
2015-07-01,34.35773800835557,34.4646490176689,34.282011925657386,34.45573806762695,12045200,0.0,0.0,0.0,XLY
2015-07-02,34.55820539767267,34.66511304494512,34.28647910368338,34.38893127441406,12517800,0.0,0.0,0.0,XLY
2015-07-06,34.1528275413998,34.55373529716376,34.0771014649031,34.32210159301758,8099400,0.0,0.0,0.0,XLY
2015-07-07,34.35774480535592,34.62501898298248,33.943473908273575,34.62056350708008,13923400,0.0,0.0,0.0,XLY
2015-07-08,34.34437391256788,34.42901094267298,33.91674008422328,33.96128463745117,13650600,0.0,0.0,0.0,XLY
2015-07-09,34.299840047785366,34.455747731932405,34.07265833743817,34.10383987426758,11855200,0.0,0.0,0.0,XLY
2015-07-10,34.442366628619794,34.669548219757395,34.35772961655207,34.59827423095703,9316600,0.0,0.0,0.0,XLY
2015-07-13,34.84329072907553,35.11946906941865,34.84329072907553,35.097198486328125,12129400,0.0,0.0,0.0,XLY
2015-07-14,35.17737208000155,35.20409813305865,35.06600899422139,35.1417350769043,7502000,0.0,0.0,0.0,XLY
2015-07-15,35.15955750035471,35.195194507427125,35.025920423099194,35.106101989746094,5428600,0.0,0.0,0.0,XLY
2015-07-16,35.35110111681225,35.36000866905016,35.146193430020816,35.31991958618164,6554800,0.0,0.0,0.0,XLY
2015-07-17,35.3733678323935,35.377819908332384,35.141730739383846,35.25754928588867,6489600,0.0,0.0,0.0,XLY
2015-07-20,35.44018290814151,35.44018290814151,35.22191223884188,35.275367736816406,5109400,0.0,0.0,0.0,XLY
2015-07-21,35.44465053754073,35.44465053754073,35.066016643004914,35.16401672363281,5353800,0.0,0.0,0.0,XLY
2015-07-22,35.15955251930468,35.39118623539573,35.115007966040814,35.33327865600586,6419400,0.0,0.0,0.0,XLY
2015-07-23,35.40455762278366,35.471372762779296,35.043738874147024,35.12392044067383,7522000,0.0,0.0,0.0,XLY
2015-07-24,35.814373007906426,35.814373007906426,35.06155737765654,35.12392044067383,10339200,0.0,0.0,0.0,XLY
2015-07-27,34.99028082278131,35.14618845386023,34.76755466451671,34.86109924316406,11104600,0.0,0.0,0.0,XLY
2015-07-28,34.75864979491439,35.20410218936114,34.75864979491439,35.13283157348633,10897000,0.0,0.0,0.0,XLY
2015-07-29,35.22636640209924,35.551544656712785,35.19072940477605,35.49363708496094,11624400,0.0,0.0,0.0,XLY
2015-07-30,35.34218467723812,35.66291088450383,35.27982162566217,35.62282180786133,6606400,0.0,0.0,0.0,XLY
2015-07-31,35.70301417399576,35.87228487975465,35.609469568297506,35.73419570922852,7330400,0.0,0.0,0.0,XLY
2015-08-03,35.66290688087912,35.85890696298937,35.422362252434105,35.61390686035156,11514200,0.0,0.0,0.0,XLY
2015-08-04,35.65845800009771,35.84554715058495,35.60500250058792,35.76536560058594,11407400,0.0,0.0,0.0,XLY
2015-08-05,35.81436378855681,35.907908359002455,35.31545601431553,35.3778190612793,11882600,0.0,0.0,0.0,XLY
2015-08-06,35.50255550558171,35.50255550558171,34.518106093184265,34.8967399597168,15489400,0.0,0.0,0.0,XLY
2015-08-07,34.93682508801876,34.968006614026315,34.6250098279432,34.8700065612793,12905800,0.0,0.0,0.0,XLY
2015-08-10,35.13282770807552,35.26200929607601,35.07937220315169,35.1506462097168,7674200,0.0,0.0,0.0,XLY
2015-08-11,34.92346598596022,35.008099624042615,34.6695582746494,34.834373474121094,11349400,0.0,0.0,0.0,XLY
2015-08-12,34.72745928210497,34.73637023086732,34.11273636021829,34.68291473388672,14273800,0.0,0.0,0.0,XLY
2015-08-13,34.66065845128809,35.09720340311401,34.65175089651051,34.883384704589844,8848600,0.0,0.0,0.0,XLY
2015-08-14,34.84327279553259,34.95463584926491,34.776454283587064,34.905635833740234,9479200,0.0,0.0,0.0,XLY
2015-08-17,34.780919286343135,35.26200862591941,34.74973775869643,35.2397346496582,8841000,0.0,0.0,0.0,XLY
2015-08-18,35.279819720783735,35.413456766106066,35.20409364774899,35.27091217041016,11699400,0.0,0.0,0.0,XLY
2015-08-19,35.16846845713312,35.471376249505724,35.039290241422385,35.20856094360352,11481800,0.0,0.0,0.0,XLY
2015-08-20,34.869998646816114,34.945724707285244,34.21073127556739,34.21963882446289,18824600,0.0,0.0,0.0,XLY
2015-08-21,33.87665986777812,33.98356750319768,33.092662611458955,33.12384414672852,37202600,0.0,0.0,0.0,XLY
2015-08-24,31.20838424178227,32.90110418885364,29.39984915407658,31.80083656311035,47634200,0.0,0.0,0.0,XLY
2015-08-25,32.5981971903296,32.85656032206814,31.65383715631859,31.671655654907227,24187600,0.0,0.0,0.0,XLY
2015-08-26,32.39774066187215,32.91446345717109,31.778558964600265,32.87437438964844,37790200,0.0,0.0,0.0,XLY
2015-08-27,33.38665253587156,33.73410822637301,32.96792963457739,33.645015716552734,32231200,0.0,0.0,0.0,XLY
2015-08-28,33.533663888068986,33.85439023405158,33.45348230157334,33.658390045166016,15289000,0.0,0.0,0.0,XLY
2015-08-31,33.50692821786116,33.69847287520447,33.30202053302234,33.400020599365234,20217800,0.0,0.0,0.0,XLY
2015-09-01,32.669476520428525,33.057021321647525,32.37102423597183,32.55366134643555,27879800,0.0,0.0,0.0,XLY
2015-09-02,32.87884715766282,33.248573539541695,32.705120958665816,33.23966598510742,15389200,0.0,0.0,0.0,XLY
2015-09-03,33.306480993064795,33.680662849779864,33.14166574776045,33.253028869628906,13201600,0.0,0.0,0.0,XLY
2015-09-04,32.77193752007517,33.088208360528704,32.620485314167524,32.896663665771484,14311200,0.0,0.0,0.0,XLY
2015-09-08,33.51584538012185,33.68957158444027,33.27530062063491,33.658390045166016,10510400,0.0,0.0,0.0,XLY
2015-09-09,33.9746593681073,34.01920733521389,33.221846983170785,33.29757308959961,15364200,0.0,0.0,0.0,XLY
2015-09-10,33.18174251673438,33.60046878697656,33.159471939751576,33.39110565185547,12412200,0.0,0.0,0.0,XLY
2015-09-11,33.30202636195953,33.64502325566334,33.23075233813236,33.640567779541016,9219200,0.0,0.0,0.0,XLY
2015-09-14,33.61828708764436,33.65392408884261,33.34210542615521,33.462379455566406,7184600,0.0,0.0,0.0,XLY
2015-09-15,33.47129266067122,33.90338202722816,33.3064740511863,33.814292907714844,11140800,0.0,0.0,0.0,XLY
2015-09-16,33.87219415251502,34.24192038646995,33.77864957498391,34.19737243652344,13231800,0.0,0.0,0.0,XLY
2015-09-17,34.21073100190421,34.80317985684011,34.15727551336678,34.28645706176758,21990400,0.0,0.0,0.0,XLY
2015-09-18,33.879126229494,34.20106120801195,33.68685969573133,33.740516662597656,19723000,0.1445,0.0,0.0,XLY
2015-09-21,33.901484743925174,34.19659294983385,33.75393064097084,34.03562545776367,14036200,0.0,0.0,0.0,XLY
2015-09-22,33.610853118344465,33.67792348387131,33.34257506757758,33.58402633666992,15290400,0.0,0.0,0.0,XLY
2015-09-23,33.579562466423745,33.67345963710573,33.38282699937921,33.49460983276367,10771200,0.0,0.0,0.0,XLY
2015-09-24,33.29784850406019,33.454343683016845,32.94461457936428,33.40515899658203,13957400,0.0,0.0,0.0,XLY
2015-09-25,33.771815476895256,33.84782695426609,33.23972831261951,33.40069580078125,11708000,0.0,0.0,0.0,XLY
2015-09-28,33.17266017948341,33.293384085606974,32.358881645767234,32.43936538696289,24030800,0.0,0.0,0.0,XLY
2015-09-29,32.45278912353804,32.68529588816534,32.13085405609952,32.332061767578125,12354200,0.0,0.0,0.0,XLY
2015-09-30,32.810497898276395,33.239743593593865,32.65847487364672,33.203975677490234,21597200,0.0,0.0,0.0,XLY
2015-10-01,33.221855638914754,33.45436240471715,32.94016074781188,33.44989013671875,16725400,0.0,0.0,0.0,XLY
2015-10-02,32.931220949069804,33.928321838378906,32.88650850130843,33.928321838378906,16403600,0.0,0.0,0.0,XLY
2015-10-05,34.17424297948707,34.491705770682934,34.05798789453028,34.429107666015625,14036000,0.0,0.0,0.0,XLY
2015-10-06,34.31732196973138,34.54535985265349,34.01327259628209,34.17424011230469,18172000,0.0,0.0,0.0,XLY
2015-10-07,34.250257049793106,34.375453268534365,33.95962102123454,34.29050064086914,15588600,0.0,0.0,0.0,XLY
2015-10-08,34.14293743953888,34.7599772445883,34.129524049850446,34.710792541503906,12683200,0.0,0.0,0.0,XLY
2015-10-09,34.71973854994068,34.78233664537182,34.5542987769639,34.75103759765625,16705400,0.0,0.0,0.0,XLY
2015-10-12,34.773395341755666,35.01037776658046,34.768926485481344,34.91647720336914,10978000,0.0,0.0,0.0,XLY
2015-10-13,34.80021464166807,35.09979166261475,34.68395959945757,34.72867202758789,15163000,0.0,0.0,0.0,XLY
2015-10-14,34.728680386103434,34.849407723585564,34.2994348323301,34.37544631958008,14031800,0.0,0.0,0.0,XLY
2015-10-15,34.56771755621645,34.82705451276973,34.30391174310738,34.82258224487305,11406400,0.0,0.0,0.0,XLY
2015-10-16,34.809162521091416,35.01931472657932,34.78680800835584,35.00590133666992,10638400,0.0,0.0,0.0,XLY
2015-10-19,34.907539339308244,35.1937030892585,34.87624028576184,35.171348571777344,9857400,0.0,0.0,0.0,XLY
2015-10-20,35.12217146216498,35.28313903278264,35.01485747419205,35.12664031982422,10027600,0.0,0.0,0.0,XLY
2015-10-21,35.21605828772014,35.29654204936242,34.92542229227076,34.97013473510742,10024800,0.0,0.0,0.0,XLY
2015-10-22,35.189212881943625,35.49773440343331,35.12214595234956,35.4306640625,16455000,0.0,0.0,0.0,XLY
2015-10-23,35.922531056232586,35.953833525650616,35.41727385832778,35.60506820678711,15790200,0.0,0.0,0.0,XLY
2015-10-26,35.61846691232961,35.91804394615858,35.591636725226,35.855445861816406,12050000,0.0,0.0,0.0,XLY
2015-10-27,35.77049143970627,35.81520387173792,35.5335124797326,35.6855354309082,8942400,0.0,0.0,0.0,XLY
2015-10-28,35.82416002175778,36.025367736816406,35.55587851989161,36.025367736816406,22715800,0.0,0.0,0.0,XLY
2015-10-29,35.97618175394628,36.19080626560476,35.631892175322214,36.12820816040039,9449600,0.0,0.0,0.0,XLY
2015-10-30,36.19975517864982,36.44567879582242,36.10585800064073,36.204227447509766,15542200,0.0,0.0,0.0,XLY
2015-11-02,36.333876267563866,36.42330112826151,36.1058384380432,36.36964416503906,15470000,0.0,0.0,0.0,XLY
2015-11-03,36.329413270605045,36.60216360006699,36.30258648781883,36.50826644897461,14567000,0.0,0.0,0.0,XLY
2015-11-04,36.57086695741081,36.60663827770792,36.087964367422416,36.27128982543945,12531800,0.0,0.0,0.0,XLY
2015-11-05,36.32493649147708,36.508261914655584,36.13266994559388,36.40095138549805,13929400,0.0,0.0,0.0,XLY
2015-11-06,36.307060407698295,36.490385879213655,36.17292306371884,36.40542984008789,13186400,0.0,0.0,0.0,XLY
2015-11-09,36.235520212437045,36.35177530320976,35.65424816991447,35.90464401245117,14019200,0.0,0.0,0.0,XLY
2015-11-10,35.85544770158354,36.24444961547851,35.80626300259959,36.24444961547851,14662800,0.0,0.0,0.0,XLY
2015-11-11,36.320474569833856,36.32941569424553,35.953827064819414,36.02983856201172,14173400,0.0,0.0,0.0,XLY
2015-11-12,35.8062828178814,36.0343173724492,35.66766976615423,35.69449996948242,12151400,0.0,0.0,0.0,XLY
2015-11-13,35.46645315321099,35.51563786714024,34.71527246296718,34.755516052246094,22754400,0.0,0.0,0.0,XLY
2015-11-16,34.61690525855117,35.175819396972656,34.54536602273063,35.175819396972656,14766400,0.0,0.0,0.0,XLY
2015-11-17,35.35019230994177,35.55140340089864,35.12662670532774,35.242881774902344,14904600,0.0,0.0,0.0,XLY
2015-11-18,35.34125851244046,35.8912281034405,35.26077474164276,35.84651565551758,14275200,0.0,0.0,0.0,XLY
2015-11-19,35.87333784666835,36.02536081794405,35.79285409383405,35.89122009277344,11370400,0.0,0.0,0.0,XLY
2015-11-20,36.16397784992611,36.32494538875925,36.074552955614834,36.32047653198242,11129800,0.0,0.0,0.0,XLY
2015-11-23,36.37860123301508,36.59769460515589,36.31153085871129,36.4546127319336,8344000,0.0,0.0,0.0,XLY
2015-11-24,36.16845262027048,36.48591545178178,36.003012801873915,36.378604888916016,9090800,0.0,0.0,0.0,XLY
2015-11-25,36.44566849923334,36.62004941074742,36.43225510778467,36.561920166015625,7406400,0.0,0.0,0.0,XLY
2015-11-27,36.5708696611877,36.5708696611877,36.27576136392974,36.42778778076172,4565200,0.0,0.0,0.0,XLY
2015-11-30,36.55297284301959,36.55297284301959,36.079014898396416,36.11925506591797,17294000,0.0,0.0,0.0,XLY
2015-12-01,36.31599083672979,36.50378509215481,36.213149176088585,36.49037170410156,16374800,0.0,0.0,0.0,XLY
2015-12-02,36.544036144004416,36.55297726742253,36.10137377964662,36.17291641235352,12527000,0.0,0.0,0.0,XLY
2015-12-03,36.32493440514373,36.32493440514373,35.470915665276266,35.627410888671875,19657800,0.0,0.0,0.0,XLY
2015-12-04,35.757076542830234,36.36070287814352,35.672120537616,36.31599044799805,14064400,0.0,0.0,0.0,XLY
2015-12-07,36.26233653396317,36.32940689049055,35.913574773628866,36.16396713256836,13070800,0.0,0.0,0.0,XLY
2015-12-08,35.85993226048739,36.235524361629565,35.7660350880372,36.056671142578125,12167000,0.0,0.0,0.0,XLY
2015-12-09,35.98512434085351,36.24893013973601,35.42621028084072,35.59611892700195,19471600,0.0,0.0,0.0,XLY
2015-12-10,35.6944805112841,35.94040059689789,35.56481206846667,35.716835021972656,9460200,0.0,0.0,0.0,XLY
2015-12-11,35.247350000364925,35.38148730094761,34.83151788701257,34.90305709838867,20208400,0.0,0.0,0.0,XLY
2015-12-14,34.925417759098515,35.157924478475195,34.54535692730611,35.081912994384766,29916000,0.0,0.0,0.0,XLY
2015-12-15,35.439621144009855,35.60952977804888,35.24735458462918,35.2741813659668,15957600,0.0,0.0,0.0,XLY
2015-12-16,35.52010559940175,35.9314655076079,35.23394188835916,35.86439514160156,24149400,0.0,0.0,0.0,XLY
2015-12-17,35.86886670211407,35.99406289681024,35.2741813659668,35.2741813659668,18449200,0.0,0.0,0.0,XLY
2015-12-18,35.21357051253268,35.222548622922744,34.69724181607104,34.71969223022461,30106000,0.1625,0.0,0.0,XLY
2015-12-21,34.95315310306305,35.06988906520707,34.65682756894548,34.8947868347168,14178000,0.0,0.0,0.0,XLY
2015-12-22,35.074385137391566,35.218058871972985,34.8768324677976,35.15071105957031,13465800,0.0,0.0,0.0,XLY
2015-12-23,35.24499954237208,35.37071364234893,35.18214249238365,35.33030700683594,12049600,0.0,0.0,0.0,XLY
2015-12-24,35.271931181121715,35.352747863581584,35.20907414203645,35.23601531982422,3823600,0.0,0.0,0.0,XLY
2015-12-28,35.14622406428834,35.348267523182194,35.047447718889444,35.3258171081543,8111800,0.0,0.0,0.0,XLY
2015-12-29,35.54132795494118,35.7882653826271,35.46948937022744,35.7343864440918,11480400,0.0,0.0,0.0,XLY
2015-12-30,35.70744645831549,35.72091533574538,35.43805863336148,35.44703674316406,6437800,0.0,0.0,0.0,XLY
2015-12-31,35.28091349814772,35.473975386892654,35.08785160940278,35.092342376708984,13160400,0.0,0.0,0.0,XLY
2016-01-04,34.47274394040526,34.54009174288644,34.11356136959149,34.49070358276367,26800800,0.0,0.0,0.0,XLY
2016-01-05,34.522138149650594,34.63887413270954,34.19887138145789,34.4458122253418,14849800,0.0,0.0,0.0,XLY
2016-01-06,33.94294950140148,34.28866665303544,33.835195063110554,34.109073638916016,20230800,0.0,0.0,0.0,XLY
2016-01-07,33.43112314104227,33.99234936237078,33.332346778015975,33.40867614746094,25290400,0.0,0.0,0.0,XLY
2016-01-08,33.678054309437144,33.8262153856777,32.97315451631274,33.04948043823242,21595400,0.0,0.0,0.0,XLY
2016-01-11,33.24702989387283,33.44457911825136,32.82498684212707,33.30988693237305,26465400,0.0,0.0,0.0,XLY
2016-01-12,33.54335918322187,33.88009482364091,33.28744023352147,33.67805480957031,17474200,0.0,0.0,0.0,XLY
2016-01-13,33.81724522221446,33.81724522221446,32.474793132694074,32.54214096069336,29861000,0.0,0.0,0.0,XLY
2016-01-14,32.60948388460563,33.06744635387281,31.98989143110301,32.77560806274414,31838800,0.0,0.0,0.0,XLY
2016-01-15,31.92254545087185,32.31765088647599,31.729483501779704,32.10213851928711,29103000,0.0,0.0,0.0,XLY
2016-01-19,32.45682245927193,32.600496178325656,31.895596458991506,32.223350524902344,23245200,0.0,0.0,0.0,XLY
2016-01-20,31.76090342495481,32.21886579658312,30.952739974269708,31.94049644470215,42886400,0.0,0.0,0.0,XLY
2016-01-21,32.03928117742427,32.735203026869016,31.87764775981714,32.34907913208008,31888400,0.0,0.0,0.0,XLY
2016-01-22,32.87437303737589,33.04049373256362,32.71273968363273,32.91477966308594,14370200,0.0,0.0,0.0,XLY
2016-01-25,32.91030222645867,33.000097038695884,32.50172795223856,32.53764724731445,14296800,0.0,0.0,0.0,XLY
2016-01-26,32.65885841991377,33.08090141619973,32.49722507773834,33.013553619384766,15900200,0.0,0.0,0.0,XLY
2016-01-27,32.955189016142775,33.17069786626744,32.34457489837054,32.49722671508789,21285400,0.0,0.0,0.0,XLY
2016-01-28,32.90580155474531,33.004577873749625,32.33110670830364,32.91477966308594,20804400,0.0,0.0,0.0,XLY
2016-01-29,32.748664777488614,33.305400080562,32.62743802794996,33.27397155761719,23052600,0.0,0.0,0.0,XLY
2016-02-01,33.080915013601185,33.610712647285524,32.92377237340936,33.476016998291016,16598800,0.0,0.0,0.0,XLY
2016-02-02,33.247024674949046,33.35028832536753,32.7082457396551,32.824981689453125,18097800,0.0,0.0,0.0,XLY
2016-02-03,33.134790426623994,33.15274664748693,32.11111113937022,32.73968505859375,26703600,0.0,0.0,0.0,XLY
2016-02-04,32.63642059024745,32.71723728399876,32.2682564132586,32.55111312866211,19875600,0.0,0.0,0.0,XLY
2016-02-05,32.4074336957172,32.43437144708616,31.41069578964672,31.5004940032959,25646800,0.0,0.0,0.0,XLY
2016-02-08,31.15477816802382,31.15477816802382,30.35559287336852,30.889881134033203,26352000,0.0,0.0,0.0,XLY
2016-02-09,30.49477511427785,31.19967483326871,30.44089961056623,30.84049224853516,28947400,0.0,0.0,0.0,XLY
2016-02-10,30.867433970466223,31.320905595922568,30.773148401392504,30.78661727905273,26574400,0.0,0.0,0.0,XLY
2016-02-11,30.346603294082698,30.961708074596228,30.346603294082698,30.76864624023437,27130600,0.0,0.0,0.0,XLY
2016-02-12,31.105396071665325,31.3478461676887,30.81355780281576,31.33437728881836,21854400,0.0,0.0,0.0,XLY
2016-02-16,31.79682588130804,32.10213301765487,31.608254733242948,32.09315490722656,20940800,0.0,0.0,0.0,XLY
2016-02-17,32.429892146270085,32.8698915131654,32.38948208374565,32.78458404541016,19549400,0.0,0.0,0.0,XLY
2016-02-18,32.80254511065046,32.81152664735637,32.45683130743033,32.56907653808594,13948400,0.0,0.0,0.0,XLY
2016-02-19,32.36254507527278,32.667852233547144,32.16948314540145,32.658870697021484,15183200,0.0,0.0,0.0,XLY
2016-02-22,32.9506934159146,33.34130785946331,32.92375566996328,33.29191970825195,11290000,0.0,0.0,0.0,XLY
2016-02-23,33.19764735233533,33.43111590265891,33.01805431530444,33.10784912109375,12913400,0.0,0.0,0.0,XLY
2016-02-24,32.83396666361574,33.35478606744241,32.465802522288975,33.300907135009766,21643200,0.0,0.0,0.0,XLY
2016-02-25,33.336830610033765,33.6421377479249,33.14825946101486,33.63315963745117,11096400,0.0,0.0,0.0,XLY
2016-02-26,33.84865711772857,33.84865711772857,33.52988120900352,33.59722900390625,13932600,0.0,0.0,0.0,XLY
2016-02-29,33.60621476023092,33.86662446621762,33.42213439941406,33.42213439941406,17485600,0.0,0.0,0.0,XLY
2016-03-01,33.71397115685799,34.33356693638244,33.601725941779165,34.3066291809082,18691600,0.0,0.0,0.0,XLY
2016-03-02,34.248258320874385,34.31111536516089,34.032749433449816,34.27519607543945,15275600,0.0,0.0,0.0,XLY
2016-03-03,34.216839360435394,34.48173991434091,34.12704453649116,34.47724914550781,19038800,0.0,0.0,0.0,XLY
2016-03-04,34.49520039411858,34.593976731672136,34.293156951272074,34.4458122253418,15493400,0.0,0.0,0.0,XLY
2016-03-07,34.266220858748234,34.47275165390534,34.09560935634514,34.29764938354492,14871000,0.0,0.0,0.0,XLY
2016-03-08,34.095610912665855,34.34703912251596,33.99683456580976,34.028263092041016,12680000,0.0,0.0,0.0,XLY
2016-03-09,34.15847626940388,34.18541403402168,33.871128695303064,34.09561920166016,13489400,0.0,0.0,0.0,XLY
2016-03-10,34.257245191428495,34.40091894723869,33.73642568570869,34.18091583251953,16120800,0.0,0.0,0.0,XLY
2016-03-11,34.46826737338006,34.70623016357422,34.38296331884919,34.70623016357422,11387200,0.0,0.0,0.0,XLY
2016-03-14,34.60744041330891,34.935194474578275,34.60744041330891,34.83641815185547,11000600,0.0,0.0,0.0,XLY
2016-03-15,34.61642821828606,34.84091867810044,34.61642821828606,34.827449798583984,8999200,0.0,0.0,0.0,XLY
2016-03-16,34.78704240836527,35.18663514416435,34.688266060108866,35.11030578613281,14508600,0.0,0.0,0.0,XLY
2016-03-17,35.03397676132236,35.28989572037443,34.92622231157733,35.159690856933594,12321600,0.0,0.0,0.0,XLY
2016-03-18,35.223264283461866,35.37654791354143,35.142114935667244,35.205230712890625,19413000,0.1605,0.0,0.0,XLY
2016-03-21,35.19620652839782,35.26383154063103,35.00234999442317,35.2232551574707,8098800,0.0,0.0,0.0,XLY
2016-03-22,34.970789628485086,35.26382903430092,34.95726531490987,35.16464614868164,8984600,0.0,0.0,0.0,XLY
2016-03-23,34.9978363282518,35.08800414637217,34.88062332402117,34.91668701171875,17044000,0.0,0.0,0.0,XLY
2016-03-24,34.63266262036874,34.966274914791214,34.533479750244446,34.961769104003906,13916200,0.0,0.0,0.0,XLY
2016-03-28,35.011369910882266,35.27284802809742,34.98431784116604,35.11956787109375,10265200,0.0,0.0,0.0,XLY
2016-03-29,35.06996530095293,35.5072696942114,35.06996530095293,35.475711822509766,10979200,0.0,0.0,0.0,XLY
2016-03-30,35.61998821257314,35.78228687287607,35.55236319752173,35.70113754272461,10548400,0.0,0.0,0.0,XLY
2016-03-31,35.64704391951975,35.79130904181213,35.60196171371935,35.66056823730469,10140800,0.0,0.0,0.0,XLY
2016-04-01,35.43513750037434,35.88596623050518,35.40808887722257,35.809326171875,16283600,0.0,0.0,0.0,XLY
2016-04-04,35.849903700491815,35.88597082901607,35.48473348294816,35.529815673828125,18943600,0.0,0.0,0.0,XLY
2016-04-05,35.34949366648245,35.41260943368755,35.14661860942204,35.22776794433594,17096000,0.0,0.0,0.0,XLY
2016-04-06,35.27285585742355,35.59294399711282,35.18269144382586,35.56138610839844,13554200,0.0,0.0,0.0,XLY
2016-04-07,35.41710176997835,35.52980894561046,35.00684943924349,35.16012954711914,10346800,0.0,0.0,0.0,XLY
2016-04-08,35.3044032936867,35.34047042426826,34.975300185894824,35.106040954589844,10318600,0.0,0.0,0.0,XLY
2016-04-11,35.21424623521395,35.37203566490724,34.957273895555865,34.97530746459961,11742000,0.0,0.0,0.0,XLY
2016-04-12,34.98432252124128,35.29539556795855,34.82653309158455,35.241294860839844,11502600,0.0,0.0,0.0,XLY
2016-04-13,35.448671499701824,35.75072944549696,35.390064987006355,35.73720169067383,10081000,0.0,0.0,0.0,XLY
2016-04-14,35.75974450916119,35.845403091951724,35.61547941367518,35.73720169067383,6924600,0.0,0.0,0.0,XLY
2016-04-15,35.741710175157294,35.8589266375836,35.63802146726377,35.83638381958008,8599400,0.0,0.0,0.0,XLY
2016-04-18,35.83638927162356,36.17451095581055,35.73720636060045,36.17451095581055,8926000,0.0,0.0,0.0,XLY
2016-04-19,36.219575909074536,36.27367659101688,35.84088145412812,35.976131439208984,8545600,0.0,0.0,0.0,XLY
2016-04-20,36.06630717164028,36.14294724888775,35.84990781520796,36.02122497558594,9571000,0.0,0.0,0.0,XLY
2016-04-21,36.11589799289049,36.18352300557486,35.881465074191446,35.89499282836914,8285400,0.0,0.0,0.0,XLY
2016-04-22,35.913020904691955,36.025728095420384,35.60194795762532,35.822853088378906,9460000,0.0,0.0,0.0,XLY
2016-04-25,35.75523624831179,35.86794346476926,35.61097114882828,35.86343765258789,7794400,0.0,0.0,0.0,XLY
2016-04-26,35.92655729769316,36.066313160533696,35.75524010886757,35.9490966796875,7797000,0.0,0.0,0.0,XLY
2016-04-27,35.93105884467531,36.003193113417495,35.73720229686976,35.913028717041016,11423200,0.0,0.0,0.0,XLY
2016-04-28,35.737193323899064,36.05277551108219,35.44866320047759,35.52530670166016,14600800,0.0,0.0,0.0,XLY
2016-04-29,35.81834608329262,35.87695602745825,35.43514229870124,35.70563888549805,16799000,0.0,0.0,0.0,XLY
2016-05-02,35.80482870489187,36.23311820319667,35.759746504952254,36.2060661315918,13296000,0.0,0.0,0.0,XLY
2016-05-03,35.9355751894529,36.08434956843583,35.80032856819271,35.872459411621094,11558600,0.0,0.0,0.0,XLY
2016-05-04,35.57940709649903,35.86343143403619,35.54784921894498,35.710147857666016,12876400,0.0,0.0,0.0,XLY
2016-05-05,35.69662394327152,35.737196883629835,35.45317598246945,35.480224609375,12589600,0.0,0.0,0.0,XLY
2016-05-06,35.40809449796358,35.74170684814453,35.29087804644836,35.74170684814453,10783400,0.0,0.0,0.0,XLY
2016-05-09,35.728174173607016,35.94457346118354,35.714649863049104,35.84088134765625,10433000,0.0,0.0,0.0,XLY
2016-05-10,35.944587505977665,36.309757791925854,35.94007825417978,36.30073928833008,9664600,0.0,0.0,0.0,XLY
2016-05-11,35.94908714540746,35.94908714540746,35.5478497930753,35.57039260864258,12233600,0.0,0.0,0.0,XLY
2016-05-12,35.70564113306032,35.77326614390399,35.385553083921266,35.63801956176758,11206600,0.0,0.0,0.0,XLY
2016-05-13,35.46220594919292,35.619995389738854,35.19621508694248,35.21424865722656,15204000,0.0,0.0,0.0,XLY
2016-05-16,35.187200108157015,35.54786119607061,35.13760864964172,35.43515396118164,9211400,0.0,0.0,0.0,XLY
2016-05-17,35.38104897793699,35.45768905546424,34.9347259485819,35.03390884399414,13086400,0.0,0.0,0.0,XLY
2016-05-18,34.79497229365027,35.05645386351314,34.59210067814881,34.83103942871094,22648200,0.0,0.0,0.0,XLY
2016-05-19,34.67775472116335,34.85357769955094,34.556032443645485,34.79948043823242,15667200,0.0,0.0,0.0,XLY
2016-05-20,34.84006017062104,35.142114736989825,34.81301153469305,35.0294075012207,7816200,0.0,0.0,0.0,XLY
2016-05-23,34.97980369895245,35.137596524990165,34.871605753868565,34.90767288208008,8505000,0.0,0.0,0.0,XLY
2016-05-24,35.04292534301181,35.42612914828531,35.02939758932374,35.32694625854492,7983000,0.0,0.0,0.0,XLY
2016-05-25,35.35400124361413,35.59744926050871,35.35400124361413,35.520809173583984,8707800,0.0,0.0,0.0,XLY
2016-05-26,35.6199857226454,35.74621724082352,35.53883639816648,35.59293365478516,7008000,0.0,0.0,0.0,XLY
2016-05-27,35.647039331742185,35.81384725524248,35.647039331742185,35.75974655151367,6424200,0.0,0.0,0.0,XLY
2016-05-31,35.813842602002566,35.83638197929752,35.583918940468,35.72367477416992,8326000,0.0,0.0,0.0,XLY
2016-06-01,35.55687244907213,35.72367692137431,35.47572311892067,35.70113754272461,7535600,0.0,0.0,0.0,XLY
2016-06-02,35.60196031698357,35.90852411977174,35.59294181244621,35.899505615234375,8115800,0.0,0.0,0.0,XLY
2016-06-03,35.76876593804354,35.80483307822116,35.42162917260146,35.665077209472656,11311000,0.0,0.0,0.0,XLY
2016-06-06,35.705646127094205,35.82286259964787,35.57490877794181,35.7552375793457,8200000,0.0,0.0,0.0,XLY
2016-06-07,35.75523022630304,35.95359599451521,35.75072441488055,35.800315856933594,8651400,0.0,0.0,0.0,XLY
2016-06-08,35.813832726540426,35.89948783992385,35.7011255524912,35.84088134765625,7903200,0.0,0.0,0.0,XLY
2016-06-09,35.656054395921295,35.800322939198125,35.61999069965348,35.75974655151367,13162200,0.0,0.0,0.0,XLY
2016-06-10,35.47573074937493,35.52982802141089,35.2863799785934,35.38556289672852,9627000,0.0,0.0,0.0,XLY
2016-06-13,35.32244076484145,35.57941307943641,35.16465135053775,35.19169998168945,12032600,0.0,0.0,0.0,XLY
2016-06-14,35.106037418480824,35.23677817400678,34.87611378362134,35.10152816772461,16195400,0.0,0.0,0.0,XLY
2016-06-15,35.128587464911604,35.4892519648637,35.128587464911604,35.200721740722656,11271800,0.0,0.0,0.0,XLY
2016-06-16,35.033911827790625,35.35850917149405,34.82202170400915,35.31342697143555,12764600,0.0,0.0,0.0,XLY
2016-06-17,35.357297758786075,35.38444237174295,35.194423177531846,35.25776290893555,17119400,0.1385,0.0,0.0,XLY
2016-06-20,35.529228336451816,35.90021976451881,35.529228336451816,35.57447052001953,7944400,0.0,0.0,0.0,XLY
2016-06-21,35.678527974101726,35.678527974101726,35.425169003710174,35.4930305480957,5798600,0.0,0.0,0.0,XLY
2016-06-22,35.520179512738764,35.7192458008814,35.41611938913008,35.44326400756836,8207200,0.0,0.0,0.0,XLY
2016-06-23,35.76901841553889,35.79616648966563,35.62876659762182,35.79164123535156,8882400,0.0,0.0,0.0,XLY
2016-06-24,34.53388851986533,35.07227640393992,34.37553914219634,34.46149826049805,30696400,0.0,0.0,0.0,XLY
2016-06-27,34.140271409383885,34.19456409939036,33.561163189677224,33.828094482421875,21702000,0.0,0.0,0.0,XLY
2016-06-28,34.2217168478078,34.50222396850586,34.12218195169694,34.50222396850586,15721200,0.0,0.0,0.0,XLY
2016-06-29,34.91392350913089,35.117518504273576,34.71937902137617,35.05870056152344,14107600,0.0,0.0,0.0,XLY
2016-06-30,35.167286683285084,35.33015785038322,34.941072318403364,35.316585540771484,13423600,0.0,0.0,0.0,XLY
2016-07-01,35.352785158923005,35.764497012156625,35.28492015048521,35.68305969238281,14260200,0.0,0.0,0.0,XLY
2016-07-05,35.46136665225617,35.533756914141726,35.17181250822928,35.39350509643555,14635200,0.0,0.0,0.0,XLY
2016-07-06,35.248732614421854,35.69663619995117,35.17181708821329,35.69663619995117,15561200,0.0,0.0,0.0,XLY
2016-07-07,35.64233940927332,35.85045623779297,35.610669532145494,35.85045623779297,18485600,0.0,0.0,0.0,XLY
2016-07-08,36.08118970334602,36.501948542659086,36.08118970334602,36.47480392456055,14822800,0.0,0.0,0.0,XLY
2016-07-11,36.67387047039546,36.77793059344001,36.56981379910806,36.687442779541016,8862000,0.0,0.0,0.0,XLY
2016-07-12,36.80508153954203,36.92723924636867,36.77341166217174,36.83222961425781,9772000,0.0,0.0,0.0,XLY
2016-07-13,36.88199659332573,36.91366647326138,36.56982304874803,36.65126037597656,7310800,0.0,0.0,0.0,XLY
2016-07-14,36.92270240726858,37.013186756577255,36.7553025641152,36.80054473876953,6812000,0.0,0.0,0.0,XLY
2016-07-15,36.977009301075945,36.98605635878164,36.61053960647239,36.63768768310547,6967400,0.0,0.0,0.0,XLY
2016-07-18,36.72364233319024,36.881991711910594,36.62410745177812,36.77793502807617,5550000,0.0,0.0,0.0,XLY
2016-07-19,36.578859198929294,36.7236362428574,36.50194714941433,36.71006393432617,5273600,0.0,0.0,0.0,XLY
2016-07-20,36.8096027245881,36.88198952839295,36.637681045263896,36.863895416259766,4902000,0.0,0.0,0.0,XLY
2016-07-21,36.859387259672005,36.92725229280162,36.65127035603112,36.76437759399414,4869400,0.0,0.0,0.0,XLY
2016-07-22,36.80055374345419,36.96342837346874,36.71911988020442,36.91818618774414,5059200,0.0,0.0,0.0,XLY
2016-07-25,37.02225483040005,37.02225483040005,36.86390541809141,36.977012634277344,6260400,0.0,0.0,0.0,XLY
2016-07-26,36.94533845915443,37.11273491053457,36.800557925570445,36.9317626953125,9975400,0.0,0.0,0.0,XLY
2016-07-27,37.04034185789111,37.05391416768955,36.67839748839855,36.81864929199219,8590200,0.0,0.0,0.0,XLY
2016-07-28,36.71912393490074,36.93176257646264,36.58339391098151,36.88652038574219,6317800,0.0,0.0,0.0,XLY
2016-07-29,36.83675444216498,36.98153152942735,36.77341468222257,36.927242279052734,7992600,0.0,0.0,0.0,XLY
2016-08-01,36.92724277554486,37.08106692268517,36.7869874894226,36.98605728149414,5500400,0.0,0.0,0.0,XLY
2016-08-02,37.013205706318125,37.013205706318125,36.3617104638834,36.43409729003906,8493400,0.0,0.0,0.0,XLY
2016-08-03,36.31193638776918,36.53815078735352,36.23502086857458,36.53815078735352,7744000,0.0,0.0,0.0,XLY
2016-08-04,36.47029022809967,36.596969755046096,36.37528058288985,36.520057678222656,4480600,0.0,0.0,0.0,XLY
2016-08-05,36.73720222031181,36.95889472730668,36.59242520133373,36.90460205078125,7037200,0.0,0.0,0.0,XLY
2016-08-08,36.93176195542157,36.99510171171665,36.75079319558292,36.78246307373047,6296800,0.0,0.0,0.0,XLY
2016-08-09,36.7100766672373,36.85485376138143,36.60149470956876,36.67388153076172,14728200,0.0,0.0,0.0,XLY
2016-08-10,36.68744263228309,36.85936775212252,36.673870323192006,36.75078582763672,6778800,0.0,0.0,0.0,XLY
2016-08-11,36.94986007694841,37.162502169887496,36.93176251034106,37.11725997924805,7389600,0.0,0.0,0.0,XLY
2016-08-12,37.04034474309571,37.189643614265286,36.83674972498841,37.099159240722656,4913200,0.0,0.0,0.0,XLY
2016-08-15,37.19869537335634,37.27108218427269,37.14892793070735,37.17155075073242,6141000,0.0,0.0,0.0,XLY
2016-08-16,37.081058505372,37.12630068827528,36.931756195209616,36.95890426635742,4615800,0.0,0.0,0.0,XLY
2016-08-17,36.82771312265137,36.90009995168246,36.65126612792477,36.872955322265625,6848600,0.0,0.0,0.0,XLY
2016-08-18,36.89555308523762,36.93627000170436,36.782445937155046,36.85030746459961,9466000,0.0,0.0,0.0,XLY
2016-08-19,36.80509029696496,36.949867406785714,36.73270346793386,36.872955322265625,7447800,0.0,0.0,0.0,XLY
2016-08-22,36.83675003051758,36.89104272614802,36.72816809101431,36.83675003051758,5777200,0.0,0.0,0.0,XLY
2016-08-23,37.00867500354748,37.06748950139114,36.958907562388376,37.022247314453125,10701600,0.0,0.0,0.0,XLY
2016-08-24,36.98604647110536,37.07653083100462,36.77340442840931,36.845794677734375,6466200,0.0,0.0,0.0,XLY
2016-08-25,36.71006813181143,36.84579813615729,36.6557754397216,36.72364044189453,6061400,0.0,0.0,0.0,XLY
2016-08-26,36.77793249770854,36.92270955568597,36.45670850818854,36.61958312988281,12578400,0.0,0.0,0.0,XLY
2016-08-29,36.61958970905406,36.79603667229756,36.61958970905406,36.74626922607422,7992600,0.0,0.0,0.0,XLY
2016-08-30,36.71005576689847,36.75529793585587,36.483841470355216,36.54265594482422,4905800,0.0,0.0,0.0,XLY
2016-08-31,36.51552354081963,36.57433803495012,36.31193198657321,36.44765853881836,7001800,0.0,0.0,0.0,XLY
2016-09-01,36.48838779648605,36.60149501008225,36.32098787773071,36.520057678222656,10833600,0.0,0.0,0.0,XLY
2016-09-02,36.69649405466532,36.73268918098229,36.50647481913711,36.59243392944336,6704800,0.0,0.0,0.0,XLY
2016-09-06,36.59245143591234,36.66031646728515,36.41148262126333,36.66031646728515,12356000,0.0,0.0,0.0,XLY
2016-09-07,36.58792137481427,36.68293101659141,36.52005635875686,36.67840576171875,10728600,0.0,0.0,0.0,XLY
2016-09-08,36.48838147031541,36.56076827955264,36.31645632633143,36.36170196533203,8918200,0.0,0.0,0.0,XLY
2016-09-09,36.10382227446593,36.17620909287256,35.48399353027344,35.48399353027344,19125000,0.0,0.0,0.0,XLY
2016-09-12,35.343736175225814,36.07214675911699,35.29396873520163,35.981658935546875,21753200,0.0,0.0,0.0,XLY
2016-09-13,35.719258463429284,35.82331862392749,35.35731743283383,35.47042465209961,18474400,0.0,0.0,0.0,XLY
2016-09-14,35.479459240880146,35.683054235055934,35.37087731504071,35.474937438964844,14711400,0.0,0.0,0.0,XLY
2016-09-15,35.366367904025246,35.75545705198256,35.3120786426648,35.73283767700195,11544200,0.0,0.0,0.0,XLY
2016-09-16,35.61020207202495,35.68740738850604,35.50120266237311,35.655616760253906,10703000,0.15,0.0,0.0,XLY
2016-09-19,35.71465489458314,35.873608033111665,35.546616739613825,35.62836456298828,6254800,0.0,0.0,0.0,XLY
2016-09-20,35.77369425666548,35.82365145319292,35.564783918877374,35.655616760253906,6684400,0.0,0.0,0.0,XLY
2016-09-21,35.7101086271761,36.01893332020106,35.6056552035325,36.00076675415039,12031800,0.0,0.0,0.0,XLY
2016-09-22,36.209690610727286,36.33231063455448,36.15064838839787,36.26418685913086,9642800,0.0,0.0,0.0,XLY
2016-09-23,36.16427132618572,36.30051887279715,36.16427132618572,36.18243789672851,7782400,0.0,0.0,0.0,XLY
2016-09-26,36.08252325802223,36.08252325802223,35.73736881469681,35.78278350830078,11856600,0.0,0.0,0.0,XLY
2016-09-27,35.82820794278681,36.146114349365234,35.76916917154224,36.146114349365234,10275000,0.0,0.0,0.0,XLY
2016-09-28,36.16881594014088,36.26418784235207,36.03256838559959,36.24602127075195,8260600,0.0,0.0,0.0,XLY
2016-09-29,36.20514736882183,36.41405773495126,35.95536135229801,36.059818267822266,12722200,0.0,0.0,0.0,XLY
2016-09-30,36.218777878054176,36.459478919596414,36.15065409188267,36.35048294067383,9578800,0.0,0.0,0.0,XLY
2016-10-03,36.20968510688693,36.40951042885868,36.17335197019438,36.327762603759766,15452200,0.0,0.0,0.0,XLY
2016-10-04,36.35955664189549,36.47763761476045,36.12794066982672,36.20060348510742,17878200,0.0,0.0,0.0,XLY
2016-10-05,36.33685887642346,36.49581206754384,36.29144417394903,36.35048294067383,14270600,0.0,0.0,0.0,XLY
2016-10-06,36.30052217540322,36.45039379732725,36.15519306275794,36.37772750854492,14525000,0.0,0.0,0.0,XLY
2016-10-07,36.48219370466989,36.5185268582954,36.12341160868849,36.21424102783203,17384200,0.0,0.0,0.0,XLY
2016-10-10,36.38680429045493,36.43221897820398,36.25055676228923,36.27326583862305,5941000,0.0,0.0,0.0,XLY
2016-10-11,36.30052257660698,36.30052257660698,35.760078308803216,35.83274459838867,16851800,0.0,0.0,0.0,XLY
2016-10-12,35.86906521388988,36.13247175932908,35.823647066304126,36.00076675415039,7596400,0.0,0.0,0.0,XLY
2016-10-13,35.746463689397444,35.96445915082543,35.51030511569408,35.86908721923828,8056000,0.0,0.0,0.0,XLY
2016-10-14,35.982603930013774,36.10068141287479,35.810023283663,35.82818984985352,6949200,0.0,0.0,0.0,XLY
2016-10-17,35.81456992774596,35.81911243604776,35.52391176496539,35.53299331665039,7257200,0.0,0.0,0.0,XLY
2016-10-18,35.90087009654884,35.968990415145605,35.71920782881183,35.7691650390625,7900400,0.0,0.0,0.0,XLY
2016-10-19,35.828205234930614,35.96899185221485,35.73737582989298,35.92811965942383,6512200,0.0,0.0,0.0,XLY
2016-10-20,35.84636510454421,35.946279510350344,35.71466006642877,35.859989166259766,9819000,0.0,0.0,0.0,XLY
2016-10-21,35.68742131486207,36.20061407545867,35.68742131486207,36.146114349365234,9595400,0.0,0.0,0.0,XLY
2016-10-24,36.32777090646318,36.42768532274378,36.25056557203523,36.40497970581055,7136600,0.0,0.0,0.0,XLY
2016-10-25,36.24148321814725,36.24148321814725,35.95990654802001,35.97807312011719,9267600,0.0,0.0,0.0,XLY
2016-10-26,35.819115131079975,35.973525775773126,35.750991361101704,35.82365417480469,8653000,0.0,0.0,0.0,XLY
2016-10-27,35.91449463462411,35.968990890221306,35.460340691742935,35.523921966552734,10670400,0.0,0.0,0.0,XLY
2016-10-28,35.33316181959915,35.6828586695069,35.31045274697794,35.44215774536133,10012200,0.0,0.0,0.0,XLY
2016-10-31,35.49211520072207,35.56023895418118,35.39674333184653,35.46940612792969,11798000,0.0,0.0,0.0,XLY
2016-11-01,35.56024657039815,35.62382782993288,34.938054570758304,35.21963119506836,23891800,0.0,0.0,0.0,XLY
2016-11-02,35.12880365333601,35.283217781891054,34.91535076484717,35.00618362426758,19390400,0.0,0.0,0.0,XLY
2016-11-03,35.06975067483663,35.237785333028185,34.833588801011565,34.91533660888672,17801600,0.0,0.0,0.0,XLY
2016-11-04,34.88355486257176,35.146964917734884,34.79272548178665,34.847225189208984,17824400,0.0,0.0,0.0,XLY
2016-11-07,35.346791240061144,35.65561596400759,35.23779183284344,35.65107345581055,14287400,0.0,0.0,0.0,XLY
2016-11-08,35.65107290175921,35.946273561445366,35.560243528741225,35.79640197753906,10650400,0.0,0.0,0.0,XLY
2016-11-09,35.04706605950474,35.93266850696304,34.9607791489756,35.86908721923828,22851200,0.0,0.0,0.0,XLY
2016-11-10,36.009851769634814,36.40042427742868,35.728275193226764,36.00076675415039,33370400,0.0,0.0,0.0,XLY
2016-11-11,35.86452761088776,36.25510017209532,35.84181853398925,36.20514297485352,12078600,0.0,0.0,0.0,XLY
2016-11-14,36.37317846986969,36.48217788347655,36.16426812450132,36.20968627929688,12659400,0.0,0.0,0.0,XLY
2016-11-15,36.33685887642346,36.40044015287162,36.15973911132938,36.35048294067383,12020400,0.0,0.0,0.0,XLY
2016-11-16,36.273274065047126,36.55030822753906,36.2233168577178,36.55030822753906,7986400,0.0,0.0,0.0,XLY
2016-11-17,36.58207868705147,36.990814208984375,36.50941243831476,36.990814208984375,11402200,0.0,0.0,0.0,XLY
2016-11-18,36.96813313364051,37.04988098525103,36.831885559316376,36.87730026245117,8587200,0.0,0.0,0.0,XLY
2016-11-21,36.945423126726006,37.11800384521485,36.895465915049726,37.11800384521485,9526800,0.0,0.0,0.0,XLY
2016-11-22,37.2315409786837,37.59031953688257,37.195207832436886,37.55852890014648,11500200,0.0,0.0,0.0,XLY
2016-11-23,37.49494185786045,37.61756534134725,37.467693734827385,37.59485626220703,8874400,0.0,0.0,0.0,XLY
2016-11-25,37.65389357639838,37.72655638332627,37.594851364293504,37.68568420410156,8542600,0.0,0.0,0.0,XLY
2016-11-28,37.59485088326549,37.59939339142741,37.30873523759772,37.38594055175781,10293600,0.0,0.0,0.0,XLY
2016-11-29,37.42682397323353,37.54490149063365,37.385948321118704,37.4858627319336,8735200,0.0,0.0,0.0,XLY
2016-11-30,37.46770137477312,37.48586794880579,37.16341905579508,37.17250061035156,10133200,0.0,0.0,0.0,XLY
2016-12-01,37.14069755897527,37.38139852085245,37.07257379535076,37.19065475463867,18732200,0.0,0.0,0.0,XLY
2016-12-02,37.195196493182,37.295110882441286,36.940868011907874,36.98628616333008,15315000,0.0,0.0,0.0,XLY
2016-12-05,37.14070166496701,37.45406893333209,36.98174850888287,37.39048767089844,16210400,0.0,0.0,0.0,XLY
2016-12-06,37.417729749477054,37.48131100164071,37.30873381218483,37.47676849365234,14066600,0.0,0.0,0.0,XLY
2016-12-07,37.494943938636126,38.22159293242051,37.4495292427544,38.203426361083984,15944200,0.0,0.0,0.0,XLY
2016-12-08,38.21705042335658,38.30333730605611,38.11713601346527,38.203426361083984,11211800,0.0,0.0,0.0,XLY
2016-12-09,38.29424206188325,38.29424206188325,38.09441331354344,38.28969955444336,9603200,0.0,0.0,0.0,XLY
2016-12-12,38.21251040952495,38.276091680894986,37.89006154331421,37.97180938720703,11884400,0.0,0.0,0.0,XLY
2016-12-13,38.11259487906454,38.457752817069526,37.989974849269245,38.31242370605469,9648400,0.0,0.0,0.0,XLY
2016-12-14,38.303337093334,38.38054588731526,37.98543075900825,38.05355453491211,16914600,0.0,0.0,0.0,XLY
2016-12-15,38.117125415195375,38.2261213479896,37.94000572506042,37.96271133422851,12218800,0.0,0.0,0.0,XLY
2016-12-16,38.073281736338906,38.09155586873039,37.72151427274744,37.77633666992188,19737400,0.246,0.0,0.0,XLY
2016-12-19,37.86313047214991,38.07784714844443,37.77633270918383,37.87683868408203,7572200,0.0,0.0,0.0,XLY
2016-12-20,37.93165682764749,38.22860534239605,37.92708742376197,38.17835235595703,8068400,0.0,0.0,0.0,XLY
2016-12-21,38.17377323469693,38.20118616559802,38.07326728740332,38.16006851196289,5405600,0.0,0.0,0.0,XLY
2016-12-22,38.09156024958692,38.10526846453287,37.68953974704166,37.74892807006836,8922000,0.0,0.0,0.0,XLY
2016-12-23,37.73979499814617,37.81288805504682,37.62101485956827,37.66669845581055,5674000,0.0,0.0,0.0,XLY
2016-12-27,37.69410103455458,37.96363661805569,37.69410103455458,37.8128776550293,12202200,0.0,0.0,0.0,XLY
2016-12-28,37.895103209748726,37.931651464797824,37.54333583984312,37.55247116088867,7715400,0.0,0.0,0.0,XLY
2016-12-29,37.57988607123076,37.6803920351847,37.41542240029406,37.502220153808594,5132600,0.0,0.0,0.0,XLY
2016-12-30,37.62101106745797,37.62101106745797,37.072800996938994,37.18701171875,9618200,0.0,0.0,0.0,XLY
2017-01-03,37.48394642861416,37.616427749732495,37.17785915844076,37.406280517578125,28101000,0.0,0.0,0.0,XLY
2017-01-04,37.57074294750558,37.94535382483448,37.5341981801669,37.904239654541016,10987600,0.0,0.0,0.0,XLY
2017-01-05,37.671257330308265,37.89054341058015,37.66212200778752,37.87683868408203,8793400,0.0,0.0,0.0,XLY
2017-01-06,37.86769398984363,38.17834718876997,37.72607385746499,38.06413650512695,13076200,0.0,0.0,0.0,XLY
2017-01-09,38.05043202570175,38.13266385787141,37.96363079023559,38.03215789794922,7711200,0.0,0.0,0.0,XLY
2017-01-10,38.02302660393565,38.31083630429561,37.963634811091154,38.16921615600586,10349600,0.0,0.0,0.0,XLY
2017-01-11,38.141808606043526,38.2514533996582,38.01846257001995,38.2514533996582,10777400,0.0,0.0,0.0,XLY
2017-01-12,38.16463655451138,38.26057309566348,37.90880577810578,38.21488952636719,8564600,0.0,0.0,0.0,XLY
2017-01-13,38.23773769797765,38.393066049128734,38.23773769797765,38.35651779174805,5616800,0.0,0.0,0.0,XLY
2017-01-17,38.24689120376865,38.548405729450735,38.242321798481576,38.42049026489258,8651800,0.0,0.0,0.0,XLY
2017-01-18,38.43418726527192,38.43418726527192,38.21947405605334,38.35195541381836,5820200,0.0,0.0,0.0,XLY
2017-01-19,38.40676470795468,38.5392495059585,38.1463645147563,38.2331657409668,8326000,0.0,0.0,0.0,XLY
2017-01-20,38.37022485115606,38.44332137036425,38.21946937979844,38.34281539916992,10983800,0.0,0.0,0.0,XLY
2017-01-23,38.16921554653268,38.38392872471215,38.132667287740254,38.37022399902344,17105800,0.0,0.0,0.0,XLY
2017-01-24,38.42962063464368,38.72656568981658,38.361093512129074,38.68545150756836,9594400,0.0,0.0,0.0,XLY
2017-01-25,38.83620639075013,38.9641218137436,38.80879345337019,38.92300415039063,7338200,0.0,0.0,0.0,XLY
2017-01-26,38.95498223528166,39.1240153182832,38.86361507364688,38.98239517211914,7809800,0.0,0.0,0.0,XLY
2017-01-27,39.00980972403189,39.060062715131714,38.71743058605161,38.85905075073242,9021600,0.0,0.0,0.0,XLY
2017-01-30,38.799657395868735,38.84534097672434,38.46159471501669,38.81336212158203,7579200,0.0,0.0,0.0,XLY
2017-01-31,38.63976801990953,38.75397872924805,38.47530431962734,38.75397872924805,9490000,0.0,0.0,0.0,XLY
2017-02-01,38.81792425849611,38.886451359668,38.53924993638143,38.68087005615234,10413600,0.0,0.0,0.0,XLY
2017-02-02,38.621493438483256,38.81793599567564,38.57580985236661,38.648902893066406,8162000,0.0,0.0,0.0,XLY
2017-02-03,38.53010191302473,38.66258668081359,38.457008911911885,38.598628997802734,7304200,0.0,0.0,0.0,XLY
2017-02-06,38.48900162387283,38.58036877954836,38.4204745143994,38.48443222045898,7878400,0.0,0.0,0.0,XLY
2017-02-07,38.50270631984512,38.56209810787996,38.4067697608276,38.4478874206543,11451200,0.0,0.0,0.0,XLY
2017-02-08,38.44789476634319,38.73113509410002,38.44789476634319,38.68545150756836,8259800,0.0,0.0,0.0,XLY
2017-02-09,38.68544803394709,39.02351072644732,38.68544803394709,38.92757415771485,7058400,0.0,0.0,0.0,XLY
2017-02-10,38.98239281756842,39.17883534010844,38.96411868925847,39.165130615234375,7652000,0.0,0.0,0.0,XLY
2017-02-13,39.25649519004441,39.31131757136943,39.15598923366522,39.21081161499024,8817600,0.0,0.0,0.0,XLY
2017-02-14,39.192543373590674,39.434669494628906,39.17883864755967,39.434669494628906,6336200,0.0,0.0,0.0,XLY
2017-02-15,39.37071556070425,39.65395937244824,39.302188438539744,39.64025115966797,9509800,0.0,0.0,0.0,XLY
2017-02-16,39.59912229332976,39.64023646012183,39.366131558542655,39.43922805786133,6165000,0.0,0.0,0.0,XLY
2017-02-17,39.34330194169238,39.56715393066406,39.33873253791594,39.56715393066406,7757200,0.0,0.0,0.0,XLY
2017-02-21,39.74075180078051,39.88237543033951,39.64481523681498,39.79557418823242,7182800,0.0,0.0,0.0,XLY
2017-02-22,39.75445652628505,39.84125776839214,39.71334234977143,39.79557418823242,4491200,0.0,0.0,0.0,XLY
2017-02-23,39.84581965106757,39.89150322260443,39.49404883082425,39.52602767944336,6937400,0.0,0.0,0.0,XLY
2017-02-24,39.45752070391976,39.70878219604492,39.37071944159285,39.70878219604492,9692600,0.0,0.0,0.0,XLY
2017-02-27,39.72248052415189,39.7818723195149,39.58999917780518,39.75445938110352,6904800,0.0,0.0,0.0,XLY
2017-02-28,39.64939269817432,39.65852802188928,39.42554067009594,39.45751953125,8179000,0.0,0.0,0.0,XLY
2017-03-01,39.88237556593779,40.01029098499341,39.754456661448415,39.9006462097168,17269600,0.0,0.0,0.0,XLY
2017-03-02,39.88238013228596,39.94176844495182,39.772735344455526,39.80471420288086,7870800,0.0,0.0,0.0,XLY
2017-03-03,39.763585861858274,39.84581768073158,39.59912222411166,39.74531173706055,6563000,0.0,0.0,0.0,XLY
2017-03-06,39.61740112304688,39.658515294721575,39.46664218937296,39.61740112304688,5205400,0.0,0.0,0.0,XLY
2017-03-07,39.61740975516732,39.62197915927124,39.44380725355951,39.48949432373047,6147800,0.0,0.0,0.0,XLY
2017-03-08,39.54888198688076,39.72705040423705,39.53517726022782,39.65395736694336,5219000,0.0,0.0,0.0,XLY
2017-03-09,39.61740112304688,39.73161180272105,39.5031904433727,39.61740112304688,5493800,0.0,0.0,0.0,XLY
2017-03-10,39.79099900660997,39.82754725960415,39.59455650355786,39.676788330078125,7013200,0.0,0.0,0.0,XLY
2017-03-13,39.69963233874694,39.79556888993969,39.65394876466943,39.781864166259766,4982200,0.0,0.0,0.0,XLY
2017-03-14,39.740741490555386,39.836678029631415,39.64023554901873,39.77272033691406,7785600,0.0,0.0,0.0,XLY
2017-03-15,39.85039449406184,40.0605417401663,39.72247559668934,39.98287582397461,7473800,0.0,0.0,0.0,XLY
2017-03-16,40.01028848411269,40.08795091433727,39.932626053888114,39.978309631347656,12529400,0.0,0.0,0.0,XLY
2017-03-17,40.024603174474606,40.10708103265201,39.91005078788718,40.0291862487793,9428600,0.1305,0.0,0.0,XLY
2017-03-20,40.06125096306928,40.070413613572605,39.85505811606916,39.932952880859375,5278000,0.0,0.0,0.0,XLY
2017-03-21,40.02917007567272,40.08873603412146,39.40142199229447,39.42891693115234,9291400,0.0,0.0,0.0,XLY
2017-03-22,39.39682908986492,39.52970668331597,39.24561921280279,39.47472381591797,12202200,0.0,0.0,0.0,XLY
2017-03-23,39.54347880044842,39.77258353626594,39.45183480860491,39.56638717651367,7274000,0.0,0.0,0.0,XLY
2017-03-24,39.60761096574159,39.79089187959121,39.4930586466559,39.662593841552734,6622200,0.0,0.0,0.0,XLY
2017-03-27,39.424339292296125,39.71759304422408,39.27312934324752,39.64886093139648,9808200,0.0,0.0,0.0,XLY
2017-03-28,39.6442757318091,40.03833609529888,39.57554711852856,39.95127868652344,8310000,0.0,0.0,0.0,XLY
2017-03-29,39.951277336075165,40.21703612211732,39.91003667364058,40.189544677734375,9123400,0.0,0.0,0.0,XLY
2017-03-30,40.11623574134174,40.29951671092639,40.079578149080646,40.29493713378906,9365200,0.0,0.0,0.0,XLY
2017-03-31,40.23077854177003,40.40031374796282,40.2170293260418,40.29950714111328,4758600,0.0,0.0,0.0,XLY
2017-04-03,40.30408524849613,40.32699710936139,39.91002501345587,40.13912963867188,12312000,0.0,0.0,0.0,XLY
2017-04-04,40.02458601069477,40.13455527581929,39.98792842369996,40.074989318847656,8648800,0.0,0.0,0.0,XLY
2017-04-05,40.226197035164965,40.44155597711285,39.92377720284843,39.978763580322266,8701800,0.0,0.0,0.0,XLY
2017-04-06,40.00168252398672,40.230787226882725,39.98793330529028,40.10248565673828,5827800,0.0,0.0,0.0,XLY
2017-04-07,40.00167763993259,40.12080955387352,39.92836246594441,39.98334884643555,7816600,0.0,0.0,0.0,XLY
2017-04-10,39.99708943662493,40.26743124034113,39.98334371723048,40.12997055053711,4796200,0.0,0.0,0.0,XLY
2017-04-11,40.11622536731847,40.18037438925629,39.809222481348016,40.09789657592773,10938200,0.0,0.0,0.0,XLY
2017-04-12,40.06582475537169,40.11622806111592,39.90544869389841,39.93752670288086,4923200,0.0,0.0,0.0,XLY
2017-04-13,39.87795471055087,40.01541889851856,39.658016204833984,39.658016204833984,9377600,0.0,0.0,0.0,XLY
2017-04-17,39.75883485310723,40.06583786010742,39.75883485310723,40.06583786010742,6955200,0.0,0.0,0.0,XLY
2017-04-18,39.96960093780728,40.1345530785333,39.86879432702048,40.070404052734375,5108400,0.0,0.0,0.0,XLY
2017-04-19,40.20328301227845,40.36365556814292,40.07498496758687,40.107059478759766,7473000,0.0,0.0,0.0,XLY
2017-04-20,40.27659721795969,40.606508465505705,40.26285149862185,40.52861022949219,8772400,0.0,0.0,0.0,XLY
2017-04-21,40.473634975519765,40.514872141300486,40.336170764530486,40.43697738647461,7704800,0.0,0.0,0.0,XLY
2017-04-24,40.863113925786166,40.8768596482783,40.65233802389965,40.69815826416016,8486000,0.0,0.0,0.0,XLY
2017-04-25,40.835624668786174,41.078475101453066,40.835624668786174,41.01890563964844,10809200,0.0,0.0,0.0,XLY
2017-04-26,41.124292399972994,41.385471610199694,41.06930601513467,41.21135330200195,8164400,0.0,0.0,0.0,XLY
2017-04-27,41.422115582229104,41.49084766671571,41.31672591990176,41.431278228759766,7328000,0.0,0.0,0.0,XLY
2017-04-28,41.518351084253965,41.59624583775147,41.2159312235789,41.266334533691406,10119600,0.0,0.0,0.0,XLY
2017-05-01,41.35798098539413,41.47711291111465,41.27092008163969,41.32132339477539,11827800,0.0,0.0,0.0,XLY
2017-05-02,41.34423716503459,41.36714553833008,41.12429510706336,41.36714553833008,7921200,0.0,0.0,0.0,XLY
2017-05-03,41.33507018873674,41.445039467583214,41.005158856336976,41.12429428100586,5633400,0.0,0.0,0.0,XLY
2017-05-04,41.15636606667332,41.15636606667332,40.904349511197466,41.06014251708984,10679200,0.0,0.0,0.0,XLY
2017-05-05,41.225093846604025,41.31673431396485,41.02348062337853,41.31673431396485,6438600,0.0,0.0,0.0,XLY
2017-05-08,41.46336253285635,41.47252867741194,41.248003581978296,41.394630432128906,5012400,0.0,0.0,0.0,XLY
2017-05-09,41.48627719270766,41.66497856911959,41.40838243803787,41.632904052734375,20515600,0.0,0.0,0.0,XLY
2017-05-10,41.46335742153953,41.50459807523608,41.339642452168746,41.49085235595703,7037000,0.0,0.0,0.0,XLY
2017-05-11,41.41297017063308,41.41297017063308,40.99141830201839,41.24343490600586,8703200,0.0,0.0,0.0,XLY
2017-05-12,41.28465976092945,41.28465976092945,41.13344984365637,41.18385314941406,6461600,0.0,0.0,0.0,XLY
2017-05-15,41.19302749633789,41.36714581717099,41.14720725357765,41.19302749633789,7904400,0.0,0.0,0.0,XLY
2017-05-16,41.2159314525068,41.24800596858745,41.023484356022855,41.05097579956055,8396600,0.0,0.0,0.0,XLY
2017-05-17,40.79896677936104,40.904352987253866,40.38199453320484,40.38657760620117,16578800,0.0,0.0,0.0,XLY
2017-05-18,40.386578176625406,40.80813000587157,40.386578176625406,40.62026596069336,13043600,0.0,0.0,0.0,XLY
2017-05-19,40.68899834966378,41.02807234541718,40.64317461046265,40.89519119262695,7390000,0.0,0.0,0.0,XLY
2017-05-22,40.97306992095128,41.14719167170733,40.95016155617645,41.10136795043945,5893400,0.0,0.0,0.0,XLY
2017-05-23,41.13346266753006,41.22052358568291,40.88144955603308,40.94559860229492,4178000,0.0,0.0,0.0,XLY
2017-05-24,40.93185151079398,41.10596984542506,40.78522462482552,41.09222412109375,7648000,0.0,0.0,0.0,XLY
2017-05-25,41.22510365525099,41.58250645719831,41.22510365525099,41.45420837402344,6603800,0.0,0.0,0.0,XLY
2017-05-26,41.509179281998,41.60082324055802,41.46335905064776,41.577911376953125,4648000,0.0,0.0,0.0,XLY
2017-05-30,41.57792227571553,41.71080342856485,41.57334269848177,41.6099967956543,5277800,0.0,0.0,0.0,XLY
2017-05-31,41.68331310910053,41.738296004276656,41.39005934862595,41.719970703125,10207200,0.0,0.0,0.0,XLY
2017-06-01,41.82534718531356,42.11402130126953,41.70163220408941,42.11402130126953,10295000,0.0,0.0,0.0,XLY
2017-06-02,42.136937822680565,42.3156392167226,42.07737185662003,42.265235900878906,6268800,0.0,0.0,0.0,XLY
2017-06-05,42.311041640677225,42.347699220700285,42.072774362245816,42.15066909790039,10998600,0.0,0.0,0.0,XLY
2017-06-06,42.00405910285612,42.09112001632758,41.75662558235354,41.788700103759766,7127400,0.0,0.0,0.0,XLY
2017-06-07,41.85283718242841,41.93531499901864,41.76577978970401,41.862003326416016,9343000,0.0,0.0,0.0,XLY
2017-06-08,41.86659178182123,41.91241202007212,41.53668047303867,41.5916633605957,10397600,0.0,0.0,0.0,XLY
2017-06-09,41.63290019496621,41.69246614963068,41.03722666488241,41.40837860107422,21978000,0.0,0.0,0.0,XLY
2017-06-12,41.27549826632417,41.49543679226957,41.21592881465825,41.38546752929688,12873200,0.0,0.0,0.0,XLY
2017-06-13,41.481701972676056,41.70164405228157,41.46795624817461,41.64207458496094,8329600,0.0,0.0,0.0,XLY
2017-06-14,41.79328183868996,41.85743087944812,41.40380452098382,41.6191635131836,9618800,0.0,0.0,0.0,XLY
2017-06-15,41.31217160272824,41.477123812144846,41.11055829719735,41.44504928588867,7170200,0.0,0.0,0.0,XLY
2017-06-16,41.59440580050627,41.59440580050627,41.19914376320632,41.43354415893555,15423200,0.1375,0.0,0.0,XLY
2017-06-19,41.6082020336563,41.81502719255225,41.50249443587257,41.75067901611328,6839600,0.0,0.0,0.0,XLY
2017-06-20,41.67714657309779,41.68633716662716,41.21753975315031,41.22673034667969,6705000,0.0,0.0,0.0,XLY
2017-06-21,41.33243928046611,41.35542102286135,41.14399881108551,41.29107284545898,6252400,0.0,0.0,0.0,XLY
2017-06-22,41.28647300959594,41.35081767066976,41.18535896890248,41.19454956054688,7317800,0.0,0.0,0.0,XLY
2017-06-23,41.19455803783075,41.19455803783075,41.01071811494294,41.14400100708008,7845200,0.0,0.0,0.0,XLY
2017-06-26,41.34622692329462,41.41516864395879,41.16238350369739,41.29107284545898,9417400,0.0,0.0,0.0,XLY
2017-06-27,41.20374969327492,41.36001431976275,40.964752197265625,40.964752197265625,8029800,0.0,0.0,0.0,XLY
2017-06-28,41.08424704152095,41.42435505419453,41.05667175864833,41.378395080566406,10061600,0.0,0.0,0.0,XLY
2017-06-29,41.30026567237103,41.341628599582,40.65681547686922,40.97854232788086,9803400,0.0,0.0,0.0,XLY
2017-06-30,41.18076191981977,41.37379590304124,41.10722666710157,41.19454956054688,9313600,0.0,0.0,0.0,XLY
2017-07-03,41.309462889850735,41.51169102825919,41.13481354719382,41.1531982421875,5614600,0.0,0.0,0.0,XLY
2017-07-05,41.14859525196327,41.15778935139395,40.8590442372844,41.05207824707031,7970200,0.0,0.0,0.0,XLY
2017-07-06,40.799301535139016,40.92339735742685,40.606267485493774,40.63384628295898,7244800,0.0,0.0,0.0,XLY
2017-07-07,40.721165763023656,41.02910150758818,40.721165763023656,40.99692916870117,5159400,0.0,0.0,0.0,XLY
2017-07-10,41.029089706533554,41.14858843368086,40.90959448590719,41.08424377441406,5400200,0.0,0.0,0.0,XLY
2017-07-11,41.03828763152771,41.06586291477907,40.776311921076,41.00151824951172,6424600,0.0,0.0,0.0,XLY
2017-07-12,41.23131941525296,41.3737963797694,41.20374413348103,41.31404876708984,6067800,0.0,0.0,0.0,XLY
2017-07-13,41.4335471590969,41.47950713051348,41.28647314665121,41.31864547729492,6623400,0.0,0.0,0.0,XLY
2017-07-14,41.44733776502627,41.50249183858455,41.26809140911353,41.451934814453125,8280000,0.0,0.0,0.0,XLY
2017-07-17,41.4519293305925,41.62198156515458,41.4519293305925,41.55304336547851,6354400,0.0,0.0,0.0,XLY
2017-07-18,41.51627547213121,41.74607882998888,41.48410314229198,41.74148178100586,6980000,0.0,0.0,0.0,XLY
2017-07-19,41.81962215568755,41.98967793568431,41.78744981963644,41.94371795654297,5311600,0.0,0.0,0.0,XLY
2017-07-20,41.98507359921385,42.01724592968138,41.713907314776286,41.85638427734375,9199000,0.0,0.0,0.0,XLY
2017-07-21,41.65875440433943,41.88396072387695,41.65875440433943,41.88396072387695,6633800,0.0,0.0,0.0,XLY
2017-07-24,41.89774988773997,41.89774988773997,41.69552181073852,41.74148178100586,4081800,0.0,0.0,0.0,XLY
2017-07-25,41.89776076993885,42.14594537514822,41.82881904337096,42.035640716552734,10096800,0.0,0.0,0.0,XLY
2017-07-26,42.10458411465061,42.11377470884765,41.97129770640047,42.01725769042969,5728800,0.0,0.0,0.0,XLY
2017-07-27,42.196486933424325,42.53659839136257,41.97128064864296,42.32517623901367,13275200,0.0,0.0,0.0,XLY
2017-07-28,41.91154759719649,42.05402459121088,41.8426058719721,42.00346755981445,7833400,0.0,0.0,0.0,XLY
2017-07-31,42.15513615732957,42.21488377884047,41.851793986916725,41.98967742919922,6261200,0.0,0.0,0.0,XLY
2017-08-01,42.11376273901325,42.14593506934169,41.9299228551485,42.06320571899414,8750800,0.0,0.0,0.0,XLY
2017-08-02,42.04483136523508,42.06321255139043,41.70012626721613,41.94831085205078,5776000,0.0,0.0,0.0,XLY
2017-08-03,41.90694712501959,42.05402115711147,41.81962071309827,41.83340835571289,7191400,0.0,0.0,0.0,XLY
2017-08-04,41.925331477130655,41.925331477130655,41.66795279968883,41.83800506591797,4898800,0.0,0.0,0.0,XLY
2017-08-07,41.91153867423675,41.99426802558858,41.85638460449518,41.93451690673828,6939400,0.0,0.0,0.0,XLY
2017-08-08,41.93452253035639,42.17811356796986,41.83340847553083,41.95750427246094,6050200,0.0,0.0,0.0,XLY
2017-08-09,41.46112403686512,41.74148443177729,41.38299173179679,41.71390914916992,9796200,0.0,0.0,0.0,XLY
2017-08-10,41.53925695228702,41.60819866633961,41.0796502006314,41.088844299316406,9809800,0.0,0.0,0.0,XLY
2017-08-11,40.98773350964972,41.38759267770915,40.98773350964972,41.30026626586914,9839200,0.0,0.0,0.0,XLY
2017-08-14,41.53006527959099,41.73229336714467,41.5208711811452,41.59440994262695,7508200,0.0,0.0,0.0,XLY
2017-08-15,41.57601845777904,41.61278783251096,41.2083352300216,41.212928771972656,6191400,0.0,0.0,0.0,XLY
2017-08-16,41.36459932049036,41.50248272083354,41.24969765571122,41.424346923828125,4905400,0.0,0.0,0.0,XLY
2017-08-17,41.31865126282911,41.36461124068112,40.76252746582031,40.76252746582031,9791400,0.0,0.0,0.0,XLY
2017-08-18,40.67519679083027,40.78550142742015,40.51433513194478,40.56029510498047,13575600,0.0,0.0,0.0,XLY
2017-08-21,40.54651985294327,40.68899686484491,40.39484873971247,40.63384628295898,21101400,0.0,0.0,0.0,XLY
2017-08-22,40.75333526485153,41.116425067883696,40.73035702811584,41.07046508789063,8771200,0.0,0.0,0.0,XLY
2017-08-23,40.79468819343614,40.86822343577166,40.65220774415766,40.72114944458008,9681600,0.0,0.0,0.0,XLY
2017-08-24,40.92339735742685,41.01991438224948,40.56949809322165,40.63384628295898,5531800,0.0,0.0,0.0,XLY
2017-08-25,40.75333571279076,40.90960385431087,40.66141575179427,40.73495101928711,6489200,0.0,0.0,0.0,XLY
2017-08-28,40.86823922970437,40.89581802444376,40.70278048735562,40.7579345703125,4368400,0.0,0.0,0.0,XLY
2017-08-29,40.49594316261933,40.767109409354845,40.43159851063055,40.72114944458008,5511200,0.0,0.0,0.0,XLY
2017-08-30,40.74413448202233,41.06585776803783,40.702768055808434,41.01530075073242,4512800,0.0,0.0,0.0,XLY
2017-08-31,41.13020769223195,41.24510938145438,41.07046007618395,41.208343505859375,7988200,0.0,0.0,0.0,XLY
2017-09-01,41.31405256195082,41.47032068822814,41.29107082068252,41.39678192138672,4863800,0.0,0.0,0.0,XLY
2017-09-05,41.28188442742122,41.45653375665343,40.98773634317658,41.22673034667969,9911000,0.0,0.0,0.0,XLY
2017-09-06,41.29107426011115,41.53466881567306,41.20375135036496,41.48411178588867,6009400,0.0,0.0,0.0,XLY
2017-09-07,41.571433631197976,41.62658770951101,41.02909746727883,41.12561798095703,10708000,0.0,0.0,0.0,XLY
2017-09-08,41.0428825279634,41.07964840152953,40.91418969765815,40.983131408691406,5180000,0.0,0.0,0.0,XLY
2017-09-11,41.13020836947633,41.24051651764149,41.09803603622515,41.19915008544922,6703200,0.0,0.0,0.0,XLY
2017-09-12,41.30026243631031,41.44273940534632,41.245108364495785,41.38299179077149,5440200,0.0,0.0,0.0,XLY
2017-09-13,41.360016743959896,41.68174362182617,41.360016743959896,41.68174362182617,6583200,0.0,0.0,0.0,XLY
2017-09-14,41.58062732301496,41.68633492225946,41.44274388184558,41.4565315246582,7033800,0.0,0.0,0.0,XLY
2017-09-15,41.3771933521835,41.49711486341503,41.31723435603121,41.340293884277344,7822200,0.159,0.0,0.0,XLY
2017-09-18,41.46944056898178,41.50172672253672,41.10506625376075,41.19731140136719,13139200,0.0,0.0,0.0,XLY
2017-09-19,41.20192079574296,41.27110640933101,41.0082038928376,41.16040802001953,12801000,0.0,0.0,0.0,XLY
2017-09-20,41.22038123775332,41.33107613690061,41.07739666080535,41.298789978027344,7419800,0.0,0.0,0.0,XLY
2017-09-21,41.284944381063696,41.33106695221498,41.160409568135925,41.22959518432617,8415200,0.0,0.0,0.0,XLY
2017-09-22,41.12352276113351,41.32184950926402,41.114296133496914,41.298789978027344,6232600,0.0,0.0,0.0,XLY
2017-09-25,41.284946240657085,41.37719138711466,41.07738938273739,41.21114730834961,14335200,0.0,0.0,0.0,XLY
2017-09-26,41.33108276759717,41.414104835008615,41.12813915416295,41.21577453613281,6145800,0.0,0.0,0.0,XLY
2017-09-27,41.32184712637182,41.520177381992696,41.1419666060328,41.44176864624024,10458200,0.0,0.0,0.0,XLY
2017-09-28,41.3818100643368,41.427932643544345,41.3172377496608,41.39103317260742,7199600,0.0,0.0,0.0,XLY
2017-09-29,41.39564389361331,41.5939741388189,41.37719415930035,41.5478515625,6944000,0.0,0.0,0.0,XLY
2017-10-02,41.59859363337426,41.71851164583695,41.53863110821539,41.62626647949219,5859400,0.0,0.0,0.0,XLY
2017-10-03,41.69545115838815,41.81075937314092,41.66316499901447,41.80153274536133,9831200,0.0,0.0,0.0,XLY
2017-10-04,41.83380911327246,42.04597927541398,41.78768654195211,42.01830291748047,9863400,0.0,0.0,0.0,XLY
2017-10-05,42.08287122646552,42.26736501316074,42.02752555370535,42.2535285949707,14441000,0.0,0.0,0.0,XLY
2017-10-06,42.184353992213474,42.364234513472624,42.184353992213474,42.30427551269531,6266400,0.0,0.0,0.0,XLY
2017-10-09,42.37808183008419,42.38269514484608,42.12901561686457,42.170528411865234,8540200,0.0,0.0,0.0,XLY
2017-10-10,42.19819488208078,42.32733952446134,42.02754096990401,42.12900924682617,5513400,0.0,0.0,0.0,XLY
2017-10-11,42.152076721191406,42.19819930989154,42.04599511907389,42.152076721191406,7685600,0.0,0.0,0.0,XLY
2017-10-12,41.99525475675594,42.00447786594547,41.77847474206232,41.87071990966797,9168000,0.0,0.0,0.0,XLY
2017-10-13,41.949123158727936,42.110557459281445,41.89838726751291,42.07365798950195,5460200,0.0,0.0,0.0,XLY
2017-10-16,42.092113291094286,42.147458984155904,41.99986460444562,42.12900924682617,8655600,0.0,0.0,0.0,XLY
2017-10-17,42.11979055720852,42.22126236370559,42.04599511907389,42.152076721191406,5546400,0.0,0.0,0.0,XLY
2017-10-18,42.18896609614589,42.20741583099312,42.0275353148915,42.03675842285156,9051200,0.0,0.0,0.0,XLY
2017-10-19,41.861491220193535,42.04137173629515,41.76001943799732,42.03675842285156,9002000,0.0,0.0,0.0,XLY
2017-10-20,42.2028016813395,42.24431094472797,42.08749348002437,42.13822937011719,9602800,0.0,0.0,0.0,XLY
2017-10-23,42.18435643715909,42.221255910050175,41.81998205994629,41.85226821899414,5821200,0.0,0.0,0.0,XLY
2017-10-24,41.89839376770082,42.02292861779538,41.89839376770082,41.95374298095703,7404000,0.0,0.0,0.0,XLY
2017-10-25,41.87071372545254,41.93528603702482,41.5663019021728,41.79230499267578,9367200,0.0,0.0,0.0,XLY
2017-10-26,41.79230508652243,42.09210711602526,41.75540561727625,41.93989944458008,7133000,0.0,0.0,0.0,XLY
2017-10-27,42.25354551494685,42.64097945511691,42.055215230642354,42.617919921875,11891200,0.0,0.0,0.0,XLY
2017-10-30,42.25354453245708,42.52106044812237,42.25354453245708,42.42420196533203,8670800,0.0,0.0,0.0,XLY
2017-10-31,42.47032672560755,42.51644931230968,42.391917976321146,42.42881393432617,6375200,0.0,0.0,0.0,XLY
2017-11-01,42.56717704292692,42.70554477647471,42.42419599591606,42.44264221191406,8834400,0.0,0.0,0.0,XLY
2017-11-02,42.32734117320618,42.37807707310733,41.97219339282584,42.1244010925293,9183600,0.0,0.0,0.0,XLY
2017-11-03,42.10133082210534,42.31349749489502,41.999859039700034,42.295047760009766,7388000,0.0,0.0,0.0,XLY
2017-11-06,42.21202945722643,42.622529936717285,42.21202945722643,42.60408020019531,7695800,0.0,0.0,0.0,XLY
2017-11-07,42.55334642495834,42.687104382212326,42.29044382454261,42.35040283203125,4865600,0.0,0.0,0.0,XLY
2017-11-08,42.28582381907152,42.41958175515943,42.244311036665664,42.39651870727539,5451600,0.0,0.0,0.0,XLY
2017-11-09,42.15667448492198,42.52104878341964,42.05520271585597,42.46108627319336,6882600,0.0,0.0,0.0,XLY
2017-11-10,42.44725919922227,42.6594258908338,42.41035972617833,42.60408020019531,5021200,0.0,0.0,0.0,XLY
2017-11-13,42.47031987391365,42.83469423225359,42.38729782367256,42.7470588684082,11429400,0.0,0.0,0.0,XLY
2017-11-14,42.613301020590505,42.79318154336057,42.49337949910139,42.783958435058594,8378200,0.0,0.0,0.0,XLY
2017-11-15,42.57640518008875,42.74244929510108,42.355015372690666,42.59946823120117,6730600,0.0,0.0,0.0,XLY
2017-11-16,42.66864683654479,42.99150838536652,42.63636068166261,42.95460891723633,8186600,0.0,0.0,0.0,XLY
2017-11-17,43.05146623691307,43.21751032015595,43.01918008288956,43.14371490478515,9372800,0.0,0.0,0.0,XLY
2017-11-20,43.21290536877176,43.318986950054494,43.12988331784615,43.22674179077149,4895200,0.0,0.0,0.0,XLY
2017-11-21,43.33744168373276,43.52193554250341,43.27748267517656,43.4942626953125,10030000,0.0,0.0,0.0,XLY
2017-11-22,43.51269592710729,43.62339432068661,43.48502308817577,43.53575897216797,6394600,0.0,0.0,0.0,XLY
2017-11-24,43.637226936860166,43.6648997733798,43.57726795142551,43.64645004272461,3472400,0.0,0.0,0.0,XLY
2017-11-27,43.76177495941186,43.85863344320617,43.600344153088,43.67875289916992,7848200,0.0,0.0,0.0,XLY
2017-11-28,43.74793372031358,44.16304397583008,43.69258803219624,44.16304397583008,11609400,0.0,0.0,0.0,XLY
2017-11-29,44.19993848559024,44.47206413875952,44.13075286428261,44.35214614868164,12693400,0.0,0.0,0.0,XLY
2017-11-30,44.42593642799207,44.76263786933453,44.31985135172825,44.57814407348633,14963400,0.0,0.0,0.0,XLY
2017-12-01,44.53204242024563,44.70269635844432,43.93243818184604,44.559715270996094,23560200,0.0,0.0,0.0,XLY
2017-12-04,45.01171810035178,45.37148272687072,44.99327188056626,45.0762939453125,13545800,0.0,0.0,0.0,XLY
2017-12-05,45.06244983598813,45.16853494405031,44.8041605557359,44.817996978759766,14968400,0.0,0.0,0.0,XLY
2017-12-06,44.75803263595499,44.8456679965603,44.49974338649989,44.52741622924805,11436000,0.0,0.0,0.0,XLY
2017-12-07,44.642723083496094,44.72574512815875,44.43055641800865,44.642723083496094,7902800,0.0,0.0,0.0,XLY
2017-12-08,44.76724975244178,44.94252045019494,44.65655487733696,44.85488510131836,11586800,0.0,0.0,0.0,XLY
2017-12-11,44.8917927072053,44.96558813101591,44.79954402878295,44.951751708984375,6692800,0.0,0.0,0.0,XLY
2017-12-12,45.07628085733158,45.11317680511767,44.95635934997804,44.97019577026367,5518000,0.0,0.0,0.0,XLY
2017-12-13,45.06244865695597,45.11318455266769,44.94253064793504,45.007102966308594,6905800,0.0,0.0,0.0,XLY
2017-12-14,45.057837817724206,45.27922761303748,45.02093834552954,45.145469665527344,8494600,0.0,0.0,0.0,XLY
2017-12-15,45.35466186604849,45.46110803422991,45.23433218264866,45.34077835083008,13464200,0.166,0.0,0.0,XLY
2017-12-18,45.62770957321476,45.82208936120093,45.57217551742201,45.74803924560547,12016600,0.0,0.0,0.0,XLY
2017-12-19,45.79894165317474,45.85447923239642,45.60919443658158,45.687870025634766,11969400,0.0,0.0,0.0,XLY
2017-12-20,45.845226075542456,45.87762211747186,45.58142872528763,45.59994125366211,4929000,0.0,0.0,0.0,XLY
2017-12-21,45.660102841820056,45.99794673758634,45.62307778913507,45.8961296081543,4719800,0.0,0.0,0.0,XLY
2017-12-22,45.835975495059664,45.835975495059664,45.72027483100637,45.80820846557617,6443800,0.0,0.0,0.0,XLY
2017-12-26,45.75267532670669,45.96093512990133,45.75267532670669,45.91002655029297,2996000,0.0,0.0,0.0,XLY
2017-12-27,45.993330488548814,45.99795950414505,45.7758161881868,45.81746673583984,3733800,0.0,0.0,0.0,XLY
2017-12-28,45.97943838612496,45.97943838612496,45.84522520613298,45.942413330078125,8391600,0.0,0.0,0.0,XLY
2017-12-29,45.9563020404936,46.01646511057324,45.641596114492806,45.67399215698242,5261200,0.0,0.0,0.0,XLY
2018-01-02,45.86837446150717,46.368202209472656,45.86837446150717,46.368202209472656,9791200,0.0,0.0,0.0,XLY
2018-01-03,46.41447597655909,46.61811026272765,46.40521794669479,46.581085205078125,10638000,0.0,0.0,0.0,XLY
2018-01-04,46.76158126925965,46.79397731427832,46.49315487858832,46.73381423950195,6914800,0.0,0.0,0.0,XLY
2018-01-05,46.94206947322861,47.127191225774304,46.83562331797111,47.10404968261719,8588800,0.0,0.0,0.0,XLY
2018-01-08,47.12719181782272,47.23826345838401,47.06702521721985,47.15958786010742,5340000,0.0,0.0,0.0,XLY
2018-01-09,47.29842341280701,47.36321549310892,47.09479267367393,47.25214385986328,6321800,0.0,0.0,0.0,XLY
2018-01-10,47.08091078705695,47.28454153322343,46.96983561907121,47.2197494506836,5677800,0.0,0.0,0.0,XLY
2018-01-11,47.33544565271828,47.99262444578917,47.28916610252658,47.98799896240234,7245400,0.0,0.0,0.0,XLY
2018-01-12,48.0805634126942,48.626670639889504,48.02040034384099,48.608158111572266,8075600,0.0,0.0,0.0,XLY
2018-01-16,48.85344562252591,49.06633441353998,48.13610364798146,48.26105880737305,18503200,0.0,0.0,0.0,XLY
2018-01-17,48.48783695728231,48.58965411545401,48.18701802928963,48.49246597290039,13312200,0.0,0.0,0.0,XLY
2018-01-18,48.47394749220178,48.55725210858167,48.32585078873798,48.450809478759766,6584600,0.0,0.0,0.0,XLY
2018-01-19,48.68221243370443,48.87658870148474,48.53411572526648,48.8719596862793,7520800,0.0,0.0,0.0,XLY
2018-01-22,48.86732962690783,49.41343688964844,48.82567908366088,49.41343688964844,15504600,0.0,0.0,0.0,XLY
2018-01-23,49.677222740317056,49.89011501501853,49.58003463103324,49.82994842529297,8309800,0.0,0.0,0.0,XLY
2018-01-24,50.05211234031989,50.33442226770047,49.59393865936796,50.04285430908203,12927600,0.0,0.0,0.0,XLY
2018-01-25,50.255732960216406,50.2927580158698,49.73739630468342,49.95491409301758,10141600,0.0,0.0,0.0,XLY
2018-01-26,50.06598995088486,50.44548797607422,49.94103479114737,50.44548797607422,7832600,0.0,0.0,0.0,XLY
2018-01-29,50.39458953333144,50.60284935172641,50.195584216038725,50.30665588378906,12710400,0.0,0.0,0.0,XLY
2018-01-30,49.93177730044021,50.25111225674722,49.76979708017723,50.05673599243164,10568200,0.0,0.0,0.0,XLY
2018-01-31,50.28814142393216,50.46400517302618,49.78831367694375,49.89475631713867,18902200,0.0,0.0,0.0,XLY
2018-02-01,49.58467463561957,49.96880167476712,49.297735727297805,49.33938980102539,18706800,0.0,0.0,0.0,XLY
2018-02-02,49.55227423055808,49.97805177505352,48.76088220842952,48.86732482910156,21381400,0.0,0.0,0.0,XLY
2018-02-05,48.46006057929486,49.1635225195898,46.78934288472399,47.2197494506836,46093000,0.0,0.0,0.0,XLY
2018-02-06,46.28025455230021,48.524846191906136,46.15992490181134,48.42765808105469,44665000,0.0,0.0,0.0,XLY
2018-02-07,48.46468946709358,49.14500986288384,48.26568420526992,48.27956771850586,26274000,0.0,0.0,0.0,XLY
2018-02-08,48.34435809932129,48.46931677585395,46.31728402743613,46.35430908203125,31484000,0.0,0.0,0.0,XLY
2018-02-09,46.8078544245909,47.05313923629991,44.93813150714571,46.66438674926758,42795200,0.0,0.0,0.0,XLY
2018-02-12,47.10868413811592,47.56222877678483,46.62736893827043,47.298431396484375,25119000,0.0,0.0,0.0,XLY
2018-02-13,47.1086808221956,47.65478807483971,47.030005221358856,47.54371643066406,10301600,0.0,0.0,0.0,XLY
2018-02-14,47.31693963079936,48.395270599923286,47.2799181040989,48.302711486816406,13462600,0.0,0.0,0.0,XLY
2018-02-15,48.59427395481283,48.73311614990234,48.07130827766255,48.73311614990234,11181600,0.0,0.0,0.0,XLY
2018-02-16,48.580386360466726,48.88583422073919,48.390635611844736,48.4970817565918,9497200,0.0,0.0,0.0,XLY
2018-02-20,48.36750773913728,48.87196095156602,48.15924442034871,48.34899520874024,11751400,0.0,0.0,0.0,XLY
2018-02-21,48.56650660536201,49.06170525256455,48.27956771850586,48.27956771850586,9906200,0.0,0.0,0.0,XLY
2018-02-22,48.51559655377317,48.70997279494422,48.19626163548963,48.33972930908203,8887600,0.0,0.0,0.0,XLY
2018-02-23,48.617412320759954,49.01542282104492,48.390636514872,49.01542282104492,5986000,0.0,0.0,0.0,XLY
2018-02-26,49.20054655632549,49.42732238769531,49.08022041455392,49.42732238769531,7796800,0.0,0.0,0.0,XLY
2018-02-27,49.473600257262326,49.473600257262326,48.37212777361514,48.381385803222656,12569200,0.0,0.0,0.0,XLY
2018-02-28,48.6405540784364,48.84418835870839,48.15461345174697,48.16386795043945,12098800,0.0,0.0,0.0,XLY
2018-03-01,48.21477178481749,48.446173069342265,47.16883699011258,47.64552307128906,19060600,0.0,0.0,0.0,XLY
2018-03-02,47.11793659522597,47.77511904071737,46.87728077118833,47.69181442260742,14530800,0.0,0.0,0.0,XLY
2018-03-05,47.51594627337185,48.36287595327193,47.40024561319656,48.26105880737305,9988000,0.0,0.0,0.0,XLY
2018-03-06,48.4832047850398,48.61741797221669,48.16386983862225,48.594276428222656,15151800,0.0,0.0,0.0,XLY
2018-03-07,48.11296032196335,48.38138669104715,47.87230451130795,48.26568603515625,10527400,0.0,0.0,0.0,XLY
2018-03-08,48.45081493146518,48.50172351003241,48.27032216414658,48.418418884277344,8073000,0.0,0.0,0.0,XLY
2018-03-09,48.74700706798768,49.18203918560316,48.6127938672549,49.168155670166016,7249400,0.0,0.0,0.0,XLY
2018-03-12,49.33013916015625,49.53377348242954,49.21443848266542,49.33013916015625,8513200,0.0,0.0,0.0,XLY
2018-03-13,49.60318190594457,49.70499904103502,48.90434900401755,48.98302459716797,11325800,0.0,0.0,0.0,XLY
2018-03-14,49.23757275882262,49.30236484617624,48.79791166165106,48.92286682128906,10245400,0.0,0.0,0.0,XLY
2018-03-15,49.02005639471726,49.12650255901831,48.78865506710144,48.8719596862793,7679600,0.0,0.0,0.0,XLY
2018-03-16,48.88589045306285,49.14118279084287,48.81626494809554,48.82090759277344,6693600,0.155,0.0,0.0,XLY
2018-03-19,48.639872171877165,48.65843920500065,47.86007448718838,48.21284103393555,11454800,0.0,0.0,0.0,XLY
2018-03-20,48.30102301572787,48.57023964505907,48.27781688366075,48.500614166259766,7413400,0.0,0.0,0.0,XLY
2018-03-21,48.56096379810816,48.83017691883571,48.3149532709667,48.4634895324707,10539400,0.0,0.0,0.0,XLY
2018-03-22,48.08751554498552,48.208199492397306,47.40983475633395,47.43304443359375,13813600,0.0,0.0,0.0,XLY
2018-03-23,47.56765001321932,47.692973055778126,46.48614427552195,46.50006866455078,17889200,0.0,0.0,0.0,XLY
2018-03-26,47.25201332352355,47.92040872630549,46.79248727881836,47.87399291992188,14560600,0.0,0.0,0.0,XLY
2018-03-27,48.06895850395309,48.17107543904489,46.63468939189183,46.93639755249024,12512600,0.0,0.0,0.0,XLY
2018-03-28,46.66717135623702,46.97816120180909,46.03590637762231,46.36546325683594,25948800,0.0,0.0,0.0,XLY
2018-03-29,46.41650829528114,47.247364218722495,46.08230886894735,47.015281677246094,15285000,0.0,0.0,0.0,XLY
2018-04-02,46.73215402211333,46.79713686895701,45.24682674954419,45.687782287597656,23776600,0.0,0.0,0.0,XLY
2018-04-03,45.956996470106645,46.51863592525412,45.60887257748058,46.26798629760742,14615800,0.0,0.0,0.0,XLY
2018-04-04,45.56709888779056,47.2102441948028,45.520683073958494,47.11741256713867,14885600,0.0,0.0,0.0,XLY
2018-04-05,47.5165861033568,47.90184047368345,47.25201211828961,47.7486686706543,8463000,0.0,0.0,0.0,XLY
2018-04-06,47.289155558066405,47.71154764577778,46.4304505327091,46.73215866088867,17529800,0.0,0.0,0.0,XLY
2018-04-09,47.06170591862495,47.33556520816383,46.574331077585846,46.620750427246094,8520200,0.0,0.0,0.0,XLY
2018-04-10,47.219533663017216,47.31236529890037,46.76465014806999,47.187042236328125,12824400,0.0,0.0,0.0,XLY
2018-04-11,46.9920895792495,47.47017922686454,46.88069090924694,47.04314804077149,9580200,0.0,0.0,0.0,XLY
2018-04-12,47.33093682912217,47.52124276314502,47.0802871388748,47.24738693237305,6114800,0.0,0.0,0.0,XLY
2018-04-13,47.49802315703406,47.581573030096976,46.81105714059463,46.9827995300293,8868400,0.0,0.0,0.0,XLY
2018-04-16,47.27522754327188,47.51659544383509,47.06171196434266,47.3355712890625,8481000,0.0,0.0,0.0,XLY
2018-04-17,47.795102559086025,48.31032633672481,47.795102559086025,48.21749114990234,8151000,0.0,0.0,0.0,XLY
2018-04-18,48.38457965819564,48.67700600184667,48.34280648984518,48.444923400878906,6596600,0.0,0.0,0.0,XLY
2018-04-19,48.45420898686495,48.56560765259425,48.05966924221136,48.291751861572266,16129000,0.0,0.0,0.0,XLY
2018-04-20,48.333530908721926,48.3985137667384,47.60479153699416,47.79974365234375,12510200,0.0,0.0,0.0,XLY
2018-04-23,47.88329197389819,48.21284889766837,47.61407526164649,47.90185546875,14082000,0.0,0.0,0.0,XLY
2018-04-24,48.17106453803467,48.26853880639127,46.89461022084671,47.14525985717773,13404000,0.0,0.0,0.0,XLY
2018-04-25,47.05706510056684,47.45624744229329,46.65788275884039,47.34020614624024,18794600,0.0,0.0,0.0,XLY
2018-04-26,47.62335444094092,48.198918365410194,47.52588016237515,48.10608673095703,12969400,0.0,0.0,0.0,XLY
2018-04-27,48.74199874239129,48.85339742190808,48.208207943535584,48.324249267578125,8851200,0.0,0.0,0.0,XLY
2018-04-30,48.5470369542804,48.79768658922979,48.12929110399753,48.13393020629883,10006200,0.0,0.0,0.0,XLY
2018-05-01,47.976127648350285,48.22213470077739,47.60015487322964,48.19892501831055,11210800,0.0,0.0,0.0,XLY
2018-05-02,48.064310147342326,48.310317148357136,47.8182996050279,47.86935806274414,9553400,0.0,0.0,0.0,XLY
2018-05-03,47.665130930271225,47.781172243439634,47.04779029430333,47.65584564208984,14015400,0.0,0.0,0.0,XLY
2018-05-04,47.43769003805176,48.39851202273012,47.37734982672511,48.282470703125,7979200,0.0,0.0,0.0,XLY
2018-05-07,48.53311238116303,48.584170836679895,48.26853835771176,48.444923400878906,6900000,0.0,0.0,0.0,XLY
2018-05-08,48.319599377276205,48.43099804008818,47.98076074501071,48.24069213867188,12194800,0.0,0.0,0.0,XLY
2018-05-09,48.314955969071015,48.440282561388926,48.013251409615904,48.40779113769531,8049600,0.0,0.0,0.0,XLY
2018-05-10,48.39851210461821,48.63059474422112,48.33352924883341,48.58417892456055,5861600,0.0,0.0,0.0,XLY
2018-05-11,48.58881266046361,48.74662712663528,48.52382981659299,48.68628692626953,8848200,0.0,0.0,0.0,XLY
2018-05-14,48.760557906420345,48.93693941561877,48.70949944878141,48.77912139892578,6649800,0.0,0.0,0.0,XLY
2018-05-15,48.51917781013488,48.58416064146548,48.26852822873169,48.4959716796875,9116000,0.0,0.0,0.0,XLY
2018-05-16,48.556329480638816,49.00192771766008,48.556329480638816,48.899810791015625,6478400,0.0,0.0,0.0,XLY
2018-05-17,48.79304774877964,49.08547055380685,48.6166627039986,48.73734664916992,12729000,0.0,0.0,0.0,XLY
2018-05-18,48.66307402353385,48.81624937734405,48.57024240738782,48.677001953125,8217800,0.0,0.0,0.0,XLY
2018-05-21,48.90908987221826,49.07154698885227,48.7837632813152,48.94622039794922,17494600,0.0,0.0,0.0,XLY
2018-05-22,49.122609058058806,49.23400772604277,48.69557787970378,48.72806930541992,5990200,0.0,0.0,0.0,XLY
2018-05-23,48.55168532374986,49.08547607920688,48.49134511502163,49.080833435058594,9254400,0.0,0.0,0.0,XLY
2018-05-24,49.02977733050143,49.27114525961821,48.78841294268469,49.18759536743164,10967000,0.0,0.0,0.0,XLY
2018-05-25,49.16437799565208,49.45216169956304,49.11331953945336,49.2618522644043,7681800,0.0,0.0,0.0,XLY
2018-05-29,49.0204956603878,49.23401126491251,48.690938735493134,48.88124465942383,11808200,0.0,0.0,0.0,XLY
2018-05-30,49.108684754710026,49.38718319581598,48.9972825452278,49.32683944702149,9843200,0.0,0.0,0.0,XLY
2018-05-31,49.34540717392199,49.35933156497758,48.92301863293629,49.090118408203125,12867000,0.0,0.0,0.0,XLY
2018-06-01,49.30362716210126,49.50321833591349,49.25256870777957,49.4521598815918,10437400,0.0,0.0,0.0,XLY
2018-06-04,49.60069540235418,50.02308390860753,49.57748572497011,50.004520416259766,9414800,0.0,0.0,0.0,XLY
2018-06-05,50.03236963005556,50.34335947842195,49.93489535853623,50.29694366455078,9162000,0.0,0.0,0.0,XLY
2018-06-06,50.4408293191563,50.80287759336808,50.20874672888728,50.7657470703125,10920800,0.0,0.0,0.0,XLY
2018-06-07,50.891070262128544,51.095304075388015,50.74718018894991,50.91427993774414,10699800,0.0,0.0,0.0,XLY
2018-06-08,50.73326548352873,51.18814546550293,50.68684612343751,51.02104568481445,7687000,0.0,0.0,0.0,XLY
2018-06-11,51.025685749140806,51.336675614747975,51.025685749140806,51.22527694702149,6369200,0.0,0.0,0.0,XLY
2018-06-12,51.31811138387601,51.56411841164264,51.28561995645966,51.47128677368164,6976400,0.0,0.0,0.0,XLY
2018-06-13,51.51305563248561,51.81940282407033,51.45735453342501,51.55018615722656,10105000,0.0,0.0,0.0,XLY
2018-06-14,51.71728565621708,52.097900977992005,51.69407952103168,52.08861923217773,8383200,0.0,0.0,0.0,XLY
2018-06-15,51.85312756367877,52.22078165559635,51.82055079860258,52.17424392700195,18213400,0.147,0.0,0.0,XLY
2018-06-18,51.82987514813994,52.19287450478582,51.73214482524314,52.08583450317383,8047400,0.0,0.0,0.0,XLY
2018-06-19,51.62510335419169,52.02533431310205,51.53667916192484,52.02067947387695,12339200,0.0,0.0,0.0,XLY
2018-06-20,52.29058936489046,52.40228062222984,52.081167813554,52.26731872558594,7886000,0.0,0.0,0.0,XLY
2018-06-21,52.34179201195386,52.41160039271152,51.806599160280776,51.89502334594727,13700800,0.0,0.0,0.0,XLY
2018-06-22,52.123064080540416,52.197527304944416,51.769370865825344,51.806602478027344,11135800,0.0,0.0,0.0,XLY
2018-06-25,51.59250406424133,51.59250406424133,50.38715687433627,50.68035125732422,24133600,0.0,0.0,0.0,XLY
2018-06-26,50.87117195764315,51.20624932225904,50.72690391755635,51.043365478515625,9260000,0.0,0.0,0.0,XLY
2018-06-27,51.248134081546766,51.43428501078353,50.37320909148788,50.38251876831055,13700800,0.0,0.0,0.0,XLY
2018-06-28,50.43371934030994,50.89444899928777,50.16845031840126,50.77810287475586,11947800,0.0,0.0,0.0,XLY
2018-06-29,51.14575371319095,51.3551753034269,50.85721406498431,50.86652374267578,11481400,0.0,0.0,0.0,XLY
2018-07-02,50.49886233610533,50.95028577307701,50.36390043377145,50.93632125854492,13797400,0.0,0.0,0.0,XLY
2018-07-03,51.1736574818303,51.1736574818303,50.596581940842015,50.68035125732422,5818600,0.0,0.0,0.0,XLY
2018-07-05,50.97355785316846,51.020095587694605,50.52213437200157,50.93167495727539,7576600,0.0,0.0,0.0,XLY
2018-07-06,50.95029405097045,51.40636884961675,50.82929309290842,51.3319091796875,10370000,0.0,0.0,0.0,XLY
2018-07-09,51.65302588362312,51.95552652590466,51.541334595147575,51.94622039794922,7461400,0.0,0.0,0.0,XLY
2018-07-10,52.04859742675411,52.10909968024647,51.8159051917262,52.05790710449219,6359200,0.0,0.0,0.0,XLY
2018-07-11,51.73214575901832,52.04860382900462,51.69025930524815,51.93691253662109,8864400,0.0,0.0,0.0,XLY
2018-07-12,52.132365262893785,52.32317459437695,51.904327873342126,52.281288146972656,5828400,0.0,0.0,0.0,XLY
2018-07-13,52.31387442512672,52.48140958201829,52.23010507137992,52.39764022827149,11044000,0.0,0.0,0.0,XLY
2018-07-16,52.5279426574707,52.61171199811499,52.32782720763164,52.5279426574707,6192600,0.0,0.0,0.0,XLY
2018-07-17,51.98344082565643,52.69548200544212,51.876404392179886,52.57913589477539,8143800,0.0,0.0,0.0,XLY
2018-07-18,52.54656219482422,52.73271314228203,52.379023501630805,52.54656219482422,12812200,0.0,0.0,0.0,XLY
2018-07-19,52.43020720624344,52.72805293250292,52.38832076473135,52.42555236816406,7219400,0.0,0.0,0.0,XLY
2018-07-20,52.430214345001446,52.50932885011714,52.1742514748017,52.192867279052734,6661000,0.0,0.0,0.0,XLY
2018-07-23,52.18356548283383,52.2394129040215,51.85314289632832,52.13702774047851,6738400,0.0,0.0,0.0,XLY
2018-07-24,52.453471978195374,52.537241306917736,51.86243538986607,51.98343276977539,9651200,0.0,0.0,0.0,XLY
2018-07-25,51.8391757270789,52.3836747037613,51.68559800013718,52.36505889892578,12540000,0.0,0.0,0.0,XLY
2018-07-26,52.30920822985543,52.49070786513737,51.9787857258652,52.090476989746094,11604000,0.0,0.0,0.0,XLY
2018-07-27,52.77924535888608,52.85370501495191,51.72282080555574,51.95551300048828,13097600,0.0,0.0,0.0,XLY
2018-07-30,51.960182841506665,52.04395219789394,51.39706799324863,51.54133605957031,13132400,0.0,0.0,0.0,XLY
2018-07-31,51.69025734302105,51.99741282366845,51.41568218662599,51.78333282470703,12309400,0.0,0.0,0.0,XLY
2018-08-01,51.83451852747643,51.881059812746415,51.303980540932976,51.5273666381836,10437200,0.0,0.0,0.0,XLY
2018-08-02,51.28536268726436,51.91828579514375,51.20624818642979,51.88105773925781,8723000,0.0,0.0,0.0,XLY
2018-08-03,51.98344388499443,52.12771548512091,51.88571357235491,52.05790710449219,6571800,0.0,0.0,0.0,XLY
2018-08-06,52.09049028370278,52.46279932579072,51.94156737698803,52.40695190429688,7250600,0.0,0.0,0.0,XLY
2018-08-07,52.090488674159694,52.72806673508908,52.090488674159694,52.6489486694336,6441000,0.0,0.0,0.0,XLY
2018-08-08,52.62566989581368,52.78855372907231,52.52328475759361,52.70478439331055,5458000,0.0,0.0,0.0,XLY
2018-08-09,52.68618445845048,53.08641545533932,52.58845412906168,52.90026092529297,11075000,0.0,0.0,0.0,XLY
2018-08-10,52.607068050176494,52.70479837605984,52.323183200923935,52.45814514160156,9892400,0.0,0.0,0.0,XLY
2018-08-13,52.60705915948388,52.65359689481066,52.17890631351486,52.192867279052734,11969400,0.0,0.0,0.0,XLY
2018-08-14,52.50001502102484,52.77459367376213,52.32317022052718,52.70013046264648,8380600,0.0,0.0,0.0,XLY
2018-08-15,52.4255612619085,52.4255612619085,51.75075164996652,52.05790710449219,12503600,0.0,0.0,0.0,XLY
2018-08-16,52.40694877067117,52.56983263536933,52.258025872861126,52.313873291015625,7680200,0.0,0.0,0.0,XLY
2018-08-17,52.25801982213418,52.453480437140456,52.006711795439735,52.36040496826172,6022400,0.0,0.0,0.0,XLY
2018-08-20,52.537258772920666,52.76064490731198,52.39299070628175,52.73271942138672,13138600,0.0,0.0,0.0,XLY
2018-08-21,52.88629651763827,53.32841039097013,52.86302587141992,53.15156555175781,8342600,0.0,0.0,0.0,XLY
2018-08-22,53.156212516716856,53.468019246480864,53.14690283936778,53.20740509033203,5514800,0.0,0.0,0.0,XLY
2018-08-23,53.24929114312323,53.44475177182142,53.05848535337552,53.15621566772461,7989000,0.0,0.0,0.0,XLY
2018-08-24,53.2585998018819,53.5331749344749,53.17483045538541,53.468021392822266,10518600,0.0,0.0,0.0,XLY
2018-08-27,53.73328631624622,53.89617015800373,53.68209374446508,53.81240081787109,6032000,0.0,0.0,0.0,XLY
2018-08-28,53.95202180875373,53.9892534185393,53.72863570064208,53.9194450378418,7619400,0.0,0.0,0.0,XLY
2018-08-29,54.06370762965049,54.56166882080643,53.95667120057473,54.52444076538086,16623600,0.0,0.0,0.0,XLY
2018-08-30,54.43602880537085,54.52445300187886,54.02648814836717,54.21264266967773,8843600,0.0,0.0,0.0,XLY
2018-08-31,54.175403751210624,54.5337482036881,54.175403751210624,54.42670822143555,8208600,0.0,0.0,0.0,XLY
2018-09-04,54.37086568866357,54.65475048482568,54.15213443090573,54.52909469604492,8907000,0.0,0.0,0.0,XLY
2018-09-05,54.487209806319,54.496515932635546,53.905479269995816,53.94271087646485,14229800,0.0,0.0,0.0,XLY
2018-09-06,54.08697956142007,54.25451824193692,53.556441589983855,53.79378509521485,11185000,0.0,0.0,0.0,XLY
2018-09-07,53.5424817916135,54.12421234758235,53.42613568041973,53.78913497924805,8921600,0.0,0.0,0.0,XLY
2018-09-10,54.15678503996365,54.194013094286085,53.84497478697913,53.9892463684082,8109800,0.0,0.0,0.0,XLY
2018-09-11,53.87289676622856,54.45927852797821,53.77981775996596,54.42205047607422,9776000,0.0,0.0,0.0,XLY
2018-09-12,54.43136175031349,54.55701753300409,54.0683624680542,54.52444076538086,9145600,0.0,0.0,0.0,XLY
2018-09-13,54.72921065258081,54.79436419158352,54.50117326607133,54.61751937866211,9428800,0.0,0.0,0.0,XLY
2018-09-14,54.617528200963726,54.719913364678014,54.18937528961504,54.41275787353515,6206400,0.0,0.0,0.0,XLY
2018-09-17,54.33363325579503,54.3429393823108,53.69140400816149,53.73794174194336,10358400,0.0,0.0,0.0,XLY
2018-09-18,53.77981775996596,54.48254916719412,53.77516647260361,54.42205047607422,7336400,0.0,0.0,0.0,XLY
2018-09-19,54.4918731312492,54.57564248900817,54.2172979617406,54.4453353881836,6347400,0.0,0.0,0.0,XLY
2018-09-20,54.69662982553559,54.90140010469745,54.58959339822921,54.817630767822266,9669600,0.0,0.0,0.0,XLY
2018-09-21,55.07950439995255,55.11684729152527,54.55671460157692,54.57538604736328,16075000,0.1755,0.0,0.0,XLY
2018-09-24,54.39333908655727,54.39333908655727,54.019920887534425,54.22063446044922,9682800,0.0,0.0,0.0,XLY
2018-09-25,54.3513260478639,54.48669133456541,54.229963452680906,54.44934844970703,8213600,0.0,0.0,0.0,XLY
2018-09-26,54.435355545786805,54.97681322873464,54.3746724566776,54.57538604736328,13460200,0.0,0.0,0.0,XLY
2018-09-27,54.58471540894279,54.902122817537744,54.49602694498999,54.762088775634766,10619200,0.0,0.0,0.0,XLY
2018-09-28,54.65939781069297,54.95346858747388,54.65472905962293,54.71541213989258,7007800,0.0,0.0,0.0,XLY
2018-10-01,55.037486481604645,55.14017407325619,54.54737091064453,54.54737091064453,15697800,0.0,0.0,0.0,XLY
2018-10-02,54.55670392339692,54.56604142506958,53.79586135289392,53.80986404418945,18354000,0.0,0.0,0.0,XLY
2018-10-03,54.07593065793648,54.12260748679875,53.60448649563581,53.62782669067383,18323200,0.0,0.0,0.0,XLY
2018-10-04,53.52513029109019,53.58581336776352,52.610251002331054,52.78762435913086,25919800,0.0,0.0,0.0,XLY
2018-10-05,52.81564799473665,53.02102679100124,51.97078192678904,52.3908805847168,14858600,0.0,0.0,0.0,XLY
2018-10-08,52.19483494791226,52.73162747158345,51.93810700491732,52.5262451171875,14513000,0.0,0.0,0.0,XLY
2018-10-09,52.46088848043156,53.04902649905299,52.33019193434097,52.37220001220703,11788200,0.0,0.0,0.0,XLY
2018-10-10,52.348865843305546,52.348865843305546,50.53310968272933,50.607791900634766,27433200,0.0,0.0,0.0,XLY
2018-10-11,50.28572181836685,50.98588500760986,49.27748511647414,49.71625518798828,57205800,0.0,0.0,0.0,XLY
2018-10-12,50.855184696374565,50.981216064244485,50.01032225745223,50.63580322265625,30356400,0.0,0.0,0.0,XLY
2018-10-15,50.6264641763322,50.94387162037122,50.28105134527075,50.51910781860352,15614600,0.0,0.0,0.0,XLY
2018-10-16,50.83651471850225,51.63936548133543,50.570449299780925,51.53200912475586,14863200,0.0,0.0,0.0,XLY
2018-10-17,51.532006103059175,51.532006103059175,50.59378652951043,51.10723876953125,20077400,0.0,0.0,0.0,XLY
2018-10-18,50.999881632885305,51.05122721221707,49.972973607463686,50.12701034545898,24972600,0.0,0.0,0.0,XLY
2018-10-19,50.21570214415521,50.40707822064409,49.46886216051455,49.63689804077149,17171800,0.0,0.0,0.0,XLY
2018-10-22,49.87028247324642,50.09433623418703,49.56688130950016,49.83760833740234,13837600,0.0,0.0,0.0,XLY
2018-10-23,49.07209782236115,50.03365759350673,48.77336184332964,49.846946716308594,21024000,0.0,0.0,0.0,XLY
2018-10-24,49.83294508847934,50.11767838101712,48.28325082868692,48.3579330444336,23591000,0.0,0.0,0.0,XLY
2018-10-25,48.838696816833846,50.08965472383338,48.73134049549856,49.81892776489258,20865600,0.0,0.0,0.0,XLY
2018-10-26,48.56330468767724,49.01140856723208,47.75578181768338,48.26923751831055,36563600,0.0,0.0,0.0,XLY
2018-10-29,48.778037187529776,49.25881535747861,47.13965427145936,47.844486236572266,28612600,0.0,0.0,0.0,XLY
2018-10-30,47.70910895524763,48.61465429014196,47.559740983006506,48.56330871582031,28886600,0.0,0.0,0.0,XLY
2018-10-31,49.23547739233042,49.70225285521813,49.0674379407937,49.18879699707031,18208600,0.0,0.0,0.0,XLY
2018-11-01,49.38485546202715,50.24838953210412,49.15146768302175,50.19237518310547,13811600,0.0,0.0,0.0,XLY
2018-11-02,50.645141297487456,51.01389436653839,49.86562707414385,50.39775085449219,15825200,0.0,0.0,0.0,XLY
2018-11-05,50.43508785496705,50.56111565717893,49.90296413680309,50.4677619934082,9395600,0.0,0.0,0.0,XLY
2018-11-06,50.39773578610328,50.80849681758275,50.34639021201668,50.691802978515625,9558800,0.0,0.0,0.0,XLY
2018-11-07,51.20526778595543,52.08747314196744,50.9905514964661,52.06413650512695,12817600,0.0,0.0,0.0,XLY
2018-11-08,51.8494098764691,52.348859388803625,51.70004189786103,52.07812881469727,8754000,0.0,0.0,0.0,XLY
2018-11-09,51.858740114471125,51.93342587904948,51.10723152416444,51.35462188720703,10515800,0.0,0.0,0.0,XLY
2018-11-12,51.2426111536719,51.40131666724479,50.22037172227799,50.32306289672851,12046800,0.0,0.0,0.0,XLY
2018-11-13,50.40240045993525,50.794490018103645,50.08499310089808,50.29970932006836,15826000,0.0,0.0,0.0,XLY
2018-11-14,50.780487862206805,51.09789522458093,49.78158895498506,49.9216194152832,16583000,0.0,0.0,0.0,XLY
2018-11-15,49.50619909833096,49.968309320669455,48.63333135634137,49.846946716308594,21697000,0.0,0.0,0.0,XLY
2018-11-16,49.37082990543301,49.79092845567449,49.11410558560631,49.65089797973633,11461800,0.0,0.0,0.0,XLY
2018-11-19,49.53421932421412,49.67891859541583,48.29726348747282,48.437294006347656,13359400,0.0,0.0,0.0,XLY
2018-11-20,46.938935400126766,48.45129033481209,46.82224154436972,47.340362548828125,23986000,0.0,0.0,0.0,XLY
2018-11-21,47.80247371986134,48.236571453031765,47.71378524815697,47.835147857666016,17474600,0.0,0.0,0.0,XLY
2018-11-23,47.58308685137423,47.91449696802865,47.58308685137423,47.62042617797851,5456000,0.0,0.0,0.0,XLY
2018-11-26,48.222559526570336,48.768689384185286,48.14320857298306,48.689334869384766,11708000,0.0,0.0,0.0,XLY
2018-11-27,48.51663419423461,48.88538717221686,48.37193140463808,48.83404159545898,12052400,0.0,0.0,0.0,XLY
2018-11-28,49.10943266245298,50.28570850319461,48.85737355372263,50.27637100219727,12683000,0.0,0.0,0.0,XLY
2018-11-29,50.21569599529848,50.35572647190168,49.748920617527446,50.04298782348633,9949800,0.0,0.0,0.0,XLY
2018-11-30,50.0243220783902,50.45842337160637,49.888956776073975,50.40707778930664,11343000,0.0,0.0,0.0,XLY
2018-12-03,51.4433254431532,51.6253675962335,51.0185616063706,51.34997177124024,11989000,0.0,0.0,0.0,XLY
2018-12-04,51.19592695954294,51.36863514276811,49.37083340246851,49.50153350830078,19417400,0.0,0.0,0.0,XLY
2018-12-06,48.60532895848928,49.739593505859375,48.32059563367356,49.739593505859375,22323800,0.0,0.0,0.0,XLY
2018-12-07,49.5155330542116,50.02431650788979,48.12920960892182,48.25057220458984,18691400,0.0,0.0,0.0,XLY
2018-12-10,48.19923698608287,48.53064714901558,47.30769411130314,48.28792190551758,19796400,0.0,0.0,0.0,XLY
2018-12-11,49.006754219234736,49.13745077736299,47.95650944128595,48.30659103393555,15930000,0.0,0.0,0.0,XLY
2018-12-12,48.82470259273393,49.398837860099206,48.72668019317662,48.81536865234375,14373400,0.0,0.0,0.0,XLY
2018-12-13,49.011417111311445,49.142113653814086,48.31592276087172,48.57264709472656,12216600,0.0,0.0,0.0,XLY
2018-12-14,48.068533821460754,48.5959887585694,47.61109234765704,47.76512908935547,12277200,0.0,0.0,0.0,XLY
2018-12-17,47.42437364567915,47.63442468458291,46.20608972816225,46.55150604248047,23857400,0.0,0.0,0.0,XLY
2018-12-18,46.8315762946453,47.39170534487273,46.58418590477462,46.91559600830078,17377800,0.0,0.0,0.0,XLY
2018-12-19,46.93426272916603,47.76512227993214,45.72998147501113,45.9867057800293,28061600,0.0,0.0,0.0,XLY
2018-12-20,45.711312736994095,45.92602898271589,44.35766343367428,44.95513534545898,35375200,0.0,0.0,0.0,XLY
2018-12-21,45.14538766905101,45.82017976924643,43.83329628832461,43.9363899230957,26736200,0.188,0.0,0.0,XLY
2018-12-24,43.533391454071065,44.11914751891279,42.98512463542033,43.10227584838867,16878000,0.0,0.0,0.0,XLY
2018-12-26,43.47248050865346,45.6702389122031,43.38813147295809,45.65618133544922,23489800,0.0,0.0,0.0,XLY
2018-12-27,45.04230093697413,45.899845123291016,44.07697248339795,45.899845123291016,21520000,0.0,0.0,0.0,XLY
2018-12-28,46.1107206764543,46.6168148023647,45.50153290543199,45.90453338623047,16656400,0.0,0.0,0.0,XLY
2018-12-31,46.28879141304756,46.58401478792192,45.94671183841657,46.39657211303711,12430600,0.0,0.0,0.0,XLY
2019-01-02,45.60462693172227,47.01044157644265,45.356266916515786,46.748023986816406,13681600,0.0,0.0,0.0,XLY
2019-01-03,46.39189132146196,46.504355511496094,45.65618167280526,45.73584365844727,12692000,0.0,0.0,0.0,XLY
2019-01-04,46.35438707506121,47.59619054002182,46.26066754287101,47.24942398071289,14538200,0.0,0.0,0.0,XLY
2019-01-07,47.474361761549375,48.62712939834445,47.45093366141224,48.31785202026367,12526200,0.0,0.0,0.0,XLY
2019-01-08,48.81926002440839,49.11447983280905,48.15852538038608,48.8520622253418,18782000,0.0,0.0,0.0,XLY
2019-01-09,48.96921690722778,49.3159835665753,48.66462297698096,49.10042572021485,10325200,0.0,0.0,0.0,XLY
2019-01-10,48.49123021444071,49.020752394375045,48.29441346532981,48.95983505249024,9520000,0.0,0.0,0.0,XLY
2019-01-11,48.80051131966813,49.16602254956533,48.711475249503415,49.00669860839844,6065200,0.0,0.0,0.0,XLY
2019-01-14,48.61774343229085,49.067603569005314,48.378754005696415,48.70677947998047,5896200,0.0,0.0,0.0,XLY
2019-01-15,48.71615842533651,49.24099712983638,48.641183510505776,49.147274017333984,7533600,0.0,0.0,0.0,XLY
2019-01-16,49.166014067982886,49.43311865722762,49.006690154300806,49.03480529785156,8987800,0.0,0.0,0.0,XLY
2019-01-17,48.78645037575957,49.51278931076616,48.70678841067841,49.36751937866211,8792000,0.0,0.0,0.0,XLY
2019-01-18,49.85955919444114,50.26255967117187,49.6908611541738,50.05168533325195,11596200,0.0,0.0,0.0,XLY
2019-01-22,49.82676062746975,49.94391185423884,48.89423428826418,49.30192184448242,18487400,0.0,0.0,0.0,XLY
2019-01-23,49.51746934809447,49.69554146376452,48.83799380457626,49.40031814575195,12208600,0.0,0.0,0.0,XLY
2019-01-24,49.43313648329266,49.65806843832388,49.2972406151739,49.60652160644531,7930400,0.0,0.0,0.0,XLY
2019-01-25,50.11259718261464,50.33752547880316,50.03293165150919,50.15476989746094,8785600,0.0,0.0,0.0,XLY
2019-01-28,49.66274233025882,49.868926027970126,49.37689309291581,49.86424255371094,11802000,0.0,0.0,0.0,XLY
2019-01-29,49.72834765262078,49.81738014243776,49.23631113318329,49.5409049987793,5764600,0.0,0.0,0.0,XLY
2019-01-30,49.93452577758664,50.66086463941683,49.89704011114168,50.51559829711914,11800400,0.0,0.0,0.0,XLY
2019-01-31,50.5905861843165,51.14822717711055,50.360970777060274,50.9748420715332,11198000,0.0,0.0,0.0,XLY
2019-02-01,50.539028907713984,50.726471549953565,50.12197090569572,50.22975158691406,11272800,0.0,0.0,0.0,XLY
2019-02-04,50.159467778620254,50.58121289401555,50.08917633019244,50.55778121948242,7209600,0.0,0.0,0.0,XLY
2019-02-05,50.71241167504511,51.11541208625371,50.71241167504511,51.031063079833984,8324600,0.0,0.0,0.0,XLY
2019-02-06,51.0451261440967,51.17633492927398,50.61869401709931,50.820194244384766,5831800,0.0,0.0,0.0,XLY
2019-02-07,50.45937107685725,50.58120934056125,49.986079170876245,50.40313720703125,9042400,0.0,0.0,0.0,XLY
2019-02-08,50.08917310293096,50.20632431770536,49.84081309963664,50.201637268066406,6646600,0.0,0.0,0.0,XLY
2019-02-11,50.37033808935496,50.49217636050723,50.215701194429954,50.29067611694336,6115800,0.0,0.0,0.0,XLY
2019-02-12,50.614024387799226,51.1201150440383,50.52498829842902,51.06388473510742,7753400,0.0,0.0,0.0,XLY
2019-02-13,51.27474487296451,51.523104886181386,51.15291017885493,51.410640716552734,6961200,0.0,0.0,0.0,XLY
2019-02-14,51.002956871191806,51.49968050868962,50.754596840028775,51.22320175170898,8334600,0.0,0.0,0.0,XLY
2019-02-15,51.541843801286575,51.68242667912936,51.40126449861489,51.57464599609375,7221000,0.0,0.0,0.0,XLY
2019-02-19,51.41532420408858,51.94015934277363,51.41532420408858,51.7855224609375,9838800,0.0,0.0,0.0,XLY
2019-02-20,51.81831940513094,52.01044551316368,51.36377217918176,51.88861083984375,13203400,0.0,0.0,0.0,XLY
2019-02-21,51.76677783810285,51.94015934277363,51.58870570875936,51.7855224609375,5986800,0.0,0.0,0.0,XLY
2019-02-22,51.91205187242062,52.09012402809592,51.83238989497208,52.06669235229492,14216600,0.0,0.0,0.0,XLY
2019-02-25,52.37596536727066,52.44157333900557,51.86518776900227,51.89330291748047,7982800,0.0,0.0,0.0,XLY
2019-02-26,51.6871135841639,52.038567202618765,51.649624340154325,51.96358871459961,14350400,0.0,0.0,0.0,XLY
2019-02-27,51.90735706176631,52.07605509183113,51.57933510062429,51.92610168457031,6204400,0.0,0.0,0.0,XLY
2019-02-28,51.73866635812,51.790209605604055,51.41064079802366,51.64494323730469,8106800,0.0,0.0,0.0,XLY
2019-03-01,52.06668350935945,52.272870780839945,51.71991693246411,52.06199645996094,9712000,0.0,0.0,0.0,XLY
2019-03-04,52.286934094260175,52.375966591579456,51.51842236640584,51.89799118041992,11317600,0.0,0.0,0.0,XLY
2019-03-05,52.0807368771846,52.24943489019801,51.94952810598992,52.02919006347656,10298600,0.0,0.0,0.0,XLY
2019-03-06,52.08074222644784,52.30098707579085,51.76209078860138,51.7855224609375,7539200,0.0,0.0,0.0,XLY
2019-03-07,51.673057415137,51.73866538606082,50.993581784056495,51.1575927734375,14152600,0.0,0.0,0.0,XLY
2019-03-08,50.82957541680052,50.82957541680052,50.45000658183579,50.80146026611328,11613600,0.0,0.0,0.0,XLY
2019-03-11,50.9748370110776,51.54653552253681,50.95609238732157,51.49967575073242,9124400,0.0,0.0,0.0,XLY
2019-03-12,51.57933884031972,51.71992173395694,51.36846807503539,51.64494323730469,17268000,0.0,0.0,0.0,XLY
2019-03-13,51.7949031806758,52.13229930777385,51.73398582584996,51.82770538330078,9703800,0.0,0.0,0.0,XLY
2019-03-14,51.75740657594582,51.78552529932461,51.55590633839314,51.67305755615234,9803400,0.0,0.0,0.0,XLY
2019-03-15,51.92932398399935,52.04687496832577,51.64249929525317,52.00455474853515,10856000,0.1875,0.0,0.0,XLY
2019-03-18,52.02806493194448,52.54999157481363,52.02806493194448,52.50767135620117,10971000,0.0,0.0,0.0,XLY
2019-03-19,52.69104345228536,53.21297002435686,52.55938694534314,52.77098083496094,14033400,0.0,0.0,0.0,XLY
2019-03-20,52.74276505862934,53.1048240325038,52.34309250311018,52.84621047973633,19898800,0.0,0.0,0.0,XLY
2019-03-21,52.77568581816615,53.612648203419496,52.77568581816615,53.57033157348633,11463000,0.0,0.0,0.0,XLY
2019-03-22,53.236488873684046,53.43397366088555,52.4935658124541,52.50767135620117,17517800,0.0,0.0,0.0,XLY
2019-03-25,52.39482038340272,53.057806012704326,52.3430976677458,52.8180046081543,14923200,0.0,0.0,0.0,XLY
2019-03-26,53.12364238226685,53.40106098316676,52.76158334183823,53.043704986572266,10881400,0.0,0.0,0.0,XLY
2019-03-27,53.08601577932727,53.330520204712,52.62051496881113,52.93555068969727,8855400,0.0,0.0,0.0,XLY
2019-03-28,53.128326320873136,53.47627971553963,52.97786124847178,53.25528335571289,13856600,0.0,0.0,0.0,XLY
2019-03-29,53.52331615794894,53.63146105685109,53.391659626743845,53.53271865844727,9199800,0.0,0.0,0.0,XLY
2019-04-01,53.96529618801345,54.13927291009854,53.79602609642871,54.12046432495117,9955400,0.0,0.0,0.0,XLY
2019-04-02,54.111061096191406,54.15808076474021,53.93238133338687,54.111061096191406,7263600,0.0,0.0,0.0,XLY
2019-04-03,54.42611127375537,54.69412740175977,54.26154059644946,54.49193954467773,8422600,0.0,0.0,0.0,XLY
2019-04-04,54.53425679530229,54.94333194410488,54.53425679530229,54.933929443359375,6147800,0.0,0.0,0.0,XLY
2019-04-05,55.07027932095848,55.3053812592675,54.92921672302471,55.25835800170898,5893400,0.0,0.0,0.0,XLY
2019-04-08,55.15021923736216,55.47466109618077,55.08439097432234,55.45585250854492,6462800,0.0,0.0,0.0,XLY
2019-04-09,55.26776042374805,55.26776042374805,54.8633848296782,54.95742416381836,8912800,0.0,0.0,0.0,XLY
2019-04-10,55.08909237920425,55.22074890136719,54.83047879111908,55.22074890136719,6813600,0.0,0.0,0.0,XLY
2019-04-11,55.281872524832615,55.314786654424296,55.14080991951336,55.29127502441406,4330800,0.0,0.0,0.0,XLY
2019-04-12,55.484063998962114,55.73327150904584,55.3853216036858,55.63452911376953,9077600,0.0,0.0,0.0,XLY
2019-04-15,55.65803537450017,55.77558634620552,55.40882430109324,55.747371673583984,4865400,0.0,0.0,0.0,XLY
2019-04-16,55.91664035772493,56.07180848746423,55.87432373363457,55.99187469482422,6029000,0.0,0.0,0.0,XLY
2019-04-17,56.15175171029869,56.31162290979832,56.06241540420334,56.10002899169922,5562200,0.0,0.0,0.0,XLY
2019-04-18,56.217585931695936,56.23169147692348,55.91195621877477,56.08122634887695,6142600,0.0,0.0,0.0,XLY
2019-04-22,55.8837268183669,56.05770353420623,55.69094510542613,55.86962127685547,5529600,0.0,0.0,0.0,XLY
2019-04-23,56.04361099376123,56.65017453105918,56.001290772038736,56.53732299804688,8199400,0.0,0.0,0.0,XLY
2019-04-24,56.55141786361258,56.84764859761501,56.55141786361258,56.58903503417969,4362800,0.0,0.0,0.0,XLY
2019-04-25,56.54201601267912,56.57022709724236,56.05770659503219,56.29280853271485,5640200,0.0,0.0,0.0,XLY
2019-04-26,56.509106853100754,56.739505767822266,56.15175087194103,56.739505767822266,8473800,0.0,0.0,0.0,XLY
2019-04-29,56.76301529702949,56.767718340486354,56.44797954547002,56.54201889038086,7400000,0.0,0.0,0.0,XLY
2019-04-30,56.485593288226,56.504401874734725,56.02479547456089,56.45738220214844,8679600,0.0,0.0,0.0,XLY
2019-05-01,56.55141434834408,56.55611739121533,55.770877838134766,55.770877838134766,9123000,0.0,0.0,0.0,XLY
2019-05-02,55.79910017490601,56.03890518651834,55.41353309122114,55.81320571899414,20816600,0.0,0.0,0.0,XLY
2019-05-03,56.33982482002416,56.57962978652595,56.170551148066494,56.47148132324219,7005800,0.0,0.0,0.0,XLY
2019-05-06,55.493464339025394,56.2222818405056,55.46055020854784,56.12824249267578,7628000,0.0,0.0,0.0,XLY
2019-05-07,55.78499703662174,55.90254802558754,54.87280021428823,55.27717590332031,13157000,0.0,0.0,0.0,XLY
2019-05-08,55.18783746408743,55.6251272696812,55.018563759511046,55.29598236083984,14305400,0.0,0.0,0.0,XLY
2019-05-09,54.86809416220985,55.25836067226194,54.44020689187026,55.07028198242188,12766000,0.0,0.0,0.0,XLY
2019-05-10,54.933929387677736,55.3900278018601,54.12517800426631,55.15022277832031,13641600,0.0,0.0,0.0,XLY
2019-05-13,54.035827080501086,54.158081089357374,53.33522432902346,53.50920104980469,15284200,0.0,0.0,0.0,XLY
2019-05-14,53.758417866760574,54.31325866508648,53.49980426218737,54.04994201660156,9191800,0.0,0.0,0.0,XLY
2019-05-15,53.71608830236619,54.52483952067104,53.61264287853128,54.41669464111328,8313600,0.0,0.0,0.0,XLY
2019-05-16,54.64239670202589,55.24425714112294,54.54835735368117,54.91981887817383,7231800,0.0,0.0,0.0,XLY
2019-05-17,54.45430426187504,55.19252412954884,54.45430426187504,54.50132751464844,7349000,0.0,0.0,0.0,XLY
2019-05-20,54.30384689361763,54.30384689361763,53.94179147248064,54.11576461791992,7076800,0.0,0.0,0.0,XLY
2019-05-21,54.27564614202257,54.63300217515235,54.08756383051366,54.49193954467773,7320600,0.0,0.0,0.0,XLY
2019-05-22,54.05934154958937,54.48252576604633,53.87596232035318,53.9323844909668,7890800,0.0,0.0,0.0,XLY
2019-05-23,53.504503025677536,53.53741715568355,53.00608803205175,53.26469802856445,9913000,0.0,0.0,0.0,XLY
2019-05-24,53.55622820149527,53.64556450854429,53.114235360516446,53.33523178100586,5265000,0.0,0.0,0.0,XLY
2019-05-28,53.48570018348328,53.786630429394044,52.94966795874403,52.98258209228515,8236000,0.0,0.0,0.0,XLY
2019-05-29,52.69104725162753,52.73807051095821,52.16912064192198,52.51237106323242,9537400,0.0,0.0,0.0,XLY
2019-05-30,52.6863476494087,53.03429752578998,52.67694156262026,52.85562133789063,7795200,0.0,0.0,0.0,XLY
2019-05-31,52.202034666612846,52.41833161446246,52.01395597915042,52.16442108154297,8504400,0.0,0.0,0.0,XLY
2019-06-03,52.03747894187179,52.220858225886886,51.45442695134614,51.72714614868164,16131200,0.0,0.0,0.0,XLY
2019-06-04,52.19262560496157,53.147138814568514,51.74123035453827,53.12833023071289,11479000,0.0,0.0,0.0,XLY
2019-06-05,53.43396396242778,53.49979221288022,52.8650177478771,53.39164733886719,10517200,0.0,0.0,0.0,XLY
2019-06-06,53.391648355745815,53.79602395186701,53.17065197328765,53.664363861083984,7319600,0.0,0.0,0.0,XLY
2019-06-07,53.89947699482005,54.60478291324813,53.81484014111382,54.44021224975586,8089800,0.0,0.0,0.0,XLY
2019-06-10,54.78815708656169,55.39002109455695,54.75054350080099,54.90100860595703,7459800,0.0,0.0,0.0,XLY
2019-06-11,55.33829020789101,55.58749766519531,54.88219191627952,55.11259078979492,10059000,0.0,0.0,0.0,XLY
2019-06-12,55.09378481099168,55.310078153735,54.97623384728091,55.09848785400391,5585800,0.0,0.0,0.0,XLY
2019-06-13,55.30069253594973,55.67215412515111,55.2677783995583,55.59222030639648,7692400,0.0,0.0,0.0,XLY
2019-06-14,55.582801949070166,55.82730998318505,55.46995401883231,55.71445846557617,5094400,0.0,0.0,0.0,XLY
2019-06-17,55.81789842340078,55.92604688699587,55.67213637832844,55.73796463012695,5364800,0.0,0.0,0.0,XLY
2019-06-18,56.13293721412034,56.52791033390637,55.98247211786158,56.16115188598633,8797600,0.0,0.0,0.0,XLY
2019-06-19,56.21757177632457,56.37273990950008,55.83670780159443,56.26459503173828,6130600,0.0,0.0,0.0,XLY
2019-06-20,56.72539656532307,56.79592786575355,56.21287605111208,56.65486526489258,8377200,0.0,0.0,0.0,XLY
2019-06-21,56.5906939631334,56.74167782531016,56.38780906085783,56.39252471923828,10442400,0.207,0.0,0.0,XLY
2019-06-24,56.41612902471764,56.48690351212658,56.07169510585542,56.09056854248047,5780400,0.0,0.0,0.0,XLY
2019-06-25,56.20380570839723,56.2840151093197,55.46775612421184,55.55268478393555,6394200,0.0,0.0,0.0,XLY
2019-06-26,55.75557228042636,55.95373796231795,55.670643616795694,55.73198318481445,4876200,0.0,0.0,0.0,XLY
2019-06-27,55.92543164053667,56.14247076665095,55.83106805517917,56.08113479614258,3909000,0.0,0.0,0.0,XLY
2019-06-28,56.166056491890735,56.35950289778629,56.14718305721368,56.241546630859375,13327400,0.0,0.0,0.0,XLY
2019-07-01,56.954008110922814,57.21351335910798,56.496337182163465,56.73696899414063,8289400,0.0,0.0,0.0,XLY
2019-07-02,56.66617680911482,56.88793511561973,56.44441850260991,56.85962677001953,18017000,0.0,0.0,0.0,XLY
2019-07-03,57.02949989856473,57.35505676269531,56.92097854402802,57.35505676269531,3619200,0.0,0.0,0.0,XLY
2019-07-05,57.08139722711859,57.47300929032369,56.925694093696336,57.42110824584961,6755000,0.0,0.0,0.0,XLY
2019-07-08,57.2418232168348,57.539071745502426,57.18520290672384,57.49188995361328,10149200,0.0,0.0,0.0,XLY
2019-07-09,57.27012853514431,57.62871661401888,57.208792568914895,57.55322647094727,3866600,0.0,0.0,0.0,XLY
2019-07-10,57.80329224040528,57.845754770231,57.45413908527512,57.76082611083984,4770000,0.0,0.0,0.0,XLY
2019-07-11,57.95427410392441,58.0627918539678,57.75138918021331,57.87878036499024,3952400,0.0,0.0,0.0,XLY
2019-07-12,58.03919190905012,58.55819866809783,58.03919190905012,58.544044494628906,4975200,0.0,0.0,0.0,XLY
2019-07-15,58.67144852113632,58.761096439082834,58.43553597895263,58.7327880859375,3993200,0.0,0.0,0.0,XLY
2019-07-16,58.64785649502328,58.78940185341399,58.47327992662794,58.65729141235352,4103400,0.0,0.0,0.0,XLY
2019-07-17,58.58652374756772,58.67145241237613,58.0958251953125,58.0958251953125,4599200,0.0,0.0,0.0,XLY
2019-07-18,57.97786239423153,58.13356552882125,57.63343211440045,58.02032852172851,4634400,0.0,0.0,0.0,XLY
2019-07-19,58.19962246941369,58.279831868485424,57.60512186506505,57.63815307617188,4128200,0.0,0.0,0.0,XLY
2019-07-22,57.73722830974194,57.83159187272906,57.4494147629703,57.671173095703125,4034000,0.0,0.0,0.0,XLY
2019-07-23,58.00618083637504,58.06279754638672,57.58153751258768,58.06279754638672,4858200,0.0,0.0,0.0,XLY
2019-07-24,57.81743594992148,58.36003542003778,57.80799743406467,58.355316162109375,4233400,0.0,0.0,0.0,XLY
2019-07-25,58.166588141730855,58.33644543764614,57.93539488885587,58.02975845336914,4799000,0.0,0.0,0.0,XLY
2019-07-26,58.114695251512025,58.341172877740746,57.92124883720851,58.29399108886719,4280400,0.0,0.0,0.0,XLY
2019-07-29,58.1477206630661,58.246803495872655,57.80329037755851,58.01089096069336,4410800,0.0,0.0,0.0,XLY
2019-07-30,57.614551066777736,57.78912761277106,57.524903164816415,57.61927032470703,4329000,0.0,0.0,0.0,XLY
2019-07-31,57.600399665379264,57.62870801483956,56.43499128274044,56.958717346191406,8603400,0.0,0.0,0.0,XLY
2019-08-01,57.06723557600646,57.62870851005551,55.98204017374523,56.1849250793457,13263600,0.0,0.0,0.0,XLY
2019-08-02,55.99147813038815,56.07168752539595,55.50549890214865,55.722537994384766,11100400,0.0,0.0,0.0,XLY
2019-08-05,54.77889456125193,54.78361382027998,53.83052508204817,54.22686004638672,13781600,0.0,0.0,0.0,XLY
2019-08-06,54.5995844849453,55.1233104740908,54.2928975435938,55.05253601074219,8895600,0.0,0.0,0.0,XLY
2019-08-07,54.476917977144616,55.345077911305694,54.189104418512784,55.2743034362793,11689800,0.0,0.0,0.0,XLY
2019-08-08,55.6328920198556,56.35006449452181,55.580990977639175,56.34062957763672,9338400,0.0,0.0,0.0,XLY
2019-08-09,56.17077141181421,56.29816258637005,55.49606147311785,55.81218338012695,7952800,0.0,0.0,0.0,XLY
2019-08-12,55.430003352972754,55.46303095944145,54.769447623859776,55.00064086914063,6402600,0.0,0.0,0.0,XLY
2019-08-13,54.92044619057362,56.38310338264398,54.73643467671826,55.90655899047851,9262600,0.0,0.0,0.0,XLY
2019-08-14,54.94874456186421,55.0383924727438,54.12776998770925,54.15607833862305,12812400,0.0,0.0,0.0,XLY
2019-08-15,54.48635288758692,54.56656227409662,53.61347375293031,54.06642532348633,10104000,0.0,0.0,0.0,XLY
2019-08-16,54.45805500055792,54.78833474751982,54.29763618611872,54.679813385009766,7960600,0.0,0.0,0.0,XLY
2019-08-19,55.43001861820765,55.57156399930925,55.19882170951686,55.36867904663086,6224400,0.0,0.0,0.0,XLY
2019-08-20,55.35923103799201,55.73197323964881,55.26014821472718,55.38282012939453,6534200,0.0,0.0,0.0,XLY
2019-08-21,56.3075935168009,56.44914245605469,56.1754830933582,56.44914245605469,9338000,0.0,0.0,0.0,XLY
2019-08-22,56.590708860990766,56.74169276291498,56.07641758273193,56.46331405639648,5904200,0.0,0.0,0.0,XLY
2019-08-23,56.02922385956465,56.31231816543352,54.73170499123789,54.96289825439453,15269800,0.0,0.0,0.0,XLY
2019-08-26,55.37811341473657,55.51022386709269,54.98177845792836,55.5055046081543,6904800,0.0,0.0,0.0,XLY
2019-08-27,55.722540550215285,55.80274994890205,55.151632642328856,55.231842041015625,6696200,0.0,0.0,0.0,XLY
2019-08-28,55.15635336586801,55.96317383231261,55.01480439993468,55.92070770263672,7782400,0.0,0.0,0.0,XLY
2019-08-29,56.56239361219905,56.87379991664538,56.38782062310637,56.76056289672851,5874600,0.0,0.0,0.0,XLY
2019-08-30,56.88323160331039,57.00118787561303,56.2981695006164,56.42084503173828,6814800,0.0,0.0,0.0,XLY
2019-09-03,56.1519120278125,56.53880850626055,55.94902706961778,56.18965530395508,8645000,0.0,0.0,0.0,XLY
2019-09-04,56.47745878299516,56.79829997085747,56.23211133333084,56.74639892578125,8345000,0.0,0.0,0.0,XLY
2019-09-05,57.27956948518055,57.88822431341912,57.27956948518055,57.83160400390625,7343200,0.0,0.0,0.0,XLY
2019-09-06,57.9023700546056,58.11940914317287,57.77969453507126,57.97314453125,6986800,0.0,0.0,0.0,XLY
2019-09-09,58.17132285925947,58.34589945971698,57.97787282093572,58.19491195678711,6518600,0.0,0.0,0.0,XLY
2019-09-10,57.935394806151855,58.01088493770686,57.38336039508484,57.96370315551758,7301200,0.0,0.0,0.0,XLY
2019-09-11,57.94955195824083,58.19018373943067,57.6947660016409,58.072227478027344,6817800,0.0,0.0,0.0,XLY
2019-09-12,58.35060501098633,58.69031963424752,58.20905965112055,58.35060501098633,6686400,0.0,0.0,0.0,XLY
2019-09-13,58.496879082586496,58.577088487843774,58.185472780190096,58.2326545715332,4029400,0.0,0.0,0.0,XLY
2019-09-16,57.85046701670456,57.89764879959394,57.42582377122166,57.48715972900391,6802600,0.0,0.0,0.0,XLY
2019-09-17,57.3880829854375,57.85519240482986,57.23709910435079,57.83631896972656,4488400,0.0,0.0,0.0,XLY
2019-09-18,57.74195106446419,57.88350002608019,57.246536898287474,57.80800628662109,5939200,0.0,0.0,0.0,XLY
2019-09-19,57.93068066233752,58.00145514173929,57.62871290998024,57.652305603027344,4519200,0.0,0.0,0.0,XLY
2019-09-20,57.76307992833349,57.9098333699382,56.986720164091,56.991455078125,7540600,0.202,0.0,0.0,XLY
2019-09-23,56.83996931269321,57.35596658269131,56.76422874791618,57.190277099609375,4475000,0.0,0.0,0.0,XLY
2019-09-24,57.48377452643806,57.64946038100786,56.44704878948869,56.57959747314453,10708800,0.0,0.0,0.0,XLY
2019-09-25,56.80683177770268,57.18081052030763,56.36184377303939,57.09560012817383,6508800,0.0,0.0,0.0,XLY
2019-09-26,57.09086393986248,57.22814754699586,56.58907142609849,56.84943389892578,6040800,0.0,0.0,0.0,XLY
2019-09-27,57.034068127253775,57.06720530564232,56.347649986803056,56.65061950683594,7114000,0.0,0.0,0.0,XLY
2019-09-30,56.76896263409627,57.21395066183934,56.7452952866367,57.1382064819336,4988400,0.0,0.0,0.0,XLY
2019-10-01,57.27075380956175,57.483777976554016,56.64114391272722,56.66007995605469,7271600,0.0,0.0,0.0,XLY
2019-10-02,56.33344523631163,56.33344523631163,55.36299368462701,55.64229583740234,11009000,0.0,0.0,0.0,XLY
2019-10-03,55.57129443856022,55.916870992783046,54.89434607482114,55.91213607788086,14463200,0.0,0.0,0.0,XLY
2019-10-04,56.04466537662751,56.47545219136994,55.97839103769491,56.43758010864258,6374000,0.0,0.0,0.0,XLY
2019-10-07,56.28136681247271,56.55119911184265,56.039936772505605,56.19142150878906,5521200,0.0,0.0,0.0,XLY
2019-10-08,55.76536367430284,56.21034797978508,55.59020801055832,55.59967422485352,5886200,0.0,0.0,0.0,XLY
2019-10-09,55.99259505493542,56.27189716486058,55.82690919905479,56.07307052612305,6094600,0.0,0.0,0.0,XLY
2019-10-10,56.125146489748616,56.64114373669569,56.08727801489235,56.447052001953125,6548600,0.0,0.0,0.0,XLY
2019-10-11,57.02932752751815,57.58319328751875,57.01985769939028,57.08613204956055,10630800,0.0,0.0,0.0,XLY
2019-10-14,57.02458301481884,57.17133282096838,56.9062354649097,57.05772018432617,3151000,0.0,0.0,0.0,XLY
2019-10-15,57.24234631627521,57.69206920627352,57.20447423069372,57.55951690673828,5111000,0.0,0.0,0.0,XLY
2019-10-16,57.57372846919927,57.85302700717345,57.55005750998596,57.79621887207031,6145600,0.0,0.0,0.0,XLY
2019-10-17,58.10391270845086,58.18439178812001,57.838815349580194,57.947696685791016,4612000,0.0,0.0,0.0,XLY
2019-10-18,57.800950197993465,58.023444198733486,57.59739224111229,57.83408737182617,4069600,0.0,0.0,0.0,XLY
2019-10-21,58.12758109386952,58.29800184894752,57.876684874360365,58.037635803222656,4506200,0.0,0.0,0.0,XLY
2019-10-22,57.97610802907941,57.99030915957603,57.64473266687312,57.66840362548828,5203600,0.0,0.0,0.0,XLY
2019-10-23,57.60212809996887,57.60212809996887,56.97725308910029,57.40330505371094,3773800,0.0,0.0,0.0,XLY
2019-10-24,57.50743783679652,57.5595074312983,57.2139346393777,57.37488555908203,4405200,0.0,0.0,0.0,XLY
2019-10-25,56.67428681919535,57.4885187062448,56.54173811417453,57.30862808227539,5472600,0.0,0.0,0.0,XLY
2019-10-28,57.45537677302156,57.63526377041604,57.3701663823229,57.4885139465332,3823400,0.0,0.0,0.0,XLY
2019-10-29,57.497979508904265,57.531116682039205,57.14293682030942,57.16187286376953,4341400,0.0,0.0,0.0,XLY
2019-10-30,57.12873830289341,57.521653096374834,56.89204316634043,57.51691818237305,5615400,0.0,0.0,0.0,XLY
2019-10-31,57.51219424460295,57.58793843636267,56.94412725313239,57.20922470092773,6074000,0.0,0.0,0.0,XLY
2019-11-01,57.502722185436696,57.60686863268636,57.37490477774611,57.58793258666992,6429600,0.0,0.0,0.0,XLY
2019-11-04,57.75833242205401,57.8340729669434,57.51690243758875,57.61631393432617,9531800,0.0,0.0,0.0,XLY
2019-11-05,57.66840853745703,57.829363124050985,57.469585470207,57.70154571533203,4309000,0.0,0.0,0.0,XLY
2019-11-06,57.76780788099271,57.77727770791956,57.49797560046977,57.7630729675293,7188600,0.0,0.0,0.0,XLY
2019-11-07,57.89089744896806,57.95717179886078,57.35123282173815,57.41750717163086,7665400,0.0,0.0,0.0,XLY
2019-11-08,57.51691009072025,57.535846132382254,57.21394064748959,57.441165924072266,4146000,0.0,0.0,0.0,XLY
2019-11-11,57.1855501902612,57.3417662457645,57.11454092229712,57.32283020019531,3725400,0.0,0.0,0.0,XLY
2019-11-12,57.3654295452064,57.57845370897051,57.16660651080243,57.28495407104492,4389000,0.0,0.0,0.0,XLY
2019-11-13,57.13819774811586,57.2423441737264,56.95831076585813,57.10506057739258,4692600,0.0,0.0,0.0,XLY
2019-11-14,57.14767266542557,57.441172314637946,57.06719718816935,57.35123062133789,3960200,0.0,0.0,0.0,XLY
2019-11-15,57.62580027552863,57.67786988349335,57.3275620881599,57.455379486083984,4240000,0.0,0.0,0.0,XLY
2019-11-18,57.46958339339361,57.65894023655709,57.30389751000608,57.654205322265625,4687400,0.0,0.0,0.0,XLY
2019-11-19,57.450638526916094,57.4837756985057,56.87783678276376,57.01985168457031,6033800,0.0,0.0,0.0,XLY
2019-11-20,57.17608222668043,57.26602754314764,56.617481505053306,56.88731384277344,8562600,0.0,0.0,0.0,XLY
2019-11-21,56.93463914228888,57.03878556667741,56.54172801166038,56.56539535522461,4877400,0.0,0.0,0.0,XLY
2019-11-22,56.78790069354943,56.97252262401731,56.67428803134183,56.95358657836914,4476000,0.0,0.0,0.0,XLY
2019-11-25,57.213949432423874,57.46484570252815,57.17134242922211,57.455379486083984,7334000,0.0,0.0,0.0,XLY
2019-11-26,57.43643847920744,57.88615776091589,57.389100177714056,57.84828567504883,7252200,0.0,0.0,0.0,XLY
2019-11-27,58.02817396324933,58.36901549910032,57.95716470800025,58.34534454345703,8426000,0.0,0.0,0.0,XLY
2019-11-29,58.38322240349129,58.411624663728375,57.905097223307465,57.96663665771485,3510200,0.0,0.0,0.0,XLY
2019-12-02,58.00924250672231,58.06605063774843,57.3701663823229,57.4885139465332,7083400,0.0,0.0,0.0,XLY
2019-12-03,56.97725457509048,57.00565683624489,56.59380960278106,56.910980224609375,8946200,0.0,0.0,0.0,XLY
2019-12-04,57.13347661318301,57.43171120276303,57.10507073916488,57.228153228759766,5658200,0.0,0.0,0.0,XLY
2019-12-05,57.44116558463609,57.44116558463609,57.04825446043358,57.17133331298828,4704600,0.0,0.0,0.0,XLY
2019-12-06,57.59266283375265,57.77254983880844,57.58792791971189,57.63053131103515,5031000,0.0,0.0,0.0,XLY
2019-12-09,57.58793305000081,57.909838611507205,57.51692377978822,57.70154571533203,3577600,0.0,0.0,0.0,XLY
2019-12-10,57.72047464038829,57.8293559895055,57.521651597667535,57.60212707519531,4360000,0.0,0.0,0.0,XLY
2019-12-11,57.559510240615424,57.782004203038,57.450632521779134,57.74886703491211,4099400,0.0,0.0,0.0,XLY
2019-12-12,57.85302441916855,58.39742395158951,57.782015156386485,58.25540542602539,9226200,0.0,0.0,0.0,XLY
2019-12-13,58.250675336335206,58.40689138369031,58.00924528252283,58.30747985839844,7124800,0.0,0.0,0.0,XLY
2019-12-16,58.610456292178505,58.700401611676455,58.46844135851408,58.56311798095703,7293600,0.0,0.0,0.0,XLY
2019-12-17,58.662508904329,58.899203988944606,58.63884156287566,58.823463439941406,6819000,0.0,0.0,0.0,XLY
2019-12-18,58.98443361950879,59.0365068440581,58.77140941848453,58.88028717041016,5278200,0.0,0.0,0.0,XLY
2019-12-19,58.83767414888637,59.11224135855714,58.7571986738149,59.06489944458008,6493000,0.0,0.0,0.0,XLY
2019-12-20,59.288125604041205,59.288125604041205,59.08389655870689,59.1551399230957,6673600,0.205,0.0,0.0,XLY
2019-12-23,59.2833816697754,59.29287909507518,59.01741027832031,59.01741027832031,6328400,0.0,0.0,0.0,XLY
2019-12-24,59.09814192027677,59.22163017157339,59.01740113517771,59.150386810302734,3296200,0.0,0.0,0.0,XLY
2019-12-26,59.32613132972945,59.87232208251953,59.264385380445006,59.87232208251953,5035800,0.0,0.0,0.0,XLY
2019-12-27,60.06705898219781,60.19054726797081,59.791586507623016,59.86758041381836,5917400,0.0,0.0,0.0,XLY
2019-12-30,59.91981822691705,59.98631107517411,59.35462539314366,59.48286056518555,6677400,0.0,0.0,0.0,XLY
2019-12-31,59.38311734826917,59.5968474522599,59.29762603139053,59.5683479309082,3567400,0.0,0.0,0.0,XLY
2020-01-02,59.94355983546074,60.27602767944336,59.71083488118467,60.27602767944336,12591000,0.0,0.0,0.0,XLY
2020-01-03,59.511364763344176,59.93881778612137,59.4733678117586,59.76308822631836,11192800,0.0,0.0,0.0,XLY
2020-01-06,59.32612752093779,59.94356160902239,59.25013362626306,59.92931365966797,12823200,0.0,0.0,0.0,XLY
2020-01-07,59.891319497822245,59.97206029697807,59.582600627627535,59.83432769775391,18301600,0.0,0.0,0.0,XLY
2020-01-08,59.78208747927562,60.34252983988807,59.72509205115631,60.01481246948242,9451800,0.0,0.0,0.0,XLY
2020-01-09,60.33301544189453,60.55149243263248,60.18103129079039,60.33301544189453,7643000,0.0,0.0,0.0,XLY
2020-01-10,60.40902132400128,60.40902132400128,59.943567730556566,60.00531005859375,7407000,0.0,0.0,0.0,XLY
2020-01-13,60.128796760724335,60.29028198736838,59.95781410831941,60.195289611816406,6449200,0.0,0.0,0.0,XLY
2020-01-14,60.10030976072098,60.371031729858,60.00531737110062,60.176300048828125,8681200,0.0,0.0,0.0,XLY
2020-01-15,60.01004799663914,60.247523456557445,59.89131026667999,60.03854751586914,6523800,0.0,0.0,0.0,XLY
2020-01-16,60.385271403354544,60.58474995882431,60.3330265021236,60.57525253295898,8699000,0.0,0.0,0.0,XLY
2020-01-17,60.73673367582659,60.87446990315247,60.66549392340685,60.78897857666016,13473200,0.0,0.0,0.0,XLY
2020-01-21,60.48024862320855,60.693978712102485,60.28077010577792,60.603736877441406,8003800,0.0,0.0,0.0,XLY
2020-01-22,60.82697961324835,61.045453020448775,60.52300763172805,60.57525253295898,7930200,0.0,0.0,0.0,XLY
2020-01-23,60.26652849636786,60.74147946796732,59.95780964011055,60.665489196777344,7991800,0.0,0.0,0.0,XLY
2020-01-24,60.78423342245713,60.81747984907137,59.55885891538029,59.8200798034668,11381800,0.0,0.0,0.0,XLY
2020-01-27,58.52820512561944,59.23113047794252,58.414214292603766,58.92716217041016,15754200,0.0,0.0,0.0,XLY
2020-01-28,59.21213357588624,59.72508146729433,58.984159150985846,59.50185394287109,11815400,0.0,0.0,0.0,XLY
2020-01-29,59.69659839776977,59.92932339674374,59.42587644528484,59.46862030029297,5860000,0.0,0.0,0.0,XLY
2020-01-30,59.003162929217794,59.43061592023959,58.88442518202541,59.368873596191406,10461000,0.0,0.0,0.0,XLY
2020-01-31,60.584751865589936,60.665496294135416,59.397374297678006,59.5208625793457,16844000,0.0,0.0,0.0,XLY
2020-02-03,59.85331590105439,60.6844800465631,59.84856900063492,59.94355773925781,16019000,0.0,0.0,0.0,XLY
2020-02-04,60.822223208896766,61.24018240324121,60.68448698563221,61.03594970703125,16697200,0.0,0.0,0.0,XLY
2020-02-05,61.43966190770145,61.515655807342846,60.91721290663829,61.34467315673828,13354000,0.0,0.0,0.0,XLY
2020-02-06,61.48240451310805,61.49665246310504,61.20693206787109,61.20693206787109,11039800,0.0,0.0,0.0,XLY
2020-02-07,60.93144743917089,61.23066882363144,60.69397561405679,60.940948486328125,7267600,0.0,0.0,0.0,XLY
2020-02-10,60.893470425340055,61.634392820031394,60.893470425340055,61.629638671875,5867200,0.0,0.0,0.0,XLY
2020-02-11,61.88137657307915,62.38007668511319,61.72939598729644,62.114105224609375,11015800,0.0,0.0,0.0,XLY
2020-02-12,62.42280147540334,62.78376884482266,62.41330767412765,62.750518798828125,7810600,0.0,0.0,0.0,XLY
2020-02-13,62.503548539818965,62.874009704725246,62.32781175849316,62.64128112792969,7106800,0.0,0.0,0.0,XLY
2020-02-14,62.760029311166655,62.8360232158909,62.37532013336944,62.54630279541016,4959600,0.0,0.0,0.0,XLY
2020-02-18,62.456046735838,62.7457670904312,62.1948222772415,62.541534423828125,6740200,0.0,0.0,0.0,XLY
2020-02-19,62.764747799842496,63.04022014438237,62.731505011060186,62.82174682617188,4636200,0.0,0.0,0.0,XLY
2020-02-20,62.76952611994164,63.01649542284215,62.07134756771355,62.84552001953125,10832800,0.0,0.0,0.0,XLY
2020-02-21,62.570058189971085,62.63655105160466,61.72464584326778,61.88612747192383,12322600,0.0,0.0,0.0,XLY
2020-02-24,59.78682338115351,60.33776821417893,59.46385659507367,59.75832748413086,17507200,0.0,0.0,0.0,XLY
2020-02-25,60.28076761833509,60.40900639109736,58.02475083360469,58.1624870300293,29219600,0.0,0.0,0.0,XLY
2020-02-26,58.50921251255728,59.050656341043705,57.55456002608348,57.7017936706543,24720800,0.0,0.0,0.0,XLY
2020-02-27,56.5191735817461,57.697053751610326,55.34129341188188,55.36979293823242,35433800,0.0,0.0,0.0,XLY
2020-02-28,53.57447923803751,55.09432113012257,53.44624042688693,55.013580322265625,41232200,0.0,0.0,0.0,XLY
2020-03-02,55.17981015894277,56.90863159784683,54.40564129367384,56.90388107299805,19022400,0.0,0.0,0.0,XLY
2020-03-03,57.07011043159815,57.82053021207344,54.999323907537295,55.52651977539063,29548600,0.0,0.0,0.0,XLY
2020-03-04,56.39567888841519,57.49281812671823,55.78299168354166,57.44532012939453,14684400,0.0,0.0,0.0,XLY
2020-03-05,56.072713429945175,56.43842772608606,54.87583851436713,55.30329513549805,14599600,0.0,0.0,0.0,XLY
2020-03-06,53.61722161469323,54.747603764297295,53.27525629250341,54.4531364440918,16655000,0.0,0.0,0.0,XLY
2020-03-09,50.382803681806514,52.57707501459621,49.15742921433854,51.02398681640625,16829800,0.0,0.0,0.0,XLY
2020-03-10,52.8192998786428,53.84519577026367,50.99548979165707,53.84519577026367,21939200,0.0,0.0,0.0,XLY
2020-03-11,52.37284087624083,52.63406535423188,50.41129471175955,50.90049362182617,15254600,0.0,0.0,0.0,XLY
2020-03-12,47.05339265025956,48.76321542471148,45.239080082195365,45.75677490234375,19961600,0.0,0.0,0.0,XLY
2020-03-13,48.25502598711172,48.62074032506275,45.58105287833995,48.587493896484375,16073800,0.0,0.0,0.0,XLY
2020-03-16,43.24429068855575,45.52405335073182,42.09965702099291,42.43212127685547,16817800,0.0,0.0,0.0,XLY
2020-03-17,43.38202547092402,44.99211280115228,40.96452646029968,44.065956115722656,27134000,0.0,0.0,0.0,XLY
2020-03-18,41.235244160579136,42.32763286989359,38.8224922995328,41.534461975097656,27657600,0.0,0.0,0.0,XLY
2020-03-19,41.3587312979459,44.19893606663656,39.98612328583776,42.98306274414063,14884200,0.0,0.0,0.0,XLY
2020-03-20,43.48651448605427,44.8686237016624,41.63420839608897,41.705448150634766,25783200,0.0,0.0,0.0,XLY
2020-03-23,41.45440963686188,42.62368405993146,40.40444907905123,41.774169921875,15308400,0.212,0.0,0.0,XLY
2020-03-24,44.069763264650376,45.76879501771093,43.883633944130665,45.69243240356445,20747400,0.0,0.0,0.0,XLY
2020-03-25,46.50376788080842,48.23620369209066,45.35358060570007,46.49422073364258,19997800,0.0,0.0,0.0,XLY
2020-03-26,47.0001187511142,48.72778116568181,46.77580810496047,48.41756439208984,12991000,0.0,0.0,0.0,XLY
2020-03-27,46.94283935970601,48.030981041006434,46.241273370138735,46.79489135742188,10262200,0.0,0.0,0.0,XLY
2020-03-30,47.07648465376136,47.9594066460093,46.26037814366166,47.77327728271485,13320600,0.0,0.0,0.0,XLY
2020-03-31,47.358063902405405,48.054856481270896,46.68513191335156,46.80921936035156,10304400,0.0,0.0,0.0,XLY
2020-04-01,45.029046850935465,45.79265477269273,44.322710888748674,44.71883010864258,13516400,0.0,0.0,0.0,XLY
2020-04-02,44.456348854777694,45.56835500117438,43.89796081499185,44.88587951660156,11997600,0.0,0.0,0.0,XLY
2020-04-03,44.61384700009023,44.83815403283178,43.54002209481162,44.10318374633789,10359400,0.0,0.0,0.0,XLY
2020-04-06,45.71630713692852,48.02622212815753,45.71630713692852,47.77327728271485,10607800,0.0,0.0,0.0,XLY
2020-04-07,49.98296425893461,50.35522292271729,48.37938567558606,48.48437881469727,14018200,0.0,0.0,0.0,XLY
2020-04-08,49.07617273547408,50.21203925535019,48.723001124455486,50.01159286499024,8331000,0.0,0.0,0.0,XLY
2020-04-09,50.732256602644135,51.75358299068088,50.42203982694994,50.913612365722656,10645800,0.0,0.0,0.0,XLY
2020-04-13,50.71316646779232,51.09019872013016,49.94478488182803,50.899295806884766,6823400,0.0,0.0,0.0,XLY
2020-04-14,51.96356956526973,52.989669461244304,51.72017191921548,52.88944625854492,11489200,0.0,0.0,0.0,XLY
2020-04-15,51.57699565829176,52.08765883743643,51.10451378852634,51.72971725463867,7617600,0.0,0.0,0.0,XLY
2020-04-16,51.944496160327326,52.97536997241761,51.44815355580736,52.35016632080078,9218400,0.0,0.0,0.0,XLY
2020-04-17,53.62442221349702,54.025315040447474,52.96103743473133,53.89645767211914,8767000,0.0,0.0,0.0,XLY
2020-04-20,53.30944403107408,54.02055742958768,52.86559621932685,52.956275939941406,6826200,0.0,0.0,0.0,XLY
2020-04-21,52.073336697891165,52.4169611665818,51.18086779399576,51.581764221191406,8655800,0.0,0.0,0.0,XLY
2020-04-22,52.54104993981257,53.06126026577124,52.245153895683295,52.69377517700195,6771200,0.0,0.0,0.0,XLY
2020-04-23,52.95626383594779,53.46215344338747,52.48855553805792,52.6794548034668,8259200,0.0,0.0,0.0,XLY
2020-04-24,53.22353181415725,53.81055768189293,52.73673280575758,53.57192993164063,5829000,0.0,0.0,0.0,XLY
2020-04-27,54.120774078635215,54.92733339242922,54.06827568268069,54.57416534423828,8239400,0.0,0.0,0.0,XLY
2020-04-28,55.59548437676162,55.79116085207475,54.51211614584717,54.78892517089844,9458800,0.0,0.0,0.0,XLY
2020-04-29,55.85320176842114,56.41636331519747,55.542985014141216,55.99637985229492,9997600,0.0,0.0,0.0,XLY
2020-04-30,55.59071141782819,55.9820607059802,55.07527470430998,55.647979736328125,10106400,0.0,0.0,0.0,XLY
2020-05-01,53.93941262160808,54.37849042947288,53.15194399438205,53.56715393066406,12553200,0.0,0.0,0.0,XLY
2020-05-04,52.86081797659249,53.88214441234941,52.55537476073082,53.858280181884766,9213600,0.0,0.0,0.0,XLY
2020-05-05,54.57416949092401,54.73643826561408,53.93941875791334,54.05396270751953,9093600,0.0,0.0,0.0,XLY
2020-05-06,54.407125897745765,54.636210135219685,53.968051720522055,54.044410705566406,7810000,0.0,0.0,0.0,XLY
2020-05-07,54.71734251264883,55.16596019607161,54.693478281743495,54.893924713134766,10667200,0.0,0.0,0.0,XLY
2020-05-08,55.595489605966186,56.015476756904384,55.29004639137676,55.96297836303711,7872400,0.0,0.0,0.0,XLY
2020-05-11,55.47617489839934,56.29705489064621,55.39981591649071,55.8388900756836,8086600,0.0,0.0,0.0,XLY
2020-05-12,56.07751945348896,56.20637683224584,54.58848103037072,54.61711883544922,11944800,0.0,0.0,0.0,XLY
2020-05-13,54.53597948259006,54.84619625794983,53.14239442169065,53.67692184448242,13362200,0.0,0.0,0.0,XLY
2020-05-14,53.01830231371635,54.50256694591547,52.52672981876889,54.47870635986328,11436400,0.0,0.0,0.0,XLY
2020-05-15,54.034865952648886,55.123007862940455,53.8535065401534,55.11346435546875,12556600,0.0,0.0,0.0,XLY
2020-05-18,56.62158749235547,57.46155812162033,56.56431552632484,57.199066162109375,10233600,0.0,0.0,0.0,XLY
2020-05-19,57.07497562854695,57.94358401431919,56.855438565754085,56.99384307861328,10513600,0.0,0.0,0.0,XLY
2020-05-20,57.93403035657242,57.9483474354025,57.380416008514885,57.73835754394531,7708200,0.0,0.0,0.0,XLY
2020-05-21,57.88154271549792,58.25857497306408,57.24202213460337,57.94358825683594,9117200,0.0,0.0,0.0,XLY
2020-05-22,57.91971935488001,58.01516898454186,57.41382976356625,57.8576774597168,7642000,0.0,0.0,0.0,XLY
2020-05-26,59.38967738457826,59.53762542888627,58.68811119573475,58.774017333984375,9128400,0.0,0.0,0.0,XLY
2020-05-27,59.47557790903355,59.7905646254374,58.27289208705816,59.78102111816406,11531200,0.0,0.0,0.0,XLY
2020-05-28,59.957600268674334,60.17236740371287,58.89809623893053,59.05558776855469,7293200,0.0,0.0,0.0,XLY
2020-05-29,59.03649743355613,59.485118719641015,58.583106214635954,59.270355224609375,13016000,0.0,0.0,0.0,XLY
2020-06-01,59.34193522748944,60.04827482802276,59.2942104152897,59.83351135253906,6662600,0.0,0.0,0.0,XLY
2020-06-02,60.10077975854615,60.344181060791016,59.79056298371175,60.344181060791016,8453400,0.0,0.0,0.0,XLY
2020-06-03,60.64006583586793,61.67570910957313,60.64006583586793,61.48480987548828,11061600,0.0,0.0,0.0,XLY
2020-06-04,61.34164483559741,61.71390351875501,60.85007228521391,61.17460250854492,9971400,0.0,0.0,0.0,XLY
2020-06-05,62.63023098910227,62.99294979368026,62.32001785793032,62.63977813720703,11689200,0.0,0.0,0.0,XLY
2020-06-08,63.00250361728356,63.61816736548225,63.00250361728356,63.59430313110352,7005000,0.0,0.0,0.0,XLY
2020-06-09,63.03590062822368,63.45111053883694,62.63500779850466,63.09794616699219,8689600,0.0,0.0,0.0,XLY
2020-06-10,63.34610856298959,63.355655710249614,62.43932619645671,62.506141662597656,7783800,0.0,0.0,0.0,XLY
2020-06-11,60.50167541391458,61.40369161825446,59.08899963434128,59.232177734375,13735200,0.0,0.0,0.0,XLY
2020-06-12,60.82144188269557,61.03143182600056,58.60697666136133,59.8192024230957,11989400,0.0,0.0,0.0,XLY
2020-06-15,58.50673942715199,60.57802981635216,58.1869791738022,60.38712692260742,9993000,0.0,0.0,0.0,XLY
2020-06-16,62.22457815810814,62.30093350811556,60.41577562634448,61.65664291381836,10166800,0.0,0.0,0.0,XLY
2020-06-17,61.91434168205715,62.12433522553479,61.34163665224328,61.494361877441406,6349800,0.0,0.0,0.0,XLY
2020-06-18,61.25575203856934,61.59937661313529,60.99326003267289,61.27006912231445,5533600,0.0,0.0,0.0,XLY
2020-06-19,62.038433835892974,62.157747689293714,60.59712044775688,60.79279327392578,13384000,0.0,0.0,0.0,XLY
2020-06-22,60.69042900772687,61.47016598612792,60.41775993494176,61.41754531860352,5675800,0.148,0.0,0.0,XLY
2020-06-23,62.07768127739307,62.28816390372899,61.71411772306723,61.90068054199219,7347200,0.0,0.0,0.0,XLY
2020-06-24,61.53234625422353,61.752390974844026,59.78630606769443,60.5373420715332,11962600,0.0,0.0,0.0,XLY
2020-06-25,60.28382747657164,60.68565778598579,59.6858685307454,60.61868667602539,9769200,0.0,0.0,0.0,XLY
2020-06-26,60.59954514924127,60.728702662047,59.09747272799723,59.19792938232422,11496400,0.0,0.0,0.0,XLY
2020-06-29,59.46103532511583,60.36992994637597,58.80567104748102,60.32209396362305,7822600,0.0,0.0,0.0,XLY
2020-06-30,60.274254960137,61.36971241398915,60.0876920819944,61.092262268066406,6729800,0.0,0.0,0.0,XLY
2020-07-01,61.17836664056418,61.96288837353038,61.13053066165673,61.709354400634766,11172600,0.0,0.0,0.0,XLY
2020-07-02,62.63738828777801,62.977024835995074,61.795457533048825,61.95331954956055,7328600,0.0,0.0,0.0,XLY
2020-07-06,62.87655979884636,63.45059874036431,62.71869781255121,63.4218978881836,7115800,0.0,0.0,0.0,XLY
2020-07-07,63.12531804903527,63.32623133067955,62.32165762315633,62.42689895629883,6893200,0.0,0.0,0.0,XLY
2020-07-08,62.536923666231225,63.10618163512118,62.24511946786336,63.09183120727539,5479800,0.0,0.0,0.0,XLY
2020-07-09,63.31188093935144,63.35493222130644,62.00593365896868,63.02007675170898,6224800,0.0,0.0,0.0,XLY
2020-07-10,63.058340754614655,63.81894252447115,62.6421565056376,63.77110290527344,12912400,0.0,0.0,0.0,XLY
2020-07-13,64.34516156335411,65.29711480250985,62.78568731010563,62.96268081665039,13282600,0.0,0.0,0.0,XLY
2020-07-14,62.65173343086267,63.62759900597376,61.91504408262706,63.58932876586914,11473800,0.0,0.0,0.0,XLY
2020-07-15,64.4838719252708,64.68956622798707,63.58453964531813,64.49822235107422,7505800,0.0,0.0,0.0,XLY
2020-07-16,63.97681337632699,64.5078011060957,63.75676131653817,64.32601928710938,6049400,0.0,0.0,0.0,XLY
2020-07-17,64.57476172550513,64.57476172550513,63.79502120668311,64.0246353149414,6189200,0.0,0.0,0.0,XLY
2020-07-20,64.07249696184664,65.21579415343102,63.9146349271128,65.0483627319336,5471600,0.0,0.0,0.0,XLY
2020-07-21,65.55541128643122,65.64630218545372,64.90962020795251,65.1488037109375,5315800,0.0,0.0,0.0,XLY
2020-07-22,65.03880026902225,65.74678160006908,64.97661020437306,65.70851135253906,5321000,0.0,0.0,0.0,XLY
2020-07-23,65.78026316444866,65.78026316444866,64.27819062835373,64.72307586669922,6867600,0.0,0.0,0.0,XLY
2020-07-24,64.35951582571245,65.12012517331318,64.03901069780058,64.83788299560547,6287200,0.0,0.0,0.0,XLY
2020-07-27,65.11533544309461,65.38800822779146,64.77091050416364,65.23971557617188,4899400,0.0,0.0,0.0,XLY
2020-07-28,65.1105629523375,65.37366638459721,64.49825349142647,64.59392547607422,5119600,0.0,0.0,0.0,XLY
2020-07-29,65.01964581821778,65.3879904749893,64.91919282956295,65.24925994873047,4495000,0.0,0.0,0.0,XLY
2020-07-30,64.78047061050076,65.51237167604863,64.40256382016854,65.19664764404297,7940800,0.0,0.0,0.0,XLY
2020-07-31,66.00030970306435,66.11512043539105,64.81396133289928,65.53629302978516,7671000,0.0,0.0,0.0,XLY
2020-08-03,65.74675833885453,65.76588980619914,65.31622368094264,65.39755249023438,5588800,0.0,0.0,0.0,XLY
2020-08-04,65.26840651644783,65.94290586093263,65.25883713090337,65.92376708984375,5340200,0.0,0.0,0.0,XLY
2020-08-05,66.18207889161916,66.76089888732083,66.07683756525496,66.7274169921875,6536800,0.0,0.0,0.0,XLY
2020-08-06,66.48824941169555,67.19623071374465,66.3925701471377,67.05271911621094,4312200,0.0,0.0,0.0,XLY
2020-08-07,67.05749609524534,67.35408865865217,66.66523887168519,67.1531753540039,5953000,0.0,0.0,0.0,XLY
2020-08-10,67.39234804756902,68.03335810191074,67.28710671932767,67.95681762695312,4560400,0.0,0.0,0.0,XLY
2020-08-11,68.34430965620207,68.72700482078436,67.6650292062375,67.82289123535156,7093600,0.0,0.0,0.0,XLY
2020-08-12,68.49259990420865,68.86573296862542,68.22950383085356,68.72222137451172,7630800,0.0,0.0,0.0,XLY
2020-08-13,68.6600227654024,69.10490792183433,68.55000038664477,68.69351196289062,4742800,0.0,0.0,0.0,XLY
2020-08-14,68.69352430487382,68.84181695056049,68.39215067054073,68.68873596191406,3374000,0.0,0.0,0.0,XLY
2020-08-17,69.2532025207257,69.65981014919427,68.95182893192379,69.5737075805664,3218000,0.0,0.0,0.0,XLY
2020-08-18,69.84159126422313,70.157315277935,69.32017291689124,70.00423431396484,5175400,0.0,0.0,0.0,XLY
2020-08-19,70.27691871939741,70.29605019342108,69.57371843534887,69.6741714477539,5310400,0.0,0.0,0.0,XLY
2020-08-20,69.25320721120762,69.76984455587296,69.0762064204252,69.56892395019531,3326600,0.0,0.0,0.0,XLY
2020-08-21,69.4971687758881,69.9659664703312,69.48281834743695,69.92769622802734,3647600,0.0,0.0,0.0,XLY
2020-08-24,70.40606139431185,71.0183779552291,70.4012803513922,70.98966979980469,5284400,0.0,0.0,0.0,XLY
2020-08-25,71.15711183937124,71.22886399041234,70.64525549760063,71.22408294677734,5197800,0.0,0.0,0.0,XLY
2020-08-26,71.22885744175882,72.04208734174163,71.16188634050992,71.92727661132812,5583800,0.0,0.0,0.0,XLY
2020-08-27,72.19514005641992,72.2429796716956,71.2718953358633,71.53977966308594,6170800,0.0,0.0,0.0,XLY
2020-08-28,71.90814532515495,72.13775948727302,71.63069153374859,72.00859832763672,4275600,0.0,0.0,0.0,XLY
2020-08-31,71.99901660235211,72.21428759795255,71.70243138964231,71.79810333251953,7025000,0.0,0.0,0.0,XLY
2020-09-01,71.86508743984533,72.59220747616254,71.76463443638401,72.54915618896484,9904400,0.0,0.0,0.0,XLY
2020-09-02,73.05143897934379,73.73550039053524,72.63525466202441,73.55371856689453,8154200,0.0,0.0,0.0,XLY
2020-09-03,73.34324264479451,73.39585601514194,70.53522298156622,71.21929168701172,15142000,0.0,0.0,0.0,XLY
2020-09-04,71.44891346929862,71.85552844178312,68.70308356759497,70.3965072631836,13339800,0.0,0.0,0.0,XLY
2020-09-08,69.23884853351693,70.44911657014481,68.90877410547265,69.4732437133789,15212600,0.0,0.0,0.0,XLY
2020-09-09,70.12382482234305,71.31018037393132,69.7172172052802,70.78397369384766,7425800,0.0,0.0,0.0,XLY
2020-09-10,71.13797424531313,71.88900679237486,69.5402225929928,69.76984405517578,12553800,0.0,0.0,0.0,XLY
2020-09-11,70.24342132494584,70.56392639741856,69.21493500729913,69.87508392333984,7596400,0.0,0.0,0.0,XLY
2020-09-14,70.65004346342984,71.16189250316509,70.33910044553724,70.6165542602539,5556600,0.0,0.0,0.0,XLY
2020-09-15,71.06141610634951,71.43932280762064,70.82701365916816,71.19535827636719,5412000,0.0,0.0,0.0,XLY
2020-09-16,71.49197076749358,71.76942459685174,70.76485063880682,70.79833984375,5215800,0.0,0.0,0.0,XLY
2020-09-17,69.76504397172779,70.25776141504141,69.21970586459906,69.80331420898438,8849200,0.0,0.0,0.0,XLY
2020-09-18,70.02336611139621,70.05206696445714,68.25819065513501,68.83222961425781,10847200,0.0,0.0,0.0,XLY
2020-09-21,67.7325241782196,67.91469341267356,66.64911318062045,67.8379898071289,8435800,0.153,0.0,0.0,XLY
2020-09-22,68.25505003898975,69.33366962966983,68.02973780597021,69.27134704589844,7638000,0.0,0.0,0.0,XLY
2020-09-23,69.99043945053332,70.11987587302004,67.99618955719863,68.13521575927734,7930600,0.0,0.0,0.0,XLY
2020-09-24,67.82359411324578,69.06041205419248,67.30585586018505,68.10643768310547,8997000,0.0,0.0,0.0,XLY
2020-09-25,68.08727629451188,69.22821871112171,67.61268094053395,68.99331665039062,5028000,0.0,0.0,0.0,XLY
2020-09-28,69.89933828696539,70.59924573434623,69.61650203224482,70.43624877929688,5324800,0.0,0.0,0.0,XLY
2020-09-29,70.40271769057665,70.45065927742048,69.84183623582783,69.8897705078125,6055400,0.0,0.0,0.0,XLY
2020-09-30,70.10071085124692,71.29438629537084,70.01442476160089,70.46025085449219,8948800,0.0,0.0,0.0,XLY
2020-10-01,71.15532591015183,71.44296070062838,70.70470880019488,71.3806381225586,7758800,0.0,0.0,0.0,XLY
2020-10-02,70.04795835667302,71.31833706702353,70.01919633486686,71.07864379882812,8181600,0.0,0.0,0.0,XLY
2020-10-05,71.45738318687967,72.09975963498088,71.39506057263404,72.01826477050781,4640800,0.0,0.0,0.0,XLY
2020-10-06,72.08535475372345,72.41134141855406,70.57049878200199,70.685546875,7954400,0.0,0.0,0.0,XLY
2020-10-07,71.54365476292233,72.47365856973683,71.54365476292233,72.30108642578125,5005800,0.0,0.0,0.0,XLY
2020-10-08,72.77086642253524,72.82359922596979,72.24353838818985,72.7756576538086,5065800,0.0,0.0,0.0,XLY
2020-10-09,73.15439937015537,73.70569104388959,73.06331474417895,73.53311157226562,7362600,0.0,0.0,0.0,XLY
2020-10-12,74.0460415613638,74.85140736536849,73.9405759468121,74.51103973388672,6394400,0.0,0.0,0.0,XLY
2020-10-13,74.35764707547392,74.8322423870193,74.1083640246246,74.49666595458984,6826200,0.0,0.0,0.0,XLY
2020-10-14,74.65487846205164,74.73158207905524,73.34136376644761,73.67213439941406,7610800,0.0,0.0,0.0,XLY
2020-10-15,72.72294390274851,74.08440005646813,72.50722140122078,73.94538116455078,4758000,0.0,0.0,0.0,XLY
2020-10-16,74.27613927334383,74.63088057219038,73.04891110627679,73.27422332763672,4211000,0.0,0.0,0.0,XLY
2020-10-19,73.75362917758972,74.04605528762642,72.1956227731838,72.37299346923828,5154000,0.0,0.0,0.0,XLY
2020-10-20,72.79485756636836,73.85429784775785,72.59830730634009,72.95304870605469,8514200,0.0,0.0,0.0,XLY
2020-10-21,72.87154243769454,73.37969829453155,72.33942310668921,72.5551528930664,5539800,0.0,0.0,0.0,XLY
2020-10-22,72.54558265557391,72.7852759806839,71.76418007496021,72.70378112792969,4135600,0.0,0.0,0.0,XLY
2020-10-23,73.00097909107052,73.35092920447894,72.44009773729827,73.34134674072266,3915000,0.0,0.0,0.0,XLY
2020-10-26,72.5935172954791,72.89074199420968,70.91087277812397,71.93196868896484,6300000,0.0,0.0,0.0,XLY
2020-10-27,72.12370398419647,72.33942646573281,71.69705025320835,71.89839172363281,6241000,0.0,0.0,0.0,XLY
2020-10-28,70.60882737928416,70.9635759875283,69.54938741544247,69.62609100341797,9172600,0.0,0.0,0.0,XLY
2020-10-29,69.82743779779344,70.87249683349741,69.3288717525243,70.06713104248047,6067800,0.0,0.0,0.0,XLY
2020-10-30,69.52544579762335,69.77472890569628,67.9482669255635,68.53791046142578,9983200,0.0,0.0,0.0,XLY
2020-11-02,69.43433722437062,69.67882901496358,68.26943156868877,69.02686309814453,7981800,0.0,0.0,0.0,XLY
2020-11-03,69.76033796962602,70.94442342099133,69.40558926300938,70.5465316772461,5675400,0.0,0.0,0.0,XLY
2020-11-04,71.3806500982751,72.90510303979171,71.236839993766,72.0469970703125,8541200,0.0,0.0,0.0,XLY
2020-11-05,73.31258055660906,73.89743272463068,72.99139245037722,73.45160675048828,6480000,0.0,0.0,0.0,XLY
2020-11-06,73.23588527796541,73.36052314759314,72.60789006796017,73.23108673095703,4847000,0.0,0.0,0.0,XLY
2020-11-09,75.76225565756086,75.76225565756086,72.90032436210902,72.99140167236328,9782200,0.0,0.0,0.0,XLY
2020-11-10,72.91948915031931,73.09206860265843,71.96071604062598,72.73252868652344,17765200,0.0,0.0,0.0,XLY
2020-11-11,73.19754533836476,73.71528377395408,72.9195002165746,73.37012481689453,7406800,0.0,0.0,0.0,XLY
2020-11-12,73.37011884752235,73.37970862745473,71.97510211914314,72.38737487792969,5929800,0.0,0.0,0.0,XLY
2020-11-13,72.80442756074505,73.68650430604309,72.698961942447,73.56185913085938,4463000,0.0,0.0,0.0,XLY
2020-11-16,74.30492297629411,74.54940750886686,73.74404153225613,74.52544403076172,7864600,0.0,0.0,0.0,XLY
2020-11-17,74.26177822751927,74.54940579188764,73.64816397903617,74.20904541015625,5839600,0.0,0.0,0.0,XLY
2020-11-18,74.17068635031903,74.76512829564288,73.68171002940518,73.70088958740234,5415000,0.0,0.0,0.0,XLY
2020-11-19,73.68651911948015,74.13713638887448,73.52832066022994,74.06523132324219,4214400,0.0,0.0,0.0,XLY
2020-11-20,74.13711733185903,74.18985013805408,73.65293961305518,73.67691040039062,4132800,0.0,0.0,0.0,XLY
2020-11-23,74.0844083557115,74.68364165756094,73.88786539199822,74.48709869384766,4611200,0.0,0.0,0.0,XLY
2020-11-24,75.19179180048772,75.84375787484416,74.9760619766939,75.59447479248047,5465600,0.0,0.0,0.0,XLY
2020-11-25,75.53693822269157,75.81018473809722,75.3260069814056,75.685546875,4624400,0.0,0.0,0.0,XLY
2020-11-27,76.03071813900056,76.12179544906171,75.61844536794952,75.84854888916016,2216600,0.0,0.0,0.0,XLY
2020-11-30,75.73348746411435,75.77183926708398,74.40559194622578,75.3883285522461,6576000,0.0,0.0,0.0,XLY
2020-12-01,75.97798809170249,76.29917624954999,75.49860147135827,75.94921875,8737400,0.0,0.0,0.0,XLY
2020-12-02,75.6519800337103,75.6519800337103,75.15342130780638,75.474609375,4308800,0.0,0.0,0.0,XLY
2020-12-03,75.49378787616827,76.10261081081498,75.49378787616827,75.685546875,6011400,0.0,0.0,0.0,XLY
2020-12-04,75.83894875203026,75.94920560746957,75.6088452622436,75.75745391845703,4178200,0.0,0.0,0.0,XLY
2020-12-07,75.58966824634626,75.62322881622396,75.20136630838039,75.58487701416016,8430600,0.0,0.0,0.0,XLY
2020-12-08,75.22054119508516,75.47461546747695,74.8418217450128,75.42667388916016,4956800,0.0,0.0,0.0,XLY
2020-12-09,75.92046247763624,75.95881428795381,75.03360155169439,75.35478973388672,12060800,0.0,0.0,0.0,XLY
2020-12-10,75.06233882249936,75.60883913826484,74.75073320952008,75.28765106201172,5806000,0.0,0.0,0.0,XLY
2020-12-11,75.00961831445639,75.27807362729234,74.41517632542062,74.9281234741211,4134200,0.0,0.0,0.0,XLY
2020-12-14,75.60885470500331,76.04029971659354,75.01441269105194,75.03838348388672,6815000,0.0,0.0,0.0,XLY
2020-12-15,75.6999612299387,76.06429251591315,75.3548021948635,76.04991149902344,4651800,0.0,0.0,0.0,XLY
2020-12-16,76.18889912167826,76.74019803036742,76.1601370997195,76.5484390258789,4443000,0.0,0.0,0.0,XLY
2020-12-17,76.94153984307279,77.08535726836791,76.7210188156392,77.07097625732422,3977400,0.0,0.0,0.0,XLY
2020-12-18,77.20040199628875,77.24355234239968,76.35668435406568,76.69705200195312,9892800,0.0,0.0,0.0,XLY
2020-12-21,75.59529763411416,76.27248728237075,75.05259175569024,75.83063507080078,7904400,0.148,0.0,0.0,XLY
2020-12-22,75.70578881911611,75.73940427531288,74.8412919169467,75.50407409667969,7453200,0.0,0.0,0.0,XLY
2020-12-23,75.51846664622926,75.90748834220501,75.19668317760217,75.66735076904297,4346000,0.0,0.0,0.0,XLY
2020-12-24,75.73938285166857,75.94109751704798,75.50405273960087,75.82583618164062,2097600,0.0,0.0,0.0,XLY
2020-12-28,76.56546922471429,76.99772128889398,76.1716473832184,76.69033813476562,5824800,0.0,0.0,0.0,XLY
2020-12-29,76.9593005103778,77.09857709355565,76.35414906957307,76.71435546875,4862400,0.0,0.0,0.0,XLY
2020-12-30,76.98810041278983,77.29066874410591,76.90645452475746,77.17540740966797,4881400,0.0,0.0,0.0,XLY
2020-12-31,77.18501248436172,77.31468148143921,76.81039117422245,77.2186279296875,5859200,0.0,0.0,0.0,XLY
2021-01-04,77.69890206060307,77.75173261267877,75.61450996673756,76.5654525756836,18120400,0.0,0.0,0.0,XLY
2021-01-05,76.12360500267107,77.3531081128174,76.0995897814664,77.1369857788086,6262400,0.0,0.0,0.0,XLY
2021-01-06,77.2234319535275,78.76991839882974,76.91605617530438,77.92463684082031,8832000,0.0,0.0,0.0,XLY
2021-01-07,78.63065886395869,79.74009343916069,78.60184352357705,79.42791748046875,6725600,0.0,0.0,0.0,XLY
2021-01-08,80.36923064694766,81.14728126489086,79.86494034401059,81.06562805175781,9283800,0.0,0.0,0.0,XLY
2021-01-11,80.11950098815775,80.44608456007495,79.33665017839017,79.55277252197266,7421000,0.0,0.0,0.0,XLY
2021-01-12,79.97061711840391,81.07045137812038,79.87456354864615,80.76787567138672,11395200,0.0,0.0,0.0,XLY
2021-01-13,80.85433023982601,81.07525272077629,80.35964738607737,80.76307678222656,5654400,0.0,0.0,0.0,XLY
2021-01-14,80.85430436619828,81.24812608067658,80.15309959673053,80.24915313720703,6029800,0.0,0.0,0.0,XLY
2021-01-15,80.11949077816159,80.36922853836117,79.31262484894818,79.62960815429688,7271400,0.0,0.0,0.0,XLY
2021-01-19,80.30682277418401,80.43649180714462,79.7689095443693,80.08109283447266,6348600,0.0,0.0,0.0,XLY
2021-01-20,80.83511271600503,81.82447839397463,80.58536757556826,81.59394836425781,6868600,0.0,0.0,0.0,XLY
2021-01-21,82.02616581039949,82.50644082085034,81.88208916999629,81.97333526611328,6688000,0.0,0.0,0.0,XLY
2021-01-22,81.5411097736098,81.84368544610763,81.21932632070082,81.6948013305664,4456400,0.0,0.0,0.0,XLY
2021-01-25,81.90612203592048,82.58811920774816,80.3692429994733,81.99737548828125,11760600,0.0,0.0,0.0,XLY
2021-01-26,82.28072507004025,82.35756350843164,81.63715093355071,81.94452667236328,7458000,0.0,0.0,0.0,XLY
2021-01-27,81.01760611386219,81.06562922581787,79.01965998041501,79.41828918457031,11241400,0.0,0.0,0.0,XLY
2021-01-28,79.043701016066,80.4557114145321,78.57783344028857,79.66806030273438,7843200,0.0,0.0,0.0,XLY
2021-01-29,79.20698211571857,79.38468158791935,77.36752728972014,77.80937957763672,10833000,0.0,0.0,0.0,XLY
2021-02-01,78.71228746034035,79.91777534783634,78.23201235048937,79.83132934570312,6502600,0.0,0.0,0.0,XLY
2021-02-02,80.4508914859089,82.06461635821763,80.44129125892208,81.5267105102539,5401200,0.0,0.0,0.0,XLY
2021-02-03,81.79085488395486,81.87250077542627,81.01280420164379,81.07044219970703,4062800,0.0,0.0,0.0,XLY
2021-02-04,81.44506144409974,81.93494415283203,81.19531631221815,81.93494415283203,5142400,0.0,0.0,0.0,XLY
2021-02-05,82.22309828434469,82.99634151321467,82.0598065039415,82.71778106689453,4464200,0.0,0.0,0.0,XLY
2021-02-08,83.25568425992483,83.30851480945685,82.67934832742426,83.18844604492188,4720400,0.0,0.0,0.0,XLY
2021-02-09,82.92430102561853,83.12601568942677,82.62652547849702,82.72738647460938,3615400,0.0,0.0,0.0,XLY
2021-02-10,82.99634600001447,82.99634600001447,81.28656766944033,81.91092681884766,4883200,0.0,0.0,0.0,XLY
2021-02-11,82.12704816808855,82.41040873920515,81.29136679411297,81.68519592285156,3911600,0.0,0.0,0.0,XLY
2021-02-12,81.32978592793263,81.83887637548729,81.09925592550378,81.80046081542969,3994400,0.0,0.0,0.0,XLY
2021-02-16,81.9589590066916,82.06462013575069,81.21933843169585,81.445068359375,4516200,0.0,0.0,0.0,XLY
2021-02-17,80.95037532659724,81.9973716014032,80.54213853120329,81.91572570800781,6441200,0.0,0.0,0.0,XLY
2021-02-18,81.05602343697795,82.2038805302856,80.99838544680445,81.93972778320312,5160000,0.0,0.0,0.0,XLY
2021-02-19,82.30956053018103,82.30956053018103,81.35381030887031,81.46427154541016,5022800,0.0,0.0,0.0,XLY
2021-02-22,80.68620773219224,80.96956825052722,79.67282709194296,79.74486541748047,5694000,0.0,0.0,0.0,XLY
2021-02-23,78.3328850812477,79.62481916439081,76.39256924290389,79.22138977050781,10768600,0.0,0.0,0.0,XLY
2021-02-24,79.12054122462285,80.15793011506274,78.27525215958971,80.0522689819336,7973600,0.0,0.0,0.0,XLY
2021-02-25,79.48553776155802,79.92739002257474,76.69033285556567,77.07455444335938,14641800,0.0,0.0,0.0,XLY
2021-02-26,78.06391390327262,78.41932012630977,76.36854333499294,77.39633178710938,12255200,0.0,0.0,0.0,XLY
2021-03-01,78.35689510230007,79.35106827320263,78.20801096445504,79.21178436279297,8697600,0.0,0.0,0.0,XLY
2021-03-02,79.32225149193418,79.49515085206001,78.26084010619168,78.29926300048828,6622400,0.0,0.0,0.0,XLY
2021-03-03,78.14557894715654,78.45775488752273,76.45980834960938,76.45980834960938,11125600,0.0,0.0,0.0,XLY
2021-03-04,76.4886105383017,76.98810075111606,73.40524524545667,74.84127044677734,18469600,0.0,0.0,0.0,XLY
2021-03-05,75.40799569178786,75.53767202913474,71.87317043394236,75.3167495727539,20626800,0.0,0.0,0.0,XLY
2021-03-08,75.61931936560137,76.94968355603169,75.27832811994229,75.40799713134766,12536200,0.0,0.0,0.0,XLY
2021-03-09,76.90646283940187,78.76512534232542,76.51263369504996,78.25603485107422,18614400,0.0,0.0,0.0,XLY
2021-03-10,79.28382235763887,79.7208745013947,78.0975421551114,78.6546630859375,14245800,0.0,0.0,0.0,XLY
2021-03-11,79.72566912286555,80.1675213494377,79.2550015619282,79.86014556884766,8458400,0.0,0.0,0.0,XLY
2021-03-12,79.01487040521815,80.10028961526396,78.79394060982652,80.09548950195312,8343400,0.0,0.0,0.0,XLY
2021-03-15,80.20594481574476,81.19531038763182,79.92738436751361,81.17129516601562,8857000,0.0,0.0,0.0,XLY
2021-03-16,81.17130738988513,81.3249989686404,79.96101918506764,80.33082580566406,6873600,0.0,0.0,0.0,XLY
2021-03-17,79.73046416142157,81.74281793857355,79.64401816382771,81.45945739746094,8711400,0.0,0.0,0.0,XLY
2021-03-18,80.6958269759417,81.05122587130286,79.33184007802626,79.46632385253906,10151400,0.0,0.0,0.0,XLY
2021-03-19,79.37506662794145,80.10988693354965,78.54418544105357,79.94178771972656,12121000,0.0,0.0,0.0,XLY
2021-03-22,80.50654728835615,81.15595174471301,80.16982204212141,80.46806335449219,7224200,0.132,0.0,0.0,XLY
2021-03-23,80.47285565323871,80.8192036515,79.50597177312667,79.71282196044922,7990200,0.0,0.0,0.0,XLY
2021-03-24,80.08322994446326,80.5113536085718,78.53428649902344,78.53428649902344,9352000,0.0,0.0,0.0,XLY
2021-03-25,77.77903864956471,79.48672508904512,77.61548748433364,79.22215270996094,11319800,0.0,0.0,0.0,XLY
2021-03-26,79.53481662332536,79.93888675867159,78.49096510365247,79.88116455078125,8542600,0.0,0.0,0.0,XLY
2021-03-29,79.67433157972563,80.07840176494481,78.86137613133079,79.44342803955078,9358200,0.0,0.0,0.0,XLY
2021-03-30,79.09708267488347,80.34297679710376,78.77960314178623,80.22271728515625,7321800,0.0,0.0,0.0,XLY
2021-03-31,80.56426541581007,81.28582262387397,80.34779972140281,80.84808349609375,7937800,0.0,0.0,0.0,XLY
2021-04-01,81.57925026725452,81.6321647522784,81.22328676805657,81.49747467041016,8140000,0.0,0.0,0.0,XLY
2021-04-05,82.796273837458,83.65733613039984,82.64234546523669,83.34947204589844,8628400,0.0,0.0,0.0,XLY
2021-04-06,83.27249683950605,84.03734557473219,83.2147746225254,83.71024322509766,6301400,0.0,0.0,0.0,XLY
2021-04-07,83.66213335854374,83.96037458854536,83.31578538948348,83.46009826660156,5049400,0.0,0.0,0.0,XLY
2021-04-08,83.92672126331821,84.04698079314586,83.31580079657724,83.85456848144531,6424800,0.0,0.0,0.0,XLY
2021-04-09,83.77759826556694,84.67232943593406,83.68619985105786,84.65308380126953,6093800,0.0,0.0,0.0,XLY
2021-04-12,84.64827215177807,85.27843086683616,84.57611937526708,85.1966552734375,6285600,0.0,0.0,0.0,XLY
2021-04-13,85.34098058081524,86.2645729548013,85.22552878154458,86.09620666503906,5351200,0.0,0.0,0.0,XLY
2021-04-14,86.28861681255275,86.66382594372084,85.07159100554826,85.24957275390625,6676400,0.0,0.0,0.0,XLY
2021-04-15,85.84608122085228,85.91342627589253,85.37947357519462,85.86051177978516,5031200,0.0,0.0,0.0,XLY
2021-04-16,86.06733018411008,86.63976665902943,85.8364339668518,86.5243148803711,5276000,0.0,0.0,0.0,XLY
2021-04-19,86.04810388440997,86.12987948650226,85.28324767178775,85.5526351928711,7030800,0.0,0.0,0.0,XLY
2021-04-20,85.2495615605383,85.4467889174522,83.84493137237936,84.47509002685547,8462000,0.0,0.0,0.0,XLY
2021-04-21,84.15758655127951,85.69209876187911,83.98922767548059,85.60070037841797,5540000,0.0,0.0,0.0,XLY
2021-04-22,85.70655842735361,85.83162569243713,84.34041196853124,84.65308380126953,5960000,0.0,0.0,0.0,XLY
2021-04-23,84.92728749744214,85.88936380477071,84.65309222662482,85.5382080078125,3823800,0.0,0.0,0.0,XLY
2021-04-26,85.82680807676829,86.18758661459019,85.35539284256397,85.91339874267578,4460600,0.0,0.0,0.0,XLY
2021-04-27,85.95669081351274,86.15872591484478,85.61996564462598,85.8123779296875,4438600,0.0,0.0,0.0,XLY
2021-04-28,85.70656463650334,86.17317222012608,85.51415231627232,85.71137237548828,4761400,0.0,0.0,0.0,XLY
2021-04-29,86.25493459065034,86.30784907160506,84.97537157124222,85.73541259765625,6444600,0.0,0.0,0.0,XLY
2021-04-30,85.63439049476446,86.34151697235293,85.56704546547306,86.06732177734375,5651000,0.0,0.0,0.0,XLY
2021-05-03,86.53394038855384,86.57723205437539,85.5430031127701,85.65845489501953,7371400,0.0,0.0,0.0,XLY
2021-05-04,85.01865957721142,85.15334963129766,83.70542053978446,84.76371002197266,9207200,0.0,0.0,0.0,XLY
2021-05-05,85.3602003864967,85.3602003864967,84.35483262500036,84.4991455078125,6325000,0.0,0.0,0.0,XLY
2021-05-06,84.68193817138672,84.8070127665716,83.87379774123086,84.68193817138672,7850600,0.0,0.0,0.0,XLY
2021-05-07,85.01387005418681,85.67289730984135,84.57131583772326,85.4419937133789,6750200,0.0,0.0,0.0,XLY
2021-05-10,85.47084136112008,85.47084136112008,83.91228270089344,83.92190551757812,6976000,0.0,0.0,0.0,XLY
2021-05-11,82.51245106417953,83.29173030852402,81.68506508176486,82.97425079345703,14220800,0.0,0.0,0.0,XLY
2021-05-12,82.02661565138854,82.4162553227034,79.98701154492937,80.16499328613281,14124000,0.0,0.0,0.0,XLY
2021-05-13,80.72301267960339,81.51191497059416,79.86195760043593,80.73263549804688,14082400,0.0,0.0,0.0,XLY
2021-05-14,81.49746491538605,82.31042038796302,81.26656870840085,82.13243865966797,8211800,0.0,0.0,0.0,XLY
2021-05-17,81.88711598888648,82.17574179295019,81.25214949602905,81.98332214355469,10445000,0.0,0.0,0.0,XLY
2021-05-18,82.16611503033376,82.53651641508392,81.33392118932514,81.34354400634766,7756800,0.0,0.0,0.0,XLY
2021-05-19,80.01587973106086,80.70376806475188,79.60700172996974,80.66046905517578,14120400,0.0,0.0,0.0,XLY
2021-05-20,81.05972278448728,81.66583545220305,80.95389382155463,81.48784637451172,9068000,0.0,0.0,0.0,XLY
2021-05-21,82.03141751057888,82.03141751057888,81.045288046904,81.07896423339844,7770600,0.0,0.0,0.0,XLY
2021-05-24,81.51673022836006,82.26714858728003,81.23772721336626,81.88231658935547,6726800,0.0,0.0,0.0,XLY
2021-05-25,82.25269572897211,82.51726077450932,81.62734481939953,82.14205169677734,7133800,0.0,0.0,0.0,XLY
2021-05-26,82.53170008478243,83.27730317508616,82.44991715869301,82.9261474609375,7473600,0.0,0.0,0.0,XLY
2021-05-27,83.23401852736414,83.44567645730962,82.97906893176399,83.25807189941406,7783600,0.0,0.0,0.0,XLY
2021-05-28,83.60440069423079,83.60440069423079,82.94537368377506,83.1426010131836,6451200,0.0,0.0,0.0,XLY
2021-06-01,83.63809888141037,83.69582844933241,82.83476607006541,82.98388671875,9361200,0.0,0.0,0.0,XLY
2021-06-02,83.06083720621675,83.07046002220056,82.29118074884398,82.59904479980469,7063200,0.0,0.0,0.0,XLY
2021-06-03,82.06989847960773,82.2911792027304,81.4782237587335,81.61772155761719,8702800,0.0,0.0,0.0,XLY
2021-06-04,82.06992224743401,82.34411018673487,81.83902598169752,82.27195739746094,6433200,0.0,0.0,0.0,XLY
2021-06-07,82.2094200867169,82.32006415035019,81.64660631020048,82.27195739746094,6389800,0.0,0.0,0.0,XLY
2021-06-08,82.82031635835858,83.20034051072008,82.372954515771,82.9357681274414,6124800,0.0,0.0,0.0,XLY
2021-06-09,83.16667119650032,83.21958567752768,82.44511409525008,82.47879028320312,7131600,0.0,0.0,0.0,XLY
2021-06-10,82.627912054227,83.01755171988982,82.37777020044577,82.8684310913086,5225000,0.0,0.0,0.0,XLY
2021-06-11,83.00793088667405,83.33022552325762,82.8732408098946,83.32061004638672,5468400,0.0,0.0,0.0,XLY
2021-06-14,83.32541197609532,83.50339370656253,82.85880447833055,83.34465026855469,5770000,0.0,0.0,0.0,XLY
2021-06-15,83.35428424270413,83.35428424270413,82.61348877289537,82.90210723876953,5659600,0.0,0.0,0.0,XLY
2021-06-16,82.97425846316413,83.13780964362823,82.22383291621556,82.94058227539062,9414200,0.0,0.0,0.0,XLY
2021-06-17,82.73855868589801,83.55151430320964,82.54614636916386,83.2532730102539,9267000,0.0,0.0,0.0,XLY
2021-06-18,82.64233961680931,83.13780822805204,82.44030451378337,82.81551361083984,13991200,0.0,0.0,0.0,XLY
2021-06-21,83.0828910635963,83.66580643142954,82.8564672047348,83.4538345336914,9607400,0.1275,0.0,0.0,XLY
2021-06-22,83.5164776517176,84.57632995510265,83.45866979818955,84.23910522460938,6740400,0.0,0.0,0.0,XLY
2021-06-23,84.4028838531873,85.05806636206417,84.35952797084423,84.88945770263672,5317800,0.0,0.0,0.0,XLY
2021-06-24,85.53500379814497,85.72288664073285,85.00989628308477,85.17850494384766,7959000,0.0,0.0,0.0,XLY
2021-06-25,86.06492511356618,86.1131032165834,85.53500273510892,85.71806335449219,9949200,0.0,0.0,0.0,XLY
2021-06-28,85.7276981145474,85.81441722743142,85.28448751243528,85.73733520507812,5584200,0.0,0.0,0.0,XLY
2021-06-29,85.79033138229498,86.1275560540089,85.69879739619837,85.94931030273438,4629200,0.0,0.0,0.0,XLY
2021-06-30,85.85296797691493,86.40697945466007,85.85296797691493,86.01676177978516,5798600,0.0,0.0,0.0,XLY
2021-07-01,86.2287317938236,86.52260059883955,86.15646463465428,86.50332641601562,6210600,0.0,0.0,0.0,XLY
2021-07-02,86.71529924840735,87.27894781140836,86.63340234789749,87.26449584960938,5803400,0.0,0.0,0.0,XLY
2021-07-06,87.39455791101564,87.62098174692214,86.5755816762848,87.36565399169922,7792000,0.0,0.0,0.0,XLY
2021-07-07,87.60172134326193,87.81850812317353,86.70084807847851,87.31748962402344,6694200,0.0,0.0,0.0,XLY
2021-07-08,85.95894396156336,87.38974695980194,85.57836338990974,87.10070037841797,11283400,0.0,0.0,0.0,XLY
2021-07-09,87.47646021772205,87.97266379924473,87.37528914290209,87.91485595703125,5632800,0.0,0.0,0.0,XLY
2021-07-12,88.01601827305883,88.54112576728899,87.9485733412398,88.51704406738281,10814600,0.0,0.0,0.0,XLY
2021-07-13,88.34361238491073,88.48813198681155,87.3849240369402,87.45718383789062,12392400,0.0,0.0,0.0,XLY
2021-07-14,87.93894098473744,88.04011206338548,87.25003966913907,87.2982177734375,7484000,0.0,0.0,0.0,XLY
2021-07-15,87.14404576874493,87.53908560529499,86.21908358799958,86.82608795166016,6667600,0.0,0.0,0.0,XLY
2021-07-16,87.08624629078807,87.18741001897126,85.68916211989304,85.75660705566406,8424200,0.0,0.0,0.0,XLY
2021-07-19,84.3739719033509,84.7930934280137,83.71397458732866,84.7738265991211,16088400,0.0,0.0,0.0,XLY
2021-07-20,85.02433597765872,86.56593950866073,84.60520711931696,86.33951568603516,9838000,0.0,0.0,0.0,XLY
2021-07-21,86.65749285299587,87.18260040968114,86.63340379927835,87.1344223022461,8185400,0.0,0.0,0.0,XLY
2021-07-22,87.06214455007223,87.61134104729535,86.6237488559791,87.51016998291016,8061600,0.0,0.0,0.0,XLY
2021-07-23,87.80887487821364,88.43515349036784,87.60171784722525,88.2906265258789,7008600,0.0,0.0,0.0,XLY
2021-07-26,88.33878905708933,88.95543052062526,88.11236521568749,88.94580078125,6895000,0.0,0.0,0.0,XLY
2021-07-27,88.88799489760851,88.88799489760851,87.10070038052511,88.04492950439453,7359800,0.0,0.0,0.0,XLY
2021-07-28,87.9437643887936,88.2569000181059,87.34157483169551,87.76069641113281,5973800,0.0,0.0,0.0,XLY
2021-07-29,88.15573853461164,88.97471488293726,88.09792333701373,88.748291015625,7307400,0.0,0.0,0.0,XLY
2021-07-30,86.92244720458984,87.72697893376882,86.75865340683052,86.92244720458984,9327000,0.0,0.0,0.0,XLY
2021-08-02,87.63061329546251,87.86185935666046,87.08141676427297,87.1729507446289,7303000,0.0,0.0,0.0,XLY
2021-08-03,87.529457756403,87.84259338599054,86.7586521822613,87.8185043334961,8445800,0.0,0.0,0.0,XLY
2021-08-04,87.63060960717758,87.76549946172597,86.9657974243164,86.9657974243164,7913000,0.0,0.0,0.0,XLY
2021-08-05,87.23076910146132,87.86186254562602,87.16331681795418,87.79923248291016,5401200,0.0,0.0,0.0,XLY
2021-08-06,87.91967877639024,87.97267175352621,87.10551728718612,87.20186614990234,5822200,0.0,0.0,0.0,XLY
2021-08-09,87.2211329859123,87.29339278912589,86.86945635869552,87.0814208984375,5560600,0.0,0.0,0.0,XLY
2021-08-10,87.17777124869171,87.75104946789023,86.98506620148783,87.4234619140625,5201000,0.0,0.0,0.0,XLY
2021-08-11,87.61615717397737,87.8088622158227,87.29338449870036,87.67878723144531,5500600,0.0,0.0,0.0,XLY
2021-08-12,87.6209820842096,87.76068681175872,87.01397037244452,87.71733093261719,5229400,0.0,0.0,0.0,XLY
2021-08-13,87.77515580728485,87.82333391631224,87.28858925027656,87.46683502197266,4936400,0.0,0.0,0.0,XLY
2021-08-16,86.95617072872538,87.1296016125823,86.14200928370109,87.0621566772461,6657600,0.0,0.0,0.0,XLY
2021-08-17,85.9637553988482,85.9637553988482,84.2824396935679,84.99542999267578,11065200,0.0,0.0,0.0,XLY
2021-08-18,84.97136258555074,86.17574177016985,84.87019149962597,85.2989501953125,9998200,0.0,0.0,0.0,XLY
2021-08-19,84.56667953263094,85.36638901813704,84.24390681639703,84.75456237792969,11334600,0.0,0.0,0.0,XLY
2021-08-20,84.88946134722683,85.66508179654319,84.81237931912098,85.5687255859375,6618400,0.0,0.0,0.0,XLY
2021-08-23,86.02641334393334,86.86947890464951,85.9396942066237,86.67195892333984,6890200,0.0,0.0,0.0,XLY
2021-08-24,87.03806176870155,87.53426533477618,86.88390507728276,87.28375244140625,5791600,0.0,0.0,0.0,XLY
2021-08-25,87.28376252397904,87.73179539177869,87.11996872325528,87.6209945678711,7266600,0.0,0.0,0.0,XLY
2021-08-26,87.32229340431721,87.36565663555001,86.63339213660872,86.81163787841797,7394200,0.0,0.0,0.0,XLY
2021-08-27,87.00434776820788,87.755879138742,86.85982080827135,87.60171508789062,7964800,0.0,0.0,0.0,XLY
2021-08-30,87.85222692698267,88.56040240621012,87.7992339540151,88.26171875,7366600,0.0,0.0,0.0,XLY
2021-08-31,88.34361856744846,88.51704945281283,87.97748261448665,88.47368621826172,9555800,0.0,0.0,0.0,XLY
2021-09-01,88.77719283003843,88.94098662562322,88.40624200396377,88.4688720703125,8198400,0.0,0.0,0.0,XLY
2021-09-02,88.70492609741427,88.97952069199017,88.32916043055495,88.46405029296875,6715000,0.0,0.0,0.0,XLY
2021-09-03,88.23280342624139,88.43514556896957,87.85222289309213,88.41105651855469,6889600,0.0,0.0,0.0,XLY
2021-09-07,88.44960198058202,88.88317550608677,88.4110609681677,88.67120361328125,8750600,0.0,0.0,0.0,XLY
2021-09-08,88.64710926416792,88.98434126490386,88.04491976420522,88.77236938476562,7385600,0.0,0.0,0.0,XLY
2021-09-09,88.83982151516807,89.39383295965781,88.62303474780019,88.65675354003906,8714800,0.0,0.0,0.0,XLY
2021-09-10,89.12886190449619,89.21075879533353,88.07383206304137,88.11236572265625,9627200,0.0,0.0,0.0,XLY
2021-09-13,88.50742363459717,88.57968344980803,87.46202331917686,88.32917785644531,11534600,0.0,0.0,0.0,XLY
2021-09-14,88.49777868668872,88.61340173171037,87.66916524140105,88.0353012084961,8461800,0.0,0.0,0.0,XLY
2021-09-15,87.83295399770414,88.74827908437477,87.18740127611908,88.60375213623047,10294600,0.0,0.0,0.0,XLY
2021-09-16,88.42069289128298,89.23003947007456,88.25689909768771,89.00843048095703,12171400,0.0,0.0,0.0,XLY
2021-09-17,88.9024545710243,89.41311754257845,88.49297004079608,88.69530487060547,14925000,0.0,0.0,0.0,XLY
2021-09-20,87.01388426377747,87.46257997943019,85.5809409106555,86.67132568359375,16192000,0.1375,0.0,0.0,XLY
2021-09-21,87.1924066635666,87.5060107570166,86.52659244196892,86.80160522460938,12503600,0.0,0.0,0.0,XLY
2021-09-22,87.34195358196295,88.38891751403497,87.14413818636075,87.983642578125,12367400,0.0,0.0,0.0,XLY
2021-09-23,88.35997942204395,89.25737822188769,88.35997942204395,88.87622833251953,8275000,0.0,0.0,0.0,XLY
2021-09-24,88.30690089554572,89.28631903583435,88.20075640489884,89.20912170410156,8033000,0.0,0.0,0.0,XLY
2021-09-27,88.85211530985666,89.92802665642314,88.81833870950737,89.6867904663086,9488000,0.0,0.0,0.0,XLY
2021-09-28,89.15604760178233,89.29114661047217,87.48669766900188,87.95951843261719,14941800,0.0,0.0,0.0,XLY
2021-09-29,88.2586607327829,88.92930434608846,87.83409008398444,88.04637908935547,12192200,0.0,0.0,0.0,XLY
2021-09-30,88.06084434141273,88.12839016746543,86.57965087890625,86.57965087890625,16489600,0.0,0.0,0.0,XLY
2021-10-01,87.01869857294368,87.64108455956621,86.12129985975925,87.23098754882812,15519600,0.0,0.0,0.0,XLY
2021-10-04,87.4963696502301,87.752079424406,86.24676058249113,86.54106903076172,18494000,0.0,0.0,0.0,XLY
2021-10-05,86.84018492543062,87.68933345466482,86.63754745920231,86.888427734375,10968600,0.0,0.0,0.0,XLY
2021-10-06,86.34808029792535,87.26477485243274,85.99587753059701,87.16345977783203,10272600,0.0,0.0,0.0,XLY
2021-10-07,87.91609759000914,88.8520949713117,87.8244266808383,88.5191879272461,7537800,0.0,0.0,0.0,XLY
2021-10-08,88.55297400248234,88.6350007824592,88.03191033050228,88.11392974853516,7399600,0.0,0.0,0.0,XLY
2021-10-11,88.08015256934273,88.77491394333201,87.7520748993722,87.75689697265625,6637000,0.0,0.0,0.0,XLY
2021-10-12,88.29242815996884,88.80867703868044,88.05119201745526,88.45164489746094,10281800,0.0,0.0,0.0,XLY
2021-10-13,88.7218482987907,89.12712334316089,88.18630364660709,88.8858871459961,10832000,0.0,0.0,0.0,XLY
2021-10-14,89.40211304334704,89.96178264303741,89.30562006180037,89.8170394897461,7514600,0.0,0.0,0.0,XLY
2021-10-15,90.37672839897252,91.23069919815636,90.24162936161132,91.19210052490234,8717400,0.0,0.0,0.0,XLY
2021-10-18,90.99910684822788,92.36932650447076,90.9798111941998,92.30661010742188,7867000,0.0,0.0,0.0,XLY
2021-10-19,92.52372418814018,92.52372418814018,91.94958091641423,92.04607391357422,5808800,0.0,0.0,0.0,XLY
2021-10-20,92.0460690850576,92.38862767324105,91.819306504558,91.97852325439452,9606800,0.0,0.0,0.0,XLY
2021-10-21,91.82414113923276,93.3825247675993,91.81931170409116,93.32945251464844,7130200,0.0,0.0,0.0,XLY
2021-10-22,93.27154134893028,93.50794804598485,92.58642425746012,92.99652862548828,7376600,0.0,0.0,0.0,XLY
2021-10-25,93.8070826091734,95.70802458533063,93.4307548167501,95.30274963378906,11076800,0.0,0.0,0.0,XLY
2021-10-26,95.71768313306836,97.2712445901961,94.94090240450448,95.31723022460938,15031400,0.0,0.0,0.0,XLY
2021-10-27,95.75628835137586,96.43174669982848,95.50057859360852,95.52952575683594,9831000,0.0,0.0,0.0,XLY
2021-10-28,96.33041743595308,97.08307301675092,96.06023413637875,96.79841613769533,9001000,0.0,0.0,0.0,XLY
2021-10-29,95.69355514913924,97.10237339545668,95.4281939091606,97.04930114746094,8508400,0.0,0.0,0.0,XLY
2021-11-01,97.763375836219,98.84893863704264,97.17958104629854,98.8296356201172,11234200,0.0,0.0,0.0,XLY
2021-11-02,97.98046129746623,98.76206395381112,97.66684993097503,98.16380310058594,13558800,0.0,0.0,0.0,XLY
2021-11-03,98.13968893368803,99.99238073508585,98.0480180219308,99.92965698242188,12816400,0.0,0.0,0.0,XLY
2021-11-04,100.4121349068368,101.66656585893156,100.2866947564046,101.27576446533205,11600000,0.0,0.0,0.0,XLY
2021-11-05,101.91745698931476,102.62186246393262,101.8306081422582,101.9271011352539,9631200,0.0,0.0,0.0,XLY
2021-11-08,100.84152947840016,101.71481049690392,100.4459060335348,100.48450469970705,11715400,0.0,0.0,0.0,XLY
2021-11-09,100.84635909894732,100.97179924278136,98.34232676121846,98.62698364257812,33102200,0.0,0.0,0.0,XLY
2021-11-10,97.9852945758794,99.645000413887,97.01070586095634,98.26030731201172,22689600,0.0,0.0,0.0,XLY
2021-11-11,99.30727458836496,99.31692609572804,97.95152860060098,97.99494934082033,12413400,0.0,0.0,0.0,XLY
2021-11-12,98.0239056950226,98.44848371550496,97.39186809940514,98.32303619384766,10335000,0.0,0.0,0.0,XLY
2021-11-15,98.39540725115194,98.5835711636398,97.6765208357786,98.2410125732422,10612000,0.0,0.0,0.0,XLY
2021-11-16,98.36645729790844,100.01651172103765,98.34715428274583,99.7897491455078,11301200,0.0,0.0,0.0,XLY
2021-11-17,100.21432359891516,101.03452502774184,100.02133026381638,100.42660522460938,16547400,0.0,0.0,0.0,XLY
2021-11-18,100.94766742839094,101.73409955656,100.41695236728503,101.5652313232422,14804000,0.0,0.0,0.0,XLY
2021-11-19,101.56523618165194,102.27930045080936,101.35777663668158,102.00428771972656,14988800,0.0,0.0,0.0,XLY
2021-11-22,102.66044556837156,103.76048171801334,101.32882479826372,101.74857330322266,18430800,0.0,0.0,0.0,XLY
2021-11-23,101.84025179197464,102.3999214148856,99.62570574914696,101.0103988647461,22962800,0.0,0.0,0.0,XLY
2021-11-24,99.94413835718528,101.52664698121768,99.41342322121514,101.21786499023438,16341200,0.0,0.0,0.0,XLY
2021-11-26,99.54368488937274,99.88623608736384,98.29407608224162,98.45812225341795,15329200,0.0,0.0,0.0,XLY
2021-11-29,99.75115000492208,100.78364045293786,99.50026234259823,99.98756408691406,16767600,0.0,0.0,0.0,XLY
2021-11-30,99.7608115634558,100.39284917476836,98.11075698189306,98.63665008544922,26435400,0.0,0.0,0.0,XLY
2021-12-01,99.75115731169248,100.71610200152747,96.7887774083768,96.8563232421875,25941000,0.0,0.0,0.0,XLY
2021-12-02,97.37739820548246,98.69937513444462,96.76948567654344,98.23619842529295,33287800,0.0,0.0,0.0,XLY
2021-12-03,98.6028618928458,98.89234821849696,95.33652971258422,96.32559204101562,28543200,0.0,0.0,0.0,XLY
2021-12-06,96.71157171463926,98.3037317877622,95.36547722781886,97.42562866210938,23326000,0.0,0.0,0.0,XLY
2021-12-07,99.04674895953066,100.01652312862316,98.8055127760858,99.69808959960938,13875600,0.0,0.0,0.0,XLY
2021-12-08,99.77043960075964,100.11782023151984,99.16734925040411,99.94895935058594,11988000,0.0,0.0,0.0,XLY
2021-12-09,99.5436872362941,99.69807454217072,98.18311183342024,98.21688842773438,11757200,0.0,0.0,0.0,XLY
2021-12-10,98.6897038221705,98.9357620283776,97.50764823879288,98.90199279785156,14372800,0.0,0.0,0.0,XLY
2021-12-13,98.32784773384776,98.4918865348368,96.09882089392936,96.3545379638672,14995600,0.0,0.0,0.0,XLY
2021-12-14,95.28827871409332,96.06988147987578,94.733438516991,95.7948760986328,15371800,0.0,0.0,0.0,XLY
2021-12-15,95.45715773773853,97.0589621173247,94.17860158844512,97.0107192993164,19042200,0.0,0.0,0.0,XLY
2021-12-16,97.48352924411348,97.65721956580138,94.7430827643644,94.8685302734375,18368600,0.0,0.0,0.0,XLY
2021-12-17,94.07728719324518,95.35583598978155,93.43076864218266,94.2220230102539,23480400,0.0,0.0,0.0,XLY
2021-12-20,92.71542298891367,92.90869796474132,91.75869195155404,92.700927734375,22326800,0.146,0.0,0.0,XLY
2021-12-21,93.69145894772213,95.12654794309748,92.96666682371304,95.1023941040039,13530600,0.0,0.0,0.0,XLY
2021-12-22,95.41165105548492,96.93854106169194,95.2425299216833,96.83707427978516,11491000,0.0,0.0,0.0,XLY
2021-12-23,96.95786148537822,98.44126555200212,96.81290158401936,98.18034362792967,10588600,0.0,0.0,0.0,XLY
2021-12-27,98.3639852065384,99.43667105641732,98.32049206390606,99.13709259033205,8428000,0.0,0.0,0.0,XLY
2021-12-28,99.35935197519258,99.7072528311556,99.01145111922956,99.1805648803711,8306200,0.0,0.0,0.0,XLY
2021-12-29,99.42216313228704,99.6251040711621,98.75052262995015,99.37867736816406,7584600,0.0,0.0,0.0,XLY
2021-12-30,99.04043482537,99.89085498543822,98.93413138374058,99.02110290527344,7140200,0.0,0.0,0.0,XLY
2021-12-31,99.0984288632303,99.44632974101732,98.71670818028052,98.78435516357422,6885600,0.0,0.0,0.0,XLY
2022-01-03,100.64465657507812,101.63037824213797,100.06966087108997,101.62071228027344,14465400,0.0,0.0,0.0,XLY
2022-01-04,101.78983012839144,102.34550126357088,100.45137831292024,101.0022201538086,13169200,0.0,0.0,0.0,XLY
2022-01-05,100.86691729247156,101.1761616781142,98.22867036732676,98.27699279785156,17275600,0.0,0.0,0.0,XLY
2022-01-06,98.1417032497878,98.71186961616782,96.47468254332534,98.02090454101562,17245000,0.0,0.0,0.0,XLY
2022-01-07,98.16584044567809,98.41709638990672,96.073606436942,96.38768005371094,15005200,0.0,0.0,0.0,XLY
2022-01-10,95.12174029025628,95.84653257915708,93.05366688243022,95.79821014404295,21271400,0.0,0.0,0.0,XLY
2022-01-11,95.65807279424187,96.9143821925446,94.92361465186642,96.72109985351562,16887400,0.0,0.0,0.0,XLY
2022-01-12,97.4024029962834,97.8566072615065,96.52782163889164,97.35891723632812,13156800,0.0,0.0,0.0,XLY
2022-01-13,97.67783642284674,98.15137268653898,95.17006133322715,95.40199279785156,16493800,0.0,0.0,0.0,XLY
2022-01-14,94.64336980073706,95.39715256229736,93.59000860136896,94.95745086669922,20715200,0.0,0.0,0.0,XLY
2022-01-18,93.6141621724008,94.0635297924136,92.81688633742532,93.1599578857422,18186600,0.0,0.0,0.0,XLY
2022-01-19,93.56583694767993,93.87025201857064,91.40595569024072,91.47843933105467,17404400,0.0,0.0,0.0,XLY
2022-01-20,92.03894498633,93.18895098900605,89.65196145454074,89.81141662597656,18093800,0.0,0.0,0.0,XLY
2022-01-21,89.51184091177228,89.88873228366863,87.13935256262813,87.17800903320312,37394400,0.0,0.0,0.0,XLY
2022-01-24,85.37086386452741,88.3135261494846,83.13367668843318,88.22654724121094,53233800,0.0,0.0,0.0,XLY
2022-01-25,86.72380877010819,88.06708985020622,85.51582165685687,86.73347473144531,35890200,0.0,0.0,0.0,XLY
2022-01-26,88.56476957522784,89.35720873376383,85.2065672684128,86.3130874633789,43384000,0.0,0.0,0.0,XLY
2022-01-27,87.11520364992477,87.26016359181129,84.03725455375883,84.22087097167969,33723000,0.0,0.0,0.0,XLY
2022-01-28,84.5156140650288,86.0570068359375,82.8582518743668,86.0570068359375,31685800,0.0,0.0,0.0,XLY
2022-01-31,86.49187456062401,89.43452930549269,86.15363965425426,89.36688232421875,22194800,0.0,0.0,0.0,XLY
2022-02-01,89.54082540719166,90.07234262568709,88.11057295682332,89.9080581665039,22366000,0.0,0.0,0.0,XLY
2022-02-02,90.49756455607164,90.61353397990648,88.52129929422779,89.3717269897461,19294200,0.0,0.0,0.0,XLY
2022-02-03,87.28914946466702,88.67108707430275,86.45322441215401,86.6368408203125,19166600,0.0,0.0,0.0,XLY
2022-02-04,88.55511487355591,90.16415447525635,87.29880541864654,89.10111999511719,20021600,0.0,0.0,0.0,XLY
2022-02-07,89.41035671222926,90.40090746217116,88.58892708043611,88.9175033569336,18764600,0.0,0.0,0.0,XLY
2022-02-08,88.65657384892359,90.36225078783126,88.1975402945346,90.16897583007812,18318200,0.0,0.0,0.0,XLY
2022-02-09,91.29965485161016,91.88915309012694,90.98558118469748,91.36247253417967,16918800,0.0,0.0,0.0,XLY
2022-02-10,89.74860549383838,91.55092004721512,89.2122589668107,89.78726196289062,25946400,0.0,0.0,0.0,XLY
2022-02-11,89.87906754876018,90.21247316067036,86.81561410034226,87.20700073242188,25319200,0.0,0.0,0.0,XLY
2022-02-14,87.09586620762798,88.84986576161674,86.87359334657063,87.7046890258789,30854800,0.0,0.0,0.0,XLY
2022-02-15,89.09145516671332,89.74860035705457,88.90783879246634,89.66645812988281,20722400,0.0,0.0,0.0,XLY
2022-02-16,89.12527818308817,90.17381000018716,88.72422561974236,89.92255401611328,17397600,0.0,0.0,0.0,XLY
2022-02-17,89.3475632570759,89.77276971990027,87.39062260112571,87.51625061035156,18136400,0.0,0.0,0.0,XLY
2022-02-18,87.74818949296993,88.0284360234548,86.11015921309009,86.9750747680664,18990400,0.0,0.0,0.0,XLY
2022-02-22,85.75739773313178,86.59815920894441,83.42356632650166,84.43827819824219,27345600,0.0,0.0,0.0,XLY
2022-02-23,85.10027834057233,85.3225512253892,81.46665821836129,81.61644744873047,27134400,0.0,0.0,0.0,XLY
2022-02-24,78.26306208557317,83.61202466984204,78.03113064677537,83.4815673828125,41736000,0.0,0.0,0.0,XLY
2022-02-25,83.73283237780024,85.14859712334965,82.60699486463291,85.13410186767578,27338000,0.0,0.0,0.0,XLY
2022-02-28,84.2981566415961,86.10530023028383,84.14836008057968,85.73323822021484,32321800,0.0,0.0,0.0,XLY
2022-03-01,85.607616168202,85.86854547180305,83.84878750746924,84.43345642089844,26997600,0.0,0.0,0.0,XLY
2022-03-02,84.7378632708554,86.5836708054739,84.53009306168437,86.20677947998047,20262800,0.0,0.0,0.0,XLY
2022-03-03,86.64648918524358,86.79627838338688,83.84878735455509,84.25466918945312,22404000,0.0,0.0,0.0,XLY
2022-03-04,83.77632309641686,83.97926404295362,82.05615065846597,82.9162368774414,21659200,0.0,0.0,0.0,XLY
2022-03-07,83.11917299297392,83.30761867330304,78.81873477507618,78.8525619506836,32146200,0.0,0.0,0.0,XLY
2022-03-08,78.76076065152688,81.52463578692712,78.13744253832944,79.01685333251953,50888400,0.0,0.0,0.0,XLY
2022-03-09,81.118747117559,82.02231905352653,80.75151434300884,81.5584487915039,31938200,0.0,0.0,0.0,XLY
2022-03-10,81.53911859828114,82.40403400478846,80.84815360636883,82.1382827758789,25854800,0.0,0.0,0.0,XLY
2022-03-11,82.79059271645647,83.02253152186036,80.49541748703923,80.55823516845703,24156400,0.0,0.0,0.0,XLY
2022-03-14,80.4664232271644,81.11390243954618,78.72208983923319,79.21495056152344,30349200,0.0,0.0,0.0,XLY
2022-03-15,79.79478860189143,82.09962985148512,79.59667696531072,81.86769104003906,27120400,0.0,0.0,0.0,XLY
2022-03-16,82.81474554710285,84.66055297851562,82.0223064746085,84.66055297851562,33778800,0.0,0.0,0.0,XLY
2022-03-17,83.9164429296138,86.09564889861257,83.68934077593256,86.07149505615234,26085600,0.0,0.0,0.0,XLY
2022-03-18,85.82988336923815,87.98976443035961,85.41916489419212,87.88346099853516,30129200,0.0,0.0,0.0,XLY
2022-03-21,87.97493596741262,88.50726981467908,86.34407004742538,87.14740753173828,25648000,0.1395,0.0,0.0,XLY
2022-03-22,87.71844296178621,89.60095813293938,87.66037286820962,89.31060028076172,16421600,0.0,0.0,0.0,XLY
2022-03-23,88.57500330976677,89.69774088170519,88.01363452379756,88.2023696899414,15758000,0.0,0.0,0.0,XLY
2022-03-24,88.6040509973625,88.99120219411702,87.6119783632712,88.88957214355469,15134000,0.0,0.0,0.0,XLY
2022-03-25,89.0057372573868,89.18963577355068,87.92171516971516,88.73473358154297,16407800,0.0,0.0,0.0,XLY
2022-03-28,89.66870860110073,91.12536410512192,89.54772431720765,91.10116577148438,23065600,0.0,0.0,0.0,XLY
2022-03-29,92.3061846803332,93.00789214722931,91.48832962646904,92.68849182128906,19373400,0.0,0.0,0.0,XLY
2022-03-30,91.94806332616048,92.43200050156132,90.82532553476878,91.2802276611328,16296000,0.0,0.0,0.0,XLY
2022-03-31,91.26086962011428,91.26086962011428,89.44610528798736,89.52837371826172,16778000,0.0,0.0,0.0,XLY
2022-04-01,90.01714935282283,90.23976369768783,89.14606836374742,89.63967895507812,9978800,0.0,0.0,0.0,XLY
2022-04-04,89.67839049629723,91.68188996643204,89.07831316687675,91.6528549194336,15424200,0.0,0.0,0.0,XLY
2022-04-05,91.18828024476376,91.65769990505868,89.24285807733672,89.50418090820312,16219800,0.0,0.0,0.0,XLY
2022-04-06,88.28949798008772,88.28949798008772,86.41181940806608,87.2199935913086,27844800,0.0,0.0,0.0,XLY
2022-04-07,87.03124288508731,88.13946293591273,85.85527932257948,87.66519927978516,22538400,0.0,0.0,0.0,XLY
2022-04-08,87.12803638329501,87.90233873387915,86.57151164551513,86.8570327758789,18595000,0.0,0.0,0.0,XLY
2022-04-11,85.55041195356665,86.88607587867043,85.15358731570846,85.24552917480469,18593800,0.0,0.0,0.0,XLY
2022-04-12,86.43601862770036,87.3361420634234,85.09551059301552,85.43426513671875,23297400,0.0,0.0,0.0,XLY
2022-04-13,85.26004484039892,87.7087730594821,85.17293969653453,87.55874633789062,16820200,0.0,0.0,0.0,XLY
2022-04-14,87.3941968774521,87.8781339650521,86.27146667405297,86.3343734741211,17839400,0.0,0.0,0.0,XLY
2022-04-18,86.04885943748384,87.09416540484966,85.71010492517858,86.59571075439453,15385600,0.0,0.0,0.0,XLY
2022-04-19,86.64409999190926,89.23316657576193,86.57151237655788,89.10734558105469,17470000,0.0,0.0,0.0,XLY
2022-04-20,89.28158025608285,89.51870476761455,87.82008778604535,87.9604263305664,13876600,0.0,0.0,0.0,XLY
2022-04-21,90.36559127168148,90.92212348215592,86.83284823547584,87.10869598388672,23446600,0.0,0.0,0.0,XLY
2022-04-22,86.91994918250951,87.2441861771045,84.9987181642734,85.08583068847656,22307400,0.0,0.0,0.0,XLY
2022-04-25,84.34056204663422,85.77301919408646,83.83727068278561,85.70042419433594,25809600,0.0,0.0,0.0,XLY
2022-04-26,85.06645735823862,85.19712243440966,81.33046259656476,81.36434173583984,29196600,0.0,0.0,0.0,XLY
2022-04-27,81.88216656529173,83.10652699787342,80.86590295279244,81.37403106689453,25103000,0.0,0.0,0.0,XLY
2022-04-28,82.48708509978204,83.88082644392814,80.43035222826121,83.04361724853516,13985600,0.0,0.0,0.0,XLY
2022-04-29,81.23370533684263,81.95961119626241,78.66883649003344,78.82369995117188,18836600,0.0,0.0,0.0,XLY
2022-05-02,78.5817146750521,80.03352608616328,77.49769282974299,79.97544860839844,33548200,0.0,0.0,0.0,XLY
2022-05-03,79.93673132841906,80.2900107488598,79.08984135367913,79.77703857421875,24068800,0.0,0.0,0.0,XLY
2022-05-04,79.65121088289746,82.20156163931777,78.33974538874831,82.11929321289062,18696600,0.0,0.0,0.0,XLY
2022-05-05,81.02075943657303,81.0739928201989,76.5975740351979,77.51705169677734,22776800,0.0,0.0,0.0,XLY
2022-05-06,77.08635610114682,77.84614107683413,75.18932309528589,76.53466796875,25545400,0.0,0.0,0.0,XLY
2022-05-09,74.86507631968364,75.9103823455701,72.86642089304222,73.2729263305664,22095400,0.0,0.0,0.0,XLY
2022-05-10,74.81669938964515,75.25707666087044,72.0292161936378,73.05516815185547,25447000,0.0,0.0,0.0,XLY
2022-05-11,72.89061513939609,73.63103842847339,70.23864148058136,70.43705749511719,25713600,0.0,0.0,0.0,XLY
2022-05-12,69.20784091871406,72.58572714001296,68.73358463581279,70.92098236083984,23601200,0.0,0.0,0.0,XLY
2022-05-13,72.5276658232932,74.05690914799366,71.97114099684059,73.71331787109375,12573400,0.0,0.0,0.0,XLY
2022-05-16,73.4181024547683,73.47133583241958,71.94209278743209,72.12114715576172,11730200,0.0,0.0,0.0,XLY
2022-05-17,73.55845822208485,73.97464453108165,72.0824482085325,73.94076538085938,11210000,0.0,0.0,0.0,XLY
2022-05-18,71.92757049031353,71.92757049031353,68.57872678623038,69.10621643066406,14761600,0.0,0.0,0.0,XLY
2022-05-19,68.67550909335289,70.30153788988008,68.25932293161398,69.15460205078125,15413800,0.0,0.0,0.0,XLY
2022-05-20,69.72081935172282,69.81760529182422,65.97514365701826,67.9496078491211,15624600,0.0,0.0,0.0,XLY
2022-05-23,68.22061656535524,68.6368027849532,66.70105430018023,68.45774841308594,13607000,0.0,0.0,0.0,XLY
2022-05-24,67.33501358501047,67.51406796442325,65.81545125579983,66.69622039794922,14872000,0.0,0.0,0.0,XLY
2022-05-25,66.265509029045,69.1642951556983,66.23163726908169,68.5787353515625,12955000,0.0,0.0,0.0,XLY
2022-05-26,69.54176894395961,72.44539192603972,69.49337965816866,71.94210052490234,16046000,0.0,0.0,0.0,XLY
2022-05-27,72.7454488781316,74.42954839222882,72.7454488781316,74.41018676757812,15248800,0.0,0.0,0.0,XLY
2022-05-31,74.48761236330077,75.53775519308469,73.35036438265068,74.78765106201172,14145400,0.0,0.0,0.0,XLY
2022-06-01,75.1893223849405,75.7071387470653,73.53425800338611,74.00851440429688,12232800,0.0,0.0,0.0,XLY
2022-06-02,74.08108868935598,76.3168756238145,73.77620596764116,76.27332305908203,11625600,0.0,0.0,0.0,XLY
2022-06-03,74.7150459068453,75.25221636404399,73.79072430660625,74.04237365722656,10714200,0.0,0.0,0.0,XLY
2022-06-06,75.35868509214657,75.74099214845218,74.3278967158923,74.78279876708984,10234800,0.0,0.0,0.0,XLY
2022-06-07,73.25839941202415,74.81667744032838,72.83736912030737,74.5988998413086,9637200,0.0,0.0,0.0,XLY
2022-06-08,74.21660128372785,75.24738977154048,73.96495189926337,74.15853118896484,8810200,0.0,0.0,0.0,XLY
2022-06-09,74.2020920028982,75.00058543177101,72.8131945973659,72.81803131103516,7728400,0.0,0.0,0.0,XLY
2022-06-10,71.3129762123197,71.76303420153609,69.6966279603742,69.91439819335938,13439000,0.0,0.0,0.0,XLY
2022-06-13,67.48503201551793,68.21093771819677,66.18323994056004,66.68653869628906,20171800,0.0,0.0,0.0,XLY
2022-06-14,67.0252963268087,67.51891429515749,66.04290448763591,66.63330841064453,13355400,0.0,0.0,0.0,XLY
2022-06-15,67.10271193736938,69.27558452745714,66.98656438907982,68.5061264038086,18120800,0.0,0.0,0.0,XLY
2022-06-16,66.57039043770573,66.6478221507555,64.3829925419646,65.15245819091797,24019400,0.0,0.0,0.0,XLY
2022-06-17,65.16213863292676,66.43489578515398,64.9298508530613,65.86385345458984,22390000,0.0,0.0,0.0,XLY
2022-06-21,67.16574430267976,68.50449698332339,67.04448023156225,67.74781036376953,12856600,0.157,0.0,0.0,XLY
2022-06-22,66.78737945487059,68.98953101959694,66.78737945487059,67.6168212890625,12021800,0.0,0.0,0.0,XLY
2022-06-23,68.09705681809301,68.86344669578935,67.16574956707991,68.67912292480469,11777400,0.0,0.0,0.0,XLY
2022-06-24,69.16903444011774,71.32267829147351,68.8440401913471,71.29843139648438,13404600,0.0,0.0,0.0,XLY
2022-06-27,71.6476616052277,72.01630168899055,70.32345272000374,70.55142974853516,14574200,0.0,0.0,0.0,XLY
2022-06-28,70.716354378424,71.55550710235366,67.70900681324137,67.73326110839844,11367800,0.0,0.0,0.0,XLY
2022-06-29,67.69930751871863,68.1455584013413,66.95231671415463,67.67990112304688,11919200,0.0,0.0,0.0,XLY
2022-06-30,66.79709988343186,67.52468426321722,65.36617801542378,66.68553161621094,12569200,0.0,0.0,0.0,XLY
2022-07-01,66.79225603264418,68.00004897460494,66.535176766498,67.91273498535156,11335400,0.0,0.0,0.0,XLY
2022-07-05,66.9377797662316,69.47462253571234,66.46727449025768,69.43096923828125,11515800,0.0,0.0,0.0,XLY
2022-07-06,69.30968537630889,69.92085357014824,68.41718367697725,69.20297241210938,15889800,0.0,0.0,0.0,XLY
2022-07-07,69.38244878847033,71.12380650273128,69.37275299161269,70.98799133300781,8559000,0.0,0.0,0.0,XLY
2022-07-08,70.40105598601711,71.52153461447244,70.07606922288632,70.99767303466797,6196600,0.0,0.0,0.0,XLY
2022-07-11,70.54658653498883,70.74060608640606,68.88283964616883,69.0526123046875,7615200,0.0,0.0,0.0,XLY
2022-07-12,69.05260089838337,70.13427415153492,68.19404935236862,68.63545227050781,14874400,0.0,0.0,0.0,XLY
2022-07-13,67.27730912025189,69.80930366574843,67.00567876924217,69.19813537597656,14236200,0.0,0.0,0.0,XLY
2022-07-14,68.43657782367332,69.25632398998913,67.60228056339442,69.13990783691406,10515200,0.0,0.0,0.0,XLY
2022-07-15,70.00816294042737,70.5756778119882,69.57646321412707,70.25553894042969,7519600,0.0,0.0,0.0,XLY
2022-07-18,71.21595290179555,72.06480122873324,70.18762875280227,70.45925903320312,8042600,0.0,0.0,0.0,XLY
2022-07-19,71.49244090267378,72.72933582929278,70.8861205858381,72.6177749633789,8840000,0.0,0.0,0.0,XLY
2022-07-20,72.75842600128973,73.95166744431361,72.57410228698146,73.81099700927734,9340400,0.0,0.0,0.0,XLY
2022-07-21,74.07778932340773,75.5475091337066,73.65579276442215,75.4990005493164,10763200,0.0,0.0,0.0,XLY
2022-07-22,75.97922567956101,76.54189281679257,74.60166743437132,75.06246948242188,7794600,0.0,0.0,0.0,XLY
2022-07-25,75.12552865593557,75.16433405148017,73.96138899371496,74.41734313964844,9123400,0.0,0.0,0.0,XLY
2022-07-26,72.7196154470029,73.04945747012738,71.89017359435017,72.02113342285156,8196400,0.0,0.0,0.0,XLY
2022-07-27,73.11253239653584,75.1352162342745,72.76329127621261,74.74717712402344,10402600,0.0,0.0,0.0,XLY
2022-07-28,75.18372141763544,76.158681850235,74.00503824097201,76.0325698852539,11074600,0.0,0.0,0.0,XLY
2022-07-29,77.76905665700895,79.29698063260437,77.24519510502401,78.98169708251953,13605400,0.0,0.0,0.0,XLY
2022-08-01,78.9962524012017,80.51448066359269,78.60820596400688,79.37459564208984,17921800,0.0,0.0,0.0,XLY
2022-08-02,78.87984578915078,80.21860578931044,78.5694100821257,78.83134460449219,13815400,0.0,0.0,0.0,XLY
2022-08-03,79.69474761913055,81.12081425464783,79.38915979684216,80.75216674804688,12027600,0.0,0.0,0.0,XLY
2022-08-04,80.95104109573728,81.42154627260363,80.48538381710668,81.0820083618164,9827600,0.0,0.0,0.0,XLY
2022-08-05,80.17494565092274,80.87828314631884,79.28729921173795,79.69959259033203,8788200,0.0,0.0,0.0,XLY
2022-08-08,80.52904552706623,81.77078841731968,79.75295251997211,80.05854034423828,7294000,0.0,0.0,0.0,XLY
2022-08-09,79.57346557491113,79.83054475098295,78.3171718803157,78.78282165527344,6639400,0.0,0.0,0.0,XLY
2022-08-10,81.08199003491896,81.3439171065027,80.102174512653,81.00437927246094,7246800,0.0,0.0,0.0,XLY
2022-08-11,81.71742849421392,82.09577178388521,80.33987049585328,80.59209442138672,7822000,0.0,0.0,0.0,XLY
2022-08-12,81.17415848928387,82.44015547449315,80.47567637311734,82.41590118408203,5897800,0.0,0.0,0.0,XLY
2022-08-15,82.2073283914386,83.2453484352031,82.10547072715853,82.9834213256836,7714800,0.0,0.0,0.0,XLY
2022-08-16,83.11438827491887,84.76842440022438,82.86700485983717,83.90017700195312,7224600,0.0,0.0,0.0,XLY
2022-08-17,82.97857921635668,83.86137777430716,82.45471755940277,82.99797821044922,7495400,0.0,0.0,0.0,XLY
2022-08-18,82.90095363987065,83.16288072090938,82.44015174836788,82.97370910644531,5669000,0.0,0.0,0.0,XLY
2022-08-19,82.24613822462527,82.35285119388728,80.98984428811578,81.261474609375,7149600,0.0,0.0,0.0,XLY
2022-08-22,80.02942746540214,80.02942746540214,78.83618592156819,79.0059585571289,8369400,0.0,0.0,0.0,XLY
2022-08-23,79.0690107614477,79.81600147560322,78.8119315601965,79.22908020019531,8787000,0.0,0.0,0.0,XLY
2022-08-24,79.06901904328342,80.36411838185198,78.87499949795429,79.5686264038086,6664000,0.0,0.0,0.0,XLY
2022-08-25,80.06337126646001,80.61633501132229,79.46190634479534,80.51932525634766,6090000,0.0,0.0,0.0,XLY
2022-08-26,80.66484275560606,80.93162513005579,77.4343668788942,77.45376586914062,7893800,0.0,0.0,0.0,XLY
2022-08-29,76.37696392259097,77.68661437803478,76.37696392259097,77.04148864746094,7051400,0.0,0.0,0.0,XLY
2022-08-30,77.69144737748661,77.86606789815048,75.41653271155484,76.18292236328125,7334400,0.0,0.0,0.0,XLY
2022-08-31,76.57582430207309,76.80865662036665,75.41169231608795,75.43109130859375,8862800,0.0,0.0,0.0,XLY
2022-09-01,74.93634202511204,76.18293272722309,74.17964806504787,76.119873046875,11943800,0.0,0.0,0.0,XLY
2022-09-02,76.88141868363043,77.216108693665,74.98970219391927,75.42140197753906,16482600,0.0,0.0,0.0,XLY
2022-09-06,75.75122286781455,75.93069128627322,74.14084019626151,75.26616668701172,17922000,0.0,0.0,0.0,XLY
2022-09-07,75.18371895814704,77.68175569201449,75.18371895814704,77.57504272460938,12633200,0.0,0.0,0.0,XLY
2022-09-08,76.77954690971507,78.3559796473519,76.53701879623247,78.29777526855469,9391400,0.0,0.0,0.0,XLY
2022-09-09,78.67127551439535,79.91301834821192,78.67127551439535,79.78205108642578,8950800,0.0,0.0,0.0,XLY
2022-09-12,80.22343495227788,81.09653748731323,80.22343495227788,80.81035614013672,8791600,0.0,0.0,0.0,XLY
2022-09-13,78.23471396280729,78.61791251890426,76.43031164530142,76.64373016357422,13350800,0.0,0.0,0.0,XLY
2022-09-14,76.91052905681576,77.95340458756223,76.52248251982573,77.62841033935547,14924800,0.0,0.0,0.0,XLY
2022-09-15,77.52653644539777,78.79253347425856,76.85230859639499,77.23065185546875,11364000,0.0,0.0,0.0,XLY
2022-09-16,76.06651876855122,76.74074660762005,75.518402880192,76.60977935791016,17364200,0.0,0.0,0.0,XLY
2022-09-19,75.95359486732815,77.70831477945163,75.90499212588577,77.69373321533203,10028600,0.165,0.0,0.0,XLY
2022-09-20,76.89170744953185,77.183346110592,75.73485406845008,76.37647247314453,9142000,0.0,0.0,0.0,XLY
2022-09-21,76.59034372435949,77.30000446042187,74.55370151914023,74.56828308105469,10222400,0.0,0.0,0.0,XLY
2022-09-22,74.18914290148379,74.45647646409462,72.47331000165264,72.84757995605469,11338800,0.0,0.0,0.0,XLY
2022-09-23,71.88030719902888,71.99695969566162,70.26168705643947,71.17063903808594,11213000,0.0,0.0,0.0,XLY
2022-09-26,70.87900458097023,72.55595107127657,70.86928106671856,71.01023864746094,12839600,0.0,0.0,0.0,XLY
2022-09-27,72.05528823432098,72.78439595387287,70.46583132897501,71.23382568359375,14563400,0.0,0.0,0.0,XLY
2022-09-28,71.53519784478684,73.54267708694034,71.17550198273382,73.15867614746094,13861400,0.0,0.0,0.0,XLY
2022-09-29,72.00182199636237,72.09903487823962,69.95059829622222,70.63109588623047,12313600,0.0,0.0,0.0,XLY
2022-09-30,69.80478142757757,71.22896844413671,69.0367869842714,69.24093627929688,12232400,0.0,0.0,0.0,XLY
2022-10-03,69.17774879064133,69.9506012469377,68.14727143204509,69.3089828491211,17291600,0.0,0.0,0.0,XLY
2022-10-04,71.02967728117478,72.42955907637192,70.82552800722661,71.72962188720703,19663800,0.0,0.0,0.0,XLY
2022-10-05,70.59222113825064,71.7782377807407,69.8388081973047,71.30674743652344,12541200,0.0,0.0,0.0,XLY
2022-10-06,71.15606177776628,71.85600646734925,70.49500372836773,70.80123138427734,14429000,0.0,0.0,0.0,XLY
2022-10-07,69.75131272783764,69.90685928495807,67.96742987074569,68.36600494384766,11195400,0.0,0.0,0.0,XLY
2022-10-10,68.46808135383438,68.66250712784304,67.27234133476426,67.94312286376953,9728400,0.0,0.0,0.0,XLY
2022-10-11,67.60773078468851,68.76458414308922,66.94181473394578,67.38899993896484,12003400,0.0,0.0,0.0,XLY
2022-10-12,67.39386722640462,68.08409586413461,66.8494690616394,67.56399536132812,19440000,0.0,0.0,0.0,XLY
2022-10-13,65.54191901823893,68.68680412334234,64.91488966648842,68.30281066894531,19564200,0.0,0.0,0.0,XLY
2022-10-14,68.9833131131039,69.34300893680019,65.6440020197492,65.75093841552734,13421400,0.0,0.0,0.0,XLY
2022-10-17,67.1556893659779,68.60418141929304,67.12652624133372,68.41947174072266,13131000,0.0,0.0,0.0,XLY
2022-10-18,70.55333968385692,70.75749642712113,68.68682519950099,69.36246490478516,10368000,0.0,0.0,0.0,XLY
2022-10-19,68.79861271796884,69.24580538797322,67.860497521219,68.58474731445312,7144800,0.0,0.0,0.0,XLY
2022-10-20,67.65146842954329,68.91525805509924,67.03416259403838,67.25775146484375,10195200,0.0,0.0,0.0,XLY
2022-10-21,67.17998678575024,69.27981310636494,66.81056747071156,69.21662139892578,15575800,0.0,0.0,0.0,XLY
2022-10-24,68.90067862872164,69.79991443824194,67.67091755060247,69.50341033935547,9081200,0.0,0.0,0.0,XLY
2022-10-25,69.53742880943273,71.43797128069338,69.53742880943273,71.24354553222656,7455000,0.0,0.0,0.0,XLY
2022-10-26,70.38319471270678,72.09416944251824,70.18876155200849,70.66997528076172,6864600,0.0,0.0,0.0,XLY
2022-10-27,71.01508695329929,71.46713012905208,70.14987981566938,70.39777374267578,12722200,0.0,0.0,0.0,XLY
2022-10-28,68.50697223405328,70.55819616939108,68.01603488644993,70.46098327636719,14082600,0.0,0.0,0.0,XLY
2022-10-31,70.08669202803505,70.53873522903503,69.41591058978541,70.00891876220703,9367400,0.0,0.0,0.0,XLY
2022-11-01,71.19979034296564,71.40393959505163,69.16314845283652,69.29925537109375,12514600,0.0,0.0,0.0,XLY
2022-11-02,69.23121390290864,69.63465445097042,66.65989693618744,66.67933654785156,19853200,0.0,0.0,0.0,XLY
2022-11-03,66.20298843805969,67.04389071202732,65.84329999438651,66.28076171875,11117400,0.0,0.0,0.0,XLY
2022-11-04,67.85074987400493,68.51667317641815,65.57593777580864,66.8348617553711,12628800,0.0,0.0,0.0,XLY
2022-11-07,67.23831303251839,67.296639275163,65.71690592402365,66.36824035644531,7424600,0.0,0.0,0.0,XLY
2022-11-08,66.44601595018554,66.99527947720358,65.28917006833075,66.2029800415039,9535600,0.0,0.0,0.0,XLY
2022-11-09,65.85301180352926,66.15923944076339,64.11287369995846,64.18092346191406,10155400,0.0,0.0,0.0,XLY
2022-11-10,67.39873136338197,68.9493019094552,66.68906312670387,68.87152862548828,15516000,0.0,0.0,0.0,XLY
2022-11-11,68.97359938009204,70.91302892376507,68.76459202398641,70.524169921875,11350400,0.0,0.0,0.0,XLY
2022-11-14,69.91171547456969,70.52902880431621,69.33328878306926,69.40619659423828,15841000,0.0,0.0,0.0,XLY
2022-11-15,71.05397157990697,71.43311440430847,69.57631658347341,70.35403442382812,8739400,0.0,0.0,0.0,XLY
2022-11-16,69.06110004956507,69.85339966135034,68.774319393633,69.27983093261719,9573600,0.0,0.0,0.0,XLY
2022-11-17,68.2785068527581,68.73055007006097,67.79729309706755,68.43891143798828,7565000,0.0,0.0,0.0,XLY
2022-11-18,69.32356496121479,69.34787003711907,67.73897339828456,68.5312728881836,7414000,0.0,0.0,0.0,XLY
2022-11-21,68.14727027912481,68.34170346465909,67.17512660205637,67.53968048095703,6752800,0.0,0.0,0.0,XLY
2022-11-22,67.80701536162145,68.33683183780397,67.34038317528129,68.30281066894531,5520800,0.0,0.0,0.0,XLY
2022-11-23,68.54585382059754,69.4353661890736,68.4048888317685,69.28954315185547,6177000,0.0,0.0,0.0,XLY
2022-11-25,69.32357233935639,69.5228635993672,68.9638838784154,69.32843780517578,2728400,0.0,0.0,0.0,XLY
2022-11-28,68.95415637422619,69.67354067135602,68.75000707707589,68.90068817138672,6041000,0.0,0.0,0.0,XLY
2022-11-29,68.96386833060781,69.21662032270035,68.41946287924375,68.68194580078125,10423000,0.0,0.0,0.0,XLY
2022-11-30,68.71597916855099,71.07343074871311,68.27365939543118,71.04912567138672,16408600,0.0,0.0,0.0,XLY
2022-12-01,71.31158934335403,71.60809340602118,70.49984299813882,71.03938293457031,9654000,0.0,0.0,0.0,XLY
2022-12-02,70.0380850479565,71.16090973795072,70.02350348706311,70.9470443725586,11972400,0.0,0.0,0.0,XLY
2022-12-05,70.00407340260045,70.22280426262805,68.71597848578341,68.90068817138672,11580000,0.0,0.0,0.0,XLY
2022-12-06,68.70139259383889,68.99789671510729,67.23831901468671,67.82646179199219,7899800,0.0,0.0,0.0,XLY
2022-12-07,67.36469891170177,68.13755140757435,67.15569156698967,67.41816711425781,10852600,0.0,0.0,0.0,XLY
2022-12-08,67.52995612407582,68.32712104950905,67.20915435146918,68.06949615478516,6407000,0.0,0.0,0.0,XLY
2022-12-09,67.65633488077263,68.44863428643778,67.54939849165707,67.77298736572266,7218400,0.0,0.0,0.0,XLY
2022-12-12,67.63203717523494,67.94312286376953,67.18971000996719,67.94312286376953,6545600,0.0,0.0,0.0,XLY
2022-12-13,70.19849595986226,70.63596507668355,67.20915703748877,67.94312286376953,10744000,0.0,0.0,0.0,XLY
2022-12-14,67.80216834626707,68.3611480343884,66.67933608762256,67.43761444091797,10903800,0.0,0.0,0.0,XLY
2022-12-15,66.39253761565892,66.71334674618025,65.83841612515218,66.32935333251953,11947800,0.0,0.0,0.0,XLY
2022-12-16,65.95022371392565,66.20784861273306,64.74963309222845,65.08988189697266,13371800,0.0,0.0,0.0,XLY
2022-12-19,65.07819303560147,65.21466557923345,63.79144659764584,64.04489135742188,8675800,0.183,0.0,0.0,XLY
2022-12-20,63.65007999828512,64.18134851846384,63.21141941848864,63.29914855957031,7710200,0.0,0.0,0.0,XLY
2022-12-21,64.06925195197582,64.66388540504256,63.82554996095484,64.3080825805664,10670200,0.0,0.0,0.0,XLY
2022-12-22,63.58185695824404,63.62572153790208,61.71997363238075,62.655792236328125,12894200,0.0,0.0,0.0,XLY
2022-12-23,62.49007544951934,63.26016729055991,62.06602887600988,63.08470153808594,6550800,0.0,0.0,0.0,XLY
2022-12-27,62.79225170672273,62.90923133199291,62.0221525740473,62.0611457824707,8536000,0.0,0.0,0.0,XLY
2022-12-28,62.09038453192133,62.69476806486063,61.41289338649457,61.53961944580078,10073800,0.0,0.0,0.0,XLY
2022-12-29,62.42183602166227,63.26504288858495,62.178130294585735,63.12369155883789,7492200,0.0,0.0,0.0,XLY
2022-12-30,62.499812526729634,62.9677236367681,62.23174255922138,62.953102111816406,7531000,0.0,0.0,0.0,XLY
2023-01-03,63.32839579576415,63.50874032635191,61.817447914254096,62.57779693603515,9567000,0.0,0.0,0.0,XLY
2023-01-04,63.16268655480442,63.952286141847694,62.368219323441984,63.484375,8079600,0.0,0.0,0.0,XLY
2023-01-05,63.04082640469437,63.31377143235724,62.470564663928535,62.89460372924805,7776200,0.0,0.0,0.0,XLY
2023-01-06,62.71915300169597,64.62003336259178,62.27561722569868,64.3714599609375,9239400,0.0,0.0,0.0,XLY
2023-01-09,65.15129248949167,65.81416223412137,64.71263185964337,64.76136779785156,9387800,0.0,0.0,0.0,XLY
2023-01-10,64.79549068305974,65.58508280427691,64.44455919869766,65.57533264160156,8830800,0.0,0.0,0.0,XLY
2023-01-11,66.1358597345586,67.34949111430713,66.0773736258081,67.34461975097656,12708000,0.0,0.0,0.0,XLY
2023-01-12,67.76377771619832,67.8417641413451,66.37467333740148,67.45671081542969,9572200,0.0,0.0,0.0,XLY
2023-01-13,66.41366865287365,68.153704562732,66.321068136924,68.09033966064453,7969400,0.0,0.0,0.0,XLY
2023-01-17,68.29017791939357,68.6849739878375,67.94411779090356,68.13908386230469,7499800,0.0,0.0,0.0,XLY
2023-01-18,68.8311826612642,69.22597864928866,67.22274822651805,67.25199127197266,9596800,0.0,0.0,0.0,XLY
2023-01-19,66.75971011234834,66.96929021112732,65.79465251129595,66.13583374023438,12957200,0.0,0.0,0.0,XLY
2023-01-20,66.28206963677482,67.77839598169423,65.95550986402169,67.7394027709961,7502600,0.0,0.0,0.0,XLY
2023-01-23,67.91975209183568,69.05539689581244,67.5249485946117,68.79707336425781,9168000,0.0,0.0,0.0,XLY
2023-01-24,68.55826433176064,69.04566844484775,68.11472480392419,68.71910858154297,6373000,0.0,0.0,0.0,XLY
2023-01-25,67.67605435180322,69.16263073333687,67.16427861916591,69.07003021240234,7540400,0.0,0.0,0.0,XLY
2023-01-26,70.29340273513124,70.68819876979201,69.59641117495676,70.48348999023438,9641200,0.0,0.0,0.0,XLY
2023-01-27,70.54197780609077,72.63781646288349,70.52735628128016,72.0821762084961,10945200,0.0,0.0,0.0,XLY
2023-01-30,71.5411614357985,72.01394393001006,70.7954338804329,70.85391998291016,9578400,0.0,0.0,0.0,XLY
2023-01-31,70.93190467472479,72.47697448730469,70.93190467472479,72.47697448730469,6975600,0.0,0.0,0.0,XLY
2023-02-01,72.28690052167742,74.43148301333353,71.54117284736049,73.85147094726562,13913800,0.0,0.0,0.0,XLY
2023-02-02,75.4550158134947,77.02445736674882,75.10896312106384,76.1130142211914,14039600,0.0,0.0,0.0,XLY
2023-02-03,73.83195792836888,75.52325045123871,73.44203322988797,73.76860046386719,13593800,0.0,0.0,0.0,XLY
2023-02-06,73.49075972442017,74.10976476217077,73.04722038881961,73.6613540649414,8770000,0.0,0.0,0.0,XLY
2023-02-07,73.33967959932244,74.01717085374561,71.97007556562626,73.83195495605469,9833200,0.0,0.0,0.0,XLY
2023-02-08,73.58826248561894,73.76860704410537,72.69631216833427,73.20321655273438,11128000,0.0,0.0,0.0,XLY
2023-02-09,74.1780148220925,74.66541881468164,72.70605268205878,73.06673431396484,8316200,0.0,0.0,0.0,XLY
2023-02-10,72.42823055135752,72.77428319392652,71.6240095648069,72.20889282226562,6433000,0.0,0.0,0.0,XLY
2023-02-13,72.2040264837565,73.30068545674015,71.71662249576376,73.26657104492188,6721400,0.0,0.0,0.0,XLY
2023-02-14,72.74991471329679,74.3437277957618,72.29663258588805,74.14389038085938,8722600,0.0,0.0,0.0,XLY
2023-02-15,73.93430086603631,75.02608087302283,73.64673434185279,75.01145935058594,6820200,0.0,0.0,0.0,XLY
2023-02-16,73.86120623353358,74.90912940007215,73.35918065857999,73.3738021850586,11257600,0.0,0.0,0.0,XLY
2023-02-17,72.95462342740927,73.42253451589836,72.155281205686,73.38842010498047,7480200,0.0,0.0,0.0,XLY
2023-02-21,72.29176517584902,72.48672380185025,70.91728231979735,70.93677520751953,8837200,0.0,0.0,0.0,XLY
2023-02-22,71.09761741379738,71.76536593525213,70.78080779618944,71.29745483398438,9928400,0.0,0.0,0.0,XLY
2023-02-23,71.54603500959216,71.6386429661731,70.03508696374075,71.23897552490234,10568600,0.0,0.0,0.0,XLY
2023-02-24,69.91809776872434,70.2544076968194,69.54279463069999,70.11793518066406,11914600,0.0,0.0,0.0,XLY
2023-02-27,70.91241178287667,71.51678799283481,70.69307402957773,70.98551940917969,11244400,0.0,0.0,0.0,XLY
2023-02-28,70.94165400734622,71.45830105972485,70.65895879360805,70.93677520751953,11185000,0.0,0.0,0.0,XLY
2023-03-01,70.68334375387819,70.91729563644947,69.63542049005964,70.04484558105469,12688800,0.0,0.0,0.0,XLY
2023-03-02,68.92380349960439,69.91810441716815,68.73858759412686,69.81087493896484,10982800,0.0,0.0,0.0,XLY
2023-03-03,70.42010753974877,71.43390845999497,70.25926337364699,71.31205749511719,10035200,0.0,0.0,0.0,XLY
2023-03-06,71.49242876654851,71.74100961369774,70.76620142803641,70.79057312011719,9854400,0.0,0.0,0.0,XLY
2023-03-07,70.6833363633424,71.03426786910461,69.79138607262976,69.82550048828125,11941800,0.0,0.0,0.0,XLY
2023-03-08,69.69876861572266,69.84499129606166,68.98228417553652,69.69876861572266,10816600,0.0,0.0,0.0,XLY
2023-03-09,69.57692645086395,70.29828234496257,67.9782418005938,68.03672790527344,13337400,0.0,0.0,0.0,XLY
2023-03-10,68.26091493631696,68.96764907544654,67.13013436395524,67.35921478271484,29058600,0.0,0.0,0.0,XLY
2023-03-13,66.36492766868642,68.36327952337481,66.14559736523452,67.50057983398438,23628200,0.0,0.0,0.0,XLY
2023-03-14,68.41689274517243,68.84093925547317,67.7881448975597,68.6459732055664,15038200,0.0,0.0,0.0,XLY
2023-03-15,67.62731053245935,68.58262572297755,67.25688613954578,68.54363250732422,18002800,0.0,0.0,0.0,XLY
2023-03-16,68.11470319486028,70.07894055248073,68.06108846194186,69.78162384033203,21495600,0.0,0.0,0.0,XLY
2023-03-17,69.76212854603781,69.80599311585837,68.32915976768157,68.8896713256836,16880000,0.0,0.0,0.0,XLY
2023-03-20,68.8065697104254,69.61323743551472,68.32256459943792,69.18790435791016,11729600,0.215,0.0,0.0,XLY
2023-03-21,70.08256946770848,71.20701346779605,70.0532297239756,71.09945678710938,12776800,0.0,0.0,0.0,XLY
2023-03-22,71.13368620959196,71.65190980901423,69.48612486805331,69.51545715332031,10983600,0.0,0.0,0.0,XLY
2023-03-23,70.3563707613177,70.86970827872504,68.75280739295933,69.442138671875,12255600,0.0,0.0,0.0,XLY
2023-03-24,69.28080528000531,69.33946986228287,68.33724097565936,69.21724700927734,9434600,0.0,0.0,0.0,XLY
2023-03-27,69.88211839231494,70.14123016515676,69.07055710460084,69.35900115966797,8414400,0.0,0.0,0.0,XLY
2023-03-28,69.33946005617304,69.52524115363305,68.80657028280498,69.2759017944336,5719600,0.0,0.0,0.0,XLY
2023-03-29,70.02878906388602,70.61545710314248,69.78434342587175,70.59101104736328,7725400,0.0,0.0,0.0,XLY
2023-03-30,71.2656956565477,71.56391968462943,70.92347319642691,71.20702362060547,6478400,0.0,0.0,0.0,XLY
2023-03-31,71.66169618203297,73.15281631656033,71.55902571445662,73.10881042480469,10453800,0.0,0.0,0.0,XLY
2023-04-03,72.44881342448498,72.79103589202938,71.93547599322325,72.43903350830078,11338400,0.0,0.0,0.0,XLY
2023-04-04,72.67858947503558,72.84481074273266,71.69102686478773,72.32169342041016,9383000,0.0,0.0,0.0,XLY
2023-04-05,72.01856937215985,72.04301542681684,70.68878456561505,70.84033966064453,8861600,0.0,0.0,0.0,XLY
2023-04-06,70.51279616829865,70.98213513897291,69.85768356038842,70.85501861572266,7636200,0.0,0.0,0.0,XLY
2023-04-10,70.1314606394558,71.19235394312027,69.71101379220671,71.16791534423828,7276800,0.0,0.0,0.0,XLY
2023-04-11,71.20701918545248,71.68124437204335,70.95768729287065,71.28035736083984,8808000,0.0,0.0,0.0,XLY
2023-04-12,71.87192220375357,71.89636826579135,70.0972514901504,70.17546844482422,9062600,0.0,0.0,0.0,XLY
2023-04-13,70.6838942877287,71.78878577195144,70.45411481492096,71.72523498535156,13140000,0.0,0.0,0.0,XLY
2023-04-14,71.56390478056107,72.25812947219384,71.22167493182376,71.81812286376953,10801600,0.0,0.0,0.0,XLY
2023-04-17,71.9990351643652,72.4830328531632,71.637252859901,72.32659149169922,9102400,0.0,0.0,0.0,XLY
2023-04-18,72.68836199464863,72.85459072238153,72.13102615667114,72.44391632080078,9058800,0.0,0.0,0.0,XLY
2023-04-19,71.76924495017373,72.79102598560159,71.70080046597974,72.3754653930664,7600400,0.0,0.0,0.0,XLY
2023-04-20,71.18745725821361,71.87190204394254,70.85990100647986,71.26078796386719,8287000,0.0,0.0,0.0,XLY
2023-04-21,71.84257913514725,72.33636415060215,71.29013700740504,72.04791259765625,8870200,0.0,0.0,0.0,XLY
2023-04-24,72.15546848631438,72.58080900954891,71.3781330740323,72.03813934326172,7750000,0.0,0.0,0.0,XLY
2023-04-25,71.5639168980066,71.69102596113336,70.60080035924001,70.6105728149414,8494400,0.0,0.0,0.0,XLY
2023-04-26,70.9674730961199,71.19725263692946,70.10701951014701,70.2488021850586,7706000,0.0,0.0,0.0,XLY
2023-04-27,70.74256739579737,72.18479519351506,70.6936827432665,72.1016845703125,9630800,0.0,0.0,0.0,XLY
2023-04-28,71.76435825868907,72.38525236433355,71.09457949379157,72.2874755859375,8271000,0.0,0.0,0.0,XLY
2023-05-01,72.11146811652962,72.26791691624119,71.47102169497528,71.57368469238281,8547800,0.0,0.0,0.0,XLY
2023-05-02,71.46613880691825,71.80347505486857,70.77680762620511,71.64703369140625,9217200,0.0,0.0,0.0,XLY
2023-05-03,71.34878668569458,72.30212308401173,71.02611668629858,71.07989501953125,8512000,0.0,0.0,0.0,XLY
2023-05-04,71.08969209577039,71.39768856965416,70.41990588200687,70.53235626220703,10663000,0.0,0.0,0.0,XLY
2023-05-05,71.19724588940244,72.09680413503881,71.07012937085432,71.95991516113281,7371800,0.0,0.0,0.0,XLY
2023-05-08,72.17992253050468,72.23370088031713,71.72525713109171,72.2043685913086,6850000,0.0,0.0,0.0,XLY
2023-05-09,71.80836584502467,72.23858517210132,71.69102923224547,72.18480682373047,8465000,0.0,0.0,0.0,XLY
2023-05-10,72.84969955571307,73.22126176715017,71.72036169703497,72.55147552490234,9028000,0.0,0.0,0.0,XLY
2023-05-11,72.59547127286169,72.98169211458593,72.32168588062785,72.88880157470703,8288600,0.0,0.0,0.0,XLY
2023-05-12,73.13815942127539,73.32882677669362,71.84259268224655,72.27281951904297,7557800,0.0,0.0,0.0,XLY
2023-05-15,72.3559122239267,72.51236102029281,71.73501818566862,72.36569213867188,6412000,0.0,0.0,0.0,XLY
2023-05-16,71.87191755523068,72.71770499571139,71.76925454515911,72.0723648071289,6948800,0.0,0.0,0.0,XLY
2023-05-17,72.52703031968657,73.65147438798783,72.51236417687495,73.57325744628906,9331800,0.0,0.0,0.0,XLY
2023-05-18,73.73458585904568,74.74658692166238,73.72480594475256,74.71725463867188,8606600,0.0,0.0,0.0,XLY
2023-05-19,74.53637697960286,74.57548172210025,73.71992187709048,74.09148406982422,7150200,0.0,0.0,0.0,XLY
2023-05-22,74.12569234070587,74.34569938121645,73.60746878549807,73.8616943359375,7120000,0.0,0.0,0.0,XLY
2023-05-23,73.29460658341375,74.23327728880648,73.04038093615374,73.18704986572266,8583200,0.0,0.0,0.0,XLY
2023-05-24,73.03060225249082,73.30438025240527,72.35104348131354,72.91815185546875,6952400,0.0,0.0,0.0,XLY
2023-05-25,73.14303340055538,73.2359239483882,72.34613813218938,72.59058380126953,7997800,0.0,0.0,0.0,XLY
2023-05-26,72.76170300119489,74.83460508156472,72.63948015951982,74.29682159423828,10410200,0.0,0.0,0.0,XLY
2023-05-30,75.10838426091303,75.36260240456349,74.31148893321429,74.79549407958984,10981400,0.0,0.0,0.0,XLY
2023-05-31,74.3017141551228,74.45326929813459,73.09415177966055,74.1208267211914,12489800,0.0,0.0,0.0,XLY
2023-06-01,74.0572554591096,75.36259439527244,73.5439180783987,74.99592590332031,10168800,0.0,0.0,0.0,XLY
2023-06-02,75.89058841810677,77.04437209340257,75.84658999495419,76.75592803955078,10824600,0.0,0.0,0.0,XLY
2023-06-05,76.7412721102107,77.24482957966673,76.53593864828696,76.9857177734375,7854800,0.0,0.0,0.0,XLY
2023-06-06,76.84393434433966,77.89505516165866,76.79504968811594,77.7874984741211,9799200,0.0,0.0,0.0,XLY
2023-06-07,78.33506579802108,78.59907132773401,77.11283731573327,77.25950622558594,9206400,0.0,0.0,0.0,XLY
2023-06-08,77.38172228676892,78.54039239918738,77.33283016780942,78.40350341796875,6720000,0.0,0.0,0.0,XLY
2023-06-09,79.2101748642681,79.86040122415929,78.62350676403149,78.80928039550781,11579000,0.0,0.0,0.0,XLY
2023-06-12,79.29330229303059,80.27108515386601,79.05863649519964,80.16352844238281,9410800,0.0,0.0,0.0,XLY
2023-06-13,80.80396157850592,81.04840725304396,80.15373518904792,80.99462890625,10836400,0.0,0.0,0.0,XLY
2023-06-14,81.13641374054393,81.36618581764353,79.85551329905226,80.93596649169922,13420200,0.0,0.0,0.0,XLY
2023-06-15,80.2123982206566,81.7475165860589,80.07061556779976,81.46395874023438,10713600,0.0,0.0,0.0,XLY
2023-06-16,82.04085450411424,82.07018679090766,81.28796512348707,81.34174346923828,13295000,0.0,0.0,0.0,XLY
2023-06-20,81.16733115132492,82.04420347719484,80.91749029836498,81.95112609863281,10973400,0.167,0.0,0.0,XLY
2023-06-21,81.92173817202737,82.12258857874282,80.82931976155372,80.96648406982422,10916000,0.0,0.0,0.0,XLY
2023-06-22,80.46681942258654,82.01972139970086,80.37374950399703,82.00012969970703,10753000,0.0,0.0,0.0,XLY
2023-06-23,81.03507852572585,81.78948981063336,80.71666293495151,81.04977416992188,11690400,0.0,0.0,0.0,XLY
2023-06-26,80.5550070120361,81.71600780532883,79.97695090626925,80.01124572753906,8673400,0.0,0.0,0.0,XLY
2023-06-27,80.4815230962035,81.83847830918704,80.37865357990593,81.73070526123047,10957000,0.0,0.0,0.0,XLY
2023-06-28,81.51515850724319,82.64677550165163,81.4465763386332,82.05402374267578,8715400,0.0,0.0,0.0,XLY
2023-06-29,82.19608317818837,82.39203756828613,81.65232189237254,82.14219665527344,7752600,0.0,0.0,0.0,XLY
2023-06-30,82.83291278034805,83.45015969784068,82.62227024335253,83.18562316894531,9479000,0.0,0.0,0.0,XLY
2023-07-03,84.01840597964548,84.65524457608664,84.01840597964548,84.18986511230469,9303200,0.0,0.0,0.0,XLY
2023-07-05,84.05760362550917,84.35642751157816,83.72449239508224,84.22415924072266,14528600,0.0,0.0,0.0,XLY
2023-07-06,83.16112308219297,83.31788656792392,82.4801975751998,82.86720275878906,11474400,0.0,0.0,0.0,XLY
2023-07-07,82.91129494122073,83.79307091711078,82.75943497660256,82.97007751464844,10563600,0.0,0.0,0.0,XLY
2023-07-10,83.03376452802614,83.28850147382607,82.51449852401106,83.22481536865234,10638800,0.0,0.0,0.0,XLY
2023-07-11,83.45505357783179,84.06250089233083,83.38157536332953,83.9204330444336,9633200,0.0,0.0,0.0,XLY
2023-07-12,85.06182522061965,85.17449428561726,84.47887325080386,84.6748275756836,10131800,0.0,0.0,0.0,XLY
2023-07-13,85.46353350996128,85.67907207397859,84.8658858474872,85.46842956542969,7390000,0.0,0.0,0.0,XLY
2023-07-14,85.46354274620936,86.06608652927018,85.31167531155012,85.68888092041016,7919800,0.0,0.0,0.0,XLY
2023-07-17,85.7378735167164,86.24244386813893,85.64969218230065,86.03669738769531,8363400,0.0,0.0,0.0,XLY
2023-07-18,85.72807804850868,86.59025488534854,85.47334109505103,86.38941192626953,9365200,0.0,0.0,0.0,XLY
2023-07-19,86.60984506501644,87.09971974584245,86.52166373552267,86.69312286376953,13090400,0.0,0.0,0.0,XLY
2023-07-20,85.69868810552418,85.81625325904568,83.62161651953241,83.73918914794922,19470600,0.0,0.0,0.0,XLY
2023-07-21,84.48868209909656,84.50827379628598,83.39626371460724,83.7587661743164,10484000,0.0,0.0,0.0,XLY
2023-07-24,83.64121179789659,84.43970250297494,83.28850140397554,84.30744171142578,9651200,0.0,0.0,0.0,XLY
2023-07-25,84.26825184140499,84.43970350931038,83.89594226844291,84.11148834228516,6483600,0.0,0.0,0.0,XLY
2023-07-26,83.5824297466016,84.45930975910535,83.50405546537151,84.09190368652344,8834600,0.0,0.0,0.0,XLY
2023-07-27,84.93936703433421,85.10102656918988,83.05825013311308,83.21990966796875,9464000,0.0,0.0,0.0,XLY
2023-07-28,84.12617462414468,84.85609057026586,83.86164559243639,84.63074493408203,7943000,0.0,0.0,0.0,XLY
2023-07-31,84.84139963708192,85.12062432633294,84.56216747293627,85.11083221435547,6943600,0.0,0.0,0.0,XLY
2023-08-01,84.68464017599437,84.80221279937001,84.08699242156781,84.14578247070312,6900200,0.0,0.0,0.0,XLY
2023-08-02,83.17093218898378,83.46975607733084,82.46551137223693,82.63697052001953,9707000,0.0,0.0,0.0,XLY
2023-08-03,82.16668632830729,83.03866274927398,81.97073942636463,82.83291625976562,8049600,0.0,0.0,0.0,XLY
2023-08-04,85.16471526194647,85.54191337987547,83.94002857411229,84.03800201416016,13507200,0.0,0.0,0.0,XLY
2023-08-07,84.33194333152082,84.91489553605815,83.62652990260365,84.90019989013672,7369000,0.0,0.0,0.0,XLY
2023-08-08,84.0429079815136,84.35153145521137,83.40606933375567,84.22415924072266,7255400,0.0,0.0,0.0,XLY
2023-08-09,84.34172912537402,84.34662518158163,83.08275498968207,83.22481536865234,9045000,0.0,0.0,0.0,XLY
2023-08-10,83.85185542606024,84.7042401349117,83.02396594833401,83.42566680908203,8723000,0.0,0.0,0.0,XLY
2023-08-11,82.86231594453366,83.39138160326668,82.5292046824958,83.14154815673828,6302200,0.0,0.0,0.0,XLY
2023-08-14,82.6320599489865,83.40606286392713,82.47040787757442,83.39627075195312,5639400,0.0,0.0,0.0,XLY
2023-08-15,83.0876397210482,83.45504570870543,82.13728170365853,82.25975036621094,6628600,0.0,0.0,0.0,XLY
2023-08-16,81.9070517571287,82.44591693953478,81.21632660737953,81.2408218383789,6715400,0.0,0.0,0.0,XLY
2023-08-17,81.47106929891139,81.54945105367752,79.81529023523088,79.8642807006836,8709200,0.0,0.0,0.0,XLY
2023-08-18,79.00210356663615,79.89367173079776,78.83554046957464,79.68302917480469,8249000,0.0,0.0,0.0,XLY
2023-08-21,80.14839153776312,80.72644003502731,79.69280422772644,80.59907531738281,6645200,0.0,0.0,0.0,XLY
2023-08-22,81.22122990849745,81.38288946276145,80.41293213717742,80.71665954589844,8006600,0.0,0.0,0.0,XLY
2023-08-23,80.3443485844867,81.59843412237741,80.26597431172061,81.36328887939453,7728600,0.0,0.0,0.0,XLY
2023-08-24,81.50535508420934,81.61312811634141,79.74669922799694,79.77119445800781,7949000,0.0,0.0,0.0,XLY
2023-08-25,80.12881148187536,80.89791090478789,79.4086950459913,80.66277313232422,10093000,0.0,0.0,0.0,XLY
2023-08-28,81.18203851015518,81.26531631486382,80.50111295410689,80.98609161376953,5962800,0.0,0.0,0.0,XLY
2023-08-29,80.96648558962988,83.0435569001194,80.96648558962988,83.00926208496094,8913800,0.0,0.0,0.0,XLY
2023-08-30,82.85741586732338,83.68040934371814,82.65166936694858,83.36688232421875,7289000,0.0,0.0,0.0,XLY
2023-08-31,83.42076428549049,84.08209815938478,83.3031991345014,83.62651824951172,7872600,0.0,0.0,0.0,XLY
2023-09-01,84.10170347369365,84.3172495852591,82.6320790492707,83.11705780029297,10618400,0.0,0.0,0.0,XLY
2023-09-05,82.97008053698065,83.371781403089,82.49000539507871,83.17582702636719,9426200,0.0,0.0,0.0,XLY
2023-09-06,82.73983136313682,82.86720356525642,81.83846373609495,82.43611145019531,11155000,0.0,0.0,0.0,XLY
2023-09-07,81.56413330078125,82.76432475827635,81.35349077870448,82.66635131835938,10439400,0.0,0.0,0.0,XLY
2023-09-08,82.55368223619958,83.22970420405268,82.43610962336263,82.66635131835938,5709400,0.0,0.0,0.0,XLY
2023-09-11,83.89593584699604,85.02264911727158,83.85674497521578,84.890380859375,10648600,0.0,0.0,0.0,XLY
2023-09-12,84.58667162871532,85.15492812894965,84.12129211425781,84.12129211425781,9908200,0.0,0.0,0.0,XLY
2023-09-13,84.38581289209812,85.02755502619257,84.106588200834,84.78751373291016,7984800,0.0,0.0,0.0,XLY
2023-09-14,85.06673948466882,85.84074241511378,84.6699421698288,85.62030029296875,9777000,0.0,0.0,0.0,XLY
2023-09-15,85.22839776725866,85.34597038560581,83.96452015088177,84.15557098388672,11981600,0.0,0.0,0.0,XLY
2023-09-18,83.91756542873942,84.01571313043335,83.12746407459036,83.2403335571289,7442400,0.1525,0.0,0.0,XLY
2023-09-19,82.80847463162875,82.9851434738665,82.06253868793726,82.82319641113281,8324000,0.0,0.0,0.0,XLY
2023-09-20,83.09311003874703,83.56912673366148,81.99383638602107,81.99874114990234,8857400,0.0,0.0,0.0,XLY
2023-09-21,80.96328214902225,81.00745498504716,79.74623402793542,79.76095581054688,12236000,0.0,0.0,0.0,XLY
2023-09-22,80.24679167311838,80.41364352355542,78.90704964057679,78.97575378417969,14209400,0.0,0.0,0.0,XLY
2023-09-25,78.65187325237044,79.62845312081193,78.45557033515787,79.46160125732422,9486800,0.0,0.0,0.0,XLY
2023-09-26,78.74019511920528,79.22603636061066,77.84212903016552,78.0138931274414,11667000,0.0,0.0,0.0,XLY
2023-09-27,78.21999868729885,78.47518868456996,76.9195248815513,77.71453094482422,12485000,0.0,0.0,0.0,XLY
2023-09-28,77.42991180751291,78.80890702125726,77.23361638117277,78.58316802978516,10291800,0.0,0.0,0.0,XLY
2023-09-29,79.72660709661018,80.03086725336915,78.56353385857217,79.00029754638672,13116600,0.0,0.0,0.0,XLY
2023-10-02,78.52918315878493,79.70697065562868,78.33779250334307,79.06409454345703,14663600,0.0,0.0,0.0,XLY
2023-10-03,78.4555690570207,78.53899498740545,76.87046140332953,77.14037322998047,14613800,0.0,0.0,0.0,XLY
2023-10-04,77.51823536948551,78.83343095190928,77.49860133764058,78.66166687011719,15340600,0.0,0.0,0.0,XLY
2023-10-05,78.55372234737195,78.76473955059046,77.65074394125018,78.26908874511719,13922000,0.0,0.0,0.0,XLY
2023-10-06,77.44462761362982,79.1229780903474,77.01768097578297,78.81871795654297,15265000,0.0,0.0,0.0,XLY
2023-10-09,77.86667097234519,79.0591877082432,77.37102018230779,78.90214538574219,10496000,0.0,0.0,0.0,XLY
2023-10-10,79.02483009587688,80.521606937361,78.99048176872932,79.76585388183594,13458600,0.0,0.0,0.0,XLY
2023-10-11,80.08975191463588,80.4774454780941,79.34381584008318,80.05049133300781,7974400,0.0,0.0,0.0,XLY
2023-10-12,80.06521293494164,80.20753347904694,78.63714765840919,79.17696380615234,9181200,0.0,0.0,0.0,XLY
2023-10-13,79.29474050188306,79.41742700331162,77.7979636868168,78.0138931274414,11327000,0.0,0.0,0.0,XLY
2023-10-16,78.4359292925984,79.53029070912982,78.23962641166254,79.27510070800781,11071400,0.0,0.0,0.0,XLY
2023-10-17,78.55372553785946,79.85419960355873,78.4065002219977,79.46160125732422,13419800,0.0,0.0,0.0,XLY
2023-10-18,78.85798456311555,78.98067107653425,77.44463353231113,77.59676361083984,10414600,0.0,0.0,0.0,XLY
2023-10-19,76.92933127416048,77.28266895192402,75.25589330074543,75.6141357421875,21134800,0.0,0.0,0.0,XLY
2023-10-20,75.43747506379549,75.47673564203723,74.40200071326217,74.4412612915039,13357800,0.0,0.0,0.0,XLY
2023-10-23,74.14191595654759,75.47183359137823,73.35181449708269,74.52960205078125,15707200,0.0,0.0,0.0,XLY
2023-10-24,75.098853782953,75.80552916462263,74.77495965165623,75.32460021972656,9960400,0.0,0.0,0.0,XLY
2023-10-25,74.73570573412002,74.86330448773765,73.71986539861452,73.80329132080078,11201000,0.0,0.0,0.0,XLY
2023-10-26,73.72477468681693,74.12719002955055,72.54698719896433,72.65003967285156,16921600,0.0,0.0,0.0,XLY
2023-10-27,73.9161734384017,74.53942306736164,73.17024477553312,73.41070556640625,15226600,0.0,0.0,0.0,XLY
2023-10-30,74.25477203967705,74.5492226190032,73.4352271626527,74.08301544189453,13858000,0.0,0.0,0.0,XLY
2023-10-31,74.11736948705816,74.87312253784111,73.8229188850043,74.64247131347656,10168600,0.0,0.0,0.0,XLY
2023-11-01,75.0792373318925,75.61414870391046,74.4903361092117,75.56507110595703,21669800,0.0,0.0,0.0,XLY
2023-11-02,76.8802593056484,77.58202239226468,76.63979110384177,77.53785705566406,20069600,0.0,0.0,0.0,XLY
2023-11-03,78.17585670218814,79.04938417760928,78.15131789908705,78.6273422241211,13727200,0.0,0.0,0.0,XLY
2023-11-06,78.92177438718977,79.18677392927319,78.1856553958374,78.72547149658203,11280600,0.0,0.0,0.0,XLY
2023-11-07,78.86780090867207,79.70206769517047,78.70585381375683,79.60391998291016,8773600,0.0,0.0,0.0,XLY
2023-11-08,79.62845457634049,79.76586287680566,78.92178652602995,79.39289855957031,8334600,0.0,0.0,0.0,XLY
2023-11-09,79.28490232483846,79.38305000214883,77.6359958861855,77.91081237792969,11497200,0.0,0.0,0.0,XLY
2023-11-10,78.00898411164964,79.2358490590711,77.61147357860601,79.2063980102539,10312200,0.0,0.0,0.0,XLY
2023-11-13,78.85798718382229,79.81494052265273,78.50464941437863,79.54502868652344,9880000,0.0,0.0,0.0,XLY
2023-11-14,81.53253370216288,82.47967730122924,81.41475197571535,82.2244873046875,15258400,0.0,0.0,0.0,XLY
2023-11-15,82.6268995815913,83.0096808530754,82.06254469081566,82.32263946533203,12388800,0.0,0.0,0.0,XLY
2023-11-16,81.61106492394796,82.18033210640834,81.12031890214213,81.47856140136719,12287400,0.0,0.0,0.0,XLY
2023-11-17,81.75338072280226,82.2441267610997,81.24300813777667,82.0232925415039,8921000,0.0,0.0,0.0,XLY
2023-11-20,82.00366694388018,82.62200426354303,81.75338166900993,82.4453353881836,9285000,0.0,0.0,0.0,XLY
2023-11-21,81.8318986350956,82.31773988945714,81.56689907974655,82.23431396484375,7603600,0.0,0.0,0.0,XLY
2023-11-22,82.58764872864253,83.11765535653386,82.16070206514276,82.4845962524414,8963400,0.0,0.0,0.0,XLY
2023-11-24,82.43060683388109,82.70542339782051,82.28828629943332,82.5631103515625,3483000,0.0,0.0,0.0,XLY
2023-11-27,82.61218412064953,83.12746894496989,82.25884638329786,82.69561004638672,7299600,0.0,0.0,0.0,XLY
2023-11-28,82.59745893190987,83.21580369086445,82.14597350573702,83.171630859375,11974000,0.0,0.0,0.0,XLY
2023-11-29,83.78997606644472,84.2120179326749,82.88699772108005,82.94589233398438,7659400,0.0,0.0,0.0,XLY
2023-11-30,82.94589911785727,82.98024744735336,82.18033648119662,82.82811737060547,13023000,0.0,0.0,0.0,XLY
2023-12-01,82.4747636886408,83.98626212293212,82.31281662551791,83.96172332763672,14955800,0.0,0.0,0.0,XLY
2023-12-04,83.3532152438292,84.00590086670692,83.15200757664941,83.64275360107422,18477600,0.0,0.0,0.0,XLY
2023-12-05,83.1912672847689,84.61933250984467,83.12256314159751,83.78997802734375,7822600,0.0,0.0,0.0,XLY
2023-12-06,84.41812645702463,84.8303512873599,83.84885931712003,83.91265869140625,12228000,0.0,0.0,0.0,XLY
2023-12-07,84.25127651013649,84.7567518202152,83.98137217882564,84.6046142578125,7380200,0.0,0.0,0.0,XLY
2023-12-08,84.17766933040843,85.15425666534334,84.11386994770798,84.9923095703125,8096400,0.0,0.0,0.0,XLY
2023-12-11,84.89416139559599,85.32601282513565,84.63406658965141,85.21804809570312,18892400,0.0,0.0,0.0,XLY
2023-12-12,85.12481259717255,85.54194224415807,84.78619662667286,85.4830551147461,7411400,0.0,0.0,0.0,XLY
2023-12-13,85.45360769820684,86.69519454194739,84.78619280492342,86.6019515991211,10898400,0.0,0.0,0.0,XLY
2023-12-14,87.35769456147489,88.11344761040934,87.0239908689406,87.7650146484375,15288800,0.0,0.0,0.0,XLY
2023-12-15,87.78465477452205,88.16252383702371,87.4951089174464,87.94660186767578,11258200,0.0,0.0,0.0,XLY
2023-12-18,88.22682833579279,88.77253116449187,88.04984343184753,88.49230194091797,7719400,0.16,0.0,0.0,XLY
2023-12-19,88.79217765755506,89.41654200396513,88.7725160056232,89.18547821044922,7194000,0.0,0.0,0.0,XLY
2023-12-20,88.78727192765749,89.5689520630134,87.53854312502783,87.55821228027344,8621600,0.0,0.0,0.0,XLY
2023-12-21,88.48246944196892,88.92001442289643,87.9859319922017,88.89051818847656,7855000,0.0,0.0,0.0,XLY
2023-12-22,88.53654707046653,88.91509957698825,87.87285930102163,88.23665618896484,8522800,0.0,0.0,0.0,XLY
2023-12-26,88.43330563108839,88.72336191891146,88.26123427304552,88.61029052734375,5480800,0.0,0.0,0.0,XLY
2023-12-27,88.72336707403802,89.14616393401481,88.6791227227997,88.91510009765625,7495800,0.0,0.0,0.0,XLY
2023-12-28,89.04290423939861,89.21006204008121,88.38413011830424,88.45295715332031,5608800,0.0,0.0,0.0,XLY
2023-12-29,88.48738478821467,88.63486595082401,87.60737384285854,87.90726470947266,8268600,0.0,0.0,0.0,XLY
2024-01-02,87.63195288087498,87.67128368979148,86.75686301184071,87.0911636352539,15369600,0.0,0.0,0.0,XLY
2024-01-03,86.51105582486186,86.55530017422413,85.29674422624043,85.33116149902344,15522800,0.0,0.0,0.0,XLY
2024-01-04,84.9870233105734,85.78345914950057,84.70188054127672,84.73138427734375,11915000,0.0,0.0,0.0,XLY
2024-01-05,84.51506409561283,85.55730433407882,84.48064682281037,84.8641128540039,12084400,0.0,0.0,0.0,XLY
2024-01-08,85.01160717247062,86.4078173020366,84.9919455164085,86.30949401855469,8142600,0.0,0.0,0.0,XLY
2024-01-09,85.68020377394883,86.11283516142622,85.4589745422923,85.98992919921875,8330000,0.0,0.0,0.0,XLY
2024-01-10,86.12266999771698,86.8896095723311,86.10300834268931,86.67820739746094,7624400,0.0,0.0,0.0,XLY
2024-01-11,86.57988025712248,86.85518842474099,85.66054601848539,86.56513214111328,8592000,0.0,0.0,0.0,XLY
2024-01-12,86.20625272488213,86.59954583840944,85.36065902794489,85.52289581298828,7444400,0.0,0.0,0.0,XLY
2024-01-16,85.00668476030103,85.75886867771908,84.75595178677175,85.424560546875,8976200,0.0,0.0,0.0,XLY
2024-01-17,84.52489741156874,84.70680336400842,84.04802910810724,84.67730712890625,7961800,0.0,0.0,0.0,XLY
2024-01-18,85.08041889212376,85.26231730887194,84.22499822820801,85.1590805053711,9926000,0.0,0.0,0.0,XLY
2024-01-19,85.29183965627806,86.15218154729476,84.78054656015713,85.98011016845703,9782800,0.0,0.0,0.0,XLY
2024-01-22,86.16691152210642,86.4127234392105,85.2180736212608,85.6015396118164,11184200,0.0,0.0,0.0,XLY
2024-01-23,85.68512924784604,85.97027202007806,84.96244899085421,85.39507293701172,7107200,0.0,0.0,0.0,XLY
2024-01-24,85.96043262233242,86.0489213140048,85.00668115919015,85.07058715820312,8622200,0.0,0.0,0.0,XLY
2024-01-25,84.2692495157137,84.33807655757987,83.43840397359608,84.01851654052734,11092800,0.0,0.0,0.0,XLY
2024-01-26,84.37740234824604,84.82969538240258,84.08242504260353,84.4019775390625,6977800,0.0,0.0,0.0,XLY
2024-01-29,84.57406914591442,85.65072681738738,84.42658045775893,85.63597869873047,7381200,0.0,0.0,0.0,XLY
2024-01-30,85.77853263506084,85.99484834290055,85.42456284070225,85.58679962158203,6274400,0.0,0.0,0.0,XLY
2024-01-31,85.04109480045614,85.49830889967224,83.9546102503263,84.02835083007812,13663800,0.0,0.0,0.0,XLY
2024-02-01,84.4216515921057,85.6703729217346,84.12667426934742,85.64579772949219,14682200,0.0,0.0,0.0,XLY
2024-02-02,86.23082681689037,87.52871357907476,85.81786455201015,87.17475128173828,20763800,0.0,0.0,0.0,XLY
2024-02-05,86.27999462163058,86.27999462163058,84.93294243238024,85.94569396972656,13346200,0.0,0.0,0.0,XLY
2024-02-06,85.57696654267379,86.48646615755311,85.57696654267379,86.46680450439453,9373600,0.0,0.0,0.0,XLY
2024-02-07,86.948592433375,87.75976876679054,86.74211132126166,87.435302734375,7796400,0.0,0.0,0.0,XLY
2024-02-08,87.49429781857339,87.8728502862599,87.32714750874258,87.81877136230469,8100000,0.0,0.0,0.0,XLY
2024-02-09,87.74502550363111,88.58570561519224,87.5434654197747,88.44313049316406,9584800,0.0,0.0,0.0,XLY
2024-02-12,88.47264434878426,88.92493745706385,88.20224969122968,88.36940002441406,6040200,0.0,0.0,0.0,XLY
2024-02-13,86.58972097384998,87.10100653544883,86.14725495744982,86.60938262939453,14801400,0.0,0.0,0.0,XLY
2024-02-14,86.938762481968,87.56312689093123,86.46188673281453,87.52379608154297,11561000,0.0,0.0,0.0,XLY
2024-02-15,87.70077812738573,88.54145820991455,87.46971431821753,88.53653717041016,10567600,0.0,0.0,0.0,XLY
2024-02-16,88.15306565347585,88.52670455637377,87.46970884614596,88.010498046875,8512200,0.0,0.0,0.0,XLY
2024-02-20,87.20423967488964,87.51395759491297,86.6290406787497,87.17965698242188,8756400,0.0,0.0,0.0,XLY
2024-02-21,87.46480897879343,88.2366545932864,87.24849326469288,87.82369232177734,8886200,0.0,0.0,0.0,XLY
2024-02-22,88.61028313433862,89.67218492168826,88.45295990564418,89.52961730957031,8800000,0.0,0.0,0.0,XLY
2024-02-23,89.18057429150254,89.57879596001538,88.98392772809676,89.12649536132812,7575800,0.0,0.0,0.0,XLY
2024-02-26,89.38705394729504,89.83442595929787,89.26414798212821,89.40180206298828,7051600,0.0,0.0,0.0,XLY
2024-02-27,89.80492756121957,90.1146529864745,89.36246909792793,89.69676971435547,5852400,0.0,0.0,0.0,XLY
2024-02-28,89.54927706974816,90.47844580253144,89.50011918800841,90.05073547363281,7408800,0.0,0.0,0.0,XLY
2024-02-29,90.37029834750406,90.87174926581528,89.90817073520648,90.6603546142578,8270400,0.0,0.0,0.0,XLY
2024-03-01,90.58169837278898,91.0929838987277,90.11957073307585,90.9602508544922,11065800,0.0,0.0,0.0,XLY
2024-03-04,90.51286602297355,90.81767040508672,89.70660322062224,89.73118591308594,11336800,0.0,0.0,0.0,XLY
2024-03-05,89.15599312292781,89.31822240099456,88.31039945409219,88.61520385742188,12941800,0.0,0.0,0.0,XLY
2024-03-06,88.96426288242439,89.20024025036706,88.04984214236312,88.30056762695312,9299600,0.0,0.0,0.0,XLY
2024-03-07,88.54145905657658,89.33788729910462,88.52178990154015,88.97408294677734,6713400,0.0,0.0,0.0,XLY
2024-03-08,89.18057499191129,89.53946585024453,88.34973687864891,88.64470672607422,12463600,0.0,0.0,0.0,XLY
2024-03-11,88.39887992502742,88.75284968376715,88.18256423895487,88.40380096435547,8306400,0.0,0.0,0.0,XLY
2024-03-12,88.69877609315273,89.5099599646779,88.10391542228572,89.16581726074219,7906400,0.0,0.0,0.0,XLY
2024-03-13,88.94458663575955,89.53945479892916,88.84134982745755,88.97900390625,5717000,0.0,0.0,0.0,XLY
2024-03-14,89.08223633214767,89.17073252220905,87.93675191016041,88.41362762451172,10810400,0.0,0.0,0.0,XLY
2024-03-15,87.8187731120312,88.41363378580608,87.29765301712598,87.53363037109375,9868800,0.0,0.0,0.0,XLY
2024-03-18,88.41407988571294,88.62101079846015,87.79821138899172,88.20222473144531,8512800,0.1935,0.0,0.0,XLY
2024-03-19,88.18250622279614,89.01023733063523,88.0593325325405,88.96589660644531,7624200,0.0,0.0,0.0,XLY
2024-03-20,89.1383254386113,90.30600948781468,89.06442423977234,90.29122924804688,8497400,0.0,0.0,0.0,XLY
2024-03-21,90.92188209333524,91.2569184187873,90.77407968879382,90.81842041015624,7146400,0.0,0.0,0.0,XLY
2024-03-22,89.8724580793372,90.26661541330463,89.68523165416936,90.02519226074219,5718600,0.0,0.0,0.0,XLY
2024-03-25,89.67537938119229,90.1927104336596,89.67537938119229,89.72957611083984,5664600,0.0,0.0,0.0,XLY
2024-03-26,90.30601461397224,90.68046742381088,89.7837593980658,89.84288787841797,5387800,0.0,0.0,0.0,XLY
2024-03-27,90.5425162265952,90.89232528872508,90.09908644126084,90.88247680664062,5812000,0.0,0.0,0.0,XLY
2024-03-28,90.76916085094896,91.03522025284674,90.57208593822364,90.60164642333984,5958200,0.0,0.0,0.0,XLY
2024-04-01,90.70017787604414,90.79871532588436,89.59654640915277,89.92665100097656,9941800,0.0,0.0,0.0,XLY
2024-04-02,88.47812178692148,88.64563619322657,88.20221393702487,88.6012954711914,12270400,0.0,0.0,0.0,XLY
2024-04-03,88.10368014484223,88.97574445271184,88.10368014484223,88.66535186767578,10165200,0.0,0.0,0.0,XLY
2024-04-04,89.33541429694574,89.67044311316008,87.61590693958648,87.62576293945312,9650600,0.0,0.0,0.0,XLY
2024-04-05,87.91645050203363,88.68505309263512,87.73415585419035,88.113525390625,10081800,0.0,0.0,0.0,XLY
2024-04-08,88.63578648644231,89.24180646898266,88.56680951907092,88.95111083984375,8295800,0.0,0.0,0.0,XLY
2024-04-09,89.38960041618664,89.41916841476605,88.62592960619526,89.3698959350586,8559800,0.0,0.0,0.0,XLY
2024-04-10,87.9164476146046,88.35002137677593,87.5814112934927,87.99034881591797,10806000,0.0,0.0,0.0,XLY
2024-04-11,88.2909067736574,89.02009297360641,87.55186457267602,88.69984436035156,8433400,0.0,0.0,0.0,XLY
2024-04-12,88.01007527030927,88.06919624107043,86.97541317443256,87.26117706298828,10729000,0.0,0.0,0.0,XLY
2024-04-15,87.89675285308574,87.96080558540194,85.72889865294053,85.80773162841797,11136800,0.0,0.0,0.0,XLY
2024-04-16,85.36430227759382,85.79787612732173,84.91595570254486,85.31996154785156,12870800,0.0,0.0,0.0,XLY
2024-04-17,85.73381337958469,85.8225023466353,84.5562731915618,84.90608978271484,12416800,0.0,0.0,0.0,XLY
2024-04-18,85.06374400974371,85.41356058367195,84.14733149094701,84.37889862060547,9411800,0.0,0.0,0.0,XLY
2024-04-19,84.37890422095275,84.57105488194125,83.30975746438334,83.63986206054688,13580800,0.0,0.0,0.0,XLY
2024-04-22,83.81722588002027,84.4330942985319,83.21613770211894,84.0093765258789,8950200,0.0,0.0,0.0,XLY
2024-04-23,84.48728916797745,85.2558917345629,84.06850316332505,85.0095443725586,7889400,0.0,0.0,0.0,XLY
2024-04-24,86.28071232823214,86.53199149165967,85.20664125593187,85.822509765625,8948600,0.0,0.0,0.0,XLY
2024-04-25,84.52179292169333,86.07871026596186,84.16705207064669,85.89640808105469,10701200,0.0,0.0,0.0,XLY
2024-04-26,86.19202261461525,87.25624510171932,86.06884892447614,86.66993713378906,6665800,0.0,0.0,0.0,XLY
2024-04-29,88.45349145043228,88.82301252790623,87.81791850506431,88.68505859375,10308400,0.0,0.0,0.0,XLY
2024-04-30,87.81791151029319,88.23177327979744,86.45806924202924,86.52704620361328,7218400,0.0,0.0,0.0,XLY
2024-05-01,86.57139245263845,87.67009957186853,85.54658653414758,85.9850845336914,14336800,0.0,0.0,0.0,XLY
2024-05-02,86.79310764997587,87.23652991109091,85.9358160915049,87.06901550292969,8238600,0.0,0.0,0.0,XLY
2024-05-03,88.16280951985577,88.68014056816456,87.50260028612985,87.65533447265625,9013000,0.0,0.0,0.0,XLY
2024-05-06,88.20221276422652,88.59143829345703,87.94600939933272,88.59143829345703,6229000,0.0,0.0,0.0,XLY
2024-05-07,88.53232355512165,88.5717400384858,87.82284189041793,87.95587158203125,6300600,0.0,0.0,0.0,XLY
2024-05-08,87.18726491945193,87.75878510698962,87.12321219720648,87.62576293945312,5763200,0.0,0.0,0.0,XLY
2024-05-09,87.66517633535085,88.4387107286008,87.46810143560495,88.221923828125,5046000,0.0,0.0,0.0,XLY
2024-05-10,88.29583099692523,88.36480796241247,87.56663734128821,87.74893951416016,5654400,0.0,0.0,0.0,XLY
2024-05-13,88.12830723616835,88.33031388730431,87.33014414953631,87.63561248779297,8142800,0.0,0.0,0.0,XLY
2024-05-14,87.49273116401669,88.1775765388487,87.45331468341683,88.0346908569336,6044600,0.0,0.0,0.0,XLY
2024-05-15,88.42885987920998,88.49291260842496,87.59620447111926,88.16773223876953,7182800,0.0,0.0,0.0,XLY
2024-05-16,88.11846180204422,88.25148397580053,87.56663855258758,87.59619903564453,6589200,0.0,0.0,0.0,XLY
2024-05-17,87.6750269817654,88.05932827535007,87.41882361340059,88.04454803466797,5577400,0.0,0.0,0.0,XLY
2024-05-20,87.83762100260998,88.0839683820245,87.18233607121628,87.38926696777344,4002000,0.0,0.0,0.0,XLY
2024-05-21,87.31043821587059,87.97064736341495,86.9803261241733,87.95093536376953,4375400,0.0,0.0,0.0,XLY
2024-05-22,87.73908039936505,87.82776184416113,86.6797821952193,87.0345230102539,6332200,0.0,0.0,0.0,XLY
2024-05-23,87.27101806392851,87.27101806392851,85.49731406669765,85.62541198730469,7354600,0.0,0.0,0.0,XLY
2024-05-24,86.21172489546746,86.75861636643558,85.97030928043235,86.48763275146484,5150200,0.0,0.0,0.0,XLY
2024-05-28,86.17231813687886,86.45808202509946,85.81265303529351,86.27578735351562,5344200,0.0,0.0,0.0,XLY
2024-05-29,85.63034977429226,86.04421156347345,85.63034977429226,85.70918273925781,4344000,0.0,0.0,0.0,XLY
2024-05-30,85.96046377006337,86.4580828197876,85.79294933961278,86.21666717529297,4496600,0.0,0.0,0.0,XLY
2024-05-31,86.2757756339746,86.71919788978175,85.33965864152616,86.69949340820312,6840400,0.0,0.0,0.0,XLY
2024-06-03,86.75860976517241,87.04437359940523,85.85205330218015,86.66007232666016,7929000,0.0,0.0,0.0,XLY
2024-06-04,86.2954858638025,87.10350498500038,86.26592538050296,86.74877166748047,5779800,0.0,0.0,0.0,XLY
2024-06-05,86.9507649958956,87.25624084472656,86.16738216913203,87.25624084472656,4581800,0.0,0.0,0.0,XLY
2024-06-06,87.33014347743861,87.9263074262718,87.2907269957209,87.89181518554688,4455600,0.0,0.0,0.0,XLY
2024-06-07,87.39421157602288,88.06427684726418,87.36957533087418,87.53216552734375,4548600,0.0,0.0,0.0,XLY
2024-06-10,87.27596035963589,87.90168488781576,87.27596035963589,87.81299591064453,3731000,0.0,0.0,0.0,XLY
2024-06-11,87.77356391471685,87.77356391471685,86.80788644545709,87.58141326904297,5566000,0.0,0.0,0.0,XLY
2024-06-12,88.35002649296467,89.06443237942158,88.08396711697986,88.49290466308594,7957600,0.0,0.0,0.0,XLY
2024-06-13,89.0940009306738,89.26643959864953,88.24656527947442,88.5618896484375,5227000,0.0,0.0,0.0,XLY
2024-06-14,88.428854887366,88.428854887366,87.3350719005793,87.86225891113281,6105600,0.0,0.0,0.0,XLY
2024-06-17,87.74893384506716,89.6260995511963,87.58634368308178,89.40438842773438,7353200,0.0,0.0,0.0,XLY
2024-06-18,89.33049434917596,89.43888780826518,88.80331481444766,89.1038589477539,4483800,0.0,0.0,0.0,XLY
2024-06-20,89.0151640533791,89.43395761909366,88.74911218289705,89.21717071533203,4722800,0.0,0.0,0.0,XLY
2024-06-21,89.67044132502207,90.08923485486388,89.2467235543077,89.97098541259766,8623200,0.0,0.0,0.0,XLY
2024-06-24,90.17935715426664,90.57436241691482,89.55228658234137,89.58685302734375,5077800,0.196,0.0,0.0,XLY
2024-06-25,89.68067097357704,89.68067097357704,88.94003890374277,89.2264175415039,4712800,0.0,0.0,0.0,XLY
2024-06-26,89.0091543703377,90.70272923211176,88.8906505400583,90.5200424194336,5031800,0.0,0.0,0.0,XLY
2024-06-27,90.72741707453974,91.08292102580457,90.36203592071254,91.0730438232422,4228200,0.0,0.0,0.0,XLY
2024-06-28,90.61878958230672,91.20142398234762,89.60165621695018,90.06084442138672,7914600,0.0,0.0,0.0,XLY
2024-07-01,90.4114176183133,90.78666845396472,89.89791607825879,90.36698150634766,6393200,0.0,0.0,0.0,XLY
2024-07-02,90.86566477590776,92.13461780282242,90.78172739214226,92.12474060058594,5884600,0.0,0.0,0.0,XLY
2024-07-03,92.44568667397908,93.05794518976664,92.31237833486205,92.71231842041016,4379600,0.0,0.0,0.0,XLY
2024-07-05,93.1715099757614,93.52701396093477,92.70737935433512,93.46776580810548,3996400,0.0,0.0,0.0,XLY
2024-07-08,93.34926706796932,93.92202435693792,93.2554524647987,93.51220703125,3676800,0.0,0.0,0.0,XLY
2024-07-09,93.40851302010464,94.4157768540558,93.34433003058058,93.82327270507812,3656000,0.0,0.0,0.0,XLY
2024-07-10,94.03063790225022,94.61820714839688,93.48256993267876,94.52932739257812,4557800,0.0,0.0,0.0,XLY
2024-07-11,94.97371757047708,95.62053500848091,93.04806976032896,93.32951354980467,8996000,0.0,0.0,0.0,XLY
2024-07-12,93.20607417590824,95.34896770473787,93.07275830115474,94.54908752441406,5453600,0.0,0.0,0.0,XLY
2024-07-15,95.07740043032275,95.73902989650524,94.14420438202104,94.44046020507812,5080200,0.0,0.0,0.0,XLY
2024-07-16,94.9885338194484,96.17847694837552,94.83547106432286,96.13404083251952,4123200,0.0,0.0,0.0,XLY
2024-07-17,95.42302211455991,95.66496460829624,94.36145261770712,94.52932739257812,5797200,0.0,0.0,0.0,XLY
2024-07-18,94.72683958806304,95.33415574271424,93.29001164262854,93.56651306152344,4375200,0.0,0.0,0.0,XLY
2024-07-19,93.2159484293293,93.59614166575416,92.35682005535234,92.73207092285156,3872200,0.0,0.0,0.0,XLY
2024-07-22,93.40358121789224,94.08002278597884,93.04314237512706,93.754150390625,4808400,0.0,0.0,0.0,XLY
2024-07-23,94.1145754002276,94.26270330403406,93.2900060277594,93.33444213867188,4823600,0.0,0.0,0.0,XLY
2024-07-24,91.26561129845108,91.30511257610128,89.47328697142652,89.5177230834961,8200800,0.0,0.0,0.0,XLY
2024-07-25,89.50290949193214,90.73235377576458,88.89558583446735,89.16715240478516,10240800,0.0,0.0,0.0,XLY
2024-07-26,89.82384361385343,90.63854329402312,89.59672069751372,90.16453552246094,4529400,0.0,0.0,0.0,XLY
2024-07-29,90.77185696147772,92.00624363969874,90.7224860148079,91.67049407958984,7145600,0.0,0.0,0.0,XLY
2024-07-30,91.87786902743022,92.001307693761,90.30772527397136,91.16192626953124,4281000,0.0,0.0,0.0,XLY
2024-07-31,92.25312110486227,93.34925707938936,92.0506798811662,92.57406616210938,4993600,0.0,0.0,0.0,XLY
2024-08-01,92.61357128879256,92.89007271113738,89.5276044606609,90.30279541015624,7295800,0.0,0.0,0.0,XLY
2024-08-02,87.36000590435144,87.36000590435144,85.93799764699396,86.97982025146484,12738400,0.0,0.0,0.0,XLY
2024-08-05,82.48666044001897,85.39487537325243,82.20028180484618,84.52092742919922,16391800,0.0,0.0,0.0,XLY
2024-08-06,84.97024703517414,86.67369929388158,84.19011368194224,85.45413208007812,9523400,0.0,0.0,0.0,XLY
2024-08-07,86.1552697500528,86.30833251835872,83.85930562316477,83.96299743652344,8404400,0.0,0.0,0.0,XLY
2024-08-08,84.71843341999632,86.02688037819,84.25430279056945,85.79481506347656,5935200,0.0,0.0,0.0,XLY
2024-08-09,85.78000135024324,86.48113211548255,85.56769044702445,86.08119201660156,6379600,0.0,0.0,0.0,XLY
2024-08-12,86.24906814660312,86.24906814660312,85.21712262261025,85.7405014038086,4929800,0.0,0.0,0.0,XLY
2024-08-13,86.14045534462844,87.96734637770085,85.97257300693897,87.88834381103516,5847000,0.0,0.0,0.0,XLY
2024-08-14,87.87846164283536,88.14509340674644,87.06870421549998,87.41927337646484,4779800,0.0,0.0,0.0,XLY
2024-08-15,89.08321670019141,90.34229261611718,89.08321670019141,90.20897674560548,6288000,0.0,0.0,0.0,XLY
2024-08-16,89.78929736694626,90.79655366415466,89.78929736694626,90.42130279541016,4767800,0.0,0.0,0.0,XLY
2024-08-19,90.65335912403596,91.5816127671212,90.56447936698096,91.53224182128906,4570000,0.0,0.0,0.0,XLY
2024-08-20,91.54211791594622,91.986501664219,91.18167909626736,91.44831085205078,4679000,0.0,0.0,0.0,XLY
2024-08-21,92.19880864990402,92.79131275499104,91.99143258982848,92.60369110107422,4532200,0.0,0.0,0.0,XLY
2024-08-22,92.76663706428356,92.8555092954656,90.83605434544044,91.0039291381836,5709800,0.0,0.0,0.0,XLY
2024-08-23,91.7149307340138,92.86538002900872,91.70011869651546,92.76168823242188,6304200,0.0,0.0,0.0,XLY
2024-08-26,92.67282268654962,92.87032155682734,91.75443862497023,92.0408172607422,3211000,0.0,0.0,0.0,XLY
2024-08-27,91.81367830917208,91.9321821408658,91.17673810730182,91.79886627197266,3328200,0.0,0.0,0.0,XLY
2024-08-28,91.74455709933017,91.97168757013895,90.1842904817007,90.9101104736328,5668600,0.0,0.0,0.0,XLY
2024-08-29,91.70999887978152,92.1000617700776,90.93480039971766,91.01873779296876,4616000,0.0,0.0,0.0,XLY
2024-08-30,91.35449238019376,92.47531007159986,90.98911120720985,92.39137268066406,4672200,0.0,0.0,0.0,XLY
2024-09-03,92.12475801815596,92.55432222043552,90.7027419911626,91.1224365234375,9876400,0.0,0.0,0.0,XLY
2024-09-04,90.86566613453022,91.77417286732674,90.74716230821409,91.3594207763672,10007600,0.0,0.0,0.0,XLY
2024-09-05,91.78899284178884,93.0283219217998,91.70012061493948,92.39631652832033,7264200,0.0,0.0,0.0,XLY
2024-09-06,92.57406129557027,92.90981083850048,90.02135067971092,90.06084442138672,7714000,0.0,0.0,0.0,XLY
2024-09-09,91.00392106195451,91.7297410219234,90.7619860980304,91.37423706054688,4297400,0.0,0.0,0.0,XLY
2024-09-10,91.7297516518524,92.48026093885176,91.18168360905996,92.42100524902344,9424600,0.0,0.0,0.0,XLY
2024-09-11,92.282752682457,93.47270334686117,90.36204715365606,93.34432983398438,7511200,0.0,0.0,0.0,XLY
2024-09-12,93.33938423590575,94.44046263040252,93.23076513436716,94.3960189819336,4748600,0.0,0.0,0.0,XLY
2024-09-13,94.4799651425419,95.2749105132946,94.36146130191024,95.03790283203124,3926200,0.0,0.0,0.0,XLY
2024-09-16,94.98852321916748,95.19095690239824,94.36145269592582,94.8749542236328,3077200,0.0,0.0,0.0,XLY
2024-09-17,95.4378359629344,96.30190662740952,95.06258512949488,95.3588409423828,4307800,0.0,0.0,0.0,XLY
2024-09-18,95.4970911282662,96.80060313652956,95.05764977979364,95.17121124267578,6634600,0.0,0.0,0.0,XLY
2024-09-19,97.0079913907971,97.55605943672644,96.69198866826753,97.33880615234376,5865400,0.0,0.0,0.0,XLY
2024-09-20,97.16597861276924,97.26473557447324,96.39572252970764,97.11660766601562,5552400,0.0,0.0,0.0,XLY
2024-09-23,97.52480069925038,98.33622890242172,97.32194176104652,98.29664611816406,7271200,0.2025,0.0,0.0,XLY
2024-09-24,98.78151435061494,99.18228717901768,98.19768531480368,99.15754699707033,4059200,0.0,0.0,0.0,XLY
2024-09-25,98.8161655382676,99.0140719214426,98.50445581260462,98.80132293701172,3389800,0.0,0.0,0.0,XLY
2024-09-26,99.67706866794838,99.89476265758992,98.63309632247864,99.22187042236328,4266400,0.0,0.0,0.0,XLY
2024-09-27,99.59789940732476,99.77106558923283,99.08333077906072,99.37030029296876,3441800,0.0,0.0,0.0,XLY
2024-09-30,99.09818119101442,99.41483592966088,98.18779976111144,99.13776397705078,4572400,0.0,0.0,0.0,XLY
2024-10-01,99.0783867825517,99.1674423827968,97.45058539770542,98.73699188232422,8229000,0.0,0.0,0.0,XLY
2024-10-02,97.56932817677978,98.17295242282933,97.1685628682612,97.90082550048828,7482400,0.0,0.0,0.0,XLY
2024-10-03,97.0498163388784,97.42584902032004,96.37692409537908,96.7677993774414,7101400,0.0,0.0,0.0,XLY
2024-10-04,97.83650640775454,98.2768544838612,97.03496827117682,98.04925537109376,7828200,0.0,0.0,0.0,XLY
2024-10-07,97.32689830955536,97.32689830955536,96.17902016805284,96.52536010742188,5202000,0.0,0.0,0.0,XLY
2024-10-08,96.95581512944564,97.6237548022528,96.79748399092752,97.4654312133789,4733200,0.0,0.0,0.0,XLY
2024-10-09,97.78702269279474,98.36096169694731,97.3664622475904,98.16304779052734,5537400,0.0,0.0,0.0,XLY
2024-10-10,97.98494166667363,98.20264321694636,97.3912149702492,97.67818450927734,3259000,0.0,0.0,0.0,XLY
2024-10-11,96.69357920081956,97.653440976126,96.67873660014116,97.2625732421875,4991600,0.0,0.0,0.0,XLY
2024-10-14,97.4604883165883,97.85136363505902,97.05972296321208,97.6880874633789,3566600,0.0,0.0,0.0,XLY
2024-10-15,97.71776172984256,98.53908751376493,97.71776172984256,97.90082550048828,6855200,0.0,0.0,0.0,XLY
2024-10-16,97.99482955689275,98.44013019739474,97.86619117611332,98.41539001464844,4607000,0.0,0.0,0.0,XLY
2024-10-17,98.58856143411586,98.74689257239172,97.99978733146858,98.32633209228516,3488800,0.0,0.0,0.0,XLY
2024-10-18,98.53412339360366,98.97447143461557,98.14820073067833,98.71224212646484,3797000,0.0,0.0,0.0,XLY
2024-10-21,98.49455712351116,98.49455712351116,97.57427817828732,97.9453582763672,3304800,0.0,0.0,0.0,XLY
2024-10-22,97.19330016179192,97.9008225891948,96.93601584744364,97.5495376586914,3157600,0.0,0.0,0.0,XLY
2024-10-23,96.767804926679,96.99045149840116,95.5061309540604,96.0157470703125,4339000,0.0,0.0,0.0,XLY
2024-10-24,98.11357798331132,99.17733789546476,97.81671088940423,99.0437469482422,6991400,0.0,0.0,0.0,XLY
2024-10-25,99.22187016736092,100.2312122924289,98.98933357787882,99.35546112060548,5440000,0.0,0.0,0.0,XLY
2024-10-28,100.13720392858328,100.4785988364082,99.5434772648045,99.58800506591795,4102400,0.0,0.0,0.0,XLY
2024-10-29,98.76173954716076,99.27630067005931,98.45002982340183,99.06849670410156,4247000,0.0,0.0,0.0,XLY
2024-10-30,99.30599485888185,99.75128799957068,98.85079658441344,98.92996215820312,4879800,0.0,0.0,0.0,XLY
2024-10-31,98.70731373315044,98.92996029931136,97.35658418543936,97.41595458984376,6197400,0.0,0.0,0.0,XLY
2024-11-01,99.2070333986124,100.01846164997076,98.90522125666324,98.99922943115234,7607600,0.0,0.0,0.0,XLY
2024-11-04,98.58362390588586,99.47421775222936,98.41540272092232,98.6578369140625,4769200,0.0,0.0,0.0,XLY
2024-11-05,98.88048509136269,100.4340735494696,98.79636695429484,100.40438079833984,4424200,0.0,0.0,0.0,XLY
2024-11-06,102.6902316861626,103.69956620849914,101.87385095887797,103.6154556274414,9398600,0.0,0.0,0.0,XLY
2024-11-07,103.81832811651968,105.36697164268124,103.783690346454,104.9464111328125,8021000,0.0,0.0,0.0,XLY
2024-11-08,104.93156088310032,107.00466297893584,104.81776509623332,106.4356689453125,7785800,0.0,0.0,0.0,XLY
2024-11-11,108.10800668533236,109.04312827183756,107.61817821634612,108.58299255371094,9210000,0.0,0.0,0.0,XLY
2024-11-12,108.30591151034598,108.3207541107413,106.74737807168312,107.13330078125,10535200,0.0,0.0,0.0,XLY
2024-11-13,107.85566841484582,108.62256123209812,107.48458832276486,108.0486297607422,5883400,0.0,0.0,0.0,XLY
2024-11-14,107.8705135625993,108.30590908050112,106.42577594259473,106.51483154296876,4620200,0.0,0.0,0.0,XLY
2024-11-15,105.91615610062269,106.42577215032098,105.11957054387148,105.6044464111328,7824800,0.0,0.0,0.0,XLY
2024-11-18,106.87602217107478,107.3955358616129,105.8963727443979,106.57916259765624,4752200,0.0,0.0,0.0,XLY
2024-11-19,105.59455010541085,106.98486230924716,105.10472166595136,106.65831756591795,3935800,0.0,0.0,0.0,XLY
2024-11-20,106.3416567638076,106.410932296276,105.07999047305012,106.1882781982422,5979200,0.0,0.0,0.0,XLY
2024-11-21,106.50989558803576,106.6434789999621,105.55497878813183,106.37630462646484,5468400,0.0,0.0,0.0,XLY
2024-11-22,106.68305159183024,108.22179736252949,106.68305159183024,107.91009521484376,4550600,0.0,0.0,0.0,XLY
2024-11-25,109.19651440916464,109.97331245978604,108.95902523334534,109.0134506225586,7360400,0.0,0.0,0.0,XLY
2024-11-26,108.95901792569497,109.59727240216692,108.78584418536408,109.40926361083984,3979600,0.0,0.0,0.0,XLY
2024-11-27,109.61211721579784,109.76550334158634,108.60772762074706,108.86995697021484,3829000,0.0,0.0,0.0,XLY
2024-11-29,109.11239276485948,110.01288410433398,109.04806979785587,109.98814392089844,1771400,0.0,0.0,0.0,XLY
2024-12-02,110.76492674173082,111.21022736407892,110.55712280449244,110.947998046875,8134800,0.0,0.0,0.0,XLY
2024-12-03,110.7303006549136,110.9331595832242,110.26521239962348,110.8638916015625,7051400,0.0,0.0,0.0,XLY
2024-12-04,111.10138758354914,112.00187140057088,110.9826392292592,111.8930206298828,5539400,0.0,0.0,0.0,XLY
2024-12-05,112.00186644847456,113.31796567249847,111.952393631941,112.808349609375,7321000,0.0,0.0,0.0,XLY
2024-12-06,113.72863800478824,115.20801350057457,113.71874042080138,115.18327331542967,4889200,0.0,0.0,0.0,XLY
2024-12-09,115.84626077322824,116.55379076608662,114.40646815355387,114.81713104248048,6513800,0.0,0.0,0.0,XLY
2024-12-10,114.83692105041024,116.073854678486,114.6241645405665,115.00514221191406,7630800,0.0,0.0,0.0,XLY
2024-12-11,115.96005907828425,117.06340938381516,115.89574365909507,117.0238265991211,5734800,0.0,0.0,0.0,XLY
2024-12-12,116.96444324664408,117.09308917837085,115.9056283413104,116.05406188964844,4871800,0.0,0.0,0.0,XLY
2024-12-13,116.01943246786392,116.56367874930616,115.72751038593012,116.5142059326172,5382400,0.0,0.0,0.0,XLY
2024-12-16,117.11783249755932,118.17664743124604,116.89023337739384,118.092529296875,6013600,0.0,0.0,0.0,XLY
2024-12-17,118.62689157835,118.71100216734746,117.4839660019076,118.46361541748048,10221000,0.0,0.0,0.0,XLY
2024-12-18,117.52354354377498,118.88417060733032,112.66487191900318,113.12500762939452,14405000,0.0,0.0,0.0,XLY
2024-12-19,114.66870338855058,114.99525570974312,112.29874165063508,112.9716339111328,13205200,0.0,0.0,0.0,XLY
2024-12-20,113.0199966430664,116.25499725341795,112.75,114.45500183105467,10915800,0.0,0.0,0.0,XLY
2024-12-23,114.44499969482422,114.6999969482422,113.08999633789062,114.58499908447266,5922400,0.2165,0.0,0.0,XLY
2024-12-24,115.06999969482422,117.25,114.9749984741211,117.23500061035156,2552600,0.0,0.0,0.0,XLY
2024-12-26,116.98500061035156,117.2249984741211,116.28500366210938,116.8000030517578,4109600,0.0,0.0,0.0,XLY
2024-12-27,116.0250015258789,116.0250015258789,114.31500244140624,114.87000274658205,6097200,0.0,0.0,0.0,XLY
2024-12-30,113.125,113.75499725341795,112.31500244140624,113.0250015258789,5413000,0.0,0.0,0.0,XLY
2024-12-31,113.63999938964844,113.9749984741211,111.98500061035156,112.1750030517578,5250800,0.0,0.0,0.0,XLY
2025-01-02,112.22000122070312,112.55999755859376,109.99500274658205,110.6999969482422,9166400,0.0,0.0,0.0,XLY
2025-01-03,111.31999969482422,113.01000213623048,110.76000213623048,112.94000244140624,6501000,0.0,0.0,0.0,XLY
2025-01-06,114.16000366210938,114.24500274658205,112.7699966430664,113.38500213623048,6785400,0.0,0.0,0.0,XLY
2025-01-07,113.29000091552734,113.625,110.78500366210938,111.19000244140624,5554000,0.0,0.0,0.0,XLY
2025-01-08,111.1500015258789,111.94499969482422,110.58999633789062,111.50499725341795,5309200,0.0,0.0,0.0,XLY
2025-01-10,111.08000183105467,111.2699966430664,109.80999755859376,110.41000366210938,6869400,0.0,0.0,0.0,XLY
2025-01-13,109.56999969482422,111.0500030517578,109.1500015258789,111.03500366210938,5422000,0.0,0.0,0.0,XLY
2025-01-14,112.1500015258789,112.73500061035156,110.40499877929688,110.81999969482422,6762200,0.0,0.0,0.0,XLY
2025-01-15,113.375,113.73500061035156,112.58999633789062,113.63999938964844,6197400,0.0,0.0,0.0,XLY
2025-01-16,113.44499969482422,113.44499969482422,112.5749969482422,113.0250015258789,4851800,0.0,0.0,0.0,XLY
2025-01-17,114.51499938964844,115.33000183105467,114.33000183105467,114.61000061035156,3884600,0.0,0.0,0.0,XLY
2025-01-21,115.6449966430664,115.75,114.18499755859376,115.4499969482422,6036600,0.0,0.0,0.0,XLY
2025-01-22,115.20500183105467,115.69499969482422,114.81999969482422,115.01499938964844,4948800,0.0,0.0,0.0,XLY
2025-01-23,114.84500122070312,115.70999908447266,114.54000091552734,115.70999908447266,3888800,0.0,0.0,0.0,XLY
2025-01-24,115.73500061035156,115.8550033569336,114.78500366210938,115.00499725341795,3543400,0.0,0.0,0.0,XLY
2025-01-27,113.27999877929688,115.70999908447266,113.2750015258789,115.66000366210938,7069800,0.0,0.0,0.0,XLY
2025-01-28,115.3249969482422,116.12000274658205,114.7750015258789,115.8000030517578,5211000,0.0,0.0,0.0,XLY
2025-01-29,115.8949966430664,116.25,115.08999633789062,115.47000122070312,6538000,0.0,0.0,0.0,XLY
2025-01-30,117.00499725341795,117.28500366210938,115.7249984741211,116.5999984741211,5386400,0.0,0.0,0.0,XLY
2025-01-31,116.74500274658205,117.9250030517578,115.86000061035156,116.08499908447266,5092600,0.0,0.0,0.0,XLY
2025-02-03,113.56999969482422,115.04499816894533,112.6050033569336,114.5500030517578,7460000,0.0,0.0,0.0,XLY
2025-02-04,114.62000274658205,116.01499938964844,114.6050033569336,115.9000015258789,3987000,0.0,0.0,0.0,XLY
2025-02-05,115.15499877929688,115.44000244140624,114.31500244140624,114.58499908447266,5902800,0.0,0.0,0.0,XLY
2025-02-06,114.91000366210938,115.34500122070312,114.33499908447266,115.04000091552734,6045800,0.0,0.0,0.0,XLY
2025-02-07,114.26000213623048,115.12999725341795,112.6999969482422,112.79000091552734,5536400,0.0,0.0,0.0,XLY
2025-02-10,113.23999786376952,113.78500366210938,112.72000122070312,113.1750030517578,5963800,0.0,0.0,0.0,XLY
2025-02-11,112.45500183105467,112.7699966430664,111.61499786376952,111.88999938964844,5538200,0.0,0.0,0.0,XLY
2025-02-12,111.05500030517578,112.4499969482422,110.76000213623048,111.87000274658205,7903000,0.0,0.0,0.0,XLY
2025-02-13,112.59500122070312,113.66500091552734,112.3949966430664,113.5500030517578,6484400,0.0,0.0,0.0,XLY
2025-02-14,114.36000061035156,114.45999908447266,113.11000061035156,113.5,3425600,0.0,0.0,0.0,XLY
2025-02-18,113.47000122070312,113.62000274658205,112.45999908447266,113.18499755859376,7567200,0.0,0.0,0.0,XLY
2025-02-19,112.66000366210938,113.18000030517578,112.44000244140624,113.12000274658205,3996400,0.0,0.0,0.0,XLY
2025-02-20,112.80999755859376,112.80999755859376,111.28500366210938,112.1449966430664,4732400,0.0,0.0,0.0,XLY
2025-02-21,112.41000366210938,112.44499969482422,108.76000213623048,109.19499969482422,9043000,0.0,0.0,0.0,XLY
2025-02-24,109.68499755859376,109.84500122070312,108.33000183105467,108.78500366210938,5953400,0.0,0.0,0.0,XLY
2025-02-25,108.7249984741211,108.9749984741211,106.70500183105467,108.21499633789062,8006400,0.0,0.0,0.0,XLY
2025-02-26,108.94499969482422,109.55500030517578,107.54000091552734,107.7699966430664,6143600,0.0,0.0,0.0,XLY
2025-02-27,108.2699966430664,108.56999969482422,106.12999725341795,106.21499633789062,6799000,0.0,0.0,0.0,XLY
2025-02-28,106.25499725341795,108.0500030517578,105.83000183105467,107.9800033569336,7696400,0.0,0.0,0.0,XLY
2025-03-03,108.61000061035156,109.18499755859376,104.86000061035156,105.98999786376952,10983600,0.0,0.0,0.0,XLY
2025-03-04,104.18499755859376,105.93000030517578,102.74500274658205,104.12000274658205,13842600,0.0,0.0,0.0,XLY
2025-03-05,104.19499969482422,105.8949966430664,103.73500061035156,105.70500183105467,10128200,0.0,0.0,0.0,XLY
2025-03-06,104.13999938964844,104.8949966430664,102.56999969482422,103.0250015258789,9755400,0.0,0.0,0.0,XLY
2025-03-07,102.38999938964844,103.125,100.13500213623048,102.83499908447266,9798800,0.0,0.0,0.0,XLY
2025-03-10,101.47000122070312,101.61000061035156,98.29000091552734,99.16500091552734,14412600,0.0,0.0,0.0,XLY
2025-03-11,99.11000061035156,99.95999908447266,97.19499969482422,98.19499969482422,14379600,0.0,0.0,0.0,XLY
2025-03-12,99.8949966430664,99.99500274658205,97.55999755859376,98.76499938964844,8548200,0.0,0.0,0.0,XLY
2025-03-13,98.61499786376952,98.61499786376952,95.84500122070312,96.3000030517578,9992800,0.0,0.0,0.0,XLY
2025-03-14,97.7750015258789,98.45500183105467,96.9250030517578,98.3499984741211,6295600,0.0,0.0,0.0,XLY
2025-03-17,98.36000061035156,99.06500244140624,97.65499877929688,98.50499725341795,6053200,0.0,0.0,0.0,XLY
2025-03-18,97.58499908447266,97.58999633789062,96.3499984741211,96.75,8246200,0.0,0.0,0.0,XLY
2025-03-19,97.4250030517578,99.16500091552734,97.19000244140624,98.6050033569336,9831400,0.0,0.0,0.0,XLY
2025-03-20,97.87999725341795,99.62999725341795,97.8000030517578,98.37000274658205,8586400,0.0,0.0,0.0,XLY
2025-03-21,97.19499969482422,98.77999877929688,96.69000244140624,98.7249984741211,9794800,0.0,0.0,0.0,XLY
2025-03-24,99.875,102.23500061035156,99.875,102.1449966430664,8567600,0.271,0.0,0.0,XLY
2025-03-25,102.38999938964844,103.0199966430664,101.7750015258789,102.95999908447266,7421400,0.0,0.0,0.0,XLY
2025-03-26,102.73999786376952,102.96499633789062,101.02999877929688,101.61499786376952,6187000,0.0,0.0,0.0,XLY
2025-03-27,101.29499816894533,103.21499633789062,101.04000091552734,101.68000030517578,6736800,0.0,0.0,0.0,XLY
2025-03-28,101.09500122070312,101.25499725341795,98.2249984741211,98.5199966430664,9886600,0.0,0.0,0.0,XLY
2025-03-31,96.59500122070312,99.06500244140624,95.90499877929688,98.7300033569336,10221000,0.0,0.0,0.0,XLY
2025-04-01,98.6050033569336,100.56500244140624,98.06999969482422,99.76000213623048,11097400,0.0,0.0,0.0,XLY
2025-04-02,97.96499633789062,102.24500274658205,97.87999725341795,101.65499877929688,9356000,0.0,0.0,0.0,XLY
2025-04-03,96.13999938964844,97.46499633789062,95.06500244140624,95.51499938964844,13795600,0.0,0.0,0.0,XLY
2025-04-04,92.30999755859376,94.6750030517578,90.84500122070312,91.3949966430664,25286000,0.0,0.0,0.0,XLY
2025-04-07,87.92500305175781,94.61000061035156,86.55000305175781,90.31500244140624,41234000,0.0,0.0,0.0,XLY
2025-04-08,93.72000122070312,94.2300033569336,86.9800033569336,88.16999816894531,17407400,0.0,0.0,0.0,XLY
2025-04-09,88.0199966430664,98.0749969482422,87.875,97.7699966430664,29318600,0.0,0.0,0.0,XLY
2025-04-10,95.41500091552734,95.4749984741211,90.9000015258789,93.9499969482422,16600400,0.0,0.0,0.0,XLY
2025-04-11,93.74500274658205,95.0500030517578,92.06999969482422,94.86000061035156,8266800,0.0,0.0,0.0,XLY
2025-04-14,96.2750015258789,96.78500366210938,93.86000061035156,95.13500213623048,7720600,0.0,0.0,0.0,XLY
2025-04-15,94.9800033569336,95.7750015258789,93.91500091552734,94.4499969482422,6676400,0.0,0.0,0.0,XLY
2025-04-16,93.54000091552734,94.2699966430664,90.94000244140624,92.12000274658205,8579600,0.0,0.0,0.0,XLY
2025-04-17,92.65499877929688,93.3000030517578,91.9000015258789,92.6999969482422,7623600,0.0,0.0,0.0,XLY
2025-04-21,91.36499786376952,91.4749984741211,88.98500061035156,90.2249984741211,9802000,0.0,0.0,0.0,XLY
2025-04-22,91.26000213623048,93.9749984741211,91.25,93.08000183105467,8564800,0.0,0.0,0.0,XLY
2025-04-23,96.44000244140624,97.4749984741211,94.93499755859376,95.16000366210938,8957400,0.0,0.0,0.0,XLY
2025-04-24,95.1500015258789,97.1500015258789,94.91500091552734,97.05500030517578,5341200,0.0,0.0,0.0,XLY
2025-04-25,97.0500030517578,98.86499786376952,96.80999755859376,98.8000030517578,5968800,0.0,0.0,0.0,XLY
2025-04-28,99.18499755859376,99.9499969482422,97.45999908447266,98.83499908447266,5562000,0.0,0.0,0.0,XLY
2025-04-29,98.08000183105467,99.66999816894533,97.96499633789062,99.53500366210938,5136600,0.0,0.0,0.0,XLY
2025-04-30,97.0999984741211,98.90499877929688,95.81500244140624,98.62999725341795,5881800,0.0,0.0,0.0,XLY
2025-05-01,99.125,100.47000122070312,98.95999908447266,99.1750030517578,7359000,0.0,0.0,0.0,XLY
2025-05-02,100.2249984741211,101.29000091552734,99.56999969482422,100.71499633789062,7457000,0.0,0.0,0.0,XLY
2025-05-05,99.90499877929688,100.2249984741211,99.31500244140624,99.6449966430664,4677000,0.0,0.0,0.0,XLY
2025-05-06,98.43000030517578,99.5,98.33999633789062,98.7750015258789,4811200,0.0,0.0,0.0,XLY
2025-05-07,98.98500061035156,99.98999786376952,98.625,99.54499816894533,5359400,0.0,0.0,0.0,XLY
2025-05-08,100.50499725341795,101.76000213623048,99.86499786376952,100.72000122070312,6464400,0.0,0.0,0.0,XLY
2025-05-09,100.9800033569336,101.95999908447266,100.71499633789062,101.20500183105467,5159600,0.0,0.0,0.0,XLY
2025-05-12,106.58999633789062,106.5999984741211,105.19499969482422,106.23500061035156,9569400,0.0,0.0,0.0,XLY
2025-05-13,106.88500213623048,108.08999633789062,106.53500366210938,107.63999938964844,11431000,0.0,0.0,0.0,XLY
2025-05-14,107.91500091552734,108.58999633789062,107.6050033569336,108.05500030517578,7117000,0.0,0.0,0.0,XLY
2025-05-15,107.03500366210938,108.1050033569336,106.6999969482422,107.81500244140624,8393000,0.0,0.0,0.0,XLY
2025-05-16,108.18000030517578,108.91000366210938,107.88999938964844,108.83499908447266,5973200,0.0,0.0,0.0,XLY
2025-05-19,107.06500244140624,108.73999786376952,106.83999633789062,108.58000183105467,6935000,0.0,0.0,0.0,XLY
2025-05-20,108.77999877929688,109.08999633789062,107.5,108.01499938964844,7046800,0.0,0.0,0.0,XLY
2025-05-21,107.16000366210938,107.52999877929688,105.4000015258789,105.8249969482422,10325600,0.0,0.0,0.0,XLY
2025-05-22,105.63999938964844,107.06500244140624,105.36000061035156,106.27999877929688,8992400,0.0,0.0,0.0,XLY
2025-05-23,104.51000213623048,105.8000030517578,104.33999633789062,105.3249969482422,7497000,0.0,0.0,0.0,XLY
2025-05-27,106.51499938964844,108.5250015258789,106.51499938964844,108.43499755859376,7886800,0.0,0.0,0.0,XLY
2025-05-28,108.52999877929688,108.55999755859376,107.26000213623048,107.44000244140624,7542400,0.0,0.0,0.0,XLY
2025-05-29,108.5199966430664,108.58499908447266,106.93499755859376,107.48500061035156,8031600,0.0,0.0,0.0,XLY
2025-05-30,107.06999969482422,107.81500244140624,106.19000244140624,106.9000015258789,10233200,0.0,0.0,0.0,XLY
2025-06-02,106.59500122070312,107.16500091552734,105.27999877929688,107.1500015258789,8783800,0.0,0.0,0.0,XLY
2025-06-03,107.24500274658205,108.61499786376952,107.22000122070312,107.72000122070312,7855400,0.0,0.0,0.0,XLY
2025-06-04,107.80999755859376,107.87000274658205,106.6500015258789,107.43499755859376,7581000,0.0,0.0,0.0,XLY
2025-06-05,107.16000366210938,107.71499633789062,103.8550033569336,104.7249984741211,12096600,0.0,0.0,0.0,XLY
2025-06-06,106.23999786376952,106.58499908447266,105.72000122070312,106.08499908447266,9948800,0.0,0.0,0.0,XLY
2025-06-09,105.72000122070312,107.13500213623048,105.12000274658205,106.93499755859376,10596400,0.0,0.0,0.0,XLY
2025-06-10,107.08999633789062,108.23500061035156,106.96499633789062,108.21499633789062,8594800,0.0,0.0,0.0,XLY
2025-06-11,108.84500122070312,108.88500213623048,106.95999908447266,107.36000061035156,6888600,0.0,0.0,0.0,XLY
2025-06-12,106.76499938964844,107.43499755859376,106.56999969482422,106.8550033569336,5413800,0.0,0.0,0.0,XLY
2025-06-13,105.48999786376952,107.0,105.36499786376952,105.87000274658205,10292200,0.0,0.0,0.0,XLY
2025-06-16,106.70500183105467,107.19000244140624,106.3949966430664,107.01000213623048,4764600,0.0,0.0,0.0,XLY
2025-06-17,106.41500091552734,106.6750030517578,104.97000122070312,105.16500091552734,8473200,0.0,0.0,0.0,XLY
2025-06-18,105.375,106.34500122070312,105.12000274658205,105.21499633789062,7405800,0.0,0.0,0.0,XLY
2025-06-20,106.13500213623048,106.37999725341795,104.80999755859376,105.33999633789062,9704800,0.0,0.0,0.0,XLY
2025-06-23,105.33000183105467,107.3949966430664,104.8550033569336,107.1999969482422,12557200,0.2235,0.0,0.0,XLY
2025-06-24,108.30500030517578,108.34500122070312,107.46499633789062,107.79499816894533,8652000,0.0,0.0,0.0,XLY
2025-06-25,108.13500213623048,108.16000366210938,106.08000183105467,106.5250015258789,9302000,0.0,0.0,0.0,XLY
2025-06-26,106.62000274658205,107.7300033569336,106.38999938964844,107.50499725341795,7543000,0.0,0.0,0.0,XLY
2025-06-27,108.02999877929688,109.30500030517578,107.79499816894533,109.29499816894533,8902000,0.0,0.0,0.0,XLY
2025-06-30,109.26000213623048,109.5,108.36499786376952,108.66500091552734,7003400,0.0,0.0,0.0,XLY
2025-07-01,107.62000274658205,109.58999633789062,107.36000061035156,109.12999725341795,13085400,0.0,0.0,0.0,XLY
2025-07-02,109.8249969482422,110.23999786376952,109.12999725341795,110.00499725341795,12436200,0.0,0.0,0.0,XLY
2025-07-03,110.5,110.91999816894533,110.20999908447266,110.6050033569336,6904800,0.0,0.0,0.0,XLY
2025-07-07,109.09500122070312,109.6500015258789,108.51000213623048,109.1999969482422,10081600,0.0,0.0,0.0,XLY
2025-07-08,109.4499969482422,109.65499877929688,108.74500274658205,108.83000183105467,6855000,0.0,0.0,0.0,XLY
2025-07-09,109.31500244140624,109.79000091552734,108.90499877929688,109.4749984741211,4864800,0.0,0.0,0.0,XLY
2025-07-10,109.70999908447266,110.95500183105467,109.59500122070312,110.68499755859376,7566000,0.0,0.0,0.0,XLY
2025-07-11,110.38999938964844,110.9499969482422,109.93499755859376,110.71499633789062,6690400,0.0,0.0,0.0,XLY
2025-07-14,110.73999786376952,111.16000366210938,110.41999816894533,111.125,7292200,0.0,0.0,0.0,XLY
2025-07-15,111.19499969482422,111.45999908447266,109.48999786376952,109.53500366210938,10133200,0.0,0.0,0.0,XLY
2025-07-16,109.7249984741211,109.96499633789062,108.73500061035156,109.73500061035156,13982600,0.0,0.0,0.0,XLY
2025-07-17,109.80999755859376,110.28500366210938,109.625,110.11000061035156,7742400,0.0,0.0,0.0,XLY
2025-07-18,110.66500091552734,111.13999938964844,110.5,111.08499908447266,11246400,0.0,0.0,0.0,XLY
2025-07-21,111.45999908447266,112.02999877929688,111.375,111.61000061035156,9807800,0.0,0.0,0.0,XLY
2025-07-22,111.96499633789062,112.9499969482422,111.6500015258789,112.73999786376952,10980000,0.0,0.0,0.0,XLY
2025-07-23,113.0,113.44499969482422,112.86499786376952,113.2750015258789,10083200,0.0,0.0,0.0,XLY
2025-07-24,111.76000213623048,112.41000366210938,111.16500091552734,111.4000015258789,15148400,0.0,0.0,0.0,XLY
2025-07-25,111.95999908447266,112.6050033569336,111.68000030517578,112.43499755859376,12268000,0.0,0.0,0.0,XLY
2025-07-28,112.87000274658205,113.66999816894533,112.51499938964844,113.08999633789062,11332600,0.0,0.0,0.0,XLY
2025-07-29,113.11000061035156,113.12999725341795,112.05999755859376,112.30999755859376,11012600,0.0,0.0,0.0,XLY
2025-07-30,112.4749984741211,112.68000030517578,110.9749984741211,111.5999984741211,13746000,0.0,0.0,0.0,XLY
2025-07-31,112.13999938964844,112.33000183105467,110.56500244140624,110.71499633789062,13728200,0.0,0.0,0.0,XLY
2025-08-01,108.26499938964844,108.6500015258789,107.375,108.04499816894533,22660400,0.0,0.0,0.0,XLY
2025-08-04,108.875,109.48500061035156,108.52999877929688,109.31500244140624,12640200,0.0,0.0,0.0,XLY
2025-08-05,109.4749984741211,110.1449966430664,109.13500213623048,109.45500183105467,11021600,0.0,0.0,0.0,XLY
2025-08-06,109.77999877929688,111.77999877929688,109.62999725341795,111.7300033569336,11728800,0.0,0.0,0.0,XLY
2025-08-07,112.01000213623048,112.5199966430664,110.75499725341795,111.69499969482422,12127600,0.0,0.0,0.0,XLY
2025-08-08,111.76499938964844,112.44000244140624,111.69499969482422,111.88999938964844,10108600,0.0,0.0,0.0,XLY
2025-08-11,112.16999816894533,112.75,111.98999786376952,112.18000030517578,9686400,0.0,0.0,0.0,XLY
2025-08-12,113.02999877929688,113.5,112.2300033569336,113.37000274658205,9791400,0.0,0.0,0.0,XLY
2025-08-13,113.79499816894533,115.08999633789062,113.6750030517578,114.9250030517578,12555400,0.0,0.0,0.0,XLY
2025-08-14,114.2699966430664,114.9800033569336,114.1500015258789,114.79499816894533,11244600,0.0,0.0,0.0,XLY
2025-08-15,115.3949966430664,115.51499938964844,114.11499786376952,114.5199966430664,9346800,0.0,0.0,0.0,XLY
2025-08-18,114.29000091552734,115.15499877929688,114.29000091552734,114.9800033569336,9293000,0.0,0.0,0.0,XLY
2025-08-19,115.0,116.02999877929688,114.66500091552734,114.9250030517578,11843000,0.0,0.0,0.0,XLY
2025-08-20,115.16500091552734,115.44000244140624,113.08999633789062,113.79000091552734,15303600,0.0,0.0,0.0,XLY
2025-08-21,113.2249984741211,113.41500091552734,112.4749984741211,113.11499786376952,10117000,0.0,0.0,0.0,XLY
2025-08-22,113.66999816894533,116.6050033569336,113.50499725341795,116.5500030517578,14933800,0.0,0.0,0.0,XLY
2025-08-25,116.12999725341795,116.75,115.8249969482422,116.31500244140624,9851400,0.0,0.0,0.0,XLY
2025-08-26,116.1500015258789,116.88500213623048,116.06500244140624,116.8499984741211,10809600,0.0,0.0,0.0,XLY
2025-08-27,116.84500122070312,117.26499938964844,116.7249984741211,116.875,8764400,0.0,0.0,0.0,XLY
2025-08-28,117.1050033569336,117.25499725341795,116.34500122070312,117.0749969482422,8211400,0.0,0.0,0.0,XLY
2025-08-29,117.06999969482422,117.25,115.56500244140624,115.87000274658205,11766000,0.0,0.0,0.0,XLY
2025-09-02,114.40499877929688,115.13999938964844,114.15499877929688,115.00499725341795,14705400,0.0,0.0,0.0,XLY
2025-09-03,115.23500061035156,116.11499786376952,114.95999908447266,115.47000122070312,13839000,0.0,0.0,0.0,XLY
2025-09-04,116.36000061035156,117.63500213623048,116.20999908447266,117.58000183105467,24662400,0.0,0.0,0.0,XLY
2025-09-05,118.1999969482422,118.93000030517578,117.12999725341795,117.55500030517578,30997000,0.0,0.0,0.0,XLY
2025-09-08,118.16500091552734,118.3499984741211,117.62000274658205,118.01000213623048,18769200,0.0,0.0,0.0,XLY
2025-09-09,117.9250030517578,117.97000122070312,117.06500244140624,117.84500122070312,13340200,0.0,0.0,0.0,XLY
2025-09-10,118.02999877929688,118.02999877929688,116.12999725341795,116.43499755859376,16330400,0.0,0.0,0.0,XLY
2025-09-11,116.90499877929688,118.77999877929688,116.75499725341795,118.6999969482422,16448800,0.0,0.0,0.0,XLY
2025-09-12,118.51499938964844,119.48999786376952,118.46499633789062,119.31500244140624,9002800,0.0,0.0,0.0,XLY
2025-09-15,121.22000122070312,121.38500213623048,119.75499725341795,120.3499984741211,13760200,0.0,0.0,0.0,XLY
2025-09-16,120.78500366210938,121.2300033569336,120.4250030517578,121.08999633789062,8687400,0.0,0.0,0.0,XLY
2025-09-17,121.01000213623048,121.6999969482422,119.5,120.78500366210938,15324000,0.0,0.0,0.0,XLY
2025-09-18,121.26499938964844,121.3249969482422,120.23999786376952,120.23999786376952,10819800,0.0,0.0,0.0,XLY
2025-09-19,120.87000274658205,121.23500061035156,120.4749984741211,120.69499969482422,12576200,0.0,0.0,0.0,XLY
2025-09-22,120.4000015258789,121.01000213623048,120.04000091552734,120.08999633789062,12283600,0.2125,0.0,0.0,XLY
2025-09-23,120.36499786376952,120.45500183105467,118.76000213623048,118.95999908447266,9696400,0.0,0.0,0.0,XLY
2025-09-24,119.49500274658205,120.01000213623048,119.11499786376952,119.8000030517578,9862000,0.0,0.0,0.0,XLY
2025-09-25,119.05500030517578,119.0999984741211,117.5749969482422,118.11000061035156,11590800,0.0,0.0,0.0,XLY
2025-09-26,118.6449966430664,119.9250030517578,118.23500061035156,119.8550033569336,9749400,0.0,0.0,0.0,XLY
2025-09-29,120.48500061035156,120.79499816894533,119.625,120.37999725341795,11244600,0.0,0.0,0.0,XLY
2025-09-30,120.26499938964844,120.375,118.87999725341795,119.81999969482422,12982000,0.0,0.0,0.0,XLY
2025-10-01,119.61499786376952,120.94000244140624,119.40499877929688,120.56999969482422,11258000,0.0,0.0,0.0,XLY
2025-10-02,121.16000366210938,121.3499984741211,119.625,119.6999969482422,13191400,0.0,0.0,0.0,XLY
2025-10-03,120.24500274658205,120.44499969482422,118.2699966430664,118.93000030517578,13934400,0.0,0.0,0.0,XLY
2025-10-06,119.7249984741211,120.12000274658205,118.5999984741211,119.9499969482422,10462800,0.0,0.0,0.0,XLY
2025-10-07,119.63500213623048,119.63999938964844,117.80999755859376,117.8499984741211,14624000,0.0,0.0,0.0,XLY
2025-10-08,118.36499786376952,118.55999755859376,117.16999816894533,118.1999969482422,7910200,0.0,0.0,0.0,XLY
2025-10-09,117.74500274658205,117.78500366210938,116.78500366210938,117.61000061035156,9757600,0.0,0.0,0.0,XLY
2025-10-10,117.66500091552734,118.20999908447266,114.33999633789062,114.375,17978200,0.0,0.0,0.0,XLY
2025-10-13,115.4250030517578,117.11000061035156,115.23500061035156,116.93000030517578,10860200,0.0,0.0,0.0,XLY
2025-10-14,115.38999938964844,117.83999633789062,114.91500091552734,117.1750030517578,12533600,0.0,0.0,0.0,XLY
2025-10-15,117.70999908447266,118.49500274658205,116.37999725341795,117.34500122070312,10836000,0.0,0.0,0.0,XLY
2025-10-16,117.43499755859376,117.76499938964844,115.33499908447266,116.20999908447266,13036800,0.0,0.0,0.0,XLY
2025-10-17,116.1500015258789,117.48999786376952,115.875,117.20999908447266,11769800,0.0,0.0,0.0,XLY
2025-10-20,117.75,118.28500366210938,117.58000183105467,118.13999938964844,8356400,0.0,0.0,0.0,XLY
2025-10-21,118.36499786376952,120.03500366210938,118.3000030517578,119.58499908447266,8674600,0.0,0.0,0.0,XLY
2025-10-22,119.3499984741211,119.43000030517578,117.98999786376952,118.6500015258789,12749600,0.0,0.0,0.0,XLY
2025-10-23,117.66500091552734,119.33499908447266,117.2750015258789,119.18499755859376,11286800,0.0,0.0,0.0,XLY
2025-10-24,119.62999725341795,119.91500091552734,118.70999908447266,118.83000183105467,6481600,0.0,0.0,0.0,XLY
2025-10-27,120.06999969482422,120.9749984741211,119.80999755859376,120.54000091552734,7407800,0.0,0.0,0.0,XLY
2025-10-28,120.36000061035156,121.45500183105467,119.94000244140624,120.56999969482422,8999400,0.0,0.0,0.0,XLY
2025-10-29,120.59500122070312,120.61499786376952,118.88999938964844,119.5749969482422,11064000,0.0,0.0,0.0,XLY
2025-10-30,117.73500061035156,118.65499877929688,116.86000061035156,116.875,11853400,0.0,0.0,0.0,XLY
2025-10-31,120.18499755859376,120.63500213623048,119.19499969482422,119.96499633789062,13414400,0.0,0.0,0.0,XLY
2025-11-03,121.20500183105467,121.49500274658205,120.76000213623048,121.08999633789062,10730800,0.0,0.0,0.0,XLY
2025-11-04,119.5500030517578,120.44499969482422,118.91500091552734,119.08000183105467,9312600,0.0,0.0,0.0,XLY
2025-11-05,119.56500244140624,120.71499633789062,118.6449966430664,120.52999877929688,11716200,0.0,0.0,0.0,XLY
2025-11-06,119.875,120.03500366210938,117.12999725341795,117.74500274658205,14726000,0.0,0.0,0.0,XLY
2025-11-07,117.5,118.30999755859376,116.4250030517578,117.93000030517578,11502000,0.0,0.0,0.0,XLY
2025-11-10,119.09500122070312,119.66999816894533,118.61499786376952,119.4800033569336,10434800,0.0,0.0,0.0,XLY
2025-11-11,119.2750015258789,119.88500213623048,118.97000122070312,119.7750015258789,12775400,0.0,0.0,0.0,XLY
2025-11-12,120.125,120.25499725341795,118.66500091552734,118.97000122070312,9314200,0.0,0.0,0.0,XLY
2025-11-13,118.47000122070312,118.8550033569336,115.79000091552734,116.0,15268400,0.0,0.0,0.0,XLY
2025-11-14,114.6750030517578,116.51000213623048,114.29499816894533,115.44499969482422,14662200,0.0,0.0,0.0,XLY
2025-11-17,114.84500122070312,116.1449966430664,113.70999908447266,114.36000061035156,20233600,0.0,0.0,0.0,XLY
2025-11-18,113.0250015258789,113.62000274658205,112.0749969482422,112.25,27057400,0.0,0.0,0.0,XLY
2025-11-19,113.11499786376952,113.11499786376952,111.66500091552734,112.25499725341795,15912200,0.0,0.0,0.0,XLY
2025-11-20,113.51499938964844,114.75,110.46499633789062,110.58000183105467,24924400,0.0,0.0,0.0,XLY
2025-11-21,111.31999969482422,113.84500122070312,110.9800033569336,112.75,19013200,0.0,0.0,0.0,XLY
2025-11-24,113.625,114.93499755859376,113.5,114.25499725341795,11181800,0.0,0.0,0.0,XLY
2025-11-25,114.3000030517578,116.88999938964844,114.08999633789062,116.6999969482422,10395400,0.0,0.0,0.0,XLY
2025-11-26,117.11000061035156,117.73999786376952,116.6500015258789,117.5,8122200,0.0,0.0,0.0,XLY
2025-11-28,117.7699966430664,118.4000015258789,117.7699966430664,118.2300033569336,4827200,0.0,0.0,0.0,XLY
2025-12-01,117.66000366210938,118.95999908447266,117.61499786376952,118.3000030517578,11579800,0.0,0.0,0.0,XLY
2025-12-02,118.58499908447266,118.66500091552734,117.48500061035156,118.22000122070312,11105800,0.0,0.0,0.0,XLY
2025-12-03,118.23500061035156,119.80999755859376,118.23500061035156,119.49500274658205,9369800,0.0,0.0,0.0,XLY
2025-12-04,119.66999816894533,119.79499816894533,118.3949966430664,119.06999969482422,11828800,0.0,0.0,0.0,XLY
2025-12-05,119.18000030517578,120.08999633789062,119.18000030517578,119.7300033569336,4556800,0.0,2.0,0.0,XLY
2025-12-08,119.25,119.36000061035156,117.75,117.98999786376952,6400100,0.0,0.0,0.0,XLY
2025-12-09,117.51000213623048,118.48999786376952,117.33000183105467,117.9800033569336,5153900,0.0,0.0,0.0,XLY
2025-12-10,118.12000274658205,120.27999877929688,118.11000061035156,119.70999908447266,9440800,0.0,0.0,0.0,XLY
2025-12-11,119.72000122070312,120.36000061035156,119.51000213623048,120.18000030517578,5863400,0.0,0.0,0.0,XLY
2025-12-12,120.51000213623048,121.36000061035156,119.66000366210938,120.6999969482422,7865600,0.0,0.0,0.0,XLY
2025-12-15,121.72000122070312,122.4000015258789,121.22000122070312,121.7300033569336,12137500,0.0,0.0,0.0,XLY
2025-12-16,121.66000366210938,122.22000122070312,121.05999755859376,121.93000030517578,12052000,0.0,0.0,0.0,XLY
2025-12-17,122.02999877929688,122.6500015258789,120.5199966430664,120.5199966430664,10597600,0.0,0.0,0.0,XLY
2025-12-18,122.22000122070312,123.62999725341795,122.08000183105467,122.33999633789062,11598200,0.0,0.0,0.0,XLY
2025-12-19,122.37000274658205,122.41999816894533,121.73999786376952,121.8499984741211,9728700,0.0,0.0,0.0,XLY
2025-12-22,122.36000061035156,122.81999969482422,122.08999633789062,122.33999633789062,8073400,0.241,0.0,0.0,XLY
2025-12-23,122.2699966430664,122.6500015258789,121.88999938964844,122.16999816894533,9766400,0.0,0.0,0.0,XLY
2025-12-24,122.27999877929688,122.62999725341795,121.93000030517578,122.58999633789062,2250000,0.0,0.0,0.0,XLY
2025-12-26,122.43000030517578,122.77999877929688,121.87999725341795,122.0500030517578,4197000,0.0,0.0,0.0,XLY
2025-12-29,121.55999755859376,121.55999755859376,120.70999908447266,120.8499984741211,6535400,0.0,0.0,0.0,XLY
2025-12-30,120.61000061035156,120.77999877929688,120.2699966430664,120.36000061035156,4180500,0.0,0.0,0.0,XLY
2025-12-31,120.44000244140624,120.45999908447266,119.36000061035156,119.41000366210938,4356100,0.0,0.0,0.0,XLY
2026-01-02,120.08000183105467,120.12000274658205,117.70999908447266,118.3499984741211,16200700,0.0,0.0,0.0,XLY
2026-01-05,118.9499969482422,121.1500015258789,118.58999633789062,120.3000030517578,17653800,0.0,0.0,0.0,XLY
2026-01-06,119.52999877929688,121.26000213623048,119.44000244140624,121.06999969482422,17759400,0.0,0.0,0.0,XLY
2026-01-07,121.26000213623048,122.12999725341795,120.9000015258789,120.9000015258789,11327700,0.0,0.0,0.0,XLY
2026-01-08,120.58000183105467,123.13999938964844,120.4000015258789,122.91999816894533,12565400,0.0,0.0,0.0,XLY
2026-01-09,122.91999816894533,124.55999755859376,122.18000030517578,124.41000366210938,13817800,0.0,0.0,0.0,XLY
2026-01-12,123.87000274658205,125.01000213623048,123.33999633789062,124.5199966430664,8773100,0.0,0.0,0.0,XLY
2026-01-13,124.52999877929688,124.6999969482422,123.41999816894533,124.20999908447266,9033300,0.0,0.0,0.0,XLY
2026-01-14,123.38999938964844,123.41000366210938,121.63999938964844,122.25,10758100,0.0,0.0,0.0,XLY
2026-01-15,122.87000274658205,123.25,122.4000015258789,122.6999969482422,7447900,0.0,0.0,0.0,XLY
2026-01-16,122.76000213623048,123.04000091552734,121.87999725341795,122.3000030517578,7058700,0.0,0.0,0.0,XLY
2026-01-20,120.27999877929688,120.56999969482422,118.9000015258789,119.12000274658205,9720000,0.0,0.0,0.0,XLY
2026-01-21,119.41000366210938,121.9000015258789,119.41000366210938,121.4000015258789,11017600,0.0,0.0,0.0,XLY
2026-01-22,122.12999725341795,123.08000183105467,121.72000122070312,122.62000274658205,6594200,0.0,0.0,0.0,XLY
2026-01-23,122.4800033569336,123.38999938964844,122.2300033569336,123.12999725341795,6470900,0.0,0.0,0.0,XLY
2026-01-26,123.05999755859376,123.4000015258789,122.3000030517578,122.31999969482422,4812700,0.0,0.0,0.0,XLY
2026-01-27,122.73999786376952,122.91999816894533,121.81999969482422,122.69000244140624,4269700,0.0,0.0,0.0,XLY
2026-01-28,123.08999633789062,123.69000244140624,121.58999633789062,121.7699966430664,8732200,0.0,0.0,0.0,XLY
2026-01-29,122.47000122070312,122.5999984741211,120.41000366210938,121.19000244140624,12410400,0.0,0.0,0.0,XLY
2026-01-30,121.26000213623048,122.0,120.54000091552734,121.16999816894533,11706400,0.0,0.0,0.0,XLY
2026-02-02,120.73999786376952,122.41000366210938,120.12000274658205,121.97000122070312,8483000,0.0,0.0,0.0,XLY
2026-02-03,122.08000183105467,122.76000213623048,119.81999969482422,120.98999786376952,12467800,0.0,0.0,0.0,XLY
2026-02-04,121.0999984741211,121.54000091552734,119.3499984741211,120.0999984741211,13915400,0.0,0.0,0.0,XLY
2026-02-05,118.5500030517578,118.83000183105467,117.06999969482422,117.51000213623048,13290000,0.0,0.0,0.0,XLY
2026-02-06,115.69000244140624,118.16000366210938,115.4000015258789,117.98999786376952,20971100,0.0,0.0,0.0,XLY
2026-02-09,117.43000030517578,118.20999908447266,116.4000015258789,117.5500030517578,10975700,0.0,0.0,0.0,XLY
2026-02-10,117.76000213623048,119.22000122070312,117.6999969482422,118.33000183105467,9920700,0.0,0.0,0.0,XLY
2026-02-11,118.4499969482422,118.87999725341795,117.29000091552734,117.76000213623048,10214100,0.0,0.0,0.0,XLY
2026-02-12,118.41000366210938,119.1999969482422,115.83000183105467,116.12999725341795,16374300,0.0,0.0,0.0,XLY
2026-02-13,116.0,117.1500015258789,115.52999877929688,116.18000030517578,10836200,0.0,0.0,0.0,XLY
2026-02-17,115.9800033569336,116.31999969482422,114.43000030517578,116.04000091552734,9623000,0.0,0.0,0.0,XLY
2026-02-18,116.11000061035156,117.76000213623048,115.94000244140624,117.0199966430664,9719500,0.0,0.0,0.0,XLY
2026-02-19,116.33000183105467,116.5500030517578,115.58000183105467,116.23999786376952,9482400,0.0,0.0,0.0,XLY
2026-02-20,115.93000030517578,117.6500015258789,115.61000061035156,117.4499969482422,16652900,0.0,0.0,0.0,XLY
2026-02-23,116.63999938964844,116.7699966430664,113.86000061035156,114.98999786376952,14604800,0.0,0.0,0.0,XLY
2026-02-24,115.4000015258789,117.05999755859376,115.31999969482422,116.73999786376952,11320500,0.0,0.0,0.0,XLY
2026-02-25,116.9800033569336,117.58999633789062,116.51000213623048,117.08999633789062,8776100,0.0,0.0,0.0,XLY
2026-02-26,117.2300033569336,117.66000366210938,116.13999938964844,117.0500030517578,9560900,0.0,0.0,0.0,XLY
2026-02-27,116.01000213623048,116.94000244140624,115.6500015258789,116.86000061035156,9636200,0.0,0.0,0.0,XLY
2026-03-02,114.02999877929688,115.7300033569336,113.72000122070312,115.41999816894533,18205600,0.0,0.0,0.0,XLY
2026-03-03,113.0999984741211,114.7699966430664,111.80999755859376,114.36000061035156,20773100,0.0,0.0,0.0,XLY
2026-03-04,115.08999633789062,116.62999725341795,114.87999725341795,116.38999938964844,11496700,0.0,0.0,0.0,XLY
2026-03-05,115.91999816894533,117.08000183105467,115.5199966430664,116.5500030517578,14880400,0.0,0.0,0.0,XLY
2026-03-06,114.77999877929688,114.98999786376952,113.63999938964844,114.44000244140624,16348500,0.0,0.0,0.0,XLY
2026-03-09,112.94000244140624,114.93000030517578,110.98999786376952,114.58999633789062,16278500,0.0,0.0,0.0,XLY
2026-03-10,114.61000061035156,115.7300033569336,113.9499969482422,114.44000244140624,11784400,0.0,0.0,0.0,XLY
2026-03-11,114.83000183105467,115.6999969482422,113.56999969482422,114.13999938964844,10959300,0.0,0.0,0.0,XLY
2026-03-12,113.12000274658205,113.43000030517578,111.47000122070312,111.5199966430664,12088200,0.0,0.0,0.0,XLY
2026-03-13,112.16999816894533,112.48999786376952,110.72000122070312,110.86000061035156,11708600,0.0,0.0,0.0,XLY
2026-03-16,111.79000091552734,112.87000274658205,111.62000274658205,112.1999969482422,9307600,0.0,0.0,0.0,XLY
2026-03-17,112.77999877929688,113.6500015258789,112.72000122070312,113.18000030517578,6767000,0.0,0.0,0.0,XLY
2026-03-18,112.5,112.98999786376952,110.44000244140624,110.56999969482422,10979200,0.0,0.0,0.0,XLY
2026-03-19,109.62999725341795,110.33999633789062,108.87000274658205,109.6999969482422,12496400,0.0,0.0,0.0,XLY
2026-03-20,109.43000030517578,109.43000030517578,107.1449966430664,107.73999786376952,12269436,0.0,0.0,0.0,XLY
2026-03-23,109.77999877929688,111.4250030517578,109.58999633789062,110.12000274658205,14510305,0.0,0.0,0.0,XLY
2026-03-24,109.04000091552734,110.31500244140624,108.9499969482422,109.68000030517578,8986656,0.0,0.0,0.0,XLY
2026-03-25,111.16000366210938,111.91000366210938,110.0999984741211,110.7300033569336,8859875,0.0,0.0,0.0,XLY
2026-03-26,110.0500030517578,110.9000015258789,108.73999786376952,108.83000183105467,7981000,0.0,0.0,0.0,XLY
2026-03-27,108.30999755859376,108.30999755859376,105.4499969482422,105.68000030517578,10454700,0.0,0.0,0.0,XLY
2026-03-30,106.61000061035156,107.16999816894533,105.19000244140624,105.66000366210938,10191100,0.0,0.0,0.0,XLY
2026-03-31,107.2300033569336,109.41000366210938,106.70999908447266,108.9800033569336,19484400,0.0,0.0,0.0,XLY
2026-04-01,109.69000244140624,110.5,108.73999786376952,109.8000030517578,14467600,0.0,0.0,0.0,XLY
2026-04-02,107.45999908447266,109.52999877929688,107.0999984741211,108.1500015258789,9237236,0.0,0.0,0.0,XLY
2026-04-06,107.93000030517578,109.2300033569336,107.93000030517578,109.04000091552734,6908800,0.0,0.0,0.0,XLY
2026-04-07,108.11000061035156,108.18000030517578,106.4499969482422,107.7699966430664,8924900,0.0,0.0,0.0,XLY
2026-04-08,112.25,112.61000061035156,110.27999877929688,110.81999969482422,14442400,0.0,0.0,0.0,XLY
2026-04-09,110.81999969482422,112.88999938964844,110.4000015258789,112.73999786376952,6658700,0.0,0.0,0.0,XLY
2026-04-10,113.0,113.45999908447266,112.23999786376952,112.88999938964844,5606500,0.0,0.0,0.0,XLY
2026-04-13,112.33999633789062,113.9499969482422,112.0,113.91999816894533,5991100,0.0,0.0,0.0,XLY
2026-04-14,114.6500015258789,116.83000183105467,114.58000183105467,116.44000244140624,8127600,0.0,0.0,0.0,XLY
2026-04-15,116.52999877929688,118.44000244140624,116.1500015258789,118.18000030517578,8034700,0.0,0.0,0.0,XLY
2026-04-16,118.4000015258789,118.5500030517578,117.0999984741211,117.62999725341795,5671900,0.0,0.0,0.0,XLY
2026-04-17,119.69000244140625,121.8499984741211,119.45999908447266,120.41000366210938,9839500,0.0,0.0,0.0,XLY
